tree
version=v4
num_class=1
num_tree_per_iteration=1
label_index=0
max_feature_idx=237
objective=lambdarank
feature_names=behav_archetype_affinity_00 behav_archetype_affinity_01 behav_archetype_affinity_02 behav_archetype_affinity_03 behav_archetype_affinity_04 behav_archetype_affinity_05 behav_archetype_affinity_06 behav_archetype_affinity_07 behav_ctr_smoothed behav_dismiss_rate behav_impressions behav_save_rate behav_unique_travelers behav_visit_rate explicit_accessibility_stroller explicit_accessibility_wheelchair explicit_budget_ordinal explicit_days_remaining explicit_interest_adventurous explicit_interest_artsy explicit_interest_authentic explicit_interest_budget-friendly explicit_interest_cafe explicit_interest_cultural explicit_interest_entertainment explicit_interest_family-friendly explicit_interest_family_activity explicit_interest_foodie explicit_interest_hidden-gem explicit_interest_historic explicit_interest_historic_site explicit_interest_indoor explicit_interest_lively explicit_interest_local explicit_interest_luxury explicit_interest_museum explicit_interest_nature explicit_interest_nature_park explicit_interest_nightlife explicit_interest_outdoor explicit_interest_relaxing explicit_interest_religious_site explicit_interest_restaurant explicit_interest_romantic explicit_interest_shopping explicit_interest_touristy explicit_interest_trendy explicit_interest_viewpoint explicit_interest_wellness_spa explicit_mobility_car explicit_mobility_mixed explicit_mobility_public_transport explicit_mobility_walk explicit_pace_ordinal explicit_party_couple explicit_party_family_teens explicit_party_family_young_kids explicit_party_friends explicit_party_solo explicit_season_autumn explicit_season_spring explicit_season_summer explicit_season_winter explicit_touristiness_pref explicit_trip_duration_days geo_density_500m geo_dist_to_tourist_centroid_km geo_dist_to_transit_km geo_lat geo_lon implicit_breadth_categories implicit_category_dist_cafe implicit_category_dist_entertainment implicit_category_dist_family_activity implicit_category_dist_historic_site implicit_category_dist_museum implicit_category_dist_nature_park implicit_category_dist_nightlife implicit_category_dist_religious_site implicit_category_dist_restaurant implicit_category_dist_shopping implicit_category_dist_viewpoint implicit_category_dist_wellness_spa implicit_days_since_last_interaction implicit_days_since_last_interaction_was_missing implicit_interaction_count implicit_mean_localness implicit_mean_localness_was_missing implicit_mean_pop_pct implicit_mean_pop_pct_was_missing implicit_mean_price_level implicit_mean_price_level_was_missing implicit_taste_00 implicit_taste_01 implicit_taste_02 implicit_taste_03 implicit_taste_04 implicit_taste_05 implicit_taste_06 implicit_taste_07 implicit_taste_08 implicit_taste_09 implicit_taste_10 implicit_taste_11 implicit_taste_12 implicit_taste_13 implicit_taste_14 implicit_taste_15 implicit_taste_16 implicit_taste_17 implicit_taste_18 implicit_taste_19 implicit_taste_20 implicit_taste_21 implicit_taste_22 implicit_taste_23 implicit_taste_24 implicit_taste_25 implicit_taste_26 implicit_taste_27 implicit_taste_28 implicit_taste_29 implicit_taste_30 implicit_taste_31 implicit_taste_32 implicit_taste_33 implicit_taste_34 implicit_taste_35 implicit_taste_36 implicit_taste_37 implicit_taste_38 implicit_taste_39 implicit_taste_40 implicit_taste_41 implicit_taste_42 implicit_taste_43 implicit_taste_44 implicit_taste_45 implicit_taste_46 implicit_taste_47 implicit_taste_48 implicit_taste_49 implicit_taste_50 implicit_taste_51 implicit_taste_52 implicit_taste_53 implicit_taste_54 implicit_taste_55 implicit_taste_56 implicit_taste_57 implicit_taste_58 implicit_taste_59 implicit_taste_60 implicit_taste_61 implicit_taste_62 implicit_taste_63 interact_category_affinity interact_cos_taste_poi interact_interest_match interact_localness_gap interact_price_gap num_crowd_index num_expected_duration_min num_localness num_log_review_count num_open_hours_per_week num_pop_pct num_price_level num_rating_shrunk num_reservation_lead_days text_emb_00 text_emb_01 text_emb_02 text_emb_03 text_emb_04 text_emb_05 text_emb_06 text_emb_07 text_emb_08 text_emb_09 text_emb_10 text_emb_11 text_emb_12 text_emb_13 text_emb_14 text_emb_15 text_emb_16 text_emb_17 text_emb_18 text_emb_19 text_emb_20 text_emb_21 text_emb_22 text_emb_23 text_emb_24 text_emb_25 text_emb_26 text_emb_27 text_emb_28 text_emb_29 text_emb_30 text_emb_31 text_emb_32 text_emb_33 text_emb_34 text_emb_35 text_emb_36 text_emb_37 text_emb_38 text_emb_39 text_emb_40 text_emb_41 text_emb_42 text_emb_43 text_emb_44 text_emb_45 text_emb_46 text_emb_47 text_emb_48 text_emb_49 text_emb_50 text_emb_51 text_emb_52 text_emb_53 text_emb_54 text_emb_55 text_emb_56 text_emb_57 text_emb_58 text_emb_59 text_emb_60 text_emb_61 text_emb_62 text_emb_63 cat_category cat_indoor_outdoor cat_price_level cat_subcategory
feature_infos=[0:1] [0:1] [0:1] [0:1] [0:1] [0:1] [0:1] [0:1] [0.0055497223511338234:0.62498992681503296] [0:1] [0:6042] [0:0.5] [0:584] [0:1] [0:1] [0:1] [0:2] [1:164] [0:1] [0:1] [0:1] [0:1] [0:1] [0:1] [0:1] [0:1] [0:1] [0:1] [0:1] [0:1] [0:1] [0:1] [0:1] [0:1] [0:1] [0:1] [0:1] [0:1] [0:1] [0:1] [0:1] [0:1] [0:1] [0:1] [0:1] [0:1] [0:1] [0:1] [0:1] [0:1] [0:1] [0:1] [0:1] [0:2] [0:1] [0:1] [0:1] [0:1] [0:1] [0:1] [0:1] [0:1] [0:1] [-0.9655526876449585:1] [2:10] [0:116] [0.021191015839576721:21.412565231323242] [0.05207129567861557:15.534337997436523] [34.860679626464844:41.578414916992188] [2.0387704372406006:135.91542053222656] [1:12] [0:0.49019607901573181] [0:0.44999998807907104] [0:0.66666668653488159] [0:0.83333331346511841] [0:0.93103450536727905] [0:1] [0:0.6111111044883728] [0:0.46153846383094788] [0:0.81818181276321411] [0:0.72727274894714355] [0:0.66666668653488159] [0:0.25609755516052246] [1:164] none [2:151] [-1.7797163724899292:-0.26616141200065613] none [0.42279192805290222:0.95031058788299561] none [1:3.2241380214691162] none [0.59477716684341431:0.97488892078399658] [-0.43858450651168823:0.62415558099746704] [-0.31171634793281555:0.36904746294021606] [-0.42053014039993286:0.39036154747009277] [-0.34041944146156311:0.41415837407112122] [-0.25920736789703369:0.30391359329223633] [-0.2358517050743103:0.31770187616348267] [-0.29771414399147034:0.40380805730819702] [-0.36651107668876648:0.4388214647769928] [-0.30595335364341736:0.22217352688312531] [-0.20948196947574615:0.22131527960300446] [-0.24775315821170807:0.36996161937713623] [-0.2711048424243927:0.25207141041755676] [-0.28191685676574707:0.26110810041427612] [-0.20094713568687439:0.16626758873462677] [-0.16527366638183594:0.18616436421871185] [-0.16928394138813019:0.14132086932659149] [-0.20206160843372345:0.17175500094890594] [-0.19328296184539795:0.17563380300998688] [-0.14603090286254883:0.24440135061740875] [-0.13613225519657135:0.13954539597034454] [-0.16909117996692657:0.17941060662269592] [-0.13495446741580963:0.18130546808242798] [-0.15851303935050964:0.17463861405849457] [-0.17047809064388275:0.14725363254547119] [-0.15562349557876587:0.14453977346420288] [-0.14128944277763367:0.19179722666740417] [-0.19813212752342224:0.12314403057098389] [-0.14228041470050812:0.16201747953891754] [-0.13509683310985565:0.20208346843719482] [-0.13565665483474731:0.16597357392311096] [-0.11702318489551544:0.1132306382060051] [-0.11334942281246185:0.16350466012954712] [-0.1279589980840683:0.14252346754074097] [-0.13050307333469391:0.12186077237129211] [-0.13708750903606415:0.13468082249164581] [-0.11906753480434418:0.11088670045137405] [-0.13899222016334534:0.10267281532287598] [-0.1084619015455246:0.089178502559661865] [-0.11919090151786804:0.071580931544303894] [-0.11874961107969284:0.096414081752300262] [-0.11466296762228012:0.10284779220819473] [-0.095809221267700195:0.091158740222454071] [-0.10253777354955673:0.08225492388010025] [-0.10553955286741257:0.1180543377995491] [-0.12811583280563354:0.095268204808235168] [-0.10427157580852509:0.10017471760511398] [-0.092184342443943024:0.11072251945734024] [-0.12115511298179626:0.09478083997964859] [-0.092715971171855927:0.096345871686935425] [-0.086088024079799652:0.10565819591283798] [-0.10114496946334839:0.10056562721729279] [-0.13512273132801056:0.087142087519168854] [-0.073734365403652191:0.097973056137561798] [-0.10147803276777267:0.093480505049228668] [-0.086102209985256195:0.1023106575012207] [-0.11831405758857727:0.088953226804733276] [-0.10229801386594772:0.093699775636196136] [-0.090669639408588409:0.08360009640455246] [-0.11035910248756409:0.085057847201824188] [-0.099300086498260498:0.13352523744106293] [-0.085660234093666077:0.088212095201015472] [-0.10855717211961746:0.11362701654434204] [-0.072306267917156219:0.088762454688549042] [0:1] [0.014689238741993904:0.88764119148254395] [0:1] [1.3288994296090095e-06:3.1852610111236572] [0.5:2.5] [2.5485823154449463:5.3309640884399414] [15:300] [-2.2179117202758789:1.8724242448806763] [0.69314718246459961:8.0404472351074219] [36:105] [0.0020703934133052826:1] [1:4] [1.6120688915252686:4.5217084884643555] [0:14] [0.32416447997093201:0.65636014938354492] [-0.31660717725753784:0.71838390827178955] [-0.45795035362243652:0.68267017602920532] [-0.61014962196350098:0.50857901573181152] [-0.40947476029396057:0.52698755264282227] [-0.26005589962005615:0.79931795597076416] [-0.57793354988098145:0.46906685829162598] [-0.38699272274971008:0.5120316743850708] [-0.52089846134185791:0.51966255903244019] [-0.46495679020881653:0.4552294909954071] [-0.2977428138256073:0.44194278120994568] [-0.30275160074234009:0.55359691381454468] [-0.49580603837966919:0.5362810492515564] [-0.44251111149787903:0.46060755848884583] [-0.34212762117385864:0.36990499496459961] [-0.37616515159606934:0.3880174458026886] [-0.3147437572479248:0.3363058865070343] [-0.29219326376914978:0.39536005258560181] [-0.39982202649116516:0.31621810793876648] [-0.3834976851940155:0.41348108649253845] [-0.36725780367851257:0.3064713180065155] [-0.34936785697937012:0.38033422827720642] [-0.34510073065757751:0.38328292965888977] [-0.33057644963264465:0.33288359642028809] [-0.40244349837303162:0.37094253301620483] [-0.26097491383552551:0.40840733051300049] [-0.288188636302948:0.40808486938476562] [-0.31503972411155701:0.3266105055809021] [-0.31540456414222717:0.32317006587982178] [-0.29291972517967224:0.35593584179878235] [-0.31266158819198608:0.37510642409324646] [-0.33211511373519897:0.29312002658843994] [-0.31406748294830322:0.30381119251251221] [-0.2734890878200531:0.36704990267753601] [-0.34357258677482605:0.24741937220096588] [-0.26656851172447205:0.32804849743843079] [-0.20159848034381866:0.24319593608379364] [-0.28975421190261841:0.27648249268531799] [-0.33705943822860718:0.26798981428146362] [-0.32380011677742004:0.29791733622550964] [-0.25453466176986694:0.38841700553894043] [-0.30357715487480164:0.29289805889129639] [-0.29712143540382385:0.26045814156532288] [-0.25278228521347046:0.34213274717330933] [-0.33229947090148926:0.25091928243637085] [-0.22893556952476501:0.21988382935523987] [-0.23165377974510193:0.31832039356231689] [-0.20833024382591248:0.40913042426109314] [-0.26650699973106384:0.24067015945911407] [-0.29394838213920593:0.27541038393974304] [-0.27113410830497742:0.3310864269733429] [-0.24472339451313019:0.31705185770988464] [-0.24432000517845154:0.25000399351119995] [-0.24773885309696198:0.23663166165351868] [-0.23521457612514496:0.22563724219799042] [-0.21364669501781464:0.24460819363594055] [-0.21396258473396301:0.26981928944587708] [-0.22185257077217102:0.28129103779792786] [-0.23144182562828064:0.2175757884979248] [-0.27865231037139893:0.29086548089981079] [-0.22811342775821686:0.25541409850120544] [-0.27383169531822205:0.27264690399169922] [-0.23763503134250641:0.29348507523536682] [-0.17762419581413269:0.19497372210025787] -1:8:9:3:0:5:4:6:1:2:10:7:11 -1:0:2:1 -1:1:0:2:3 -1:52:15:26:46:18:47:4:31:45:8:33:48:28:11:16:22:37:13:35:17:5:27:41:19:21:40:44:7:12:20:2:6:3:36:24:0:50:54:32:25:10:38:51:39:9:23:14:29:49:42:34:43:1:30
tree_sizes=3517 3534 3542 3532 3494 3523 3542 3567 3551 3560 3529 3552 3515 3524 3550 3569 3536 3553 3559 3555 3537 3554 3559 3499 3507 3569 3555 3537 3536 3547 3536 3548 3555 3508 3507 3529 3534 3546 3523 3554 3516 3518 3547 3514 3503 3552 3501 3521 3516 3550 3512 3515 3548 3496 3508 3512 3528 3550 3506 3567 3523 3519 3502 3511 3509 3552 3523 3504 3544 3503 3550 3481 3556 3500 3545 3522 3516 3512 3525 3512 3524 3525 3513 3491 3510 3501 3504 3495 3506 3549 3537 3524 3503 3502 3501 3555 3519 3509 3481 3508 3517 3517 3525 3509 3535 3495 3504 3505 3525 3554 3505 3525 3515 3511 3511 3504 3488 3513 3526 3509 3506 3483 3506 3503 3500 3523 3526 3499 3486 3522 3517 3499 3500 3509 3488 3493 3510 3509 3527 3509 3499 3522 3512 3499 3500 3526 3501 3499 3515 3505 3497 3514 3522 3503 3511 3496 3510 3514 3506 3508 3512 3528 3505 3488 3512 3528 3533 3525 3521 3501 3536 3520 3498 3514 3504 3511 3508 3501 3489 3500 3515 3506 3507 3532 3485 3502 3496 3500 3500 3524 3517 3496 3524 3514 3526

Tree=0
num_leaves=31
num_cat=2
split_feature=156 156 168 237 10 12 8 160 237 6 156 163 10 196 135 148 100 99 156 71 65 168 92 156 183 17 156 0 170 156
split_gain=922.815 347.238 224.634 141.873 108.32 92.2077 95.8006 84.9561 73.5469 69.6426 58.9953 55.1664 41.9114 39.0763 61.1996 59.4682 50.1211 46.3217 38.4852 37.2783 33.1782 32.4769 39.6879 31.3592 31.3012 40.1596 31.0824 29.1121 27.8994 27.3145
threshold=1.0000000180025095e-35 0.097693528980016722 3.1163240671157841 0 23.500000000000004 19.500000000000004 0.10455491766333581 1.0000000000000002 1 0.040491802617907531 0.022347066551446918 0.41107055544853216 2.5000000000000004 -0.1454566419124603 0.022438909858465198 -0.018879428505897519 0.028017253614962104 0.17124977707862857 0.20483683049678805 0.068337485194206252 78.500000000000014 3.1908861398696904 0.92702856659889232 0.31726674735546118 0.11700888723134996 5.5000000000000009 0.30471627414226538 0.24921840429306033 0.55722075700759899 0.26209992170333868
decision_type=2 2 2 9 8 8 10 2 9 8 2 2 10 2 2 2 2 2 2 2 2 2 2 2 2 2 2 10 2 2
left_child=-1 3 5 9 12 -3 7 13 29 27 -5 -12 -4 14 15 16 -7 20 -6 -16 -17 22 -11 -8 -23 -26 28 -2 -15 -9
right_child=1 2 4 10 18 6 23 8 -10 21 11 -13 -14 26 19 17 -18 -19 -20 -21 -22 24 -24 -25 25 -27 -28 -29 -30 -31
leaf_value=-0.19663089184459173 -0.1368187466170567 -0.086575202819464236 -0.16789437768324067 0.022124784870150335 0.13781580036194127 0.15753998776813313 0.11185977885012917 -0.11255969559738972 0.086341272588087409 -0.04621563893307442 0.11185727302489373 0.016960191045684535 0.056659934697504924 0.10217214903558076 0.16016136311885606 0.10093411038185862 -0.067475320431232277 0.14889653541043588 0.16307982030758034 -0.068754592944054435 -0.16143098830222585 0.073791448584427807 0.10151999579941701 0.15965815492665625 -0.16043578379150186 0.092330823770396531 0.1520557007245571 0.0090046925838817727 -0.031492213942412466 -0.0037674924299534347
leaf_weight=94.912573794529635 36.163160635872146 26.570900819262761 9.7414469055379396 99.199003111318689 995.33126757645095 30.441813705787354 334.6287935467185 38.468811905801886 65.841104179503191 74.063868362585708 730.48861551038817 66.866239675227007 56.630526934995828 144.78290335696875 55.540467413971783 5.6620414544959194 14.669319763626843 7.5394169828505246 1529.5372308318551 8.1588442144711717 32.40736019074393 186.58783565510271 24.101136886253698 232.71297959197273 13.727101474223675 11.595003566220837 140.05937801641721 22.030829007017928 17.503677178028738 57.682718668726011
leaf_count=22552 6868 11039 7381 9779 44684 191 14377 2422 6432 6379 36471 16060 14034 9039 131 316 199 21 50564 53 150 19672 1128 7128 854 369 4795 4128 1293 2713
internal_value=0 0.118089 0.133181 0.0726984 0.149806 0.0976587 0.101786 0.0745724 0.0123516 0.0182708 0.093805 0.103899 0.023702 0.0966391 0.055712 0.00295988 0.0843691 -0.077561 0.15312 0.130841 -0.12241 0.037606 -0.00994409 0.131466 0.0596331 -0.0446938 0.117542 -0.0816135 0.0877556 -0.0428384
internal_weight=0 5068.73 3803.91 1264.82 2591.24 1212.67 1186.1 618.758 161.993 368.269 896.554 797.355 66.372 456.765 154.419 90.72 45.1111 45.6088 2524.87 63.6993 38.0694 310.075 98.165 567.342 211.91 25.3221 302.346 58.194 162.287 96.1515
internal_count=301222 278670 176962 101708 116663 60299 49260 27755 11567 39398 62310 52531 21415 16188 1061 877 390 487 95248 184 466 28402 7507 21505 20895 1223 15127 10996 10332 5135
cat_boundaries=0 2 4
cat_threshold=2215481626 1650955 2169802768 1704723
is_linear=0
shrinkage=0.1


Tree=1
num_leaves=31
num_cat=3
split_feature=156 13 163 92 237 156 237 237 63 220 163 8 86 13 13 160 149 195 138 176 115 166 86 64 156 219 197 160 105 188
split_gain=633.372 369.344 208.561 177.115 138.649 133.863 98.4063 95.4866 62.7991 64.6083 59.4569 64.9419 53.1576 51.9853 48.495 44.498 41.8511 49.2216 101.744 73.152 42.5038 41.7561 41.0072 39.7913 37.1601 44.1658 46.427 36.899 50.9259 35.7605
threshold=0.16749174892902377 0.012364266440272333 -0.41336852312088007 0.9210534691810609 0 0.051836095750331886 1 2 0.23049009591341021 0.01115949032828212 0.19967179000377658 0.24808456003665927 -0.8953021466732024 0.035225184634327895 0.0092025403864681738 1.0000000000000002 -0.021110365167260167 0.032877320423722274 -0.020955218933522698 0.049153486266732223 -0.050628425553441041 0.87538927793502819 -1.060819625854492 6.5000000000000009 0.26209992170333868 0.076537806540727629 -0.097095549106597887 1.0000000000000002 0.10490912571549417 0.23392001539468768
decision_type=2 8 2 2 9 2 9 9 2 2 2 10 2 10 8 2 2 2 2 2 2 2 2 2 2 2 2 2 2 2
left_child=3 7 15 5 8 -1 21 -2 -4 -10 16 22 27 -11 -8 29 17 -6 20 -20 -19 -7 -12 -22 25 -17 -27 -9 -29 -3
right_child=1 2 4 -5 10 6 14 12 9 13 11 -13 -14 -15 -16 24 -18 18 19 -21 23 -23 -24 -25 -26 26 -28 28 -30 -31
leaf_value=-0.038008737473919613 -0.035542373216720102 0.14285121148846797 0.081833181383253073 0.093843666061927525 0.12458544613026333 -0.016697884674834306 -0.048539721120133286 0.054661416506711281 0.061387145384222658 0.014336166415100098 -0.04518802266702332 0.11767549876901767 0.092823558021464414 -0.16678616388425854 0.080974664828440554 0.11022893506573694 0.12927662632087089 -0.16552904317401868 0.12501158043003946 -0.14041796435253467 0.12385911987799028 0.057198521769451664 0.074663225142156273 -0.10446975142765079 0.13061481426322538 -0.19509631313725351 0.055133291813724665 -0.089688741145549311 0.11180742591218168 0.059973989214756732
leaf_weight=240.95236491500782 136.34049020088605 3166.3097988239097 831.01465826088679 641.27857920895167 258.96381794241825 261.27390513957289 30.643089677578246 115.48075745003371 116.36805683437524 36.990828106168919 30.576954854281212 546.60035843802416 230.06026025618121 27.722935215384496 511.43402320061978 464.04198000357792 2039.9505521540395 5.7863433232705566 14.584121915479043 36.045749729892123 134.79855022049742 108.10617132858351 430.21340735532522 8.0905883275263459 1484.8271393866271 8.6235699102107883 52.892780635085728 49.715562165431038 16.775520015700749 52.933844422659604
leaf_count=58808 11794 16299 11697 46951 2448 30373 8999 5225 1838 789 1785 8739 12174 594 28164 4492 16363 42 241 361 466 6602 14001 48 6887 102 618 3582 432 179
internal_value=0 0.116111 0.120603 0.0517193 0.104865 0.0282784 0.045802 0.0362578 0.0695185 0.0168433 0.114545 0.0943635 0.0594364 -0.0632554 0.0723192 0.134199 0.123142 0.0958341 0.0584767 -0.06396 0.100171 0.00479939 0.0667102 0.110931 0.122526 0.0996741 0.0200553 0.0204924 -0.0388518 0.141488
internal_weight=0 10295.7 9747.34 1793.69 4517.71 1152.41 911.457 548.373 1012.1 181.082 3505.61 1007.39 412.032 64.7138 542.077 5229.63 2498.22 458.269 199.305 50.6299 148.675 369.38 460.79 142.889 2010.39 525.558 61.5164 181.972 66.4911 3219.24
internal_count=301093 121196 87989 179897 59412 132946 74138 33207 14918 3221 44494 24525 21413 1383 37163 28577 19969 3606 1158 602 556 36975 15786 514 12099 5212 720 9239 4014 16478
cat_boundaries=0 2 4 6
cat_threshold=2726979078 1035919 2483520538 5854091 2693818791 5576824
is_linear=0
shrinkage=0.1


Tree=2
num_leaves=31
num_cat=5
split_feature=157 157 237 157 166 237 166 13 157 234 93 163 237 10 10 7 157 157 79 160 93 181 209 4 123 2 237 116 215 195
split_gain=2426.67 613.454 257.547 249.093 213.562 151.831 149.088 148.905 133.755 112.043 80.9257 74.9014 69.5869 54.7404 51.2304 50.3915 48.4816 46.7492 44.3123 43.5218 37.5082 35.9319 35.3762 34.7237 34.5153 33.9134 33.5393 32.2868 31.6462 30.9193
threshold=0.49323970079422003 0.56416428089141857 0 0.41595722734928137 0.66701316833496105 1 0.69740900397300731 0.012364266440272333 0.62373504042625438 2 0.21159228682518008 -0.41336852312088007 3 134.50000000000003 126.50000000000001 0.13906469941139224 0.43779146671295172 0.6861170530319215 0.3706690520048142 1.0000000000000002 0.36510318517684942 -0.079100012779235826 0.080132890492677702 0.15034247189760211 0.027073946781456474 1.0000000180025095e-35 4 0.057571129873394973 -0.042977774515748017 -0.078619688749313341
decision_type=2 2 9 2 2 9 2 8 2 1 2 2 9 10 8 10 2 2 2 2 2 2 2 10 2 8 9 2 2 2
left_child=3 2 25 -1 12 -5 -7 26 9 15 -10 -11 29 -14 -6 -9 -8 20 -13 -18 -12 -16 23 -23 27 -2 -3 -17 -24 -4
right_child=1 7 4 5 14 6 16 8 10 11 17 18 13 -15 21 24 19 -19 -20 -21 -22 22 28 -25 -26 -27 -28 -29 -30 -31
leaf_value=-0.093720805331344692 -0.093238966154455094 -0.037363769208402314 0.037755899837650625 -0.043289986742749129 0.028405217542507175 -0.03781633215034208 -0.010456816719648843 -0.0066883798256325861 0.15591054547869146 0.13374387866689461 0.11220298609733337 0.11052119947992599 0.0085242654656923333 0.085997309704431479 0.12713065261618384 0.10593261720970493 0.081293631532974572 0.13955666567309011 0.053668952158852028 0.014479288311464972 0.039945598760545667 0.10500918538568926 -0.066295998962340313 0.022526716199925162 -0.029452055716593158 0.0024423514091848372 0.064741347368718116 -0.04534671703856518 0.06816949116871715 -0.036419066004834452
leaf_weight=351.80833859138511 42.182963104311057 57.675516172383141 89.191521844157251 495.18052900158546 91.913005892009096 261.37936629962132 103.16349206876475 92.425478743760323 2187.8697363380925 1852.5077402817988 253.73065924392722 514.71190150004259 136.2073657194378 276.02463187035028 518.35270604367179 187.62970135540309 389.95208729273872 484.35482388983655 186.87235383081133 129.99050531190369 100.212781690876 1092.2846713855324 21.549747538898373 53.540786779849441 25.235570373970404 304.0724666030419 52.4447535373547 15.255044454774177 93.192908673401689 151.91401730596772
leaf_count=58278 6707 10970 4639 47039 7121 31067 5382 1919 9182 6979 1759 10913 17264 5443 4162 1724 7875 2104 5670 5773 939 10058 691 856 395 12949 5553 244 1563 16105
internal_value=0 0.110803 0.0727706 -0.0186092 0.0836853 0.000543872 0.0252879 0.128964 0.131114 0.115667 0.145788 0.122725 0.0347958 0.0589686 0.101206 0.0539197 0.0521645 0.11937 0.0953782 0.0645894 0.0917446 0.104967 0.0958538 0.101155 0.0808394 -0.0089555 0.0137499 0.0945578 0.0429156 -0.00862211
internal_weight=0 8881.35 2870.43 1731.47 2524.17 1379.67 884.485 6010.93 5900.81 2874.64 3026.17 2554.09 653.338 412.232 1870.83 320.546 623.106 838.298 701.584 519.943 353.943 1778.92 1260.57 1145.83 228.12 346.255 110.12 202.885 114.743 241.106
internal_count=301323 145909 87558 155414 67902 97136 50097 58351 41828 27844 13984 23562 43451 22707 24451 4282 19030 4802 16583 13648 2698 17330 13168 10914 2363 19656 16523 1968 2254 20744
cat_boundaries=0 2 4 5 7 9
cat_threshold=2147615488 598799 3494102578 1041355 8 92032175 1179776 4042727460 5862442
is_linear=0
shrinkage=0.1


Tree=3
num_leaves=31
num_cat=2
split_feature=157 157 170 157 170 237 171 11 157 170 168 171 237 163 11 157 11 168 157 156 170 10 168 12 3 168 96 22 169 163
split_gain=2781.22 647.109 252.38 250.185 205.038 141.686 109.448 107.633 90.4612 115.202 87.1179 85.3952 68.8865 60.6839 54.2955 45.5659 45.3662 42.8874 46.2926 37.5567 37.1006 34.1108 32.8604 31.5127 29.5766 29.218 27.1633 34.469 35.1333 27.1505
threshold=0.5454775094985963 0.49323970079422003 0.52847653627395641 0.62373504042625438 0.52654576301574718 0 0.3453053236007691 0.014764040242880585 0.43779146671295172 0.4837751984596253 3.2870929241180424 0.45464123785495764 1 -0.65619859099388111 0.011935287155210974 0.6861170530319215 0.026966428384184841 3.7635895013809209 0.58793500065803539 0.35097050666809088 0.4856723845005036 134.50000000000003 3.0080720186233525 121.50000000000001 0.10050505027174951 3.9603996276855473 -0.12153063714504241 1.0000000180025095e-35 2.5000000000000004 0.24260135740041736
decision_type=2 2 2 2 2 9 2 8 2 2 2 2 9 2 8 2 10 2 2 2 2 10 2 8 8 2 2 2 2 2
left_child=1 8 5 4 6 -3 14 -6 -1 16 20 15 22 -13 -2 19 -10 18 -14 -5 -7 -4 -9 -12 -21 -8 27 28 -26 -16
right_child=3 2 21 11 7 10 25 12 9 -11 23 13 17 -15 29 -17 -18 -19 -20 24 -22 -23 -24 -25 26 -27 -28 -29 -30 -31
leaf_value=-0.10786196127126052 0.051035482535942527 -0.019306719427142193 -0.090961532887959717 0.14423333467149327 -0.05396310899419135 0.05847587848337036 -0.041535795390723801 0.012361677886207255 -0.042900473884560898 -0.084026356922902723 -0.0066559316988300012 0.11116312990732853 -0.036319629417146115 0.030259652993422731 0.1252106358168241 0.1574968209548484 0.041513228366831308 0.092404317583806544 0.045705382590771872 0.032068161303040625 -0.026508266714496201 -0.02106260141792448 0.092126642199194697 0.10078370030504272 0.12206350141663247 0.086315311775604392 0.12914474580016874 -0.010493053224459927 0.028886839201397781 0.0562140480119665
leaf_weight=412.55845821912226 114.00394129815686 193.64994204678806 101.77701333130244 1046.4860194858338 80.784684548809309 116.32792818282906 55.864639590101433 56.280282216888736 115.37636582131381 358.07555706564744 28.633817956302664 822.63844230494578 122.01687716272136 104.48873662471306 1481.5184806466859 781.2947605594527 142.05099058197811 81.403384846169502 157.77164765191264 37.810081633127993 91.992507196599036 222.31607484733104 627.41012804448837 585.9036742557073 236.08729186837445 26.285184600506909 1090.8596750216675 27.837164644734003 48.838711079384666 59.316032119881129
leaf_count=82601 6761 14507 20090 3338 11809 4755 3685 2367 14171 50523 4567 3633 5563 3710 9626 1730 8187 1534 3077 1683 7914 9461 9449 6803 1046 375 3642 229 276 3965
internal_value=0 -0.0119431 0.0338286 0.113284 0.0904901 0.0583281 0.112035 0.0572451 -0.0716298 -0.0473442 0.0759106 0.128833 0.0658431 0.102045 0.117628 0.13643 0.00367985 0.0277523 0.00993395 0.129814 0.0209476 -0.0430134 0.0843271 0.0957776 0.119345 -0.000627735 0.121696 0.0957157 0.106092 0.122555
internal_weight=0 2368.66 1340.6 7059 2862.66 1016.51 1736.99 1125.67 1028.06 615.503 822.858 4196.34 1044.88 927.127 1654.84 3269.21 257.427 361.192 279.789 2487.92 208.32 324.093 683.69 614.537 1441.43 82.1498 1403.62 312.763 284.926 1540.83
internal_count=301077 223579 68097 77498 58211 38546 24412 33799 155482 72881 24039 19287 21990 7343 20352 11944 22358 10174 8640 10214 12669 29551 11816 11370 6876 4060 5193 1551 1322 13591
cat_boundaries=0 2 4
cat_threshold=3263365928 4943759 524323296 319584
is_linear=0
shrinkage=0.1


Tree=4
num_leaves=31
num_cat=0
split_feature=13 13 10 12 13 10 160 167 12 86 66 186 160 13 173 204 116 90 86 86 66 204 115 6 86 164 168 195 107 171
split_gain=784.503 218.24 168.153 138.511 99.164 53.913 52.2467 53.474 41.6803 38.5532 36.9786 36.038 33.3228 31.6665 29.1154 28.517 36.0295 26.1739 45.725 25.6395 25.1919 24.5027 24.0118 21.8584 27.1497 39.9169 23.251 21.189 21.1637 21.0807
threshold=0.012364266440272333 0.048980407416820533 499.00000000000006 59.500000000000007 0.021574331447482113 145.50000000000003 1.0000000000000002 2.5000000000000004 380.00000000000006 -1.1543014049530027 6.393172264099122 -0.15603943169116971 1.0000000000000002 0.0072595521342009315 0.014684522058814766 -0.080734588205814348 0.01348598347976804 2.2967967987060551 -0.79820320010185231 -1.0855413675308225 9.2156176567077654 -0.030190045945346352 0.078888848423957839 0.11845116689801218 -0.82166236639022816 4.49422311782837 3.6724194288253789 0.13526775687932971 0.060543652623891837 0.1005845069885254
decision_type=8 10 8 10 10 10 2 2 10 2 2 2 2 10 2 2 2 2 2 2 2 2 2 8 2 2 2 2 2 2
left_child=13 2 4 -3 19 17 20 10 9 -5 11 -8 -7 -1 -9 16 -14 18 -6 -2 23 -13 -22 -4 25 26 -25 29 -11 -26
right_child=1 3 6 8 5 12 7 14 -10 28 -12 21 15 -15 -16 -17 -18 -19 -20 -21 22 -23 -24 24 27 -27 -28 -29 -30 -31
leaf_value=-0.096783436053617736 -0.040277049142912233 0.018732384245694053 0.11289411672587452 0.04409726282822319 -0.03353549239162875 0.08320023768293569 0.0066244631079208933 0.044368770393132209 0.13247854754088398 0.10977617786482233 -0.00033805579622902973 0.06279062509023757 -0.057409382024916182 -0.029970288231363169 -0.054381835653640201 0.062164366411001329 0.063702000999038971 0.075613332910183753 0.052742803669664856 0.021175633067691269 -0.040680117729297874 0.10035682786146392 0.15660770060057755 0.021211117416732192 0.12032133604712036 0.093821090378923389 0.1009984252475499 0.036353257869550439 0.080376490385684965 0.042856121202153458
leaf_weight=211.55889933814615 83.367689559003338 176.36995998610655 733.17584792914568 102.86894113669405 123.28296750178561 858.74577067366772 56.672692711290438 88.954968969512265 645.29089894265053 2236.6198796797908 55.573136425911798 248.30317341044429 49.135255299595883 106.72256740191369 44.940620385285001 489.99909839520114 49.118261651950888 79.02803702170786 122.42325172977871 365.7763707475824 23.914404850977007 577.32690960753825 8.3138419860915729 152.89609504266991 431.24970887204108 453.30172693321947 47.986575949325925 37.977019857324194 274.95389274053741 38.24483185147983
leaf_count=66586 3783 26110 9884 3765 16792 15605 1548 3526 4240 32788 3960 6338 1735 9863 2344 9945 1267 4927 9112 17561 2639 12817 149 8832 7850 6645 1338 1345 5798 1565
internal_value=0 0.0854771 0.0725939 0.105048 0.0517374 0.0623766 0.0880399 0.0703408 0.109718 0.1041 0.0787806 0.083764 0.0706403 -0.0743804 0.0112242 0.0523051 0.00313584 0.0255537 0.00945271 0.00976912 0.0978836 0.089059 0.0102137 0.0993747 0.0908419 0.0773772 0.0402706 0.108199 0.106558 0.114011
internal_weight=0 8655.81 5219.71 3436.1 2220.88 1771.73 2998.83 1071.77 3259.73 2614.44 937.876 882.303 1447 318.281 133.896 588.253 98.2535 324.734 245.706 449.144 1927.06 825.63 32.2282 1894.83 1161.66 654.184 200.883 507.472 2511.57 469.495
internal_count=300657 224208 151507 72701 80727 59383 70780 30533 46591 42351 24663 20703 28552 76449 5870 12947 3002 30831 25904 21344 40247 19155 2788 37459 27575 16815 10170 10760 38586 9415
is_linear=0
shrinkage=0.1


Tree=5
num_leaves=31
num_cat=0
split_feature=156 11 156 168 163 156 8 10 8 10 168 166 173 158 183 92 168 163 158 168 7 160 156 158 10 81 12 183 8 156
split_gain=1434.25 354.909 192.177 118.461 105.988 105.716 72.0575 62.2029 75.6835 55.3815 51.6999 41.743 33.1473 31.0812 31.6015 31.0117 29.0403 24.9758 25.5264 24.8223 22.1162 21.9795 21.9706 21.9341 20.9015 20.5142 24.0942 20.3326 20.0589 19.5228
threshold=0.097693528980016722 0.0088107436895370501 0.196574941277504 3.4835243225097661 0.24260135740041736 0.051836095750331886 0.24808456003665927 553.50000000000011 0.18924114853143695 603.50000000000011 3.4835243225097661 0.49481326341629034 0.21397998183965686 0.29166667163372045 0.024958632886409763 0.94433763623237621 3.3830544948577885 0.34782680869102484 0.36666667461395269 4.1962249279022226 0.053342817351222045 1.0000000000000002 1.0000000180025095e-35 0.18333333730697635 62.500000000000007 0.079682540148496642 245.50000000000003 -0.077795650810003267 0.10832858085632326 0.21294035762548449
decision_type=2 8 2 2 2 2 10 10 8 10 2 2 2 2 2 2 2 2 2 2 10 2 2 2 10 2 10 2 10 2
left_child=5 11 3 9 7 15 -6 8 13 17 -7 -2 19 14 28 22 27 18 -3 21 -13 -5 -1 25 -8 -18 -27 -10 -4 -22
right_child=1 2 4 12 6 10 24 -9 16 -11 -12 20 -14 -15 -16 -17 23 -19 -20 -21 29 -23 -24 -25 -26 26 -28 -29 -30 -31
leaf_value=-0.13739193217476003 -0.063064660637672951 0.00085773227111643274 -0.014822334668842028 0.097904063283037593 -0.0064444911310947081 -0.04574825167034053 0.012433045884557882 0.11794676327052547 0.050371672508600397 0.077083233524907924 0.019400109651480091 -0.095101116912233857 0.016206462225698753 0.085108914746564707 -0.0071271779644586364 0.020461409599370973 0.10088672665839407 -0.051738281006727005 0.055908860791108766 0.12919235383659788 -0.039423034235166667 0.058029480150592352 -0.076485450277267594 0.11320460250576934 0.097252996402357628 0.072121143382156513 -0.052047112432359488 0.09340610753197981 0.077325825444560403 0.059679453504985339
leaf_weight=72.748105864287936 140.03327598508622 272.6655561850348 27.776603667502059 352.68353612266947 144.86148185055936 235.40381782493205 34.352154530934058 2031.6036294902442 126.91918595985044 160.68130157323321 252.43041184614412 15.20719426339201 63.829325704427902 317.38788349495735 95.953981498576468 28.374224331913865 313.38802902842872 59.305864781403216 121.87678208688158 139.97761263418943 26.816224719805177 227.34819013616652 318.6420371583954 1844.7063379475148 188.30870324879652 89.294221250573173 18.942825389211066 813.45737677684519 157.97139865753707 76.828979365614941
leaf_count=21671 33262 15621 1586 7476 15745 31528 5048 9636 2580 4090 17508 7620 3384 5344 3356 3220 2755 11661 4735 1403 3041 6624 49978 11626 3779 1150 194 9921 2397 3044
internal_value=0 0.089071 0.0929915 0.0595021 0.100539 -0.0436956 0.0484518 0.103818 0.0962761 0.0266306 -0.0120372 -0.0260711 0.0852733 0.0636502 0.0394732 -0.0804878 0.102371 0.00876831 0.0178634 0.0913962 0.0175151 0.0822749 -0.0878062 0.108501 0.084167 0.0879236 0.0503902 0.0875979 0.0635461 0.0340386
internal_weight=0 7862.18 7603.29 1398.37 6204.92 907.599 367.522 5837.4 3805.8 614.53 487.834 258.886 783.839 599.09 281.702 419.764 3206.71 453.848 394.542 720.009 118.852 580.032 391.39 2266.33 222.661 421.625 108.237 940.377 185.748 103.645
internal_count=300983 177078 130111 54994 75117 123905 24572 50545 40909 36107 49036 46967 18887 12683 7339 74869 28226 32017 20356 15503 13705 14100 71649 15725 8827 4099 1344 12501 3983 6085
is_linear=0
shrinkage=0.1


Tree=6
num_leaves=31
num_cat=6
split_feature=157 157 166 237 157 8 157 237 74 6 6 156 234 166 237 237 237 157 157 12 3 8 8 157 164 157 159 214 216 8
split_gain=2026.78 577.106 243.634 99.171 81.4171 72.0765 68.6258 67.7956 65.458 63.2736 60.4145 45.6949 45.4651 42.4975 39.8183 37.5006 37.1623 33.3785 31.8448 28.0339 26.1093 25.1394 24.506 20.4478 22.1863 20.2423 19.9676 19.9234 19.2961 18.5334
threshold=0.49323970079422003 0.5750851333141328 0.62966862320899974 0 0.63768562674522411 0.1945576146245003 0.43779146671295172 1 0.33602151274681097 1.0000000180025095e-35 0.19341284781694415 0.051836095750331886 2 0.8018685281276704 3 4 5 0.5454775094985963 0.5454775094985963 121.50000000000001 0.25121359527111059 0.23785960674285891 0.18360188603401187 0.6861170530319215 5.2337753772735605 0.52937316894531261 0.29281863570213323 -0.073999568819999681 0.18588202446699145 0.26002304255962377
decision_type=2 2 2 9 2 10 2 9 2 8 10 2 1 2 9 9 9 2 2 8 10 10 10 2 2 2 2 2 2 10
left_child=6 2 5 17 9 16 -1 -8 -6 -3 12 -5 22 -9 19 -7 -2 -4 27 -13 28 23 -11 24 -10 -18 -22 -16 -14 -21
right_child=1 4 3 11 8 15 7 13 21 10 -12 14 20 -15 18 -17 25 -19 -20 29 26 -23 -24 -25 -26 -27 -28 -29 -30 -31
leaf_value=-0.093139539636740473 -0.072462446582028078 -0.016102959802214344 -0.060916630774400862 -0.032544432824997492 0.13037653440830776 0.06937840515442463 -0.073425142731653778 -0.045175339241556374 -0.016998008733940872 0.001505397122229445 -0.051313902688269381 -0.0031450441012042477 0.11079374450648723 0.030708856963864356 -0.035317806439566113 -0.017916616982751172 -0.048516897932112231 0.031310837267070533 0.07712573765471134 0.080015085399740171 0.02794928313904492 0.11558632446656175 0.075187966938948331 0.088731464574190511 0.086145345854025099 0.02165495750124366 0.091642473734040775 0.043474922780208626 -0.026772681330696824 0.10874877873719356
leaf_weight=406.15381028613774 151.9455175975454 48.697781236041919 71.485850990546169 38.806948325771373 2094.7361151067016 121.49053199970513 282.07788762816926 138.59552627363882 44.548571746709058 71.271226806769846 26.411759737529792 29.522455044323578 1816.5527655330079 157.85921189657529 35.785499915422406 77.76834279220202 65.874653602062608 86.998826407361776 384.90197346161585 406.73441654149792 63.374777883756906 260.12424489698606 123.10234319750452 238.14412017902941 39.210156720946543 109.34510830815998 220.36619201931171 310.9002039481129 10.253899506817104 500.95669598714449
leaf_count=82673 24803 9422 6841 3464 8836 5100 42553 22153 1857 2967 2867 3618 14127 7943 1821 9655 9659 2998 4563 4846 1035 637 1151 2654 459 8537 2127 8629 278 2653
internal_value=0 0.0910236 0.0505585 0.0675075 0.110169 -0.00952283 -0.0616321 -0.0395125 0.122134 0.0967122 0.0990687 0.0742928 0.100792 -0.00461218 0.0772224 0.0378909 -0.0384 -0.00967845 0.0565521 0.0917749 0.10514 0.0924669 0.0458137 0.0737844 0.0312867 -0.00447128 0.0774163 0.0353418 0.110022 0.0958733
internal_weight=0 7449.31 2392.52 1866.09 5056.79 526.424 984.686 578.533 2676.76 2380.03 2331.33 1707.61 2304.92 296.455 1668.8 199.259 327.165 158.485 731.588 937.214 2110.55 582.027 194.374 321.903 83.7587 175.22 283.741 346.686 1826.81 907.691
internal_count=300926 145604 97187 39433 48417 57754 155322 72649 14443 33974 24552 29594 21685 30096 26130 14755 42999 9839 15013 11117 17567 5607 4118 4970 2316 18196 3162 10450 14405 7499
cat_boundaries=0 2 4 5 7 9 11
cat_threshold=2147615496 722187 2421146416 1958667 8 422870213 1052752 433182064 4461792 2363393552 1663626
is_linear=0
shrinkage=0.1


Tree=7
num_leaves=31
num_cat=4
split_feature=156 13 163 156 168 86 13 10 237 88 10 13 10 237 171 13 168 13 156 237 156 156 166 158 63 156 237 156 86 156
split_gain=937.703 348.598 128.178 85.4935 83.5125 64.6718 54.3634 50.9847 48.4679 38.1138 36.9573 28.2597 27.8509 24.9879 24.8394 23.8542 23.2696 20.5869 19.9904 19.7472 19.1571 18.5697 18.2384 17.7892 17.0973 15.6118 21.8991 14.9541 14.4003 13.2498
threshold=0.097693528980016722 0.012364266440272333 -0.41336852312088007 0.043717153370380409 3.047250628471375 -0.83693176507949818 0.040501482784748084 553.50000000000011 0 0.74824258685112011 126.50000000000001 0.038546442985534675 67.500000000000014 1 0.45464123785495764 0.021574331447482113 3.2347857952117924 0.0072595521342009315 0.30471627414226538 2 0.26209992170333868 1.0000000180025095e-35 0.8878503441810609 0.45000000298023229 0.37457138299942022 0.16749174892902377 3 0.17512886226177218 -0.52371230721473683 0.31726674735546118
decision_type=2 8 2 2 2 2 10 8 9 2 8 10 8 9 2 10 2 10 2 9 2 2 2 2 2 2 9 2 2 2
left_child=3 17 6 21 9 10 7 15 -5 18 19 13 -7 29 22 -3 -10 -2 28 -6 -16 -1 27 -8 -15 26 -14 -9 -4 -12
right_child=1 2 4 8 5 12 23 14 16 -11 11 -13 25 24 20 -17 -18 -19 -20 -21 -22 -23 -24 -25 -26 -27 -28 -29 -30 -31
leaf_value=-0.12463554725979281 -0.074194970026841819 0.021292618311585576 -0.027175477520646807 -0.039513128385375962 -0.035168142123700182 0.025856194378527094 0.10123749063384697 0.049509419311007052 -0.031269547160426146 -0.068139329987050593 0.043823523652108932 0.08098082837503616 -0.022578159821772085 0.014987486113080076 0.0074896714087023869 0.070052075847072681 0.041276027060090967 -0.0076813806002835397 0.055460626941088866 0.034383118787473466 0.078355343914107589 -0.062874432741953118 0.11205979259949209 0.12009461589542195 -0.10687180214646697 0.097223829744378265 0.077852597031788762 0.093999789688332211 0.10477156018291425 0.095712182121619263
leaf_weight=62.327917923539644 118.82235513135674 128.736754728714 63.254587433068082 225.66000933594478 54.739162437675986 64.849988379137358 2096.1055339672894 86.431936807959573 57.719060208648443 46.6237370664021 128.93898324813927 410.30731108886539 27.91259531644755 101.96620491141221 45.78844524017768 454.76709288611892 188.97776567055553 76.48929646689794 130.84457680245396 103.37292763197911 228.57197049446404 222.37276501009183 619.95151083421661 657.09830489594606 12.979096435476093 1023.5548400479602 92.144900918356143 599.99461244116537 9.5155759084445872 79.586850057530683
leaf_count=22567 40695 3637 8175 32839 8084 9918 12628 3090 9230 6262 4456 6110 2893 4946 2272 6509 16232 6663 5677 8149 2052 43443 5210 2309 956 15421 3781 5362 563 1008
internal_value=0 0.0836915 0.0872343 -0.0331099 0.0680264 0.0745324 0.0964159 0.0845568 -0.00702067 0.0134184 0.054107 0.0635562 0.0896072 0.0414538 0.0938821 0.0592944 0.023356 -0.0481465 0.0320935 0.0102545 0.0665285 -0.0763954 0.0996267 0.105738 0.00112944 0.0932223 0.0591071 0.0883977 -0.00992181 0.0607159
internal_weight=0 7463.35 7268.04 757.058 2350.59 2100.35 4917.45 2164.24 472.357 250.238 891.891 733.778 1208.46 323.471 1580.74 583.504 246.697 195.312 203.615 158.112 274.36 284.701 1306.38 2753.2 114.945 1143.61 120.057 686.427 72.7702 208.526
internal_count=301137 176826 129468 124311 86399 65722 43069 28132 58301 20677 33709 17476 32013 11366 17986 10146 25462 47358 14415 16233 4324 66010 13662 14937 5902 22095 6674 8452 8738 5464
cat_boundaries=0 2 4 6 8
cat_threshold=488603928 5862315 2571895257 1357024 448113752 59100 646394118 1143048
is_linear=0
shrinkage=0.1


Tree=8
num_leaves=31
num_cat=2
split_feature=157 157 170 157 170 13 237 237 168 171 157 170 166 13 166 160 170 13 55 157 210 168 157 157 92 160 5 1 170 222
split_gain=1447.85 267.191 221.225 151.538 115.378 85.6393 82.7955 68.6834 67.6539 59.8515 50.321 43.4652 42.2545 37.8886 36.6383 33.1635 32.073 27.7758 25.9851 25.2219 24.3375 21.9705 21.4776 21.2412 21.1282 20.6834 24.9629 20.6287 18.7642 17.1933
threshold=0.51434451341629039 0.58793500065803539 0.52654576301574718 0.4534135907888413 0.52654576301574718 0.0092025403864681738 0 1 3.4284297227859502 0.45464123785495764 0.65648138523101818 0.53612041473388683 0.68224263191223156 0.018525522202253345 0.77202048897743236 1.0000000000000002 0.44593857228755956 0.056131588295102126 1.0000000180025095e-35 0.42517314851284033 0.035598902031779296 3.3180783987045293 0.6861170530319215 0.5454775094985963 0.90569552779197704 1.0000000000000002 0.041885966435074813 1.0000000180025095e-35 0.49566511809825903 0.081931866705417647
decision_type=2 2 2 2 2 8 9 9 2 2 2 2 2 8 2 2 2 10 2 2 2 2 2 2 2 2 10 8 2 2
left_child=3 2 7 16 6 -3 -5 21 17 10 11 24 -8 -9 -11 18 19 -4 -13 -1 -17 -2 -16 -10 -7 -15 -27 -20 -14 -30
right_child=1 5 8 4 -6 9 12 13 23 14 -12 15 28 25 22 20 -18 -19 27 -21 -22 -23 -24 -25 -26 26 -28 -29 29 -31
leaf_value=-0.053611219173757711 -0.013913109835570951 -0.032793528700410642 -0.040668533648851542 -0.030003976541948287 -0.071133223681985103 0.10342519523552424 -0.010744330855568626 0.018559952725695866 -0.0041697669527569004 0.024392645279418673 0.12764065030032556 0.10269852029374471 0.078319097352299805 0.10301228609711888 0.065909335484957046 0.071692444664582605 -0.082209573677264336 0.032321674576149255 -0.21335537881626199 0.049786304499779735 -0.0044686648207633503 0.051239121013609883 0.10431941999291539 0.056469747642921668 0.12845137868154458 0.035211468115361313 0.089407431921751657 0.047352800560924987 0.009696781790570012 0.095219377290790844
leaf_weight=73.362592310048058 83.022073353189626 44.46870446956018 219.87702542923216 217.44731321067957 172.69748483023432 780.11033636942739 105.88777710807335 70.099896487634396 74.47769307665294 100.81749839911936 1303.0476228926564 595.18595990742324 229.03854724109988 893.29552437004168 237.61652805557242 252.07897774377489 373.26107921689982 68.340322805859614 4.4327952836756568 34.774134684586897 50.335530710231978 137.44657713195193 375.83741236448986 257.43066332011949 594.36636917319265 108.7080628160038 389.51406653726008 9.6251328449579887 96.702069223712897 31.056530611152994
leaf_count=17422 6900 9711 26797 26636 28111 4839 15973 8717 5184 3908 3865 5477 5909 9755 2212 2993 80575 3301 70 3985 1277 4352 986 5750 2892 3180 4032 145 4781 534
internal_value=0 0.0906837 0.0631373 -0.02346 0.00186019 0.105269 0.0203945 0.0819591 0.0120835 0.106696 0.111957 0.103018 0.0437824 0.08968 0.0802601 0.086087 -0.0683165 -0.0233615 0.0995246 -0.0203611 0.0590158 0.025546 0.0894416 0.0428627 0.114247 0.0939073 0.0775823 -0.0348546 0.0611916 0.0304863
internal_weight=0 6650.13 2302.21 1334.23 852.83 4347.92 680.132 1682.09 620.126 4303.45 3589.18 2286.14 462.685 1461.62 714.271 911.658 481.398 288.217 609.244 108.137 302.415 220.469 613.454 331.908 1374.48 1391.52 498.222 14.0579 356.797 127.759
internal_count=300269 116343 77968 183926 81944 38375 53833 36936 41032 28664 21558 17693 27197 25684 7106 9962 101982 30098 5692 21407 4270 11252 3198 10934 7731 16967 7212 215 11224 5315
cat_boundaries=0 2 4
cat_threshold=2152432440 5240715 2722234888 4931855
is_linear=0
shrinkage=0.1


Tree=9
num_leaves=31
num_cat=6
split_feature=157 157 168 157 168 237 237 93 157 237 160 168 163 157 10 157 181 237 156 237 157 1 237 9 11 202 79 198 88 6
split_gain=1149.23 279.335 119.674 116.695 84.5914 64.9143 56.993 52.8788 47.8173 47.8868 29.5558 27.3361 26.4387 24.0778 22.9612 21.1412 22.5942 20.3612 20.3019 27.545 18.4872 17.3768 17.3076 16.1829 16.1445 15.2839 15.207 14.4349 14.369 14.1733
threshold=0.5454775094985963 0.49323970079422003 3.2870929241180424 0.62373504042625438 3.1970797777175908 0 1 0.30705134570598608 0.42956304550170904 2 1.0000000000000002 3.2748054265975957 0.28505723178386694 0.6861170530319215 93.500000000000014 0.6861170530319215 0.015554468147456648 3 0.2327174320816994 4 0.55445238947868358 0.15287244319915774 5 0.024742373265326027 0.010349444113671781 -0.020870330743491646 0.5501580834388734 -0.022987399250268933 0.67255774140357982 0.076655983924865737
decision_type=2 2 2 2 2 9 9 2 2 9 2 2 2 2 8 2 2 9 2 9 2 10 9 10 8 2 2 2 2 8
left_child=1 8 17 4 6 -4 -2 13 -1 -10 18 -11 20 24 -7 16 -9 -3 -6 -20 -8 22 -12 27 28 26 -21 29 -5 -16
right_child=3 2 5 7 10 14 12 15 9 11 21 -13 -14 -15 23 -17 -18 -19 19 25 -22 -23 -24 -25 -26 -27 -28 -29 -30 -31
leaf_value=-0.072122677605843621 -0.033172179733127374 0.021569915487690831 -0.011495772280831911 0.10927100227412512 0.11197639739160098 -0.025350575849874182 -0.0030785930003263389 -0.0023712257636642263 -0.05289298192532485 -0.040084912665558935 0.033909646859754977 0.02593064636877089 -0.016080868675858142 0.12879784934427993 -0.0059046716521679423 0.087638143728143852 0.094093063744563332 -0.033801388752992212 0.019140363882717004 0.11171772684344328 0.0705307870128873 -0.11374802844111871 0.081504809405140557 -0.0073818963030053116 0.10872503412883477 0.077826064544943174 0.029927835605725036 0.083734371378472172 0.0059853779917787642 0.06386165181820104
leaf_weight=277.96533656946121 76.586586587771308 89.96868545000325 125.93875110085355 24.897655725653749 559.97745530871907 25.461462104896782 36.889168184439768 60.875767260266002 244.10535181190062 89.148575753337354 143.86051650891022 211.62738102368894 43.796044022616115 700.64124725881265 34.790892581775552 372.16832935155253 40.391240863333223 205.05370635465079 77.167276713356841 386.7102663533733 454.47263518303225 4.9607041684503193 616.85980388545431 25.238175201549893 1897.6709052313527 322.53629799888586 24.152048017596826 481.26414914544148 29.34432239580201 178.62290009643766
leaf_count=73237 8400 9033 11492 1060 6165 6803 1935 2039 46293 16410 4205 19711 10381 1870 1206 2889 387 29366 1755 3395 9698 330 8245 760 8790 3410 505 5892 2294 3326
internal_value=0 0.00624322 0.0377187 0.0941857 0.0791526 0.0563579 0.0463661 0.107401 -0.0383715 -0.0211537 0.0885416 0.00615917 0.057298 0.112896 0.0670768 0.0766152 0.0361044 -0.0173302 0.0973334 0.0872173 0.0650045 0.0728047 0.0740212 0.0712774 0.107187 0.0928532 0.10691 0.0741352 0.0533946 0.0524883
internal_weight=0 1989.19 1166.34 5873.96 2747.97 871.316 611.744 3125.99 822.847 544.881 2136.22 300.776 535.158 2652.55 745.378 473.435 101.267 295.022 1370.54 810.566 491.362 765.681 760.72 719.916 1951.91 733.399 410.862 694.678 54.242 213.414
internal_count=301282 223529 67878 77753 58424 29479 30414 19329 155651 82414 28010 36121 22014 14014 17987 5315 2426 38399 15230 9065 11633 12780 12450 11184 12144 7310 3900 10424 3354 4532
cat_boundaries=0 2 4 6 8 10 12
cat_threshold=3221422888 4965263 2147877380 722443 2421146400 1958795 1703950370 4491348 3225617538 5046283 2197968410 5308558
is_linear=0
shrinkage=0.1


Tree=10
num_leaves=31
num_cat=1
split_feature=157 157 157 170 170 13 170 11 93 13 157 157 156 13 168 234 157 11 157 7 157 232 108 168 233 170 80 228 97 13
split_gain=938.877 164.232 150.389 148.729 102.959 62.7026 59.8658 58.5982 56.4779 51.2866 44.1551 42.8805 42.1195 33.7438 31.8817 29.0975 25.4827 20.013 18.6228 17.5593 17.5233 16.3871 17.2588 16.2446 16.0391 24.0802 24.7361 23.8928 15.0984 14.9438
threshold=0.52937316894531261 0.48623459041118627 0.61278760433197033 0.52654576301574718 0.52847653627395641 0.057443765923380859 0.47530725598335272 0.029112637042999271 0.21159228682518008 0.020654105581343177 0.41595722734928137 0.58793500065803539 0.24264069646596911 0.012364266440272333 3.4057440757751469 0 0.6861170530319215 0.016658554784953598 0.56416428089141857 0.043015725910663612 0.5750851333141328 0.047999769449234016 0.033845312893390662 3.2870929241180424 0.027944577857851986 0.61212351918220531 0.19684550911188128 0.11285353824496271 -0.13699972629547116 0.010666742455214264
decision_type=2 2 2 2 2 10 2 8 2 8 2 2 2 8 2 1 2 10 2 8 2 2 2 2 2 2 2 2 2 10
left_child=1 6 3 9 7 11 10 -3 16 29 -1 14 18 -10 -5 -14 19 -12 -11 -4 -17 -15 -23 -9 27 -26 -27 -21 -22 -2
right_child=2 4 8 5 -6 -7 -8 23 13 12 17 -13 15 21 -16 20 -18 -19 -20 24 28 22 -24 -25 25 26 -28 -29 -30 -31
leaf_value=-0.053011230121767006 -0.019108883251498524 -0.0096469377434173498 0.027631924098476791 -0.042726003360932345 -0.04670377718560946 0.072868046293502423 -0.058960735662049839 0.01284015608382367 -0.044301424626810866 0.091666429269439798 -0.020506248901639913 0.048376740657606346 0.0087918176733596705 0.090988946453340089 0.022829362115548993 0.067065479952492651 0.12705843785587989 0.051763714885076112 0.12183865356527056 0.11404314689341906 -0.01941354287454352 0.066606471402797893 -0.036775314583747123 0.068972577532288623 0.095770074062618005 -0.10739715719021062 0.14023949580301867 0.043495440024567809 0.099276366440663594 0.051123471159790407
leaf_weight=98.155689114333654 41.179295698806527 140.09910854084592 29.24278579930251 145.54707277647685 138.29273755110626 302.96385355301027 405.98476106331509 57.749077348576975 21.482476629578741 362.95916375052184 54.67451332177734 227.66398920802021 72.862573081016308 569.50764475535834 151.31065681314794 365.5464113939961 664.91078833537176 128.07916435955849 468.75420343360747 1371.5759897873213 10.981180019851307 153.20741602446651 18.050658067513723 480.76816620343016 617.14245590867358 11.700425800983796 6.1559176717419168 49.747810339613352 446.73949121590704 114.63298630807549
leaf_count=28965 9109 18087 2839 20782 23060 6794 93994 5981 3081 5911 11690 7312 1752 4161 5862 5699 1507 11110 2505 7043 132 944 197 11153 3616 226 29 457 3129 4000
internal_value=0 0.0016353 0.08968 0.0719861 0.0319387 0.036648 -0.0344039 0.047965 0.103336 0.08751 0.00108694 0.0157273 0.0924651 0.0792498 -0.00931193 0.0774236 0.110011 0.0301427 0.108672 0.104577 0.0823902 0.0828328 0.05571 0.0629531 0.105671 0.0924576 -0.0220252 0.111574 0.0964289 0.0325619
internal_weight=0 1503.8 6223.87 2711.14 816.909 827.486 686.894 678.616 3512.72 1883.66 280.909 524.522 1727.84 762.248 296.858 896.13 2750.48 182.754 831.713 2085.57 823.267 740.766 171.258 538.517 2056.32 634.999 17.8563 1421.32 457.721 155.812
internal_count=301127 204040 97087 72987 58281 40750 145759 35221 24100 32237 51765 33956 19128 8383 26644 10712 15717 22800 8416 14210 8960 5302 1141 17134 11371 3871 255 7500 3261 13109
cat_boundaries=0 1
cat_threshold=3080
is_linear=0
shrinkage=0.1


Tree=11
num_leaves=31
num_cat=3
split_feature=157 157 157 170 170 171 166 8 170 157 170 13 157 13 92 156 170 157 237 157 8 156 81 92 237 237 0 93 171 163
split_gain=807.085 132.914 130.222 130.228 81.6542 72.8292 53.9196 50.3154 48.5924 39.8256 48.3645 34.3894 32.4052 32.4023 31.8797 25.9802 24.3544 23.5906 22.2922 22.0317 21.3226 19.7186 19.7157 18.5988 17.9067 17.5839 17.0367 16.9299 16.611 14.8822
threshold=0.52937316894531261 0.48623459041118627 0.58115372061729442 0.52654576301574718 0.52847653627395641 0.45464123785495764 0.64766803383827221 0.1945576146245003 0.4837751984596253 0.65648138523101818 0.53612041473388683 0.019769410602748397 0.41595722734928137 0.057443765923380859 0.91001641750335704 0.5317540466785432 0.47702896595001226 0.63768562674522411 0 0.62373504042625438 0.39571090042591101 0.22287581861019137 0.3964285701513291 0.91935789585113536 1 2 0.22268135845661166 0.18131834268569949 0.057160569354891784 0.10029682144522668
decision_type=2 2 2 2 2 2 2 8 2 2 2 8 2 10 2 2 2 2 9 2 10 2 2 2 9 9 8 2 2 2
left_child=1 8 3 11 7 9 -7 -3 12 10 14 25 -1 -5 22 19 -13 27 -9 28 21 -18 -4 26 -14 -2 -21 -8 -12 -23
right_child=2 4 5 13 -6 6 17 18 -10 -11 15 16 24 -15 -16 -17 20 -19 -20 23 -22 29 -24 -25 -26 -27 -28 -29 -30 -31
leaf_value=-0.04716448496266732 -0.033406104969002225 -0.0084337809870264884 0.096191459879879135 -0.012657162221443172 -0.042552738451533928 -0.013720419326618091 0.069204387315584648 -0.010166812912158743 -0.057770403194428478 0.1160386602710048 0.069767062785683717 0.10678703343835516 -0.019965662733280043 0.048884541220742012 0.12161652671198575 0.019147926054012412 0.083987423686526896 0.084803313962679372 0.066313886186383134 0.025559148311341165 0.12048409579221531 0.055101446871075294 0.020182390517362644 0.11648899945004343 0.039245197282370817 0.051104772341459881 0.091539716359777215 -0.017015183796578851 -0.016015496267631421 -0.035749754039845469
leaf_weight=106.80566287469992 34.96690948237665 132.52841250799247 899.78636965667829 222.67136822418252 122.12109607085586 73.027588490265771 50.162610328901792 46.033800058270572 308.26256380075938 1386.510655668797 380.21315821098688 335.91362702625338 71.833526849441114 138.9330686313624 692.33241817970702 72.312384275835939 359.60624920486589 549.75859087641584 472.58503943048709 51.582114442251623 88.436265133466804 280.83507136075059 35.470959180092905 232.37139659834793 142.20753947591584 47.944612246996257 162.16052509081783 41.711460460152011 23.998200379297487 19.267442082113121
leaf_count=34182 5615 17927 7607 24422 23101 5629 973 4501 81725 4774 8862 3574 12951 4732 3778 2208 5211 3113 12930 873 431 3224 497 1420 16978 4012 1147 1373 1218 2390
internal_value=0 0.00471469 0.0887449 0.063423 0.032483 0.0970664 0.0676981 0.0465558 -0.0294167 0.102398 0.0949816 0.0796708 -0.00217512 0.010988 0.10535 0.0766909 0.0844183 0.0769647 0.0606079 0.0815844 0.0743749 0.0681938 0.0933087 0.0969062 0.0202744 0.017598 0.0756167 0.0300601 0.0646741 0.0492685
internal_weight=0 1402.38 6179.97 1528.57 773.268 4651.4 714.66 651.147 629.109 3936.74 2550.23 1166.97 320.847 361.604 1627.59 922.638 1084.06 641.633 518.619 850.325 748.145 659.709 935.257 446.114 214.041 82.9115 213.743 91.8741 404.211 300.103
internal_count=301378 204295 97083 53611 58459 43472 11088 35358 145836 32384 27610 24457 64111 29154 11882 15728 14830 5459 17431 13520 11256 10825 8104 3440 29929 9627 2020 2346 10080 5614
cat_boundaries=0 2 4 6
cat_threshold=2148139818 5229451 3497739028 6120331 2390206494 1253566
is_linear=0
shrinkage=0.1


Tree=12
num_leaves=31
num_cat=3
split_feature=157 13 157 157 171 168 157 168 157 157 156 168 175 11 234 171 234 9 156 9 234 141 168 156 86 174 10 12 220 227
split_gain=626.775 103.246 96.8788 93.3849 79.506 62.8589 37.264 37.1003 30.5276 27.9757 25.4989 20.2194 18.0218 20.3872 17.3411 16.9237 15.947 17.3558 14.9284 13.5108 13.3853 12.7016 12.6741 12.6467 12.4177 15.3623 13.6454 12.3989 14.5019 12.1153
threshold=0.52937316894531261 0.0072595521342009315 0.48623459041118627 0.56941726803779613 0.3453053236007691 3.2870929241180424 0.61278760433197033 3.2748054265975957 0.6861170530319215 0.42517314851284033 0.2327174320816994 3.1285945177078252 0.61607006192207348 0.018561584874987606 0 0.3453053236007691 1 0.0072376462630927571 0.025751547887921337 0.0044363026972860107 2 0.043359139934182174 3.0737138986587529 0.41548451781272894 -0.94727969169616688 -0.10137109830975531 553.50000000000011 190.50000000000003 -0.1046827659010887 0.084269467741251006
decision_type=2 8 2 2 2 2 2 2 2 2 2 2 2 8 1 2 1 8 2 8 1 2 2 2 2 2 8 10 2 2
left_child=2 -2 9 7 6 -4 10 16 11 -1 -5 -6 13 -11 -7 -9 17 -3 -16 -10 -15 -20 -12 29 26 27 -8 28 -26 -13
right_child=1 3 5 4 8 14 24 15 19 12 22 23 -14 20 18 -17 -18 -19 21 -21 -22 -23 -24 -25 25 -27 -28 -29 -30 -31
leaf_value=-0.050535922132244254 -0.035876275525512882 0.053243070802804583 -0.016033374897455009 0.10307549668561532 -0.023676623915638059 -0.023954154509365434 0.078201333512953622 0.074488914369144996 0.10165611026360527 -0.054372901533228796 0.043619594770628649 0.068988733964452473 0.18403810167202839 -0.024880240002132466 -0.062438599717785308 0.0013565542789584272 0.047939402481520559 -0.032181710198093308 0.062343618080087093 0.066367044816210849 0.017927108593966012 -0.011155812096473679 0.080459162998466602 -0.0030619470096720299 0.13747670739244566 0.11929676639439452 0.10834209972422658 0.11156147420459313 0.083467751335204177 0.016166896965076324
leaf_weight=194.45374358881963 67.849647883369471 35.60088718222687 181.53326656612626 576.11439624663035 39.747251881723059 28.409359660639893 286.78539681603434 791.28658348121098 204.35156753321644 72.61089843854279 106.22492974146735 231.28411804823554 5.0230588471313231 98.05392538048909 10.361906028978408 32.960884957807139 138.24695424306265 71.650026509538293 487.46841487029451 231.28440214702277 217.35551950432273 24.703522538358811 772.73159926425433 37.016811602836242 56.454281509737484 989.62272779410705 315.38125832902733 600.57883488852531 416.51565865066368 53.45797405927442
leaf_count=68125 23371 2377 31947 5881 2748 3997 1645 13537 662 25208 3809 3215 756 18642 2064 2003 7203 8059 19103 1631 33000 1435 8876 881 169 3472 1208 1478 3956 875
internal_value=0 0.0867876 0.0107383 0.0881776 0.0940025 0.0350009 0.0995953 0.0614009 0.0650939 -0.0195118 0.0867244 0.0436115 -0.00416293 -0.00659926 0.0518164 0.0715644 0.0272774 -0.0034995 0.0553354 0.0829207 0.00439879 0.0587985 0.076007 0.0519237 0.106622 0.110309 0.0939874 0.102024 0.0899143 0.0590719
internal_weight=0 6055.15 1319.97 5987.3 4917.55 732.476 4120.41 1069.75 797.142 587.497 1455.07 361.506 393.043 388.02 550.943 824.247 245.498 107.251 522.534 435.636 315.409 512.172 878.957 321.759 2665.34 2063.17 602.167 1073.55 472.97 284.742
internal_count=301333 97056 204277 73685 40506 58546 30494 33179 10012 145731 18566 7719 77606 76850 26599 15540 17639 10436 22602 2293 51642 20538 12685 4971 11928 9075 2853 5603 4125 4090
cat_boundaries=0 1 2 3
cat_threshold=1032 1432 1288
is_linear=0
shrinkage=0.1


Tree=13
num_leaves=31
num_cat=1
split_feature=157 157 170 13 171 157 170 157 170 234 156 157 8 168 168 13 170 157 8 66 131 177 93 170 225 5 170 183 69 8
split_gain=489.941 103.545 94.8713 76.9584 60.5009 68.4531 80.7061 56.0935 37.0243 36.6811 29.1362 23.2465 23.2338 21.838 21.0918 20.7407 24.1033 18.4379 18.3576 16.5176 32.6677 16.2651 15.9948 15.9799 15.0679 19.6548 14.6645 14.0746 14.0534 13.9169
threshold=0.53720706701278698 0.47553096711635595 0.52235314249992382 0.0092025403864681738 0.3453053236007691 0.61278760433197033 0.52654576301574718 0.63768562674522411 0.48162244260311132 0 0.24264069646596911 0.39949755370616918 0.30104799568653112 3.8073778152465825 3.2870929241180424 0.054079741239547736 0.61212351918220531 0.58793500065803539 0.23785960674285891 10.145112514495851 0.015941747464239601 0.10485610738396646 0.18131834268569949 0.42755009233951574 -0.02803807612508535 0.055867666378617294 0.47978931665420538 -0.18851256370544431 135.76785278320315 0.20247410982847217
decision_type=2 2 2 8 2 2 2 2 2 1 2 2 10 2 2 10 2 2 10 2 2 2 2 2 2 10 2 2 2 10
left_child=1 8 9 -2 5 6 10 22 11 -3 26 -1 17 -4 -11 16 19 -8 -9 -7 -21 24 28 -13 -12 -26 -5 -17 -6 -25
right_child=3 2 13 4 7 15 12 18 -10 14 21 23 -14 -15 -16 27 -18 -19 -20 20 -22 -23 -24 29 25 -27 -28 -29 -30 -31
leaf_value=-0.040285535109756257 -0.017770074759039387 -0.00085437689513469912 -0.037896433791432885 0.12296182793182531 0.012032156582651539 0.098822385663282886 0.010080723319647196 0.060312333793916977 -0.045800864885303924 0.028849035098779272 0.10204465831668769 0.087601753159773629 0.072123253695585712 0.036814061707173024 0.074913186612379667 -0.00065971357111490431 0.011052011369651881 0.054714255861033956 0.09448022551000311 0.073381999429993128 -0.21964047433854864 0.050293434825352458 -0.024110562863025597 -0.017666171091745769 0.037722794429005668 0.087450205367433587 0.094779730393963701 0.11499422168566574 0.093134223323257131 0.045282553731112112
leaf_weight=66.613795669138199 69.990281604754273 106.13852013893484 157.98571970457124 269.10765624072519 67.394533567945473 1471.4688662071712 183.358916567493 341.27157182933297 230.64369668112704 122.81066948814259 279.65256176076946 36.860872210665548 248.81773301190697 52.003005454156664 521.4507862876053 10.629179762443526 32.974884776340332 186.88484601711389 291.60831366083585 19.043982313130986 4.7545446783769867 175.89757262798958 72.538007371302228 70.654285164433531 118.39044441794977 241.86081058240961 588.23329730561818 1047.7854837874766 31.283412108372431 69.834586618104368
leaf_count=26505 22438 13041 33257 1801 3845 7308 14258 3923 73418 16763 2702 4600 4547 3919 15368 94 686 4327 765 181 39 2216 3242 18006 2662 2535 5370 3498 819 8815
internal_value=0 0.0211363 0.0400199 0.0864499 0.0877335 0.0919223 0.0793394 0.062318 -0.0170753 0.0566462 0.0907531 0.0100818 0.0484915 -0.0193946 0.0651215 0.103073 0.0956208 0.03261 0.0760557 0.0974857 0.014841 0.0772251 0.0115382 0.0290002 0.0846281 0.0711081 0.103626 0.113833 0.0377436 0.0136246
internal_weight=0 1435 960.389 5752.95 5682.96 4878.86 2292.2 804.096 474.607 750.4 1673.14 243.964 619.061 209.989 644.261 2586.66 1528.24 370.244 632.88 1495.27 23.7985 815.801 171.216 177.35 639.904 360.251 857.341 1058.41 98.6779 140.489
internal_count=300948 213692 82348 87256 64818 52224 40418 12594 131344 45172 17286 57926 23132 37176 32131 11806 8214 18585 4688 7528 220 10115 7906 31421 7899 5197 7171 3592 4664 26821
cat_boundaries=0 1
cat_threshold=1176
is_linear=0
shrinkage=0.1


Tree=14
num_leaves=31
num_cat=4
split_feature=157 170 157 171 157 170 8 168 237 92 170 157 170 166 237 168 157 8 157 170 237 170 82 157 13 237 166 171 170 157
split_gain=425.885 108.777 108.345 59.6897 55.2625 58.9149 52.6711 38.9762 37.309 32.6173 27.7124 25.1897 22.7042 21.3045 19.2172 16.1102 16.0548 15.595 14.185 14.0613 13.8456 13.5738 14.1339 13.1085 12.882 23.5576 13.3976 12.6454 12.6182 14.15
threshold=0.55919837951660167 0.52847653627395641 0.45718969404697424 0.45464123785495764 0.63768562674522411 0.57049536705017101 0.14990550279617312 3.8459370136260991 0 0.91001641750335704 0.42755009233951574 0.65648138523101818 0.47702896595001226 0.61162990331649791 1 3.1908861398696904 0.51434451341629039 0.22067523002624514 0.50376957654953014 0.47228689491748815 2 0.48733790218830114 0.020101009868085388 0.41595722734928137 0.020654105581343177 3 0.66701316833496105 0.013746987096965315 0.47978931665420538 0.58115372061729442
decision_type=2 2 2 2 2 2 10 2 9 2 2 2 2 2 9 2 2 8 2 2 9 2 2 2 10 9 2 2 2 2
left_child=1 2 10 4 5 9 8 11 -4 19 -1 -5 -8 -10 -14 27 -3 -7 -16 -2 -18 -15 -23 -12 25 -21 -27 -6 -11 -30
right_child=3 16 6 7 15 17 12 -9 13 28 23 -13 14 21 18 -17 20 -19 -20 24 -22 22 -24 -25 -26 26 -28 -29 29 -31
leaf_value=0.055772098019873789 0.097244901840251516 -0.047375194121355574 -0.015979511277147414 -0.010622992722031536 0.098260885549995555 -0.0016979099925916218 0.090517764988144928 0.082578435396826966 0.006420939382701437 0.12515807029186637 -0.055020813213860813 0.053224518399880662 -0.0029180360992932092 0.095562373430866654 0.032850629804478629 0.11186225736021925 0.021246390220135733 0.054186829387176498 0.072230546757032624 -0.013634472782080685 -0.031836886789466043 0.012668869005807297 0.1051326736406729 -0.006799999143117014 0.078318679444938311 0.032779535288256979 0.090781247521695474 0.056742705298802834 0.075670354578179 0.10367596957863141
leaf_weight=50.531632159560104 276.86829300550744 128.4348281661587 140.60349057584244 90.701492591761053 423.44834984940826 62.279592301849334 326.26865936085233 354.05792989901965 78.883909040006984 185.2141697028419 93.117968828017183 193.87257110580686 56.22058969885984 91.417895058475551 115.43593603733461 1366.9989159126126 106.91656835572212 251.91256574800354 440.58549355322612 49.242406691861106 74.781633504768251 57.442874793588999 23.212136474525323 142.86948497241247 676.43224162125262 62.599566025412059 109.45746176314424 88.731150740844896 240.83416022907477 719.10552347778867
leaf_count=11984 2530 40916 19409 7236 2910 5159 9432 1935 16039 1129 42939 4160 5511 3150 12519 4308 11809 5579 9438 2261 14010 3405 939 36666 6817 4290 1142 989 6115 6605
internal_value=0 0.0339351 0.0443422 0.0890449 0.093094 0.0837473 0.0563578 0.0604304 0.0255494 0.0892514 -0.0114362 0.0328746 0.0692115 0.0475585 0.0578573 0.106195 -0.0203131 0.0431093 0.0629232 0.0775432 -0.00118399 0.0691811 0.0392795 -0.0258274 0.071467 0.050524 0.0658512 0.0910682 0.101261 0.0966498
internal_weight=0 1926.72 1616.59 5151.76 4513.12 2633.95 1330.07 638.632 391.56 2319.75 286.519 284.574 938.511 250.957 612.242 1879.18 310.133 314.192 556.021 1174.6 181.698 172.073 80.655 235.987 897.732 221.299 172.057 512.18 1145.15 959.94
internal_count=301331 238166 171431 63165 49834 41627 79842 13331 42942 30889 91589 11396 36900 23533 27468 8207 66735 10738 21957 17040 25819 7494 4344 79605 14510 7693 5432 3899 13849 12720
cat_boundaries=0 2 4 6 8
cat_threshold=2187806227 721850 69338376 65998 1229701873 581728 1267829766 66960
is_linear=0
shrinkage=0.1


Tree=15
num_leaves=31
num_cat=5
split_feature=157 157 168 237 157 160 237 168 168 156 237 237 10 13 198 157 156 7 237 160 167 202 173 156 157 156 215 175 8 181
split_gain=316.031 84.2683 58.1823 48.0035 46.6071 38.9105 33.5739 30.1135 28.4782 25.0146 25.7141 19.3002 18.7162 17.9666 17.7873 17.19 15.5699 15.1624 13.0095 12.7811 24.1206 15.8093 12.5068 11.6159 13.3689 19.2206 15.8588 11.2485 12.0519 11.1617
threshold=0.55919837951660167 0.46462488174438482 3.1861792802810673 0 0.65648138523101818 1.0000000000000002 1 3.047250628471375 3.1970797777175908 1.0000000180025095e-35 2 3 134.50000000000003 0.0072595521342009315 -0.14470538496971128 0.58793500065803539 0.025751547887921337 0.043015725910663612 4 1.0000000000000002 3.5000000000000004 0.068410422652959837 0.027264649979770187 0.16749174892902377 0.65648138523101818 0.46247655153274542 -0.036181516945362084 0.61607006192207348 0.26002304255962377 -0.076666761189699159
decision_type=2 2 2 9 2 2 9 2 2 2 9 9 8 10 2 2 2 8 9 2 2 2 2 2 2 2 2 2 10 2
left_child=1 9 11 8 5 17 -4 -7 13 -1 -11 -3 18 -2 22 -16 -14 -5 -8 -18 21 -21 -9 -10 25 26 -25 28 -12 -19
right_child=3 2 6 4 -6 7 12 14 23 10 27 -13 16 -15 15 -17 19 29 -20 20 -22 -23 -24 24 -26 -27 -28 -29 -30 -31
leaf_value=-0.10591860093630101 0.0039228537360708037 -0.02566268528533552 0.010056411194945075 0.021221174280144847 0.11131367512646183 0.012593111540950675 0.057804118457551956 0.064417446847593873 0.10600865243759452 -0.030527127631891773 0.0021972249513702922 0.027729960791724514 -0.033814932824710459 0.057368250911577316 0.057085038548538782 0.08877247874525715 0.07940708429092691 0.11049828331343062 -0.011484358899212354 0.050406117083451732 -0.06530670340118426 0.0991073775709021 -0.035579519371802572 0.030462882160411892 0.084021307387709188 -0.030524803038394145 0.076920365904567217 0.13327296512793704 0.054825730650203498 0.092087321865972196
leaf_weight=22.743472498394112 86.809201022755587 103.55920065962709 146.72031692283053 26.784491338417865 1088.8447957312746 81.634529123482935 41.569366674899356 27.156181460130028 121.75257417740067 132.30250760599301 125.08732977645559 159.5076983101244 14.585848591283137 228.36720069755393 241.20772035406117 589.85472042691254 605.49649875621981 451.17265415392467 55.768320402319659 297.34836554342473 15.65681670833146 85.914055216999259 23.187083748111036 99.241764916863758 501.53538436218514 22.361330276879016 283.04401988489553 9.2730614621468685 66.722430831039674 1218.9280294718483
leaf_count=18060 6635 24607 19073 4511 3561 4969 7149 314 1635 44085 39348 25182 2541 5678 5047 5500 14227 3452 17043 8750 1265 1743 1009 1642 2644 498 3508 2485 13074 12544
internal_value=0 0.0393525 0.0495737 0.0873073 0.0936365 0.0867523 0.0584846 0.0706976 0.0684352 -0.00444851 0.00247375 0.00678994 0.0641845 0.0426478 0.0760791 0.0795755 0.0687613 0.0958639 0.0228649 0.0702509 0.0563533 0.0613232 0.0183609 0.0770077 0.0731112 0.0595889 0.06486 0.0244871 0.0205044 0.097061
internal_weight=0 1882.26 1526.13 5091.88 3748.77 2659.93 1263.06 963.04 1343.11 356.129 333.385 263.067 1116.34 315.176 881.406 831.062 1019 1696.89 97.3377 1004.42 398.919 383.262 50.3433 1027.94 906.182 404.647 382.286 201.083 191.81 1670.1
internal_count=301779 238632 121580 63147 40907 37346 71791 16839 22240 117052 98992 49789 52718 12313 11870 10547 28526 20507 24192 25985 11758 10493 1323 9927 8292 5648 5150 54907 52422 15996
cat_boundaries=0 2 4 6 8 10
cat_threshold=3793880073 4919198 2147615488 4932490 2220475192 2048395 2320425752 739019 549485670 298004
is_linear=0
shrinkage=0.1


Tree=16
num_leaves=31
num_cat=1
split_feature=157 170 157 171 157 170 166 170 237 170 157 168 170 168 170 157 13 133 172 7 103 86 3 11 115 149 184 95 122 75
split_gain=250.27 84.4911 66.5519 49.8429 53.7751 38.7045 35.6566 32.5183 27.6613 20.4562 19.34 19.0289 18.8483 18.1448 17.4151 16.1318 15.5674 15.1787 14.0159 13.7602 13.7943 12.9446 12.9041 11.9601 11.993 11.8738 13.4418 11.6745 11.6581 11.5643
threshold=0.55445238947868358 0.52847653627395641 0.46089245378971105 0.3453053236007691 0.61278760433197033 0.57049536705017101 0.8878503441810609 0.47702896595001226 0 0.42755009233951574 0.6861170530319215 3.7635895013809209 0.53156024217605602 3.4616363048553471 0.48162244260311132 0.6861170530319215 0.022271825931966308 0.010191679466515781 0.060383530333638198 0.11189358308911325 0.065389800816774382 -1.027777314186096 0.16152751445770266 0.0311805559322238 0.030921841040253643 -0.039843134582042687 -0.042490247637033456 -0.015323038678616284 0.033102417364716537 0.22335600852966311
decision_type=2 2 2 2 2 2 2 2 9 2 2 2 2 2 2 2 8 2 2 8 2 2 10 10 2 2 2 2 2 2
left_child=1 2 9 4 5 11 15 -4 -9 -1 12 14 21 17 -2 23 -10 -14 -8 20 -15 -6 -7 -5 -25 -18 -27 -13 29 -20
right_child=3 -3 7 6 10 22 18 8 16 -11 -12 27 13 19 -16 -17 25 -19 28 -21 -22 -23 -24 24 -26 26 -28 -29 -30 -31
leaf_value=0.0628011221808146 0.094115108335612846 -0.013468461595263374 0.082398514054135064 -0.014091575340687527 0.077655211470993246 -0.0046975174324207355 0.085018445165234921 0.0054102711271665624 0.0031597850649159663 -0.0072115242860827161 0.11577615741431567 0.076374069952162213 0.082888862859372442 0.065475963036895721 0.065516222219560882 0.059835136278883275 -0.011590585197591196 0.045754308728081935 -0.0078464801397642135 0.10684007157729761 -0.12595483165322419 0.10889285517462036 0.052755861067677851 0.070467289826625382 -0.059791390811107563 0.082671369204886561 0.050733819755393678 0.10664469064578508 0.07666213414997014 0.13670433134250251
leaf_weight=51.342697846612282 292.86736108179321 243.16550393879879 432.40004303573369 88.895779428188689 157.12494943710044 64.496854848024668 412.54901388150756 141.46031586396566 47.924844242814288 222.94748792586324 546.52606270895922 195.91233286488568 396.45019436282746 38.250635961536318 780.05818648535933 104.60022216595826 20.769739591836696 152.37922273212462 44.922211971774232 361.13944097721833 4.1751142648863597 851.89287338225404 99.250260246626567 40.166226545727113 8.5777588526543678 244.90832455550117 285.29558566055493 364.36609466245864 53.639723773230799 6.3121771658770731
leaf_count=12208 3854 64306 20953 8577 1083 5172 2965 19656 11298 83171 1522 1246 4043 492 21554 2372 996 2263 439 1417 182 3857 3526 954 317 7673 13183 1845 320 31
internal_value=0 0.0410728 0.050238 0.0855122 0.0896795 0.0764757 0.0618964 0.0606095 0.0478838 0.00589371 0.0991402 0.0811228 0.0945047 0.0844147 0.0733226 0.0302329 0.056876 0.0725787 0.0767203 0.100511 0.0466373 0.104029 0.0301261 0.00773648 0.0475449 0.0625807 0.0654862 0.09606 0.0440772 0.00996246
internal_weight=0 1690.21 1447.05 5064.55 4304.89 1796.95 759.663 1172.76 740.359 274.29 2507.94 1633.2 1961.41 952.395 1072.93 242.24 598.898 548.829 517.423 403.565 42.4258 1009.02 163.747 137.64 48.744 550.974 530.204 560.278 104.874 51.2344
internal_count=301475 233444 169138 68031 52056 37197 15975 73759 52806 95379 14859 28499 13337 8397 25408 12220 33150 6306 3755 2091 674 4940 8698 9848 1271 21852 20856 3091 790 470
cat_boundaries=0 2
cat_threshold=3333572362 4916683
is_linear=0
shrinkage=0.1


Tree=17
num_leaves=31
num_cat=1
split_feature=157 156 170 171 13 157 157 170 168 166 170 157 157 65 160 170 86 156 237 92 181 157 171 207 11 180 170 168 156 168
split_gain=217.626 64.0491 62.3764 50.7395 43.6212 35.5866 33.0617 33.1964 28.4565 27.2387 26.7163 23.6153 23.5303 20.9959 19.9908 19.837 19.5602 18.1402 19.1288 17.3616 15.6664 15.6503 15.5237 14.3776 12.7837 12.6581 12.2277 11.8659 11.7131 11.2002
threshold=0.56941726803779613 1.0000000180025095e-35 0.52235314249992382 0.45464123785495764 0.010666742455214264 0.6861170530319215 0.41595722734928137 0.45455265045166021 3.4284297227859502 0.71473121643066417 0.54416155815124523 0.51077222824096691 0.62373504042625438 4.5000000000000009 1.0000000000000002 0.61212351918220531 -0.92546641826629628 0.13367697596549991 0 0.91001641750335704 0.19366034865379336 0.48623459041118627 0.057160569354891784 0.056645944714546211 0.014764040242880585 -0.16503558307886121 0.57049536705017101 3.0737138986587529 0.17512886226177218 4.1105282306671151
decision_type=2 2 2 2 8 2 2 2 2 2 2 2 2 2 2 2 2 2 9 2 2 2 2 2 8 2 2 2 2 2
left_child=1 -1 4 5 -3 10 -6 28 -4 -5 16 14 22 15 -9 19 20 -13 -19 -14 -2 -10 24 -23 -12 -22 -26 -18 -8 -11
right_child=3 2 8 9 6 -7 7 11 21 29 12 17 13 -15 -16 -17 27 18 -20 -21 25 23 -24 -25 26 -27 -28 -29 -30 -31
leaf_value=-0.10565361743535646 0.087140866410428702 -0.019833876616954224 -0.012415037808049501 0.0054745987781933698 0.00016463589081564269 0.11415855564755362 0.11866265149893521 0.056123447214338262 -0.024425675194240937 0.060580694131118468 -0.029622984428053896 0.096236156357920988 0.045366691834651425 0.10291907702515475 0.0080578937206789662 -0.027278105726265534 0.075643632172856537 0.0060539832952993394 0.066258918610781023 0.093376054095354169 -0.10094251656154651 0.060916746340293371 -0.018638592668943053 -0.0027146633892966396 0.080644929913505733 0.054919450295291973 0.044256884363232711 0.10328894102976204 0.080007166378173011 0.095264293438639125
leaf_weight=26.384033186539455 596.14118863400654 65.483956547221169 182.64754463600548 78.059821785886015 78.401914245609078 610.5730639952526 125.81658299613628 227.14155680889235 33.780565653200028 388.11068958036776 14.833644515529157 181.69597719114972 123.97023016167805 368.80866731026617 139.77729408882442 20.369654081674526 174.29260706425703 73.086654395418009 539.651334933209 191.9614749711327 5.4502843071822999 182.51887691850425 25.805594891804503 44.086627496275469 215.05935070363921 118.47894405032275 161.84554791089613 1421.7549535646831 207.942629221885 122.49059754540212
leaf_count=22253 5391 36033 52332 7051 29839 1682 7484 28861 11656 4667 4011 5189 1856 1576 19359 959 4075 3729 11113 1495 86 10162 1606 4449 3733 1124 4791 8602 5637 539
internal_value=0 0.0491751 0.0511371 0.087923 0.0601362 0.0919109 0.0634642 0.0667836 0.0178453 0.0604904 0.0879607 0.0587955 0.0753004 0.0864412 0.0378129 0.0683705 0.0940974 0.0684865 0.0602579 0.0745374 0.0804156 0.0390715 0.056487 0.0485371 0.0614359 0.0480648 0.0650197 0.10027 0.0945791 0.0689011
internal_weight=0 2108.42 2082.03 4638.01 1639 4049.35 1573.51 1495.11 443.034 588.661 3438.77 1161.35 1122.65 705.11 366.919 336.301 2316.12 794.434 612.738 315.932 720.07 260.386 417.544 226.606 391.739 123.929 376.905 1596.05 333.759 510.601
internal_count=301340 248096 225843 53244 147244 40987 111211 81372 78599 12257 39305 68251 20027 5886 48220 4310 19278 20031 14842 3351 6601 26267 14141 14611 12535 1210 8524 12677 13121 5206
cat_boundaries=0 2
cat_threshold=3791781897 590635
is_linear=0
shrinkage=0.1


Tree=18
num_leaves=31
num_cat=3
split_feature=157 170 171 157 157 170 170 157 166 237 156 237 237 170 157 170 93 203 157 168 160 17 124 139 171 13 207 129 17 13
split_gain=158.691 58.5728 43.8861 37.6739 36.6724 34.6527 31.0009 30.4464 24.2216 21.8093 21.6133 30.4135 18.0917 16.5557 16.5292 19.6711 20.6581 14.5529 14.0873 13.667 17.6917 21.3616 13.5681 12.7565 13.659 12.4594 12.2602 18.5613 12.7609 12.0616
threshold=0.55445238947868358 0.4837751984596253 0.45464123785495764 0.61278760433197033 0.47197850048542028 0.54596516489982616 0.54416155815124523 0.39949755370616918 0.86321228742599498 0 0.25116822123527532 1 2 0.61212351918220531 0.6861170530319215 0.53612041473388683 0.24697411805391314 0.069559834897518172 0.6861170530319215 3.5267145633697514 1.0000000000000002 10.500000000000002 0.039872677996754653 0.026980034075677398 1.0000000180025095e-35 0.0051115783862769612 0.048751434311270721 -0.014439385384321211 5.5000000000000009 0.05279884114861489
decision_type=2 2 2 2 2 2 2 2 2 9 2 9 9 2 2 2 2 2 2 2 2 2 2 2 2 8 2 2 2 10
left_child=1 7 3 5 -3 10 12 -1 18 -9 -2 -12 17 29 15 22 19 -6 -4 20 -17 23 -5 24 -22 -11 -10 28 -28 -7
right_child=2 4 8 14 6 13 -8 9 26 25 11 -13 -14 -15 -16 16 -18 -19 -20 -21 21 -23 -24 -25 -26 -27 27 -29 -30 -31
leaf_value=-0.0044007442025117112 0.095986878877783344 -0.013740848055960273 -0.0082804329290675268 0.10496551876957838 0.069149158123593943 0.035338842434137242 -0.0059297592205499955 0.017062797302842759 0.080915050114582054 -0.017764640480030555 0.020192893109519237 0.081006085091019878 0.017862424897352527 -0.036303714631981898 0.11126327887433106 0.086338913787188054 -0.021407253429282475 0.023987815990572717 0.055783407778152577 0.098368671869369248 0.055341199245475495 -0.074542412691788226 0.072319454919683598 0.11374561194434976 -0.041999029650818698 0.085937167361350292 0.019740499499497022 0.071141714775439374 -0.1122685295204064 0.073398122141263816
leaf_weight=50.374398197527626 773.76617288390116 145.05016710427844 70.282461784641782 986.02447847297299 387.11858521764952 160.70039462726709 118.38725658009935 78.86831843345135 336.04593687092711 11.823182579886632 123.8902871615428 587.65302661371243 170.65113251649746 21.087691795808496 583.11082696012454 317.87855282503006 19.387325784075074 87.477753869869048 67.088739291997626 341.75757688890735 111.72134228580398 13.423982381733365 146.18258760299068 31.563941508502467 16.551333371884539 577.05815101040935 34.122203016595449 89.034642488986719 9.3236627369769831 172.81710674689384
leaf_count=27240 8077 67363 7886 4649 21686 12037 31086 13369 2500 9437 2721 10401 24889 1562 1664 3535 482 7083 2137 1687 1828 283 941 319 442 31206 378 805 128 3354
internal_value=0 0.0492218 0.0851663 0.0886353 0.0323534 0.0777136 0.0411089 0.0705663 0.0599318 0.0762218 0.0844191 0.0718398 0.0497394 0.0496266 0.0964616 0.0921124 0.0806371 0.0595698 0.0230068 0.0830124 0.0723268 0.0466191 0.10075 0.056795 0.0427812 0.0824549 0.0707582 0.0449946 -0.00858918 0.0550598
internal_weight=0 1626.81 5013.41 4407.52 908.685 1839.91 763.635 718.124 605.898 667.75 1485.31 711.543 645.247 354.605 2567.6 1984.49 852.284 474.596 137.371 832.897 491.139 173.261 1132.21 159.837 128.273 588.881 468.526 132.481 43.4459 333.518
internal_count=301175 233359 67816 53982 152107 38152 84744 81252 13834 54012 21199 13122 53658 16953 15830 14166 8576 28769 10023 8094 6407 2872 5590 2589 2270 40643 3811 1311 506 15391
cat_boundaries=0 2 4 6
cat_threshold=2152399392 1000331 3796372523 4990355 625326325 1093664
is_linear=0
shrinkage=0.1


Tree=19
num_leaves=31
num_cat=3
split_feature=157 171 170 157 170 237 168 156 237 168 156 170 163 156 86 166 237 210 166 164 106 96 163 165 163 157 119 142 157 93
split_gain=126.622 47.1702 45.8746 44.0213 36.762 26.1709 25.8647 21.2031 39.4308 19.2191 19.1246 18.6526 17.1388 13.0001 12.4178 11.8173 11.588 11.7054 11.4141 17.5476 11.3899 11.3036 11.4269 10.3759 10.9867 10.3628 10.2672 10.028 9.93658 15.9367
threshold=0.53720706701278698 0.3453053236007691 0.4837751984596253 0.61278760433197033 0.53612041473388683 0 3.4835243225097661 0.29198718070983892 1 3.1285945177078252 1.0000000180025095e-35 0.47530725598335272 0.37808977067470556 1.0000000180025095e-35 -1.1852712035179136 0.44974142313003546 2 -0.10561821237206458 0.66701316833496105 2.8617925643920903 0.011195648927241566 -0.23297778517007825 0.19967179000377658 89.500000000000014 0.564264476299286 0.65648138523101818 0.0093405391089618223 0.016440964303910736 0.63768562674522411 0.18131834268569949
decision_type=2 2 2 2 2 9 2 2 9 2 2 2 2 2 2 2 9 2 2 2 2 2 2 2 2 2 2 2 2 2
left_child=2 3 5 4 7 13 -4 11 27 15 -8 -2 20 -1 -5 -3 17 -12 19 -16 -6 -21 -23 24 -13 -20 -7 -9 29 -11
right_child=1 9 6 14 12 26 10 8 -10 28 16 23 -14 -15 18 -17 -18 -19 25 21 -22 22 -24 -25 -26 -27 -28 -29 -30 -31
leaf_value=-0.096306607624774831 0.11162657371232131 -0.049102016761496968 0.0053438090563355262 0.057818914189916172 0.042358846918350318 0.016915536505882681 -0.10400780312092579 -0.038295041891178758 0.076021226721452687 0.067412473716498486 -0.02498019350730607 0.091385507385797621 -0.011168943961573578 0.09067990461378235 0.10355793814585244 0.037284957702921222 0.0099316402475412829 0.065070708229108723 0.09521306651042255 -0.058065203190358884 0.075824867230598045 0.085655612370590689 0.047681263083610669 0.064062205436338102 -0.040936311153349891 0.11194549597720715 0.057894638583560434 0.053411259402601378 0.071949561340639845 -0.0013589795331984927
leaf_weight=3.7593084482432451 325.09008361968154 22.478473350718559 265.04109001432153 80.755877617106307 226.14414837492222 113.29682373333708 8.2974453429887927 44.690235614223639 519.6222668092596 91.35251705810515 15.24375925678032 588.06013554909441 39.989561857903027 339.52493145229528 402.78157987173472 53.579684761214594 80.734383143666491 271.99503950810322 797.42784139938885 6.3177639239147529 184.8045834720906 334.35278141131857 103.85339162348828 208.83840192251955 6.3425591763079856 690.75457344393362 132.81160403309332 16.262918164371513 478.27966786632896 53.389673359910375
leaf_count=3940 2945 4516 86223 611 9649 22149 8105 1436 10890 3787 2432 6848 10965 30266 3151 3808 17139 21923 3573 139 6112 2337 3377 3216 1851 1647 21851 340 3613 2556
internal_value=0 0.0834024 0.0477809 0.0870984 0.0767245 0.0679201 0.0292722 0.0834262 0.0678977 0.0592089 0.0461271 0.0914163 0.0513271 0.0861234 0.0963715 0.0117539 0.0495125 0.0582633 0.0977046 0.0884397 0.0574086 0.0747411 0.0766558 0.0832368 0.0899736 0.10298 0.0375058 -0.0118781 0.0650021 0.0420454
internal_weight=0 5275.17 1230.7 4576.09 2159.84 589.393 641.312 1708.91 580.575 699.08 376.271 1128.33 450.938 343.284 2416.24 76.0582 367.973 287.239 2335.49 847.306 410.949 444.524 438.206 803.241 594.403 1488.18 246.108 60.9532 623.022 144.742
internal_count=301395 87367 214028 69087 54252 78206 135822 27526 12666 18280 49599 14860 26726 34206 14835 8324 41494 24355 14224 9004 15761 5853 5714 11915 8699 5220 44000 1776 9956 6343
cat_boundaries=0 2 4 6
cat_threshold=1048853716 35920 4718634 4985010 591722613 1356337
is_linear=0
shrinkage=0.1


Tree=20
num_leaves=31
num_cat=3
split_feature=157 171 157 156 168 168 237 12 168 237 175 237 7 144 157 157 10 210 169 184 115 157 93 12 9 92 156 157 224 156
split_gain=107.833 41.3054 42.1286 39.9086 30.5366 19.9422 23.9201 18.2137 16.4433 15.5919 14.4262 13.5098 12.8325 15.0092 12.1327 11.7072 11.2974 11.0875 10.7398 10.5857 10.4287 10.3623 16.5519 10.2721 9.98768 9.8768 12.6624 9.48943 9.40301 9.34001
threshold=0.52937316894531261 0.3453053236007691 0.65648138523101818 1.0000000180025095e-35 3.1861792802810673 3.443541526794434 0 27.500000000000004 3.1285945177078252 1 0.23086272925138476 2 0.12580749392509463 -0.06106299348175525 0.38639315962791448 0.58115372061729442 34.500000000000007 0.16434203088283542 2.5000000000000004 -0.11222951859235762 -0.047138147056102746 0.63768562674522411 0.13221641629934314 59.500000000000007 0.034657057374715812 0.91001641750335704 0.27311578392982488 0.6036476492881776 -0.074881233274936662 0.15170694142580035
decision_type=2 2 2 2 2 2 9 8 2 9 2 9 8 2 2 2 8 2 2 2 2 2 2 8 10 2 2 2 2 2
left_child=3 2 5 -1 9 6 18 -6 -3 -5 11 -9 13 -7 -13 19 -8 -18 27 -14 -20 22 -10 -4 -21 26 -17 -2 -28 -16
right_child=1 8 23 4 7 12 16 10 21 -11 -12 14 15 -15 29 25 17 -19 20 24 -22 -23 -24 -25 -26 -27 28 -29 -30 -31
leaf_value=-0.1037060920723178 0.080073024970625989 0.014908785667492444 0.047086631300026154 0.04551772611591335 -0.039650699398697836 -0.17443064875151587 -0.032951317206797094 0.015483617660352809 0.078493306115374112 -0.010881190050903088 0.13979185086433851 -0.0010033978607574344 0.10661141590492842 0.070207521820736765 0.078179166006607445 0.10640187229928762 0.055553604578022026 0.12024282854138831 -0.046419699357263713 0.074807545680474638 0.066934739756505726 0.071768978530546965 0.010066372830904481 0.10450128645765569 -0.16939527777452446 0.10749434682106168 0.020823750024246572 0.10309456744708739 0.080217131194851091 0.05471212314473755
leaf_weight=17.262681463200352 396.63536684335122 73.921668856943143 32.109984331444139 73.802110959499259 18.781897290849884 2.528994610591325 13.918649064966301 94.640960411576089 64.680759379276424 113.95028978201299 22.020593712528353 28.278155383071862 122.82576506378246 300.4798261099495 322.7123617971738 209.4944679850887 701.15099158752128 27.535899195965612 8.6845611187018203 529.19609668738849 124.02438982250897 483.33982744842069 77.956525023349968 1054.46715761628 1.6801186980446789 490.21435506212583 29.610903768683784 326.38532082094753 267.09216971055139 357.47108990102424
leaf_count=21484 16917 8745 1125 21592 25123 57 8645 22091 3083 39660 3240 11542 1305 5154 41029 786 20135 495 500 7834 3666 3578 3892 3153 69 2266 224 3401 1845 18223
internal_value=0 0.082157 0.0855742 0.0470849 0.0496081 0.0803025 0.072019 0.0577231 0.0595124 0.013133 0.0599396 0.0577501 0.0870813 0.0681657 0.0622984 0.0905548 0.0555455 0.0579981 0.0846763 0.0801556 0.0595168 0.0647796 0.0410955 0.102805 0.0740347 0.0973773 0.0875796 0.0904654 0.0742897 0.065846
internal_weight=0 5337.93 4638.04 1048.92 1031.66 3551.46 1598.34 843.905 699.899 187.752 825.123 803.103 1953.12 303.009 708.462 1650.11 742.606 728.687 855.73 653.702 132.709 625.977 142.637 1086.58 530.876 996.412 506.198 723.021 296.703 680.183
internal_count=300859 96875 77577 203984 182500 73299 53759 121248 19298 61252 96125 92885 19540 5211 70794 14329 29275 20630 24484 9208 4166 10553 6975 4278 7903 5121 2855 20318 2069 59252
cat_boundaries=0 2 4 6
cat_threshold=287938032 1348672 1704993011 4499476 2151891456 5062923
is_linear=0
shrinkage=0.1


Tree=21
num_leaves=31
num_cat=4
split_feature=157 86 156 3 171 170 157 170 163 156 160 13 168 170 183 138 129 69 106 237 69 237 170 168 207 185 237 237 71 143
split_gain=78.5062 42.1301 30.3634 29.1722 27.0842 26.2001 37.2666 23.617 23.4377 22.9061 20.22 19.2176 18.4392 16.8776 14.635 15.175 13.7883 13.0834 14.6881 13.0028 13.017 12.9777 12.7494 12.4758 12.0786 11.7802 11.4548 10.585 10.5481 9.11778
threshold=0.51803588867187511 -0.85828575491905201 1.0000000180025095e-35 0.09175084158778192 -0.0079010277986526472 0.48162244260311132 0.59552291035652172 0.48162244260311132 -1.0655248761177061 0.21294035762548449 1.0000000000000002 0.020654105581343177 3.7635895013809209 0.61212351918220531 -0.056701883673667901 0.033421708270907409 -0.011745697818696497 2.117678284645081 -0.023523443378508088 0 2.1863993406295781 1 0.55072519183158886 3.4835243225097661 0.041464839130640037 -0.01185147976502776 2 3 0.17694497108459475 -0.017300288192927834
decision_type=2 2 2 8 2 2 2 2 2 2 2 10 2 2 2 2 2 2 2 9 2 9 2 2 2 2 9 9 2 2
left_child=2 3 -1 26 14 -3 9 19 -6 22 23 21 -11 -8 15 24 -15 18 -16 -4 -21 -10 -7 -9 -5 -26 -2 -12 -23 -18
right_child=1 5 7 4 8 6 13 10 11 12 27 -13 -14 16 17 -17 29 -19 -20 20 -22 28 -24 -25 25 -27 -28 -29 -30 -31
leaf_value=-0.10003897253513078 0.037064201332102073 0.1099426582131966 0.022105737510964153 0.08494950465495818 0.080351105657827313 0.093282534298460965 0.095167084624105877 0.026835733847279039 0.055985193490167923 0.0318315785872176 0.026183551597815609 0.061645756494623762 0.077732546525913271 0.08503564833154556 -0.1235642236496622 0.019363682994990063 0.083402876412798435 0.089858308562308448 0.059803636219852241 0.045678248960619658 0.090212983534967844 -0.0039729815517732976 0.038492820632533092 0.069970675161684884 -0.032570715243567881 0.075420229280310405 -0.035243326523968214 -0.024399834474284829 0.1074483179333936 -0.059481241137258473
leaf_weight=13.430844557346061 43.629074850337929 529.25373417942319 83.638672216846317 200.13919844062184 414.70365540172497 284.48032958545446 1638.0604533774895 119.75970842178504 68.917733502574265 233.10034034238197 87.561309346881899 434.33767486303987 140.13104792125523 26.258214964720537 5.8089703785371993 61.94819364711293 6.0966100271034547 1098.4118122837099 17.614861785812536 88.50687031763664 253.93976813480913 123.83635324946954 49.924393892943044 152.35069922068578 18.906520416014246 21.689403076888993 27.769374931231141 62.400468244279182 9.1223360160074645 16.698039703936956
leaf_count=20895 4820 6334 19531 2443 5192 10047 13887 44580 2047 16577 20217 6376 1777 508 172 982 91 16261 433 9378 33085 6481 7134 21180 790 486 8020 20446 234 653
internal_value=0 0.0816173 0.0491415 0.0722145 0.0740321 0.0898072 0.0853572 0.0515038 0.0618539 0.0660954 0.0347378 0.0497969 0.0490653 0.0934363 0.0830164 0.063503 0.0356379 0.0882813 0.0143295 0.0681118 0.0764697 0.024304 0.0851028 0.0509864 0.0748613 0.0251262 0.00919628 0.00525429 0.00341483 -0.0212657
internal_weight=0 5470.84 861.588 2546.84 2475.44 2924 2394.75 848.157 1050.92 707.636 422.072 636.214 373.231 1687.11 1424.52 302.683 49.0529 1121.84 23.4238 426.085 342.447 201.876 334.405 272.11 240.735 40.5959 71.3984 149.962 132.959 22.7946
internal_count=301057 111745 189312 54737 41897 57008 50674 168417 20330 35535 106423 15138 18354 15139 21567 4701 1252 16866 605 61994 42463 8762 17181 65760 3719 1276 12840 40663 6715 744
cat_boundaries=0 2 4 6 8
cat_threshold=2153464354 6120331 138691160 267329 349522193 170771 3773041389 5809969
is_linear=0
shrinkage=0.1


Tree=22
num_leaves=31
num_cat=1
split_feature=157 170 171 160 237 157 157 156 157 86 170 195 197 4 173 137 160 158 207 208 130 156 227 147 167 138 170 10 225 174
split_gain=75.6547 43.5704 39.997 26.3543 22.0579 20.6667 19.0446 18.2943 17.1987 16.1878 16.3678 13.9512 13.2932 13.2646 12.5168 12.0155 11.58 12.5286 10.8961 10.6693 12.8295 10.6239 10.3821 11.0758 10.3624 10.2156 10.1826 9.94453 9.94228 9.93706
threshold=0.5750851333141328 0.48162244260311132 0.3453053236007691 1.0000000000000002 0 0.6861170530319215 0.4534135907888413 0.20483683049678805 0.42956304550170904 -0.9762519598007201 0.51061841845512401 -0.061862872913479798 -0.07244840636849402 0.15411606431007388 -0.026853105984628197 0.02988724131137133 1.0000000000000002 1.0000000180025095e-35 -0.10031323134899138 -0.080037344247102724 -0.029874609783291813 0.17512886226177218 0.0030294521711766724 0.021935802884399894 2.5000000000000004 -0.041844272986054414 0.42755009233951574 134.50000000000003 0.067409664392471327 0.10225609317421915
decision_type=2 2 2 2 9 2 2 2 2 2 2 2 2 10 2 2 2 2 2 2 2 2 2 2 2 2 2 8 2 2
left_child=1 6 5 8 24 7 26 -2 -3 15 14 -12 -13 19 25 27 -8 18 -18 20 -10 -19 23 -17 -5 -11 -1 -9 -4 -14
right_child=2 3 28 4 -6 -7 16 9 13 10 11 12 29 -15 -16 22 17 21 -20 -21 -22 -23 -24 -25 -26 -27 -28 -29 -30 -31
leaf_value=0.082206637144881189 0.10169008201415353 -0.012848598166980986 0.052973350073850844 0.054247162289483668 0.0013686143398381971 0.10721609022028174 0.094713933609184661 0.0094324553186340039 0.090354227224037839 0.024722841410549153 0.09458398870855686 0.086859710226668982 0.053857129244460566 0.012450104334629633 0.11279263837389274 0.019996353599364455 0.10484500483229496 0.10418190084729051 -0.0063860462739074074 0.070270961475283972 -0.0008586114322810417 0.060931481959434423 0.073517816250286236 -0.11318927576558491 -0.010064140898173127 0.090119927924765253 0.025325585976997852 0.075956613019145094 0.081005760448043418 0.086457010134400131
leaf_weight=47.642066454929591 551.52386553756514 30.921225940117438 446.17138294616598 269.09794145102387 177.19009233021097 501.84802050510189 454.17541202991561 23.948916741224821 23.003361185386893 25.607278811861761 382.01951349755109 344.74588729503012 397.16833658692485 48.442209113276476 309.70492646469211 38.164601118623978 11.772428524280256 94.906587431876687 34.960531184959109 679.01915277429362 46.779029538734903 141.42782560191699 30.56669605197385 7.4653251656563944 27.626663148334046 355.37693027843488 92.725463307975588 364.17453797618509 176.60063290216203 122.29403845145134
leaf_count=11834 5631 20926 11198 32036 32332 1526 16522 1766 2441 207 3673 4204 7938 10475 2232 580 346 4796 2496 60400 8018 5690 477 72 6723 2881 37711 2471 2181 1318
internal_value=0 0.0611706 0.0842495 0.0495633 0.0307565 0.0884547 0.0783919 0.0852661 0.0603255 0.0814937 0.0855138 0.0786702 0.0716356 0.0631635 0.0978618 0.0647241 0.0848197 0.0689446 0.021634 0.0664443 0.0292092 0.0782999 0.028418 -0.0017936 0.0466861 0.0857244 0.0446316 0.0718518 0.0609226 0.0615319
internal_weight=0 2179.69 4077.38 1302.08 473.915 3454.61 877.61 2952.76 828.165 2401.24 1936.92 1246.23 864.208 797.244 690.689 464.32 737.243 283.067 46.733 748.802 69.7824 236.334 76.1966 45.6299 296.725 380.984 140.368 388.123 622.772 519.462
internal_count=301101 252746 48355 173351 71091 34976 79395 33450 102260 27819 22453 17133 13460 81334 5320 5366 29850 13328 2842 70859 10459 10486 1129 652 38759 3088 49545 4237 13379 9256
cat_boundaries=0 2
cat_threshold=4052085429 581681
is_linear=0
shrinkage=0.1


Tree=23
num_leaves=31
num_cat=0
split_feature=157 171 156 170 160 167 160 167 171 8 166 170 158 202 90 95 11 86 86 170 164 104 169 156 157 184 159 183 109 112
split_gain=59.758 36.2067 36.1945 33.9817 20.2877 26.3001 19.7924 27.8717 23.7116 15.8708 14.665 13.2607 20.4412 13.1479 13.0797 13.3971 12.4952 12.0751 11.9716 12.3966 12.2082 12.4075 16.1979 11.8922 12.2143 11.557 10.8286 10.3766 10.2407 10.009
threshold=0.56416428089141857 0.3453053236007691 1.0000000180025095e-35 0.54416155815124523 1.0000000000000002 2.5000000000000004 1.0000000000000002 2.5000000000000004 0.0065280701965093621 0.1945576146245003 0.8878503441810609 0.54832735657691967 0.36666667461395269 -0.1485432758927345 1.8502873778343203 0.2356812730431557 0.0072781592607498178 -0.85828575491905201 -0.96732068061828602 0.60061484575271618 4.0689902305603036 -0.016965625807642933 2.5000000000000004 0.17512886226177218 0.39949755370616918 -0.12403843924403189 0.1449256166815758 -0.03636976704001426 0.0094682178460061567 -0.033175779506564133
decision_type=2 2 2 2 2 2 2 2 2 10 2 2 2 2 2 2 8 2 2 2 2 2 2 2 2 2 2 2 2 2
left_child=2 6 -1 4 16 9 18 11 14 -6 -3 17 13 -13 15 27 -4 -8 20 -20 21 22 -2 24 -18 -16 -10 -9 -23 -14
right_child=1 10 3 -5 5 -7 7 8 26 -11 -12 12 29 -15 25 -17 23 -19 19 -21 -22 28 -24 -25 -26 -27 -28 -29 -30 -31
leaf_value=-0.10286379682758454 0.041839475935088882 0.040387347707828515 0.021528314075161495 0.018976019308562235 0.036999474295340944 -0.0056929789122626626 0.075819969557990544 -0.058140808581748499 0.099075002936818368 0.07306226677198252 0.072618557210631998 -0.053439007891427019 0.036511607328205554 0.0484389374184791 -0.11095913076471448 -0.13702219670196189 0.02960144485305707 0.098675512050330871 0.099036041302678013 0.061000489048109008 0.089166181772851349 0.033013478799271932 -0.11930349005653514 0.068076728084714197 0.094132939082120198 0.089859024758944028 -0.099985116108659081 0.054148115217361438 0.11676598172242336 0.10086355795650413
leaf_weight=13.138436878663923 68.254849351578741 209.69263117660012 39.839954661445518 155.13581233280638 185.29229707031482 66.91860127255859 396.0244006599678 10.190299471127217 3.296345328504688 357.45457770764551 431.96317408251343 13.943110120133495 29.255844962186529 138.47605484318046 2.9905262609245247 5.1088802995800497 31.373389449025126 555.25710677780444 1751.2870166018984 90.097195461072261 390.95331148013065 22.614806662284536 6.8652849195350418 515.15648922396213 450.50821029293729 68.680517837405205 15.984266535175264 42.77366246591555 41.190869345766259 139.01486359922274
leaf_count=22261 1684 11237 25295 43746 34486 12950 3901 477 68 23797 3460 460 634 3555 297 298 14511 4897 16185 2154 2488 603 224 22408 43339 1109 580 1408 608 1794
internal_value=0 0.0840538 0.062512 0.0637179 0.0679335 0.0534575 0.0877709 0.0784385 0.0375223 0.0607505 0.0620854 0.0832323 0.0656467 0.0391193 0.0528992 0.0176263 0.0764451 0.0891606 0.0933634 0.097175 0.0801179 0.0546549 0.0271125 0.0786395 0.0899316 0.0814797 -0.0659524 0.0325437 0.0870814 0.0896752
internal_weight=0 4433.92 1814.82 1801.68 1646.54 609.665 3792.26 1421 149.024 542.747 641.656 1271.97 320.69 152.419 129.744 58.0728 1036.88 951.282 2371.26 1841.38 529.879 138.926 75.1201 997.038 481.882 71.671 19.2806 52.964 63.8057 168.271
internal_count=300914 58121 242793 220532 176786 71233 43424 19478 4237 58283 14697 15241 6443 4015 3589 2183 105553 8798 23946 18339 5607 3119 1908 80258 57850 1406 648 1885 1211 2428
is_linear=0
shrinkage=0.1


Tree=24
num_leaves=31
num_cat=0
split_feature=157 170 74 160 167 86 157 13 66 156 157 156 206 157 177 161 168 156 170 75 195 90 172 183 4 81 134 86 86 13
split_gain=60.8544 43.3341 34.2012 33.5984 26.5551 21.4276 16.1204 15.2775 14.9743 13.335 12.0198 12.2673 14.6876 13.2651 11.9842 11.798 11.6493 11.4801 12.8783 16.6663 13.3195 11.2648 11.2542 11.0927 10.9055 10.8882 10.8283 10.1823 9.98741 9.48025
threshold=0.61278760433197033 0.47702896595001226 0.37668919563293463 1.0000000000000002 2.5000000000000004 -0.887874275445938 0.6861170530319215 0.0072595521342009315 6.0089678764343271 0.022347066551446918 0.4534135907888413 0.15170694142580035 0.15251560509204867 0.58793500065803539 -0.1857536509633064 3.340059876441956 3.443541526794434 0.2327174320816994 0.4837751984596253 0.22335600852966311 -0.13575528562068936 1.5900974273681643 0.46331852674484258 0.056314880028367049 0.15411606431007388 0.3034138828516007 -0.010146227665245531 -0.78950834274291981 -0.79820320010185231 0.010666742455214264
decision_type=2 2 2 2 2 2 2 8 2 2 2 2 2 2 2 2 2 2 2 2 2 2 2 2 8 2 2 2 2 8
left_child=1 5 6 7 10 8 17 -3 29 -9 -5 28 13 15 -11 -13 24 -2 -19 20 -20 -6 -21 27 -16 -22 -7 -4 -12 -1
right_child=2 3 23 4 21 26 -8 9 -10 14 11 12 -14 -15 16 -17 -18 18 19 22 25 -23 -24 -25 -26 -27 -28 -29 -30 -31
leaf_value=-0.0010473807307172277 0.10608406795840389 -0.0062862372962967476 0.080981403378055122 -0.015217023095686042 -0.056333916415196798 0.11306161170478757 0.10747111723944157 -0.014490753960844325 0.024194824746442387 0.1044064367570523 0.058006928146752561 -0.0053029214624377412 0.11282671451355408 0.061811549761299628 0.066216746025669806 0.039941544808618064 0.076800144500241779 0.10537697419673085 0.11195273357960665 0.041723695727135655 0.081955856062702725 0.018385987590597445 -0.13621749707442093 0.04200732170071797 0.031616476305755252 0.035100701932225371 0.085480329569695715 -0.050764639010992457 0.10246762282152418 0.079742715991477017
leaf_weight=15.07459613724677 305.29496928848675 25.748218148333763 184.46335363038816 26.148535331885796 29.444430903873581 272.40669217968207 572.33595118438825 17.851078879113629 62.280409050646995 108.70216404349048 148.00815981559936 80.226051768368052 30.012511727814854 181.13993942356319 355.80178494098436 204.65862848880352 866.75567579767812 257.70811253602733 145.39727227017283 60.458990311512025 1071.3785291684471 64.104289559923927 3.7763790754252105 176.71469990926562 122.44165855750907 52.002430971566355 298.11980593213411 6.0590998326370018 76.710258681589039 398.08425383056237
leaf_count=5511 2152 25544 2306 16802 6999 15754 1983 11127 9771 6909 15879 5709 700 3981 30260 15575 28056 1639 640 711 10751 10338 22 3319 17435 472 22007 93 8763 19835
internal_value=0 0.0686652 0.0885261 0.0610956 0.0450942 0.0855836 0.0927622 0.0700773 0.0699046 0.0714135 0.0513849 0.0538012 0.0450202 0.0406534 0.0724684 0.0272003 0.0698872 0.0883222 0.0849133 0.0809571 0.083473 -0.00513208 0.0312626 0.0600534 0.0573583 0.0797869 0.0986494 0.0767915 0.0731841 0.076795
internal_weight=0 3383.72 2835.59 2337.75 840.453 1045.97 2468.35 1497.3 475.439 1471.55 746.904 720.756 496.037 466.025 1453.7 284.885 1345 1896.02 1590.72 1333.01 1268.78 93.5487 64.2354 367.237 478.243 1123.38 570.526 190.522 224.718 413.159
internal_count=301043 276955 24088 204077 84746 72878 18370 119331 35117 93787 67409 50607 25965 25265 82660 21284 75751 16387 14235 12596 11863 17337 733 5718 47695 11223 37761 2399 24642 25346
is_linear=0
shrinkage=0.1


Tree=25
num_leaves=31
num_cat=1
split_feature=86 13 157 170 66 157 170 237 170 156 13 170 93 157 128 181 150 81 157 131 170 182 156 200 124 150 11 156 227 76
split_gain=58.2435 32.747 27.7316 40.5071 25.2505 19.9264 19.4039 18.1326 13.5366 13.4253 11.2943 11.0801 10.8349 10.7701 13.3129 10.7695 10.7954 10.2235 10.0985 10.3296 10.0369 10.0259 10.7971 9.73565 9.61538 10.0613 9.60514 9.50985 8.9906 8.85397
threshold=-0.95728516578674305 0.020654105581343177 0.61278760433197033 0.54416155815124523 9.2156176567077654 0.41595722734928137 0.47702896595001226 0 0.47702896595001226 0.14523021876811984 0.0051115783862769612 0.57049536705017101 0.23112467676401141 0.5750851333141328 0.042765228077769286 0.036038214340806014 -0.036600917577743523 0.087337911128997817 0.65648138523101818 -0.057902820408344262 0.41605599224567419 -0.13578368723392484 0.029557367786765102 0.043947502970695503 -0.022815467789769169 -0.0025050197727978225 0.046444220468401916 1.0000000180025095e-35 -0.12205140665173529 0.23524305224418643
decision_type=2 8 2 2 2 2 2 9 2 2 10 2 2 2 2 2 2 2 2 2 2 2 2 2 2 2 10 2 2 2
left_child=1 7 3 6 5 -3 20 10 -7 27 -1 12 -4 26 17 16 -13 -15 24 -20 -2 -10 -23 29 25 -18 -11 -8 -21 -22
right_child=2 4 11 -5 -6 8 9 -9 21 13 -12 15 -14 14 -16 -17 18 -19 19 28 23 22 -24 -25 -26 -27 -28 -29 -30 -31
leaf_value=-0.037349285908508688 0.12666982963332504 -0.003370676862801604 0.10010505580011719 0.044034954433957441 -0.0039136810365191371 0.088648052477992983 -0.10219259366993097 0.0023085651206383711 0.041526430136446482 0.043436298646509275 0.07387940422290902 -0.049227538043871429 0.072782465883896114 0.091593683918257979 0.0067640631298822688 0.099390281021598012 0.048029656826301025 0.053034495590978281 -0.099548876696201494 -0.080482545872564787 0.10131920079213325 -0.025776402795849723 0.071443535362036945 0.066877494331464393 0.068116754806640686 -0.058222771113513809 0.073459613502601828 0.092133779525316109 0.094310045505262743 0.048847686459939699
leaf_weight=10.099970303879671 90.900558619676303 35.545102951487934 1382.9777688366958 319.50048374766266 46.720390339623918 384.39757673515123 2.5356385112063426 135.14349901008973 136.21535589676569 238.13553596159545 94.960884388276099 7.6792875854007425 162.15503787128546 323.67225337978743 23.989483827288495 171.59470968192909 23.230700432788581 87.308838479933911 2.898871286364737 3.0001995569618876 452.42789475292375 11.551049879755736 1034.0206101284057 130.97170273623487 83.511616514915659 14.458913136681074 192.85438676969352 368.63263862951499 153.48031804438506 34.618824373110328
leaf_count=7875 6146 17270 7692 40744 5365 8201 6422 24756 3426 25342 5946 168 2208 4669 650 853 439 1415 41 71 24847 4787 30609 11887 1580 589 7974 44963 1248 3000
internal_value=0 0.0635266 0.0846162 0.0770354 0.0685531 0.0706668 0.0824534 0.0290315 0.0723471 0.0748945 0.0576949 0.0931822 0.0972377 0.0680744 0.0791754 0.0795555 0.0677483 0.0834022 0.0709499 0.0874937 0.0956444 0.067045 0.0703695 0.091081 0.0491948 0.00726791 0.0568708 0.0908062 0.0909587 0.0975896
internal_weight=0 1888.65 4270.54 2265.55 1648.45 1601.73 1946.05 240.204 1566.18 1237.13 105.061 2004.99 1545.13 865.96 434.971 459.855 288.26 410.981 280.581 159.379 708.919 1181.79 1045.57 618.018 121.201 37.6896 430.99 371.168 156.481 487.047
internal_count=301183 108235 192948 178059 69658 64293 137315 38577 47023 91435 13821 14889 9900 40050 6734 4989 4136 6084 3968 1360 45880 38822 35396 39734 2608 1028 33316 51385 1319 27847
cat_boundaries=0 2
cat_threshold=570757144 4907587
is_linear=0
shrinkage=0.1


Tree=26
num_leaves=31
num_cat=2
split_feature=12 157 171 237 156 157 170 81 170 156 85 158 158 237 230 121 139 92 220 166 211 213 209 104 157 12 155 136 156 193
split_gain=43.6322 38.1781 29.1324 28.7512 15.9489 14.4482 25.358 16.1077 13.2621 12.989 12.335 11.8949 11.447 10.5216 10.3514 16.4309 9.67443 9.28324 9.52644 8.83898 8.80564 8.65724 8.59093 8.24917 8.03454 8.03226 11.9363 7.86135 7.61448 7.51211
threshold=22.500000000000004 0.5750851333141328 0.45464123785495764 0 1.0000000180025095e-35 0.65648138523101818 0.53364601731300365 0.43050193786621099 0.44593857228755956 0.31726674735546118 64.500000000000014 0.29166667163372045 0.18333333730697635 1 -0.06613729894161223 -0.037980105727910989 -0.03887928090989589 0.91001641750335704 -0.1046827659010887 0.85254395008087169 -0.07987866178154944 0.15327830612659457 0.033364374190568931 -0.07542609795928 0.34827573597431188 164.50000000000003 -0.00615961686708033 0.044290034100413329 0.14523021876811984 0.10960656404495241
decision_type=8 2 2 9 2 2 2 2 2 2 2 2 2 9 2 2 2 2 2 2 2 2 2 2 2 10 2 2 2 2
left_child=-1 3 5 4 -2 6 7 17 9 24 11 13 -10 -5 15 -8 -14 18 -3 -4 -7 29 -13 -12 -6 26 -15 -17 -18 -16
right_child=1 2 19 10 8 20 14 -9 12 -11 23 22 16 25 21 27 28 -19 -20 -21 -22 -23 -24 -25 -26 -27 -28 -29 -30 -31
leaf_value=-0.023469384600609138 -0.095737667298576593 0.11012617026205095 0.035429278544799228 -0.010402826719063358 -0.0094987928233379003 0.11743178187118408 -0.092341780182915792 -0.0042312279315895414 0.058617247575455417 -0.015828932194763754 0.039651111444255399 0.045017241426708987 0.11906491338609014 -0.023277357696547721 0.06896151978333491 0.058860143658615471 0.092020461468783996 0.10080835216589218 0.080687569408275692 0.068424048904929549 0.093139989847856403 -0.1132277485635661 0.087329538074388091 0.072227572154221348 0.11566420919183247 0.054389899209892713 0.044783007816325437 -0.095321649665006281 0.069828819787696672 0.096359249939607497
leaf_weight=42.385022969890088 5.156386124573145 129.1846113531501 101.76932696864242 55.352376586060927 5.2948451802876653 180.75475688488223 9.0426957757445035 17.636481254827231 273.8492763408758 8.3781160584185255 99.743467919717659 124.7424898142981 66.304393445905589 41.797756237669091 628.60307512896543 65.262533927401819 262.19936054463687 661.39490151967038 737.32375302098808 401.54617335542571 855.48407482705079 2.4959229330415829 77.983327731266399 352.24605662235535 163.46530917145719 149.26875806460339 67.191090304913814 3.4834891069622236 376.8408570703541 119.02613442021539
leaf_count=55206 9622 551 7168 11778 1959 407 476 367 24434 411 12492 13292 2966 9503 10868 1905 27332 3780 6383 3149 3716 144 6688 38313 9545 10380 11970 153 14966 1139
internal_value=0 0.0783464 0.0842105 0.0675726 0.0790613 0.0875256 0.0832244 0.0907896 0.0805245 0.105704 0.0524341 0.0424157 0.0759695 0.0302125 0.0691018 0.0343789 0.0827065 0.0918864 0.0850765 0.0617526 0.0973773 0.0727026 0.0612937 0.0650387 0.111737 0.0378546 0.0186815 0.0510475 0.0789341 0.0733234
internal_weight=0 6042.82 3913.01 2129.81 1161.49 3409.69 2373.45 1545.54 1156.33 177.138 968.325 516.336 979.194 313.61 827.914 77.7887 705.345 1527.9 866.508 503.316 1036.24 750.125 202.726 451.99 168.76 258.258 108.989 68.746 639.04 747.629
internal_count=301063 245857 40206 205651 91235 29889 25766 11081 81613 11915 114416 63611 69698 43631 14685 2534 45264 10714 6934 10317 4123 12151 19980 50805 11504 31853 21473 2058 42298 12007
cat_boundaries=0 2 4
cat_threshold=2078293223 1095760 2147484168 5047307
is_linear=0
shrinkage=0.1


Tree=27
num_leaves=31
num_cat=1
split_feature=86 13 157 170 237 157 66 157 170 11 163 182 6 160 122 200 174 184 94 143 184 80 157 173 3 114 231 220 122 160
split_gain=48.8396 27.0789 24.435 31.6848 22.2138 19.3084 16.1455 15.3815 13.6049 12.6906 11.0184 9.8129 14.458 11.4047 9.71335 11.4358 9.38977 11.7214 9.87281 14.5037 12.0879 9.39978 9.168 11.5243 11.9521 9.14882 11.97 8.93737 11.9922 8.09027
threshold=-0.93589836359024037 0.020654105581343177 0.6861170530319215 0.4837751984596253 0 0.59552291035652172 9.2156176567077654 0.42956304550170904 0.57049536705017101 0.0053019176702946433 0.78638538718223583 0.022993405349552635 0.12613636255264285 1.0000000000000002 0.017655644565820697 0.10029592365026475 -0.062777036800980554 -0.27397856116294855 -0.03860285505652427 0.058850785717368133 -0.21284233778715131 0.41897973418235784 0.56941726803779613 -0.13379070907831189 0.26344709098339086 -0.062606658786535249 0.0028422841569408779 0.10949296131730081 -0.0032353738788515325 1.0000000000000002
decision_type=2 8 2 2 9 2 2 2 2 10 2 2 8 2 2 2 2 2 2 2 2 2 2 2 10 2 2 2 2 2
left_child=1 4 3 22 -1 8 7 -3 -5 -6 11 13 -13 -9 15 -14 17 -7 19 20 -19 -18 -2 24 -24 26 -4 -20 -29 -22
right_child=2 6 25 5 9 16 -8 10 -10 -11 -12 12 14 -15 -16 -17 21 18 27 -21 29 -23 23 -25 -26 -27 -28 28 -30 -31
leaf_value=-0.0053692180673752922 0.088758185463297279 0.0168760439755785 0.098750680056832144 0.069111916163317397 -0.030027104156799062 -0.05437102066746731 0.015768029289855261 0.076416507040255252 0.025171765112890904 0.069380592297232715 -0.043568088977945597 0.093412612484344529 0.050816044120867924 0.055523765662381069 0.078316558647136103 -0.051618638277147903 0.096765600593311796 -0.084691724375938263 0.088830510772727231 -0.099535598456223007 0.080899666595183953 0.052139459446427519 0.087815768305889552 0.11722595243715482 -0.063807889416008276 0.10890667105978713 -0.072304759757504541 -0.17332672129891624 0.05673221909079889 0.04965145800123355
leaf_weight=93.667743187326778 564.24671438619953 48.977185227458904 11.034029244212435 964.70217731328012 14.12760622319365 6.7282607252127482 52.287482220632228 706.49120893997315 76.017126408291006 141.15858309341456 7.9754968635297692 455.31152286649012 46.765571402524074 414.59738178426596 92.845043620767683 14.21040839118359 567.79265381784353 5.1112187216349403 524.81943474450236 5.2378628847945938 241.05008858337533 51.479042607432348 110.64563269470818 336.81396957937977 5.4551868146227198 466.68838293249428 6.5013351586530908 2.9271045366913322 10.029007268283745 126.24773288905271
leaf_count=19632 49920 22535 35 96910 10130 172 5891 16643 13799 12220 3898 8849 2207 12667 3113 649 4758 252 5509 98 3106 640 992 2020 165 1694 26 184 255 2609
internal_value=0 0.0663518 0.0851523 0.082315 0.0353995 0.0764263 0.0705409 0.0721434 0.0659024 0.0566863 0.0737006 0.0742412 0.0844579 0.06869 0.0579519 0.0269437 0.0835317 0.0771358 0.0781023 0.0657096 0.0680337 0.0930559 0.097264 0.107861 0.0806915 0.106242 0.0353309 0.086805 0.00475624 0.070159
internal_weight=0 2088.42 4083.53 3599.3 248.954 2582.14 1839.46 1787.17 1040.72 155.286 1738.2 1730.22 609.133 1121.09 153.821 60.976 1541.42 922.151 915.422 377.647 372.409 619.272 1017.16 452.915 116.101 484.224 17.5354 537.776 12.9561 367.298
internal_count=301578 118434 183144 181389 41982 128292 76452 70561 110709 22350 48026 44128 14818 29310 5969 2856 17583 12185 12013 6065 5967 5398 53097 3177 1157 1755 61 5948 439 5715
cat_boundaries=0 2
cat_threshold=1559923173 1115452
is_linear=0
shrinkage=0.1


Tree=28
num_leaves=31
num_cat=2
split_feature=157 171 157 170 157 13 170 158 156 157 2 11 173 156 156 157 237 4 175 141 204 237 93 227 127 6 200 156 110 17
split_gain=33.5303 26.8811 31.0269 22.9317 18.7478 17.734 17.2239 15.7392 14.9498 16.383 13.723 11.2559 10.9129 18.6098 10.8806 10.524 10.5137 10.0905 9.92895 9.45391 9.41804 10.7611 9.40622 9.35764 8.73696 9.70952 8.55578 7.81502 7.65139 7.63643
threshold=0.50376957654953014 0.3453053236007691 0.65648138523101818 0.47978931665420538 0.6861170530319215 0.026141942478716377 0.45801669359207159 0.36666667461395269 0.16749174892902377 0.59552291035652172 0.0089832418598234671 0.024922360666096214 0.064941428601741805 0.25116822123527532 0.1231822967529297 0.33250422775745397 0 1.0000000180025095e-35 0.61607006192207348 -0.033931951969861977 -0.17213649302721021 1 0.13221641629934314 -0.078224636614322648 -0.022431654855608937 0.090428091585636153 0.056257577612996108 0.57259953022003185 0.026056674309074882 1.5000000000000002
decision_type=2 2 2 2 2 8 2 2 2 2 10 8 2 2 2 2 9 8 2 2 2 9 2 2 2 10 2 2 2 2
left_child=6 2 3 12 17 10 15 11 -7 -10 26 -8 13 -2 -9 -1 -15 -3 19 -17 29 -22 -19 -18 25 -25 -5 -6 -20 -11
right_child=1 4 -4 5 27 8 7 14 9 20 -12 -13 -14 16 -16 18 23 22 28 -21 21 -23 -24 24 -26 -27 -28 -29 -30 -31
leaf_value=-0.043527919574079976 0.10090259758740172 -0.046806237465964955 0.099652522603502519 0.035921909651072906 0.089079011809238384 0.092665452209270846 -0.0014433255386396714 0.1129611760082435 0.06294443819056432 0.10471176833657232 0.064520989622020686 0.044246475395432534 0.11458778542168241 0.0049817141968122288 0.044462189198022584 0.033470172487649268 0.022494259923294544 0.076822558704306168 0.12104916027345521 0.086172675684459188 0.018207208717163647 0.085102296211653633 0.037281903811790688 0.069738066361296772 0.091902149535406263 -0.041778520943508674 -0.042036908442640027 0.054993635641277461 0.29436564498294981 -0.030356379912092526
leaf_weight=6.9130910718995429 447.84154804560967 11.624302708398316 991.3182942593703 56.588337587127171 226.6401417972811 555.79573214456832 68.599203204566948 49.93456578693349 782.71028439764632 6.1399136972613659 284.96965080300652 251.95719743579411 190.22253641291172 36.57689035567455 43.294536029894516 41.455878927210506 27.890175340580754 82.935101884060714 9.9858930766094982 190.1888057434935 47.361109118559398 1030.5287030987674 219.10784824355505 30.940803862395114 208.36780192531296 10.442759717203442 18.739481422569952 95.656049971759785 3.4194037018150985 13.152554613538085
leaf_count=5105 6343 5291 4268 15379 2022 18467 39819 15767 25498 32 15765 67240 2217 1291 9436 5632 677 5659 1492 24583 405 8453 8074 605 2652 264 6346 1244 807 155
internal_value=0 0.0813293 0.0839197 0.0797587 0.0620245 0.075194 0.0575381 0.0449867 0.078257 0.0739971 0.054487 0.0344688 0.0931613 0.0878129 0.081151 0.0781505 0.0691567 0.0446204 0.0815832 0.0767409 0.081882 0.0831215 0.048139 0.0747399 0.0835668 0.0415979 0.0165279 0.0789626 0.165258 0.0126297
internal_weight=0 5375.55 4739.59 3748.27 635.963 2795.99 665.749 413.786 2435.69 1879.89 360.297 320.556 952.283 762.06 93.2291 251.963 314.218 313.667 245.05 231.645 1097.18 1077.89 302.043 277.642 249.751 41.3836 75.3278 322.296 13.4053 19.2925
internal_count=300988 131107 108817 104549 22290 90500 169881 132262 53010 34543 37490 107059 14049 11832 25203 37619 5489 19024 32514 30215 9045 8858 13733 4198 3521 869 21725 3266 2299 187
cat_boundaries=0 2 4
cat_threshold=4194318 787840 8193 135824
is_linear=0
shrinkage=0.1


Tree=29
num_leaves=31
num_cat=2
split_feature=86 157 170 163 160 237 237 156 157 220 207 157 170 85 139 170 168 86 156 213 129 0 13 13 74 157 172 118 207 140
split_gain=46.3263 25.1962 26.4939 23.6246 19.8885 14.7585 13.3143 13.1195 11.5006 10.7524 10.549 11.0239 13.4198 10.9095 10.4315 9.78438 10.5069 8.88389 8.59108 8.5696 8.20915 9.78237 7.89569 7.87316 7.87108 8.06012 8.18262 23.1876 8.28897 7.76536
threshold=-1.0724866986274717 0.59552291035652172 0.55722075700759899 -0.82223075628280629 1.0000000000000002 0 1 0.20483683049678805 0.44172908365726476 0.047478532418608672 -0.12978826463222501 0.62373504042625438 0.51890456676483165 92.500000000000014 0.049511827528476722 0.48162244260311132 2.9483157396316533 -1.3466098904609678 0.14523021876811984 0.11940202116966249 0.0020910172024741773 0.20550528168678286 0.044833278283476836 0.061335224658250816 0.37668919563293463 0.6861170530319215 -0.20772697031497953 0.0536926668137312 -0.050924010574817651 0.00073700601933524023
decision_type=2 2 2 2 2 9 9 2 2 2 2 2 2 2 2 2 2 2 2 2 2 10 10 10 2 2 2 2 2 2
left_child=3 2 4 -1 15 9 -6 -3 -7 -5 -9 12 -12 24 20 16 -2 19 -17 -10 22 -22 29 -4 25 26 27 -13 -29 -14
right_child=1 7 23 5 6 8 -8 10 17 -11 11 13 14 -15 -16 18 -18 -19 -20 -21 21 -23 -24 -25 -26 -27 -28 28 -30 -31
leaf_value=0.075079794321096557 0.042566076341969412 0.10615546062105961 0.020390226599774016 0.020603544946618146 0.034075992488871297 -0.015375131179500172 0.072274638678292744 0.11242553377161979 -0.050709690043637193 -0.072149137734884822 0.087589633111179427 0.076509422145025152 0.075678163011896199 0.059533025833848799 -0.11365821052944669 0.09129638944765682 0.0976959084403074 0.062765498720189009 0.069327165287782655 0.12332288319677737 -0.010045467721763115 0.056917499857055312 0.090504361710779149 0.062714535626831255 0.06954266417806082 0.10406012407230741 0.090780122510814465 0.059537092527546499 -0.13976735074688931 0.0084560127174344215
leaf_weight=390.56896928671631 36.84283287350172 360.72150707222318 107.73416196317885 118.33253514798525 183.34058869345336 22.362422336755117 609.60800986192407 139.48472260848212 12.902629481111946 13.974350181088083 261.39011547512928 103.28704064700287 39.223539372775122 125.97931169706862 3.5855159564962369 278.39285953384751 560.45115251655625 299.76493152221883 493.5941831263699 3.624186959648795 32.080824372613279 68.181753482487693 95.195652231632266 74.236428201960734 167.76596014489041 422.98276242433349 939.15869100842974 2.9387175981828477 7.1976594500010815 30.583785357812303
leaf_count=10459 5489 3001 24972 11622 26907 12629 51608 992 1295 2791 3207 903 1315 1487 171 42179 32425 15294 28752 63 1318 1366 1085 6817 2299 1429 7527 22 60 1530
internal_value=0 0.0819513 0.0743027 0.0568958 0.0773868 0.0418157 0.0647838 0.0883554 0.0523835 0.0100475 0.0857228 0.0841031 0.0714554 0.0878935 0.055769 0.0846852 0.0942953 0.0588303 0.0772497 -0.0125459 0.0580591 0.0354915 0.0717721 0.0376568 0.0900676 0.0924012 0.087716 0.0623451 -0.0819854 0.046227
internal_weight=0 5143.96 2344.2 861.53 2162.23 470.961 792.949 2799.76 338.654 132.307 2439.04 2299.55 530.241 1769.31 268.851 1369.28 597.294 316.292 771.987 16.5268 265.266 100.263 165.003 181.971 1643.33 1475.56 1052.58 113.423 10.1364 69.8073
internal_count=301014 246861 219149 54153 187360 43694 78515 27712 29281 14413 24711 23719 9992 13727 6785 108845 37914 16652 70931 1358 6614 2684 3930 31789 12240 9941 8512 985 82 2845
cat_boundaries=0 2 4
cat_threshold=1886537482 338552 2717930266 6101918
is_linear=0
shrinkage=0.1


Tree=30
num_leaves=31
num_cat=4
split_feature=86 5 160 16 66 171 90 157 170 168 63 145 237 237 237 158 229 237 167 181 8 157 193 71 205 90 65 79 170 127
split_gain=57.6299 21.5543 18.1027 21.9496 17.313 17.0699 15.4023 14.861 18.874 13.3981 14.2722 13.8431 17.0996 12.6581 11.4709 11.4624 10.6849 9.88991 9.6844 9.89031 9.61802 9.32623 9.27735 12.791 13.1067 10.052 9.25873 9.22346 8.89582 10.1214
threshold=-0.96732068061828602 1.0000000180025095e-35 1.0000000000000002 1.0000000180025095e-35 4.7523677349090585 -0.043722767382860177 1.8193473219871523 0.65648138523101818 0.53612041473388683 3.2748054265975957 0.18136814981698993 0.00097931630443781636 0 1 2 0.29166667163372045 -0.029305744916200634 3 3.5000000000000004 0.41372723877429968 0.26849387586116796 0.5750851333141328 0.0085321185179054754 0.13003220409154895 -0.0032004765234887596 2.6466547250747685 112.50000000000001 0.28097587823867803 0.5811527967453004 -0.035623157396912568
decision_type=2 8 2 2 2 2 2 2 2 2 2 2 9 9 9 2 2 9 2 2 10 2 2 2 2 2 2 2 2 2
left_child=1 14 18 6 5 -3 13 8 21 10 -6 17 -13 -4 -1 16 -7 -11 27 26 -10 -5 23 25 -25 -9 -20 -2 -29 -30
right_child=2 4 3 7 9 15 -8 22 20 11 -12 12 -14 -15 -16 -17 -18 -19 19 -21 -22 -23 -24 24 -26 -27 -28 28 29 -31
leaf_value=0.035579727253200348 0.082364534008804585 0.083233541080501128 0.04503664556044961 0.069556751348453336 0.046413883966043026 0.022997342810213803 0.10883607506915589 0.089625656585656827 0.031776234192881697 -0.0026564016493627329 -0.038891308586808088 0.052113799634141734 -0.029046831604974822 -0.040279384999769165 -0.03908078012985447 0.073576413453481079 0.05959840592637014 0.081640550993853075 0.11576391955291959 -0.1965921070000837 0.071230669936294108 0.090182205793990666 0.11161488261655889 0.073502488984359307 -0.16512602672715213 -0.09380182444423539 -0.11334952222708038 0.097619540028004811 -0.081643168372312641 0.075817838024837186
leaf_weight=42.252763143773336 1254.1371110344071 608.71798505654988 20.290788092363073 422.47422875602206 45.902665304765833 114.96915141120007 15.198825630001009 159.55357399000786 140.30325575291408 23.953213483846412 34.244456487367643 67.014796970992393 33.616933239221908 31.193317145406581 24.398977974822628 348.33762615178057 260.4407478858684 142.706645149834 186.06401207886483 1.0336034089668817 110.40777079526742 455.70090083641117 192.98219856520882 5.0880207333830185 4.2030668184161168 3.0446219659643239 1.780683009783387 1092.8225100609561 4.2042016659761421 140.67055079444071
leaf_count=13318 59384 25601 2442 47146 5367 5952 640 1131 16240 2528 4498 2235 3149 5343 15926 8458 11151 5319 7957 103 5393 4834 775 28 61 22 79 41710 269 3810
internal_value=0 0.0634952 0.0850787 0.0765156 0.065708 0.0708919 0.020382 0.0790215 0.0733509 0.0458273 0.00996554 0.0565804 0.0272936 -0.00573082 0.00772373 0.0605118 0.0483893 0.0742642 0.0900633 0.111895 0.0491511 0.0802597 0.0965659 0.0796702 -0.0344474 0.086191 0.113592 0.0884085 0.0945327 0.0712484
internal_weight=0 1746.56 4241.15 1560.44 1679.9 1332.47 66.6829 1493.76 1128.89 347.439 80.1471 267.292 100.632 51.4841 66.6517 723.748 375.41 166.66 2680.71 188.878 250.711 878.175 364.871 171.889 9.29109 162.598 187.845 2491.83 1237.7 144.875
internal_count=300869 103502 197367 84055 74258 51162 8425 75630 73613 23096 9865 13231 5384 7785 29244 25561 17103 7847 113312 8139 21633 51980 2017 1242 89 1153 8036 105173 45789 4079
cat_boundaries=0 2 4 6 8
cat_threshold=3432171024 5275714 730083412 399616 303987559 711811 471222408 271367
is_linear=0
shrinkage=0.1


Tree=31
num_leaves=31
num_cat=3
split_feature=86 157 170 171 166 177 11 237 85 237 79 88 175 157 170 66 13 11 120 170 237 157 197 141 166 94 189 74 0 215
split_gain=47.8172 25.6881 23.2726 17.5255 16.8939 12.1681 12.4668 11.3397 11.0968 13.9174 10.8667 11.6866 11.522 9.95709 11.0333 11.6016 10.0612 9.67105 9.19936 9.79758 8.44677 8.32588 8.02174 11.0346 7.86057 8.89154 8.37867 9.90665 7.65355 9.04803
threshold=-1.1543014049530027 0.59552291035652172 0.48162244260311132 0.45464123785495764 0.64766803383827221 -0.1857536509633064 0.045817431062459953 0 50.500000000000007 1 0.3081014752388001 0.55973955988883983 0.042717751115560539 0.6861170530319215 0.52847653627395641 0.28282652795314794 0.089163407683372511 0.052770815789699561 -0.021740560419857499 0.60061484575271618 2 0.48258599638938909 0.091542005538940444 -0.033931951969861977 0.66701316833496105 0.024278694763779644 0.037329716607928283 0.25893996655941015 0.29459981620311743 0.11106894910335542
decision_type=2 2 2 2 2 2 10 9 2 9 2 2 2 2 2 2 10 10 2 2 9 2 2 2 2 2 2 2 10 2
left_child=4 2 10 13 7 -4 8 -1 9 -7 11 -2 17 14 -3 -16 18 21 -17 24 -6 -13 -8 -24 25 26 27 -20 29 -23
right_child=1 3 5 -5 20 6 22 -9 -10 -11 -12 12 -14 -15 15 16 -18 -19 19 -21 -22 28 23 -25 -26 -27 -28 -29 -30 -31
leaf_value=0.036545915875173744 0.1434382596551381 0.093744718889854972 0.092476830337629462 0.066245667806182018 -0.013924978815810713 0.055656386022035702 0.080266154449829985 -0.024507662074115411 0.06190857159765132 0.0034704048110092527 0.10094630257899624 0.040529529804820934 0.10928982004486938 0.1031823837960219 0.11422885510163222 0.085713293256436118 0.10246148994793956 0.099290378400116869 0.056104931872397026 0.0028896028843725572 0.0603456307681711 0.068209500370342999 -0.054196507264771487 0.059629886580157054 0.076946502083277968 0.08185620968216531 -0.023945341028041949 -0.060140568378593828 0.10079426449581444 -0.031631137598100802
leaf_weight=61.545508506913393 26.612751311049578 1129.3249828056432 151.51178234137478 351.62867025881133 18.99322523066985 126.89008629900127 440.7682906661521 44.899966217808469 608.01142254988008 96.040959764617583 302.99301358363664 106.62754283621962 90.131119785190094 471.36414315967704 85.426215762883658 274.48168022719619 119.78315122031199 100.7020341773914 85.836571650994301 25.937232847150881 321.5169157956625 317.12313248229475 9.3622024536143709 94.301994131385982 264.92048823283403 56.697428794504958 20.820034236181527 8.0158128128678054 74.907416068061139 9.3444046959848475
leaf_count=6727 568 7386 17700 7547 1057 13433 29872 9298 79668 21842 22508 25407 7316 1503 499 3902 1251 5673 2124 1322 12370 8084 1165 5247 2065 1130 1249 221 2316 867
internal_value=0 0.0807195 0.0734126 0.0871707 0.0466961 0.0655804 0.0626175 0.0119237 0.0549111 0.0358264 0.0850408 0.0783977 0.0759208 0.0900645 0.0870792 0.0790875 0.0755825 0.0709799 0.0712122 0.062601 0.0575662 0.0653679 0.0743795 0.0493499 0.0661509 0.0494619 0.0334452 0.0461766 0.0719663 0.0653518
internal_weight=0 5449.56 2555.33 2894.24 446.956 1526.89 1375.37 106.445 830.942 222.931 1028.44 725.448 698.836 2542.61 2071.24 941.919 856.492 608.705 736.709 462.228 340.51 508.002 544.432 103.664 436.29 171.37 114.672 93.8524 401.375 326.468
internal_count=301317 271865 241666 30199 29452 168927 151227 16025 114943 35275 72739 50231 49663 22652 21149 13763 13264 42347 12013 8111 13427 36674 36284 6412 6789 4724 3594 2345 11267 8951
cat_boundaries=0 2 4 6
cat_threshold=616634704 851334 297982866 434896 10487296 262145
is_linear=0
shrinkage=0.1


Tree=32
num_leaves=31
num_cat=1
split_feature=86 13 163 237 156 170 157 160 161 182 202 90 156 204 126 227 161 105 157 103 124 202 222 207 172 190 66 168 118 10
split_gain=46.0726 19.3566 21.2424 15.5094 14.695 14.5515 20.8212 14.36 11.7852 11.7598 10.4037 11.6465 10.1148 9.26177 10.6063 10.4453 9.04737 9.05616 8.2828 7.99919 8.79096 8.50504 7.91208 10.5485 7.9015 7.88969 7.63135 8.13783 7.54103 7.48337
threshold=-0.96732068061828602 0.020654105581343177 0.10029682144522668 0 1.0000000180025095e-35 0.47978931665420538 0.62373504042625438 1.0000000000000002 3.6289408206939702 0.019369721412658695 0.018766037188470367 2.116025567054749 0.5317540466785432 -0.074832327663898454 -0.029160800389945504 0.038958327844738967 2.7361341714859013 0.076481703668832793 0.42956304550170904 0.10245418176054956 -0.0014349804259836672 -0.032799368724226945 0.0056044273078441629 0.012047421187162401 -0.073813986033201204 0.078946668654680266 5.438622474670411 2.8385879993438725 0.055863527581095702 1877.5000000000002
decision_type=2 10 2 9 2 2 2 2 2 2 2 2 2 2 2 2 2 2 2 2 2 2 2 2 2 2 2 2 2 10
left_child=1 2 3 -1 -2 16 7 12 22 13 -9 -12 19 14 -3 -16 17 -6 -11 -7 -21 -22 23 -8 -14 -10 -18 -28 -29 -15
right_child=4 9 -4 -5 5 6 8 10 25 18 11 -13 24 29 15 -17 26 -19 -20 20 21 -23 -24 -25 -26 -27 27 28 -30 -31
leaf_value=0.017763397097176708 -0.092844722768510024 0.10943544820205559 -0.020688724371010759 0.06616327583599399 0.067712899430145176 0.08547103401324084 0.10124454883371783 0.048789299603164485 0.071842952173079747 0.0085023426222448229 0.054833872946862462 0.097723076779646395 -0.021044381262166546 0.055248412094309043 0.076033054228049346 -0.014143604674907643 0.10233405536082248 -0.085501840172921478 0.085334067555535284 0.08990830141233902 -0.013231406241192964 0.058311292134364104 0.10652241957156938 0.073498961850561137 0.06776916156276544 0.10404726213445753 -0.037320402731438336 0.090297226568612263 0.028649842386292985 0.10829633468614018
leaf_weight=119.27447122589547 4.6799274469713046 83.671222822051277 42.082503694638945 285.14737418344339 55.963061980022758 926.7483205754379 294.31366737221833 322.57606695184222 427.46740840889106 14.450060296327136 129.10977974383059 124.24010108742004 16.862458993513428 580.29472618369982 69.038191564712179 15.781184720879535 720.95162369198988 4.1434598303821977 484.09929565683706 60.731966765433754 22.095052230739384 67.018453805707395 422.18140951957321 256.3994330670248 24.676827902927471 92.542314647434978 5.588789216708391 219.93522604011378 21.810475953221612 27.869727480192523
leaf_count=9497 13116 2334 24737 18034 2360 62200 1739 30760 4300 6784 13712 8713 1235 23925 3592 1190 27603 382 12370 3304 2605 4077 2467 1821 1055 834 1460 12637 1609 797
internal_value=0 0.0648471 0.0469282 0.0539641 0.0842577 0.0844544 0.0811168 0.073529 0.089727 0.0711213 0.0607005 0.0758663 0.0801367 0.0634273 0.0841743 0.0592551 0.0947973 0.057151 0.0831072 0.082005 0.0605683 0.0405728 0.0962227 0.0883268 0.0317162 0.0775741 0.0971342 0.0819774 0.0847354 0.0576794
internal_weight=0 1721.71 446.504 404.422 4220.04 4215.36 3186.96 1694.06 1492.9 1275.2 575.926 253.35 1118.13 776.655 168.491 84.8194 1028.39 60.1065 498.549 1076.59 149.845 89.1135 972.895 550.713 41.5393 520.01 968.286 247.334 241.746 608.164
internal_count=301249 103260 52268 27531 197989 184873 138822 127661 11161 50992 53185 22425 74476 31838 7116 4782 46051 2742 19154 72186 9986 6682 6027 3560 2290 5134 43309 15706 14246 24722
cat_boundaries=0 2
cat_threshold=32048676 786844
is_linear=0
shrinkage=0.1


Tree=33
num_leaves=31
num_cat=0
split_feature=86 156 163 10 86 157 170 156 17 157 166 160 173 13 212 93 158 170 156 157 174 158 88 179 170 156 186 170 85 218
split_gain=55.1363 17.776 16.0985 12.8126 12.6548 12.2695 17.505 12.5803 13.7287 13.9299 10.8501 10.6753 10.634 9.69693 9.20103 8.92301 9.90637 9.02292 8.69519 8.22083 7.88168 7.77948 7.51703 7.21654 7.2656 7.19688 7.96647 8.92572 7.07073 9.74339
threshold=-0.93589836359024037 0.025751547887921337 0.3110466748476029 14.500000000000002 -1.1852712035179136 0.65648138523101818 0.53364601731300365 0.14523021876811984 31.500000000000004 0.56941726803779613 0.62966862320899974 1.0000000000000002 -0.010514223948121069 0.030740420334041122 0.16501245647668841 0.36510318517684942 0.22500000149011615 0.43581336736679083 1.0000000180025095e-35 0.6036476492881776 -0.03301823511719703 0.29166667163372045 0.78904864192008983 0.29804916679859167 0.45455265045166021 0.18237251043319705 0.12597537785768512 0.54416155815124523 63.500000000000007 -0.083712939172983156
decision_type=2 2 2 8 2 2 2 2 2 2 2 2 2 10 2 2 2 2 2 2 2 2 2 2 2 2 2 2 2 2
left_child=1 -1 4 -2 10 6 7 18 9 23 -3 -8 22 -4 15 16 19 -18 -5 25 -16 -13 -11 24 -9 -6 27 -27 -7 -30
right_child=3 2 13 5 14 28 11 8 -10 12 -12 21 -14 -15 20 -17 17 -19 -20 -21 -22 -23 -24 -25 -26 26 -28 -29 29 -31
leaf_value=-0.018255237275296248 -0.010444215928477328 0.013308860218219108 -0.01044097773974223 -0.08573106316312884 0.070721478384830533 0.10416910530661141 0.078987271485965183 0.087581811117469127 -0.2536408559556757 0.082177704899834669 0.060016365407342426 0.034038737546316818 0.10029868321433143 0.054175535766353526 -0.14053942989047971 0.052926958715852707 0.12665646214454349 0.080944438651721809 0.1024750603357278 0.082765338190677301 0.037507003503251063 0.069540328313621599 -0.0053542133718434371 0.13934153203126579 0.064313320247298772 0.038971698001629203 0.086555907685422012 -0.052956412870408642 0.02618506909784607 0.09060329858360118
leaf_weight=24.685522316243805 13.590639683744937 60.204494476485706 40.033332826878905 2.4660927664649526 177.87824558122156 550.35789527243469 514.52357790984297 190.90560377058137 1.2026460598281108 478.21696325186349 285.99649157308886 110.87779239708652 594.50801490472804 55.313709383681271 3.4884664915662134 181.26860963309446 45.766978384213871 764.01643674547449 534.84240830554154 188.04670203800924 8.6545423422721779 139.23329910846496 10.016505323466843 15.939366654907642 451.73791168274329 122.00491238024188 32.012763073085807 11.563033400889251 25.607022742915433 282.62920181124355
leaf_count=19542 24743 5296 21484 8314 15604 2185 27062 5778 19 4139 8027 11848 5700 11274 331 6707 1352 19795 53400 1803 402 8300 160 955 28352 4609 1014 1116 248 1682
internal_value=0 0.0660784 0.0671318 0.0864825 0.0691639 0.08682 0.0838425 0.0882339 0.0841089 0.0843422 0.0518939 0.0707492 0.0913177 0.027045 0.0730597 0.0737512 0.0765655 0.083528 0.101611 0.0659576 -0.0136425 0.053802 0.0803819 0.0728741 0.0712255 0.0567553 0.0417518 0.0310134 0.0973777 0.0852517
internal_weight=0 2000.93 1976.25 3916.65 1880.9 3903.06 3044.47 2279.84 1742.53 1741.32 346.201 764.635 1082.74 95.347 1534.7 1522.56 1341.29 809.783 537.309 531.506 12.143 250.111 488.233 658.583 642.644 343.459 165.581 133.568 858.594 308.236
internal_count=301241 118356 98814 182885 66056 158142 154027 106817 45103 45084 13323 47210 9999 32758 52733 52000 45293 21147 61714 24146 733 20148 4299 35085 34130 22343 6739 5725 4115 1930
is_linear=0
shrinkage=0.1


Tree=34
num_leaves=31
num_cat=0
split_feature=86 86 157 170 10 157 156 183 170 13 166 183 160 170 65 168 156 198 142 212 171 85 120 113 232 156 86 191 128 156
split_gain=50.0879 19.4881 14.5737 15.3823 12.7428 11.3965 10.6249 11.1122 10.5813 9.97159 9.95133 9.86659 9.65444 9.62388 8.54958 12.0523 9.3721 8.43493 8.02645 7.8995 7.75252 7.68423 7.54963 7.54204 7.51982 7.37794 11.3275 7.51252 7.31857 7.29265
threshold=-0.93589836359024037 -1.1543014049530027 0.51434451341629039 0.4837751984596253 363.00000000000006 0.63768562674522411 0.25116822123527532 0.079177796840667738 0.49815694987773901 0.028540099970996383 0.85254395008087169 0.014654465019702913 1.0000000000000002 0.50697025656700145 1.5000000000000002 3.2870929241180424 0.49683544039726263 -0.1121186539530754 -0.055978422984480851 0.16501245647668841 -0.1188673786818981 48.500000000000007 -0.066258694976568208 -0.098761018365621553 0.10411761701107027 0.13367697596549991 -0.6793040633201598 0.021107380278408531 0.011476083192974331 0.57259953022003185
decision_type=2 2 2 2 10 2 2 2 2 10 2 2 2 2 2 2 2 2 2 2 2 2 2 2 2 2 2 2 2 2
left_child=1 4 8 -4 10 6 -5 9 25 18 12 -11 13 -1 15 16 -3 21 -8 29 -9 -13 -19 -17 -14 26 -2 -27 -20 -16
right_child=2 14 3 5 -6 -7 7 20 -10 11 -12 17 24 -15 19 23 -18 22 28 -21 -22 -23 -24 -25 -26 27 -28 -29 -30 -31
leaf_value=0.06035221131643085 0.078801848049854281 0.020887122285695836 0.10009966920884672 0.087637229062820274 0.063700232212177896 0.092259119558169678 0.14685743342271526 0.107677419057279 0.045182642792636701 0.083375160802347081 0.057592680131426877 0.0095365179450146911 -0.044748057427569682 -0.0055610232167323309 0.079180239017774323 -0.10075517159542929 0.09787370993523338 -0.12566231488587873 0.054222151574910504 -0.035221380634006927 0.063567767177837728 0.10113383497092697 0.041084926295804257 0.070635310832735124 0.098246714969820792 0.07889935749634118 0.1387707597767317 0.035309950836731274 0.0090927128771503708 0.040315319090598122
leaf_weight=48.891986196775179 130.40153583439132 100.26943324839976 809.61172834331228 729.65307740042772 236.26550516462885 1072.493415050616 7.3184409955938454 120.07422032825707 130.7847406555411 299.83279355645936 79.097154769566259 11.320888824557185 34.336414773850265 40.50184959422586 1007.2909837010075 2.5850419118996788 18.773321027649217 2.7854469255253198 112.76907216796826 6.274265902433398 59.633948976326792 47.954070152904023 107.72605382823531 378.96772496626909 4.1187664604476586 117.2257825062261 41.529003321906202 59.662134674877962 52.73967875998278 50.710878869758744
leaf_count=6083 29146 21428 10001 30989 5361 7071 145 2803 48235 6044 3924 293 7257 6417 43974 235 840 121 8097 545 2473 831 2913 20985 399 10432 11434 6924 5077 706
internal_value=0 0.0663419 0.0857692 0.0880497 0.047831 0.0843323 0.0788538 0.0710587 0.0694403 0.0649099 0.0297135 0.0724677 0.0124653 0.0304888 0.0715846 0.0608072 0.0330281 0.0532058 0.0443732 0.076654 0.0930402 0.0836397 0.0368821 0.0694741 -0.0294325 0.0785354 0.0932871 0.0641972 0.0398416 0.0773174
internal_weight=0 2008.08 3913.52 3433.91 443.212 2624.3 1551.81 822.155 479.603 642.446 206.946 469.619 127.849 89.3938 1564.87 500.596 119.043 169.786 172.827 1064.28 179.708 59.275 110.512 381.553 38.4552 348.818 171.931 176.888 165.509 1058
internal_count=301183 118154 183029 76858 29441 66857 59786 28797 106171 23521 24080 10202 20156 12500 88713 43488 22268 4158 13319 45225 5276 1124 3034 21220 7656 57936 40580 17356 13174 44680
is_linear=0
shrinkage=0.1


Tree=35
num_leaves=31
num_cat=1
split_feature=237 157 170 156 157 3 177 160 16 185 8 12 163 96 79 223 163 67 157 170 90 164 156 170 154 221 143 149 74 129
split_gain=33.9322 19.8573 18.0906 14.4545 15.5619 14.2536 11.9133 12.8055 11.9296 10.5292 8.99722 8.45636 8.31654 8.0709 9.29233 9.43567 8.2105 7.99426 7.51914 10.1728 7.99353 11.0875 7.51683 8.6143 7.42919 7.36159 8.32053 10.6601 8.12466 10.6903
threshold=0 0.56941726803779613 0.45455265045166021 0.17512886226177218 0.59552291035652172 0.086335405707359328 -0.1857536509633064 1.0000000000000002 1.0000000180025095e-35 0.073892723768949523 0.30104799568653112 36.500000000000007 -1.575348377227783 -0.15788298100233075 0.1366749703884125 0.042549267411232002 0.19967179000377658 3.9458023309707646 0.65648138523101818 0.52235314249992382 1.3621010184288027 4.5379471778869638 0.27311578392982488 0.52235314249992382 -0.046182351186871522 0.036073165014386184 -0.002305009867995977 0.030527377501130108 0.33602151274681097 -0.041901212185621255
decision_type=9 2 2 2 2 8 2 2 2 2 10 8 2 2 2 2 2 2 2 2 2 2 2 2 2 2 2 2 2 2
left_child=3 2 -2 24 22 17 -4 -8 -9 11 -10 -7 -6 14 15 -11 -16 -3 19 -13 21 -20 23 -5 -1 26 -14 -28 -27 -30
right_child=1 5 6 4 12 9 7 8 10 13 -12 18 25 -15 16 -17 -18 -19 20 -21 -22 -23 -24 -25 -26 28 27 -29 29 -31
leaf_value=0.03028198173539691 0.093597162970911113 0.049667726117993277 0.09668685708839829 0.05529719446359898 0.086845282385043229 -0.0036385475767408935 0.073283514764709609 -0.020110990051231445 0.042844841484928953 -0.10027843249390574 0.076418363587836102 0.090871160657277197 0.065755089060521313 0.10375522606831059 0.091590937780843734 0.10562017766928376 -0.064572898053719421 -0.079633995964193502 -0.14046818945886444 0.073796358918409841 0.097206153005017948 0.10817982675338791 0.007548210737578981 -0.017434178263269616 0.085666688293530677 0.090765927675169389 0.045818020687277555 -0.023801128599861061 -0.088459109486390769 0.06061968517314862
leaf_weight=26.304036531345446 405.99718991195459 43.552526260824379 141.7831174025323 136.21460700557509 131.06662057391077 10.419900517517815 767.06757134035934 22.428185193874015 217.5510721835476 5.9812887175648921 126.07986538374371 723.82410826874548 212.71364351698867 652.8236515705903 57.792392772098538 3.5447192367282696 3.5749969954485996 5.3712618244317119 3.3866299198707557 673.66827739658765 601.94225677926443 3.8118988459464163 72.322999798649107 18.495752530470781 305.58620814256255 126.9994496368563 199.8768688606142 24.713307547099248 5.0281090397620565 110.96288392896531
leaf_count=5324 27451 4954 21431 8166 1236 1694 84630 7010 39330 58 9675 4361 3857 5390 479 20 256 2658 24 11756 2120 18 5191 2517 43668 1527 4186 559 164 1678
internal_value=0 0.0836123 0.0752135 0.0626531 0.0573039 0.0889727 0.0693592 0.0659398 0.0505511 0.0899277 0.0551631 0.086215 0.0637796 0.100275 0.0682294 -0.0236616 0.0824935 0.0354719 0.0866816 0.0826402 0.0959534 -0.00879947 0.0341612 0.0466021 0.0812772 0.0593357 0.0515814 0.0381573 0.0732908 0.0541572
internal_weight=0 4470.6 1680.91 1370.28 1038.39 2789.69 1274.91 1133.13 366.059 2740.77 343.631 2017.05 811.361 723.717 70.8934 9.52601 61.3674 48.9238 2006.63 1397.49 609.141 7.19853 227.033 154.71 331.89 680.294 437.304 224.59 242.99 115.991
internal_count=301388 223315 189527 78073 29081 33788 162076 140645 56015 26176 49005 19973 13207 6203 813 78 735 7612 18279 16117 2162 42 15874 10683 48992 11971 8602 4745 3369 1842
cat_boundaries=0 2
cat_threshold=2690269186 4916107
is_linear=0
shrinkage=0.1


Tree=36
num_leaves=31
num_cat=2
split_feature=86 86 160 168 171 161 10 237 167 74 157 176 0 108 187 157 237 175 157 73 184 79 171 30 93 192 168 152 204 116
split_gain=48.3368 22.093 14.0458 17.4001 15.0997 11.6602 11.2139 12.9196 9.78398 9.64599 9.42483 9.28306 9.8199 9.90881 9.265 9.0147 8.77714 8.44876 7.77068 8.26925 7.7584 7.51743 7.47022 15.7424 8.79264 7.23281 7.23088 7.24725 7.15165 7.10624
threshold=-1.1543014049530027 -0.82948100566864003 1.0000000000000002 3.0961004495620732 0.057160569354891784 2.7361341714859013 363.00000000000006 0 2.5000000000000004 0.28708791732788091 0.65648138523101818 -0.027640542946755883 0.25658351182937628 -0.1017661690711975 0.15571366250514987 0.6036476492881776 1 -0.12977117300033567 0.47553096711635595 0.21294035762548449 -0.11222951859235762 0.29777145385742193 0.59260571002960216 1.0000000180025095e-35 0.30705134570598608 0.17754889279603961 3.7069405317306523 0.012392184697091581 -0.15751120448112485 -0.034609317779541009
decision_type=2 2 2 2 2 2 10 9 2 2 2 2 8 2 2 2 9 2 2 2 2 2 2 2 2 2 2 2 2 2
left_child=6 2 4 16 5 17 7 -1 14 29 -6 12 13 21 18 25 -4 -2 19 -5 -14 -3 28 -24 -25 -13 27 -9 -17 -10
right_child=1 11 3 8 10 -7 -8 26 9 -11 -12 15 20 -15 -16 22 -18 -19 -20 -21 -22 -23 23 24 -26 -27 -28 -29 -30 -31
leaf_value=-0.032830755651801387 0.068945145317175979 0.10413179749767361 0.042343010608659831 0.015864731077893886 0.048988812983385296 0.087913727399141078 0.062230225146293373 -0.018495774909196287 0.11484613225846008 -0.041791921222724689 0.080538477519767782 0.073706156098098205 0.12705193234337062 0.089125534410458632 0.099256830994337825 0.057187726921256399 -0.019078645823799242 -0.021816124740769518 0.072082896633626839 0.15818008517884985 0.098236265024683606 -0.059603633114605425 0.087501343240119267 0.016208024386165653 -0.19900907595154435 0.111017969355586 0.06495202936785853 0.040067988446804551 0.093756344136882025 0.035343033428835845
leaf_weight=24.061851838318034 27.948699984397535 4.3294598967586335 64.883439726130746 41.921286094176139 205.12366598822155 1271.5729578854252 233.84902760000477 29.307373469438971 14.300778776020705 13.001424316335941 175.86574759487121 741.23084835529426 140.45647782450669 441.71848558311922 120.74484165158538 56.588334864631179 30.02235519628266 16.201941479273955 641.85992221225752 4.5233899711383847 279.10694295969097 7.9584564152264647 18.4825906532642 4.1111015649585161 3.5268133592326194 55.869372962588386 71.523080731836671 75.739042667653848 973.52042171515131 52.575991076621904
leaf_count=4255 1527 316 8006 13630 16340 64736 5362 5575 1000 2511 1832 64867 4543 24882 4485 853 7254 851 17865 1654 14629 262 214 91 70 4970 3751 10539 8568 5727
internal_value=0 0.082018 0.0755711 0.0660649 0.0810832 0.0861596 0.0473495 0.030005 0.0704103 0.0370217 0.0635522 0.0883554 0.0968538 0.0866615 0.0737068 0.0843496 0.0253643 0.0356385 0.0692247 0.0297253 0.107883 -0.00191395 0.0904083 0.0375956 -0.0831686 0.0763214 0.0382604 0.023729 0.0917475 0.0523438
internal_weight=0 5407.45 2680.55 983.833 1696.71 1315.72 434.48 200.631 888.928 79.8782 380.989 2726.9 873.57 454.006 809.049 1853.33 94.9058 44.1506 688.305 46.4447 419.563 12.2879 1056.23 26.1205 7.63791 797.1 176.569 105.046 1030.11 66.8768
internal_count=301165 271683 147418 62132 85286 67114 29482 24120 46872 9238 18172 124265 44632 25460 37634 79633 15260 2378 33149 15284 19172 578 9796 375 161 69837 19865 16114 9421 6727
cat_boundaries=0 2 4
cat_threshold=209781765 4194896 1218155935 1406017
is_linear=0
shrinkage=0.1


Tree=37
num_leaves=31
num_cat=3
split_feature=86 86 158 11 157 170 159 237 159 237 160 90 165 187 203 86 194 158 156 195 176 160 237 7 190 170 160 12 63 69
split_gain=46.7586 15.5478 11.3817 11.4291 10.5886 14.075 9.83443 16.5095 9.65252 15.1707 8.00294 8.88752 8.03998 7.646 10.1025 8.30547 7.79027 8.81598 7.37787 7.16111 7.12056 7.76927 7.05842 6.95978 7.583 6.83106 8.00433 6.76144 6.588 7.39214
threshold=-0.95728516578674305 -1.1543014049530027 0.18333333730697635 0.036602541804313667 0.65648138523101818 0.53612041473388683 1.4917780756950381 0 0.76235914230346691 1 1.0000000000000002 1.5524578690528872 75.500000000000014 -0.0085244858637452108 0.19652505218982699 -0.6793040633201598 0.038769416511058814 1.0000000180025095e-35 0.047847986221313484 -0.033844612538814538 -0.28532813489437098 2.0000000000000004 2 0.084219858050346388 0.074177145957946791 0.52235314249992382 2.0000000000000004 81.500000000000014 0.37457138299942022 2.1630806922912602
decision_type=2 2 2 10 2 2 2 9 2 9 2 2 2 2 2 2 2 2 2 2 2 2 9 10 2 2 2 10 2 2
left_child=1 6 3 8 5 10 7 18 9 -3 28 12 -12 15 -15 16 17 -13 -1 -8 -7 -22 -10 -6 -25 -20 -27 -5 -2 -30
right_child=4 2 -4 27 23 20 19 -9 22 -11 11 13 -14 14 -16 -17 -18 -19 25 -21 21 -23 -24 24 -26 26 -28 -29 29 -31
leaf_value=-0.02681618509777893 0.092445639658524648 0.042641495378534899 0.076755894809767911 -0.017556617718761904 0.075407980881393652 0.11942526626065093 0.045569176937850425 0.0029512517624788511 0.0012168381707170931 -0.039672018225527579 0.087499680881322664 -0.021084054698786898 -0.053041381201448204 0.090305821494044522 -0.042386131488799793 0.094197969502775203 0.077750476379992939 0.053651178617025778 0.077388094285318565 0.091323913856269756 0.071749144713091059 0.028658324777242967 0.070497725843340936 0.093815219406499201 0.11762304175301082 0.044707268480978023 -0.11794760427074158 0.081470134415114415 -0.2198101670523844 0.063962439995422005
leaf_weight=9.6701793089086987 1508.7691302750909 43.660887737665689 1027.5052194479267 7.2743469308679769 140.91400658346538 29.168253201507468 60.185064490528021 99.7463026858386 28.770828458970755 29.125129091723466 7.0894157545917578 18.251932690843205 9.5589298816698811 485.0540956919549 5.8064323334419887 100.15186717992765 131.40848917337371 116.73803106355945 115.19748859881656 79.246736448028969 655.33437353285353 44.695554771551542 72.308456573642616 539.76296394960082 177.8690119269595 60.461682278262742 3.1848221778709549 132.21885898987966 0.93135698741752904 63.873814278369537
leaf_count=5449 73025 5286 50728 3502 1760 2277 1565 9770 3308 6359 1277 2451 1623 26374 603 6942 7511 9403 5597 1915 48288 4949 5006 2593 484 4490 495 4648 81 3331
internal_value=0 0.0663726 0.071668 0.0549847 0.0858728 0.0832099 0.0497709 0.0392247 0.0378784 0.0101119 0.086843 0.0791707 0.00680565 0.0805758 0.0887362 0.069648 0.0604184 0.0435463 0.0553262 0.0715741 0.071015 0.0689979 0.0578728 0.0957264 0.0997161 0.0628612 0.0365681 0.076306 0.0911046 0.0598842
internal_weight=0 1768.56 1340.86 313.359 4035.38 3176.83 427.692 288.26 173.865 72.786 2447.63 874.059 16.6483 857.411 490.861 366.55 266.398 134.99 188.514 139.432 729.198 700.03 101.079 858.546 717.632 178.844 63.6465 139.493 1573.57 64.8052
internal_count=301090 108118 78837 28109 192972 188135 29281 25801 19959 11645 132621 56184 2900 53284 26977 26307 19365 11854 16031 3480 55514 53237 8314 4837 3077 10582 4985 8150 76437 3412
cat_boundaries=0 2 4 6
cat_threshold=202174961 5764642 1779580197 5536176 3442878465 5642302
is_linear=0
shrinkage=0.1


Tree=38
num_leaves=31
num_cat=0
split_feature=86 171 157 12 170 157 160 121 159 90 1 55 103 17 170 66 157 156 96 171 175 232 152 93 127 145 210 207 179 113
split_gain=44.8508 14.6595 16.3658 12.5558 9.65536 11.1502 8.99197 8.78918 7.89787 8.69587 7.66516 10.4006 8.1123 7.6572 7.30071 7.08621 7.49886 10.5208 7.14631 6.93024 6.89892 6.86561 6.80969 6.89142 6.76034 7.44334 6.47191 6.39814 8.9644 8.05134
threshold=-0.93589836359024037 0.069681532680988326 0.38639315962791448 87.500000000000014 0.42755009233951574 0.61278760433197033 1.0000000000000002 0.062282778322696693 0.40726611018180853 1.5312548875808718 0.028174603357911113 1.0000000180025095e-35 0.068924289196729674 8.5000000000000018 0.60061484575271618 9.2156176567077654 0.61278760433197033 0.27311578392982488 -0.1150919236242771 0.45464123785495764 0.23086272925138476 -0.06583030521869658 0.0068382048048079022 0.23112467676401141 0.025065584108233455 -0.034386139363050454 -0.060679364949464791 -0.11479628458619116 0.29804916679859167 -0.044485813006758683
decision_type=2 2 2 8 2 2 2 2 2 2 8 2 2 2 2 2 2 2 2 2 2 2 2 2 2 2 2 2 2 2
left_child=1 2 -1 -4 -2 7 10 13 21 -10 11 -5 -12 14 27 16 17 18 -3 -7 -9 -8 23 -20 25 -15 -22 29 -29 -6
right_child=4 15 3 6 5 19 8 20 9 -11 12 -13 -14 24 -16 -17 -18 -19 22 -21 26 -23 -24 -25 -26 -27 -28 28 -30 -31
leaf_value=-0.012941048862617556 0.11014042245356886 0.10056380934404015 0.036960498739597093 0.0967883380420584 0.013191897400516387 0.092947628175625199 -0.010478836106396142 0.058725120766989651 -0.021966722528970428 0.059859378987002859 0.086452517438220758 -0.081514120334202328 0.061386290817857542 0.12870070877719983 0.011942296410750675 0.0033594252112851956 0.064779231800567841 -0.011061166899275346 0.044045580545390262 0.071193371214387166 0.46414795601068359 0.091246979395871661 0.053714569348196455 -0.055452129859240307 0.11939003029460481 0.077988899183098467 0.11993161292676113 0.075458479685267352 0.12533918553538115 0.099554562615852882
leaf_weight=21.808786373354451 158.43484819781088 24.631632598908254 84.126028292828778 319.04898277201391 11.360366909066213 1531.7643512819086 7.0156143115473233 212.39907197058346 13.605176161094276 286.12019411180154 291.69856610239003 3.3053682825375281 231.64110190735573 34.92788067408037 15.984237530310564 26.275199142481142 369.8428002974324 32.938737500131538 15.085426705436477 161.91979928546061 0.77668790571897295 122.17461330349306 103.4390521463265 12.925782293059454 91.545861587951549 168.92551655789248 1.8408181260028857 1169.060478873173 37.175016678699649 216.84421926490268
leaf_count=16553 8984 2788 32083 8178 963 11344 650 19117 1060 10294 8982 350 7262 1907 2778 2408 6151 2356 2342 2831 95 4991 10717 950 6517 13254 279 98673 5654 10726
internal_value=0 0.0673767 0.0729989 0.0743783 0.0859723 0.0849245 0.0768479 0.0797909 0.065054 0.0561451 0.0828295 0.0949601 0.0753577 0.0821405 0.0791517 0.0541119 0.0564981 0.040295 0.0511329 0.0908679 0.0607136 0.0857228 0.0418703 -0.00186767 0.0968155 0.0866778 0.22207 0.0799007 0.0769958 0.0952553
internal_weight=0 1965.68 1380.54 1358.74 3812.96 3654.52 1274.61 1960.84 428.916 299.725 845.694 322.354 523.34 1745.82 1450.42 585.139 558.863 189.021 156.082 1693.68 215.017 129.19 131.45 28.0112 295.399 203.853 2.61751 1434.44 1206.24 228.205
internal_count=301237 118115 90403 73850 183122 174138 41767 159963 16995 11354 24772 8528 16244 140472 118794 27712 25304 19153 16797 14175 19491 5641 14009 3292 21678 15161 374 116016 104327 11689
is_linear=0
shrinkage=0.1


Tree=39
num_leaves=31
num_cat=2
split_feature=86 86 163 158 13 163 237 170 187 231 157 109 157 209 237 187 78 186 98 170 230 216 154 171 124 172 45 136 70 116
split_gain=37.564 17.4619 12.5384 11.8836 12.5505 9.74536 11.5811 9.62659 8.84114 8.67467 8.47404 8.358 7.82323 7.76234 7.54797 7.24301 7.02954 6.78952 7.7111 6.52727 7.52081 7.32718 7.30951 6.51471 6.47502 11.3821 8.67516 6.37204 6.35593 6.34372
threshold=-1.1543014049530027 -0.82948100566864003 0.10029682144522668 0.29166667163372045 0.051021736115217216 -0.65619859099388111 0 0.61212351918220531 0.10320852324366571 0.0048332423903048047 0.56941726803779613 0.080023992806673064 0.6861170530319215 0.014555970672518017 1 0.090983860194683089 0.11834733933210374 0.095575038343667998 0.022554401308298114 0.54416155815124523 -0.06613729894161223 0.18588202446699145 -0.039416654035449021 0.45464123785495764 0.036207593977451331 -0.046500205993652337 1.0000000180025095e-35 -0.0033618011511862274 2.5000000000000004 -0.026719557121396061
decision_type=2 2 2 2 10 2 9 2 2 2 2 2 2 2 9 2 2 2 2 2 2 2 2 2 2 2 2 2 2 2
left_child=2 3 9 4 5 23 -7 10 15 -1 -8 -4 13 19 -11 -6 -12 -10 29 21 -21 -3 -22 -2 -15 -26 -27 -17 -5 -19
right_child=1 12 11 28 8 6 7 -9 17 14 16 -13 -14 24 -16 27 -18 18 -20 20 22 -23 -24 -25 25 26 -28 -29 -30 -31
leaf_value=0.039687670065900786 0.078329365953564281 0.085211983997166202 -0.044734377987581356 -0.17247594998750915 0.076380478558037729 0.016317528172827514 0.047912189938766496 -0.10779697668915467 0.11687142726846389 -0.0010016336553043852 0.084234815411314667 0.13056608996953187 0.10239889481158922 0.094883286124211041 0.074216145024572841 0.074642351597998147 -0.10359882530527574 -0.087569261022670083 0.1108881453143666 0.016066319089580859 0.0045226868681692185 0.0077919862777797166 0.076624803648744799 0.047557650095282011 0.014750365097630955 0.099267334698240783 -0.03533124693188653 -0.059237421847086892 0.083526955925871449 0.054295106319994971
leaf_weight=190.26595721048761 364.36461016416524 1022.3404713878977 19.874191865106699 0.97055973431088105 391.57052647638102 105.03449913640452 150.19429993501581 3.2735052790321779 102.70291085525969 23.749667835483706 145.40980739056249 3.1510140274058349 319.81803989323089 920.7089149798544 185.73863657249512 6.7226914666589437 2.0200970352452705 3.6523409584697246 26.701730097318432 26.234846675823974 14.949841294330325 12.372423892148616 236.28176207596152 84.815752726904975 28.577710449406368 65.876655098399169 5.1638168066892822 7.5450054661660015 1265.1072476628115 23.013069942939183
leaf_count=9301 14269 52615 11235 63 16534 18222 33284 694 3073 2019 3008 774 1103 46829 6072 258 87 213 844 2975 1394 878 11788 4132 2782 3469 389 339 51341 917
internal_value=0 0.081978 0.0510118 0.07629 0.0699993 0.0623704 0.0511406 0.0607356 0.081609 0.0551448 0.0646299 -0.0207444 0.087732 0.0857209 0.0691836 0.0738304 0.0816611 0.101836 0.072902 0.080634 0.0670141 0.0842862 0.0723343 0.0725189 0.0922629 0.0680447 0.0894836 0.00384441 0.0833307 0.0348641
internal_weight=0 5335.42 422.779 2683.1 1417.02 855.113 405.932 300.898 561.908 399.754 297.624 23.0252 2652.32 2332.51 209.488 405.838 147.43 156.07 53.3671 1312.18 277.466 1034.71 251.232 449.18 1020.33 99.6182 71.0405 14.2677 1266.08 26.6654
internal_count=300901 271500 29401 147278 95874 73696 55295 37073 22178 17392 36379 12009 124222 123119 8091 17131 3095 5047 1974 69650 16157 53493 13182 18401 53469 6640 3858 597 51404 1130
cat_boundaries=0 2 4
cat_threshold=3767688970 4654731 279676424 448
is_linear=0
shrinkage=0.1


Tree=40
num_leaves=31
num_cat=0
split_feature=86 86 157 170 171 199 157 163 171 118 93 157 86 155 2 175 194 137 159 7 98 65 133 213 170 102 82 183 133 153
split_gain=46.8754 19.3395 11.4744 9.21267 8.48414 8.19847 7.86366 7.64474 7.68582 7.55893 7.03667 7.02507 7.0222 6.7632 6.78694 6.64106 7.93047 6.25787 6.60262 6.21191 6.95072 6.10807 11.6632 6.05255 6.38096 7.27766 6.01881 5.94548 5.85902 5.8274
threshold=-0.93589836359024037 -1.1543014049530027 0.61278760433197033 0.51710355281829845 0.45464123785495764 -0.028134910389780995 0.63768562674522411 0.19967179000377658 0.045036215335130698 -0.051096716895699494 0.36510318517684942 0.37888260185718542 -0.57491785287857045 0.021578508429229263 0.095564253628253951 -0.046956332400441163 0.087953638285398497 -0.062761675566434846 0.036155056208372123 0.11043360456824304 -0.11437662690877913 1.5000000000000002 -0.033265730366110795 -0.15375690907239911 0.57049536705017101 0.027131122536957267 0.084219858050346388 0.17106043547391894 0.044807042926549918 0.019616165198385719
decision_type=2 2 2 2 2 2 2 2 2 2 2 2 2 2 8 2 2 2 2 8 2 2 2 2 2 2 2 2 2 2
left_child=1 7 3 12 -4 21 17 8 11 -10 -8 -1 -2 -6 -15 16 28 -7 -19 20 -11 22 -3 -23 -25 29 -20 -13 -5 -26
right_child=2 5 4 15 13 6 10 -9 9 19 -12 27 -14 14 -16 -17 -18 18 26 -21 -22 23 -24 24 25 -27 -28 -29 -30 -31
leaf_value=-0.045684982491621756 0.083196964101665036 0.0040879932899818769 0.094574122912380196 0.068468224797163621 0.079104834578840239 0.0086094551117668651 0.089778115678733381 -0.015824279110441732 -0.049600264558209595 0.1344599219234778 0.050566132642330723 0.068938137856801834 0.10402489085096932 0.043372128998166705 -0.10715212587467156 0.082745965653186315 0.010710764535045471 -0.017019595479036486 0.065123734294527405 0.045477105300091143 -0.07608687654574868 -0.011855576983520988 0.076512463764585315 0.093730890678014794 -0.03683528619454686 0.094619630266065263 -0.016659174804694053 -0.0216510592801035 -0.035233494132995598 0.080710405963201004
leaf_weight=5.7808664925487383 1265.6036645770782 25.650593713748094 1584.0447190056111 330.46729841419165 132.17023999104276 22.182265044561063 208.2634359546937 17.712847230965053 9.8699453327462816 1.9419486032056728 58.653282518862397 219.46017589802068 185.61657112389366 20.91389546451683 3.4961952587473197 294.9203423370318 27.296243459461039 10.238698389430281 619.40626433747366 154.17262755165211 8.1414585066304408 5.936686966164415 167.01033884289882 374.98710586019024 11.729363403917889 18.281007035493531 9.131477763208748 7.492272008163126 5.5395286918064803 6.5855453396870862
leaf_count=3187 85015 3282 11519 30206 2331 2006 1828 10607 538 62 1075 8694 11985 347 135 34546 6304 1584 47618 4526 1234 348 13675 14905 619 482 947 564 834 187
internal_value=0 0.06738 0.0863693 0.0814102 0.0923791 0.0725955 0.0666749 0.0484865 0.0512863 0.0353964 0.0811615 0.0631747 0.0858609 0.0701733 0.0218129 0.0715975 0.0625475 0.0608247 0.062638 0.0405037 -0.035538 0.0815987 0.06687 0.0883951 0.0898411 0.049984 0.0639356 0.0659476 0.0667586 0.00543096
internal_weight=0 1962.63 3850.07 2109.44 1740.63 1538.06 927.875 424.572 406.859 174.126 266.917 232.733 1451.22 156.58 24.4101 658.223 363.303 660.959 638.776 164.256 10.0834 610.181 192.661 417.52 411.583 36.5959 628.538 226.952 336.007 18.3149
internal_count=301190 117968 183222 168890 14332 88556 55058 29412 18805 6360 2903 12445 97000 2813 482 71890 37344 52155 50149 5822 1296 33498 16957 16541 16193 1288 48565 9258 31040 806
is_linear=0
shrinkage=0.1


Tree=41
num_leaves=31
num_cat=0
split_feature=86 86 13 170 166 171 7 17 3 66 157 156 157 79 219 11 156 214 163 173 200 122 226 135 149 184 114 113 122 0
split_gain=49.5867 18.7465 10.5248 9.60457 9.38793 8.03269 7.98515 8.25289 7.93001 7.83711 7.69633 9.85138 10.9369 9.47093 9.14437 7.73101 7.65008 7.12987 6.67147 7.35783 7.02026 6.87303 6.65926 8.35432 9.46412 7.35699 12.9638 8.67674 7.33204 7.00606
threshold=-1.1183982491493223 -0.83693176507949818 0.054079741239547736 0.46235556900501257 0.8878503441810609 0.45464123785495764 0.043015725910663612 6.5000000000000009 0.125657893717289 6.0089678764343271 0.6861170530319215 0.15170694142580035 0.50376957654953014 0.4403389841318131 -0.003813373856246471 0.054857686161994941 0.018605053424835209 0.082857541739940657 -0.61485886573791493 -0.17736129462718961 0.046694159507751472 -0.053289098665118211 -0.098342407494783388 0.0040632819291204223 0.038748521357774741 -0.14637254923582074 -0.056375548243522637 0.092086352407932295 0.020981573499739174 0.13484849035739901
decision_type=2 2 10 2 2 2 8 2 8 2 2 2 2 2 2 8 2 2 2 2 2 2 2 2 2 2 2 2 2 8
left_child=4 2 3 -2 9 17 -5 -8 -7 -1 11 13 15 16 18 -13 -3 -6 -14 -20 -21 -22 23 24 -16 26 -24 29 -25 -27
right_child=1 10 -4 6 5 8 7 -9 -10 -11 -12 12 14 -15 22 -17 -18 -19 19 20 21 -23 25 28 -26 27 -28 -29 -30 -31
leaf_value=0.045622798699134381 0.089280333360170258 -0.014262091682686424 0.085751880540559267 0.014181120661550332 0.086458537571096838 -0.11854237248273987 0.06534264510520385 0.084710901149610718 0.046669476196144755 -0.0056828182839914962 0.10346641757284869 0.024227504698370442 0.080436677427682679 0.14146663478022423 0.072323583278778331 0.078926844965249987 0.096441282779257925 0.024498837801885866 0.055545105854070631 0.10739245525202178 -0.11504753662119345 0.084049626330838817 -0.074744693041265145 -0.096447905143110468 -0.19323862736507055 0.015307429216278833 0.11183826470868052 -0.00091928340468908673 0.055716715810232048 0.080220165949311473
leaf_weight=273.75813990784627 265.17976648631975 6.3312643770195782 840.1462289046458 26.589642590592121 147.28983544158109 3.014303803931397 1014.9058143385419 280.88977134755805 80.341757296493597 33.406447182425836 314.3684796866437 50.884998847268434 307.12103271583328 48.331483429901709 50.556024672398053 52.495197367119545 444.19425900253373 21.251911756155096 37.494025977117417 441.84797616873948 1.7563488207088074 135.51312281393984 3.8618456320182295 6.7590283883691864 1.3785782843624463 17.01364972778174 104.19849554849134 13.926248227951872 5.9579605542239733 731.63418176367122
leaf_count=23100 17943 8632 27425 20010 4786 158 53751 13588 1042 9188 1095 10363 3914 14763 1131 5398 44273 927 1091 10939 230 3895 144 553 58 4175 1881 492 222 15494
internal_value=0 0.0831189 0.0767009 0.071911 0.0517779 0.0660875 0.068428 0.0695411 0.0406951 0.0400429 0.0887324 0.0868505 0.0836607 0.0993985 0.0854212 0.0520032 0.0948856 0.0786459 0.0924784 0.0984761 0.101256 0.0815022 0.0784511 0.0474863 0.0652744 0.0807505 0.10517 0.0772901 -0.0251582 0.078745
internal_weight=0 5203.34 2427.71 1587.56 559.062 251.898 1322.39 1295.8 83.3561 307.165 2775.62 2461.26 1962.4 498.857 1859.02 103.38 450.526 168.542 923.733 616.611 579.117 137.269 935.286 64.6516 51.9346 870.634 108.06 762.574 12.717 748.648
internal_count=300661 261460 132717 105292 39201 6913 87349 67339 1200 32288 128743 127648 59980 67668 44219 15761 52905 5713 20069 16155 15064 4125 24150 1964 1189 22186 2025 20161 775 19669
is_linear=0
shrinkage=0.1


Tree=42
num_leaves=31
num_cat=4
split_feature=86 86 158 170 158 237 2 3 190 74 193 88 237 170 157 187 160 170 199 90 148 12 94 160 237 166 237 3 100 72
split_gain=45.7811 18.0587 14.6986 9.42736 8.89575 16.0452 8.59934 8.3799 7.02946 8.42267 8.6811 6.8989 8.859 6.78734 7.40478 6.59762 8.26628 8.89489 7.69063 7.26839 7.08572 6.40533 6.16238 6.10954 6.43741 6.05035 7.36939 6.04804 5.71405 5.66268
threshold=-1.1183982491493223 -0.82948100566864003 0.29166667163372045 0.42755009233951574 0.18333333730697635 0 0.3390804678201676 0.056349206715822227 0.045232271775603301 0.65255734324455272 -0.10327959433197974 0.62899437546730053 1 0.41605599224567419 0.4206004142761231 0.10320852324366571 1.0000000000000002 0.52384155988693248 -0.10627191886305808 1.9801960587501528 -0.021977281197905537 16.500000000000004 0.12180711328983308 2.0000000000000004 2 0.59232404828071605 3 0.16749174892902377 0.016380724497139457 0.034785239025950439
decision_type=2 2 2 2 2 9 10 8 2 2 2 2 9 2 2 2 2 2 2 2 2 8 2 2 9 2 9 10 2 2
left_child=4 2 3 -2 5 -1 8 -5 9 -4 -11 12 -9 -3 -15 16 19 18 -18 -13 -17 -16 28 25 -25 26 -6 -28 -19 -24
right_child=1 13 6 7 23 -7 -8 11 -10 10 -12 15 -14 14 21 20 17 22 -20 -21 -22 -23 29 24 -26 -27 27 -29 -30 -31
leaf_value=-0.018451101774291462 0.10157744306414851 0.11699230859020666 0.079846150476774957 -0.00066799032735804153 -0.026151018027643483 0.052545619442128599 -0.057397925635697671 -0.03965766330072848 0.095096617777113535 -0.27106146305040152 0.055030566078449673 0.062480639161861022 0.048501627197402662 0.028331246259399187 0.0040425186751672096 0.055386084948473947 -0.0038810759403084469 0.0080482953144154525 0.068658125797486314 0.085324209578569704 0.092672578463718638 0.08811558903478689 -0.15276640865909982 0.042746788480769071 -0.032166386588602353 0.067985962518927939 0.0199699857780858 0.085230974787550762 0.058902390837637209 0.019038220833569767
leaf_weight=46.58423374234917 82.46266212210503 79.547825886730607 792.25158599481802 18.228254463783742 13.684895866983423 79.949759006949535 4.2723159798515544 10.563266054940867 425.60221291902053 1.3819523205929729 1.9948146919414274 343.39066582839951 18.812546802604633 21.093329659426217 9.0939461011612348 69.276649574566363 15.836058772087197 43.79996015368306 189.64169744887113 234.34079908620788 192.82609016469269 2585.6327762430251 3.5299653510537601 15.610571515353511 12.113287794529244 334.03465586228231 26.290109910529281 30.881070626397559 44.586719184598223 4.2023381398157653
leaf_count=6227 5162 3991 31283 16112 3438 8161 917 971 16155 39 175 20708 1605 18452 16081 4147 1858 3885 11583 10603 8664 85834 495 1049 1504 11178 4759 2860 2939 424
internal_value=0 0.0825401 0.0764129 0.0688806 0.0524247 0.0291023 0.0842279 0.066613 0.0847234 0.0791744 -0.0784236 0.0676605 0.019811 0.0882163 0.0873412 0.0688919 0.0647411 0.0513219 0.0630676 0.0717465 0.0828173 0.0878209 0.0262126 0.0592462 0.0138316 0.0623559 0.0358142 0.0469999 0.0337017 -0.0593943
internal_weight=0 5192.37 2497 1271.5 559.149 126.534 1225.5 1189.04 1221.23 795.628 3.37677 1170.81 29.3758 2695.37 2615.82 1141.43 879.328 301.597 205.478 577.731 262.103 2594.73 96.119 432.615 27.7239 404.891 70.8561 57.1712 88.3867 7.7323
internal_count=301259 262083 137725 89156 39176 14388 48569 83994 47652 31497 214 67882 2576 124358 120367 65306 52495 21184 13441 31311 12811 101915 7743 24788 2553 22235 11057 7619 6824 919
cat_boundaries=0 2 4 6 8
cat_threshold=2478730801 4399254 3231011974 5456320 310546144 1479817 542166956 75800
is_linear=0
shrinkage=0.1


Tree=43
num_leaves=31
num_cat=0
split_feature=93 157 104 157 171 156 157 207 156 229 175 156 171 182 158 228 10 75 157 178 2 17 171 197 208 178 119 177 157 93
split_gain=29.5332 14.6445 12.9398 12.1994 15.601 11.2941 13.8275 11.7589 11.0274 8.72812 8.71332 9.00848 8.11108 8.12079 7.71034 7.58937 7.50082 8.41845 7.26358 8.31823 17.5666 8.10697 7.26409 7.02098 6.8308 9.16974 7.00657 6.78985 6.61252 6.60544
threshold=0.18131834268569949 0.6861170530319215 -0.12861470878124234 0.40522991120815283 -0.043722767382860177 0.14523021876811984 0.52937316894531261 -0.12978826463222501 1.0000000180025095e-35 0.069683197885751738 0.23086272925138476 0.12864215672016147 -0.24797575175762174 -0.25683648884296412 1.0000000180025095e-35 -0.043139768764376633 77.500000000000014 0.11215933039784433 0.61278760433197033 -0.13041676580905912 0.037210106849670417 31.500000000000004 0.3453053236007691 0.0078959069214761275 1.0000000180025095e-35 0.29057274758815771 0.027264990843832496 -0.024366982281208035 0.63768562674522411 0.037879498675465591
decision_type=2 2 2 2 2 2 2 2 2 2 2 2 2 2 2 2 8 2 2 2 10 2 2 2 2 2 2 2 2 2
left_child=1 2 27 -2 23 8 9 -8 -4 -7 14 -12 15 -14 29 -9 17 -3 19 20 -6 22 -20 -5 25 -15 -27 -1 -24 -10
right_child=3 16 5 4 18 6 7 12 10 -11 11 -13 13 24 -16 -17 -18 -19 21 -21 -22 -23 28 -25 -26 26 -28 -29 -30 -31
leaf_value=0.078813094199323599 -0.004007563144074227 0.054366259073353677 -0.077062300970749356 0.06981509059820562 0.099714497303523567 0.05416709549791876 0.10474810361733129 -0.025575728910453666 0.088870510540385139 0.089145707785745182 0.1591714562501933 0.02264581691793971 0.030467969450842947 0.079168763181747148 0.097858677285025342 0.062474361009673622 0.10364810779303413 -0.20464466552309923 0.093376137727350428 0.038838689667708932 -0.076243706009913065 -0.18741221025017693 0.010650950992033585 0.10231453774487294 0.088049402305260788 0.015858658231032639 0.10077838856881226 0.049422653026503782 0.065179739055744118 0.049891613809391826
leaf_weight=139.81817411289012 24.876901216046463 11.216694902890593 3.7623716248749579 120.69230620911185 52.815953210940279 290.83166950624582 227.60994719409064 12.085410690462593 117.83766039501461 94.522070392558817 34.428655237139537 5.6223262800049261 30.28064991068095 1148.08139206142 578.83936536366036 51.52181071574887 404.70886521489592 1.4129331738513418 90.428640074766008 233.64225851581705 6.3565711096925943 1.2494543325738039 23.5286382039194 147.96940503088081 1162.4638058887067 39.913410261073295 12.842137742598423 179.54082483684715 405.73693003148219 68.892770208836737
leaf_count=10595 16836 291 14301 11028 1505 36089 3199 1111 17910 6482 3865 115 1011 23918 67062 2216 1142 38 565 18374 562 76 1752 9357 23573 859 224 10952 6497 8889
internal_value=0 0.0834142 0.0816385 0.0652293 0.0668206 0.0832313 0.0804609 0.0830035 0.0937397 0.0627469 0.0945374 0.140006 0.0809893 0.0819259 0.0921587 0.0457448 0.10128 0.0253895 0.0599224 0.0473208 0.0808123 0.0670056 0.0676173 0.0877146 0.0825852 0.0772956 0.0365304 0.06229 0.0621909 0.0744895
internal_weight=0 4616.23 4198.89 1107.3 1082.42 3879.54 3070.15 2684.8 809.383 385.354 805.621 40.051 2457.19 2393.58 765.57 63.6072 417.338 12.6296 813.758 292.815 59.1725 520.944 519.694 268.662 2363.3 1200.84 52.7555 319.359 429.266 186.73
internal_count=300394 233842 232371 66552 49716 210824 98682 56111 112142 42571 97841 3980 52912 49585 93861 3327 1471 329 29331 20441 2067 8890 8814 20385 48574 25001 1083 21547 8249 26799
is_linear=0
shrinkage=0.1


Tree=44
num_leaves=31
num_cat=0
split_feature=86 86 93 11 156 65 170 66 93 168 5 206 130 104 104 166 86 189 187 156 159 10 113 168 100 107 149 104 113 88
split_gain=46.2123 15.0628 11.057 9.81548 8.35229 8.14421 7.89893 7.72706 7.41201 7.10729 7.30972 8.22294 9.69861 8.87835 9.12205 6.71093 7.06229 6.72405 7.72152 6.27787 7.68496 6.63624 7.65679 6.79098 6.40029 6.2386 6.17376 6.1611 7.33229 6.30203
threshold=-0.96732068061828602 -1.1852712035179136 0.44747415184974676 0.011184378061443569 1.0000000180025095e-35 1.5000000000000002 0.41605599224567419 1.7955058217048647 0.068085435777902617 3.2870929241180424 0.091094873845577254 0.15251560509204867 0.0020997902611270551 0.068741619586944594 -0.10911883041262625 0.10155451297760011 -0.91503310203552235 0.15722425282001498 0.25354062020778662 0.26209992170333868 1.1000182032585146 363.00000000000006 -0.053588772192597382 3.7635895013809209 0.016380724497139457 -0.014503903687000273 -0.015565892681479452 -0.048076037317514413 0.059179160743951804 0.75131201744079601
decision_type=2 2 2 8 2 2 2 2 2 2 8 2 2 2 2 2 2 2 2 2 2 8 2 2 2 2 2 2 2 2
left_child=1 3 5 -1 -2 7 -6 25 -8 -9 11 12 -11 14 -14 16 26 18 -17 21 24 22 -5 -24 -21 -3 -10 -12 29 -29
right_child=4 2 -4 19 6 -7 8 9 15 10 27 -13 13 -15 -16 17 -18 -19 -20 20 -22 -23 23 -25 -26 -27 -28 28 -30 -31
leaf_value=-0.017355321339061924 -0.09324703863107088 0.11082261567082566 0.029700530770881986 0.095428642916876527 0.10954864476504281 0.078351648110921823 0.087695106531440747 0.038149112441268722 -0.14921340573980635 0.064850143113326389 0.10544529239546384 0.15437952993519019 0.063616686022220911 0.12115442712062026 -0.053296082514393751 0.070501828163345034 0.10690038031249166 0.099063064117011573 0.11515955153314827 0.032505789362149158 0.052554352441904373 0.080406890134027381 -0.019440445043279131 0.060757881822542638 -0.041240753996671924 -0.059464869396794295 0.055709307441057371 0.0027853512807036701 0.12888231193888638 0.071189251717275623
leaf_weight=21.899519885588234 2.607601690714545 2.8298419424554586 62.296540672106858 17.055338692549412 135.22767645998829 858.09698453331157 2847.2371311496863 86.080920275730932 1.7107425670546934 97.630476101709974 78.223708071379406 7.7466110076256873 9.7436341157717852 5.5258167389747532 21.181905657335847 854.94043666220387 118.47738806734378 106.86298376075138 40.55427944035182 32.128901708456397 109.95190760589321 106.39319972045996 23.769594711156969 18.996980433743374 18.570468214413268 8.9737051643473915 10.454943923217796 18.788679303152094 15.169531056060803 47.565116041100737
leaf_count=7217 13057 105 5108 1138 5692 37576 125092 18281 202 5964 3168 384 757 213 2340 43636 4270 3629 1352 1089 1179 5682 5713 1619 801 530 793 1645 534 2340
internal_value=0 0.0659397 0.0708238 0.0474569 0.0856671 0.0728609 0.0857804 0.0610661 0.0849729 0.063493 0.0707271 0.0542042 0.0484165 0.004401 -0.0164607 0.0781321 0.09945 0.0753536 0.0725242 0.0517992 0.0377026 0.0654239 0.0387766 0.0161838 0.00549346 -0.0186393 0.026893 0.0853967 0.0661595 0.0518201
internal_weight=0 1668.62 1319.85 348.766 4118.07 1257.56 4115.47 399.46 3980.24 387.656 301.575 141.828 134.082 36.4514 30.9255 1133 130.643 1002.36 895.495 326.866 160.651 166.215 59.8219 42.7666 50.6994 11.8035 12.1657 159.747 81.5233 66.3538
internal_count=301106 103383 78945 24438 197723 73837 184666 36261 178974 35626 17345 9658 9274 3310 3097 53882 5265 48617 44988 17221 3069 14152 8470 7332 1890 635 995 7687 4519 3985
is_linear=0
shrinkage=0.1


Tree=45
num_leaves=31
num_cat=1
split_feature=86 86 65 171 158 8 144 184 170 160 167 209 114 157 153 184 170 160 186 237 17 17 152 92 157 154 7 178 212 130
split_gain=39.2388 19.3805 10.8775 9.66849 9.15574 10.0501 8.13656 8.33384 7.69246 10.2116 7.53813 7.3098 9.30167 6.90059 6.80647 7.13823 6.58985 8.11842 12.367 6.52002 6.17145 6.15816 6.09619 6.92985 6.08705 6.65869 9.62413 6.13001 6.28326 6.03749
threshold=-1.1543014049530027 -0.81289151310920704 1.5000000000000002 -0.0079010277986526472 0.29166667163372045 0.26849387586116796 0.010205185972154142 -0.048672921955585473 0.53156024217605602 1.0000000000000002 1.5000000000000002 -0.051237914711236947 0.024861725047230724 0.50032177567482006 -0.015813641250133511 -0.21284233778715131 0.51491400599479686 2.0000000000000004 -0.14338201284408567 0 12.500000000000002 31.500000000000004 0.0057813881430774936 0.87999457120895397 0.58793500065803539 -0.015919863246381279 0.20638945698738101 -0.17657299339771268 0.093936275690794005 -0.078392177820205675
decision_type=2 2 2 2 2 10 2 2 2 2 2 2 2 2 2 2 2 2 2 9 2 2 2 2 2 2 10 2 2 2
left_child=11 2 4 -4 5 14 7 -7 -5 21 -11 12 19 -9 -2 -16 22 24 -19 -1 -20 -10 23 -3 -18 26 27 -26 -29 -17
right_child=1 16 3 8 -6 6 -8 13 9 10 -12 -13 -14 -15 15 29 17 18 20 -21 -22 -23 -24 -25 25 -27 -28 28 -30 -31
leaf_value=0.029272231714769816 0.0018811310618658352 0.057218922562358124 0.086984079671230174 0.078768231123466009 0.078349015104032693 0.12375079155904865 0.042554342920426896 0.0052734031857693594 0.072810160254346515 0.046698956455583807 -0.026477802406209699 0.058285194730024539 0.058941443493122463 0.082747436832698182 -0.045495423379750329 0.14329124455758097 0.072263951608673369 -0.093315543953456287 0.068878586175135939 -0.032131105174656678 -0.1070825802007363 -0.24564219138897259 0.099793501071577306 0.090768037027756765 -0.037062921634787742 0.094367249081286991 0.017865149732038177 0.090799366148430261 0.0099421946823368829 0.052053239249785915
leaf_weight=23.576530562691914 30.541472748941487 74.006912802420857 1227.9141676375348 502.27238221127891 472.82242006858678 45.766914256621931 52.434157406778468 13.397383038655788 130.02144805860007 42.470463763444059 21.056650144517334 317.33297389166091 46.357709943757982 81.03807685693755 7.2961201933449038 7.4879481548227877 238.16631173481869 5.2471228384656561 85.141847545039127 25.84514952774407 2.0409941677771704 0.61009135228596179 795.95709356954808 366.33932481507668 4.1777315274812272 756.06065982965447 26.754562777219689 150.43679526940468 10.266398930441936 230.93664758566683
leaf_count=1295 5435 4392 47984 21756 28010 2858 3721 3361 5233 2954 1574 21986 3526 1582 1630 724 37305 514 4484 2756 207 20 37527 18504 53 8866 609 1708 207 30591
internal_value=0 0.0829578 0.0773363 0.0816459 0.0685298 0.0586285 0.0761607 0.0887291 0.0722339 0.0553301 0.0224438 0.0509772 0.0267647 0.0717563 0.0464033 0.0519371 0.0893651 0.0843307 0.0557856 -0.00341721 0.0647592 0.0713229 0.0945705 0.0851296 0.0865555 0.0901472 0.0734977 0.082525 0.0856339 0.0549187
internal_weight=0 5380.66 2866.07 1924.35 941.721 468.899 192.637 140.202 696.431 194.159 63.5271 413.112 95.7794 94.4355 276.262 245.721 2514.6 1278.29 92.43 49.4217 87.1828 130.632 1236.3 440.346 1185.86 947.696 191.635 164.881 160.703 238.425
internal_count=301372 271809 157433 79521 77912 49902 11522 7801 31537 9781 4528 29563 7577 4943 38380 32945 114376 53953 5205 4051 4691 5253 60423 22896 48748 11443 2577 1968 1915 31315
cat_boundaries=0 2
cat_threshold=14336 935738
is_linear=0
shrinkage=0.1


Tree=46
num_leaves=31
num_cat=0
split_feature=86 93 86 163 163 190 12 156 156 157 145 207 157 86 190 178 86 83 124 7 5 85 226 97 35 151 66 150 95 232
split_gain=43.803 13.5164 10.9161 8.3474 7.29204 6.38688 5.99104 5.73035 5.63512 8.41705 10.7377 7.5336 8.11411 6.33593 5.63634 7.75379 7.1159 6.79244 5.70383 10.5428 5.75674 5.86858 5.80317 9.20693 8.59834 5.90263 7.06227 5.50765 6.61284 7.15159
threshold=-0.96732068061828602 0.068085435777902617 -1.1543014049530027 0.78638538718223583 0.19967179000377658 0.099236711859703078 14.500000000000002 1.0000000180025095e-35 0.15821565687656405 0.51434451341629039 -0.02700579538941383 -0.12978826463222501 0.6861170530319215 -0.78950834274291981 -0.023809436708688732 0.37791877985000616 -0.75255382061004628 16.500000000000004 0.046248385682702071 0.22986830770969394 0.080145984888076796 39.500000000000007 -0.0020812401780858632 0.054568016901612289 1.0000000180025095e-35 -0.007416974985972046 5.8342738151550302 -0.048835147172212594 -0.11815804615616797 -0.038813533261418336
decision_type=2 2 2 2 2 2 8 2 2 2 2 2 2 2 2 2 2 2 2 10 8 2 2 2 2 2 2 2 2 2
left_child=2 6 4 7 -1 -3 -2 -4 13 10 -10 -11 14 27 17 -16 -17 18 20 -20 -13 -22 23 24 25 26 -23 28 29 -8
right_child=1 5 3 -5 -6 -7 8 -9 9 11 -12 12 -14 -15 15 16 -18 -19 19 -21 21 22 -24 -25 -26 -27 -28 -29 -30 -31
leaf_value=0.055641641975960138 0.0057361840260200915 0.073559206789041903 -0.10125265792965328 -0.044358798153255517 -0.015427401467142802 0.092754141375898436 0.62151132302972778 0.072556731709018718 0.11047474114424188 0.10784149098764398 0.044961433506763987 0.088813797898586691 0.10279645027639035 0.10825709743490652 0.089915477717662645 0.061738398595494619 -0.13175605171684923 0.12183078080593286 0.056984872963875347 -0.10648043976585962 0.097063947099098311 0.026834308410336762 0.075696801637746905 -0.13690718983950406 0.11043309094860526 0.055000721291183712 -0.088876615339522014 0.083538902569235726 0.11567136019209455 0.20859665233574415
leaf_weight=412.32573306760514 8.4568944343595813 952.00310109148313 1.8998022217629102 6.1658186981730969 14.96122834359903 211.93769599881716 0.53906942468574959 1223.5430524558742 34.359538714190421 199.57669831697422 92.020397582604346 248.66339017940118 296.0215046844678 320.31195718572235 1102.9200844034021 5.3372925907897297 2.9517151166146487 32.630170478922082 30.391603327450866 4.5341628264723104 58.860986769752344 24.839991243970875 142.80639889661688 2.6961035548592909 19.583508727213484 64.896936021890724 6.6966888746828763 234.5280047463425 9.6704086085383079 1.8903005267425204
leaf_count=18720 19813 48624 4904 10334 10508 11122 123 58607 2703 2226 13198 5711 880 37855 18895 159 57 357 847 212 918 642 3266 195 296 1517 350 26506 1156 393
internal_value=0 0.0861775 0.0669253 0.0717033 0.0531532 0.0770543 0.089783 0.0722873 0.090025 0.0878825 0.0627729 0.089297 0.0874862 0.0989809 0.0848931 0.0891913 -0.00716496 0.0773904 0.0749895 0.0357633 0.077397 0.0685359 0.062115 0.0457768 0.0500222 0.0377541 0.00226355 0.0869332 0.152725 0.300221
internal_weight=0 4109.12 1658.9 1231.61 427.287 1163.94 2945.18 1225.44 2936.73 2369.79 126.38 2243.41 2043.83 566.94 1747.81 1111.21 8.28901 636.6 603.97 34.9258 569.044 320.381 261.52 118.713 116.017 96.4336 31.5367 246.628 12.0998 2.42937
internal_count=301094 198021 103073 73845 29228 59746 138275 63511 118462 52429 15901 36528 34302 66033 33422 19111 216 14311 13954 1059 12895 7184 6266 3000 2805 2509 992 28178 1672 516
is_linear=0
shrinkage=0.1


Tree=47
num_leaves=31
num_cat=0
split_feature=86 86 157 170 170 156 86 163 205 2 221 135 179 153 199 170 157 142 28 194 197 155 116 73 106 159 110 133 92 75
split_gain=39.8365 14.4821 10.7728 11.0796 9.63457 9.09277 8.99953 10.2303 8.30753 8.10573 7.60673 7.00954 6.97956 6.4305 6.4012 6.20273 7.2208 6.12493 6.88516 5.86483 6.86283 9.67653 6.10988 7.36207 7.24436 7.03633 5.89613 5.78014 8.49917 5.72628
threshold=-0.95728516578674305 -1.1543014049530027 0.59552291035652172 0.42755009233951574 0.50697025656700145 0.2327174320816994 -0.78950834274291981 -0.47065415978431696 -0.1338897496461868 0.053813256323337562 0.12852688878774646 0.027058602310717109 -0.073082413524389253 -0.01212297100573778 -0.01792744547128677 0.54832735657691967 0.45718969404697424 -0.020715338177978989 1.0000000180025095e-35 0.076263118535280242 -0.090594202280044542 -0.041426176205277436 -0.013004620559513567 0.12599206715822223 -0.016101073473691937 0.12657512724399569 -0.056913640350103371 -0.022570693865418431 0.85024783015251171 0.17902930825948718
decision_type=2 2 2 2 2 2 2 2 2 10 2 2 2 2 2 2 2 2 2 2 2 2 2 2 2 2 2 2 2 2
left_child=1 -1 3 -2 -4 6 15 8 -8 11 19 -7 -3 -11 17 16 -5 18 -14 -6 26 -22 23 24 -23 29 -21 28 -27 -24
right_child=2 12 4 5 10 9 7 -9 -10 13 -12 -13 14 -15 -16 -17 -18 -19 -20 20 21 22 25 -25 -26 27 -28 -29 -30 -31
leaf_value=0.051245062375334494 0.1049089092841004 0.057618158941649449 0.10143127324973722 0.042051913631458993 0.090236578319575614 0.062657457283697246 -7.2021838269125779e-05 0.10621412967390483 0.082350826284033396 0.048004318662646622 0.0049145882642768687 0.016094017971950186 0.069191498357383779 0.086373048443127251 0.069040471203007783 0.039121547701428359 0.081789018389587909 0.091209202478423124 -0.09643533903540448 -0.020224652926082241 -0.17548639646203221 -0.089957902083545455 -0.019856372683573389 0.11586042540399021 0.033999759415553041 -0.1509378127589128 0.10499904314385496 0.087980491069048802 0.056219070941843287 0.11389256039449625
leaf_weight=416.38753499661198 163.95912215260637 251.4602173321623 583.58151214510144 51.016129287957483 1200.537070035638 301.9356334802942 12.917944555179927 271.9973626497615 229.15921522219242 52.419746189356374 11.38408867374528 36.206319448927388 127.95328044489543 262.01209961939821 584.1214131343354 45.606654833126413 441.25409700040291 362.19902214352533 2.5600959852317819 3.9365089345374136 1.6362941655097518 6.4989263965108028 12.998216771178706 7.1331120747199739 17.172909268228977 2.0925890617072573 83.882304910228413 161.78098146315824 36.978483533617691 4.2469300301308968
leaf_count=29214 9245 16382 4005 23748 13257 23171 877 43880 16164 2767 279 3305 7046 10291 35429 11719 25876 19631 175 102 44 203 358 60 356 40 704 2011 505 18
internal_value=0 0.0675176 0.0856247 0.0800804 0.0904794 0.0776921 0.0834447 0.0929058 0.0779525 0.0684189 0.0863568 0.0576717 0.0726187 0.0799765 0.0761216 0.0744023 0.0776709 0.0845164 0.0659426 0.0869592 0.0753307 0.0668989 0.0684924 0.0268038 -3.18945e-05 0.0743807 0.0993858 0.0796438 0.0451241 0.0130817
internal_weight=0 1744.68 4002.34 1868.48 2133.86 1704.53 1051.95 514.075 242.077 652.574 1550.28 338.142 1328.29 314.432 1076.83 537.877 492.27 492.712 130.513 1538.89 338.357 250.538 248.902 30.8049 23.6718 218.097 87.8188 200.852 39.0711 17.2451
internal_count=300862 107877 192985 171043 21942 161798 122264 60921 17041 39534 17937 26476 78663 13058 62281 61343 49624 26852 7221 17658 4401 3595 3551 619 559 2932 806 2556 545 376
is_linear=0
shrinkage=0.1


Tree=48
num_leaves=31
num_cat=0
split_feature=86 86 86 168 7 40 157 74 170 157 76 170 70 156 79 90 9 155 163 182 216 124 205 214 158 7 210 71 155 182
split_gain=37.4074 12.28 7.40974 7.87908 9.74605 7.35157 6.90732 7.1512 7.09444 6.92232 6.89346 6.52054 7.31765 6.45433 8.07445 6.41056 6.2605 8.87378 6.82147 6.16026 6.08692 6.00112 8.82066 6.12331 5.93618 6.75971 5.93655 5.87959 8.32054 6.07242
threshold=-0.95728516578674305 -1.1852712035179136 -0.6793040633201598 3.1970797777175908 0.078461539000272765 1.0000000180025095e-35 0.61278760433197033 0.22361110895872119 0.47530725598335272 0.50722458958625805 0.30210618674755102 0.47702896595001226 2.5000000000000004 0.31726674735546118 0.40640640258789068 1.729448199272156 0.017241584137082103 0.045676246285438545 -1.0655248761177061 -0.12281950935721396 -0.16794928163290021 0.058603093028068549 0.012628231197595598 -0.0059154166374355546 0.22500000149011615 0.18208556622266772 1.0000000180025095e-35 0.01835016813129187 -0.0017819880158640442 -0.012314362451434134
decision_type=2 2 2 2 10 2 2 2 2 2 2 2 2 2 2 2 10 2 2 2 2 2 2 2 2 10 2 2 2 2
left_child=1 19 3 4 5 -2 8 -8 9 -5 -11 12 -3 14 20 -12 -13 18 -18 -1 -4 -10 -23 -24 25 -20 -26 28 -6 -30
right_child=2 11 13 6 27 -7 7 -9 21 10 15 16 -14 -15 -16 -17 17 -19 24 -21 -22 22 23 -25 26 -27 -28 -29 29 -31
leaf_value=0.021098498245741452 0.041490936651541355 -0.1772713273275075 -0.080059935012242192 0.075064676930732627 0.084943464567762139 0.095367065396310222 0.09774294412281076 0.074902643534204116 0.077232009280801442 0.10278989070661043 -0.11921437334097805 0.071567663581708005 0.084370857281093517 0.085498661593045075 0.13470992515234581 0.081899232884632509 0.088810000472016259 -0.18673286104099943 -0.022562796813654355 0.057114130179000848 0.096798880040607826 -0.060711153127881112 -0.053457940728252967 0.1094861107664733 0.028859457685735185 0.061805678472826114 0.081199317806907867 0.087890977255155225 0.0072189180773422658 0.062822878246837605
leaf_weight=56.452695945657979 129.95136755720887 1.0720607178905073 1.9544675363231352 168.09306679499377 103.41399056481487 31.458389582505333 653.07779259874951 173.49738121659902 835.73116390764835 288.56219444234739 2.6970242684328687 861.84869026758633 368.05606967314543 621.09807500622628 61.307670367042647 3.8438019340101164 39.849748128332976 1.5622355524938019 24.880033920586357 299.18502642716885 449.51336492201381 7.8564853792959211 2.971975641290558 10.296041599006452 41.631210317645127 15.359089704283177 45.19722683893815 341.16001223413059 30.757255297541178 54.339629000757668
leaf_count=3313 22268 67 425 17561 6475 3943 3420 1481 55992 2600 143 46568 21443 13737 11682 81 2015 189 4486 21327 25834 1337 681 802 3449 2423 3135 18596 2600 3228
internal_value=0 0.0679901 0.0855208 0.0827905 0.0735036 0.0519913 0.0857802 0.0929488 0.0812915 0.0912624 0.100489 0.0722069 0.083611 0.092354 0.100657 -0.00102734 0.0681212 0.0504909 0.0527112 0.0513971 0.0960332 0.0759015 0.0232631 0.0729874 0.0413902 0.00964026 0.0561042 0.0800592 0.0658856 0.0427255
internal_weight=0 1755.09 3971.58 2837.71 691.081 161.41 2146.63 826.575 1320.05 463.196 295.103 1399.46 369.128 1133.87 512.776 6.54083 1030.33 168.48 166.917 355.638 451.468 856.856 21.1245 13.268 127.068 40.2391 86.8284 529.671 188.511 85.0969
internal_count=301301 108415 192886 141208 57110 26211 84098 4901 79197 20385 2824 83775 21510 51678 37941 224 62265 15697 15508 24640 26259 58812 2820 1483 13493 6909 6584 30899 12303 5828
is_linear=0
shrinkage=0.1


Tree=49
num_leaves=31
num_cat=1
split_feature=86 86 93 171 163 103 170 156 237 126 5 164 187 109 158 124 171 7 178 186 220 127 229 227 65 0 213 135 12 175
split_gain=44.2041 16.2994 9.69261 9.56512 7.88185 9.24927 7.08935 6.77321 6.73162 6.47396 6.31633 6.09654 5.91702 7.52663 6.35902 7.64336 5.84876 5.82525 5.67798 5.64327 5.64057 6.19302 5.62432 5.15769 5.65063 5.81064 4.98269 8.74121 5.38544 5.2182
threshold=-0.93589836359024037 -1.1852712035179136 0.078247956931591048 -0.029621206223964688 -0.2814673632383346 0.0091894962824881094 0.42755009233951574 0.26209992170333868 0 -0.059640269726514809 0.17785793542861941 4.1666352748870858 0.10320852324366571 -0.021545185707509514 0.22500000149011615 0.042263437062501914 0.12378063052892686 0.13906469941139224 -0.13041676580905912 -0.067079495638608919 0.033156927675008781 0.023684484884142879 0.11500302702188493 0.010574469808489086 73.500000000000014 0.33480826020240789 -0.12990547716617581 -0.036399180069565766 87.500000000000014 0.23086272925138476
decision_type=2 2 2 2 2 2 2 2 9 2 10 2 2 2 2 2 2 8 2 2 2 2 2 2 2 10 2 2 8 2
left_child=1 4 6 26 7 -6 -2 10 9 -9 19 -7 14 18 15 -4 -8 -17 -14 -1 -15 -22 23 24 25 -5 27 -3 29 -28
right_child=2 3 12 22 5 11 16 8 -10 -11 -12 -13 13 20 -16 17 -18 -19 -20 -21 21 -23 -24 -25 -26 -27 28 -29 -30 -31
leaf_value=0.035705143868211421 0.11206263400449629 0.12496866231529449 0.067250102843364593 0.034539290022825367 -0.068067957504121021 0.05617288612389755 0.087360517844780258 -0.19154486147094954 0.046640377153825477 -0.0015778342729564493 -0.087530061403889331 -0.048693168648651863 0.1362914898391962 0.10630067087355557 0.080795099400949144 -0.074116213311846327 0.11303754848912106 0.036371371372625562 0.0069886394920094467 0.083178600408219616 0.083059308155925979 -0.017841308521648846 0.096343721652604075 0.07008484898931662 0.066987333124713777 0.091841698397719135 0.044480340372079506 0.0077403966614793644 0.082359194458111407 0.21959172715257919
leaf_weight=32.39523399697282 131.0760702344237 8.7791319481857517 261.55099931125869 167.67326941356532 11.480618404044433 27.99124938624027 2581.3317975772607 1.9474390007089848 132.07507915236783 22.763228270676336 2.5129871409153557 6.9130629462870266 4.3025698775472874 162.14470036173998 467.969909352792 6.1063366087150852 91.867522328303039 21.835269743115532 16.119173576009416 110.27958727978694 33.619472378742103 7.4267083301328958 47.433022960838571 302.07322513659119 142.85704676943533 19.784142834974773 53.391098317059459 23.09032673474394 808.59859753201545 1.7577618627865366
leaf_count=2280 6674 210 19423 13710 4508 7864 113353 57 2141 466 354 1782 125 4777 19447 816 13065 1481 1670 4982 1767 622 2101 14786 5434 1989 23465 2067 28937 861
internal_value=0 0.0677474 0.0863633 0.0720757 0.0481727 0.00979344 0.0893563 0.054068 0.039656 -0.0117814 0.0696313 0.0354034 0.0778082 0.0921015 0.0735886 0.0619392 0.0882429 0.0122255 0.0342309 0.0723994 0.0979178 0.0648028 0.0631322 0.0606411 0.0520048 0.040587 0.0788643 0.0400335 0.0802971 0.0500617
internal_weight=0 1923.8 3785.35 1575.44 348.358 46.3849 2804.28 301.974 156.786 24.7107 145.188 34.9043 981.075 223.613 757.463 289.493 2673.2 27.9416 20.4217 142.675 203.191 41.0462 679.821 632.388 330.314 187.457 895.617 31.8695 863.747 55.1489
internal_count=301214 117994 183220 93560 24434 14154 133092 10280 2664 523 7616 9646 50128 8961 41167 21720 126418 2297 1795 7262 7166 2389 38020 35919 21133 15699 55540 2277 53263 24326
cat_boundaries=0 2
cat_threshold=114049028 1048705
is_linear=0
shrinkage=0.1


Tree=50
num_leaves=31
num_cat=0
split_feature=86 86 86 157 170 120 4 176 12 9 117 182 185 229 79 67 224 12 63 197 101 119 208 203 53 78 204 120 166 200
split_gain=49.6227 13.8409 10.5068 7.40627 6.84066 7.04095 6.66 6.41037 6.06221 7.49097 8.54474 7.34718 7.39022 5.96805 5.76695 5.74667 7.68882 8.16499 8.04087 7.29272 7.63394 7.09491 5.90511 6.9231 7.71022 6.82914 8.10507 5.66457 5.41062 5.40229
threshold=-0.96732068061828602 -1.1852712035179136 -0.76415729522705067 0.56416428089141857 0.49815694987773901 -0.011342579033225773 0.34848485887050634 -0.19846734404563901 269.00000000000006 0.018086048774421219 0.078306764364242568 -0.057006342336535447 0.13699053972959521 0.012789487838745119 0.025478741154074672 2.5523893833160405 -0.024597524665296074 72.500000000000014 -0.044609747827053063 -0.07244840636849402 -0.11869280412793158 0.017692806199193004 -0.038332123309373849 0.02619101852178574 1.0000000180025095e-35 0.06612021848559381 0.1208302639424801 0.059972533956170089 0.8878503441810609 0.029147204943001274
decision_type=2 2 2 2 2 2 10 2 10 10 2 2 2 2 2 2 2 8 2 2 2 2 2 2 2 2 2 2 2 2
left_child=1 8 3 4 5 -2 -6 -4 9 10 14 -10 -13 -14 -1 19 17 -17 -18 21 -21 -3 23 -22 -25 -24 -27 -23 -16 -5
right_child=2 15 7 29 6 -7 -8 -9 11 -11 -12 12 13 -15 28 16 18 -19 -20 20 22 27 25 24 -26 26 -28 -29 -30 -31
leaf_value=0.013005196102965334 0.094396569441633341 0.097251365568488568 0.11159286883200781 0.090218712110611193 0.059853393978414132 0.069110734515939479 0.31460049960184189 0.089663507004939483 0.03451567373926779 -0.024951011088142849 -0.12150122438677061 0.083564787397183593 -0.13114098547802375 0.058666351747552685 0.036734412806560666 -0.063569688025613413 0.079392182861415361 0.077745360424521889 0.015071434694723912 0.094163935590872938 0.06235793776516773 0.046770041071422186 0.075226474171816132 0.063837370541635352 -0.0058385948514217698 0.049207845800705759 -0.094839746874508107 0.12766067193303576 0.082767822033547031 0.077679439091305535
leaf_weight=40.464247455850455 202.92410348023304 193.38003145939547 144.0646039080425 876.84264735915167 282.08866211229406 240.7991120071315 1.0300039149933571 1784.0327409797965 67.093713330821629 19.234767280160668 3.1500161561252744 100.04414085497046 2.954823560674412 3.7702819056721637 56.451304995745886 4.2489625484686249 27.371245678450578 108.35876552852096 67.037960848180774 101.22487505957724 172.30515908013149 55.870538655980454 444.90256558811325 27.795381727125459 37.053721205017609 53.819218465773702 4.2117986761095372 10.244424075862296 46.618452376378627 564.9591569272161
leaf_count=4958 17640 7430 8953 13135 48409 24078 934 76695 1486 5244 596 2303 155 106 8192 3488 3260 3689 11143 5364 8777 4300 23570 1269 2840 3344 296 171 1502 7960
internal_value=0 0.065381 0.0859312 0.081156 0.0729253 0.0806745 0.0607802 0.091302 0.0473994 0.0337261 0.0414205 0.0604479 0.0767436 -0.0247297 0.044996 0.0700528 0.0547671 0.0724132 0.0337194 0.0729274 0.068407 0.087583 0.0648841 0.0518761 0.0240257 0.071018 0.0387531 0.0593039 0.0575553 0.0853053
internal_weight=0 1647.61 4096.74 2168.64 726.842 443.723 283.119 1928.1 339.782 165.919 146.684 173.863 106.769 6.72511 143.534 1307.82 207.017 112.608 94.4092 1100.81 841.313 259.495 740.088 237.154 64.8491 502.934 58.031 66.115 103.07 1441.8
internal_count=301287 103483 197804 112156 91061 41718 49343 85648 24542 20492 15248 4050 2564 261 14652 78941 21580 7177 14403 57361 45460 11901 40096 12886 4109 27210 3640 4471 9694 21095
is_linear=0
shrinkage=0.1


Tree=51
num_leaves=31
num_cat=0
split_feature=86 86 157 156 86 12 116 79 76 171 211 170 156 171 73 157 139 195 65 120 74 157 173 174 96 110 69 79 130 147
split_gain=42.2403 17.0722 8.33962 7.92771 8.44347 7.82977 7.60125 6.87041 7.40312 6.64814 10.2414 8.33628 6.46215 6.31901 7.29644 6.39613 8.14229 6.21259 6.00702 6.39796 5.73528 6.21267 8.27685 5.71799 9.9317 5.93683 5.64188 5.54691 8.10794 5.49991
threshold=-0.93589836359024037 -1.1852712035179136 0.65648138523101818 0.2327174320816994 -0.79820320010185231 59.500000000000007 -0.026719557121396061 0.42146381735801702 0.20389267057180407 -0.021894295699894425 0.026424960233271125 0.51491400599479686 0.029557367786765102 -0.036051969975233071 0.27539464831352239 0.52937316894531261 0.035880342125892646 0.20699927210807803 1.0000000180025095e-35 -0.049351755529642098 0.3121218234300614 0.6861170530319215 0.094397071748971953 -0.10137109830975531 0.11279993504285814 -0.031063170172274109 135.8156661987305 0.3706690520048142 -0.0094253113493323309 -0.0075155710801482192
decision_type=2 2 2 2 2 8 2 2 2 2 2 2 2 2 2 2 2 2 2 2 2 2 2 2 2 2 2 2 2 2
left_child=1 -1 3 4 18 6 -4 8 26 10 -5 29 -3 15 -15 16 -14 23 19 -2 -7 22 -22 24 25 -12 -6 28 -13 -11
right_child=2 12 5 9 7 20 -8 -9 -10 11 17 27 13 14 -16 -17 -18 -19 -20 -21 21 -23 -24 -25 -26 -27 -28 -29 -30 -31
leaf_value=0.047759153432157503 0.12154280142874299 0.016736343306070597 -0.13637031770057131 0.088459812308778099 0.089906284814912002 0.10018319470639153 0.056916774387415062 0.12366664494429357 0.1180192137270194 0.036316013744634716 0.030206024299867407 -0.018378176107544466 0.071615390974734752 0.064993575785375388 0.14990070526348473 0.084533677691078737 0.011783788533628175 -0.17144105420509922 0.084553532441120766 0.043376482144445186 -0.028277954204518365 0.086776692473118297 0.1121289713868725 0.083053455563899453 0.15033539827758122 0.065612708299477171 -0.0075952113037268945 0.079845644901652454 0.054564111957519063 0.085016007706804481
leaf_weight=335.89973609185563 12.353614898866907 20.43424880698376 2.2564589699613888 860.54464639696016 598.33370507639984 699.45782648597378 20.693393378765904 82.384965043462671 102.37375327636937 27.606155346955347 65.059852652135305 26.606808910561085 214.88848541899824 682.98143008138868 10.273213935863167 612.28040092698393 25.43738323479738 1.0644044359905809 519.28063278923628 68.725046164780451 11.883180972072298 68.845790229606791 6.4921946540707713 199.88268250444889 11.701075391087214 174.04152990815419 5.9941933543896075 24.164326454130787 35.666570534636776 144.95829181896625
leaf_count=24424 1846 15941 206 25837 41567 2521 909 16304 10587 1374 3133 1996 29229 31438 1664 11538 4008 333 39519 14395 370 535 50 6722 277 5970 1769 1062 1743 3989
internal_value=0 0.0682165 0.0864947 0.0840353 0.0895381 0.0954884 0.0379125 0.0963377 0.0931518 0.0791694 0.0820591 0.0645279 0.0726037 0.0733421 0.0662518 0.0791073 0.0652825 0.0698663 0.080601 0.0552864 0.097168 0.0729885 0.0213291 0.0704362 0.0603807 0.0559785 0.0889392 0.039179 0.0233989 0.0772252
internal_weight=0 1902.19 3770.37 2960.74 1389.45 809.629 22.9499 789.087 706.702 1571.3 1312.29 259.002 1566.3 1545.86 693.255 852.606 240.326 451.75 600.359 81.0787 786.679 87.2212 18.3754 450.685 250.802 239.101 604.328 86.4377 62.2734 172.564
internal_count=301256 118242 183014 178423 125987 4591 1115 70227 53923 52436 42272 10164 93818 77877 33102 44775 33237 16435 55760 16241 3476 955 420 16102 9380 9103 43336 4801 3739 5363
is_linear=0
shrinkage=0.1


Tree=52
num_leaves=31
num_cat=1
split_feature=86 86 93 160 180 131 86 93 11 170 163 3 12 144 3 85 163 203 125 202 85 231 148 94 172 142 216 41 10 237
split_gain=41.5228 15.9597 7.33044 7.32792 8.31515 9.18786 7.02682 6.37899 8.8105 5.69932 5.32537 6.96627 5.57071 5.30887 5.98672 5.52202 5.24648 5.1984 9.89061 6.88834 6.44806 6.02645 5.26118 6.41176 5.72737 5.66635 5.26615 5.13361 4.98916 7.58707
threshold=-0.95728516578674305 -1.1543014049530027 0.33721725642681127 2.0000000000000004 -0.21646007895469663 1.0000000180025095e-35 -0.6793040633201598 0.16818635910749438 0.038675215095281608 0.58838704228401195 0.74274417757987987 0.33602151274681097 9.5000000000000018 0.017185973934829239 0.21081871539354327 123.50000000000001 0.78638538718223583 0.13276524096727374 -0.01533564832061529 -0.0049889762885868541 103.50000000000001 -0.029915080405771729 -0.031894344836473458 -0.035211320966482156 -0.15253804624080655 -0.023581752553582188 0.023641522042453293 1.0000000180025095e-35 1877.5000000000002 0
decision_type=2 2 2 2 2 2 2 2 8 2 2 10 8 2 8 2 2 2 2 2 2 2 2 2 2 2 2 2 10 9
left_child=1 28 16 6 5 -5 10 -6 -9 -8 12 -12 -2 15 -15 -11 17 22 19 -19 27 -22 -3 24 25 -24 -25 -20 29 -1
right_child=3 2 -4 4 7 -7 9 8 -10 13 11 -13 -14 14 -16 -17 -18 18 20 -21 21 -23 23 26 -26 -27 -28 -29 -30 -31
leaf_value=0.058378442620550489 -0.080894711460101965 0.091633907510411963 0.053339133079630813 -0.069031819195577243 0.079367494924171916 0.090708764770351336 0.096013582814753543 -0.04522880433786481 0.071213601224682996 0.081729357121605853 0.021602394145035293 0.14793691435087655 0.084810778284466593 0.046308822382698872 -0.13310103305844967 -0.1142765917985526 -0.021016143275343509 0.041782365128115624 0.081577830994378042 -0.089564430078565196 0.060146400180326715 -0.13663474780563009 -0.018263130410586935 0.060311762403157269 0.09749421677011566 0.074284736318140435 0.080714591273456565 -0.0064649694801980594 0.096644159954756087 0.023303064853704189
leaf_weight=244.77664924176406 2.0304141334995611 223.95549146769326 173.206407674621 8.5669507752668306 284.73591050540108 6.2112575729925075 984.10141274117677 10.114754993605859 18.172374204016705 79.192563463790975 25.773662725770922 5.2545678097935697 2531.7846580566788 7.1800311645656594 2.5101690808860448 1.4639108485134773 5.6177409899923978 8.9157997966067359 82.025850956264549 7.2311113723353619 3.3789336414338322 2.8851965971916789 7.0955747635707658 337.555692053641 177.60825543890087 97.805565758351804 202.33614889761884 7.2043751777655407 21.734379112545867 145.16542377477253
leaf_count=15881 6345 10314 12424 666 16125 206 43501 1305 822 2666 18774 2767 98925 304 247 59 9344 540 2971 687 101 210 330 17794 11460 2478 9949 418 800 12825
internal_value=0 0.0672307 0.0725325 0.0857279 0.0714074 -0.0018931 0.0870178 0.074868 0.0295768 0.0938068 0.0841738 0.0429969 0.084678 0.0697697 -0.00016587 0.0781719 0.0753895 0.0758571 0.0553451 -0.017039 0.0675844 -0.0304891 0.0780457 0.0743454 0.0865516 0.0680247 0.0679582 0.0744693 0.0500145 0.0474155
internal_weight=0 1748.5 1336.82 3967.09 327.801 14.7782 3639.29 313.023 28.2871 1074.45 2564.84 31.0282 2533.82 90.3467 9.6902 80.6565 1163.62 1158 111.641 16.1469 95.4944 6.26413 1046.36 822.401 282.509 104.901 539.892 89.2302 411.676 389.942
internal_count=301238 108526 79020 192712 19124 872 173588 18252 2127 46777 126811 21541 105270 3276 551 2725 66596 57252 4927 1227 3700 311 52325 42011 14268 2808 27743 3389 29506 28706
cat_boundaries=0 2
cat_threshold=1828762100 1558322
is_linear=0
shrinkage=0.1


Tree=53
num_leaves=31
num_cat=0
split_feature=86 171 157 170 157 175 168 121 73 171 68 96 136 170 98 106 159 94 1 158 92 172 115 164 182 193 63 119 9 157
split_gain=34.0299 11.4806 8.94952 9.35455 7.88644 8.156 7.72971 9.8871 7.51795 7.3324 7.25146 8.7978 8.66485 7.12075 7.0172 7.44425 9.94386 6.77828 6.72507 6.60722 6.21327 6.10046 5.88552 7.2919 6.96352 6.57476 8.60657 5.88355 5.86084 6.34892
threshold=-0.95728516578674305 -0.036051969975233071 0.56941726803779613 0.4837751984596253 0.52937316894531261 0.23086272925138476 3.1861792802810673 -0.055676680058240884 0.25820106267929083 0.49157020449638372 37.56804275512696 -0.16874311864376065 0.035565758123993881 0.44593857228755956 0.025774035602808002 -0.11082273349165915 1.3139992952346804 0.028566862456500534 0.0097674862481653708 0.18333333730697635 0.7650611698627473 -0.085225854068994508 0.064428836107254042 5.7822844982147226 0.022993405349552635 0.10426978021860124 -0.11469702795147894 0.043395007029175765 0.0044363026972860107 0.61278760433197033
decision_type=2 2 2 2 2 2 2 2 2 2 2 2 2 2 2 2 2 2 8 2 2 2 2 2 2 2 2 2 10 2
left_child=1 4 13 20 5 10 7 -3 22 -5 12 -12 14 -2 15 16 -1 -9 -14 -15 -4 -6 24 25 28 -24 -27 -11 29 -8
right_child=2 6 3 9 21 -7 8 17 -10 27 11 -13 18 19 -16 -17 -18 -19 -20 -21 -22 -23 23 -25 -26 26 -28 -29 -30 -31
leaf_value=0.083558986978463701 0.093562505220417702 -0.071384103778175986 -0.0043931438436733425 0.087517058744441906 0.070671026892482294 0.15923124970383909 0.014318862036449352 0.023203524321883891 0.128332686049869 0.053700803664921228 0.13279754339561076 0.034420137668550545 -0.068216578593658039 0.06272925784780424 0.04660772999612095 0.10377058274797422 0.82000269563765193 0.067530585799737794 0.052450230130155241 0.080077650444874984 0.10220586223460611 0.090857443053250428 -0.0016098851112666653 0.10558298290128204 0.080873322557803162 -0.12820906243271385 0.06927662045969013 0.098283428175997334 0.069617304927770171 0.057009227308723931
leaf_weight=0.39780110800711455 260.01114617458325 7.6499089803883171 5.5286404869257231 1970.0860265133979 250.56915146501979 8.4627960757225065 49.416647310079497 68.859086075228333 18.03303041676827 116.63693053963652 9.8563107885997834 116.98277078661931 5.2137441942086289 307.31984494782682 26.053406047384215 73.26510418061298 0.34010194682923611 69.129588112476085 40.469903044605417 768.53472544912347 497.02446348211379 371.91790527344892 39.108954138343506 13.999818778695042 215.63404964383153 2.3539225621134383 35.302590469725146 39.668583072154433 205.43388563387543 118.07674319477519
leaf_count=133 18000 1156 70 28332 5558 1794 6741 8992 1841 3394 1897 22494 3033 47457 4588 10905 22 7896 4421 91501 3468 6221 2374 372 8959 81 577 734 6545 1316
internal_value=0 0.0686229 0.0853762 0.088763 0.0764543 0.06255 0.0602293 0.0392757 0.0646053 0.085863 0.0595483 0.0420648 0.0747644 0.0787113 0.0912403 0.106954 0.422988 0.0454105 0.0386789 0.0751221 0.101033 0.0827318 0.0629136 0.0392114 0.0665688 0.0271071 0.0569317 0.0650154 0.0582977 0.044414
internal_weight=0 1746.53 3964.81 2628.94 903.529 281.042 842.998 145.639 697.36 2126.39 272.579 126.839 145.74 1335.87 100.056 74.003 0.737903 137.989 45.6836 1075.85 502.553 622.487 679.327 90.7653 588.561 76.7655 37.6565 156.306 372.927 167.493
internal_count=300872 107916 192956 35998 61066 49287 46850 18044 28806 32460 47493 24391 23102 156958 15648 11060 155 16888 7454 138958 3538 11779 26965 3404 23561 3032 658 4128 14602 8057
is_linear=0
shrinkage=0.1


Tree=54
num_leaves=31
num_cat=0
split_feature=86 86 171 168 10 224 146 146 205 80 226 103 146 171 76 161 168 171 224 7 170 22 217 176 3 167 11 189 90 211
split_gain=35.7574 15.8374 8.94003 6.80395 7.35794 6.28777 13.9942 11.2878 6.39288 6.08351 6.15579 6.2205 5.72249 7.00804 5.71212 7.84109 9.30413 6.34686 5.65605 7.57364 5.7002 5.56624 5.33738 5.31604 5.38764 5.24173 5.20818 5.17592 5.81278 5.50785
threshold=-1.1543014049530027 -0.82948100566864003 0.0065280701965093621 3.1285945177078252 197.50000000000003 -0.010390206240117548 -0.019341871142387387 0.01232659909874201 0.12494883313775064 0.41897973418235784 -0.012278401292860506 0.080946877598762526 -0.044838115572929375 -0.23618832975625989 0.32495285570621496 3.340059876441956 3.5564936399459843 0.25678549706935888 -0.082292102277278886 0.13906469941139224 0.54416155815124523 1.0000000180025095e-35 0.050149226561188705 -0.005654802778735756 0.086335405707359328 3.5000000000000004 0.010349444113671781 -0.12352956831455229 1.8908576369285586 0.11412799358367921
decision_type=2 2 2 2 10 2 2 2 2 2 2 2 2 2 2 2 2 2 2 10 2 2 2 2 8 2 8 2 2 2
left_child=26 2 -2 4 -4 7 8 -3 12 10 23 14 13 -7 -12 -16 17 -17 19 -9 -21 25 -15 -8 -25 -13 -1 -20 -29 -30
right_child=1 5 3 -5 -6 6 9 18 -10 -11 11 21 -14 22 15 16 -18 -19 27 20 -22 -23 -24 24 -26 -27 -28 28 29 -31
leaf_value=0.0055779355406292896 0.081420532118636688 0.087957111730892532 0.010491738625764878 0.072365344929187392 0.065141607983449076 -0.12972273557765276 0.11958602282637232 -0.0039287984188775549 0.017739130807211113 0.057359650158320112 0.094797665526138719 0.077882110153612238 0.083143286675516404 0.0639589012102416 0.12662638342685806 0.40537545343164427 0.00080246977906249604 1.1302736519179459 0.11082362944348739 0.099204516029635453 0.0085526627367604764 -0.051349855059358351 -0.074328111298593375 -0.019800608683928828 0.10054611316557793 -0.053523022175168779 0.055099540009397791 0.035688099878938243 0.08196920217742111 -0.035884991407595317
leaf_weight=22.469010520427219 1827.057602485298 993.44666571627545 38.745123902642717 706.90110991069196 67.65631481019318 2.2516256738927032 202.87183751486077 25.628254691689108 19.171252468089733 35.815134898680299 453.4219487590417 86.995476396335562 240.36322905620932 32.725964865365313 9.3718829420040475 1.4229978394196217 0.59105180401093083 0.13198558199474053 29.498948378750356 21.051020110600806 10.345280453868325 3.7309033088163224 3.0512640960623676 3.760082971620931 348.02309972325384 3.1453958388710808 387.36820515451927 46.959850028451001 107.51995218530192 4.1172975913868859
leaf_count=8268 101327 40518 9151 31757 5337 200 7784 2078 1616 2070 21265 5191 13709 2347 271 375 165 29 1522 1151 575 376 423 3072 9815 438 21056 3049 5684 414
internal_value=0 0.0830378 0.0775382 0.0688168 0.0452414 0.088445 0.0929221 0.0832151 0.0735941 0.0979263 0.0992312 0.0918235 0.0774405 0.0413958 0.0965643 0.166109 0.338532 0.466904 0.0639963 0.036408 0.0693342 0.0683428 0.0521651 0.106694 0.0992598 0.0732968 0.0523846 0.0723602 0.065206 0.0776226
internal_weight=0 5325.77 2640.36 813.303 106.401 2685.41 1446.85 1238.57 297.563 1149.28 1113.47 558.812 278.392 38.0289 464.94 11.5179 2.14604 1.55498 245.121 57.0246 31.3963 93.8718 35.7772 554.655 351.783 90.1409 409.837 188.096 158.597 111.637
internal_count=301033 271709 147572 46245 14488 124137 69146 54991 18295 50851 48781 28110 16679 2970 22105 840 569 404 14473 3804 1726 6005 2770 20671 12887 5629 29324 10669 9147 6098
is_linear=0
shrinkage=0.1


Tree=55
num_leaves=31
num_cat=0
split_feature=86 86 161 105 93 157 170 157 123 161 0 158 128 171 0 102 156 187 74 208 144 120 174 4 63 156 175 157 36 100
split_gain=35.8965 14.5667 8.3651 12.8277 7.84177 8.83102 7.26154 8.62251 7.0883 6.94149 6.55288 6.56587 6.3711 6.2247 6.76052 6.94951 6.0245 7.22957 10.2793 8.09748 8.06983 7.49884 6.18498 6.10182 5.98477 5.9067 5.88741 5.7927 5.78341 5.7099
threshold=-0.96732068061828602 -1.1852712035179136 2.7361341714859013 0.089750200510025038 0.33721725642681127 0.65648138523101818 0.47702896595001226 0.58115372061729442 -0.042638011276721947 3.6289408206939702 0.25080645084381109 0.29166667163372045 0.02339896094053984 0.45464123785495764 0.35857143998146063 0.0033161980099976067 0.20483683049678805 0.10910445451736452 0.024695121683180336 -0.038332123309373849 0.010205185972154142 -0.066258694976568208 0.10225609317421915 0.07458051294088365 0.30955392122268682 0.025751547887921337 -0.034490019083023064 0.33250422775745397 1.0000000180025095e-35 -0.10094402357935904
decision_type=2 2 2 2 2 2 2 2 2 2 10 2 2 2 10 2 2 2 2 2 2 2 2 8 2 2 2 2 2 2
left_child=1 25 3 8 5 9 27 24 -2 16 11 -11 -13 14 -9 -16 23 18 22 20 28 -21 -18 -3 -8 -1 -26 -4 -20 -10
right_child=2 4 6 -5 -6 -7 7 13 29 10 -12 12 -14 -15 15 -17 17 -19 19 21 -22 -23 -24 -25 26 -27 -28 -29 -30 -31
leaf_value=-0.045712154892532136 -0.086906923061558769 0.10898636314978434 -0.033127376953306878 -0.097436208251606427 0.053301289650108989 0.096245543245014206 0.078028784859092634 0.090139665471842198 -6.297989797854464e-05 0.035450005937181471 0.077013627336274704 0.055997448265100253 0.11350089089156859 0.069827764548909807 0.0067168509719404568 0.08590405681233633 -0.018030328060633202 0.096028928056359153 0.018810704570203937 -0.042338857767699654 0.089436470971023432 0.088056627204752991 0.085675249949918209 0.077907108656482107 0.01925102903078792 0.05129985769904763 0.078078706666737982 0.094424449213747624 -0.12682046516766945 0.076474911192412731
leaf_weight=6.3960332673659641 2.9118189945802433 104.19695501666411 3.574018469769725 4.8745546882237241 179.6507876019823 177.83935848217516 828.85057846442987 1808.4969489818413 10.538572038828532 124.23050689057118 169.69284012864682 85.355599063219415 24.884909720311043 182.42236464580856 19.876855909144069 25.049318445395329 24.004495746443357 72.572537667398137 29.02221299743178 4.586100260665261 17.586077732881677 115.05764509628716 7.5627171047708535 160.44082248280165 35.789714689142784 334.87385020694637 32.425072502521743 939.54895197738369 3.0097367674934494 129.7834240317643
leaf_count=5334 425 11853 2968 607 13541 1229 109848 20389 787 13363 8537 5277 1162 4706 1423 713 1579 1855 1195 339 481 3587 259 14413 5061 19174 4218 42084 189 4539
internal_value=0 0.0678683 0.085417 0.062093 0.0726963 0.0758072 0.0863083 0.0838538 0.0675221 0.0719494 0.0620461 0.0512137 0.0689779 0.087453 0.0891878 0.050869 0.0793886 0.068978 0.0592027 0.068973 0.0350088 0.0830584 0.00681494 0.0901441 0.0756856 0.0494817 0.0472141 0.0939411 0.00512713 0.0707267
internal_weight=0 1640.96 4024.14 148.108 1299.69 1120.04 3876.03 2932.91 143.234 942.203 404.164 234.471 110.241 2035.85 1853.42 44.9262 538.039 273.402 200.829 169.262 49.618 119.644 31.5672 264.638 897.065 341.27 68.2148 943.123 32.0319 140.322
internal_count=301135 103367 197768 6358 78859 65318 191410 146358 5751 64089 28339 19802 6439 27231 22525 2136 35750 9484 7629 5791 1865 3926 1838 26266 119127 24508 9279 45052 1384 5326
is_linear=0
shrinkage=0.1


Tree=56
num_leaves=31
num_cat=0
split_feature=93 103 171 157 207 156 179 68 116 88 170 157 198 129 157 0 94 164 181 217 177 220 142 126 180 142 110 3 88 186
split_gain=23.5311 11.9894 9.01198 8.49763 8.86151 8.26258 7.46543 7.39732 7.10562 6.95492 6.77654 6.94277 6.69445 6.65588 6.58803 8.18531 7.35224 6.56184 6.45534 6.31184 6.12642 6.11952 7.91502 8.19072 7.27496 7.2012 7.22911 6.24497 6.50424 6.33642
threshold=0.18131834268569949 0.1239905282855034 -0.036051969975233071 0.6861170530319215 -0.12349333986639975 0.060120481997728355 0.16168744117021563 41.385435104370124 -0.013004620559513567 0.78904864192008983 0.60061484575271618 0.40522991120815283 -0.14470538496971128 -0.015584727749228476 0.55919837951660167 0.2408523038029671 -0.016830148175358769 3.9607677459716801 0.27567289769649511 -0.065498281270265565 0.097063682973384871 -0.04601882025599479 0.0025870129466056828 0.0027276993496343498 0.19300845265388492 0.014414835255593063 -0.0021442068973556157 0.22611077129840854 0.74072077870368969 0.054982611909508712
decision_type=2 2 2 2 2 2 2 2 2 2 2 2 2 2 2 8 2 2 2 2 2 2 2 2 2 2 2 8 2 2
left_child=1 3 10 4 12 -4 9 20 18 21 11 -2 -1 -14 16 -16 -15 -11 -3 -9 -7 22 -6 -24 -25 26 27 29 -29 -23
right_child=2 8 5 -5 6 7 -8 19 -10 17 -12 -13 13 14 15 -17 -18 -19 -20 -21 -22 25 23 24 -26 -27 -28 28 -30 -31
leaf_value=0.021433570526903992 0.025587359121234134 0.063925429317853763 0.0058103758085285449 0.10035880624340948 0.09609329299229806 0.064033606411539087 0.10496428672906891 0.071163911897523094 0.078874167940180082 0.030927757432190985 0.0030763716322190202 0.08801838378769955 0.11231966596072425 0.10348282343068693 0.041697786350319545 0.11456816042219437 0.035632966442094335 0.073308010564506296 0.015954477492823634 0.029591639982867068 0.089510829197793129 0.066346908886840944 0.087563628214013908 0.059460179826480643 -0.038129898027613594 0.091314954451915564 0.08246849274668494 0.060445553851836857 0.0068390802681596134 0.092737660820634837
leaf_weight=10.944038775382522 18.930462958636781 182.16910036894888 25.268074955498378 378.14327500088257 634.94305485729137 486.19858357015437 145.65675495893311 57.312173708578484 420.72034815559255 43.764255660915296 10.60294851670187 301.69987540033617 218.897950989126 25.923868110633521 18.731528530763171 87.051133850847691 41.596446292201563 221.14095790299007 33.15781779919962 100.67619356921205 117.12157488598314 288.75868748790981 175.91901699029449 74.466962618090747 8.5118270593084144 437.1862614792758 873.53578338076659 142.38311051471874 26.912131278219022 132.82929127197895
leaf_count=1663 13135 13032 9277 1342 24377 13944 13878 1087 22364 8160 1374 19712 6170 3026 750 631 4347 8262 1452 4217 3783 14610 9885 4940 611 23289 51620 10713 2088 7349
internal_value=0 0.0840628 0.0678947 0.0860967 0.0846024 0.062068 0.0828453 0.0639352 0.0713127 0.0817925 0.0817313 0.0843324 0.0985758 0.100728 0.0860876 0.101665 0.0616834 0.0663065 0.0565385 0.0446725 0.0689795 0.08326 0.0900844 0.0753478 0.0494496 0.0800523 0.0766899 0.0681471 0.051924 0.0746618
internal_weight=0 4623.34 1117.81 3987.3 3609.15 786.577 3206.01 761.309 636.047 3060.35 331.233 320.63 403.145 392.201 173.303 105.783 67.5203 264.905 215.327 157.988 603.32 2795.45 893.841 258.898 82.9788 1901.61 1464.42 590.883 169.295 421.588
internal_count=301088 234559 66529 197711 196369 32308 179782 23031 36848 165904 34221 32847 16587 14924 8754 1381 7373 16422 14484 5304 17727 149482 39813 15436 5551 109669 86380 34760 12801 21959
is_linear=0
shrinkage=0.1


Tree=57
num_leaves=31
num_cat=1
split_feature=86 86 160 182 237 228 10 186 13 157 156 95 157 11 200 157 216 227 106 98 101 157 160 171 157 81 168 125 155 109
split_gain=35.1663 13.221 8.15903 12.0797 7.9722 8.01114 7.77894 6.88701 5.87803 5.69922 6.66734 7.68866 6.4937 6.0774 6.06484 5.55482 5.53655 5.3541 6.84589 5.37346 5.2994 5.2672 5.25618 8.7764 7.60874 6.69206 6.69815 8.82509 6.42676 6.241
threshold=-1.0724866986274717 -0.77072203159332264 1.0000000000000002 0.090465553104877486 0 0.023518911562860016 301.50000000000006 0.066949479281902327 0.054079741239547736 0.39949755370616918 0.21294035762548449 0.094707302749156966 0.53720706701278698 0.052770815789699561 0.039298342540860183 0.50032177567482006 -0.16794928163290021 0.091092623770236983 -0.019747788086533543 -0.011483867187052963 0.068592015653848662 0.52937316894531261 1.0000000000000002 0.16662803292274478 0.65648138523101818 0.075853470712900176 3.1908861398696904 0.020721390843391422 0.040585728362202651 0.0068934676237404355
decision_type=2 2 2 2 9 2 10 2 10 2 2 2 2 8 2 2 2 2 2 2 2 2 2 2 2 2 2 2 2 2
left_child=2 8 -1 4 5 7 16 20 22 -3 11 15 13 -12 -14 -11 -6 19 -19 -16 -4 -15 23 -2 25 26 27 -24 -27 -29
right_child=1 9 3 -5 6 -7 -8 -9 -10 10 12 -13 14 21 17 -17 -18 18 -20 -21 -22 -23 24 -25 -26 28 -28 29 -30 -31
leaf_value=0.068727792707762456 0.083587850194969532 0.023344132823681609 0.05487117974790845 0.093345454121392474 0.34022070082453654 0.086310401775198761 0.037546422458398537 -0.032035308529392868 0.085936587067640582 0.069146133250023348 0.033125374700146648 0.11813275510428115 0.09303995998361056 0.092324718260096819 0.057741363115295735 0.098061447918588729 -0.023224292550556681 0.075780125916136573 -0.091231284079495906 0.08718933251724216 -0.11334880394678817 -0.0032105121443517732 -0.0082911300416460398 0.058016436065905667 0.089034378630177199 0.079091755182162313 0.062181007965626645 0.010763749681767132 -0.036483737278362266 0.095737571800254273
leaf_weight=530.33578911906716 1067.2769831399598 12.598953629098103 58.424797390596268 47.191532073573399 0.42331359424861048 53.974850419829636 53.283988683221651 12.513631845117741 1015.8957170660228 81.501920484728998 41.230279429575603 163.03421169900685 942.42639507133208 56.356397106450459 83.532614959956845 359.4453490962569 42.536861001007765 5.8365863807339338 4.2353861171941372 239.9868628285476 1.9347273557268625 6.4294058486557324 35.787630056503531 153.52326298221124 150.21451822797098 215.15841165253505 213.77023895723028 14.386858372283767 4.9213311909829818 21.650823985457919
leaf_count=32478 60896 10094 3474 2790 256 2378 2342 1022 32767 17428 6593 17581 15260 3490 1891 12432 9158 227 325 4430 282 490 7172 10068 1710 19994 17457 2913 770 2768
internal_value=0 0.08413 0.061521 0.0473803 0.0376571 0.0529365 0.0108877 0.0354817 0.0798096 0.090389 0.0908148 0.0995775 0.0869798 0.0629539 0.0889382 0.0927169 -0.019643 0.0773505 0.00554981 0.0795859 0.0494792 0.0825417 0.076493 0.0803721 0.0692728 0.0634025 0.053304 0.0268838 0.0765073 0.0618146
internal_weight=0 4889.2 800.619 270.284 223.092 126.848 96.2442 72.8732 2892.59 1996.61 1984.02 603.981 1380.03 104.016 1276.02 440.947 42.9602 333.591 10.072 323.519 60.3595 62.7858 1876.69 1220.8 655.89 505.675 285.596 71.8253 220.08 36.0377
internal_count=300936 246756 54180 21702 18912 7156 11756 4778 156515 90241 80147 47441 32706 10573 22133 29860 9414 6873 552 6321 3756 3980 123748 70964 52784 51074 30310 12853 20764 5681
cat_boundaries=0 2
cat_threshold=2315683016 332193
is_linear=0
shrinkage=0.1


Tree=58
num_leaves=31
num_cat=0
split_feature=86 86 170 170 88 93 5 160 12 86 10 111 159 167 195 138 201 188 70 17 172 170 108 171 138 105 188 195 121 138
split_gain=41.8077 13.519 7.00347 6.36821 6.43756 5.98285 6.60674 5.74197 5.67419 5.40489 8.97724 6.48507 5.22811 5.20539 5.10344 6.65282 6.09695 7.41335 5.75294 5.29445 6.45688 6.44406 10.8401 8.35436 5.92394 5.7747 5.34545 5.29672 5.26245 5.13531
threshold=-0.93589836359024037 -1.1852712035179136 0.61212351918220531 0.41605599224567419 0.8045029640197755 0.33721725642681127 0.07435046881437303 1.0000000000000002 1.0000000180025095e-35 -0.49481450021266932 603.50000000000011 0.044315744191408164 0.21820278465747836 3.5000000000000004 -0.094100221991538988 0.037488248199224479 -0.083622168749570833 -0.18368211388587949 8.5000000000000018 12.500000000000002 0.52249667048454296 0.58838704228401195 0.053047573193907745 -0.13898646831512448 0.0035245282342657451 0.083081219345331206 -0.020199199207127091 0.17240267246961596 -0.055676680058240884 0.041281238198280341
decision_type=2 2 2 2 2 2 8 2 8 2 10 2 2 2 2 2 2 2 2 2 2 2 2 2 2 2 2 2 2 2
left_child=1 7 5 4 -2 -3 -7 -1 -5 14 -11 12 -12 -9 -10 19 17 -17 -19 21 27 -16 23 28 -22 -25 -24 -21 -23 -18
right_child=3 2 -4 8 -6 6 -8 13 9 10 11 -13 -14 -15 15 16 29 18 -20 20 24 22 26 25 -26 -27 -28 -29 -30 -31
leaf_value=0.058864443187707317 0.10925536955999696 0.07548825060026304 -0.005572979494057554 -0.10529187095032273 -0.15767014162889526 0.0098145240355171151 0.063947542141236713 0.035110898990869124 0.093439711225535904 0.10913004829085766 -0.037350062212564102 -0.043112630465762219 0.090009596788716284 -0.076567393379170415 0.08498752904180927 0.10706381745067289 0.034430264620570708 -0.043331501360261516 0.044874304458584979 0.10603231284678537 -0.11096302248711798 -0.13702936165252214 0.026123642025366753 0.093464859374177298 0.12974506092578478 -0.040171075382854013 -0.12119691953669794 0.0031876191442395726 0.049426835341875371 0.080719506451952153
leaf_weight=233.22650494472782 140.91193125272139 1331.9466567292993 11.418906595450606 1.5508686893122092 0.90935839580561051 25.755399016422416 180.90926573102388 95.94674090825265 595.47540258343179 195.42021679904065 3.7129594692887649 5.7765614252057267 24.432922225688344 4.3634569488749539 2185.5096848891149 9.8836159054799264 27.693820120418422 12.88076900349188 17.359735414561783 186.68536744894482 2.7042935448298513 1.5462360249784968 5.9676774692088657 103.69289879628104 1.6439531724354308 3.337658383195957 4.1938265486733126 5.145790586561815 71.894493458758006 178.07537274024344
leaf_count=15162 5788 77638 1309 7883 113 6165 8549 8162 26024 7552 76 154 533 1296 106878 271 1830 1098 1078 6368 195 292 360 3396 155 318 416 474 3126 8528
internal_value=0 0.068523 0.0724529 0.0867541 0.107544 0.073032 0.0572013 0.0502596 0.0859452 0.0860266 0.100887 0.0534005 0.0732085 0.0302529 0.0850282 0.0832509 0.0675362 0.0318771 0.00730355 0.0847531 0.100542 0.0834495 0.0658167 0.0714751 -0.0199579 0.0892975 -0.0346781 0.103274 0.0455011 0.0744896
internal_weight=0 1883.57 1550.03 3786.41 141.821 1538.61 206.665 333.537 3644.58 3643.03 229.343 33.9224 28.1459 100.31 3413.69 2818.22 245.893 40.1241 30.2405 2572.32 196.179 2376.14 190.633 180.471 4.34825 107.031 10.1615 191.831 73.4407 205.769
internal_count=301187 118281 93661 182906 5901 92352 14714 24620 177005 169122 8315 763 609 9458 160807 134783 12805 2447 2176 121978 7192 114786 7908 7132 350 3714 776 6842 3418 10358
is_linear=0
shrinkage=0.1


Tree=59
num_leaves=31
num_cat=1
split_feature=86 86 157 86 175 211 208 66 175 214 115 145 10 203 112 93 158 63 156 231 237 151 187 76 152 184 5 117 73 189
split_gain=37.0581 14.8955 7.18218 6.89832 6.13935 6.43699 5.79105 6.96646 6.99747 6.63814 5.96406 7.2773 6.48377 6.20996 5.80245 5.59054 5.9568 5.19288 5.18019 5.20914 5.69412 5.20465 5.14508 5.08932 5.90783 4.95068 5.07232 5.52445 5.05083 4.94621
threshold=-0.93589836359024037 -1.1543014049530027 0.6861170530319215 -0.76415729522705067 -0.18151747435331342 0.015840994194149974 -0.0072446812409907571 4.7523677349090585 0.065255325287580504 -0.069931041449308382 0.11587803438305856 -1.0000000180025095e-35 126.50000000000001 0.041894724592566497 0.024445669725537304 0.01652086898684502 1.0000000180025095e-35 -0.1860026270151138 0.018605053424835209 0.0048332423903048047 0 0.038078151643276222 -0.16499209403991696 0.041960094124078758 0.061418190598487861 -0.11222951859235762 0.10566188395023347 0.067770283669233336 0.27539464831352239 0.056117258965969093
decision_type=2 2 2 2 2 2 2 2 2 2 2 2 8 2 2 2 2 2 2 2 9 2 2 2 2 2 10 2 2 2
left_child=1 18 3 -2 5 -5 10 8 17 -9 12 -12 14 15 -3 -14 -17 -8 -1 20 -20 -21 -15 24 -24 26 -6 28 -28 -27
right_child=2 6 -4 4 25 -7 7 9 -10 -11 11 -13 13 22 -16 16 -18 -19 19 21 -22 -23 23 -25 -26 29 27 -29 -30 -31
leaf_value=-0.059318751436809036 0.080940847995687043 0.046242359119456955 0.099651170432337455 -0.067880736270620065 0.10794247694840325 0.065619028048819431 0.050805965402376307 -0.0043273483189580899 0.12665907346969699 0.068067547102705281 0.054980525188651701 -0.15045809245133918 0.091375374114609456 -0.073453091879628035 -0.061981153451589582 0.034000778548640413 0.074657301864389847 0.08563255027196659 0.0022700377793824734 0.068337089517047589 0.049902369610077074 -0.006310758156494671 0.049481231778945194 0.075095659261446054 -0.041118088890852222 0.083481622478029718 0.083996697394874156 -0.10382703413482559 -0.21294266496518996 0.096166419343705872
leaf_weight=4.0638264515955589 1695.4014704169226 41.588736064645673 397.78729310675408 4.6234660424215717 259.92675464468948 16.506139691230601 46.758589537226726 14.063086246602778 38.732187522633012 127.46976410241086 4.6612729302778462 2.7365708197867198 182.76386082554382 3.015964005389832 5.6240892202122259 41.210068258278625 287.10109782060226 507.52114776204826 41.982090421690373 204.13885586105243 153.17979247829135 9.7880690555921301 86.36578548534726 90.924876222626153 7.8517784103269141 867.17599385366589 60.959662638884765 1.6570218630658917 0.57826574164937383 476.21138281907156
leaf_count=5035 96500 15207 1720 446 10586 832 2510 3444 2322 15835 397 190 5874 367 2428 2893 8242 21956 3762 11038 8923 597 3293 3368 404 46752 3485 80 45 22493
internal_value=0 0.0698263 0.0869407 0.0854461 0.0899721 0.0364073 0.0744894 0.0808085 0.0855661 0.0608742 0.0683321 -0.0210142 0.0692176 0.0716394 0.0333506 0.0773575 0.069554 0.0826946 0.0530276 0.0541436 0.0423293 0.0649216 0.0561079 0.0582184 0.041931 0.0906513 0.101765 0.0763547 0.0812064 0.0879782
internal_weight=0 1901.54 3780.83 3383.04 1687.64 21.1296 1488.39 734.545 593.012 141.533 753.844 7.39784 746.446 699.233 47.2128 511.075 328.311 554.28 413.153 409.089 195.162 213.927 188.158 185.142 94.2176 1666.51 323.122 63.195 61.5379 1343.39
internal_count=301024 118085 182939 181219 84719 1278 88730 46067 26788 19279 42663 587 42076 24441 17635 17009 11135 24466 29355 24320 12685 11635 7432 7065 3697 83441 14196 3610 3530 69245
cat_boundaries=0 2
cat_threshold=173894693 4268049
is_linear=0
shrinkage=0.1


Tree=60
num_leaves=31
num_cat=0
split_feature=86 86 160 167 150 228 117 175 225 69 166 99 147 126 207 103 205 120 229 214 66 163 167 65 82 130 160 86 197 119
split_gain=37.2416 13.8477 7.49546 10.6398 5.81153 8.54251 8.09244 7.47094 7.73297 7.00207 7.93493 7.27036 6.9313 6.80249 6.58593 5.90015 5.79031 5.72503 6.11783 5.71977 6.56059 5.69461 5.65952 5.49181 5.46228 5.3885 5.18719 5.05659 6.94778 6.0351
threshold=-0.96732068061828602 -1.1852712035179136 1.0000000000000002 2.5000000000000004 0.015293031930923464 0.026022147387266163 0.0092247021384537237 -0.14986564964056012 0.081602603197097792 2.1709996461868291 0.78860080242156994 0.090009443461895003 -0.00075819817720912386 -1.0000000180025095e-35 -0.10031323134899138 -0.013923516031354664 -0.18210843950510022 -0.046785902231931679 0.032883876934647567 0.042670667171478278 5.8342738151550302 0.068975757807493224 3.5000000000000004 112.50000000000001 0.050423728302121169 -0.0060611390508711329 2.0000000000000004 -0.77072203159332264 0.019354916177690033 0.029271582141518596
decision_type=2 2 2 2 2 2 2 2 2 2 2 2 2 2 2 2 2 2 2 2 2 2 2 2 2 2 2 2 2 2
left_child=1 21 22 4 6 9 7 8 14 -6 11 12 -11 -10 -4 -14 -8 25 19 26 -21 -1 27 -24 -9 -5 -19 28 29 -2
right_child=2 -3 3 17 5 -7 16 24 13 10 -12 -13 15 -15 -16 -17 -18 18 -20 20 -22 -23 23 -25 -26 -27 -28 -29 -30 -31
leaf_value=0.05253909089109992 0.08148874924664079 0.072462762006731712 -0.11583299598486306 0.12455638012480973 -0.05678113538232582 0.087846448588628556 -0.049748388064125099 0.079295146041156048 0.027658392542464012 0.046201000201059321 0.078464172141486821 0.09774603900062255 -0.12233847260071931 -0.16242983716673498 0.06567722594204127 -0.0011575398331059089 0.096865434985253782 0.075900918579396223 -0.0084726720956702899 -0.054775235923406142 0.064055302274812695 -0.0099039956660744895 0.10675933578753449 -0.13337008500236633 0.1148924205576555 0.021889975706014857 -0.032051263414164199 0.092176126177852452 0.091033974882016713 0.059061529985535446
leaf_weight=321.36224739872523 472.48793936211064 1297.0634355885031 2.0714363952902195 17.876731983621998 6.0113668687190502 106.43389532148876 2.7102863977816005 551.08013058889173 4.8748705962843815 17.696913835677147 58.941545069739732 10.131945195699698 6.0557643152660594 3.0670419322459557 57.173879418671277 11.939285352025314 440.57031140699223 59.537844762126497 19.546641370942552 9.2595097163921327 9.3250517910123545 15.30013749385216 188.22964235644577 0.95725454263629117 46.764247337833694 7.1597199572124728 4.81078140954014 1197.6119530326966 566.84241232422801 160.82888180500231
leaf_count=14084 22783 78791 117 769 543 4653 254 28735 250 1828 2008 881 880 159 2697 1829 21320 6374 3671 1428 1654 10301 8087 85 2351 861 1115 48571 23532 10452
internal_value=0 0.0677723 0.0856647 0.0799174 0.0825715 0.0676146 0.0855028 0.0785264 0.0469097 0.0481758 0.0541982 0.0229858 0.00176348 -0.0457507 0.059331 -0.0419378 0.095969 0.0523281 0.0418551 0.0537169 0.00484957 0.0497013 0.0888928 0.105544 0.0820796 0.0951967 0.0678303 0.087579 0.0829916 0.0757934
internal_weight=0 1633.73 4040 1453.04 1325.52 217.211 1108.31 665.032 67.1872 110.777 104.765 45.8239 35.692 7.94191 59.2453 17.995 443.281 127.516 102.48 82.9332 18.5846 336.662 2586.96 189.187 597.844 25.0365 64.3486 2397.77 1200.16 633.317
internal_count=301063 103176 197887 84377 68505 12622 55883 34309 3223 7969 7426 5418 4537 409 2814 2709 21574 15872 14242 10571 3082 24385 113510 8172 31086 1630 7489 105338 56767 33235
is_linear=0
shrinkage=0.1


Tree=61
num_leaves=31
num_cat=0
split_feature=86 86 86 3 151 93 177 135 115 11 214 147 206 203 216 70 138 177 180 210 54 136 141 2 76 130 173 107 163 136
split_gain=43.5274 13.5265 7.57436 5.58413 6.62474 5.0467 4.8412 5.21067 4.58527 4.4548 4.25564 4.68612 4.3501 4.19084 4.18642 6.40958 4.87729 4.78612 6.03006 5.96847 4.7576 5.04132 4.36314 4.34275 4.31143 4.22052 4.19199 7.15309 4.15852 4.15201
threshold=-0.96732068061828602 -1.1852712035179136 -0.76415729522705067 0.09175084158778192 -1.0000000180025095e-35 0.33721725642681127 -0.16279230266809461 0.028620196506381038 0.059809269383549697 0.011184378061443569 -0.098196804523468004 0.028135297819972042 -0.063691843301057802 -0.15948425978422162 0.014245045837014915 3.5000000000000004 0.0095569570548832434 0.032465746626257903 0.26355239748954779 -0.10561821237206458 1.0000000180025095e-35 -0.001041244016960263 -0.027579155750572678 0.18313008546829226 0.08842144533991815 0.0035699051804840569 -0.19139865785837171 -0.0077383504249155513 -0.25117388367652888 0.066536974161863341
decision_type=2 2 2 8 2 2 2 2 2 8 2 2 2 2 2 2 2 2 2 2 2 2 2 10 2 2 2 2 2 2
left_child=1 9 3 4 8 14 7 -4 -2 -1 11 12 -11 -10 15 -3 -17 18 26 24 25 23 -18 -22 -19 -21 27 -16 -29 -6
right_child=2 5 6 -5 29 -7 -8 -9 13 10 -12 -13 -14 -15 17 16 22 19 -20 20 21 -23 -24 -25 -26 -27 -28 28 -30 -31
leaf_value=0.0031634902934390141 0.067122060777835654 -0.091319072597456127 0.11155900333550522 0.083740394900835069 0.013852856028863103 0.057114958743337767 0.089699749371401322 0.05987149288993187 0.65968695558611667 0.070675363519154613 0.055680106928539835 -0.096491639772053078 -0.033082844001616714 0.1476491517677706 -0.13021770781272624 0.076102015072848486 0.013886373488069198 -0.069217057537365415 0.0088765805262411117 0.094113924103041313 0.088409897610274069 0.0085899326803005969 0.06238478829692648 -0.081398657609000058 0.08260621701803128 0.05153291603910877 0.097477833239114409 0.082134201448978622 -0.052617586410126406 0.4009624921568577
leaf_weight=19.216801632598617 38.986992307760374 2.4627592824308513 181.84450433540133 2078.6750617956645 27.96951739454062 188.84935021782167 1697.4173493243397 21.847165841934384 0.16446423755314743 10.398219321246874 304.81426331586499 3.5141982042241571 6.6088148541621203 5.690043075670018 1.8863388694326229 452.33677832903868 20.632514676617575 5.1920217231308907 8.8049242728939117 92.081656699392624 21.752074029442159 20.365894136112729 183.78429083810715 1.6181080576989177 2.9237259991223254 31.152425817732365 238.90206422186748 26.902579920033538 2.5032807880761494 0.2798426620211093
leaf_count=7276 12124 237 9604 86646 12331 13552 74570 1266 19 415 15770 389 714 1077 244 24334 1634 481 880 3970 1199 1576 12447 115 210 2020 14348 646 916 95
internal_value=0 0.0675683 0.0868486 0.0827851 0.0556181 0.0722304 0.0914478 0.106015 0.0795137 0.049949 0.0527125 0.00863344 0.0303556 0.162033 0.0747945 0.069705 0.0703089 0.082183 0.090316 0.0692232 0.0732938 0.044959 0.0574897 0.0766527 -0.0145222 0.0833498 0.0929699 0.0585536 0.070663 0.0176876
internal_weight=0 1646.7 4052.87 2151.77 73.0909 1302.15 1901.11 203.692 44.8415 344.552 325.335 20.5212 17.007 5.85451 1113.3 659.216 656.754 454.085 278.999 175.086 166.97 43.7361 204.417 23.3702 8.11575 123.234 270.194 31.2922 29.4059 28.2494
internal_count=301105 103373 197732 112292 25646 78809 85440 10870 13220 24564 17288 1518 1129 1096 65257 38652 38415 26605 17034 9571 8880 2890 14081 1314 691 5990 16154 1806 1562 12426
is_linear=0
shrinkage=0.1


Tree=62
num_leaves=31
num_cat=0
split_feature=86 86 86 132 2 88 200 170 159 157 156 120 100 77 137 173 183 157 219 215 110 183 155 215 212 159 100 123 7 100
split_gain=39.1408 12.2181 5.93691 6.56458 5.64514 5.3302 5.73577 5.21548 7.30545 5.05967 6.31695 5.74454 6.84339 7.75852 5.91086 5.70764 5.57178 5.54406 5.51035 7.42611 6.48954 6.80631 8.33428 8.04604 6.77193 9.15792 5.66943 5.38405 5.26238 5.18812
threshold=-1.0724866986274717 -0.83693176507949818 -1.1852712035179136 -0.010856271721422671 0.3390804678201676 0.7782278060913087 -0.12188206240534781 0.53934586048126232 1.5674979686737063 0.44172908365726476 0.15170694142580035 -0.020266023464500901 0.074215155094861998 1.0000000180025095e-35 0.054229674860835082 -0.48493254184722895 1.0000000180025095e-35 0.65648138523101818 0.037342969328165061 0.059621574357151992 0.072846032679080977 0.083161927759647383 -0.02330202795565128 0.035996815189719207 0.0085228499956429022 0.017778674140572551 0.040311083197593696 -0.05435927398502826 0.17731726914644244 -0.063521780073642717
decision_type=2 2 2 2 10 2 2 2 2 2 2 2 2 2 2 2 2 2 2 2 2 2 2 2 2 2 2 2 8 2
left_child=2 -2 3 5 -4 6 -1 -5 -9 11 16 12 14 15 -3 -14 -11 18 19 -12 21 22 23 27 -24 -26 -25 -20 -27 -18
right_child=1 9 4 7 -6 -7 -8 8 -10 10 17 -13 13 -15 -16 -17 29 -19 20 -21 -22 -23 24 26 25 28 -28 -29 -30 -31
leaf_value=-0.068100639830505946 0.077497341435402267 0.062532062762744478 0.067365969796207334 0.047866724383952557 -0.09691105532060873 0.045646304290488326 0.10396334158294124 -0.012740064041308313 0.074262828467344472 0.10983033550548052 0.082611654324790576 0.038574621176867108 0.8123670319909293 0.32974591296079192 0.38524492192307086 0.032082014828004254 0.063519933344701296 0.094287349554221342 -0.16510303332050991 0.10288151655227409 0.100839479480646 0.098301063857210852 0.079518751158117684 -0.1492023373167882 -0.12798912387222808 0.070691168908198765 0.018918229082174574 0.05163935171186404 0.02095718147520707 0.096490909001606617
leaf_weight=2.0279268122903877 2096.8605732804399 17.314191488194417 442.92136043797927 198.81310956993002 2.1017295988685865 38.348027098511011 43.383197224096875 35.012099133863558 13.323932296370911 231.63950350690084 937.32852536610153 42.704625077158653 0.098350216266226531 2.4824338369539873 0.58680362854556634 2.0022157591711212 62.984478115391084 589.66992710006889 1.1994166231961596 223.92021492838467 71.300190393909361 60.842555336254009 170.76418168585951 4.3558658722267847 2.9306045375487875 55.53931961699891 3.717924132328335 25.781493133810727 34.485604821558809 196.98866585223959
leaf_count=233 117809 8836 29105 14277 489 2875 2139 4417 464 18264 31439 20925 32 491 142 1246 5040 3168 88 8250 2039 1502 5348 254 71 2893 112 909 1509 16815
internal_value=0 0.083242 0.0590474 0.0489034 0.0665901 0.0730977 0.0962795 0.040704 0.0112425 0.0876404 0.0883116 0.0601144 0.101026 0.21006 0.0731108 0.0686156 0.098552 0.0860043 0.0829365 0.0865202 0.0732791 0.0678148 0.0616066 0.0157966 0.0676958 0.0459766 -0.071784 0.0420042 0.0516397 0.0885029
internal_weight=0 4835.5 775.931 330.908 445.023 83.7592 45.4111 247.149 48.336 2738.64 2673.45 65.1886 22.484 4.583 17.901 2.10057 491.613 2181.84 1592.17 1161.25 430.917 359.617 298.774 35.0547 263.72 92.9555 8.07379 26.9809 90.0249 259.973
internal_count=301181 247182 53999 24405 29594 5247 2372 19158 4881 129373 97701 31672 10747 1769 8978 1278 40119 57582 54414 39689 14725 12686 11184 1363 9821 4473 366 997 4402 21855
is_linear=0
shrinkage=0.1


Tree=63
num_leaves=31
num_cat=0
split_feature=86 86 93 172 93 171 157 66 145 64 231 175 101 1 102 204 63 230 140 199 227 224 196 128 88 104 12 173 144 222
split_gain=37.2744 12.9681 9.0065 6.64987 7.9617 5.89748 8.58809 5.73322 5.59198 5.71887 7.03238 5.47253 5.40607 5.11242 5.09139 5.05154 5.46254 4.97086 4.90603 9.06319 5.0563 4.98532 4.9296 4.82689 5.87157 4.67208 4.62296 6.52001 5.5875 5.20775
threshold=-0.96732068061828602 -1.1852712035179136 0.068085435777902617 -0.15253804624080655 -0.21969643980264661 -0.021894295699894425 0.54989740252494823 8.9517459869384783 -0.039538316428661339 8.5000000000000018 -0.019284308888018128 -0.046956332400441163 -0.11423363536596297 0.13161150366067889 -0.0275800721719861 -0.038430470973253243 -0.11469702795147894 -0.10742967203259467 -0.0091886813752353174 0.13958103954792025 -0.12205140665173529 0.015642412938177589 -0.17254829406738278 0.025193332694470886 0.65056136250495922 0.055142115801572807 182.50000000000003 0.2386976704001427 -0.035865494981408112 0.043465498834848411
decision_type=2 2 2 2 2 2 2 2 2 2 2 2 2 10 2 2 2 2 2 2 2 2 2 2 2 2 8 2 2 2
left_child=1 -1 3 8 17 11 -7 -3 14 12 -11 18 13 -10 -2 -13 -17 -5 19 22 -20 23 -4 -22 -25 -9 27 28 -8 -28
right_child=2 7 5 4 -6 6 26 25 9 10 -12 15 -14 -15 -16 16 -18 -19 20 -21 21 -23 -24 24 -26 -27 29 -29 -30 -31
leaf_value=0.051180502044800472 -0.080265240028531706 0.074205550321794211 -0.14137369275965012 -0.04142067432791003 0.090304701685176875 0.04404702796876743 -0.023927816151677567 0.044151192840573145 0.072026336099195162 -0.20345987188319775 0.052012792839581136 0.1185704198148287 0.089464231965192043 -0.00836078744350288 0.052247781165049412 0.059707389088164843 0.10056837968285447 0.115096656521488 -0.048116627007494334 -0.087898898018481372 0.079053174714191751 0.099051844414565118 0.067574244342341855 -0.090451531671613461 0.054105560836963044 -0.077791554921490258 0.078027280101083826 -0.12701323256165495 0.10031544313065131 0.048762731889035599
leaf_weight=337.36185312365251 3.2654814563493373 1257.271564311065 1.1459219948083035 2.0548125896671072 2162.7233216154045 93.574258555712731 3.7358903153617566 24.323636419701874 155.51684659141893 1.5130171541659363 3.7431962397604357 79.110876021760305 404.98036622470318 8.3354348846191879 25.868921013706313 48.423651522130967 100.86907336216655 162.24028359128852 2.8376080119960525 4.1070220419528587 118.0302469357307 142.66966997924692 76.953939288840957 3.6884331906258003 11.795311706698156 3.6080000218271371 265.8060159639972 1.3200136705418106 116.38025210898013 78.846633253266191
leaf_count=24612 279 69807 188 380 108432 14293 347 7894 4726 101 191 4840 16000 612 1137 4745 6420 6515 390 444 6354 6093 4308 391 986 1063 3796 196 4242 1644
internal_value=0 0.0686297 0.0865488 0.0894914 0.0919169 0.0790462 0.0716936 0.07321 0.0801349 0.0823039 -0.0215258 0.0860252 0.0832633 0.0679369 0.0373953 0.0981407 0.087315 0.113139 0.0783646 0.0568942 0.0846903 0.0860548 0.0645085 0.0721665 0.0196701 0.0283995 0.077244 0.0940221 0.0964512 0.0713324
internal_weight=0 1622.57 4079.54 2930.24 2327.02 1149.29 559.663 1285.2 603.223 574.089 5.25621 589.632 568.833 163.852 29.1344 228.404 149.293 164.295 361.228 82.2069 279.021 276.184 78.0999 133.514 15.4837 27.9316 466.089 121.436 120.116 344.653
internal_count=301426 103376 198050 138373 115327 59677 24518 78764 23046 21630 292 35159 21338 5338 1416 16005 11165 6895 19154 4940 14214 13824 4496 7731 1377 8957 10225 4785 4589 5440
is_linear=0
shrinkage=0.1


Tree=64
num_leaves=31
num_cat=0
split_feature=86 86 157 170 93 93 74 72 157 117 197 157 125 182 152 170 157 74 114 233 146 226 212 187 183 72 160 85 153 171
split_gain=34.9508 12.1924 9.92903 8.91802 7.04097 6.73429 6.71069 6.67173 6.24077 6.22908 5.44969 6.11922 6.57612 5.3799 5.24849 5.12644 5.06358 8.0163 7.63903 7.52633 8.1756 6.12933 5.10081 5.06044 5.03393 5.2875 4.99059 5.18809 4.97244 4.95174
threshold=-0.96732068061828602 -1.1852712035179136 0.59552291035652172 0.56779232621192943 0.33721725642681127 -0.069273695349693284 0.33602151274681097 0.12973351776599887 0.46089245378971105 0.047807052731513984 0.23373956233263019 0.45718969404697424 0.097295701503753676 -0.044490316882729523 0.0082423891872167605 0.47530725598335272 0.52937316894531261 0.65255734324455272 0.0387070830911398 0.0089012142270803469 0.01760007813572884 0.097638446837663664 -0.13812913000583646 0.15571366250514987 -0.15715998411178586 0.22075923532247546 2.0000000000000004 46.500000000000007 -0.017736570909619328 0.52714467048645031
decision_type=2 2 2 2 2 2 2 2 2 2 2 2 2 2 2 2 2 2 2 2 2 2 2 2 2 2 2 2 2 2
left_child=1 8 3 5 16 7 15 9 -1 -2 11 12 -7 14 -10 -4 17 18 21 20 -20 24 -18 28 25 -3 27 -15 -13 -16
right_child=2 4 6 -5 -6 10 -8 -9 13 -11 -12 23 -14 26 29 -17 22 -19 19 -21 -22 -23 -24 -25 -26 -27 -28 -29 -30 -31
leaf_value=0.0097600679160345129 0.089929873297461438 0.092686241659882748 0.10712784554665677 0.048878752683322237 0.054793485883209397 0.05195272015282109 0.068495487067375682 0.057552482781347974 0.0030483012656226903 0.12173797802799274 0.12506041433831239 0.05712890000162274 0.29914290155478263 0.092433946919118798 0.064045978876194051 0.090239579047468266 0.1236447735790927 0.21492612233045516 0.12219815250275012 0.040809097879716469 0.014663871421626971 0.1043075597308077 0.078238877480797026 0.094519490004337625 0.040645068767060019 0.37781945223644753 -0.010623646746196126 0.055926277487722088 0.078970262589812559 0.014924640717788686
leaf_weight=32.539349666343696 480.76805708156166 10.215201047849856 200.18852737609996 84.848486980244616 186.79122122532044 108.65059122830053 129.91142286189279 55.245390002225577 28.65211783569066 70.609262884866212 23.99427786736851 119.26826641313573 1.087001955937011 68.618815049410841 78.833837742262403 1759.6825193521654 25.511019647146895 3.4767359294928601 50.080035942803534 24.335178747600366 8.2323097366597704 19.471667393446296 819.51510242977929 179.77012016792878 160.76721314683891 0.69458328422933924 7.7177162324078372 89.956227423654127 826.90423893976958 27.7441946566978
leaf_count=12810 43936 2508 1265 17573 13581 38884 2372 5660 1330 4986 1305 7429 284 2219 2705 19049 557 134 5046 4904 1973 2323 18590 7028 29083 213 662 3729 48005 1034
internal_value=0 0.0684186 0.085716 0.0805859 0.0727701 0.0820275 0.0905057 0.0906836 0.0513665 0.0940032 0.0778589 0.0769424 0.0544013 0.0558566 0.0410441 0.0919646 0.075762 0.0640359 0.0621198 0.0875223 0.107017 0.0511365 0.0796097 0.0791393 0.0451058 0.11084 0.0679021 0.0717239 0.0762171 0.0512588
internal_weight=0 1643.15 4040.93 1951.15 1309.09 1866.3 2089.78 606.623 334.062 551.377 1259.67 1235.68 109.738 301.523 135.23 1959.87 1122.3 277.273 273.796 82.6475 58.3123 191.149 845.026 1125.94 171.677 10.9098 166.293 158.575 946.173 106.578
internal_count=301177 103401 197776 175090 78912 157517 22686 54582 24489 48922 102935 101630 39168 11679 5069 20314 65331 46184 46050 11923 7019 34127 19147 62462 31804 2721 6610 5948 55434 3739
is_linear=0
shrinkage=0.1


Tree=65
num_leaves=31
num_cat=1
split_feature=86 86 93 158 237 128 206 93 130 103 1 7 206 224 127 180 103 5 178 4 99 108 184 83 198 112 85 69 122 9
split_gain=42.6596 14.4763 7.14096 6.60271 11.2281 6.01766 9.25527 5.93015 5.90528 5.89087 6.25738 6.02261 5.82549 5.60318 5.53436 5.3615 8.70841 7.48736 6.14126 5.72094 6.39678 8.95038 5.3556 5.24249 5.09833 5.08484 5.06661 4.98482 5.80515 6.18349
threshold=-0.96732068061828602 -1.1852712035179136 0.094900701195001616 0.22500000149011615 0 0.02339896094053984 -0.071033537387847887 0.36510318517684942 -0.0046469676308333865 0.16756063699722293 0.0097674862481653708 0.2123106122016907 0.074876237660646452 -0.16108159720897672 0.0027155731804668908 -0.16503558307886121 0.036568196490406997 0.063324980437755599 0.028530954383313659 0.083538588136434569 -0.048643389716744416 0.017537677660584453 0.097147725522518172 18.500000000000004 -0.042149733752012246 -0.069320041686296449 109.50000000000001 135.80162048339847 0.048350248485803611 0.012526150792837145
decision_type=2 2 2 2 9 2 2 2 2 2 10 10 2 2 2 2 2 10 2 10 2 2 2 2 2 2 2 2 2 10
left_child=1 3 9 4 -1 13 8 12 -7 27 -11 24 15 -4 -6 16 -3 25 -17 23 -21 -22 -10 -20 -12 -18 -23 -2 29 -29
right_child=2 7 5 -5 14 6 -8 -9 22 10 11 -13 -14 -15 -16 18 17 -19 19 20 21 26 -24 -25 -26 -27 -28 28 -30 -31
leaf_value=-0.017679489444884549 0.090085525950812068 0.070399973214047409 0.0064708749029370755 0.059521691845897264 0.019123329703067099 -0.036536646175483814 0.071196440211705583 0.053222066058012975 0.088341278841283788 0.032629905627666898 0.035729340960136628 -0.043677674424702634 0.086205879834824278 0.08358835157117904 0.069456900734948854 0.079217050285320501 0.11882519932433321 0.039330899658506349 0.070153187347318804 0.097158399024044328 0.041976897028733869 -0.029093780281200278 -0.1486019872834648 0.23704986323034155 0.10800338192574695 -0.088313418439513985 -0.22860390888124993 0.045520242532874393 -0.12613077114945812 0.099068769598426976
leaf_weight=35.655427393999616 2844.3411197691812 57.049056496002322 9.5396077649484123 203.76930598620174 34.612774738684493 14.149912139755999 169.88878491101968 152.44558639628212 9.0770827261621871 37.909560363142191 12.492954890766667 3.4599275305054098 298.48693116235791 762.26871476246606 59.220563867044802 485.36947120869263 1.3547305243719154 21.865786733847017 142.61206711850537 16.807582456786804 70.690775184632002 8.6788581288901678 1.0659615586555435 1.9072677306885442 44.621287593819034 9.4647211827859774 1.4916519479920669 48.300095512910048 1.5448288628831495 38.957973964114444
leaf_count=4581 131909 2790 627 10787 4195 2000 8188 11307 951 3834 539 318 17495 38563 4938 29658 99 1365 8711 720 3879 1053 204 76 1171 1663 45 5517 378 3223
internal_value=0 0.0668481 0.0861636 0.0483011 0.0306438 0.0786763 0.0629408 0.0717218 0.00520673 0.0885494 0.0644927 0.0844336 0.0742494 0.0826352 0.045989 0.0698827 0.0468201 0.00566358 0.0727272 0.0597209 0.0410251 0.0293574 0.0634402 0.0723558 0.0921944 -0.0623771 -0.0583548 0.0893571 0.066026 0.069428
internal_weight=0 1601.48 3997.62 333.258 129.489 965.99 194.182 1268.22 24.293 3031.63 98.4837 60.5742 1115.78 771.808 93.8333 817.292 89.7343 32.6852 727.558 242.188 97.6689 80.8613 10.143 144.519 57.1142 10.8195 10.1705 2933.14 88.8029 87.2581
internal_count=300784 103362 197422 24501 13714 50533 11343 78861 3155 146889 5862 2028 67554 39190 9133 50059 5917 3127 44142 14484 5697 4977 1155 8787 1710 1762 1098 141027 9118 8740
cat_boundaries=0 2
cat_threshold=2176176645 4264384
is_linear=0
shrinkage=0.1


Tree=66
num_leaves=31
num_cat=0
split_feature=86 86 160 161 194 5 90 233 107 17 170 167 93 168 168 223 81 156 157 180 126 156 196 146 96 101 132 66 227 185
split_gain=38.6503 13.527 6.43603 9.79404 6.99432 6.65026 6.53111 6.39146 7.79751 6.28398 6.1975 6.06132 5.90733 6.49088 5.77159 5.66305 8.55469 5.50407 8.35869 5.65163 5.52669 6.2229 5.36664 5.30575 5.54089 5.25361 5.22994 6.64104 6.0079 5.18685
threshold=-0.93589836359024037 -1.1852712035179136 1.0000000000000002 3.564003705978394 0.013686155900359155 0.047003591433167465 2.0563492774963383 -0.053328314796090119 0.097343828529119505 7.5000000000000009 0.55425468087196361 1.5000000000000002 0.068085435777902617 2.7987183332443242 3.047250628471375 -0.014647058211266993 0.11846181750297548 0.2327174320816994 0.5750851333141328 0.16581191122531894 0.0027276993496343498 0.57259953022003185 -0.042898042127490037 -0.0038555141072720285 -0.14879361540079114 -0.14829134196043012 -0.010856271721422671 4.6124520301818857 -0.089688647538423524 -0.044784717261791222
decision_type=2 2 2 2 2 8 2 2 2 2 2 2 2 2 2 2 2 2 2 2 2 2 2 2 2 2 2 2 2 2
left_child=1 26 6 14 5 -5 7 8 -3 12 -6 25 17 -14 -4 16 -7 19 20 -2 21 -19 -22 -17 -25 -9 28 -28 -1 -21
right_child=9 2 3 4 10 15 -8 11 -10 -11 -12 -13 13 -15 -16 23 -18 18 -20 29 22 -23 -24 24 -26 -27 27 -29 -30 -31
leaf_value=-0.04266673906493279 0.097410024811114493 0.093860885318884021 0.0051735204940964426 -0.044720357888860966 0.071059540250803868 0.078904020729683555 0.091848823517152567 0.1521395944438293 -0.078533382580544597 0.094876929973627969 -0.021382298445495752 0.061999428678971541 0.036303254127465129 0.079456457560072927 0.079937864575555476 -0.017548062811189504 -0.035055849969302923 0.080570581747814604 0.087236534904663557 0.019029737118519366 -0.00021891111018450236 -0.036024444992217075 0.060148199260204385 -0.10478290990415373 0.055473378671640462 0.079929002389838716 0.050519105823287794 0.0044900102578478386 0.078683562311819777 0.081748664267759383
leaf_weight=4.2988611320452028 694.6114644625618 157.4523890735677 10.720829230391699 10.093479672073498 130.0209725716395 47.161427871502383 255.01621620074275 10.779515191442441 2.6681363988245712 779.74338359097828 7.6807769129850376 416.49600450742719 36.497065573277496 775.18513423461559 279.93674042861267 24.203350900201713 7.6566135209695849 155.70696272210444 1129.3658448701917 15.328125314564657 19.874588579201372 4.7161916499717327 56.853978329310848 2.3215042195461129 30.538167449053617 154.21218419558272 210.61544288688856 36.825878737838593 80.068975480541667 94.342489385689078
leaf_count=447 60830 8662 3905 3026 7326 2158 12548 488 145 34404 1058 25027 4290 38845 16572 1826 832 11892 14730 3158 1896 605 4545 179 1797 8180 11826 7472 4782 7853
internal_value=0 0.0693211 0.0732509 0.0645708 0.0504571 0.0330193 0.078044 0.0732969 0.0909882 0.086884 0.0659033 0.0684254 0.0847943 0.0775161 0.0771802 0.0400327 0.0629869 0.0875157 0.0836526 0.0940792 0.0665853 0.0771429 0.0445116 0.0179815 0.0441514 0.0846468 0.0509996 0.0436687 0.0725003 0.0729827
internal_weight=0 1878.77 1546.96 550.334 259.676 121.975 996.624 741.608 160.121 3762.23 137.702 581.488 2982.48 811.682 290.658 111.881 54.818 2170.8 1366.52 804.282 237.152 160.423 76.7286 57.063 32.8597 164.992 331.809 247.441 84.3678 109.671
internal_count=301304 118256 93729 38679 18202 9818 55050 42502 8807 183048 8384 33695 148644 43135 20477 6792 2990 105509 33668 71841 18938 12497 6441 3802 1976 8668 24527 19298 5229 11011
is_linear=0
shrinkage=0.1


Tree=67
num_leaves=31
num_cat=0
split_feature=86 86 86 93 157 170 93 200 75 119 129 213 222 144 163 5 109 157 170 229 10 141 78 81 209 95 7 144 213 215
split_gain=43.6503 15.4312 8.89995 7.46824 7.16191 9.10173 6.50756 6.29791 6.05408 5.8974 5.7848 6.82411 5.87352 8.40792 5.42385 5.39289 6.54628 5.27391 5.87035 5.8595 6.76696 9.67414 5.20033 5.19528 5.18597 5.17977 6.75927 6.20341 5.27163 5.12756
threshold=-0.93589836359024037 -1.1852712035179136 -0.6793040633201598 -0.085487324744462953 0.56416428089141857 0.48162244260311132 0.33721725642681127 0.036189926788210876 0.3310502320528031 -0.0051118342671543351 -0.00089914962882176031 -0.15375690907239911 0.043465498834848411 0.013155731838196518 0.74274417757987987 0.07435046881437303 -0.040381848812103265 0.63768562674522411 0.47228689491748815 0.06476814299821855 553.50000000000011 -0.062158014625310891 0.037386443465948112 0.21370023488998416 0.069025352597236647 -0.1859767064452171 0.2123106122016907 0.039524452760815627 0.11940202116966249 -0.030421732924878594
decision_type=2 2 2 2 2 2 2 2 2 2 2 2 2 2 2 10 2 2 2 2 8 2 2 2 2 2 10 2 2 2
left_child=1 -1 3 10 7 23 17 8 -5 14 11 -2 24 22 -7 -8 -17 18 -3 20 21 -19 -14 -6 -12 26 27 -20 -28 -9
right_child=2 6 -4 4 5 9 15 29 -10 -11 12 -13 13 -15 -16 16 -18 19 25 -21 -22 -23 -24 -25 -26 -27 28 -29 -30 -31
leaf_value=0.049152463432560002 -0.023165469845293711 0.084148961799282232 0.09442097280535891 0.077718777427487257 0.10782457625562292 0.09247018353202574 0.029664094869165814 0.029564100486707729 0.23462016265917815 0.075316621050210919 0.081629226971317234 0.10157861853400796 0.039890684403007193 0.10523990455034396 -0.045716779588662881 -0.024859756467323704 0.070819317780642835 -0.16660089915384382 0.096348081954295672 0.11918191049334181 0.095122589083985326 0.064609253423818222 -0.087894797714448802 0.044092624066264324 0.117094991717262 0.064947684058152849 -0.043921467160739185 0.26583662487493454 0.49149661568329428 0.066575764113172606
leaf_weight=336.68091577599625 4.4327054948043942 293.87853819975362 1177.6012974121977 439.71048793543173 200.74835966328101 353.7579711592989 55.636896786480065 50.383571022624437 2.4730347363797582 640.72422719815404 190.41112251552272 410.67285237933379 39.343373079481808 22.329719538951849 2.8633527318215775 7.5245784629551045 143.9928574944488 1.8468147001876776 61.530731478022517 48.574192865853547 135.4810751361947 89.965986845527368 3.4651865866308063 13.661115188471738 52.624704829555412 697.52871586314632 4.5015749480871809 2.2380295561752055 0.19172223799614574 145.60336634119017
leaf_count=24554 344 17332 51617 50322 1482 4801 8556 9336 327 11283 9842 19284 2401 846 905 439 5909 48 5115 267 922 1282 374 175 2224 52241 1111 231 81 17511
internal_value=0 0.0685492 0.0872204 0.0839251 0.0805565 0.0850719 0.0727819 0.0719826 0.0785963 0.0810535 0.0925409 0.100247 0.0821615 0.0554949 0.0913607 0.0562906 0.0660678 0.0753394 0.0721337 0.0876558 0.0809184 0.0599585 0.0295469 0.103764 0.0893087 0.0675239 0.0937721 0.102296 -0.0220495 0.0570609
internal_weight=0 1879.57 3750.81 2573.21 1849.93 1211.76 1542.89 638.17 442.184 997.346 723.28 415.106 308.174 65.1383 356.621 207.154 151.517 1335.74 1059.87 275.868 227.294 91.8128 42.8086 214.409 243.036 765.991 68.4621 63.7688 4.6933 195.987
internal_count=301162 118088 183074 131457 96142 18646 93534 77496 50649 16989 35315 19628 15687 3621 5706 14904 6348 78630 76111 2519 2252 1330 2775 1657 12066 58779 6538 5346 1192 26847
is_linear=0
shrinkage=0.1


Tree=68
num_leaves=31
num_cat=1
split_feature=93 63 66 237 157 111 117 156 83 231 88 157 156 171 6 119 157 151 210 225 13 224 1 200 162 122 233 135 67 162
split_gain=24.617 15.3907 15.922 20.7771 8.33591 9.17687 8.18143 7.54679 7.41141 8.9855 6.26172 6.75574 9.15069 7.24823 6.18575 6.06826 5.8514 5.82754 5.81435 5.61053 5.53332 5.4183 5.41127 5.2944 5.21006 5.80966 5.19455 5.09555 6.36467 5.72645
threshold=0.33721725642681127 0.33389289677143102 3.9601714611053471 0 0.5454775094985963 -0.068166956305503831 0.016074746847152713 1.0000000180025095e-35 16.500000000000004 -0.10592322424054144 0.69874244928359996 0.62373504042625438 0.2327174320816994 -0.036051969975233071 0.066869921982288374 -0.069013185799121843 0.51803588867187511 0.019230316393077377 0.072666808962821974 0.0098355454392731207 0.070988629013299956 0.11916305497288705 0.10172414034605028 0.075445838272571578 71.768917083740249 -0.0018629542901180682 0.095468640327453627 0.022438909858465198 2.0173596143722539 23.928920745849613
decision_type=2 2 2 9 2 2 2 2 2 2 2 2 2 2 10 2 2 2 2 2 10 2 10 2 2 2 2 2 2 2
left_child=1 7 23 -4 20 -6 26 -1 10 -10 -9 12 -12 16 15 -15 18 -7 -14 -8 -5 -11 -17 24 -3 -26 -2 29 -29 -18
right_child=6 2 3 4 5 17 19 8 9 21 11 -13 13 14 -16 22 27 -19 -20 -21 -22 -23 -24 -25 25 -27 -28 28 -30 -31
leaf_value=-0.061396264743555251 0.04113926376616741 0.066318459348941858 -0.047044097066733542 0.0014059741334058685 -0.10870297440005844 0.086238215649560357 0.088959512764070298 0.088328866291555022 -0.0775342670017279 0.11254653622636382 0.083407813706521783 0.088784368977424352 0.023470961154384087 -0.091350209965974385 0.063919990469201077 0.039746934656974875 -0.010494864043658863 -0.0046876970241047705 0.094512761775427112 0.051674487495041416 0.086193564895747699 -0.041788606286680595 -0.11931035431934166 0.052877883821951056 0.10532363039745314 0.075526539488936617 0.10593333904152324 0.066793107417567429 -0.025109868460774211 0.082908201140924009
leaf_weight=3.5256879757935158 217.29738033482499 140.77301582980954 18.800817333125451 34.525554422253208 2.698728029139601 82.245485641356936 99.728666098639223 2033.8152682895998 2.5967698130407362 144.66013878211561 1007.9642579425245 740.36539216031451 39.993571180279105 4.2451992804271859 116.73352603815511 50.132445972489222 6.670210079610114 7.7094402225720833 16.181922749976366 67.793334155900993 9.9052384228361898 2.3110898420891308 2.2342307640719801 74.899989186812491 128.70219017789941 133.10768134269847 13.12014002142041 31.024962666582724 9.9530570851966313 411.91868943766167
leaf_count=16785 15838 7030 3512 7614 201 2146 6461 93722 242 4437 86297 6651 5638 343 4100 3606 105 383 1771 4745 1584 210 359 3985 3436 5133 970 857 691 12257
internal_value=0 0.0828507 0.0682313 0.0404824 0.0521164 0.0729945 0.0570547 0.084853 0.0849646 0.106862 0.0842321 0.0808137 0.0773363 0.0684553 0.0507648 0.0236389 0.0744012 0.0784456 0.0439353 0.0738709 0.0203082 0.11012 0.0329607 0.0772906 0.0818326 0.0901744 0.0448287 0.0781252 0.044471 0.0814198
internal_weight=0 5257.69 633.368 155.885 137.084 92.6537 397.94 4624.33 4620.8 149.568 4471.23 2437.42 1697.05 689.088 173.345 56.6119 515.742 89.9549 56.1755 167.522 44.4308 146.971 52.3667 477.483 402.583 261.81 230.418 459.567 40.978 418.589
internal_count=301109 273095 35024 15440 11928 2730 28014 238071 221286 4889 216397 122675 116024 29727 8408 4308 21319 2529 7409 11206 9198 4647 3965 19584 15599 8569 16808 13910 1548 12362
cat_boundaries=0 2
cat_threshold=553799714 4958090
is_linear=0
shrinkage=0.1


Tree=69
num_leaves=31
num_cat=0
split_feature=86 86 182 12 17 137 195 194 116 72 135 86 215 132 214 173 154 86 210 17 231 76 81 159 186 156 12 215 192 202
split_gain=38.2662 16.3233 8.22877 5.58496 6.66827 6.98943 6.14735 5.45485 5.4153 7.41576 6.31581 5.23112 5.22632 5.2049 5.14786 5.3159 4.95261 6.92934 5.23197 4.92968 11.2991 4.74002 5.88574 4.70446 6.02484 5.6214 4.61877 4.59534 4.59338 4.97484
threshold=-1.1183982491493223 -0.83693176507949818 -0.070025701075792299 200.50000000000003 6.5000000000000009 -0.050013670697808259 0.080431617796421065 -0.12009352073073386 0.036112245172262199 0.29616476595401769 -0.045664543285965913 -1.1852712035179136 0.13055375963449481 -0.010856271721422671 0.13300479203462603 0.29479257762432104 0.024705058895051483 -1.0489889383316038 -0.095308247953653322 16.500000000000004 -0.086357217282056795 0.041960094124078758 0.087337911128997817 1.4917780756950381 -0.15603943169116971 0.37858313322067266 2.5000000000000004 0.14310873299837115 0.17754889279603961 0.015434639994055034
decision_type=2 2 2 8 2 2 2 2 2 2 2 2 2 2 2 2 2 2 2 2 2 2 2 2 2 2 8 2 2 2
left_child=3 2 12 4 21 -6 -7 8 9 10 -4 13 16 27 15 -10 -2 18 -18 26 -21 22 -1 24 -15 -26 -3 -5 29 -28
right_child=1 19 7 11 5 6 -8 -9 14 -11 -12 -13 -14 23 -16 -17 17 -19 -20 20 -22 -23 -24 -25 25 -27 28 -29 -30 -31
leaf_value=-0.009558470585418144 0.073825485409062058 -0.10338891012518925 -0.020867363801646839 0.079688387355491719 -0.07997456358738339 0.10258746875615127 -0.050471023321487479 0.079010098563872672 0.01524871306387323 -0.12629705323943599 0.10620337764981508 0.074875207843099201 0.0020482620415432275 -0.069730802941810263 0.14861717302027391 0.11634740182201174 -0.11917182705398832 0.033514531100409507 0.096123918199782984 -0.11953363698194604 0.11733643016742107 -0.0094553045356538384 0.067729278989501915 0.062916896325123539 0.049634102254933039 -0.002318772917613063 0.083860571622396379 -0.12669019643824761 0.10575457552078703 0.092838021087334799
leaf_weight=15.022699345128329 348.85508103650022 1.2525476716448327 3.9942046418091186 66.39395860463901 2.7115239057802674 26.98102887307687 2.9067555421934221 1644.8249542365713 20.646023552514638 1.413749185781852 188.79730644885012 171.65956151187402 12.349824475969397 5.6229147037729481 5.2651465726494271 6.9523794069764326 1.1708523367187798 78.586646006269348 31.383567082888021 2.059653368925864 90.517333844069071 32.167886360494322 28.634177371402075 78.884942847773345 81.765903699496448 27.944892650964903 1451.4159828007196 1.0967389232027915 148.86790802211544 1074.0438966515449
leaf_count=4978 21166 7469 429 1985 594 4048 1157 91078 2230 133 8765 5778 1343 547 218 433 186 5888 1142 248 2874 7767 5024 2028 4606 621 63827 66 7057 47701
internal_value=0 0.0841799 0.0780397 0.056231 0.0359328 0.0737548 0.0877017 0.0810158 0.0955447 0.101897 0.103571 0.0613095 0.0662452 0.0524114 0.0580037 0.0407167 0.0679688 0.0495854 0.0883806 0.0893798 0.112067 0.019672 0.0411339 0.0440982 0.0312267 0.036401 0.0885949 0.0763347 0.0886848 0.0876786
internal_weight=0 5112.4 2344.24 541.793 108.424 32.5993 29.8878 1871.89 227.069 194.205 192.792 433.369 472.346 261.709 32.8635 27.5984 459.996 111.141 32.5544 2768.16 92.577 75.8248 43.6569 194.219 115.334 109.711 2675.58 67.4907 2674.33 2525.46
internal_count=301386 262187 133011 39199 23568 5799 5205 103286 12208 9327 9194 15631 29725 9853 2881 2663 28382 7216 1328 129176 3122 17769 10002 7802 5774 5227 126054 2051 118585 111528
is_linear=0
shrinkage=0.1


Tree=70
num_leaves=31
num_cat=1
split_feature=86 86 93 93 153 190 224 157 170 171 196 158 156 157 237 193 219 171 63 4 126 154 112 131 213 154 67 210 155 92
split_gain=40.4348 12.4614 8.87236 5.86708 5.68924 5.54258 6.55863 6.3004 7.80726 6.17084 6.24427 5.54136 5.52101 6.01582 5.45503 5.41303 6.0462 5.40402 5.32091 5.23026 5.17457 5.09444 4.96087 5.14644 5.08177 4.85742 4.82526 5.1876 5.1189 5.53497
threshold=-0.96732068061828602 -1.1852712035179136 0.068085435777902617 0.36510318517684942 0.029670875519514087 0.099236711859703078 -0.082292102277278886 0.58115372061729442 0.51061841845512401 0.16662803292274478 0.037251917645335204 0.18333333730697635 0.3352713286876679 0.65648138523101818 0 0.1645583584904671 0.0045515715610235938 0.12378063052892686 -0.044609747827053063 0.12456896528601648 -0.025917087681591507 -0.063763666898012147 -0.01960917096585035 0.029597704298794273 -0.10121362283825873 0.035243641585111625 2.4479482173919682 0.072666808962821974 -0.04754935018718242 0.8877413570880891
decision_type=2 2 2 2 2 2 2 2 2 2 2 2 2 2 9 2 2 2 2 10 2 2 2 2 2 2 2 2 2 2
left_child=1 11 4 20 17 6 25 9 -9 10 -8 14 -13 -14 -1 -6 -17 -2 -11 -12 -3 -10 24 -24 -7 -4 -22 28 -28 -30
right_child=2 3 5 -5 15 22 7 8 21 18 19 12 13 -15 -16 16 -18 -19 -20 -21 26 -23 23 -25 -26 -27 27 -29 29 -31
leaf_value=-0.01274714787004691 0.089804277651574727 0.083295340290352987 0.056814513248301751 0.053979228668594351 0.078331317359343733 0.12201345740043562 0.082540886170411512 0.1044137519579179 -0.073540575315464138 0.059281501927388541 0.039500134379699091 0.068486492512214517 -0.0025757495992291555 0.054291701036475029 0.041074965883348302 -0.072994592745791773 0.075244794900243661 0.11513619866811249 -0.018776404690146634 0.087191157645286954 0.072968760984039635 0.077960230328308205 0.10383899562080988 -0.022236222056319539 0.042683012734279276 -0.027445765747641123 -0.083014398027376479 -0.01546918422594501 0.080869591050583639 0.034218968108143122
leaf_weight=25.839141790051144 2514.0056775316252 419.3542217306881 82.932865024708008 158.94975916132989 258.99712215504405 10.853120044287605 219.97578216610532 153.5086483064224 2.2355391291130209 23.123204953399181 78.583944972266863 161.15999055415978 26.396781476709293 62.998802511636313 53.151248565245623 5.1027161986426091 5.9710001012294924 87.132031058034499 14.032197674249344 32.50888471625376 583.32659490264905 310.45570141608914 162.37323277066253 3.3036595559406114 31.54398850387588 7.4567900164702214 2.5338012928868912 10.752242254913652 59.251223511663284 44.560425856347138
leaf_count=4658 111885 23502 4752 11401 13071 356 19527 1549 83 2593 9399 12918 1253 1060 4728 439 402 12428 2279 2476 30567 5447 6655 233 3803 506 335 2422 5431 5142
internal_value=0 0.0674893 0.0862617 0.0719579 0.0892185 0.0787678 0.07545 0.0782217 0.0859443 0.0684444 0.0727812 0.0501499 0.0574308 0.0374998 0.027055 0.0754039 0.00693678 0.0906528 0.029802 0.0534559 0.0745099 0.0768771 0.093514 0.101325 0.0629906 0.0498634 0.06925 0.0507249 0.0574175 0.0608451
internal_weight=0 1608.27 4004.1 1278.73 2871.21 1132.89 924.814 834.424 466.2 368.224 331.069 329.546 250.556 89.3956 78.9904 270.071 11.0737 2601.14 37.1554 111.093 1119.78 312.691 208.074 165.677 42.3971 90.3897 700.424 117.098 106.345 103.812
internal_count=301300 103417 197883 78800 138225 59658 48611 43353 7079 36274 31402 24617 15231 2313 9386 13912 841 124313 4872 11875 67399 5530 11047 6888 4159 5258 43897 13330 10908 10573
cat_boundaries=0 2
cat_threshold=3334258261 5702672
is_linear=0
shrinkage=0.1


Tree=71
num_leaves=31
num_cat=0
split_feature=86 86 86 170 93 12 69 175 219 157 170 92 12 128 175 211 198 233 120 0 96 205 156 0 103 81 3 62 170 104
split_gain=35.8404 13.0693 6.56064 5.59391 5.36632 5.36348 5.34204 6.82457 5.38011 5.0661 6.85736 7.60604 6.76939 6.36577 5.1096 5.04897 5.62897 8.96728 5.30659 5.05294 8.28842 4.85665 4.96172 6.54451 4.83752 4.69668 4.63833 4.73759 4.62709 4.81906
threshold=-0.96732068061828602 -1.1543014049530027 -0.6793040633201598 0.51491400599479686 0.33721725642681127 236.50000000000003 2.1664729118347172 0.065255325287580504 -0.1549253314733505 0.63768562674522411 0.57049536705017101 0.90852540731430065 121.50000000000001 0.02339896094053984 0.23086272925138476 -0.11696263030171393 -0.15974567830562589 0.076618414372205748 0.0011485328432172539 0.13484849035739901 -0.1150919236242771 0.2192628011107445 0.35097050666809088 0.40072992444038397 -0.068763960152864442 0.3034138828516007 0.3647450208663941 1.0000000180025095e-35 0.4856723845005036 0.09075618535280229
decision_type=2 2 2 2 2 10 2 2 2 2 2 2 8 2 2 2 2 2 2 8 2 2 2 10 2 2 10 2 2 2
left_child=1 -1 9 -4 6 -6 7 8 -3 10 14 12 -12 24 25 -11 17 18 -17 20 -18 22 -21 28 -13 -2 27 -5 -24 -30
right_child=2 4 3 26 5 -7 -8 -9 -10 15 11 13 -14 -15 -16 16 19 -19 -20 21 -22 -23 23 -25 -26 -27 -28 -29 29 -31
leaf_value=0.052456561802272664 0.082478634123167749 -0.099642102709948818 0.099887775422842356 0.091351594253917492 0.03285395255404757 0.070144759675117574 0.078855854651171176 0.13124845518784495 0.053569040291633035 0.11334212281819944 4.5002586209198439e-05 -0.09974670219611588 0.10008550500281586 -0.022298008191382362 0.11122993720148516 0.024338638200743262 -0.10195098159817916 0.1189472265523836 -0.1191320654741263 0.10204770617076751 0.069684249242281684 -0.032528750365096962 0.10965406822704621 0.15748611679589763 0.057237948137252442 0.05413741323409596 -0.036564015457986147 0.070162394942151748 0.078422698901755378 -0.014244586134277305
leaf_weight=389.72852594158985 1838.2108914470198 2.3362614646539432 538.71402662181868 458.48808678831165 59.782851915905667 108.69464822523878 919.95982110987757 11.48917962099449 120.91681536462033 86.229272619151743 7.8235416945435636 2.0287253608803431 49.939648878336811 14.068740224287465 59.945206553861908 9.5647112951846811 3.4453748244777698 8.2155945659324043 3.5293158792774184 258.23786108139029 15.343298623003646 3.1740446704206979 49.530501264787745 11.676136483816661 60.539238803127319 60.393946698732634 3.0797539001368923 137.06278647010754 290.27401658527378 5.7225326739135189
leaf_count=29520 116747 247 27120 17208 9483 2476 51545 839 9526 290 3946 329 3165 1474 4381 139 376 103 71 1430 692 50 262 122 5334 4733 1348 5986 2237 55
internal_value=0 0.0684038 0.0860778 0.0924949 0.0734849 0.0569124 0.0761322 0.0575361 0.0506649 0.0835059 0.0809852 0.0591345 0.0865359 0.0384813 0.0824847 0.090588 0.0876093 0.0370518 -0.0143319 0.0892995 0.0382106 0.0908512 0.0914875 0.0838531 0.0521478 0.0815771 0.085842 0.086475 0.0813649 0.0766312
internal_weight=0 1612.91 3975.24 1137.34 1223.18 168.478 1054.7 134.742 123.253 2837.89 2092.95 134.4 57.7632 76.6367 1958.55 744.943 658.713 21.3096 13.094 637.404 18.7887 618.615 615.441 357.203 62.568 1898.6 598.631 595.551 345.527 295.997
internal_count=301234 103636 197598 51662 74116 11959 62157 10612 9773 145936 140109 14248 7111 7137 125861 5827 5537 313 210 5224 1068 4156 4106 2676 5663 121480 24542 23194 2554 2292
is_linear=0
shrinkage=0.1


Tree=72
num_leaves=31
num_cat=1
split_feature=86 86 207 198 129 160 223 166 210 60 183 215 148 116 17 95 85 197 237 230 112 201 157 98 176 125 156 156 168 9
split_gain=37.6568 14.9521 7.80431 6.78865 6.74511 6.09551 6.18022 10.5291 7.18479 6.4832 7.13717 7.83859 7.12851 6.31006 5.92268 5.86945 5.73949 5.6162 5.97158 5.52773 5.49106 6.63623 5.2642 6.42507 5.1965 5.88561 5.12237 5.63652 6.47146 6.84591
threshold=-0.93589836359024037 -1.1543014049530027 -0.12349333986639975 -0.14470538496971128 0.0094298603944480437 1.0000000000000002 -0.06284091621637343 0.031088116578757766 0.056661978363990791 1.0000000180025095e-35 -0.014284686185419558 -0.018954393453896042 -0.0035993017954751845 -0.034609317779541009 20.500000000000004 0.053156852722167976 109.50000000000001 1.0000000180025095e-35 0 0.097563937306404128 -0.069320041686296449 0.13218392431735995 0.65648138523101818 -0.0032122905831784006 0.060703637078404434 0.044151527807116515 0.025751547887921337 0.20483683049678805 2.8385879993438725 0.011407009325921537
decision_type=2 2 2 2 2 2 2 2 2 2 2 2 2 2 2 2 2 2 9 2 2 2 2 2 2 2 2 2 2 8
left_child=1 17 3 -2 -5 20 7 -7 22 10 -8 12 14 19 16 -6 -12 18 -1 -13 21 -4 23 -9 -14 -26 -3 28 29 -28
right_child=2 26 5 4 15 6 9 8 -10 -11 11 13 24 -15 -16 -17 -18 -19 -20 -21 -22 -23 -24 -25 25 -27 27 -29 -30 -31
leaf_value=0.053009658175755425 0.019004024178713823 0.012859727300353663 0.071429899508731187 0.10717153538495766 0.024481448965603 -0.066391240246891678 0.089737729980321437 0.09032777692925853 0.015397606338940229 0.093671742771563773 0.064691245608554604 0.049885123673032411 0.037569075900988867 0.083007977127960222 0.46278076691328435 0.092425183111841891 -0.096335244796505265 0.062733201306991934 0.010799550792138304 -0.082875926720875279 0.089299537718437183 -0.057929953088628944 0.10593002432156402 0.048842509265970668 -0.085543249810164604 0.070702115867896986 0.24032937916447661 0.069399667692949182 0.084140708253740606 0.0067718656484311267
leaf_weight=102.05104349963904 10.170462331083852 13.683019217120544 110.0739017774813 336.34367683531309 18.907191902656905 6.0013918560068751 245.96002802954513 62.802666372108661 23.323587256898463 344.70756468515356 76.850810556060196 25.707370959841231 20.421921638188223 227.58024134408083 0.36686350486888741 38.819129605320086 2.279139005745491 211.52579458539003 75.718662462396878 3.5719814486637906 2054.2972554014118 4.1139401309665109 41.089133673434844 92.053481575258729 9.1622202190171702 3.2718130378107153 1.3544394651926293 895.16492556698904 544.80618493134898 17.094020470085525
leaf_count=6803 1519 13342 5264 9835 1863 715 14765 3719 2758 18722 5127 1739 1989 12541 24 2060 271 14920 7684 110 91119 419 218 6951 864 340 808 26414 43848 4227
internal_value=0 0.0691507 0.0865436 0.0996696 0.101751 0.0849614 0.0791945 0.0642882 0.0678648 0.0826928 0.0765409 0.0677495 0.0457183 0.0773861 0.0619118 0.0701715 0.0600533 0.0517222 0.0386203 0.0336887 0.0881131 0.0667693 0.0741101 0.0656671 0.00653735 -0.0444298 0.0737596 0.074331 0.0821682 0.0239191
internal_weight=0 1861.4 3757.88 404.24 394.07 3353.64 1185.15 225.27 219.269 959.88 615.172 369.212 112.353 256.86 79.4968 57.7263 79.1299 389.296 177.77 29.2794 2168.49 114.188 195.945 154.856 32.856 12.434 1472.1 1458.42 563.255 18.4485
internal_count=300978 118046 182932 15277 13758 167655 70853 14361 13646 56492 37770 23005 8615 14390 5422 3923 5398 29407 14487 1849 96802 5683 10888 10670 3193 1204 88639 75297 48883 5035
cat_boundaries=0 2
cat_threshold=134273360 1631914
is_linear=0
shrinkage=0.1


Tree=73
num_leaves=31
num_cat=0
split_feature=86 86 86 170 160 90 172 187 17 141 13 163 0 203 1 74 151 209 184 203 71 143 94 216 109 5 138 130 139 170
split_gain=37.1371 11.1039 6.99779 5.32999 5.11843 6.64825 6.11803 5.98049 7.95036 5.78503 5.33112 7.28735 5.16081 4.93623 4.72657 4.56171 6.10645 4.68902 4.40942 4.5785 4.93945 9.91194 4.38508 4.35636 4.97185 5.04909 4.35288 6.79274 4.29075 4.235
threshold=-0.95728516578674305 -1.1852712035179136 -0.57491785287857045 0.41605599224567419 1.0000000000000002 1.5723809599876406 0.46331852674484258 -0.11706423759460448 8.5000000000000018 -0.024572822265326973 0.030740420334041122 0.3110466748476029 0.3473824411630631 0.17912618815898898 0.082936510443687453 1.0000000180025095e-35 0.024989358149468902 -0.17030312865972516 -0.082743767648935304 0.022128603421151642 0.045804196968674667 -0.0158245051279664 -0.16536332666873929 -0.014964416623115538 0.036845026537776 0.066024884581565871 -0.027722674421966072 0.0098617235198616999 -0.03887928090989589 0.55722075700759899
decision_type=2 2 2 2 2 2 2 2 2 2 10 2 10 2 8 2 2 2 2 2 2 2 2 2 2 10 2 2 2 2
left_child=1 -1 3 14 7 6 9 23 18 -6 11 12 13 29 -2 16 17 -12 19 20 -9 -22 -19 24 -5 -26 27 -25 -28 -7
right_child=2 -3 -4 4 5 10 -8 8 -10 -11 15 -13 -14 -15 -16 -17 -18 22 -20 -21 21 -23 -24 26 25 -27 28 -29 -30 -31
leaf_value=0.052927883300688185 0.11772048291502551 0.073297573900444724 0.097438403321103415 0.11456958763853575 0.10399080482340639 0.08193097760696251 -0.078579170780019858 0.092320230312780666 0.099675766670111146 0.014104448964212316 -0.057710678060749365 0.01532008283858345 0.0085273849118795066 -0.014999850848119623 0.077367088942166873 0.081206395745101412 0.015755668524480269 0.026095026443671995 0.078415157144328465 0.10297325653814562 -0.062165224132205821 0.071071000466868581 0.11087860707980031 -0.01660596554177601 -0.030430978988987629 0.092879964949508356 -0.0010959131166235121 0.10638941517573575 0.095565370642117328 0.04303418653662381
leaf_weight=331.9009732598638 91.065415479828062 1381.6083631457827 551.67540426340929 171.22009326576335 12.20259210923655 284.3726316084601 4.1384552837262154 132.29161397973166 299.95604740757153 17.32698310860701 1.7462783559039952 22.555670897578466 11.600117507598041 5.7994811687440224 42.606039252475966 589.33501958486477 8.0574778443733504 6.3818023054150208 1045.0164162257627 173.38958745641094 6.1038571062395013 65.50848887438292 138.32021753996969 9.512398791572652 4.7364490094491876 11.107861441244493 4.7165252731647334 8.5048194845503513 174.31908504157127 31.047558596588715
leaf_count=24493 3632 83803 23216 4509 1135 16545 255 5470 11899 3486 114 15543 1620 656 1925 22559 512 211 50653 5920 612 3643 3987 1189 822 511 579 349 7976 3433
internal_value=0 0.069352 0.0869973 0.0852896 0.0844821 0.0790618 0.0352901 0.0873973 0.0848809 0.0512484 0.0804025 0.0703271 0.074055 0.0764214 0.104858 0.0852161 0.100511 0.105174 0.0817607 0.0910272 0.0808689 0.0597147 0.107139 0.0986801 0.10961 0.0560178 0.088304 0.0414526 0.0930189 0.0781023
internal_weight=0 1713.51 3924.61 3372.94 3239.27 1132.88 33.668 2106.38 1722.27 29.5296 1099.22 355.375 332.82 321.22 133.671 743.841 154.506 146.448 1422.31 377.294 203.904 71.6123 144.702 384.117 187.064 15.8443 197.053 18.0172 179.036 315.42
internal_count=301257 108296 192961 169745 164188 70056 4876 94132 78197 4621 65180 37797 22254 20634 5557 27383 4824 4312 66298 15645 9725 4255 4198 15935 5842 1333 10093 1538 8555 19978
is_linear=0
shrinkage=0.1


Tree=74
num_leaves=31
num_cat=1
split_feature=86 86 86 176 170 118 79 233 176 100 178 184 4 11 17 157 158 125 161 114 10 237 106 225 115 180 168 99 185 180
split_gain=45.432 11.2669 6.93596 6.62154 6.34125 7.416 6.86614 7.72985 6.53628 5.40147 5.26208 5.17858 4.79792 4.77969 5.39064 6.06498 5.43542 5.8028 6.04281 4.75661 4.74368 8.48627 5.46904 7.28526 5.37455 6.62739 5.50196 7.6439 4.88027 4.72656
threshold=-0.94727969169616688 -1.1852712035179136 -0.79820320010185231 -0.19846734404563901 0.45455265045166021 -0.057051233947277062 0.3450328409671784 0.11730680242180826 0.0093730785883963125 0.013657384086400272 0.007203073240816594 0.19644133001565936 0.03809869475662709 0.052770815789699561 9.5000000000000018 0.50722458958625805 0.36666667461395269 0.02702349424362183 2.6733570098876958 -0.0045652014669030896 553.50000000000011 0 -0.038567228242754929 -0.033682385459542268 0.035253698006272323 0.12443700060248376 3.8886543512344365 0.065321139991283431 -0.1938718110322952 -0.11728517711162566
decision_type=2 2 2 2 2 2 2 2 2 2 2 2 8 10 2 2 2 2 2 2 10 9 2 2 2 2 2 2 2 2
left_child=1 20 29 -4 5 19 8 12 -6 10 -10 -12 -8 14 15 16 -5 -18 -19 -3 21 -1 23 -23 26 -26 28 -28 -24 -2
right_child=2 4 3 13 6 -7 7 -9 9 -11 11 -13 -14 -15 -16 -17 17 18 -20 -21 -22 22 24 -25 25 -27 27 -29 -30 -31
leaf_value=0.0042688496160855722 0.091621921904512973 0.062711180241853001 0.10878291240580751 0.05179532527436758 0.056800191328821671 0.091790196138804958 -0.002287259588120719 -0.095800419742913923 0.073572246375956149 0.081767083040108768 0.050542501725317615 -0.063662884658370819 0.093696329203121917 0.097318853693598634 0.10102536680151633 0.086303713418622724 0.075600536610250221 0.97113464103159597 0.16674904619007197 -0.086074019112674205 0.068168856512942341 -0.015261461181961972 -0.11553216279742778 0.10623963677046309 -0.057969496621599607 0.092234354350852546 0.11039540321910842 -0.070854740013818668 0.044345466241728644 0.079129365344321412
leaf_weight=58.920889046964476 408.77260420101493 4.9158492064061647 191.55358686398495 97.248902490500882 435.64756749929757 202.9727125860511 5.3840759030435938 2.2563387261388916 187.20194997582348 322.37239783095629 112.53169736787208 4.1156404464527432 159.11753960436045 554.50107267751446 218.86956114971372 1191.84699420066 23.554965116010866 0.094597907998830943 7.327085095328016 3.8172115477209427 111.34739097543388 5.763414568575171 1.9589983813657443 34.332246211301026 9.6799304001506226 4.2173249953457335 24.150779324954787 2.5748703596782425 75.221597843536529 1168.9029285771517
leaf_count=6797 19550 306 10846 27870 31532 11544 2347 238 10381 17145 8273 684 5661 17001 9426 33316 4776 33 1792 360 2858 861 488 1968 1635 441 831 260 8282 63583
internal_value=0 0.0681135 0.0874658 0.0909869 0.0719234 0.087908 0.0691691 0.0880333 0.0662066 0.0727505 0.0631842 0.046513 0.0905548 0.0893586 0.0864904 0.0840804 0.0634153 0.0998952 0.177002 -0.00232267 0.0513917 0.0427758 0.0534871 0.0887749 0.0460168 -0.0123879 0.0538284 0.0929329 0.0402875 0.0823662
internal_weight=0 1768.5 3862.67 2285 1440.33 211.706 1228.63 166.758 1061.87 626.222 303.849 116.647 164.502 2093.44 1538.94 1320.07 128.226 30.9766 7.42168 8.73306 328.167 216.82 157.899 40.0957 117.804 13.8973 103.906 26.7256 77.1806 1577.68
internal_count=301085 112892 188193 105060 88471 12210 76261 8246 68015 36483 19338 8957 8008 94214 77213 67787 34471 6601 1825 666 24421 21563 14766 2829 11937 2076 9861 1091 8770 83133
cat_boundaries=0 2
cat_threshold=161684486 4565444
is_linear=0
shrinkage=0.1


Tree=75
num_leaves=31
num_cat=0
split_feature=86 86 86 74 158 170 157 92 90 214 104 157 156 180 102 170 79 171 217 137 174 193 150 1 115 184 110 136 229 171
split_gain=35.0238 9.34102 6.5976 6.51737 6.11901 5.76678 5.94203 6.15076 7.8863 5.72476 5.67136 5.6022 8.07433 7.03561 6.23006 6.22527 5.44368 5.16026 5.04115 7.30081 6.06976 4.93509 6.11085 11.827 6.08998 5.92644 7.47379 6.03493 4.91181 4.85147
threshold=-0.96732068061828602 -1.254555284976959 -0.57491785287857045 0.39471396803855902 0.22500000149011615 0.49815694987773901 0.50722458958625805 0.88909947872161876 2.102357149124146 0.060848224908113487 -0.21214935928583142 0.52937316894531261 0.12864215672016147 -0.13870041817426679 0.077516414225101485 0.56049746274948131 0.3081014752388001 -0.13346459716558454 -0.044155208393931382 0.0064793713390827188 0.42637568712234503 0.020326741971075538 -0.055647471919655793 0.0078672047238796967 0.0079894009977579134 -0.27397856116294855 0.063097529113292708 -0.056575996801257127 0.01700602658092976 -0.089991550892591463
decision_type=2 2 2 2 2 2 2 2 2 2 2 2 2 2 2 2 2 2 2 2 2 2 2 10 2 2 2 2 2 2
left_child=1 4 5 11 9 10 7 -7 -9 -1 29 12 15 14 -14 18 -12 -5 20 -20 28 22 23 -8 25 26 -23 -27 -3 -2
right_child=2 3 -4 17 -6 6 21 8 -10 -11 16 -13 13 -15 -16 -17 -18 -19 19 -21 -22 24 -24 -25 -26 27 -28 -29 -30 -31
leaf_value=0.038499130713095013 -0.10614849228741199 0.070711544328094747 0.095933141448819259 0.0984513521812167 0.062110038015707407 0.091541526388658367 -0.10479829460925705 0.017103160158549142 0.086265473099326223 -0.031712563515690004 0.085386611445739807 0.078305366359220224 0.054181246558365287 0.034154908999875631 0.14166259511323895 -0.024171905511311324 0.098995711246052776 0.051749773960490665 0.076265965958356274 0.13324538829654414 0.47028722985164451 -0.04634823507169928 0.078380879080104562 0.091921920452567418 0.095688444599885 -0.071290406461373468 0.091766771309604839 0.082243716578439527 -0.008578056328258506 0.074672560349970496
leaf_weight=59.846204227717863 2.735710466123237 29.141661928266785 552.04957864375774 26.380278093093239 108.80164053956287 36.517616893385366 5.3280029243519476 47.26976831065781 25.316644951431726 14.408788109684791 964.12173402928124 859.36152835889152 23.144827991682178 115.41181922195938 12.557543254017217 5.6241240497201934 422.82683482350626 229.41294168497916 68.79454906462388 33.407119020037726 0.34570513722701335 8.3338923857390892 1068.7298065584009 7.1674777407861257 452.52130052785151 2.5774415418945855 7.3940734038478686 381.22809043507459 10.674726726939523 3.2424439817768862
leaf_count=6738 160 4897 23244 4745 6197 16468 333 18096 8359 1856 46019 20433 2943 13409 682 3404 24316 13750 14475 6906 62 310 35903 200 10938 143 114 12937 3129 232
internal_value=0 0.0682616 0.085786 0.0710129 0.047006 0.0841554 0.0807718 0.0580665 0.0412255 0.0248749 0.0891166 0.0742028 0.0624154 0.046156 0.0849509 0.0790183 0.0895355 0.0565662 0.0830948 0.0948911 0.0530765 0.0820531 0.077568 0.00804152 0.0877446 0.0787472 0.0185828 0.0812127 0.0494541 -0.00807439
internal_weight=0 1597.31 3987.36 1414.26 183.057 3435.31 2042.38 109.104 72.5864 74.255 1392.93 1158.46 299.102 151.114 35.7024 147.988 1386.95 255.793 142.364 102.202 40.1621 1933.28 1081.23 12.4955 852.055 399.533 15.728 383.806 39.8164 5.97815
internal_count=301398 103626 197772 88835 14791 174528 103801 42923 26455 8594 70727 70340 49907 17034 3625 32873 70335 18495 29469 21381 8088 60878 36436 533 24442 13504 424 13080 8026 392
is_linear=0
shrinkage=0.1


Tree=76
num_leaves=31
num_cat=0
split_feature=93 171 157 103 156 157 96 121 126 63 157 132 94 116 4 156 157 79 156 208 159 165 170 193 143 132 161 148 230 6
split_gain=25.24 11.5494 11.0667 8.08815 7.78697 9.30577 8.59816 8.04908 6.78806 6.57185 6.48944 6.3898 6.31429 6.4719 6.27344 6.14375 5.7369 5.54698 5.50258 5.83913 6.32277 5.47838 5.68086 5.64678 5.94514 5.51267 6.13256 6.1056 5.09807 8.11505
threshold=0.068085435777902617 -0.072184044867753969 0.46833918988704687 0.10245418176054956 0.2327174320816994 0.58115372061729442 -0.020316325128078457 0.065653946250677123 -0.011836237274110315 -0.010310997255146502 0.56416428089141857 -0.042562549933791154 0.052945258095860488 -0.031716231256723397 0.34848485887050634 0.5317540466785432 0.3699756413698197 0.3081014752388001 0.27311578392982488 -0.070323191583156572 0.036155056208372123 86.500000000000014 0.57049536705017101 -0.13579269498586652 0.0268859351053834 -0.0019454310531727967 3.5188035964965825 -0.048966564238071435 -0.096067078411579118 0.104491263628006
decision_type=2 2 2 2 2 2 2 2 2 2 2 2 2 2 10 2 2 2 2 2 2 2 2 2 2 2 2 2 2 10
left_child=3 16 -3 4 6 8 7 -1 12 -4 14 -10 15 -14 -8 -6 -2 18 -5 -20 -21 22 -18 24 -23 -24 27 -27 29 -7
right_child=1 2 9 17 5 28 10 -9 11 -11 -12 -13 13 -15 -16 -17 21 -19 19 20 -22 23 25 -25 -26 26 -28 -29 -30 -31
leaf_value=0.11024237706389139 0.0068029837968563659 0.028794373672363829 0.077352622886802391 0.07685425753049116 0.098833826784464826 0.078685107949964278 0.076144627176004231 0.075191726827312511 0.0067799387439575962 0.062773595641558613 0.099162694209912833 0.063767733338565738 -0.080831160727663054 0.061456125499657427 0.2366709628870404 0.00774971400413364 0.091805825819470402 0.089289298070054368 0.092781576150781142 -0.17557458526845868 0.043926683762742585 0.12779984847814557 0.08241956740129032 0.057629000945884301 -0.082380834771396308 0.10526536810561163 0.10077069122022622 -0.030171827396587043 0.089310263076333621 -0.0093983249378966974
leaf_weight=421.2732013300531 9.9043863675972243 72.674851022785788 534.54185541011839 310.32100221738301 135.70389193810661 50.14706900393503 316.32051046222432 77.582749471070429 22.322420058775606 733.43016777161711 239.54513630155088 165.92435445518458 3.4980301366995254 37.107180206163321 2.4533996587579159 7.8328425053186939 494.32101246182151 213.94946631628773 27.828260659158332 1.3298826533718955 99.255059068564151 19.792111445756749 52.349456900896257 121.84058916008416 1.4439721350572643 4.2051730425846499 8.167178468205746 15.966579230877871 1406.8209489552446 13.215736493111761
leaf_count=42652 8664 21585 17810 24365 7568 1112 43484 7284 2517 26831 3515 12798 470 2416 857 1016 31412 10421 776 103 3148 442 3741 6329 96 191 1131 1932 16498 264
internal_value=0 0.0722507 0.0667446 0.0861453 0.0884091 0.0844839 0.0952505 0.104791 0.0703633 0.0689197 0.0867259 0.0570101 0.0840143 0.0491985 0.0773801 0.0938633 0.0823905 0.0760878 0.0696501 0.0522407 0.0410246 0.0834331 0.08779 0.0659229 0.113508 0.0631882 0.0276627 -0.00193745 0.0880605 0.0603133
internal_weight=0 2068.64 1340.65 3552.43 2899.75 1842.57 1057.17 498.856 372.389 1267.97 558.319 188.247 184.142 40.6052 318.774 143.537 727.99 652.684 438.734 128.413 100.585 718.086 575.009 143.077 21.2361 80.6884 28.3389 20.1718 1470.18 63.3628
internal_count=301428 120164 66226 181264 142451 44659 97792 49936 26785 44641 47856 15315 11470 2886 44341 8584 53938 38813 28392 4027 3251 45274 38407 6867 538 6995 3254 2123 17874 1376
is_linear=0
shrinkage=0.1


Tree=77
num_leaves=31
num_cat=0
split_feature=86 86 86 132 157 161 94 189 17 152 77 157 171 93 213 192 204 233 199 114 5 174 129 124 145 142 67 46 190 50
split_gain=38.1978 12.4884 6.9025 6.349 6.13412 6.60408 6.58786 5.48772 5.2929 5.26685 5.02931 5.02579 6.52303 5.94094 6.08018 5.91162 5.77145 5.99048 5.31091 5.2689 5.04271 5.66481 7.4899 5.0488 4.93821 5.26493 6.28539 4.93222 6.25064 4.90244
threshold=-0.95728516578674305 -1.1543014049530027 -0.78950834274291981 -0.014032116625458 0.46462488174438482 3.6289408206939702 -0.11409469693899153 0.17118614166975024 8.5000000000000018 0.054418703541159637 0.34549072384834295 0.6861170530319215 0.013746987096965315 0.057955680415034301 0.090882450342178359 -0.14707873016595838 0.035876683890819556 0.11730680242180826 -0.20245619118213651 0.026838583871722225 0.090593434870243086 -0.21521648764610288 0.043140865862369544 0.058603093028068549 0.0035002800868824129 -0.011057481635361908 1.0150431990623476 1.0000000180025095e-35 -0.059307958930730813 1.0000000180025095e-35
decision_type=2 2 2 2 2 2 2 2 2 2 2 2 2 2 2 2 2 2 2 2 10 2 2 2 2 2 2 2 2 2
left_child=1 3 11 -1 6 24 -3 8 -4 -9 -8 12 16 14 18 -15 20 29 -14 -19 21 22 23 -2 -6 26 -26 -17 -29 -18
right_child=2 4 7 -5 5 -7 10 9 -10 -11 -12 -13 13 15 -16 27 17 19 -20 -21 -22 -23 -24 -25 25 -27 -28 28 -30 -31
leaf_value=0.077503168926868538 0.055242107464361659 0.12186757417842593 0.08644464543722627 0.046102654323078585 0.088684149172977567 0.067645298412936219 0.035270085373433936 0.11120262834704087 0.099778262997324327 0.0010332735753052023 0.32022888852162246 0.098610064805372183 -0.147748531081868 -0.016769205163711529 -0.028933425793729102 0.068914060834402768 0.069317099177574643 0.040615120833635561 0.091285211434606925 -0.14673336753623525 0.09914748318386328 0.087227284899071375 0.14297085231820483 -0.12964275984241791 -0.0096652069727559756 0.083614911726401647 0.06290131053320025 0.077428365929928022 -0.0045953878553142233 0.098278605328066926
leaf_weight=81.595564580331938 89.566230518468728 10.535127025005293 1640.8801342097756 305.40816951886927 409.18955869734555 601.40438485238292 76.658155681764129 155.26577847213457 363.70067723924444 4.4641627900173253 0.62440606867585202 162.51619403871882 0.9366686361918245 10.064460895041064 4.4973527428091975 171.97122808142854 300.79408351465804 4.7228724570763907 121.48262365731011 2.2005730719806706 276.89215443350827 493.9243498356534 10.096755598605339 1.5017835344260664 14.43512831926091 110.63116000285481 68.944124221751281 15.816431480215213 22.517481795429603 72.54428609855222
leaf_count=5266 4899 3955 79331 24069 14464 22571 29624 6002 14644 249 305 1017 44 802 1190 9498 19778 462 10547 205 12280 25033 259 212 721 4211 2951 650 1885 3938
internal_value=0 0.0684817 0.0865021 0.0527231 0.0732005 0.0750606 0.047685 0.0902852 0.0888638 0.108124 0.0375724 0.0818552 0.0801529 0.0680265 0.0852611 0.0581007 0.0835159 0.0732355 0.0894563 -0.0189324 0.087999 0.0828117 0.0612533 0.0521932 0.0824539 0.0693137 0.0503381 0.0616837 0.0292473 0.0749447
internal_weight=0 1679.43 3926.36 387.004 1292.42 1204.6 87.8177 2164.31 2004.58 159.73 77.2826 1762.05 1599.53 347.286 126.917 220.37 1252.24 380.262 122.419 6.92345 871.981 595.089 101.165 91.068 603.2 194.01 83.3793 210.305 38.3339 373.338
internal_count=301062 108137 192925 29335 78802 44918 33884 100226 93975 6251 29929 92699 91682 24616 11781 12835 67066 24383 10591 667 42683 30403 5370 5111 22347 7883 3672 12033 2535 23716
is_linear=0
shrinkage=0.1


Tree=78
num_leaves=31
num_cat=0
split_feature=86 86 157 93 156 179 157 163 122 104 160 170 167 113 5 17 159 157 170 11 157 5 130 138 11 183 125 124 71 231
split_gain=39.7429 11.5181 7.11958 6.19019 5.67157 8.01752 7.24037 7.01611 8.72432 5.89905 5.57793 7.79179 6.53018 5.78431 7.08724 5.62849 6.26805 5.53186 6.0954 5.37756 5.48889 6.35832 7.41719 6.38311 5.47527 5.46392 5.94975 5.76113 5.33798 5.21585
threshold=-1.1183982491493223 -0.73814862966537464 0.38639315962791448 0.41272683441638952 0.17512886226177218 -0.2901818305253982 0.6861170530319215 1.0000000180025095e-35 0.013794703409075739 -0.085178598761558519 1.0000000000000002 0.44593857228755956 2.5000000000000004 -0.053588772192597382 0.091094873845577254 9.5000000000000018 1.1382135152816775 0.6036476492881776 0.57049536705017101 0.046444220468401916 0.5750851333141328 0.090593434870243086 -0.01799750421196222 -0.022473359480500218 0.026966428384184841 -0.0028086920501664277 0.0074452722910791644 -0.036806263029575341 0.030536131002008918 -0.11660461127758025
decision_type=2 2 2 2 2 2 2 2 2 2 2 2 2 2 10 2 2 2 2 10 2 8 2 2 10 2 2 2 2 2
left_child=10 2 -2 4 5 9 19 -8 -9 -4 -1 -12 13 -13 15 16 -15 18 -7 20 21 22 -6 -23 -24 29 -27 -28 -20 -25
right_child=1 -3 3 -5 6 17 7 8 -10 -11 11 12 -14 14 -16 -17 -18 -19 28 -21 -22 23 24 25 -26 26 27 -29 -30 -31
leaf_value=0.063397594609637994 0.028629711378973743 0.091659779806533295 -0.04178313821612567 0.057371576634998533 0.07180135066266484 0.089543595725175396 0.098957991149740007 -0.056868168692653355 0.090569046055096122 0.062309748058780368 0.091739922439204633 0.086484171545380586 -0.033082487600060669 -0.030943819722284212 0.051583277050057108 -0.091054531708804148 0.047430955787328977 0.10982127960858645 -0.014265886742047687 0.085465958926395427 0.078369928223150698 0.099578696179444204 0.055048405486893749 0.14672902333985599 0.0049000981106495237 0.09743628830284673 0.10349974679295643 0.019230282043465049 0.073431367244699827 0.033323255583869199
leaf_weight=367.95434046793298 25.254919045720271 1666.5485668882648 6.3526776169765062 99.710598306086467 78.408839324566543 791.23928272442799 264.40778497903375 6.6364627288567162 10.154366691902394 38.072869024585771 26.47452742191399 21.966147654252381 13.639121843942574 17.859944819677366 66.176887028448618 5.8320212710086698 23.805321250159068 132.80234480681793 10.324687688280848 637.26217281363824 992.00106939173747 73.196789362558775 42.581229724560217 4.354343370832793 44.550229874090292 62.565790424407169 12.05535874187626 24.806231954718896 21.176660709413454 59.112354110300657
leaf_count=23790 19381 75687 1326 4733 7161 78523 1249 330 210 4392 1714 1249 3457 3667 3368 783 1209 1050 3982 13928 17793 4160 8926 205 2479 3209 608 2521 4332 5569
internal_value=0 0.0848374 0.0815294 0.0819209 0.08266 0.0889524 0.0799386 0.0949775 0.0322955 0.0474249 0.0563974 0.041742 0.0328749 0.0395072 0.0304295 0.000956313 0.0138354 0.0908831 0.0878262 0.0778563 0.0743767 0.0645136 0.0494876 0.0750495 0.0294076 0.0640273 0.0786598 0.0467901 0.0446883 0.0411038
internal_weight=0 5103.58 3437.03 3411.77 3312.06 999.969 2312.09 281.199 16.7908 44.4255 543.708 175.754 149.279 135.64 113.674 47.4973 41.6653 955.543 822.741 2030.89 1393.63 401.631 165.54 236.091 87.1315 162.894 99.4274 36.8616 31.5013 63.4667
internal_count=300991 261754 186067 166686 161953 93605 68348 1789 540 5718 39237 15447 13733 10276 9027 5659 4876 87887 86837 66559 52631 34838 18566 16272 11405 12112 6338 3129 8314 5774
is_linear=0
shrinkage=0.1


Tree=79
num_leaves=31
num_cat=0
split_feature=86 86 183 86 129 202 170 157 93 186 11 193 156 173 148 157 96 213 116 127 106 6 196 132 116 0 185 191 8 107
split_gain=35.026 15.3955 5.75014 6.07509 5.63517 7.0129 5.58915 5.9148 6.13107 6.01304 5.16232 5.04632 4.86344 8.70551 6.13597 5.62058 4.98959 6.12555 5.15153 4.90374 4.84613 4.8305 4.81865 5.31116 4.76855 4.70313 4.6953 4.79855 4.66154 4.54374
threshold=-1.0724866986274717 -0.76415729522705067 0.024958632886409763 -1.254555284976959 -0.023254232481122013 -0.1117989458143711 0.42755009233951574 0.6861170530319215 0.33721725642681127 -0.058562541380524628 1.0000000180025095e-35 -0.067559357732534395 0.25116822123527532 0.064941428601741805 0.037780757993459708 0.45718969404697424 0.050082484260201461 0.02230189181864262 -0.0083910347893834097 0.070398811250925078 -0.067660335451364503 1.0000000180025095e-35 0.041833888739347465 0.043813161551952369 -0.042018003761768334 0.24459984153509143 -0.055187338963150971 0.13519497960805896 0.29033310711383825 0.0864560902118683
decision_type=2 2 2 2 2 2 2 2 2 2 8 2 2 2 2 2 2 2 2 2 2 8 2 2 2 10 2 2 8 2
left_child=2 6 3 26 -4 24 -2 12 -9 -10 -5 28 15 14 16 -8 17 18 19 -14 21 -13 23 -19 -6 -16 -1 -28 -12 -25
right_child=1 -3 4 10 5 -7 7 8 9 -11 11 20 13 -15 25 -17 -18 22 -20 -21 -22 -23 -24 29 -26 -27 27 -29 -30 -31
leaf_value=0.078665946100941714 0.097524587735893412 0.091264155599056374 0.035857568701411789 -0.040971645197795219 0.088462622342630873 0.065787651261562261 0.057766146181023263 0.10023377616548329 0.014115670706669454 0.081425282597597015 0.069033687834627697 0.35644853447013036 0.063681178621223231 0.080569509169578363 -0.11412766016863929 0.082799821688571251 0.074460120819203932 0.08401274202155902 0.023364631284872508 -0.098157718618381115 0.079273011918831501 0.11651176991156496 0.024837147015539102 -0.15245407387600535 -0.055265256660267797 0.038723324781218031 0.039615683421200851 -0.062422925981478375 0.0099312767586913504 0.12084414616254956
leaf_weight=31.779147147932235 165.30102029151112 1875.7200657884887 135.33880368435075 3.7247910455985211 3.2153584658626633 212.88726039699486 96.676130763301671 226.76231660773919 16.11701481838827 75.189285477914382 51.688277150140948 0.86681889439387561 77.110907559610496 575.83392912707586 3.3354279502709669 1240.6890638226803 249.53368416443118 100.01363650909843 76.639771927646507 1.9188306860523869 212.48199311043163 26.211081251063661 18.498838819625234 1.765495805677346 8.1832820539066216 5.0773867163807154 58.87672687338727 5.000121500424938 17.989631223810193 0.9281362072797491
leaf_count=2922 8162 85312 9270 4994 212 13216 47462 1113 387 703 3195 136 2353 20651 217 67655 5955 2311 3307 68 10727 968 969 105 1287 135 5023 542 1855 10
internal_value=0 0.0841895 0.0611941 0.0693104 0.0519721 0.061696 0.0796625 0.0785951 0.0914238 0.0695441 0.0760514 0.077461 0.0769283 0.0720373 0.0628507 0.0809902 0.0642048 0.0549622 0.0418375 0.0597518 0.0843504 0.124193 0.0718188 0.0802808 -0.0147221 -0.0218775 0.0472553 0.0316284 0.0537745 -0.0582846
internal_weight=0 4807.11 768.243 408.619 359.625 224.286 2931.39 2766.09 318.069 91.3063 312.963 309.238 2448.02 1110.66 534.822 1337.37 526.409 276.876 155.67 79.0297 239.56 27.0779 121.206 102.707 11.3986 8.41281 95.656 63.8768 69.6779 2.69363
internal_count=301222 246875 54347 30362 23985 14715 161563 153401 2203 1090 21875 16881 151198 36081 15430 115117 15078 9123 5728 2421 11831 1104 3395 2426 1499 352 8487 5565 5050 115
is_linear=0
shrinkage=0.1


Tree=80
num_leaves=31
num_cat=0
split_feature=86 86 86 156 133 71 195 116 164 198 170 96 197 201 107 211 201 110 220 106 11 117 70 193 200 122 98 210 17 223
split_gain=31.3409 12.7037 6.00006 5.10596 6.11714 7.19392 5.16187 5.57475 6.11105 6.19398 4.99738 6.33624 5.31305 4.85824 5.91397 7.70044 5.58276 5.86158 5.83344 4.954 6.41956 5.3893 5.24721 4.80576 4.77407 6.72773 7.49311 6.58496 5.83015 5.34997
threshold=-0.95728516578674305 -1.1852712035179136 -0.57491785287857045 0.14523021876811984 0.0038539917441084985 0.29583333432674414 -0.094100221991538988 -0.067582961171865449 3.8606742620468144 0.011855851393193008 0.47530725598335272 -0.14268178492784497 -0.07683053612709044 -0.038684505969285958 -0.048118628561496728 -0.05683684162795543 0.010286363773047926 -0.060783743858337395 0.084424681961536421 0.0024170374963432555 0.052770815789699561 0.036636576056480415 7.5000000000000009 -0.040701236575841897 0.036189926788210876 0.033102417364716537 0.039438316598534591 0.0830853506922722 31.500000000000004 0.071691568940877928
decision_type=2 2 2 2 2 2 2 2 2 2 2 2 2 2 2 2 2 2 2 2 8 2 2 2 2 2 2 2 2 2
left_child=1 -1 3 4 5 23 -5 8 -8 -10 11 -3 -12 14 15 -14 17 -15 -18 20 22 -22 -16 -2 28 26 29 -28 -9 -26
right_child=2 10 -4 6 -6 -7 7 24 9 -11 12 -13 13 16 19 -17 18 -19 -20 -21 21 -23 -24 -25 25 -27 27 -29 -30 -31
leaf_value=0.052390481139985769 0.10063887046295279 0.11889475535031196 0.095867918116704795 0.091977275483029641 0.10497486673032251 -0.084862231318877462 0.093154028215925277 0.084612285183753161 0.044752847201163327 -0.065005785382956358 0.082567505248723527 0.079338892715867873 -0.071663106149707667 -0.031216250536386842 -0.053264472523558197 0.11027152535497647 0.066258861242993933 0.087577372378378773 -0.0064838349565180045 0.060127278063115679 0.078206032780879051 -0.03547795056999347 0.024558394133451723 0.079509057167859068 0.060806726376806446 0.088497237302357867 0.085694076691902044 0.014249446637060828 -0.15261004625502783 0.0175267019542894
leaf_weight=328.76889349565818 160.747851732036 47.270850994923421 563.60635913368515 485.30407374764582 245.42899672843373 2.4625124333506383 15.652586469374908 1456.8455493455594 18.159792434445993 7.1721714288723879 281.88737215774381 282.54777871284114 2.5378328840988642 4.2450114240928079 12.441043002578224 27.924242590931499 315.6136868882636 192.9682451175172 11.423170434976326 121.05110644805791 27.078589680466393 4.9290227311730623 28.537038589994154 325.80033845896128 194.26096308225442 216.88856291177581 189.89522263662911 13.841030580053483 1.0367591980611894 33.484178942489962
leaf_count=24572 19529 2242 23270 13660 31496 263 839 43612 489 300 14782 17784 284 518 1487 909 21021 9953 2799 7394 1456 371 2597 38289 7168 5436 5974 790 27 1759
internal_value=0 0.0700313 0.0863184 0.0847199 0.0920926 0.0856271 0.082663 0.0805579 0.0440305 0.0136772 0.0742944 0.0850082 0.0708658 0.0664604 0.054151 0.0951143 0.0717316 0.0850203 0.063718 0.0477202 0.0271422 0.0606992 0.000931187 0.08649 0.0812686 0.0741296 0.0669076 0.0808404 0.0844436 0.0544435
internal_weight=0 1689.22 3930.59 3366.98 734.44 489.011 2632.54 2147.24 40.9846 25.332 1360.45 329.819 1030.64 748.749 224.499 30.4621 524.25 197.213 327.037 194.037 72.9857 32.0076 40.9781 486.548 2106.25 648.37 431.481 203.736 1457.88 227.745
internal_count=301070 108169 192901 169631 89577 58081 80054 66394 1628 789 83597 20026 63571 48789 14498 1193 34291 10471 23820 13305 5911 1827 4084 57818 64766 21127 15691 6764 43639 8927
is_linear=0
shrinkage=0.1


Tree=81
num_leaves=31
num_cat=0
split_feature=93 104 157 181 138 206 0 148 171 157 157 174 95 233 118 125 190 171 158 5 190 63 189 155 157 3 105 131 177 125
split_gain=19.5534 10.9177 6.76431 7.02877 6.44059 6.05087 5.88438 6.24464 5.83053 7.692 7.57979 6.70686 5.66323 5.50448 5.99666 5.65709 5.46209 7.66103 5.27263 6.67199 5.31384 5.34982 5.11805 5.08236 5.08671 5.06019 6.88991 6.1345 5.65667 5.27087
threshold=0.18131834268569949 -0.085178598761558519 0.62373504042625438 0.069186758249998107 0.06682343035936357 0.091853566467762007 0.32392686605453497 0.010179089382290842 0.25678549706935888 0.6861170530319215 0.59552291035652172 -0.03301823511719703 0.041360979899764068 0.056021368131041534 -0.039665794000029557 -0.032364226877689355 -0.12775906175374982 -0.14936441928148267 0.18333333730697635 0.090593434870243086 0.17143241316080096 0.42186799645423895 -0.096181910485029207 0.035979406908154495 0.37888260185718542 0.24379356950521472 0.18358709663152697 -0.057902820408344262 0.077092017978429808 0.010976326186209919
decision_type=2 2 2 2 2 2 10 2 2 2 2 2 2 2 2 2 2 2 2 10 2 2 2 2 2 10 2 2 2 2
left_child=1 2 3 -1 5 -5 -4 -8 10 11 16 13 18 -10 -15 -16 17 -2 19 -3 21 -20 -14 24 -18 26 -24 -27 -29 -30
right_child=8 12 6 4 -6 -7 7 -9 9 -11 -12 -13 22 14 15 -17 23 -19 20 -21 -22 -23 25 -25 -26 27 -28 28 29 -31
leaf_value=0.073309147546542691 0.099744502121370482 0.06066872558402453 0.091244318859650439 0.040292129293118123 -0.098797786786508801 0.091861918502794626 0.054269350177423487 -0.12365878048469198 0.041481266266470418 0.070801312015398896 0.095989878921909619 -0.0094932704899160624 0.10067102493514141 -0.11155523752021618 -0.049950340860730219 0.10376037973894713 0.0024061647213583083 0.0085518568966380468 0.084578671935697666 0.087147354488014264 0.1064580968408072 0.060063184218928548 0.090457547207235964 0.12027269254974692 0.071582368676833805 -0.019736180400592773 -0.034656907248398268 0.083448094353180291 0.0051761001304351144 0.073892774424794125
leaf_weight=459.47482497721467 13.05100801416347 234.42655544025638 231.4103439490209 110.20986184693083 2.9332440843691066 28.671526478323358 16.616639939758901 2.2381953755975692 134.81919844476579 261.81741564668482 130.18969201103027 20.562033071976657 335.99451960258853 1.4950465821166279 2.5779168306471538 33.621551320367871 10.912948461688073 31.320250522694323 1212.3623783553323 160.18855042925634 102.16926915206886 96.067414056582493 1198.2636271033077 20.932914554035051 409.63078391919271 6.5809719945591487 4.4177070326245476 265.00791824318253 19.037786553424667 26.983809832503994
leaf_count=37700 1833 21883 1464 7995 464 1679 275 65 7424 3266 1075 1841 15949 123 181 730 9442 4591 56998 10904 3874 5051 53825 1979 33996 748 406 11498 1850 1994
internal_value=0 0.0832514 0.0730525 0.0673026 0.0478414 0.0509385 0.0868674 0.0331481 0.0682211 0.0596345 0.0745616 0.0444919 0.0856234 0.0509264 0.0847083 0.092814 0.0688196 0.0353745 0.0816353 0.0714174 0.0844938 0.0827787 0.0895017 0.0721811 0.0697873 0.0870332 0.089998 0.0758066 0.0778282 0.0454667
internal_weight=0 4513.06 851.555 601.289 141.815 138.881 250.265 18.8548 1070.93 454.893 616.038 193.076 3661.5 172.514 37.6945 36.1995 485.848 44.3713 1805.21 394.615 1410.6 1308.43 1856.29 441.477 420.544 1520.29 1202.68 317.61 311.03 46.0216
internal_count=301103 234622 49642 47838 10138 9674 1804 340 66481 13565 52916 10299 184980 8458 1034 911 51841 6424 98710 32787 65923 62049 86270 45417 43438 70321 54231 16090 15342 3844
is_linear=0
shrinkage=0.1


Tree=82
num_leaves=31
num_cat=0
split_feature=86 86 93 172 193 94 185 210 153 120 65 190 110 157 74 176 207 129 95 69 173 108 168 17 66 233 81 93 17 113
split_gain=38.4991 12.7603 6.2608 7.09357 6.05392 5.23019 5.22997 5.12459 7.2992 5.54971 5.01943 4.64772 5.17903 4.38519 5.75173 4.12634 4.07072 8.08363 6.24606 5.50385 6.15566 4.85604 4.68077 4.75532 4.49622 4.32598 4.18959 4.06762 4.09696 3.99668
threshold=-0.93589836359024037 -1.1852712035179136 0.36510318517684942 -0.017159350216388699 -0.22743408381938932 0.01044440269470215 -0.21579129248857495 -0.13823829591274259 0.0040737607050687083 -0.046785902231931679 1.0000000180025095e-35 1.0000000180025095e-35 0.015667445957660679 0.63768562674522411 0.65255734324455272 0.017287881113588813 -0.074531842023134218 -0.038562646135687821 0.082322571426630034 2.2100144624710087 0.18987478315830233 0.040659986436367042 2.7987183332443242 31.500000000000004 0.28282652795314794 -0.050806686282157891 0.24025316536426547 -0.023878107778728005 11.500000000000002 -0.036048129200935357
decision_type=2 2 2 2 2 2 2 2 2 2 2 2 2 2 2 2 2 2 2 2 2 2 2 2 2 2 2 2 2 2
left_child=1 -1 7 4 -4 10 -2 8 9 -3 -5 -6 15 14 -9 -13 17 25 29 24 -21 22 -18 -24 -20 -8 -22 -27 -29 -19
right_child=6 2 3 5 11 -7 16 13 -10 -11 -12 12 -14 -15 -16 -17 21 18 19 20 26 -23 23 -25 -26 27 -28 28 -30 -31
leaf_value=0.050681928728674268 0.10548153823779359 0.088638086854640502 0.4182141544102555 -0.056209172416892321 0.047632816105258144 0.09677820991576834 0.076189017568654455 0.072473998604138196 0.066784844107112981 -0.074733033500271148 0.059951842955520598 0.089203103590711708 -0.051679804560357645 0.087136772045858235 0.18292286786500711 -0.021487219513222647 0.068608108596654171 0.049564303231477452 -0.10373506306097109 0.11756582859665232 0.08821344841913939 0.073957643213519914 0.08696420178937786 -0.11138684187468353 0.067059133131102774 0.1276909420094329 -0.10056308264847853 0.10130977500960148 -0.033406133299763628 0.08124853084846452
leaf_weight=320.74546732180033 139.74043978811051 2.8280566285516215 0.4070727964881361 4.0709325330744823 56.458104672017726 48.141571314592966 34.377126086583758 1013.1320779443204 25.860063514559442 7.8537049321475916 43.142074131909339 7.357856442623417 11.982029224996039 279.12371470437574 4.736985672753689 6.2103729427235521 150.29149491851967 46.058074774581655 1.6201636751766262 126.96165545388135 126.26085362464937 416.78514762623945 2178.6967610376169 1.2093490389906936 31.685808520134287 104.15677297090633 1.1866920519678377 72.292072652579009 2.3302446743982719 293.56793364645614
leaf_count=24552 6983 204 124 1003 3215 2672 1621 75262 1451 828 2552 740 1487 2735 156 1071 12140 2460 134 7297 3643 21544 106409 125 1527 2142 145 2070 144 14638
internal_value=0 0.0687977 0.0726424 0.0550141 0.0335274 0.0735851 0.0865018 0.0749924 0.0380606 -0.0314796 0.0499359 0.0316179 -0.00377017 0.0760329 0.072988 0.0385386 0.0857625 0.0918522 0.0861357 0.0969767 0.101981 0.0838992 0.0856773 0.0868542 0.0587509 0.108677 0.0864557 0.114924 0.097103 0.0769517
internal_weight=0 1832.05 1511.3 177.77 82.4154 95.3546 3727.22 1333.53 36.5418 10.6818 47.213 82.0084 25.5503 1296.99 1017.87 13.5682 3587.48 840.497 627.341 287.715 254.409 2746.98 2330.2 2179.91 33.306 213.156 127.448 178.779 74.6223 339.626
internal_count=301074 118052 93500 12864 6637 6227 183022 80636 2483 1032 3555 6513 3298 78153 75418 1811 176039 35821 29844 12746 11085 140218 118674 106534 1661 5977 3788 4356 2214 17098
is_linear=0
shrinkage=0.1


Tree=83
num_leaves=31
num_cat=0
split_feature=86 86 170 13 157 75 191 9 53 221 156 196 11 156 157 168 170 9 17 135 108 231 99 212 7 156 75 17 1 227
split_gain=32.6089 12.281 8.77327 6.18138 6.80301 6.23492 7.39257 7.2122 9.02717 7.58825 6.45499 5.22497 4.87412 4.78658 6.3106 5.34914 5.14822 4.94823 6.59715 4.70305 4.66066 6.56739 7.9116 5.39133 4.55017 6.91517 4.35799 5.45213 6.40082 5.84107
threshold=-1.0855413675308225 -0.83693176507949818 0.47228689491748815 0.054079741239547736 0.6036476492881776 1.0000000180025095e-35 0.21958079934120181 0.0038376628654077653 1.5000000000000002 0.043656503781676299 0.24264069646596911 1.0000000180025095e-35 0.0053019176702946433 0.17512886226177218 0.47197850048542028 2.8699128627777104 0.52384155988693248 0.015649490989744667 18.500000000000004 -0.029751918278634545 0.021905362606048587 -0.10592322424054144 0.012188399210572244 0.1109464466571808 0.15026882290840152 0.26209992170333868 0.015504807699471714 6.5000000000000009 0.13161150366067889 -0.044623300433158868
decision_type=2 2 2 10 2 2 2 8 2 2 2 2 8 2 2 2 2 8 2 2 2 2 2 2 8 2 2 2 10 2
left_child=13 2 -2 4 12 6 11 8 10 -10 -7 24 -4 14 15 -1 -16 -18 -19 -12 -5 22 -22 -23 25 -6 -14 28 29 -28
right_child=1 -3 3 20 5 7 -8 -9 9 -11 19 -13 26 -15 16 -17 17 18 -20 -21 21 23 -24 -25 -26 -27 27 -29 -30 -31
leaf_value=-0.067749880903870616 0.090532362996502747 0.08909948173380175 -0.0016569896554915128 0.088532450665269269 0.12540651340810668 0.11639953370925563 -0.11630022474983499 0.076922018314777268 0.011358781606827476 -0.18245593901458212 -0.1463372355505454 0.11153237355389872 0.048574095866412891 0.055425272476533963 0.093349385452289962 0.053356898053008854 0.073243824500321783 -0.016967720717807864 0.38551245055977751 0.039905614251504747 0.062023430586669807 0.074836030218017116 -0.15100985066897096 -0.13067119737606042 0.090171074832587295 -0.0018465342233608792 0.083740564533508921 0.091706011626883341 0.11395491146535018 0.04967330254661826
leaf_weight=3.8878186014562734 509.19474040776095 2739.8350174051798 11.522066883033856 461.47739461375704 6.102940575990945 12.509800394092961 1.6652430083777279 298.82188685084111 5.9757448109812668 3.0516901785376831 1.4194968300071185 96.144378036689886 132.63952654264358 454.23951014112936 126.15205132066876 58.903100382039611 34.676235847348835 11.151525497936287 0.42269259054955988 30.253063642234341 4.2882539891106708 146.97952545660382 2.937435746045594 1.2877451396579989 69.321055511711165 14.221530496048215 68.121040048455598 86.32372768512505 22.682215254066705 192.6963222327613
leaf_count=2263 26430 129104 15515 15535 103 185 16 4429 235 87 71 1073 15664 16086 4163 21245 3181 2251 35 941 221 4605 159 279 724 494 6001 7429 1870 20873
internal_value=0 0.084643 0.0790412 0.0755384 0.0708831 0.0787269 0.0934591 0.0708821 0.0369623 -0.0541596 0.0555805 0.0953392 0.0626502 0.0614209 0.0730006 0.0458583 0.0828861 0.0543467 -0.00226907 0.0315586 0.0834873 0.0685142 -0.0245803 0.0730511 0.077972 0.0363644 0.0641249 0.0697022 0.0630022 0.0585711
internal_weight=0 4919.47 2179.64 1670.44 1053.47 539.487 187.455 352.032 53.2098 9.02743 44.1824 185.79 513.985 689.433 235.193 62.7909 172.403 46.2505 11.5742 31.6726 616.97 155.493 7.22569 148.267 89.6455 20.3245 502.463 369.823 283.5 260.817
internal_count=301267 252043 122939 96509 75710 8358 2410 5948 1519 322 1197 2394 67352 49224 33138 23508 9630 5467 2286 1012 20799 5264 380 4884 1321 597 51837 36173 28744 26874
is_linear=0
shrinkage=0.1


Tree=84
num_leaves=31
num_cat=0
split_feature=86 86 93 5 176 86 157 96 125 85 75 63 170 212 8 93 132 131 170 160 171 129 144 75 211 231 200 183 150 92
split_gain=34.0674 9.77576 7.80231 6.95275 6.56605 6.14044 5.67328 9.83043 9.10696 8.61146 7.08624 5.80777 5.258 4.93119 4.75653 5.75655 5.02896 4.7555 4.75524 6.64845 5.44301 6.29755 5.14795 4.91388 5.91534 4.62552 6.71882 5.21999 4.50304 4.42744
threshold=-1.0132718086242674 -0.76415729522705067 0.28457662463188177 0.077193934470415129 0.15327863395214084 -1.1852712035179136 0.50376957654953014 -0.18045848608016965 0.053014656528830535 116.50000000000001 0.026671408675611023 -0.40591825544834131 0.61212351918220531 0.093936275690794005 0.26849387586116796 -0.064044848084449754 0.039124272763729102 -0.063520830124616609 0.54225957393646251 1.0000000000000002 0.057160569354891784 -0.026809700764715668 0.034972034394741065 0.018019480630755428 0.060283595696091659 0.0048332423903048047 0.10029592365026475 0.17106043547391894 -0.048835147172212594 0.89126536250114452
decision_type=2 2 2 8 2 2 2 2 2 2 2 2 2 2 8 2 2 2 2 2 2 2 2 2 2 2 2 2 2 2
left_child=2 6 5 4 28 25 7 -2 10 -10 11 -9 -7 -11 -12 16 -16 -13 -8 20 23 -22 -21 24 -20 26 27 -1 -4 -24
right_child=1 -3 3 -5 -6 12 18 8 9 13 14 17 -14 -15 15 -17 -18 -19 19 22 21 -23 29 -25 -26 -27 -28 -29 -30 -31
leaf_value=0.053249924159018941 0.1273041054390833 0.090482968266610772 -0.13622368729196571 0.059433958133659676 0.087783364297531793 0.076073587305548168 0.085698631087588309 0.14991982214270044 0.094373898094073413 0.27303387558746811 0.0505257005560419 0.42127659740265599 -0.050085348112688111 0.90149395714887781 0.12970925793097687 0.068012564601606387 -0.11137101059146037 0.027921677375060062 0.080428847902136322 0.063956141833081931 -0.007214342229719551 0.071173434205689182 0.042187404564358655 0.097517623180104304 0.012449563438159339 0.069617306256595776 -0.047604453787637044 -0.059595549925989692 0.010580863494996833 -0.089577149818566487
leaf_weight=81.130243415744644 26.864787957283397 1875.4104870963642 2.1972146478819914 263.68659227331227 11.604733658261464 670.10118189649575 1589.380108768386 4.1754817458040625 53.375844128472636 1.5583542330386979 79.392403029452908 0.30840486102351761 3.3199477013858987 0.135726250377047 26.913522194682631 68.528610267464956 0.8940197748488562 89.510689621359006 97.755228147415437 181.93712815294111 12.233536498886677 63.173070855045808 6.8708553688484226 205.90823530457055 14.729177144999992 108.64212889746364 8.1265578910260938 4.3173643556483503 42.590446857156849 4.0551313450464477
leaf_count=6073 5762 85332 215 13314 1970 39772 34778 1250 11334 297 21220 127 560 31 2930 10471 175 22912 3394 10929 839 2286 383 6901 815 6885 1083 357 8695 386
internal_value=0 0.0850127 0.0659789 0.0526182 0.0207481 0.0708628 0.080954 0.0691691 0.0643605 0.101419 0.0567943 0.0346318 0.0754516 0.323385 0.0686487 0.0835841 0.121958 0.0292723 0.0828585 0.0751642 0.0826141 0.0584562 0.0599524 0.0883356 0.0715274 0.0555811 0.0392846 0.0475482 0.00337886 -0.00671642
internal_weight=0 4403.11 1195.72 320.079 56.3924 875.637 2527.7 351.658 324.793 55.0699 269.723 93.9946 673.421 1.69408 175.729 96.3362 27.8075 89.8191 2176.04 586.662 393.799 75.4066 192.863 318.393 112.484 202.216 93.5742 85.4476 44.7877 10.926
internal_count=301476 222552 78924 24194 10880 54730 137220 76509 70747 11662 59085 24289 40332 328 34796 13576 3105 23039 60711 25933 14235 3125 11698 11110 4209 14398 7513 6430 8910 769
is_linear=0
shrinkage=0.1


Tree=85
num_leaves=31
num_cat=0
split_feature=86 86 156 141 93 157 158 157 10 170 176 157 221 6 198 204 213 198 133 207 159 140 17 216 85 108 76 220 175 171
split_gain=34.8725 9.55162 7.15156 5.7914 6.32789 7.44394 5.45128 6.49747 5.351 5.07565 4.92572 4.75994 4.66515 4.43547 4.55104 4.41852 4.83667 4.42113 4.3088 6.48688 5.47154 4.28671 4.27653 4.43303 5.16622 4.98323 4.41857 4.23762 4.1822 4.11203
threshold=-1.0724866986274717 -0.93589836359024037 0.17512886226177218 -0.07121750712394713 0.19264087826013568 0.65648138523101818 1.0000000180025095e-35 0.47197850048542028 9.5000000000000018 0.56566891074180614 0.28934715688228613 0.53720706701278698 0.011533973272889854 0.03637566231191159 -0.022987399250268933 0.046545302495360381 -0.11867769062519072 0.16054702550172809 0.03617373853921891 0.10916332155466081 1.3139992952346804 0.018909852951765064 17.500000000000004 0.014245045837014915 18.500000000000004 -0.1017661690711975 0.39565217494964605 0.10243018716573717 -0.017962005920708176 0.45464123785495764
decision_type=2 2 2 2 2 2 2 2 8 2 2 2 2 10 2 2 2 2 2 2 2 2 2 2 2 2 2 2 2 2
left_child=2 22 6 12 11 10 -1 15 -3 -9 13 18 -4 21 27 16 17 -8 19 20 -5 -6 23 25 -25 -2 -27 -15 -24 -10
right_child=1 8 3 4 5 -7 7 9 29 -11 -12 -13 -14 14 -16 -17 -18 -19 -20 -21 -22 -23 28 24 -26 26 -28 -29 -30 -31
leaf_value=0.045508442195964526 -0.034287337876034933 -0.020182383793069643 -0.086801912491302285 -0.018275571778286658 0.061372423521496133 0.058845075290793615 0.19661126474103113 0.095830999256684923 0.087207348127655487 0.029146005993465215 0.10388805559100221 0.072603043610709114 0.033363126316248409 0.014311599768529358 -0.024269024847908497 -0.0061972962017883028 0.057592872001421297 0.9709581626720889 0.11270931675656973 0.12884418853026067 0.064858066864260572 -0.050375812414794677 0.079227746919239089 0.14088211533780445 0.080113875986770222 0.070019837512078201 -0.18483497978410904 0.12786647652211866 0.15031977865341195 0.071899552066252356
leaf_weight=52.479550659012602 4.6411778326737467 4.7131072226923143 4.9942359782398844 23.322746469310005 26.44337922117484 134.11462536699037 1.5764594462448247 152.08710846224085 3493.2649806408363 12.340046075088138 6.8614456082977986 217.63363313906848 9.1499388660595269 20.507762685407219 33.460396223308635 11.239659060244319 33.085307680398273 0.077350889279841684 6.5664197872793002 5.2738852217808008 11.985341107061684 3.9448557963169142 18.648273345137568 14.46273382088293 428.07289951535358 600.68071202787178 0.68106472978888533 3.9134407484380054 14.875832869634904 184.76297171164606
leaf_count=10444 545 19606 281 3354 1811 2459 522 6148 151095 1896 173 4607 272 1119 1539 5321 12054 19 700 556 505 484 993 406 25272 36060 115 76 578 12400
internal_value=0 0.083875 0.0609522 0.0540253 0.0558317 0.0436685 0.0743421 0.0815338 0.0863019 0.0908264 0.0222728 0.0663624 -0.00906654 0.0159286 -0.000313647 0.0483022 0.0659352 0.232828 0.0375562 0.025396 0.00994417 0.0468658 0.0756151 0.074491 0.0820999 0.0689346 0.0697312 0.0325085 0.110774 0.0864384
internal_weight=0 4764.8 771.058 508.172 494.028 229.246 262.885 210.406 3682.74 164.427 95.1313 264.782 14.1442 88.2698 57.8816 45.9788 34.7391 1.65381 47.1484 40.582 35.3081 30.3882 1082.06 1048.54 442.536 606.003 601.362 24.4212 33.5241 3678.03
internal_count=301410 247070 54340 17936 17383 7661 36404 25960 183101 8044 5202 9722 553 5029 2734 17916 12595 541 5115 4415 3859 2295 63969 62398 25678 36720 36175 1195 1571 163495
is_linear=0
shrinkage=0.1


Tree=86
num_leaves=31
num_cat=0
split_feature=86 86 93 93 227 86 172 157 170 118 96 102 129 145 182 76 175 170 139 209 76 128 6 92 101 9 211 203 170 229
split_gain=34.2685 11.7123 7.21265 6.227 5.98464 5.69435 5.65518 5.42072 5.67647 5.62297 5.5504 5.16499 5.05953 4.92564 6.93259 5.89622 5.44277 4.75965 4.67556 5.15403 4.65545 4.53716 5.11375 6.18773 5.53034 6.06695 4.87115 4.66415 4.53234 4.471
threshold=-0.95728516578674305 -1.1852712035179136 0.33721725642681127 -0.085487324744462953 0.069155037403106703 -0.6793040633201598 -0.13490908592939374 0.47905293107032781 0.48162244260311132 0.049634687602519996 0.0063845596741884955 0.15107479691505435 0.0010084913228638472 -0.0255747502669692 -0.026734092272818085 0.014185110572725536 -0.12977117300033567 0.42755009233951574 -0.035199528560042374 0.036213226616382606 0.39565217494964605 0.031900547444820411 0.076655983924865737 0.83076113462448131 -0.14090889692306516 0.066024884581565871 0.11412799358367921 0.10815661028027536 0.46534481644630438 0.11500302702188493
decision_type=2 2 2 2 2 2 2 2 2 2 2 2 2 2 2 2 2 2 2 2 2 2 10 2 2 10 2 2 2 2
left_child=1 -1 20 6 -4 7 13 9 -9 10 17 -11 -8 14 15 -2 -15 -5 19 -6 28 -10 23 -23 25 -25 -24 -26 -3 -30
right_child=3 2 4 5 18 -7 12 8 21 11 -12 -13 -14 16 -16 -17 -18 -19 -20 -21 -22 22 26 24 27 -27 -28 -29 29 -31
leaf_value=0.053576045045368004 0.084088851329493494 0.089844124015079074 0.047160694601573551 0.10320288953254622 -0.17043793695834192 0.093473753751001781 0.1034278616348322 0.09341282145449939 0.082758774882373182 0.095050060228494229 0.02586317663714028 0.33121736216510111 0.088657924680270506 -0.12773777355433283 0.073785068366392231 -0.073169766547544618 0.087624658035572289 0.054347212241107556 0.097666354306308281 0.11888754203398229 -0.11744162631768243 0.12737895146738942 0.082674081216026582 -0.058867730470133377 0.027914189237495224 0.41502792478194278 -0.064897308973745335 0.10852839564520322 0.072937781665582305 0.10293877222498607
leaf_weight=324.05169847233878 3.6073325410234229 248.16042692844576 148.17589263022091 29.102395119315361 1.4006542862630333 601.43222247517178 557.86537694477261 473.15751800615908 1240.8957057916002 32.730496153296826 41.932471661390991 0.95300395816320715 396.96061588635553 1.1785027523483211 30.796094725551939 7.0317100348711392 276.00460078880951 63.344305689367047 40.606561890759622 1.0986604412792074 1.2220998308052902 7.4393541883746357 92.82900718703786 8.310970554928641 35.614265425450412 0.2792264070267273 2.2920308241882585 8.9885076452528647 878.2240130478524 52.652644078382309
leaf_count=24554 136 13299 12199 2145 114 28139 28242 8625 45244 7044 13852 206 19290 248 1359 483 10618 20666 1662 58 189 192 2529 775 2512 30 188 375 54032 2463
internal_value=0 0.0706745 0.0747144 0.0876947 0.056701 0.0849236 0.0934379 0.0824002 0.0839465 0.0651973 0.0560395 0.101732 0.0972874 0.0819017 0.0497433 -0.0198488 0.086709 0.0697271 0.0894956 -0.0432549 0.0776337 0.0807395 0.0646517 0.0419563 0.0300094 -0.0434636 0.0791182 0.0441598 0.0778359 0.0746347
internal_weight=0 1695.59 1371.54 3912.75 191.282 2639.3 1273.44 2037.87 1869.81 168.063 134.379 33.6835 954.826 318.618 41.4351 10.639 277.183 92.4467 43.1059 2.49931 1180.26 1396.65 155.753 60.6323 53.193 8.5902 95.121 44.6028 1179.04 930.877
internal_count=301468 108570 84016 192898 14033 132522 60376 104383 60470 43913 36663 7250 47532 12844 1978 619 10866 22811 1834 172 69983 51845 6601 3884 3692 805 2717 2887 69794 56495
is_linear=0
shrinkage=0.1


Tree=87
num_leaves=31
num_cat=0
split_feature=86 86 86 120 3 128 223 10 102 124 93 156 0 198 3 174 176 2 105 4 0 174 149 209 152 92 2 196 153 211
split_gain=32.6228 12.253 5.63794 5.12073 5.93418 5.18506 5.49548 5.04338 6.1241 6.1678 4.94307 5.37505 5.00226 4.90087 4.84617 5.27727 4.72923 4.6284 4.43758 4.39382 4.21157 6.53254 5.27961 5.07739 4.44089 4.18876 4.38335 4.85029 4.18103 4.10701
threshold=-0.95728516578674305 -1.1852712035179136 -0.57491785287857045 0.028988541103899482 0.22040571272373202 0.045790137723088271 0.014440814033150675 344.50000000000006 -0.03828777372837066 0.013775133527815344 -0.21969643980264661 0.14523021876811984 0.096006143838167204 0.23547430336475375 0.28869047760963445 0.28871704638004309 0.17361779510974887 0.03488843888044358 -0.05059771612286567 0.25357143580913549 0.16282923519611361 -0.25014333426952357 -0.025710318237543103 -0.085605353116989122 0.014172403607517483 0.85637041926383983 0.066024884581565871 0.013474839273840191 -0.026240020990371701 -0.14541167020797727
decision_type=2 2 2 2 8 2 2 8 2 2 2 2 8 2 10 2 2 8 2 10 10 2 2 2 2 2 10 2 2 2
left_child=1 -1 3 10 20 7 -7 8 9 17 12 19 -2 -4 -3 16 -16 -6 -10 -12 21 24 -23 -24 -5 -22 28 -28 -27 -21
right_child=2 14 13 4 5 6 -8 -9 18 -11 11 -13 -14 -15 15 -17 -18 -19 -20 29 25 22 23 -25 -26 26 27 -29 -30 -31
leaf_value=0.051769533248979815 -0.10771097934263869 0.071780058231245197 0.095889106584798489 0.03562593394486948 -0.10041550268302411 -0.08909330034965425 0.064245169932077073 0.076470047582383557 -0.038206943428555795 0.068529884907282762 0.092571689567508664 0.082871601432355571 0.10920433553368757 -0.047900777605266204 0.090704881069098964 -0.039794668085720977 0.16032267968228506 0.016847639032374972 0.075774725836888976 0.82890962504749499 0.11914400165335921 -0.06854489828404281 -0.038899869486695444 0.0941330474845051 -0.12798803597699751 -0.098233596106654081 0.070967136041111809 0.11119067070645482 0.06638247663876351 0.16272747723086226
leaf_weight=322.27895100215687 1.073809358309062 1230.6115210984065 560.94307652282282 3.8985353981511244 6.8419850467435035 4.588855518327362 4.7633710810177945 129.05009486964946 3.7766303760581641 7.9091437712734196 605.83976508654519 2143.0877155960507 106.88091935546026 2.3804299731657457 86.292568264113925 2.8365813016112034 11.001810075797946 6.6253027851935267 35.737308406132797 0.093773752668312116 40.353878766176877 2.4804143616606771 3.1476547532729446 32.400885400728612 2.8877499769339465 1.5822789907615504 51.038417436092459 72.651432432100592 62.003614148509087 7.0466863404428741
leaf_count=24422 840 72616 22722 283 779 582 368 5001 591 770 71221 65779 3742 330 9472 776 1024 702 2149 67 1598 324 654 3603 350 242 2057 1913 3871 2179
internal_value=0 0.0692645 0.0860282 0.0844655 0.0748115 0.0616979 -0.0109934 0.065277 0.0415547 -0.00156284 0.0860557 0.0852334 0.107047 0.0952815 0.0735014 0.0946572 0.0985771 -0.0427273 0.0648807 0.0934908 0.0844042 0.0563831 0.0725114 0.0823536 -0.0339963 0.0899209 0.0836239 0.0945931 0.0622862 0.171476
internal_weight=0 1653.02 3899.08 3335.76 471.738 199.293 9.35223 189.94 60.8904 21.3764 2864.02 2756.07 107.955 563.324 1330.74 100.131 97.2944 13.4673 39.5139 612.98 272.445 44.8152 38.029 35.5485 6.78629 227.63 187.276 123.69 63.5859 7.14046
internal_count=301027 108310 192717 169665 25837 10942 950 9992 4991 2251 143828 139246 4582 23052 83888 11272 10496 1481 2740 73467 14895 5214 4581 4257 633 9681 8083 3970 4113 2246
is_linear=0
shrinkage=0.1


Tree=88
num_leaves=31
num_cat=0
split_feature=86 86 170 171 86 157 76 93 157 6 18 232 204 220 66 13 155 147 157 132 146 67 122 227 202 66 230 201 157 76
split_gain=32.9785 10.2218 6.29244 6.24231 5.81148 5.57457 6.92304 5.13581 5.53655 5.34067 6.1625 8.02215 5.11576 4.52024 4.48866 4.663 4.46102 4.46078 8.4615 4.43003 4.41045 5.82208 4.57386 4.77624 4.38756 4.4627 4.31237 5.44891 6.24357 5.86671
threshold=-1.0724866986274717 -0.78950834274291981 0.49815694987773901 0.013746987096965315 -1.1852712035179136 0.4206004142761231 0.39565217494964605 0.051301727071404464 0.62373504042625438 0.11554354801774026 1.0000000180025095e-35 -0.0058402474969625464 -0.17213649302721021 -0.034458283334970467 4.2164962291717538 0.066902238875627532 -0.041426176205277436 0.064462281763553633 0.6861170530319215 -0.014032116625458 -0.015793192200362679 0.83664491772651683 0.013794703409075739 -0.067490570247173295 0.08544484525918962 8.1837706565856951 -0.045621335506439202 0.0051556478720158347 0.50722458958625805 0.19423715025186541
decision_type=2 2 2 2 2 2 2 2 2 10 2 2 2 2 2 10 2 2 2 2 2 2 2 2 2 2 2 2 2 2
left_child=4 3 5 -2 19 6 -3 12 20 -10 -11 -12 -5 -13 26 -16 -17 -7 -19 -1 21 -9 23 -22 25 -21 -4 28 -28 -29
right_child=1 2 14 7 -6 17 -8 8 9 10 11 13 -14 -15 15 16 -18 18 -20 24 22 -23 -24 -25 -26 -27 27 29 -30 -31
leaf_value=0.073898370849819248 0.083313462486139134 0.040583262954614931 0.092864600882261408 0.017653785836454629 0.069763635888051304 0.098224814468039545 0.56593121312800709 0.1068344720426212 0.086330058438356075 0.066379417517634445 0.06472382531213243 0.017569612788152934 0.091595828407019408 -0.18173894039964411 0.086804234001930131 -0.12823366285696455 0.11047993460988895 0.083605929741388182 -0.18991681915620559 0.053429059358772991 -0.051515964935240688 0.021837954074536287 0.079259533972059287 0.052528669862561633 0.010386122064847415 -0.025148294602073813 0.01030305218267789 0.059269258511331337 0.087254567285769927 0.098683765059984038
leaf_weight=72.777386726320174 1971.707238690175 21.754542860741712 225.11615045072483 9.9361538145008108 441.76497062208159 836.77271883133312 0.25376939166323964 9.3968174345186508 189.05742296350581 83.205957478814526 5.8831155016086996 1.7984664149262242 160.47199985248744 3.0981729248451284 320.50783613080523 0.78751005712729139 132.3675272604155 4.1887529127443477 1.549323975574225 214.84315712218495 4.715192313165061 56.60142665121316 92.720620404862757 68.642240894042061 30.580366518287974 7.4793582606657756 10.879704298434488 222.48720782969076 341.54270813989297 45.484898169778489
leaf_count=4698 104873 12925 8272 872 29678 26802 112 661 3021 1364 112 46 16976 80 23930 95 5575 167 5 14429 727 5729 6759 5500 3350 2136 4175 9646 6452 1946
internal_value=0 0.0846107 0.0897136 0.0804555 0.0622919 0.0963244 0.0466408 0.0722356 0.0672573 0.0766449 0.0571627 -0.0139783 0.0872844 -0.108536 0.0853144 0.0933389 0.109068 0.0976223 0.00975273 0.052157 0.0558081 0.0339397 0.0644984 0.045841 0.0459006 0.0507856 0.0810089 0.0767069 0.084879 0.0659594
internal_weight=0 4820.93 2163.69 2657.23 767.445 864.519 22.0083 685.528 515.119 283.043 93.9857 10.7798 170.408 4.89664 1299.17 453.663 133.155 842.511 5.73808 325.68 232.076 65.9982 166.078 73.3574 252.903 222.323 845.511 620.395 352.422 267.972
internal_count=301113 246822 100102 146720 54291 40011 13037 41847 23999 4623 1602 238 17848 126 60091 29600 5670 26974 172 24613 19376 6390 12986 6227 19915 16565 30491 22219 10627 11592
is_linear=0
shrinkage=0.1


Tree=89
num_leaves=31
num_cat=1
split_feature=86 86 86 17 227 200 127 237 233 184 130 149 173 69 152 223 132 159 199 147 94 171 157 126 204 96 171 8 173 205
split_gain=36.2074 13.366 9.73291 5.61444 8.31088 5.10509 4.72017 5.80671 4.68668 5.01074 4.55888 5.70647 5.86798 5.58172 4.48348 4.47134 4.46045 6.02621 4.54765 7.35302 5.55269 4.43857 5.27199 4.98488 9.76166 9.54487 6.26078 5.61072 5.45665 4.90097
threshold=-0.96732068061828602 -1.1852712035179136 -0.6793040633201598 12.500000000000002 0.056928638368844993 0.075445838272571578 0.011154701467603447 0 0.076618414372205748 0.24068401753902438 -0.0046469676308333865 0.032510867342352874 -0.48493254184722895 2.1546293497085576 0.028477672487497333 -0.0071122988592833272 -0.0098082758486270887 1.5674979686737063 -0.011990570928901432 0.0066610672511160382 0.083886574953794493 0.3453053236007691 0.65648138523101818 -0.025917087681591507 0.054787646979093559 -0.18045848608016965 -0.1188673786818981 0.25328184664249426 -0.16232840716838834 0.029765640385448936
decision_type=2 2 2 2 2 2 2 9 2 2 2 2 2 2 2 2 2 2 2 2 2 2 2 2 2 2 2 8 2 2
left_child=1 6 3 5 8 -2 7 -1 9 -5 11 12 -7 14 -14 -10 18 -18 20 -20 -9 22 23 24 -3 26 -26 29 -25 -27
right_child=2 21 -4 4 -6 10 -8 16 15 -11 -12 -13 13 -15 -16 -17 17 -19 19 -21 -22 -23 -24 28 25 27 -28 -29 -30 -31
leaf_value=-0.0061056750259059272 0.084893137049326883 0.091165596039274779 0.094750717947787444 0.11010682110195186 0.027834334918249205 -0.073089485592632078 0.06507729578900627 0.11718831610861775 -0.064145564867344837 -0.12062620652114737 0.084684693372671094 -0.011819511040417174 0.0783935702751552 0.072735743538883901 -0.039967155845639084 0.08109953782642966 0.020452066773448595 0.07147082286530472 -0.048681887662388339 0.075378231008511723 -0.06739163120418773 0.060336721804278196 0.095732198108365474 0.04314888620439504 0.16326726267574448 0.082607768168472318 -0.10770046711394494 -0.00089542785834659559 0.071951325369340541 -0.0069079506123560343
leaf_weight=28.950749440600703 2086.2357301645025 292.54600819355483 1190.2939502986105 183.24755417557526 14.942086220937652 2.9116233111853935 137.39449026332341 23.325582833842876 2.9522590230371861 0.9460593809681076 219.48989166118963 9.2109336816611158 5.27830676990743 269.49657334237804 8.1294679793747928 7.5140380806956255 68.069334212447302 35.084854754293701 6.3757306421339335 19.05873743404527 1.7522302435888821 201.88928915449696 125.8079817956168 75.570639822179146 9.3332504523295921 25.465090398336542 0.93842993594262125 25.852350715167631 507.49812425069581 8.0495802343502856
leaf_count=2908 106757 17496 51834 6481 1755 303 9968 1163 350 202 12677 960 488 14494 1201 461 7566 997 674 976 203 9963 803 5944 193 2432 228 2123 38456 1226
internal_value=0 0.0693448 0.0871718 0.0839618 0.0997061 0.0826929 0.0510756 0.0405412 0.105223 0.108922 0.0737715 0.0656524 0.0681491 0.0696027 0.00662851 0.0401298 0.0466884 0.0378046 0.0740737 0.0442797 0.104291 0.0739376 0.0765013 0.0739417 0.0831557 0.049507 0.138511 0.0341075 0.0682183 0.0611078
internal_weight=0 1592.96 4000.65 2810.35 209.602 2600.75 320.012 182.617 194.66 184.194 514.517 295.027 285.816 282.904 13.4078 10.4663 153.666 103.154 50.5123 25.4345 25.0778 1272.95 1071.06 945.253 362.185 69.6387 10.2717 59.367 583.069 33.5147
internal_count=301282 103319 197963 146129 9249 136880 24455 14487 7494 6683 30123 17446 16486 16183 1689 811 11579 8563 3016 1650 1366 78864 68901 68098 23698 6202 421 5781 44400 3658
cat_boundaries=0 2
cat_threshold=25347076 529616
is_linear=0
shrinkage=0.1


Tree=90
num_leaves=31
num_cat=1
split_feature=86 86 157 93 161 135 200 161 171 192 12 51 187 93 157 170 182 74 220 163 72 237 124 198 176 174 95 11 142 114
split_gain=33.096 9.88264 6.03938 5.85719 6.22247 5.76743 6.33846 6.35661 5.48309 5.07225 6.04636 7.0855 6.00175 4.63079 4.8829 6.40173 4.96216 4.72847 4.62059 4.58699 4.71094 7.88828 6.61166 5.21928 4.4523 5.07654 4.44027 4.4179 9.29234 5.93044
threshold=-1.0724866986274717 -0.78950834274291981 0.36011028289794927 -0.25767512619495386 4.9074778556823739 0.024188826791942123 0.22535104304552081 2.6733570098876958 -0.017047430388629433 0.038236267864704139 142.50000000000003 1.0000000180025095e-35 0.22889536619186404 0.01652086898684502 0.47905293107032781 0.47702896595001226 -0.12281950935721396 0.48641838133335119 0.10949296131730081 -0.99024969339370716 0.022474748082458976 0 -0.015514919068664311 -0.067659214138984666 -0.19846734404563901 -0.16277242451906201 0.053156852722167976 0.0088107436895370501 -0.017767211422324177 0.01419672602787614
decision_type=2 2 2 2 2 2 2 2 2 2 10 2 2 2 2 2 2 2 2 2 2 9 2 2 2 2 2 8 2 2
left_child=2 13 3 4 -1 24 7 -7 -4 -9 11 -11 -12 27 16 -16 -15 -18 -13 -10 21 -21 -22 -24 25 -3 -19 28 -2 -30
right_child=1 5 8 -5 -6 6 -8 9 19 10 12 18 -14 14 15 -17 17 26 -20 20 22 -23 23 -25 -26 -27 -28 -29 29 -31
leaf_value=-0.1042785207221342 -0.030553600628602941 -0.094496079114639753 0.071620377230100077 -0.05239467513060761 1.1093999678444824 -0.055371761494459687 -0.036511296103141938 0.088447074192281233 0.065566171188664174 0.065956685905473544 0.084613639845494595 -0.065912635895553739 -0.059935456917564051 -0.020068032912988063 0.092454330230079873 0.075091799725708605 0.057537914818348836 0.1578929130749655 0.10395821515195434 0.042749554723767763 0.025826767544486214 -0.021174804153264958 0.10536513456413804 0.051477299900969109 0.09042850810531379 0.11015453511128591 0.040525342365369851 0.086322478685707971 0.023255639600011722 0.11021376153535296
leaf_weight=0.079175914574079687 10.024344417827704 1.2221482093591465 379.12041437428707 6.0205702465245841 0.090559958305675536 3.4739502792945123 4.8077754288406132 229.94500527048081 190.60969847135129 14.968337869303468 58.291829122988929 9.7475486720820737 3.0212932193371662 7.4384295065990491 268.63418470773104 1013.7227930157437 125.80648490673025 9.500402275927625 1.9159955751738387 44.402309568145938 45.951520399657056 24.972110883486494 31.030799491663856 42.713387555619192 1689.5739926658871 147.55207201755184 4.8786720955804403 1167.5105909820115 12.239202983889525 21.833076388098107
leaf_count=61 4440 112 26711 6501 3 261 252 9589 4927 1801 1470 1451 108 3016 5522 38661 30845 1644 140 2887 4019 4276 1144 3619 76537 8577 1833 48985 5912 6009
internal_value=0 0.0847051 0.062311 -0.036062 0.543261 0.0897145 0.0774599 0.079165 0.0631135 0.0806352 0.0602099 0.0204251 0.0774908 0.0806003 0.0767463 0.078729 0.0595237 0.0637469 -0.0380076 0.0546192 0.0435831 0.0228492 0.0556003 0.0741527 0.0918888 0.108473 0.118071 0.0851489 0.054078 0.0789773
internal_weight=0 4806.11 764.991 6.19031 0.169736 2164.52 326.172 321.364 758.8 317.89 87.945 26.6319 61.3131 2641.59 1429.98 1282.36 147.624 140.186 11.6635 379.68 189.07 69.3744 119.696 73.7442 1838.35 148.774 14.3791 1211.61 44.0966 34.0723
internal_count=301313 247165 54148 6565 64 100298 15072 14820 47583 14559 4970 3392 1578 146867 81521 44183 37338 34322 1591 20872 15945 7163 8782 4763 85226 8689 3477 65346 16361 11921
cat_boundaries=0 2
cat_threshold=131152 210059
is_linear=0
shrinkage=0.1


Tree=91
num_leaves=31
num_cat=0
split_feature=93 157 63 65 88 160 16 168 171 157 74 158 187 88 107 170 160 68 121 214 103 181 170 130 5 156 221 218 11 74
split_gain=19.7971 8.35079 7.61119 7.33744 6.69529 6.19974 9.92313 6.93141 6.16882 6.01334 5.77613 5.77612 5.84464 6.39126 5.79467 5.65452 6.74446 7.85189 6.73293 5.21463 5.13146 5.57665 7.50564 5.01856 5.20627 4.91151 5.03537 5.3677 4.86129 6.43199
threshold=0.18131834268569949 0.65648138523101818 -0.1860026270151138 6.5000000000000009 0.81008261442184459 1.0000000000000002 1.0000000180025095e-35 3.8886543512344365 0.1005845069885254 0.56416428089141857 0.65255734324455272 0.55000001192092907 -0.013247278518974779 0.70941463112831127 0.090473022311925902 0.47530725598335272 1.0000000000000002 41.401393890380866 0.015594084747135641 -0.025880103930830952 0.18288204073905948 0.041183879598975189 0.58838704228401195 -0.026271544396877285 0.16784037649631503 0.15821565687656405 -0.019677435047924515 -0.066880490630865083 0.066960677504539504 0.26695403456687933
decision_type=2 2 2 2 2 2 2 2 2 2 2 2 2 2 2 2 2 2 2 2 2 2 2 2 10 2 2 2 8 2
left_child=1 2 3 -1 15 8 -7 11 -2 19 -9 12 13 -8 -14 23 17 18 -17 -10 21 22 -18 24 25 -4 -27 -28 29 -5
right_child=5 -3 4 28 -6 6 7 10 9 -11 -12 -13 14 -15 -16 16 20 -19 -20 -21 -22 -23 -24 -25 -26 26 27 -29 -30 -31
leaf_value=0.095772904366718314 0.083823596942872058 0.094862642778592909 0.098367595046290765 0.072525154670006989 0.061417626943144982 -0.021634819971843418 0.076405619301105593 0.086695965285509075 0.077171679006807742 0.068775019506692583 -0.14990393917491804 0.097216154883706829 0.058730444272097171 0.010422643984127691 0.28067767792832099 0.091913708638056785 0.068453801510922604 0.033290441089772978 0.076488393152259207 -0.023972893034804682 0.01237880998844426 0.086603160320837869 0.0034002559575310948 0.09407584943635966 -0.040002121271478515 0.087548026344989496 -0.057074099222208408 0.052747468693762747 0.097463641769722331 -0.047963605111404073
leaf_weight=753.04589190418164 390.00453935034329 742.61218620608997 66.206758908729171 230.22940416777965 173.73840785239554 14.564116593980996 19.372984469750691 102.03076511026302 8.1900342103199382 295.59280559761828 1.0423700473056658 26.514194770506037 129.01797444217027 60.598279182295983 1.1871544824657565 596.11100505488321 417.20827936854857 30.64027192963772 538.66538855750309 13.498258172690383 14.880352511761428 180.21451260416984 18.523002152955996 534.92983863449194 3.8827245906886665 47.114927348860874 4.8754282439040244 51.068202102609575 90.718456907419295 4.5174285308949029
leaf_count=48235 31303 4244 5453 11535 13205 4103 1559 2543 1161 6343 95 837 9639 6800 124 32074 36346 4068 29558 2002 2015 10890 2871 26688 823 1231 227 1528 3296 261
internal_value=0 0.0851729 0.0832574 0.0903504 0.0804009 0.0699912 0.0591944 0.0626591 0.0754001 0.0650459 0.0843033 0.0532336 0.0476851 0.026407 0.0607541 0.0817179 0.0787345 0.0832427 0.0845915 0.0142218 0.0704058 0.0718077 0.0656884 0.0892861 0.0744886 0.0771149 0.0634618 0.0431766 0.077804 0.0702065
internal_weight=0 4499.18 3756.57 1078.51 2678.06 1061.61 354.328 339.764 707.286 317.281 103.073 236.691 210.176 79.9713 130.205 2504.32 1796.24 1165.42 1134.78 21.6883 630.826 615.946 435.731 708.078 173.148 169.265 103.059 55.9436 325.465 234.747
internal_count=301057 234548 230304 63327 166977 66509 25700 21597 40809 9506 2638 18959 18122 8359 9763 153772 117822 65700 61632 3163 52122 50107 39217 35950 9262 8439 2986 1755 15092 11796
is_linear=0
shrinkage=0.1


Tree=92
num_leaves=31
num_cat=0
split_feature=86 86 156 157 170 66 157 168 65 166 156 5 209 200 172 93 129 210 126 93 221 72 109 97 97 135 13 143 115 168
split_gain=28.6718 10.4148 5.43341 6.81896 5.70271 5.6526 5.63963 7.47826 5.96145 6.24576 5.98417 9.03276 6.1295 5.924 5.69661 5.50041 5.47994 5.50989 5.23252 5.1688 4.89488 4.6969 4.72121 5.93153 5.09468 4.72603 4.61378 4.60819 5.28018 6.16245
threshold=-0.93589836359024037 -1.1852712035179136 0.14523021876811984 0.54123741388320934 0.47530725598335272 7.9405052661895761 0.63768562674522411 2.6646257638931279 110.50000000000001 0.8018685281276704 0.49683544039726263 0.071820318698883071 0.022353359498083595 -0.058763083070516579 -0.15253804624080655 -0.18313849717378614 1.0000000180025095e-35 -0.095308247953653322 -0.0014192552189342675 0.33721725642681127 -0.10298001021146773 0.096857409924268736 0.014220224227756264 0.045381201431155212 -0.055774908512830727 0.027058602310717109 0.05279884114861489 0.0042820216622203597 0.025737948715686802 3.1431727409362797
decision_type=2 2 2 2 2 2 2 2 2 2 2 8 2 2 2 2 2 2 2 2 2 2 2 2 2 2 8 2 2 2
left_child=1 -1 18 5 27 15 7 13 10 -10 -9 -12 20 -6 -15 16 -4 -18 21 -3 -13 22 23 25 -24 26 -2 -5 -29 -30
right_child=2 19 3 4 6 -7 -8 8 9 -11 11 12 -14 14 -16 -17 17 -19 -20 -21 -22 -23 24 -25 -26 -27 -28 28 29 -31
leaf_value=0.054865203589327609 0.085107305890981547 0.076957130238456684 0.13202129260299164 0.10764089282558616 -0.033374344509610875 0.018407879910276061 0.090245780561383299 0.085231773980654665 -0.0045385491129594866 0.075589539801626957 0.09111878810239081 -0.15163316075092928 0.067598549087456355 -0.020517091663742416 0.086960140308901424 0.071397409041711365 0.1520023904701589 -0.011530036467238006 0.10435629902046811 0.059709758032536857 0.017764370217844806 0.066845353791010004 0.097947633504088694 0.14607493419750825 0.061320713552822627 0.054188242483477325 0.11638787922654943 0.095410314851998912 -0.037695192000859627 0.071050678443545318
leaf_weight=324.7273827627705 93.849722103948579 1288.1161314284332 29.532443428804982 208.34673381365064 9.4429224105515441 18.328379944439803 909.45048917031454 981.4980374855686 16.229925333071151 24.281645641302021 60.334180315676349 1.7961666969931673 36.298879845722695 6.6472193919398697 19.106898037289287 366.67278809115396 3.1105154269425839 6.1023802430063352 294.99196630250674 200.85076411948921 33.904918532603915 90.006866295131886 71.277838822876902 25.963498973505921 81.284958295813681 24.559848926264067 94.765998384479644 159.97633051601224 5.9306635721040939 42.94851561060932
leaf_count=24600 14789 78531 2083 1592 1052 8355 7286 25348 812 364 2539 108 1086 448 1644 30697 136 837 36247 14961 1405 10924 8979 2078 11287 3027 8035 1595 201 388
internal_value=0 0.0710918 0.0864289 0.0844637 0.0864401 0.072728 0.0843176 0.0797853 0.0811698 0.0434883 0.0825403 0.0625785 0.0386624 0.034378 0.0592199 0.0751837 0.111016 0.0436828 0.0938677 0.0746306 0.00924177 0.0874447 0.0921781 0.100947 0.0784329 0.0954507 0.100824 0.0971183 0.0866214 0.0578562
internal_weight=0 1813.69 3716.64 2939.94 2516.19 423.747 2098.99 1189.54 1154.34 40.5116 1113.83 132.334 72 35.197 25.7541 405.418 38.7453 9.2129 776.701 1488.97 35.7011 481.709 391.702 239.139 152.563 213.176 188.616 417.202 208.856 48.8792
internal_count=301434 118092 183342 87976 45868 42108 42092 34806 31662 1176 30486 5138 2599 3144 2092 33753 3056 973 95366 93492 1513 59119 48195 27929 20266 25851 22824 3776 2184 589
is_linear=0
shrinkage=0.1


Tree=93
num_leaves=31
num_cat=0
split_feature=93 171 104 156 13 184 63 74 175 122 171 12 5 8 122 3 143 70 224 156 93 127 114 96 199 98 174 73 100 185
split_gain=21.7948 9.99453 7.25589 5.5027 5.11868 5.00814 4.91564 4.96155 4.82143 4.74495 4.68363 4.84735 4.55623 4.52147 4.31903 4.3049 6.02788 4.99404 4.29141 5.0373 4.28108 4.24353 4.23384 4.02095 3.98104 3.94572 3.89927 4.14801 3.81215 4.30596
threshold=0.078247956931591048 -0.029621206223964688 -0.13627317547798154 1.0000000180025095e-35 0.089163407683372511 -0.17090620845556256 0.33389289677143102 0.39471396803855902 0.042717751115560539 0.078454431146383299 1.0000000180025095e-35 55.500000000000007 0.13819628953933719 0.17855022847652438 0.043207855895161636 0.056349206715822227 0.058850785717368133 7.5000000000000009 -0.13352238386869428 0.39668856561183935 0.24697411805391314 -0.051302980631589883 0.01419672602787614 -0.094766713678836809 -0.028134910389780995 0.1152969002723694 -0.2913565188646316 1.0000000180025095e-35 0.18657758086919787 -0.10763655975461005
decision_type=2 2 2 2 10 2 2 2 2 2 2 8 10 8 2 8 2 2 2 2 2 2 2 2 2 2 2 2 2 2
left_child=2 8 4 -4 -1 9 7 23 12 18 -8 -12 -2 -6 -14 16 17 -7 19 -5 -16 -20 26 -3 25 -13 27 -19 -17 -30
right_child=1 6 3 5 13 15 10 -9 -10 -11 11 24 14 -15 20 28 -18 22 21 -21 -22 -23 -24 -25 -26 -27 -28 -29 29 -31
leaf_value=0.065198353140569654 0.075063694948171486 0.08770410821284054 -0.0996696094515514 -0.11787496621782637 0.53032530134523792 -0.017533602060437751 -0.0011964180352642174 0.057220921850760879 0.10128644708550127 0.028220154007176541 -0.1118944912020893 0.065533839818428322 0.11186641725186433 0.12242028338122141 -0.034706966602602939 0.08634081360918526 0.2227804522297081 1.330112410247839 0.019253218096006573 0.098379739469485306 0.14934157552631183 0.1027277676786679 0.01456484776491768 0.068853153716756432 0.0440571256479955 0.13311669399319481 0.083856708389687729 0.28964142444328517 0.11216102056773775 0.055420213784533191
leaf_weight=230.26031285592489 694.00413641168529 150.71958167717503 1.5877153062074274 1.9555301872933331 0.27809912565134887 9.3895565869415787 16.130124759558839 268.70542716711634 95.021149278402163 9.4997492840338946 1.7138333447760477 52.968301421686192 56.271041543211595 11.893131927490685 4.0951958142916274 2872.4893476651923 2.0454950949688273 0.043644754616251613 6.2056749048442716 2.3979307531153609 1.8279638957374116 326.7762945821396 11.367994032752902 453.96190049982511 93.193748475198845 10.322303459281555 23.084134032103979 0.31382410743572109 16.285799788591248 74.818432671642768
leaf_count=15433 47913 7230 11397 528 50 8229 1237 11757 8344 592 1902 2023 5644 947 926 111814 448 80 480 97 575 11926 7910 23325 4126 205 11633 558 633 3006
internal_value=0 0.0720065 0.0852467 0.0864528 0.0685391 0.0865409 0.0654673 0.0685275 0.0800552 0.0979196 0.0501357 0.0553696 0.0773874 0.13174 0.103317 0.0852297 0.0549544 0.0471875 0.0998824 0.00124033 0.0220928 0.101172 0.0646454 0.0735518 0.0572015 0.0765562 0.088932 0.416677 0.0857021 0.0655632
internal_weight=0 1898.93 3600.69 3358.26 242.432 3356.67 1047.72 873.387 851.219 346.835 174.328 158.198 756.198 12.1712 62.1942 3009.84 46.2446 44.1992 337.335 4.35346 5.92316 332.982 34.8096 604.681 156.484 63.2906 23.4416 0.357469 2963.59 91.1042
internal_count=300968 115207 185761 169331 16430 157934 51805 42312 63402 13623 9493 8256 55058 997 7145 144311 28858 28410 13031 625 1501 12406 20181 30555 6354 2228 12271 638 115453 3639
is_linear=0
shrinkage=0.1


Tree=94
num_leaves=31
num_cat=0
split_feature=86 86 156 86 199 152 10 148 117 223 156 181 77 204 214 69 184 130 6 150 73 157 10 85 6 112 194 206 225 132
split_gain=34.58 13.3525 5.54473 4.66856 4.29355 5.166 4.83621 4.70271 4.11731 4.19435 4.67017 4.09859 5.53297 4.89765 3.93905 3.85014 5.58172 5.09686 4.04418 4.03238 3.84426 4.27751 3.82907 3.99072 5.05676 6.99641 4.62809 4.56978 4.0051 3.78597
threshold=-1.1183982491493223 -0.6793040633201598 1.0000000180025095e-35 -0.93589836359024037 -0.028134910389780995 0.090563144534826293 238.50000000000003 -0.048966564238071435 0.044661140069365508 -0.14143519103527066 0.083722744137048735 -0.11262843012809752 0.39297385513782507 0.10029948502779008 0.18619229644536975 135.79181671142581 -0.24122363328933713 -0.037841051816940301 1.0000000180025095e-35 -0.048835147172212594 0.33602151274681097 0.52174842357635509 101.50000000000001 66.500000000000014 0.045663053169846542 -0.021075037308037278 0.17430475354194644 0.11286423355340959 0.052871797233819968 0.043813161551952369
decision_type=2 2 2 2 2 2 8 2 2 2 2 2 2 2 2 2 2 2 10 2 2 2 8 2 10 2 2 2 2 2
left_child=-1 2 -2 4 5 6 7 -4 9 10 -8 13 22 -3 15 -5 -17 -18 -19 -20 -6 -22 23 24 25 -13 27 29 -26 -25
right_child=1 11 3 14 20 -7 8 -9 -10 -11 -12 12 -14 -15 -16 16 17 18 19 -21 21 -23 -24 26 28 -27 -28 -29 -30 -31
leaf_value=0.056793058113544785 -0.075526945199181392 0.1117814572002121 0.026260294402241743 0.083891630513507051 0.069861270268210249 -0.0005916024688931526 0.36626077329795792 0.10074343344101039 0.049872954090580589 0.079179203050107907 0.12271623091305157 0.10907294940690784 -0.14229212067377178 -0.016409039183058353 0.1158188656943257 -0.053271405150529319 -0.0063620857955108585 0.036408882936545421 -0.18987640273529063 0.088174383501451084 0.20022372732978044 0.091187607706852095 0.089010740301716074 0.13242257486143702 0.11884536708411042 -0.02365900613895865 0.42669122951261207 -0.021772325276646909 0.029649633295565636 0.56356603020986795
leaf_weight=526.34646133334172 2.263972876706247 140.30942068496017 8.9060890789705791 2375.8436266699828 729.70586337356235 7.3193439739934538 0.85037574877787747 175.8623790394322 47.617951871598052 304.53556631105857 10.626086504547855 8.0603111212283221 1.0158038772469797 3.0450934441068958 37.236014686390263 3.8731641221620512 8.2673794350284862 20.782760229340965 0.52523196073889167 74.81333373589041 4.1866786709824764 25.584565338642278 884.18983245392997 43.580427434100557 43.611080208087742 7.8279872503268271 0.5238340641853928 1.9564221242299016 5.6910776055285615 0.20462921799116784
leaf_count=39153 14301 6462 1478 111621 43680 594 75 15013 1852 8601 163 2343 151 501 1673 751 1024 4169 92 3246 1315 535 25492 6608 3577 4516 330 826 884 46
internal_value=0 0.0837455 0.0809234 0.0810157 0.0761858 0.0828653 0.0839792 0.0971532 0.0772851 0.0814157 0.140762 0.0932485 0.0909745 0.109058 0.0835352 0.0830512 0.0646085 0.0689823 0.0754626 0.0862359 0.0712983 0.106521 0.0912125 0.108679 0.0927386 0.0436774 0.131141 0.127756 0.108549 0.134438
internal_weight=0 4978.82 3838.8 3836.54 1315.19 555.718 548.398 184.768 363.63 316.012 11.4765 1140.02 996.661 143.355 2521.34 2484.11 108.262 104.389 96.1213 75.3386 759.477 29.7712 995.646 111.456 65.1905 15.8883 46.2653 45.7415 49.3022 43.7851
internal_count=301072 261919 210183 195882 73306 27776 27182 16491 10691 8839 238 51736 44773 6963 122576 120903 9282 8531 7507 3338 45530 1850 44622 19130 11320 6859 7810 7480 4461 6654
is_linear=0
shrinkage=0.1


Tree=95
num_leaves=31
num_cat=1
split_feature=63 74 66 160 81 182 137 237 112 170 142 152 13 99 191 79 170 163 12 229 121 133 117 94 210 152 96 129 160 122
split_gain=17.5181 14.518 10.6181 7.09088 6.17137 6.83265 6.21747 6.13276 6.51535 5.77336 5.56708 5.48397 5.39926 5.67354 5.30826 5.14649 7.46733 6.50843 5.75154 5.94821 6.29571 5.83501 5.55237 5.1881 5.06316 7.95827 6.11995 6.42202 5.39705 4.97371
threshold=0.33389289677143102 0.33602151274681097 0.7440759837627412 1.0000000000000002 0.26713615655899053 -0.033262830227613442 -0.0067484774626791469 0 0.0174652673304081 0.41605599224567419 0.019073587842285637 -0.0043484400957822791 0.03455739654600621 -0.048643389716744416 -0.12125188857316969 0.3081014752388001 0.51491400599479686 -0.2814673632383346 55.500000000000007 -0.0094249686226248724 0.045304734259843833 0.03617373853921891 -0.011540917679667471 -0.093650426715612398 0.035598902031779296 0.065023697912693038 -0.20748711377382276 0.014275002293288709 1.0000000000000002 0.043207855895161636
decision_type=2 2 2 2 2 2 2 9 2 2 2 2 10 2 2 2 2 2 10 2 2 2 2 2 2 2 2 2 2 2
left_child=1 4 29 -3 9 6 -6 -4 -9 10 -1 -7 -5 -14 -13 17 22 -11 19 21 -21 -19 23 -17 -18 26 -26 28 -28 -2
right_child=2 3 7 12 5 11 -8 8 -10 15 -12 14 13 -15 -16 16 24 18 -20 20 -22 -23 -24 -25 25 -27 27 -29 -30 -31
leaf_value=0.09519006400469239 0.086940884796087692 0.075537104122537196 0.013702571070299438 0.026354826430921314 0.077812867064330021 0.11516859274159413 0.034641542888404438 0.053697603784943863 0.087275108289711703 0.07902196872972761 0.13922133177478599 0.0066153642681909654 -0.0098977433578697847 0.073214119093888391 0.080977104478161741 0.11385247628242022 0.08842381437177721 0.044245374418408666 0.09503195592832836 0.097753365465745437 0.021884455382378334 0.142347342557754 0.10434108666488395 0.074933197371097979 -0.024096547807934361 -0.056502192426548747 0.096888177381908969 0.037840623380285252 0.055486736368574929 0.05416502464097242
leaf_weight=129.19668618351716 237.21033491463118 361.62487143888188 56.436134263072063 59.689015120303793 63.239000076800494 45.248414545944115 70.605434901533613 229.63334298674454 77.221609982578684 1496.6525819099043 36.920548598627647 10.615616837319974 9.1172333602107738 82.861276946514181 100.30007308335428 44.777142928938019 738.01787198218813 67.801050302303338 599.56596840547729 100.08803108530071 12.279349288317006 6.6583964769829427 466.78024613437663 145.70859404488738 6.2019415827980984 4.8105020559225968 113.66031865523996 34.616196271330409 43.551328149030837 57.527403812599005
leaf_count=5808 8427 21360 6734 8302 3059 3225 4623 18447 4277 45826 1038 1177 868 3234 7809 2535 27164 20411 31424 22502 4003 1086 24651 9745 696 489 3990 2198 3092 2744
internal_value=0 0.0838285 0.0664407 0.0679253 0.0857105 0.071619 0.0550392 0.054999 0.0601862 0.0867202 0.104976 0.0858291 0.0497764 0.0649758 0.07386 0.0859389 0.0902912 0.0828922 0.0902581 0.0749376 0.0894625 0.053018 0.0984697 0.0840819 0.084578 0.0705851 0.0736723 0.0768333 0.085419 0.0805436
internal_weight=0 4850.59 658.029 513.292 4337.3 290.009 133.844 363.291 306.855 4047.29 166.117 156.164 151.668 91.9785 110.916 3881.17 1598.12 2283.05 786.393 186.827 112.367 74.4594 657.266 190.486 940.858 202.84 198.03 191.828 157.212 294.738
internal_count=300944 260315 40629 33764 226551 19893 7682 29458 22724 206658 6846 12211 12404 4102 8986 199812 74560 125252 79426 48002 26505 21497 36931 12280 37629 10465 9976 9280 7082 11171
cat_boundaries=0 2
cat_threshold=1109398665 4929953
is_linear=0
shrinkage=0.1


Tree=96
num_leaves=31
num_cat=0
split_feature=86 86 86 83 93 194 229 94 162 139 12 88 146 219 174 224 161 139 163 225 104 104 152 221 22 164 2 85 195 179
split_gain=38.76 9.43839 7.02635 5.56651 5.39862 4.90449 4.41261 4.43659 4.60661 6.31397 6.16378 4.7541 4.69134 4.56102 4.42324 4.39509 4.26558 4.07624 4.02263 3.95319 3.93877 4.28539 4.32629 3.91243 4.87264 4.16256 3.89532 3.88504 3.87657 4.43009
threshold=-0.95728516578674305 -1.1543014049530027 -0.57491785287857045 8.5000000000000018 0.13221641629934314 -0.13235209882259366 -0.020702232606709 0.26761838793754583 77.852260589599624 -0.0092538245953619463 415.50000000000006 0.7782278060913087 -0.020241084508597847 0.11486420407891275 -0.2913565188646316 -0.097999230027198778 3.6289408206939702 -0.05396448262035846 0.3110466748476029 0.050014058127999313 0.047997461631894119 1.0000000180025095e-35 -0.0056675684172660104 -0.044397469609975808 1.0000000180025095e-35 4.6298508644104013 0.063214566558599486 50.500000000000007 -0.10760623589158057 0.075266610831022276
decision_type=2 2 2 2 2 2 2 2 2 2 10 2 2 2 2 2 2 2 2 2 2 2 2 2 2 2 10 2 2 2
left_child=1 27 3 4 28 -6 7 8 9 17 20 13 -12 -10 -13 -7 -8 -3 -18 -19 21 22 -11 -17 -25 -26 -16 -1 -2 -30
right_child=2 6 -4 -5 5 15 16 -9 11 10 12 14 -14 -15 26 23 18 19 -20 -21 -22 -23 -24 24 25 -27 -28 -29 29 -31
leaf_value=0.065951842644456402 0.095913587661914712 -0.05542634685846945 0.09793175949174629 0.094931878060449573 0.10372364028709145 0.032420589903765715 0.084258186180032196 -0.075235989081947924 0.084373005540707008 0.074126234434124735 -0.016389476386381812 0.13427890301496667 0.091520864988680811 -0.099763356425357816 0.061335314742636197 0.088555946770398478 0.071731533674627201 0.093699096685092229 0.007948977841611202 0.01351985524428605 -0.052119432708175741 0.087732076913422052 0.0016153384816596237 0.072512488774429951 -0.0061329653966694427 0.063667382092574859 0.0087056160074270028 0.045997099185565944 0.082273899419147437 0.09530051683866024
leaf_weight=190.78108551614901 346.8645974202359 2.1909867634960838 562.54654525334217 562.30744798189698 53.929232980216284 26.598282970316632 453.58316858933927 2.2448928612386672 175.86155731303529 10.319662745183903 4.7893351000348074 6.0387296782864714 25.368871065204075 1.3555573929857008 44.829511582732493 134.99987535157607 394.04194241785103 48.906340807169272 10.142452541512283 7.0336531225893841 6.8047667518007975 10.060855863966252 40.601281216166853 294.82427111063612 15.289043096408021 19.365125686373176 20.491226682446268 199.69020030174602 1586.8364235944177 312.47316500918032
leaf_count=13087 15130 257 23174 25633 3041 2111 28058 373 9666 767 233 157 742 450 2845 6652 15720 3819 6114 871 926 1216 5102 17202 1637 568 1368 16220 78416 19450
internal_value=0 0.069337 0.0875896 0.0858547 0.084026 0.0750977 0.073533 0.0649567 0.0657344 0.0522693 0.0367741 0.0741889 0.0743839 0.0829645 0.0523952 0.0719541 0.0776014 0.0783771 0.070131 0.0836177 0.0200415 0.0280937 0.0163104 0.074218 0.0683432 0.0328722 0.0448253 0.0557468 0.0861924 0.084417
internal_weight=0 1655.14 3916.03 3353.49 2791.18 545.006 1264.66 406.897 404.652 156.076 97.9448 248.577 30.1582 177.217 71.3595 491.077 857.768 58.131 404.184 55.94 67.7866 60.9818 50.9209 464.478 329.478 34.6542 65.3207 390.471 2246.17 1899.31
internal_count=301005 107991 193014 169840 144207 31211 78684 28792 28419 13933 8986 14486 975 10116 4370 28170 49892 4947 21834 4690 8011 7085 5869 26059 19407 2205 4213 29307 112996 97866
is_linear=0
shrinkage=0.1


Tree=97
num_leaves=31
num_cat=0
split_feature=86 86 17 93 214 1 215 131 157 156 168 170 219 141 77 218 93 149 203 171 74 176 230 56 102 116 219 194 81 144
split_gain=32.4003 17.1767 7.21523 5.96293 5.67061 5.24463 5.00753 5.88145 4.49133 6.53445 5.81519 5.6752 5.51391 6.64368 5.30228 5.51708 5.42073 6.44709 5.24299 4.98815 5.18857 6.82139 4.79405 6.13825 5.99665 7.6941 4.78206 4.81028 4.7449 4.66099
threshold=-1.1543014049530027 -0.6793040633201598 10.500000000000002 0.33721725642681127 0.18619229644536975 0.15707236528396609 -0.045930363237857812 -0.031805181875824921 0.56941726803779613 0.14523021876811984 2.8699128627777104 0.47978931665420538 -0.10437352582812308 0.0088183223269879835 0.21370023488998416 -0.039882706478238099 -0.012026390992105005 -0.02430220507085323 0.033035611733794219 -0.19925237447023389 0.12588027864694598 0.16188748180866244 -0.088264752179384218 1.0000000180025095e-35 0.030049264430999759 0.028583102859556678 0.0176397142931819 -0.154803991317749 0.06768208742141725 0.053581330925226218
decision_type=2 2 2 2 2 10 2 2 2 2 2 2 2 2 2 2 2 2 2 2 2 2 2 2 2 2 2 2 2 2
left_child=-1 2 3 4 8 -4 7 -5 10 -10 -2 -11 13 29 16 -16 17 19 22 28 -21 -22 23 24 25 -13 27 -19 -14 -12
right_child=1 -3 5 6 -6 -7 -8 -9 9 11 12 18 14 -15 15 -17 -18 26 -20 20 21 -23 -24 -25 -26 -27 -28 -29 -30 -31
leaf_value=0.053504373465792544 0.045010340508550684 0.094527266048383685 0.093288400459218185 0.092696458157642631 0.11205617558684887 -0.014713058815655117 0.070883907499729545 0.012295373822633441 0.10081474152279653 0.092991948252858933 0.063138026765316213 0.04849336510729222 -0.09195427641454329 -0.0044627382965237534 0.017553289587883724 0.070725111886713862 0.074689704040240446 0.013564157792755056 0.086058444846564108 0.11420656788394073 0.26191895216030608 1.1593704568694376 0.075345394897074439 -0.16319237596557676 0.082178668390255338 -0.07340990712387549 0.068260769467580654 0.095281906264574723 0.095291879858753689 0.3161300784501635
leaf_weight=382.15581775410919 60.772628635209003 1137.98839249703 465.98292391418727 12.474177854591288 54.785334565811354 4.5401100295784991 185.43597634274147 33.619218344502315 181.42489779162133 314.58431903246674 66.95917729149744 19.613149126957072 2.2763315512684121 16.74303837439686 27.010676548762376 70.309156118040164 680.95701587587575 7.4817418464344874 522.0835492807073 95.320027845339268 0.70968128836648148 0.096170726545551588 819.26042389330723 1.3779438970814215 28.71981595017678 7.0346150968816792 141.77292679978484 193.62624915435913 3.3375718409744195 0.7362294290387571
leaf_count=29349 17541 51679 21034 712 2529 1008 11963 3546 3228 3006 6644 718 432 2789 2923 7707 63173 1491 7551 7860 229 25 14637 93 565 292 16650 21453 472 83
internal_value=0 0.0836815 0.0806105 0.0790676 0.0801506 0.0922463 0.0635518 0.0340542 0.0796148 0.0827683 0.0752489 0.0808566 0.0766546 0.0519395 0.0783611 0.0559675 0.0802973 0.0888856 0.078126 0.110992 0.116343 0.369021 0.0733985 0.0452896 0.0504782 0.0163127 0.0823262 0.0922418 0.0193671 0.0658895
internal_weight=0 5157.03 4019.05 3548.52 3316.99 470.523 231.529 46.0934 3262.21 1894.1 1368.11 1712.67 1307.34 84.4384 1222.9 97.3198 1125.58 444.621 1398.09 101.74 96.1259 0.805852 876.006 56.7455 55.3676 26.6478 342.881 201.108 5.6139 67.6954
internal_count=301382 272033 220354 198312 182091 22042 16221 4258 179562 30090 149472 26862 131931 9516 122415 10630 111785 48612 23856 9018 8114 254 16305 1668 1575 1010 39594 22944 904 6727
is_linear=0
shrinkage=0.1


Tree=98
num_leaves=31
num_cat=0
split_feature=86 86 86 93 93 17 228 172 157 231 111 10 157 188 99 77 156 170 165 122 121 109 8 4 10 102 85 163 198 101
split_gain=31.051 12.0375 7.29847 5.90492 5.46789 4.38303 5.98522 4.60422 4.22486 4.14661 5.07528 4.28459 4.03796 7.09168 5.26234 5.06699 4.99673 4.68997 4.07753 4.11172 4.05588 4.57298 4.05619 4.08338 3.94684 4.54566 3.93576 6.72941 5.13509 5.1986
threshold=-0.93589836359024037 -1.1852712035179136 -0.6793040633201598 -0.085487324744462953 0.36510318517684942 20.500000000000004 0.045386489480733878 -0.1112401597201824 0.49323970079422003 1.0000000180025095e-35 0.03852080553770066 71.500000000000014 0.56416428089141857 -0.20489709079265592 0.050119778141379363 0.21370023488998416 0.033150184899568565 0.39896512031555181 104.50000000000001 -0.0601169466972351 0.062282778322696693 0.068225577473640456 0.24808456003665927 0.12985546141862872 29.500000000000004 0.10167477652430536 59.500000000000007 0.53187647461891185 0.066404167562723174 -0.10927823930978774
decision_type=2 2 2 2 2 2 2 2 2 2 2 8 2 2 2 2 2 2 2 2 2 2 10 8 8 2 2 2 2 2
left_child=1 -1 3 5 -3 7 8 -2 -7 11 -11 -6 13 16 26 20 24 -16 19 -19 -15 22 -22 -24 25 -5 27 -14 29 -28
right_child=2 4 -4 12 9 6 -8 -9 -10 10 -12 -13 14 15 17 -17 -18 18 -20 -21 21 -23 23 -25 -26 -27 28 -29 -30 -31
leaf_value=0.054146276404514082 0.078041649242199251 0.077692037102470496 0.094377824064763222 0.15930282185846065 -0.089663830266664579 0.303362319137992 -0.15750780187087629 0.09632536682993717 0.13968501861035224 0.018854421894591779 0.071506810735092199 0.074492605148921712 0.09005990099971653 0.083213624716838047 0.16331045671462585 0.049922309328230587 -0.00032108559589399087 -0.0011797382080239913 0.0080065888759909467 0.095178994806566317 0.03918275194750296 -0.012635694733996811 0.099848783228902172 -0.050069676601367186 0.15495314173839195 2.0809781543992738 0.037892773423743004 -0.02915413927785503 0.093870319112721756 0.073290375001273667
leaf_weight=319.4999406613324 188.92728461377158 1341.7448242416704 1131.9184353599758 0.026191725629930773 1.6148589971926401 1.8297976649314449 0.61225991597348262 508.24307421923402 11.415375516989569 43.205140979299358 31.768529675162881 103.22423392239443 341.81285722103348 514.47405423547752 9.6772750997915846 61.237301780099642 17.416493696879115 4.4801244571281122 5.5849352794175493 383.18798368398529 28.313364230988896 8.2134310578915102 30.597742160442067 1.9314953010552915 1.5895795466269647 0.023224093163662474 48.578004072656768 4.801536281953303 100.97236869500557 284.33117377220333
leaf_count=24443 8951 80891 51656 115 1963 232 145 25775 203 4319 2285 4293 4056 57056 7 7483 3098 115 101 5205 6071 1133 1686 437 500 3 997 1082 1624 5393
internal_value=0 0.0717922 0.087692 0.0847338 0.0754975 0.0924776 0.148167 0.0913706 0.162297 0.0591222 0.0411648 0.0719641 0.0817531 0.0755105 0.0852548 0.0772874 0.0153877 0.0945356 0.0928432 0.0940654 0.0801592 0.0574034 0.0668583 0.090947 0.182314 1.06244 0.0804635 0.0884085 0.0741165 0.0681252
internal_weight=0 1841.06 3690.2 2558.28 1521.56 711.028 13.8574 697.17 13.2452 179.813 74.9737 104.839 1847.25 663.823 1183.43 644.767 19.0555 402.93 393.253 387.668 583.53 69.056 60.8426 32.5292 1.639 0.0494158 780.496 346.614 433.882 332.909
internal_count=301318 118194 183124 131468 93751 35306 580 34726 435 12860 6604 6256 96162 77582 18580 73866 3716 5428 5421 5320 66383 9327 8194 2123 618 118 13152 5138 8014 6390
is_linear=0
shrinkage=0.1


Tree=99
num_leaves=31
num_cat=0
split_feature=86 86 86 156 12 179 6 191 166 17 184 227 126 179 124 10 125 228 103 138 175 168 214 179 213 101 120 9 160 3
split_gain=38.1446 8.62769 6.30733 5.25891 10.4032 5.06291 4.79522 6.53229 6.02042 4.09703 4.60837 4.47713 5.26342 3.99647 4.90477 5.36428 4.80446 4.80329 4.10074 3.99005 3.93086 4.02361 3.97259 3.90557 8.84262 6.33349 4.72053 4.70411 4.21166 4.109
threshold=-0.94727969169616688 -1.1852712035179136 -0.6793040633201598 0.5317540466785432 72.500000000000014 0.10073461011052133 0.045663053169846542 -0.10605961456894873 0.42738772928714758 12.500000000000002 0.2859159409999848 0.056928638368844993 -0.019227256998419758 0.075266610831022276 -0.020142800174653527 34.500000000000007 0.02877133805304766 -0.046584602445363991 -0.036857035011053078 -0.019011493772268292 0.020341969095170501 3.2487963438034062 0.18619229644536975 -0.14294929802417752 -0.10121362283825873 -0.10205466672778128 0.02136939857155085 0.023588683456182483 2.0000000000000004 0.17694497108459475
decision_type=2 2 2 2 8 2 10 2 2 2 2 2 2 2 2 8 2 2 2 2 2 2 2 2 2 2 2 10 2 10
left_child=1 5 3 9 -5 -1 8 -8 -6 10 13 -11 -13 20 -15 16 18 -17 -16 -18 22 -22 -2 24 -3 26 27 -25 29 -26
right_child=2 23 -4 4 6 -7 7 -9 -10 11 -12 12 -14 14 15 17 19 -19 -20 -21 21 -23 -24 25 28 -27 -28 -29 -30 -31
leaf_value=0.050403783098492673 0.079591356760552082 -0.046588868540339841 0.09370894581400184 -0.074731564340118697 -0.066592072141073599 0.088999515047317193 0.00018421350317405829 0.087688597045793237 0.055535723473314695 0.10413252459603189 0.11550521326642048 -0.12659776621098923 0.067800131726089938 0.077250564471639388 0.23511123679800383 0.060155600726957338 -0.11572547993385274 0.10408894967181288 0.038255527249782428 0.41785699865793957 0.11369847162473373 0.086224939710406859 0.11786253241155248 0.083885597567425557 0.048487436609571277 0.071884925334243871 0.10922792744026646 0.0069487227905375287 0.0044071023014623173 0.081950850912516346
leaf_weight=287.87096103062436 1548.9036771711767 7.6044119131408925 1148.7750162060397 4.9835532909974054 4.645270703957066 38.537692394029818 9.2124240373086632 115.355743561282 30.796821772106341 184.3326430010959 47.821668358394163 1.53774961683803 14.774659060896054 125.62048069082584 2.3040023357971222 28.007680458721325 0.15788023170171062 223.25247803721459 1.9570363531805686 1.2475068885581775 70.659384041849194 217.07195955741497 27.605933555015781 99.055538985783755 62.574218000067958 1038.6123998228204 85.075214331146185 8.6402867655394839 11.142632930911985 88.720462104356557
leaf_count=21327 80046 1581 51683 1402 339 3339 160 1077 390 7001 1788 406 1269 8731 424 2484 420 9788 2535 617 6189 10356 1100 5801 5572 62828 5737 1404 1151 4685
internal_value=0 0.0696026 0.0875165 0.0848425 0.0675518 0.0549606 0.0719833 0.0812172 0.0395289 0.0859858 0.0847876 0.0996888 0.0494745 0.0841337 0.0934441 0.101362 0.19758 0.0991917 0.144698 0.357915 0.0822232 0.0929717 0.0802615 0.0730129 0.0588068 0.0749746 0.0916214 0.0777131 0.0637408 0.0681107
internal_weight=0 1727.83 3809.02 2660.25 164.994 326.409 160.01 124.568 35.4421 2495.25 2294.61 200.645 16.3124 2246.79 382.547 256.927 5.66643 251.26 4.26104 1.40539 1864.24 287.731 1576.51 1401.43 170.042 1231.38 192.771 107.696 162.437 151.295
internal_count=301630 113425 188205 136522 3368 24666 1966 1237 729 133154 124478 8676 1675 122690 24999 16268 3996 12272 2959 1037 97691 16545 81146 88759 12989 75770 12942 7205 11408 10257
is_linear=0
shrinkage=0.1


Tree=100
num_leaves=31
num_cat=0
split_feature=86 86 86 157 163 93 182 93 216 152 208 8 90 125 197 141 93 0 214 217 17 144 157 41 8 145 179 127 5 186
split_gain=28.5137 11.0893 6.13562 5.80076 5.16591 5.1042 4.79116 4.69285 6.56719 6.36096 4.94684 4.94232 4.679 4.42995 4.32738 5.99767 4.29294 4.28406 4.44099 4.21333 4.14816 4.14097 4.05219 4.29772 6.06459 4.22067 3.99951 3.99105 4.65273 3.88785
threshold=-0.95728516578674305 -1.1543014049530027 -0.66616135835647572 0.51077222824096691 0.28505723178386694 -0.085487324744462953 -0.12281950935721396 0.037879498675465591 0.034930087625980384 0.039510805159807212 0.10385600477457048 0.42091573774814611 1.3224789500236513 0.084147635847330107 -0.017024424858391281 0.0070413812063634404 0.36510318517684942 0.16282923519611361 0.10337210074067117 -0.10020126029849051 20.500000000000004 1.0000000180025095e-35 0.42517314851284033 1.0000000180025095e-35 0.10455491766333581 0.015336560085415842 0.019398883916437629 0.0085298530757427233 0.041885966435074813 -0.20112127065658567
decision_type=2 2 2 2 2 2 2 2 2 2 2 8 2 2 2 2 2 8 2 2 2 2 2 2 8 2 2 2 8 2
left_child=1 -1 5 7 13 20 -6 9 12 10 27 -10 -9 -4 15 -14 -5 -18 -19 -8 -2 -20 23 -7 -25 -26 -27 -3 -29 -17
right_child=2 3 4 16 6 22 19 8 11 -11 -12 -13 14 -15 -16 29 17 18 21 -21 -22 -23 -24 24 25 26 -28 28 -30 -31
leaf_value=0.056784245799235668 0.090524720582471421 0.11994949714494643 0.091090061328513883 0.081427369271184769 -0.035890804486649157 0.038766154096910074 0.038703751810311521 -0.03390811945396955 -0.0051643288659687508 0.030881044907936014 -0.0079227678005497956 0.076567532889035644 0.0038740541048537624 -0.13383330113258854 0.082740178710215828 0.47880208693322068 -0.031913391381781293 0.070179760340826333 -0.12150887621061855 0.11769881336611659 0.1440817976035727 0.041822454990571488 0.082713339055069848 0.39927217109379187 0.021511030500499906 0.43942546950006278 -0.078680408106351352 -0.093253842271972642 0.080648339999217097 0.082638955203667652
leaf_weight=390.04024529421054 783.86045767201722 41.205305878744753 912.01815196249436 942.39527726225833 2.1750819944516016 34.591174033791731 7.1141305378250754 4.703500930831523 29.133940995431658 20.631252174889596 4.4515436614826731 9.9169968284995758 19.949529710342972 0.87648954103133192 67.378251238863754 0.25240444047267274 4.7321785553212967 108.12656593034262 2.3107734235964008 132.60605640305243 14.733621863957977 4.7288452594293631 2040.5847907438767 0.77879080978482251 2.3529875138292486 0.53493949902895099 0.20651342115070292 1.6512516859940003 22.531739303338782 13.348778732487515
leaf_count=29422 38233 7462 27549 25945 899 18589 1288 1329 7214 5844 1514 1748 5710 114 11342 59 849 1903 87 16955 585 71 86895 212 1358 182 143 1562 3475 2871
internal_value=0 0.0715692 0.0871089 0.0760139 0.0936332 0.0847174 0.111384 0.0618023 0.0506315 0.079667 0.0940788 0.0155915 0.0635853 0.0908741 0.0681287 0.0387851 0.0791599 0.0613375 0.0651692 0.113677 0.0915128 -0.0117915 0.0821072 0.0499513 0.149844 0.0870699 0.29512 0.101023 0.068774 0.0899908
internal_weight=0 1687.49 3932.43 1297.45 1054.79 2877.64 141.895 235.154 144.683 90.4711 69.8398 39.0509 105.632 912.895 100.929 33.5507 1062.29 119.898 115.166 139.72 798.594 7.03962 2079.05 38.4644 3.87323 3.09444 0.741453 65.3883 24.183 13.6012
internal_count=301409 108407 193002 78985 46805 146197 19142 50130 30273 19857 14013 8962 21311 27663 19982 8640 28855 2910 2061 18243 38818 158 107379 20484 1895 1683 325 12499 5037 2930
is_linear=0
shrinkage=0.1


Tree=101
num_leaves=31
num_cat=0
split_feature=86 86 93 86 67 160 165 194 12 166 112 203 17 124 222 118 80 138 71 17 187 166 198 155 163 74 165 194 151 132
split_gain=29.6957 14.1932 6.28998 5.26955 6.11616 5.1537 5.3479 4.80091 5.57819 5.11326 4.95597 4.75193 4.73459 4.70796 5.11781 6.64078 4.51032 4.37521 4.37127 4.31156 8.53453 4.44433 4.48713 5.03743 4.60234 4.32089 4.51637 4.30422 5.47247 4.29447
threshold=-1.1543014049530027 -0.83693176507949818 0.41272683441638952 -0.57491785287857045 2.4479482173919682 1.0000000000000002 90.500000000000014 -0.154803991317749 126.50000000000001 0.5544036626815797 -0.069320041686296449 -0.15948425978422162 11.500000000000002 -0.041418759152293198 -0.057154655456542962 0.026618920266628269 0.020204081200063232 -0.0060191242955625049 0.196574941277504 7.5000000000000009 -0.19459274411201474 0.10155451297760011 0.066404167562723174 -0.041426176205277436 1.0809228420257571 0.083920188248157515 61.000000000000007 -0.014991636388003824 -0.023766456171870228 -0.010856271721422671
decision_type=2 2 2 2 2 2 2 2 8 2 2 2 2 2 2 2 2 2 2 2 2 2 2 2 2 2 2 2 2 2
left_child=29 2 5 19 -5 6 12 18 9 10 11 -9 17 -8 15 -15 -11 -2 -7 21 -21 -3 24 -24 25 26 -23 28 -28 -1
right_child=1 3 -4 4 -6 7 13 8 -10 16 -12 -13 -14 14 -16 -17 -18 -19 -20 20 -22 22 23 -25 -26 -27 27 -29 -30 -31
leaf_value=0.074539042250217485 0.0902330319956169 0.10017457007387665 0.054028407287326663 0.091269646206368849 0.11406624598553744 0.10079928400418461 -0.037923464088264518 0.58392105053882293 0.073826918501663383 0.075137425120189894 0.049970302822703483 0.12996891961510987 0.10384284764716689 0.067184970140874239 0.07602663142733522 -0.057664911037037629 -0.0062541545708353066 0.078323219749286188 -0.18443046344691602 -0.017269534755265135 0.09739446988012751 0.061734015306504332 -0.020079208504226231 0.093150354691125564 -0.082095865043225358 0.07204300475782012 0.11514944347369434 0.094700648384572414 0.072154109536672645 0.049640517688485458
leaf_weight=90.915857590702217 531.73216944822354 170.18007995396624 97.601381729416971 397.20149011705905 167.24346070870217 69.334558761986045 4.4416456131402802 0.23840383089918749 680.01914660615694 9.4262523400085438 22.620848818504214 7.0402314129805772 123.41782177821278 10.752062555440718 97.226448727780053 7.0562444313936785 24.516076927766107 734.56993716251134 0.54149770734875247 6.585382868976466 453.90446670453207 75.032761768928253 3.9672787873187181 407.87865364304662 1.7521514108705094 416.64304674945276 34.105179623930326 364.60909982922084 224.27017172344 290.99139893098254
leaf_count=5809 25821 8547 7019 15037 8051 3782 569 37 28500 2231 14740 1230 4882 784 4615 659 6530 41050 89 778 20183 4274 302 19348 3482 21306 1336 15629 11016 23543
internal_value=0 0.0844692 0.0788975 0.0894214 0.0980242 0.0799424 0.0834011 0.0735277 0.0711736 0.0429112 0.0730645 0.144838 0.0851465 0.063099 0.0669996 0.0177153 0.0163494 0.0833243 0.0985889 0.0871722 0.0957547 0.0848453 0.0831383 0.0920596 0.0798472 0.0801017 0.0849119 0.0877035 0.0778294 0.0555678
internal_weight=0 5143.91 2420.53 2723.37 564.445 2322.93 1509.2 813.737 743.861 63.8418 29.8995 7.27864 1389.72 119.476 115.035 17.8083 33.9423 1266.3 69.8761 2158.93 460.49 1698.44 1528.26 411.846 1116.41 1114.66 698.017 622.984 258.375 381.907
internal_count=301179 271827 142538 129289 23088 135519 78380 57139 53268 24768 16007 1267 71753 6627 6058 1443 8761 66871 3871 106201 20961 85240 76693 19650 57043 53561 32255 27981 12352 29352
is_linear=0
shrinkage=0.1


Tree=102
num_leaves=31
num_cat=0
split_feature=86 86 86 216 5 115 171 184 146 154 230 104 180 118 204 157 129 204 97 164 175 121 151 150 191 157 185 202 192 126
split_gain=38.5276 10.7632 5.5229 5.05021 5.10985 5.82355 6.37111 4.69733 5.40248 4.56604 4.9092 4.31634 4.00772 4.4365 4.58672 3.99958 3.92285 4.23521 4.72047 3.88145 4.29187 3.98185 3.81212 4.02088 4.15195 3.77757 5.90039 4.2406 5.01285 7.77202
threshold=-1.0724866986274717 -0.82948100566864003 -1.1852712035179136 -0.094437565654516206 0.13079115748405459 0.071069803088903441 -0.029621206223964688 -0.11222951859235762 -0.044838115572929375 0.010621893685311081 0.06742535158991815 -0.053991200402379029 0.08631454780697824 0.059493795037269599 0.011637271381914617 0.38639315962791448 0.0010084913228638472 0.18575677275657657 -0.061901528388261788 4.7833075523376474 -0.16777624934911725 -0.055676680058240884 0.034024782478809364 -0.040066543966531747 -0.12125188857316969 0.5454775094985963 -0.055187338963150971 0.015434639994055034 -0.027126710861921307 -0.050850834697484963
decision_type=2 2 2 2 8 2 2 2 2 2 2 2 2 2 2 2 2 2 2 2 2 2 2 2 2 2 2 2 2 2
left_child=2 15 -1 -4 5 -5 -7 8 9 10 -3 12 -10 14 -14 -2 -9 25 -19 20 -13 -21 23 -6 -25 26 -18 28 29 -27
right_child=1 7 3 4 22 6 -8 16 11 -11 -12 19 13 -15 -16 -17 17 18 -20 21 -22 -23 -24 24 -26 27 -28 -29 -30 -31
leaf_value=0.049790372857508508 0.031381344512509422 -0.036478902288284092 0.098715465589793383 0.074298237590174149 0.10576363977791936 0.067737917800145167 -0.097717821338753064 0.089984407769200692 0.088774416046869087 0.11515577992708421 0.097198619311330059 -0.0054920631458723092 0.073252819042959147 -0.16930889673754199 -0.094879457602874681 0.079339672609579512 0.094039675944757983 0.098112706747346068 -0.076620382856480984 0.026395987069456357 0.1132833512795088 0.0950828601532651 -0.044276181596349551 -0.02445983549569097 0.049728571110598009 -0.057765896645277572 0.056647762782859185 0.095194449836024028 0.086506501120910975 0.067462823457594398
leaf_weight=318.88206863199412 17.530700045658705 8.0815243430267873 45.346757460053368 251.46942277031462 11.743433989228832 5.2390763010826049 4.1874312052723308 1267.8724241508339 84.276835330188987 6.0497118696648604 4.1620723939026893 3.0812415354894247 10.151142153480121 1.0353756979147863 1.9312488377604484 2158.6201986562437 63.861706220740871 2.7383653319484438 3.5509905334963596 9.1118605763581382 240.33300612702965 114.44572460188238 4.4306345755735483 8.1538370234466111 100.79917398242469 5.1693926271836963 124.42233275851436 264.2972065327931 269.6066778633558 120.02134824939094
leaf_count=24541 13097 649 2909 16613 601 470 351 60859 4320 255 121 474 508 156 408 109616 9175 113 247 412 11266 2663 433 1188 7086 181 20078 5056 4572 2969
internal_value=0 0.0841441 0.0597694 0.0671463 0.0634378 0.0714056 -0.00576062 0.0884817 0.0973859 0.0440818 0.00896326 0.0994857 0.0807713 0.0293545 0.0463786 0.0789533 0.086456 0.0812155 -0.000542157 0.104453 0.11178 0.0900175 0.0468245 0.0501687 0.0441765 0.0818223 0.0693303 0.085391 0.078828 0.0622919
internal_weight=0 4780.35 750.252 431.37 386.023 260.896 9.42651 2604.2 482.66 18.2933 12.2436 464.366 97.3946 13.1178 12.0824 2176.15 2121.54 853.668 6.28936 366.972 243.414 123.558 125.127 120.696 108.953 847.379 188.284 659.095 394.797 125.191
internal_count=301387 247195 54192 29651 26742 17434 821 124482 21232 1025 770 20207 5392 1072 916 122713 103250 42391 360 14815 11740 3075 9308 8875 8274 42031 29253 12778 7722 3150
is_linear=0
shrinkage=0.1


Tree=103
num_leaves=31
num_cat=0
split_feature=86 86 171 94 206 154 165 189 86 170 139 118 205 148 110 1 162 95 201 209 103 206 177 93 151 215 114 6 231 93
split_gain=37.404 11.0346 7.08163 5.5669 4.86726 4.70247 4.4748 6.5501 4.18312 5.16111 6.49335 5.82722 5.38007 5.34821 5.04823 5.41956 6.09402 6.84625 4.97632 4.46695 4.22427 5.4174 4.12006 4.20833 4.42213 3.97561 6.06569 5.32566 3.89999 8.08928
threshold=-1.1852712035179136 -0.83693176507949818 1.0000000180025095e-35 -0.11409469693899153 0.074876237660646452 -0.0076911877840757361 99.500000000000014 0.17118614166975024 -0.57491785287857045 0.54416155815124523 0.0032137072412297134 0.065500576049089446 0.022954433225095276 0.037780757993459708 -0.09110588580369948 0.11180555447936059 103.14513397216798 0.074919242411851897 -0.19868143647909162 -0.059600109234452241 0.076344631612300887 0.12888561189174655 -0.1857536509633064 0.26758758723735815 0.023169530555605892 0.13055375963449481 0.015260718762874605 0.076655983924865737 0.039731618016958244 -0.14340385794639585
decision_type=2 2 2 2 2 2 2 2 2 2 2 2 2 2 2 10 2 2 2 2 2 2 2 2 2 2 2 8 2 2
left_child=-1 2 4 -4 6 -6 25 -8 9 -3 11 13 -12 14 -11 16 18 -18 -16 -13 -10 -22 -20 -24 -25 -2 -27 -28 -7 -30
right_child=1 8 3 -5 5 28 7 -9 20 10 12 19 -14 -15 15 -17 17 -19 22 -21 21 -23 23 24 -26 26 27 -29 29 -31
leaf_value=0.048057137666964872 0.082405486114821777 0.088986053991673406 0.10447261304045755 0.069237201949624738 0.1024027984134509 0.08923118003434187 0.062128870273800096 -0.11809580665669046 0.099180604092942951 -0.0010199681447223838 0.10337252834903664 0.082747633540843843 0.069862095881536357 -0.080120418555111192 -0.028369149434688847 0.12609079173561466 0.061935185802490293 -0.06375352211300217 0.11262565554549929 -0.04205026952193204 0.076259098305607842 -0.10089836507313757 0.074270459172649919 -0.095512279565142827 0.12101329177778788 0.081187001675168569 -0.06724102135507054 0.045053285197425318 -0.13440021513320977 0.066289044762405741
leaf_weight=310.10917784022331 1141.6119274302741 1648.1034854990678 47.65607035037965 758.50715925779127 213.43445311957998 170.57405156441177 87.13690177133185 2.0643739187253223 484.1195678210895 9.1125833127202878 130.85754315308122 4.4082919323300294 75.582932098509218 2.3234675408066314 4.5579577377948217 19.052341880945278 11.796243105339274 6.8504386211116062 28.69614743707416 8.2090895823257579 57.852203249607783 1.77920979630744 201.22413472916332 2.919645263838901 1.3933577974667057 31.743677257768013 6.0780018320765548 13.840680458007226 2.0862497373921078 53.859847410865314
leaf_count=24569 62821 79039 4170 44753 12877 10433 5740 291 20255 616 5703 337 4388 236 192 914 1381 1137 1122 929 2638 207 9594 326 110 1773 584 717 242 3234
internal_value=0 0.0838022 0.0790556 0.0713201 0.0826761 0.091752 0.0795626 0.057958 0.0882494 0.0862718 0.0774485 0.068069 0.0911035 0.0709838 0.0722131 0.0746267 0.070818 0.0157595 0.0751174 0.00155193 0.0960872 0.0709733 0.0771312 0.0721756 -0.0255616 0.0811776 0.0540442 0.0107877 0.0817166 0.0588053
internal_weight=0 5227.43 2528.59 806.163 1722.43 439.955 1282.48 89.2013 2698.84 2155.09 506.984 300.544 206.44 287.926 285.603 276.49 257.438 18.6467 238.791 12.6174 543.751 59.6314 234.233 205.537 4.313 1193.27 51.6624 19.9187 226.52 55.9461
internal_count=301328 276759 147635 48923 98712 26786 71926 6031 129124 106024 26985 16894 10091 15628 15392 14776 13862 2518 11344 1266 23100 2845 11152 10030 436 65895 3074 1301 13909 3476
is_linear=0
shrinkage=0.1


Tree=104
num_leaves=31
num_cat=1
split_feature=86 86 86 182 115 111 69 96 86 150 3 174 130 65 232 151 73 163 183 133 171 127 211 111 206 132 198 127 237 170
split_gain=34.0226 10.0328 5.80761 4.89905 5.96169 6.03238 5.2195 4.76719 4.47386 4.09973 4.09081 5.4187 7.18113 4.41877 4.32981 5.87377 4.54316 4.18323 4.088 4.64416 4.0438 4.86851 4.01393 3.96009 3.92107 3.81376 4.99085 6.02749 4.84449 4.02382
threshold=-1.0724866986274717 -0.79820320010185231 -1.1852712035179136 -0.094441059976816163 -0.0071286272723227731 0.091333929449319853 2.1352618932724003 -0.080574713647365556 -0.57491785287857045 -0.016266199760138985 0.17694497108459475 -0.19888626039028165 -0.059480907395482056 112.50000000000001 -0.038813533261418336 -0.013742738403379915 0.17165178805589679 0.564264476299286 0.14192783087491992 -0.014966601971536873 0.52714467048645031 0.0027155731804668908 0.096969075500965132 0.056894160807132728 -0.10108163952827452 -0.0028905026847496624 0.09949007630348207 -0.035623157396912568 0 0.47978931665420538
decision_type=2 2 2 2 2 2 2 2 2 2 10 2 2 2 2 2 2 2 2 2 2 2 2 2 2 2 2 2 9 2
left_child=2 3 25 4 5 -2 9 -8 -3 -6 22 12 -12 14 15 -13 -16 -18 -9 -20 -4 -22 -10 -15 -23 -1 28 -28 -27 -30
right_child=1 8 20 -5 6 -7 7 18 10 -11 11 13 -14 23 16 -17 17 -19 19 -21 21 24 -24 -25 -26 26 27 -29 29 -31
leaf_value=0.066862102259635722 0.046584181854626573 0.087411884966595202 0.073249150639013286 0.08255457116709182 -0.11407441504198966 0.097229075414395016 0.10770128971973947 0.077385874885727554 0.11144533783037563 0.043782768666245322 -0.099096318792748009 -0.056980830422839517 0.1109349963952103 0.068659221493022823 0.090562512616183186 0.065849289782329776 -0.1612049309757603 0.46320028554585013 -0.11554716462508502 0.095250404285031454 0.015402358922292268 0.37729339599395911 0.067892128008662483 -0.14786096999192277 0.073243680979709014 -0.0083823905803393269 -0.053277821817768779 0.085971050374812383 0.076319601530448186 0.035862865963068126
leaf_weight=114.22222302696127 131.85829727674172 1704.1943033875127 387.396984771387 2177.6860979826438 2.0478350760138246 28.624544447932749 63.527997607229281 117.35231565387039 223.86301615513958 8.3684387030555154 1.6527642555943192 4.4758668470590228 108.16271729629398 1.7962047874489138 155.62319935811115 29.906779670758169 1.1225172156043743 0.1186342966830124 2.3695364254544984 1.8699186661806368 27.884830581871029 0.43336496926122237 23.369668186125637 1.5946242014392735 19.939467229328329 25.061403738857734 3.3785242926232959 38.895502519750607 31.623516515195206 110.44327681405048
leaf_count=7193 8905 81684 27324 120269 321 1108 3332 7116 11775 493 55 497 1750 108 5817 1497 167 35 153 131 1403 89 1400 67 802 3189 369 2396 2937 8510
internal_value=0 0.0850952 0.0623109 0.0807766 0.0699014 0.0556175 0.0816247 0.0855002 0.0899457 0.0127481 0.0977727 0.0900129 0.107774 0.079992 0.0819983 0.0498595 0.0890427 -0.101522 0.0739008 -0.0225696 0.0698488 0.0425515 0.107328 -0.0331649 0.0797113 0.0521637 0.0441461 0.0748423 0.0363817 0.0419178
internal_weight=0 4789.59 759.279 2533.7 356.019 160.483 195.536 185.12 2255.88 10.4163 551.686 304.453 109.815 194.638 191.247 34.3826 156.864 1.24115 121.592 4.23946 435.655 48.2577 247.233 3.39083 20.3728 323.624 209.402 42.274 167.128 142.067
internal_count=300892 246680 54212 141828 21559 10013 11546 10732 104852 814 23168 9993 1805 8188 8013 1994 6019 202 7400 284 29618 2294 13175 175 891 24594 17401 2765 14636 11447
cat_boundaries=0 2
cat_threshold=295788612 4468
is_linear=0
shrinkage=0.1


Tree=105
num_leaves=31
num_cat=0
split_feature=86 86 86 145 227 193 157 223 212 233 207 77 179 0 156 168 88 3 94 111 81 192 114 145 3 116 157 136 215 79
split_gain=31.7656 12.1892 5.48847 3.99225 5.80553 6.05844 4.37912 4.36529 4.32893 4.73029 4.34625 4.34491 4.19458 4.14715 4.28703 5.13248 7.79221 4.24322 4.61849 4.16413 4.03317 3.9302 5.54424 4.31227 4.14282 4.36537 4.0982 5.16183 5.26332 4.32035
threshold=-1.1543014049530027 -0.6793040633201598 -0.92546641826629628 -0.03086205385625362 0.035883886739611633 -0.15220570564270017 0.46462488174438482 0.077192526310682311 0.034102093428373344 -0.060101656243205064 0.13677608221769336 0.25357143580913549 0.039931943640112884 0.48913043737411505 0.12864215672016147 3.1908861398696904 0.7245355248451234 0.28869047760963445 0.19352745264768603 0.13060310482978824 0.17534816265106204 0.16897745430469516 -0.002385988249443471 0.024353610351681713 0.14900224655866626 0.02635907102376223 0.51803588867187511 0.066536974161863341 0.13055375963449481 0.49321225285530096
decision_type=2 2 2 2 2 2 2 2 2 2 2 2 2 10 2 2 2 10 2 2 2 2 2 2 8 2 2 2 2 2
left_child=-1 2 3 4 5 -2 8 -7 9 10 -5 12 -11 14 15 16 -8 19 -19 -16 -9 26 23 24 -23 -26 27 29 -29 -4
right_child=1 -3 21 6 -6 7 13 20 -10 11 -12 -13 -14 -15 17 -17 -18 18 -20 -21 -22 22 -24 -25 25 -27 -28 28 -30 -31
leaf_value=0.053028340775246 -0.0364289954321163 0.092182981895927288 0.073518800595810438 0.10314870226677318 0.10995662248389788 0.084528603713680123 0.11554762386919544 0.04121064128253378 0.018767252424380272 0.022035445428275513 0.31761981344658108 0.1517654777003522 0.086647887065003634 0.13052919390720738 0.068754420338039232 0.092949490068574003 -0.00010115011136031876 0.098787051791462244 -0.033153581621803596 0.11963431460924626 -0.15358307580817504 0.10939231544651636 0.10605483079014583 -0.035269835316205485 -0.0097735643981367581 0.091120429827244026 0.08417293343504692 0.15473939193915529 0.7757997133919603 0.015288896919563208
leaf_weight=379.44820535459075 4.5710701699063057 1129.8443262833007 368.96662772068635 12.174465020304181 77.722396643150887 161.87115378911403 9.4680877094442639 10.913499722008735 27.095006816016507 30.212558004518314 1.024384580598279 4.0393007247002961 15.053726140894467 13.334341809502119 877.21120584078199 187.70419706881353 15.146202512129546 74.63269069967464 2.7508198759860525 16.385879400084377 1.1776020298418632 17.263481117708125 148.61970646840086 3.969299454272913 8.6917437515683122 8.4646725795555522 1848.3407623818262 5.1128578824636852 0.14019758339782118 13.197442116120554
leaf_count=29422 788 51769 64658 3581 4065 8848 1727 1167 10866 10574 265 1131 6351 2123 24860 9411 4119 3194 149 320 184 1331 5771 551 1160 735 46306 849 33 5139
internal_value=0 0.08302 0.0804091 0.0757464 0.0871442 0.0772131 0.0734757 0.0801992 0.052152 0.0666239 0.119794 0.0523906 0.0435229 0.0750723 0.0744474 0.0873193 0.0443841 0.0716327 0.0940968 0.0696874 0.0222389 0.0833777 0.0973039 0.0634254 0.0748069 0.0400057 0.0822128 0.0728612 0.171315 0.0715079
internal_weight=0 5095.1 3965.26 1542.49 256.256 178.533 1286.23 173.962 89.5994 62.5044 13.1988 49.3056 45.2663 1196.63 1183.3 212.318 24.6143 970.981 77.3835 893.597 12.0911 2422.77 187.009 38.3892 34.4199 17.1564 2235.76 387.417 5.25306 382.164
internal_count=301447 272025 220256 93723 15052 10987 78671 10199 32768 21902 3846 18056 16925 45903 43780 15257 5846 28523 3343 25180 1351 126533 9548 3777 3226 1895 116985 70679 882 69797
is_linear=0
shrinkage=0.1


Tree=106
num_leaves=31
num_cat=0
split_feature=86 86 93 226 86 15 165 173 142 93 83 161 121 1 136 4 182 181 210 63 7 106 212 151 160 86 83 151 13 175
split_gain=31.0629 12.096 6.74378 5.11205 4.85885 5.19646 4.45919 4.22806 4.77068 3.99978 4.0019 4.31804 3.9067 3.76817 3.80913 3.73647 3.71665 4.27717 6.44983 4.56439 3.62538 5.15328 3.50136 6.63602 3.4799 5.14848 4.37388 4.25033 4.87311 4.39935
threshold=-0.93589836359024037 -1.1852712035179136 0.19264087826013568 -0.14459964632987973 -0.66616135835647572 1.0000000180025095e-35 51.500000000000007 0.42309133708477026 -0.0083096348680555803 -0.25767512619495386 12.500000000000002 2.6733570098876958 0.078990250825881972 0.025682249106466774 -0.0033618011511862274 0.28991597890853887 0.27387040853500372 0.36056178808212286 -0.039619946852326386 0.64652371406555187 0.10084745660424234 -0.012487258296459912 0.16501245647668841 0.030619394965469841 1.0000000000000002 -0.98713886737823475 11.500000000000002 -0.009864016901701687 0.078278187662363066 -0.15759430080652234
decision_type=2 2 2 2 2 2 2 2 2 2 2 2 2 8 2 10 2 2 2 2 8 2 2 2 2 2 2 2 10 2
left_child=1 -1 16 -4 7 6 -6 9 13 -2 -11 -12 -8 -9 -15 20 17 22 19 -19 21 -13 24 -24 26 27 -3 28 29 -26
right_child=4 2 3 -5 5 -7 12 8 -10 10 11 15 -14 14 -16 -17 -18 18 -20 -21 -22 -23 23 -25 25 -27 -28 -29 -30 -31
leaf_value=0.053623580555473886 0.11183736923637531 0.081584954011416522 -0.046221374159613575 0.065430592866545956 -0.032404684761748369 0.1883545008221541 0.093064134036394477 0.070765413631985005 0.078241847437012346 0.083811431793515134 -0.030071344194828337 -0.089323821652971036 -0.085211938732175765 0.031235808848551417 -0.083707379199540577 0.29506834654074304 0.12396086917067793 -0.066428044362214431 0.070490371705532337 0.15825939788054497 0.10277986203929529 0.078625380516157722 -0.054259245529382806 0.18132960075273707 -0.028801141686834449 0.051410461241077877 0.10947461702615371 0.087582103599599531 -0.037304857638477351 0.072155366649413091
leaf_weight=321.67552933089064 56.585846868130375 607.75552033112058 4.1409229901241806 422.55608159706435 2.8503731666816057 5.6868918295049289 1013.1046465263502 8.3152614102566549 42.560485080448188 2352.0278461893577 2.5715045567603729 2.2985244503361164 1.2306968114007748 6.8594463725203241 4.9735105708514293 0.98067864091217316 18.236656900047365 6.8610200484304213 19.232981444556117 1.0413433419889768 181.87496837788149 8.9049306419224177 4.7286926684867003 1.600251636948087 4.5815042565209287 91.013069779340981 61.964709907447286 181.43401500178231 4.8147759233006573 74.588993795978467
leaf_count=24529 2444 33094 514 27826 415 186 46048 374 1175 123097 155 1050 183 163 270 258 1808 819 1315 32 5923 1268 924 62 324 7378 2109 11351 590 5506
internal_value=0 0.0712246 0.0749877 0.0643471 0.08717 0.0930298 0.0924968 0.0849234 0.0592643 0.085541 0.0849572 0.098662 0.0928478 0.0191766 -0.017076 0.100368 0.0792001 0.0784297 0.0392395 -0.0368196 0.0993789 0.0441686 0.0794597 0.00530858 0.0799171 0.0719346 0.0841654 0.0789724 0.0603728 0.0663131
internal_weight=0 1826.23 1504.55 426.697 3690.83 1022.87 1017.19 2667.95 62.7087 2605.24 2548.66 196.631 1014.34 20.1482 11.833 194.059 1077.85 1059.62 27.1353 7.90236 193.078 11.2035 1032.48 6.32894 1026.15 356.432 669.72 265.419 83.9853 79.1705
internal_count=301190 118181 93652 28340 183009 46832 46646 136177 1982 134195 131751 8654 46231 807 433 8499 65312 63504 2166 851 8241 2318 61338 986 60352 25149 35203 17771 6420 5830
is_linear=0
shrinkage=0.1


Tree=107
num_leaves=31
num_cat=0
split_feature=86 86 156 79 79 205 85 76 179 128 150 217 13 205 147 175 115 119 173 164 147 7 193 157 94 232 158 170 12 126
split_gain=36.4699 12.6481 6.02955 6.54453 5.75237 4.82917 6.36982 4.96097 4.77787 8.3614 5.83553 5.56452 5.53965 5.46896 4.67076 6.83017 4.56219 4.52709 4.34324 5.20717 4.76455 5.68306 5.41515 4.29785 5.22591 4.80783 4.2963 5.63871 5.1735 5.71644
threshold=-1.1183982491493223 -0.76415729522705067 0.20483683049678805 0.3081014752388001 0.53197279572486889 -0.040911415591835969 112.50000000000001 0.27681992948055273 -0.20236640423536298 0.039670782163739211 -0.048835147172212594 -0.057622939348220818 0.070988629013299956 -0.030654882080852982 0.0076675566378980884 -0.026644112542271611 -0.019411632791161534 0.069895390421152129 0.31341239809989935 3.8606742620468144 0.017630524933338169 0.14903787523508075 -0.15220570564270017 0.51803588867187511 0.21071276813745501 -0.099942933768033967 0.36666667461395269 0.60061484575271618 236.50000000000003 -0.047889556735754006
decision_type=2 2 2 2 2 2 2 2 2 2 2 2 10 2 2 2 2 2 2 2 2 8 2 2 2 2 2 2 10 2
left_child=4 2 8 -4 26 6 7 17 9 14 12 -11 -10 -14 15 -2 -13 -5 19 -3 -21 -22 -23 24 -24 -26 28 -28 29 -1
right_child=1 18 3 5 -6 -7 -8 -9 10 11 -12 16 13 -15 -16 -17 -18 -19 -20 20 21 22 23 -25 25 -27 27 -29 -30 -31
leaf_value=0.080282303552456913 -0.015807113891607431 0.10255720509508992 0.072672296881683765 0.10333351841441835 0.15930931753075284 0.079345486904566193 -0.055220465908248063 -0.11482652967852439 0.13211260099194608 0.075094713949717493 0.086205010199380705 -0.14605593185971621 -0.20035609123100021 0.070769194258836612 0.098438421172760859 0.075568223994080488 -0.0012377782827484177 -0.028229404970235985 0.081078563057835631 0.093426661151850138 0.09853097380381369 0.11731264055573583 0.013719134577198165 0.06934679702076546 0.69340876286366748 0.13859135490812402 0.069497751853714734 -0.16545570249072178 0.058662148818028316 0.024216923300404421
leaf_weight=21.71414446073004 10.595390183686275 422.94032040138131 1265.5714643608108 188.79878292130707 5.3589368212506079 449.03382270358088 2.6696839601445381 1.0658946260464279 45.106464900400397 6.583085594638308 1088.7037832683282 3.0117063006789531 0.9146645783025632 3.9870013752170044 51.628975553787654 35.889889509840145 7.8332642369994092 2.6522235386491948 371.59496907876928 794.83730197649959 93.097289919927221 20.180712811530157 24.602755032955887 142.77239636021477 0.17441285075983604 1.49476591796133 169.63750628145408 1.0276353172184816 203.06820598861214 111.9252950968762
leaf_count=3490 2178 36110 37373 5763 202 12353 249 115 4051 367 102850 381 148 361 5428 4112 845 195 10866 28111 3962 402 3328 2249 40 364 7910 226 6508 20788
internal_value=0 0.0842412 0.0803866 0.0768489 0.0562464 0.0850538 0.0981858 0.100313 0.0857732 0.0663974 0.0877393 0.00256951 0.121141 0.0201765 0.0777352 0.054741 -0.0414546 0.101511 0.0907572 0.0931547 0.0894629 0.0783036 0.0683519 0.0625069 0.0253361 0.196564 0.0551578 0.068083 0.0486065 0.0333266
internal_weight=0 5035.74 3164.05 1909.79 512.732 644.22 195.187 192.517 1254.25 115.542 1138.71 17.4281 50.0081 4.90167 98.1143 46.4853 10.845 191.451 1871.69 1500.1 1077.16 282.322 189.225 169.044 26.2719 1.66918 507.373 170.665 336.708 133.639
internal_count=301325 262201 176769 56048 39124 18675 6322 6073 120721 13311 107410 1593 4560 509 11718 6290 1226 5958 85432 74566 38456 10345 6383 5981 3732 404 38922 8136 30786 24278
is_linear=0
shrinkage=0.1


Tree=108
num_leaves=31
num_cat=0
split_feature=88 171 103 166 116 2 205 198 94 206 173 211 222 85 104 186 108 180 78 154 188 73 90 167 170 4 71 139 193 148
split_gain=13.0565 12.1935 6.44879 5.65629 5.48513 5.19005 4.8487 5.80878 4.80973 4.65287 4.61825 5.3414 5.09886 4.95272 5.06717 4.97333 5.59461 4.61876 4.50209 4.47298 4.27319 4.50334 4.22903 4.66881 4.22959 8.84891 4.22178 4.22151 4.15968 6.61784
threshold=0.7782278060913087 0.25678549706935888 0.11756138876080514 0.066459055989980712 -0.013004620559513567 0.55000001192092907 0.012628231197595598 0.056381689384579665 0.21071276813745501 0.13482258468866351 0.045451134443283088 0.15975068509578708 0.1111804246902466 35.500000000000007 -0.096389226615428911 -0.07848722860217093 -0.028141757473349568 -0.17381404340267179 0.027973395772278312 -0.01945841126143932 -0.061919057741761201 0.17165178805589679 1.8372862339019778 1.5000000000000002 0.55072519183158886 0.064093112945556655 0.013606071937829258 -0.010282668285071848 0.10960656404495241 -0.0082399682141840441
decision_type=2 2 2 2 2 10 2 2 2 2 2 2 2 2 2 2 2 2 2 2 2 2 2 2 2 10 2 2 2 2
left_child=1 2 5 19 28 9 -6 20 22 -1 12 -12 13 -5 15 16 -15 26 -11 -2 -8 -22 23 -3 -24 -26 -16 -27 -4 -30
right_child=3 8 4 10 6 -7 7 -9 -10 18 11 -13 -14 14 17 -17 -18 -19 -20 -21 21 -23 24 -25 25 27 -28 -29 29 -31
leaf_value=0.086533845288578326 -0.053386201253917354 0.07402577114128088 0.068074935537585909 0.085142392062337494 0.093150890749731888 0.23846356198872393 0.091293630272053033 0.094311436498084433 0.1621491486981628 0.11500542056302242 0.082570512863506071 -0.065412789276742933 0.0053853328692340732 0.071318448387693162 -0.06494189653976086 0.053885640839399618 -0.044496119819406606 0.069861474923465824 0.071099918646223392 0.051711324263446157 0.049790439107464592 -0.056411299081565149 0.085297882217537258 0.046534612131033083 -0.026952655385957494 -0.0055018643134617535 0.059682311054131992 0.090012094792619055 -0.063215195786215247 0.052560264571706018
leaf_weight=3578.2754132631449 6.2371737766120559 112.3719315449955 157.45854716366284 122.4823261541726 203.50512378167298 2.2704329072439569 25.365115892045196 62.037437349927018 5.4658603591353758 106.32729506366127 311.4567234758382 2.4583505291193424 13.502330236311989 6.2326217334921266 4.9239520803303076 51.304694057737152 12.609871657213032 298.45076952786098 29.928647033475727 11.546162175753805 74.059793027800424 4.2202705344639062 170.63130811763222 137.20252041570279 11.027534149801566 5.457989773308781 6.0681968677039322 30.40636768924378 6.3800215010610399 21.832325722628866
leaf_count=178845 1263 6137 10177 6018 11036 1387 1585 2488 1041 6510 16872 434 1302 294 410 4196 1381 16912 2620 2089 4075 398 11967 6317 1726 606 514 1091 653 1324
internal_value=0 0.0841294 0.0858156 0.0706527 0.0757594 0.0873169 0.0828104 0.0701094 0.0688871 0.0872245 0.0718491 0.0814116 0.0660268 0.0676576 0.0620158 0.0377492 -0.00618758 0.0675168 0.105362 0.0148503 0.0556232 0.0440648 0.0677958 0.0589126 0.0779879 0.0513882 0.00385668 0.0754764 0.0617392 0.0263785
internal_weight=0 4744.22 4271.66 847.273 554.859 3716.8 369.188 165.683 472.564 3714.53 829.49 313.915 515.575 502.072 379.59 70.1472 18.8425 309.443 136.256 17.7833 103.645 78.2801 467.098 249.574 217.523 46.8919 10.9921 35.8644 185.671 28.2123
internal_count=301668 249983 221098 51685 31736 189362 19582 8546 28885 187975 48333 17306 31027 29725 23707 5871 1675 17836 9130 3352 6058 4473 27844 12454 15390 3423 924 1697 12154 1977
is_linear=0
shrinkage=0.1


Tree=109
num_leaves=31
num_cat=1
split_feature=86 86 93 86 202 124 17 187 181 195 35 96 212 141 158 204 146 176 232 139 217 143 197 12 237 122 156 66 144 220
split_gain=35.0522 19.862 8.05642 4.87362 4.23415 7.74269 4.20968 4.93495 4.87504 4.26789 5.12115 4.19327 5.43186 4.08342 4.05002 10.1595 4.09077 3.94755 3.92067 4.74153 5.73957 4.16993 3.76074 5.39661 5.08828 3.78808 6.10001 3.82946 4.94642 3.5993
threshold=-1.1852712035179136 -0.83693176507949818 0.38426664471626287 -0.57491785287857045 0.093425031751394286 0.002428972278721631 8.5000000000000018 -0.19459274411201474 -0.14541658759117124 -0.14679322391748426 1.0000000180025095e-35 -0.16874311864376065 -0.094803858548402772 -0.046702977269887917 0.22500000149011615 0.18575677275657657 -0.0073065494652837506 -0.10049777105450629 0.04454674385488034 -0.0021418319083750244 0.012992782983928921 -0.008121155668050049 0.0078959069214761275 534.50000000000011 0 0.056089404970407493 0.44023808836936956 2.6309621334075932 0.022171216085553173 0.044645104557275779
decision_type=2 2 2 2 2 2 2 2 2 2 2 2 2 2 2 2 2 2 2 2 2 2 2 8 9 2 2 2 2 2
left_child=4 2 11 6 22 -6 8 -8 -3 10 -9 12 29 -11 -13 -16 -17 -14 -4 20 21 -20 23 24 -1 -24 27 28 -27 -2
right_child=1 3 18 -5 5 -7 7 9 -10 13 -12 14 17 -15 15 16 -18 -19 19 -21 -22 -23 25 -25 -26 26 -28 -29 -30 -31
leaf_value=0.041484072018099033 0.056706840891455536 0.10618211602519574 0.045153468766842925 0.098114943852324499 -0.044851365910536206 0.049837171647402229 -0.017712755087061764 0.063257100424253532 0.084297464425685073 0.048401897241755809 -0.15792096542808523 0.072611907153569979 0.045504622943011101 0.10241319100381568 0.082059084270800761 -0.11954981566482888 0.031818412762388136 0.10337335588685184 -0.02220861901163319 0.099118063159261721 -0.05018452233430281 0.11192792675754029 0.072948918357249856 0.077378445210083371 -0.0086719346715060618 0.09476848065167208 -0.061777862423578127 -0.029854937775695912 -0.051102023612215976 -0.082718207234776464
leaf_weight=67.790912371222475 7.7222480675920888 108.35085843367892 109.36552449368355 563.53238929175859 12.851126868534719 26.326634100987803 3.7122618162097742 15.103030421734729 1680.6358590953828 14.564730972482037 1.1248128658126013 884.56815605716974 12.822543158458982 359.51640868445929 1284.3413610623822 3.2763105416183862 3.9234628067940767 146.10436323959561 3.2090663461249287 35.598218888984775 5.4052150150105254 8.3425029865447868 116.78625157709075 31.54877131948615 29.202955621289902 16.418293298814216 5.5428365798434234 4.3479379516720646 2.7080753190839451 2.4355113930880634
leaf_count=5413 743 5876 9128 23155 2103 1716 609 928 83039 922 122 65878 1736 14625 58622 368 612 7309 244 1733 337 305 7198 1884 3954 861 166 981 254 275
internal_value=0 0.0839495 0.0775139 0.0898241 0.0495296 0.0187773 0.0876838 0.0970409 0.0856229 0.0981323 0.0479264 0.0790035 0.0941731 0.10031 0.0778248 0.081395 -0.0370628 0.0987044 0.0559404 0.0783876 0.034867 0.0746643 0.0539212 0.0414517 0.029766 0.0649145 0.0325779 0.0548575 0.0741149 0.0232771
internal_weight=0 5253.65 2507.11 2746.54 313.524 39.1778 2183.01 394.021 1788.99 390.309 16.2278 2345.19 169.085 374.081 2176.11 1291.54 7.19977 158.927 161.921 52.555 16.9568 11.5516 274.346 128.543 96.9939 145.803 29.0171 23.4743 19.1264 10.1578
internal_count=301096 276566 147290 129276 24530 3819 106121 17206 88915 16597 1050 135543 10063 15547 125480 59602 980 9045 11747 2619 886 549 20711 11251 9367 9460 2262 2096 1115 1018
cat_boundaries=0 2
cat_threshold=223396145 2061210
is_linear=0
shrinkage=0.1


Tree=110
num_leaves=31
num_cat=0
split_feature=74 88 8 168 157 156 232 141 170 197 144 150 197 12 82 102 168 152 230 158 168 163 208 173 228 151 175 150 77 190
split_gain=18.0254 9.70909 5.6126 5.92547 5.55086 7.70533 5.93882 7.90605 5.44744 5.88958 5.18134 5.05204 5.71331 4.99189 4.6128 4.55674 4.31196 4.23179 6.4393 4.87024 5.71501 4.09918 4.08296 4.04932 4.03083 4.01441 4.23733 6.55512 4.00546 4.0004
threshold=0.26695403456687933 0.73749351501464855 0.20247410982847217 2.9132624864578252 0.62373504042625438 0.27311578392982488 0.020039886236190799 0.054266015067696578 0.44120077788829809 0.23373956233263019 0.012484324630349876 -0.03484357334673404 0.066970396786928191 136.50000000000003 0.11602564156055452 0.061480320990085609 2.7436002492904668 0.051856007426977165 0.042294343933463104 0.36666667461395269 4.1105282306671151 0.78638538718223583 -0.10144689679145812 -0.22302149236202237 -0.030686929821968075 -0.018683694303035733 -0.12977117300033567 -0.0025050197727978225 0.060303030535578735 0.045232271775603301
decision_type=2 2 8 2 2 2 2 2 2 2 2 2 2 8 2 2 2 2 2 2 2 2 2 2 2 2 2 2 2 2
left_child=1 14 10 -4 5 8 23 11 -3 16 25 12 -8 15 17 22 24 -1 19 -19 -21 29 -5 -7 -10 -2 27 -27 -12 -16
right_child=2 4 3 13 -6 6 7 -9 9 -11 28 -13 -14 -15 21 -17 -18 18 -20 20 -22 -23 -24 -25 -26 26 -28 -29 -30 -31
leaf_value=0.088796968722513386 0.033323609615135134 0.10085060928139128 0.0050085609711760029 0.036101898087781643 0.088511398144046613 -0.040749750514883651 0.051922749767613512 -0.044198409334817834 -0.098743277200562418 0.15506952642050073 0.026297441349954067 0.0883074217936059 -0.12940691947218924 0.072918609989832572 0.12092039885822436 -0.035174028511049657 0.076915266670961699 0.050442571317636957 0.092574099335772056 0.092053049842741819 -0.056380623555574529 -0.1211988521439767 0.10731455061388678 0.053193174494098418 0.045215199845393059 0.041032608664914365 0.071210601680671795 0.27560244511550008 0.065086554340369598 0.073368187308381835
leaf_weight=2647.4166625553457 28.435142323096443 110.77332536955373 11.734001128938415 8.8632477728947361 403.92748574053257 4.7011299696168853 10.366900036702644 5.1263781078378079 2.3933076082566904 9.5024381322289155 66.62233556262936 125.42759646017839 2.0874843905621665 537.71379823272127 81.303269674003104 2.5293868513308544 645.03909280957396 107.21378592710721 136.03623758809931 59.614642225472835 2.7118894723198528 0.76873316276691994 87.875851284806231 191.22203984724183 10.383458636576277 2.227413954702115 184.18805190109515 2.5612186294847552 44.33872366429523 22.611650738672779
leaf_count=132168 3435 6892 1674 1327 3413 307 646 409 1077 964 7288 4145 206 15754 2395 838 56842 9599 4688 2802 105 682 10152 8425 3529 701 15351 392 3802 1329
internal_value=0 0.0849944 0.0700328 0.0754251 0.0784652 0.0748324 0.0622482 0.077742 0.080314 0.0769049 0.0593801 0.0822757 0.02153 0.0767222 0.0882422 0.0973256 0.0757758 0.0875109 0.0763684 0.0633652 0.0855946 0.108871 0.10079 0.050939 0.0182493 0.068354 0.073625 0.166493 0.0417971 0.110573
internal_weight=0 4578.63 977.089 648.716 1520.95 1117.02 338.932 143.008 778.092 667.318 328.373 137.882 12.4544 636.982 3057.68 99.2685 657.816 2952.99 305.577 169.54 62.3265 104.684 96.7391 195.923 12.7768 217.412 188.977 4.78863 110.961 103.915
internal_count=301337 240623 60714 29745 86855 83442 14138 5406 69304 62412 30969 4997 852 28071 153768 12317 61448 149362 17194 12506 2907 4406 11479 8732 4606 19879 16444 1093 11090 3724
is_linear=0
shrinkage=0.1


Tree=111
num_leaves=31
num_cat=0
split_feature=86 86 86 83 192 214 158 170 184 65 157 132 170 123 134 135 3 137 173 143 118 71 233 227 11 108 74 180 29 219
split_gain=33.9539 12.1741 7.52228 7.13124 5.79126 4.38227 4.66377 5.16058 4.20156 4.29193 5.2464 6.41871 5.24874 5.41186 4.65802 4.64787 4.52944 4.25974 4.16 3.9648 5.09504 3.95187 5.86186 4.15307 3.91247 4.18034 4.00737 4.23768 3.88887 7.43354
threshold=-1.060819625854492 -0.6793040633201598 -1.1852712035179136 12.500000000000002 0.13591805845499041 0.18619229644536975 0.29166667163372045 0.61212351918220531 -0.073118805885314928 1.0000000180025095e-35 0.56941726803779613 -0.0098082758486270887 0.54225957393646251 0.057165484875440604 0.010403477586805822 0.033398784697055824 0.15524256974458697 -0.026138760149478909 0.38819348812103277 0.024428136646747593 0.012457224540412428 1.0000000180025095e-35 0.11730680242180826 0.091092623770236983 0.079057015478611006 -0.049838824197649949 0.54335841536521923 0.038495237007737167 1.0000000180025095e-35 -0.030518348328769204
decision_type=2 2 2 2 2 2 2 2 2 2 2 2 2 2 2 2 10 2 2 2 2 2 2 2 10 2 2 2 2 2
left_child=2 3 -1 4 5 6 7 8 -2 10 11 -10 13 -12 -14 -13 28 -16 -6 20 -20 23 -23 -5 26 -26 -4 -28 -11 -30
right_child=1 -3 24 21 18 -7 -8 -9 9 16 12 15 14 -15 17 -17 -18 -19 19 -21 -22 22 -24 -25 25 -27 27 -29 29 -31
leaf_value=0.051637452315960508 0.083637471739038072 0.09443104146121982 0.07562785059477585 0.11562141800665351 0.095031401767118051 0.10893976343269357 0.083506825935306103 -0.0014834674551418095 -0.0083348093553751897 0.067975427563750732 0.095454156097330128 0.046470988361563055 0.056159242655886725 -0.12626393053187643 0.061486909792223043 0.14641458131177157 0.079798965821505918 -0.14192704418927787 0.047819947384924885 0.091749771350605011 -0.12216084412117152 0.089730889806068817 -0.12123277828001139 -0.027713277948035034 -0.095117451209294504 0.044617819898247917 0.026791967837095778 0.094747305673287291 0.084551183518347256 -0.022395638163623895
leaf_weight=318.02572986793371 471.42144956055267 1167.2450438626374 458.49694865144079 109.13189054731174 373.81422726503115 50.983448322496315 1390.7404734363142 8.6744745345997654 21.671639095785736 226.45615467843686 54.115061438475095 45.549929825771187 16.446545891783902 1.1237530620383029 1.7124120788957951 5.1825410371386615 581.33882099388177 2.5814155146272233 5.5916899295602907 8.5107458434690653 2.5756399081901691 139.19068417107292 1.329685380969521 2.0596153608341856 2.475897377496497 15.823917757434172 34.37077650010724 12.518999723842624 12.126618691159594 14.005239587269214
leaf_count=24498 28938 51733 28742 3908 20504 2299 54825 1608 7666 20548 1174 9228 709 57 143 927 26672 161 452 310 343 6763 223 383 476 1694 2561 1185 1030 1933
internal_value=0 0.0855727 0.0637685 0.0826571 0.0814176 0.0798802 0.0793609 0.0754182 0.0758771 0.0721528 0.0564827 0.0372206 0.0748384 0.0909436 0.0319446 0.0566807 0.0749411 -0.060804 0.0928513 0.0439865 -0.005785 0.0988805 0.0877346 0.112966 0.0711354 0.0257122 0.0727802 0.0449352 0.0637604 0.0272336
internal_weight=0 4713.58 841.712 3546.33 3294.62 2904.13 2853.15 1462.41 1453.73 982.31 148.383 72.4041 75.9792 55.2388 20.7404 50.7325 833.927 4.29383 390.492 16.6781 8.16733 251.712 140.52 111.192 523.687 18.2998 505.387 46.8898 252.588 26.1319
internal_count=301693 242537 59156 190804 179527 157918 155619 100794 99186 70248 20065 17821 2244 1231 1013 10155 50183 304 21609 1105 795 11277 6986 4291 34658 2170 32488 3746 23511 2963
is_linear=0
shrinkage=0.1


Tree=112
num_leaves=31
num_cat=0
split_feature=88 170 157 171 168 229 88 164 157 4 156 107 119 94 159 154 223 76 113 160 229 6 109 187 157 95 156 134 2 95
split_gain=15.0026 7.18187 6.8863 5.93366 5.69749 5.05335 6.92707 7.54687 6.02374 6.06711 4.95726 4.35738 4.61781 4.23019 4.3823 5.05128 4.91879 4.68739 4.13588 4.11896 5.05136 4.44734 4.29779 6.45347 3.94249 3.94145 3.93943 3.92824 3.91726 4.46623
threshold=0.73749351501464855 0.44120077788829809 0.47197850048542028 0.25678549706935888 3.1673040390014653 0.060254821553826339 0.7782278060913087 1.8688347935676577 0.61278760433197033 0.13506756722927096 0.41548451781272894 0.090473022311925902 0.0035673121456056838 -0.10716531425714491 0.6168939769268037 -0.037828402593731873 -0.034034540876746171 1.0000000180025095e-35 0.010921250097453596 1.0000000000000002 0.12630632519721988 0.14424411207437518 -0.0067911888472735873 -0.0085244858637452108 0.39949755370616918 -0.029704456217586991 1.0000000180025095e-35 -0.013747716788202522 0.24404761940240863 -0.019863368012011048
decision_type=2 2 2 2 2 2 2 2 2 10 2 2 2 2 2 2 2 2 2 2 2 8 2 2 2 2 2 2 10 2
left_child=3 11 4 26 -3 6 -4 18 10 27 -9 24 -13 -5 16 -16 17 -15 -8 20 -6 -21 23 -23 -2 -22 -1 -10 -7 -30
right_child=1 2 5 13 19 28 7 8 9 -11 -12 12 -14 14 15 -17 -18 -19 -20 21 25 22 -24 -25 -26 -27 -28 -29 29 -31
leaf_value=-0.080985739253932598 0.03726386858261943 -0.002611745814912074 0.077521464998557998 0.10975318943401158 0.06569602397748274 0.086050201735371964 0.027185184109347622 0.058608885348045939 0.051269676263776424 0.0021479637073760819 0.0027391007169789601 -0.067818376784083895 0.10047949110823134 0.1050009874496568 0.023075789874927494 0.067142186558814154 0.095197114995076423 -0.01323785745887586 -0.093486561514998318 0.0086429688649647327 0.30782362260674406 0.31426712955549663 0.046020489950954112 -0.015067115466314561 0.10033948593391928 0.11040143553015663 0.086882755898910313 0.086613954259379677 -0.13347823447040319 0.15189431889787444
leaf_weight=1.3985699571499015 10.539807939385126 17.909983019471952 808.81484440380177 27.60050675423372 60.255760796410414 345.80983876557525 8.5398365957462357 286.57722069348029 38.028972277035791 10.349685291599597 16.813111372312051 3.3793412985551177 3.1500816400266558 5.4015239056711826 31.222741221839783 155.89071299364912 83.407458321206605 8.8399365528694016 4.2556192686815839 24.830570888865964 1.4932865246482832 1.6979641282691775 6.2119804901694788 0.91598391229763354 165.67846776239708 3.1328574628587367 3216.5394647801145 181.64543283486273 1.6720060220477537 0.81611190037801762
leaf_count=11340 4838 12176 31121 2547 18719 10179 1143 15936 592 426 1072 285 165 466 1863 7967 5740 1496 748 9482 236 617 2712 592 5242 583 150289 2090 188 215
internal_value=0 0.0746967 0.0727989 0.0855325 0.0492719 0.0744073 0.0716458 0.0629453 0.0647658 0.0769702 0.0555127 0.0935945 0.0133759 0.0723737 0.0687507 0.059789 0.085923 0.031608 -0.0129488 0.058702 0.0734273 0.0303151 0.0912869 0.198861 0.0965669 0.174128 0.0868098 0.0804953 0.0851506 -0.039875
internal_weight=0 2002.52 1819.77 3530.3 116.448 1703.32 1355.02 546.21 533.414 230.024 303.39 182.748 6.52942 312.363 284.762 187.113 97.6489 14.2415 12.7955 98.5384 64.8819 33.6565 8.82593 2.61395 176.218 4.62614 3217.94 219.674 348.298 2.48812
internal_count=301065 119357 108827 181708 45117 63710 53128 22007 20116 3108 17008 10530 450 20079 17532 9830 7702 1962 1891 32941 19538 13403 3921 1209 10080 819 161629 2682 10582 403
is_linear=0
shrinkage=0.1


Tree=113
num_leaves=31
num_cat=0
split_feature=86 86 86 93 170 63 180 93 185 195 10 173 217 158 101 96 189 145 137 179 220 184 213 215 78 141 100 194 121 182
split_gain=27.4303 12.3481 8.57136 4.79852 4.95048 5.17209 9.17086 4.57492 4.52977 4.1021 3.81126 3.74372 3.92838 4.85524 3.93745 3.84764 3.88416 4.53706 3.68954 3.68378 4.09253 3.5785 4.11241 3.69114 4.28655 3.67446 4.09342 4.06454 4.02095 5.24902
threshold=-0.93589836359024037 -1.1852712035179136 -0.57491785287857045 -0.21969643980264661 0.53934586048126232 -0.55030804872512806 -0.20279803127050397 0.18131834268569949 0.061829784885048873 -0.048142986372113221 81.500000000000014 0.2386976704001427 -0.11299680918455123 1.0000000180025095e-35 -0.14829134196043012 0.069434512406587615 0.1099194996058941 0.0066522175911813983 -1.0000000180025095e-35 0.29804916679859167 -1.0000000180025095e-35 -0.11222951859235762 0.11940202116966249 0.14310873299837115 0.046332737430930145 -0.031497262418270104 -0.13638390600681302 -0.074736241251230226 -0.084776312112808214 -0.019247072748839852
decision_type=2 2 2 2 2 2 2 2 2 2 10 2 2 2 2 2 2 2 2 2 2 2 2 2 2 2 2 2 2 2
left_child=1 -1 3 8 19 6 -6 -3 -2 -10 -8 15 13 -13 -14 -4 -17 -18 -12 21 -21 22 23 25 -25 26 -5 -28 29 -27
right_child=2 7 11 4 5 -7 10 -9 9 -11 18 12 14 -15 -16 16 17 -19 -20 20 -22 -23 -24 24 -26 28 27 -29 -30 -31
leaf_value=0.053601886344796401 0.11406782467598081 0.07906765879901935 0.11146376934758005 -0.041243558469285742 -0.21636580285202744 0.078307167110948539 0.11479677724570786 0.067102646542185007 -0.0015735532597615975 0.088635729854294076 -0.026180533695180332 0.11694417005840563 -0.03460108175751523 -0.043542994840733346 0.091974259415694676 0.095391312481284074 -0.044941852387462129 0.082071112881884872 0.074940825786412715 0.065845723906941753 0.12849777383719602 0.083469907072117794 0.014590239318360133 -0.10958206709839897 0.18253595207311393 0.12774328541734029 0.018215399396702997 0.090518583406098807 0.10017194659720233 -0.11315831552414456
leaf_weight=314.71343032176787 97.5499894106581 1039.189169806958 239.56019591968243 3.0175035909960561 1.4247196988080784 762.4581361066264 5.7798455215809126 461.47228868982234 6.339050118778462 24.614174640189503 8.1002551801898317 3.0865255344469906 2.4854269859606566 4.8427869980660034 219.74125717939523 86.28490406635683 4.4831466407117642 7.546609650980372 6.5063369449508164 14.144024280673646 39.663492108174751 1710.3382974315414 6.492683874246949 1.7761150145715867 0.70043307426112722 1.6389559240087694 9.3482770268793711 46.195691215334705 368.34879534193806 2.0183121320155797
leaf_count=24488 4073 62963 12929 203 95 42865 794 30566 501 1021 431 54 194 357 5525 3441 426 285 198 2287 2649 85376 1264 569 142 120 693 2002 14591 175
internal_value=0 0.0716114 0.0866296 0.0845705 0.0837567 0.0769337 0.0289195 0.0753883 0.103492 0.0701614 0.0460615 0.0979271 0.0880908 0.0189275 0.0905586 0.104627 0.0879697 0.034737 0.0188628 0.086185 0.112029 0.0855381 0.0935861 0.0947705 -0.0269634 0.0954707 0.0721874 0.0783497 0.099136 -0.00520147
internal_weight=0 1815.37 3684.49 3116.46 2987.95 784.269 21.8112 1500.66 128.503 30.9532 20.3864 568.031 230.156 7.92931 222.227 337.875 98.3147 12.0298 14.6066 2203.68 53.8075 2149.88 439.537 433.044 2.47655 430.568 58.5615 55.544 372.006 3.65727
internal_count=301277 118017 183260 160049 154454 44383 1518 93529 5595 1522 1423 23211 6130 411 5719 17081 4152 711 629 110071 4936 105135 19759 18495 711 17784 2898 2695 14886 295
is_linear=0
shrinkage=0.1


Tree=114
num_leaves=31
num_cat=0
split_feature=86 86 86 179 159 115 200 185 173 66 174 119 215 63 66 222 63 181 110 6 136 145 8 164 158 148 159 105 142 125
split_gain=33.4285 12.1135 7.57267 4.51375 4.34488 5.99365 4.27279 5.43596 4.32223 4.00843 4.31559 4.88808 5.17512 3.96671 7.82295 4.40503 4.5382 4.30245 4.00771 4.44899 3.82928 4.82055 3.76918 5.31183 4.06952 3.65987 4.62161 7.49792 4.27538 4.06928
threshold=-0.96732068061828602 -1.1852712035179136 -0.66616135835647572 0.34043772518634802 0.2738568931818009 -0.066215664148330675 -0.068506143987178789 -0.24920026212930677 -0.48493254184722895 4.2164962291717538 -0.16976237297058103 0.036028977483510978 0.14310873299837115 -0.1860026270151138 2.4623105525970463 0.043465498834848411 -0.55030804872512806 -0.052805269137024873 0.002062688698060811 0.16568627953529361 0.027628270909190181 0.012991529423743488 0.14990550279617312 5.2337753772735605 0.55000001192092907 -0.0082399682141840441 0.072010967880487456 0.071450874209404006 0.0015038637793622913 -0.012208000291138886
decision_type=2 2 2 2 2 2 2 2 2 2 2 2 2 2 2 2 2 2 2 10 2 2 10 2 2 2 2 2 2 2
left_child=1 22 13 -3 5 -4 -7 -8 -9 10 -6 12 -12 14 15 -2 17 -17 -18 20 -20 -22 23 24 -1 26 -10 28 -28 -30
right_child=2 3 4 -5 9 6 7 8 25 -11 11 -13 -14 -15 -16 16 18 -19 19 -21 21 -23 -24 -25 -26 -27 27 -29 29 -31
leaf_value=0.01406734745111912 0.085725223712772552 0.073195254425830511 0.13554926906716736 0.12156711063062629 0.10529535350285556 0.098214576956419011 -0.12652068120775201 0.18986160446029463 0.086382363182613109 0.10806546570716871 0.093047810637032338 0.057223747188263334 -0.035729887615909305 0.081789984676523986 0.099396397574754825 -0.12006766209406139 0.023947156689267134 0.034767151763121881 0.094820623470318277 -0.058340099971281305 -0.0125904134729421 0.12268384518639053 0.060170621860550916 0.068962393668842936 0.086090643635629099 0.086020385452276055 0.071240707599010702 -0.086193717246893384 -0.073986070328682541 0.036898048276218641
leaf_weight=67.63881540288412 344.04289611164052 1228.6463210102443 21.344798015876449 19.598590717966999 169.63239946520412 94.563570047207349 1.3638532839931929 3.1581506385537059 37.895528076265691 269.63810679017911 229.79857233903783 51.382973684461831 3.1635652691954865 2047.2775840344566 432.27869208991638 2.3886635020254516 16.206590925277396 7.2166164242744326 55.540854449542394 2.2764972473410117 7.9423189482290564 3.9416816291457053 201.97352780582332 36.089008392210417 8.8743754131000951 95.253018499079531 38.465073051614581 4.240478582981722 4.1194159903061545 16.836183809868089
leaf_count=11156 12504 76551 496 2326 3791 2569 227 125 1075 18593 10270 2823 355 106840 26959 179 1185 301 1649 324 523 210 11485 1603 459 3412 1629 303 344 788
internal_value=0 0.069535 0.0868068 0.0739547 0.0941301 0.0843723 0.0806806 0.072445 0.0738021 0.0984081 0.0926721 0.0851414 0.091299 0.0841956 0.0898444 0.0804506 0.0614511 -0.00373753 0.0687398 0.0791547 0.083797 0.0322773 0.0519975 0.0373375 0.022421 0.0719397 0.058733 0.0422741 0.0514421 0.0151006
internal_weight=0 1562.82 3959.97 1248.24 1040.86 317.24 295.895 201.332 199.968 723.616 453.978 284.345 232.962 2919.11 871.835 439.556 95.5132 9.60528 85.9079 69.7014 67.4249 11.884 314.576 112.602 76.5132 196.81 101.557 63.6612 59.4207 20.9556
internal_count=301054 103580 197474 78877 46800 10968 10472 7903 7676 35832 17239 13448 10625 150674 43834 16875 4371 480 3891 2706 2382 733 24703 13218 11615 7551 4139 3064 2761 1132
is_linear=0
shrinkage=0.1


Tree=115
num_leaves=31
num_cat=0
split_feature=88 74 74 81 157 63 3 216 189 197 181 2 207 5 145 202 170 217 149 229 7 194 111 217 128 187 162 211 153 3
split_gain=16.3788 7.14201 6.57924 5.31523 5.23462 6.40001 6.46679 5.42889 5.09727 5.00742 4.93018 4.9076 4.49017 4.38918 4.28496 4.44743 4.27116 5.78515 6.18503 6.12461 4.25731 4.54099 4.24083 4.21188 6.39186 4.19931 4.17731 5.26161 5.05859 4.20051
threshold=0.70700979232788097 0.27543103694915777 0.33602151274681097 0.094044812023639693 0.62373504042625438 0.33389289677143102 0.28869047760963445 0.075485192239284529 -0.10837243497371672 0.23373956233263019 0.080280896276235594 0.3390804678201676 -0.15862367302179334 0.16568627953529361 0.012991529423743488 -0.082398585975170122 0.45801669359207159 -0.093061622232198701 -0.032903954386711114 0.0023961809929460291 0.078461539000272765 -0.060504725202918046 -0.043405370786786072 -0.057622939348220818 -0.064834021031856523 0.15571366250514987 143.57722473144534 0.067311204969882979 0.044574752449989326 0.11167800426483156
decision_type=2 2 2 2 2 2 10 2 2 2 2 10 2 10 2 2 2 2 2 2 8 2 2 2 2 2 2 2 2 8
left_child=1 3 4 13 5 9 7 14 10 16 12 -10 -5 -1 15 -7 17 18 -2 -20 -6 -22 26 24 -17 -8 27 28 -18 -29
right_child=2 -3 -4 8 20 6 25 -9 11 -11 -12 -13 -14 -15 -16 23 22 -19 19 -21 21 -23 -24 -25 -26 -27 -28 29 -30 -31
leaf_value=0.090848722082586653 -0.1045799630295835 0.070256696976987373 0.066206190975250392 -0.085565586375093913 0.039146691469039263 0.095513271232616881 0.11033634417123472 0.0093297714835607233 0.078550115315837582 0.12076812399383696 0.0738252698437767 -0.075994942445774358 0.1218829165461018 0.11164257975793579 0.033075251141375474 -0.085756289039662648 0.061241845821731346 0.094122965817621487 0.0072410613957687572 0.092555543587839517 0.10131419209609582 0.082647177185196 0.078115884654823553 0.047203109185137905 0.095147665386018529 -0.071225614473724067 0.098583775448754393 0.22119036774839995 0.18770352760960796 0.0044035469716424847
leaf_weight=1652.5957456030237 2.3431760977427976 216.01556866510282 486.10086919943524 1.0603608477276782 18.468608919205508 44.334636489085597 32.366260261981097 22.222952495037816 571.32800291885667 27.762457212079653 39.231091253293926 2.0621653037173919 65.154669069515535 108.15438051922911 43.547168655165251 2.05815738477986 168.35678711999628 255.92086602445829 12.889427578998037 24.237533180554237 180.49809335589816 468.7410996933686 933.64378748478532 92.685394060227509 38.274712540541941 1.3260700064463424 28.434606711140532 0.93087226226726016 3.2236547257327848 22.437880709998353
leaf_count=73868 189 13122 32757 178 1265 2556 2595 2563 30169 1742 1557 628 4400 8988 3921 158 14683 15102 679 645 1255 3455 70203 7699 1789 254 1338 759 476 2144
internal_value=0 0.0876846 0.0768243 0.0892277 0.078953 0.0760887 0.0621325 0.0564426 0.0817103 0.0786987 0.101917 0.0779943 0.118561 0.092126 0.0611823 0.0680837 0.0778946 0.088627 0.052992 0.0629368 0.0864901 0.0878369 0.0751545 0.0589414 0.0859163 0.10319 0.0627775 0.0575549 0.0636178 0.013039
internal_weight=0 2655.6 2910.81 2439.59 2424.7 1757 276.815 243.123 678.836 1480.18 105.446 573.39 66.215 1760.75 220.9 177.353 1452.42 295.391 39.4701 37.127 667.708 649.239 1157.03 133.018 40.3329 33.6923 223.384 194.949 171.58 23.3688
internal_count=301137 132910 168227 119788 135470 129495 21535 18686 36932 107960 6135 30797 4578 82856 16123 12202 106218 16615 1513 1324 5975 4710 89603 9646 1947 2849 19400 18062 15159 2903
is_linear=0
shrinkage=0.1


Tree=116
num_leaves=31
num_cat=0
split_feature=86 86 93 86 173 17 226 183 170 139 74 224 68 156 223 79 13 166 52 156 173 95 13 55 135 88 159 109 183 134
split_gain=28.0103 13.4533 7.17499 4.61523 4.33863 4.2669 4.31551 4.47776 4.20473 3.94642 3.77778 6.15557 4.23029 3.86566 3.78058 3.7521 5.01487 4.64866 4.56135 4.516 4.83933 4.26704 4.81994 5.43987 4.58536 4.61955 4.8195 4.53361 4.20631 4.04979
threshold=-1.1543014049530027 -0.81289151310920704 0.41272683441638952 -0.57491785287857045 0.26942130923271185 7.5000000000000009 -0.064158134162425981 1.0000000180025095e-35 0.51061841845512401 0.0048427132423967132 0.11258802562952043 -0.082292102277278886 41.360715866088874 0.064309347420930876 -0.058813111856579774 0.32799692451953893 0.027106754481792453 0.75908592343330394 1.0000000180025095e-35 0.57259953022003185 -0.22302149236202237 -0.092542435973882661 0.09213085845112802 1.0000000180025095e-35 0.056533835828304298 0.65056136250495922 1.2669772505760195 0.042035484686493881 0.12634110450744632 -0.031451804563403123
decision_type=2 2 2 2 2 2 2 2 2 2 2 2 2 2 2 2 10 2 2 2 2 2 10 2 2 2 2 2 2 2
left_child=-1 2 15 5 -4 -3 7 8 -7 10 11 -8 13 -12 -14 16 28 18 -18 21 -21 -19 24 29 25 26 27 -23 -2 -24
right_child=1 3 4 -5 -6 6 9 -9 -10 -11 12 -13 14 -15 -16 -17 17 19 -20 20 -22 22 23 -25 -26 -27 -28 -29 -30 -31
leaf_value=0.056054631813855053 0.073882486498842381 0.084884638134905405 0.057546152483056202 0.09778538893658105 -0.053921586020752067 -0.02183193785256729 0.0241326988680956 0.091303190516222058 0.070615823474809825 0.11470377792785019 -0.047598143286355504 0.10861503048040687 0.098412834083365333 0.085691507248866206 -0.070610307522909935 0.087745651602405939 0.094877963127364115 0.088711979187663756 0.07206143155022568 0.10681777391660566 -0.047920169218100946 0.010203139156782776 0.0034414368885518987 -0.1810907750232309 0.11691920788675747 0.071651756903723079 0.082211918957045216 -0.15870342337280804 0.046240634452363455 0.12341682594280437
leaf_weight=376.54784408077649 599.19424753645262 1481.5686666097072 99.698972259299808 548.76163124446066 3.6185797556431671 8.1403157946194842 9.267846620897215 40.60606175819612 12.435372997765169 128.7117418210828 2.2449093988618634 124.25104057194676 2.1012387992968797 70.7410663797491 3.5744505499487778 562.89700341791922 384.3759376639448 276.07161214990924 113.48764780769739 3.1206620378652588 5.7362277737120149 11.22000238886085 3.0678793422684967 0.63776916228380187 21.476194586381553 544.47329786497653 8.7377709929869507 1.8513010582928462 60.620829493042038 33.932312310776524
leaf_count=29361 60865 73636 6388 23223 1117 604 664 1839 575 5210 815 4747 89 2739 337 29312 21199 7161 7460 6 63 538 129 52 316 14676 240 198 6856 1033
internal_value=0 0.084305 0.079492 0.0897152 0.0536421 0.0873641 0.0965002 0.0720456 0.0340409 0.100889 0.0925091 0.102751 0.0751249 0.0815918 -0.008035 0.0805072 0.0785369 0.0819077 0.089677 0.0776587 0.00660064 0.0783569 0.0737857 0.108478 0.0715642 0.0698441 0.0247154 -0.0137193 0.0713429 0.113469
internal_weight=0 5166.62 2734.22 2432.4 103.318 1883.64 402.074 61.1818 20.5757 340.892 212.181 133.519 78.6617 72.986 5.67569 2630.9 2068 1408.19 497.864 910.325 8.85689 901.468 625.397 37.638 587.759 566.282 21.8091 13.0713 659.815 37.0002
internal_count=301448 272087 157609 114478 7505 91255 17619 3018 1179 14601 9391 5411 3980 3554 426 150104 120792 53071 28659 24412 69 24343 17182 1214 15968 15652 976 736 67721 1162
is_linear=0
shrinkage=0.1


Tree=117
num_leaves=31
num_cat=0
split_feature=86 86 86 17 173 139 217 175 172 13 103 157 114 97 195 95 199 101 202 155 222 99 221 144 95 100 190 153 161 221
split_gain=33.2796 9.24154 6.56142 5.59448 4.72426 4.39046 5.85185 4.41455 4.19898 6.34948 4.41066 4.3313 4.29928 4.29113 4.04354 4.97645 6.5555 5.2593 8.04132 7.75176 5.82499 4.60803 8.13964 3.96906 3.96809 3.95041 4.02476 3.82933 3.87173 4.58606
threshold=-0.95728516578674305 -1.1543014049530027 -0.57491785287857045 8.5000000000000018 0.25819219648838049 0.010714035481214525 0.007612053072080017 0.23086272925138476 -0.098264891654252992 0.056131588295102126 0.025149782188236717 0.56416428089141857 0.022850480861961845 -0.13699972629547116 -0.094100221991538988 -0.10062244534492491 -0.021355239674448964 -0.092391479760408388 0.21292391419410708 -0.0040473961271345607 0.12241788581013681 0.19181142747402194 0.0021816594526171689 0.0041395493317395457 0.2539330273866654 0.2274129539728165 -0.099354449659585939 0.0067278530914336452 4.49690866470337 0.036073165014386184
decision_type=2 2 2 2 2 2 2 2 2 8 2 2 2 2 2 2 2 2 2 2 2 2 2 2 2 2 2 2 2 2
left_child=1 -1 3 5 -4 14 -7 24 13 10 -10 -11 -13 -6 -2 -16 25 27 20 -20 21 -19 -23 -21 -8 -17 -27 28 29 -18
right_child=2 -3 4 -5 8 6 7 -9 9 11 -12 12 -14 -15 15 16 17 18 19 23 -22 22 -24 -25 -26 26 -28 -29 -30 -31
leaf_value=0.055825502733055921 0.090106169015485738 0.073749592699142816 0.10359254238316946 0.094225798082993875 -0.02300899716920566 0.080734947420851522 0.095116813220452942 0.16814630130261429 -0.02863902685711649 -0.011882766796077001 0.065959100531647566 0.098715084418242297 -0.029597882226358826 0.099224716042740149 0.092123309809655732 0.083792066156191045 0.073891853310696226 0.079290945976841498 -0.12898974940230012 0.15230598953738317 -0.0088492190904616713 -0.057205136421283491 0.073924427231895157 -0.074314362943952189 0.18356328094584792 0.088889289466866861 -0.13074898888339001 0.032950875641990299 0.13248970225755871 0.030490988477962166
leaf_weight=373.15515214781408 363.20448547657679 1255.4102143455248 358.14352528837844 549.84717125817042 2.9484585778900501 396.64019902310417 393.99678193199577 8.7283974542908691 10.24023558794852 4.4054461681298553 9.5024219685537883 46.923274580447469 2.765169355319812 110.80834939236047 226.28673361432061 654.64585535834101 74.678309740360191 477.52277985379283 3.790065018299174 2.3409876020400584 7.9860280979642075 6.9322548051391122 14.926159670932973 1.1537252235439153 5.1386423103049301 1.6061134594201578 1.7361567903799358 56.694242597665038 7.8331040667883363 36.124205281288596
leaf_count=29369 16574 78906 17604 25559 96 23596 17324 372 916 747 768 494 68 2366 12086 31779 4674 26933 171 143 608 725 834 147 71 46 219 4800 531 2133
internal_value=0 0.0696426 0.0867034 0.0850198 0.0968588 0.0831737 0.0893835 0.097794 0.0840031 0.065433 0.0168924 0.0831488 0.0915744 0.0960565 0.0805952 0.0784008 0.0760972 0.0692871 0.074383 -0.0299352 0.0758808 0.0772357 0.0323375 0.0774908 0.0962555 0.0832384 -0.0252028 0.0543291 0.0645454 0.0597422
internal_weight=0 1628.57 3837.55 3291.81 545.737 2741.97 804.504 407.864 187.593 73.8365 19.7427 54.0939 49.6884 113.757 1937.46 1574.26 1347.97 689.982 514.652 7.28478 507.367 499.381 21.8584 3.49471 399.135 657.988 3.34227 175.33 118.636 110.803
internal_count=300659 108275 192384 169325 23059 143766 41363 17767 5455 2993 1684 1309 562 2462 102403 85829 73743 41699 29561 461 29100 28492 1559 290 17395 32044 265 12138 7338 6807
is_linear=0
shrinkage=0.1


Tree=118
num_leaves=31
num_cat=0
split_feature=93 88 170 157 94 161 166 72 13 157 130 76 85 145 170 149 166 20 174 192 140 131 180 92 232 96 124 157 225 224
split_gain=17.5223 7.44212 7.18904 6.52231 5.19233 4.61941 4.53278 4.75882 4.34858 4.15651 5.04414 5.36811 5.00292 4.2703 3.96942 5.10904 5.49971 4.87981 4.46449 4.10934 5.97412 3.88469 3.78557 3.77575 5.62753 5.69937 5.39934 4.12803 4.3749 3.79479
threshold=0.26758758723735815 0.7245355248451234 0.44120077788829809 0.53720706701278698 0.15084221214056018 2.7361341714859013 0.59232404828071605 0.34980392456054693 0.0051115783862769612 0.42517314851284033 0.033836193382740028 0.39565217494964605 61.500000000000007 0.043263679370284087 0.49815694987773901 -0.00083438714500516642 0.94196885824203502 1.0000000180025095e-35 0.17158039659261706 0.26124556362628942 -0.040574191138148301 0.015941747464239601 -0.15674252063035962 0.85637041926383983 0.025215854868292812 -0.070072017610073076 -0.012786725070327519 0.46089245378971105 -0.070131264626979814 0.16344209015369418
decision_type=2 2 2 2 2 2 2 2 8 2 2 2 2 2 2 2 2 2 2 2 2 2 2 2 2 2 2 2 2 2
left_child=1 9 -3 4 5 21 7 -5 -7 10 11 12 -1 -14 -10 18 17 -17 19 -16 -21 -4 -19 24 -2 26 -26 -28 -29 -25
right_child=23 2 3 6 -6 8 -8 -9 14 -11 -12 -13 13 -15 15 16 -18 22 -20 20 -22 -23 -24 29 25 -27 27 28 -30 -31
leaf_value=0.0046782786150213083 0.048017151616398274 0.097781686413805094 -0.025436363302187022 0.070327533509447815 0.10090352911292971 -0.027974899689197537 0.083828133939411034 -0.093657195747559083 0.076158394474091631 0.087742606696340458 0.14724963059199966 0.35454280901582724 0.065030339523429057 0.27608182787988872 0.081820966786060823 0.016453390283684324 0.085929541987896874 -0.029031365386506604 0.018462110138961898 0.82939317540533919 -0.061985379192557304 0.12741421632999089 0.099108432610404321 0.07226819514179042 0.012658025544995297 0.098640068380639295 -0.057977886408370621 0.27477353052260589 0.080637747035600948 0.1537155230487644
leaf_weight=19.451553048952633 191.72756539256193 189.62118515272505 9.5517513047631137 265.66200470573426 40.75832773044624 4.9371003834206695 1042.7557291169987 1.7815368547780952 203.05319391328544 2872.6093863368324 5.5174141411631572 0.55392437543491624 19.708643209330607 1.0077158668136679 73.062877167483975 64.188423420038248 21.402555459965242 2.7730236486650055 12.392146438600319 0.17587697640192346 0.13133399077196273 2.0131777716264869 13.674256551674032 337.23659414358872 20.438911680816318 56.075778890396577 2.0515462758621679 1.2122692814082281 27.339790247122437 5.819218916243698
leaf_count=13346 15207 9741 1760 16023 8311 12074 13570 117 19496 120139 2159 458 12025 259 10547 11791 1791 408 2520 18 137 280 1772 20383 1604 3180 1140 101 659 228
internal_value=0 0.0840693 0.0792825 0.0772875 0.0668733 0.0634683 0.0808494 0.0692352 0.0652886 0.0872638 0.0575204 0.0453629 0.0410993 0.0752966 0.0664667 0.0559879 0.0408666 0.0289059 0.0739788 0.0833556 0.448325 0.00117127 0.077504 0.0664915 0.0582743 0.0766331 0.0524561 0.0790356 0.0888804 0.0736498
internal_weight=0 4866.78 1947.93 1758.31 448.114 407.356 1310.2 267.444 395.791 2918.85 46.2393 40.7218 40.1679 20.7164 390.854 187.8 102.038 80.6357 85.7622 73.3701 0.307211 11.5649 16.4473 641.902 298.846 107.118 51.0425 30.6036 28.5521 343.056
internal_count=301244 258742 110356 100615 70905 62594 29710 16140 60554 148386 28247 26088 25630 12284 48480 28984 15762 13971 13222 10702 155 2040 2180 42502 21891 6684 3504 1900 760 20611
is_linear=0
shrinkage=0.1


Tree=119
num_leaves=31
num_cat=0
split_feature=86 86 83 93 86 183 151 222 227 8 132 218 104 140 100 67 177 143 203 171 219 219 155 166 158 13 192 13 175 73
split_gain=28.0005 10.4624 5.64956 5.50071 5.15427 3.8907 5.85041 4.00887 3.67704 5.31438 5.02682 4.69185 4.37423 4.46465 4.18092 3.82271 3.69608 3.45641 4.0017 3.67951 3.45292 3.59308 3.54627 5.22322 3.54198 3.35999 3.34558 3.33 3.36884 3.31181
threshold=-0.93589836359024037 -1.1543014049530027 7.5000000000000009 0.18131834268569949 -0.57491785287857045 0.03175178915262223 0.0049943402409553537 -0.08064402267336844 -0.02239330671727657 0.11347831040620805 0.035425905138254173 0.09705482050776483 -0.16163206845521924 -0.0077954309526830903 -0.08658361434936522 0.74013358354568493 -0.16279230266809461 -0.0033558700233697887 0.066411025822162642 -0.0079010277986526472 0.14024414122104648 0.070655196905136122 -0.00074053707066923369 0.1856832951307297 0.45000000298023229 0.14690027385950091 -0.11560823395848273 0.10249099880456926 0.042717751115560539 0.096464019268751158
decision_type=2 2 2 2 2 2 2 2 2 8 2 2 2 2 2 2 2 2 2 2 2 2 2 2 2 10 2 10 2 2
left_child=1 5 4 -3 27 6 17 -8 26 -10 11 12 15 14 -14 -11 -16 18 19 -1 21 -9 23 -23 -22 -19 -7 28 -2 -6
right_child=2 3 -4 -5 29 8 7 20 9 10 -12 -13 13 -15 16 -17 -18 25 -20 -21 24 22 -24 -25 -26 -27 -28 -29 -30 -31
leaf_value=0.072083321147071847 0.082015685019731985 0.080417320567217454 0.095285284215520516 0.067040129548445487 0.092288519206624106 -0.11796678370936103 -0.02124361873569227 0.098541174289870581 0.098471925299343122 0.31713097135347851 -0.057469960752847049 0.077059760196509453 -0.071879364062450407 -0.015714823920529638 -0.19234855287118724 0.065771641264572675 0.068703634295432567 0.061744456306707877 -0.048525052892986219 -0.012386033485107896 0.13340870868427307 0.67972911081401621 -0.11530883038750353 0.041680264554667883 0.64385502024631713 0.39329257147667795 0.066765889344040624 0.1037581433704643 0.093977283234736753 0.1175591631145374
leaf_weight=14.981520296435068 2205.468747704851 1008.7383188223052 758.69102376283854 442.11348459575515 341.40897717458313 0.99497499491371755 3.1214059375517982 64.655684545685745 11.213794201959898 0.65376954637485951 6.7634742116724729 18.109457093331002 2.7264736970710173 31.3892754801841 0.55931652942945831 8.1166633811844786 17.888661403039798 112.28426368185205 6.0389113533155969 7.8638289053733397 0.33394518701334064 0.13469544850795534 1.5708969148608947 2.7026647220036466 0.22926777139946353 0.30649835776512091 66.726695963296834 82.151714511791397 263.59214359843918 61.148425861530427
leaf_count=1480 108351 60542 34367 28356 15379 366 621 3958 1747 57 810 500 304 2472 92 590 1039 8835 739 872 101 41 273 286 15 163 4091 5960 15998 2875
internal_value=0 0.0724748 0.0875881 0.0763409 0.085611 0.0576889 0.0665805 0.0896261 0.0461547 0.0337136 0.0252899 0.0323357 0.0191305 0.00822199 0.0437062 0.0845086 0.0607889 0.0547302 0.0238704 0.0430073 0.0945964 0.0925854 0.00523243 0.0719698 0.341197 0.062647 0.0640518 0.0839517 0.0832927 0.0961271
internal_weight=0 1830.22 3712.46 1450.85 2953.77 379.366 214.224 72.7486 165.143 97.4209 86.2071 79.4436 61.3342 52.5637 21.1745 8.77043 18.448 141.475 28.8843 22.8453 69.6272 69.0639 4.40826 2.83736 0.563213 112.591 67.7217 2551.21 2469.06 402.557
internal_count=301280 118350 182930 88898 148563 29452 17384 5295 12068 7611 5864 5054 4554 3907 1435 647 1131 12089 3091 2352 4674 4558 600 327 116 8998 4457 130309 124349 18254
is_linear=0
shrinkage=0.1


Tree=120
num_leaves=31
num_cat=0
split_feature=86 86 93 86 17 217 171 11 92 93 3 170 181 88 125 191 131 172 176 131 163 162 103 224 158 163 5 205 80 17
split_gain=36.5865 10.0436 7.05788 7.03951 5.02528 4.74572 4.37061 4.12664 5.01708 4.44383 3.92848 3.77904 4.46701 7.08162 4.22699 6.4806 3.69092 6.57765 4.16472 3.53002 3.36959 3.1974 3.44034 3.37821 3.19329 5.24669 3.74058 3.33666 4.00379 3.18866
threshold=-0.96732068061828602 -1.1852712035179136 0.36510318517684942 -0.57491785287857045 12.500000000000002 -0.046424128115177148 0.013746987096965315 0.0072781592607498178 0.91935789585113536 0.068085435777902617 0.14100264757871631 0.41605599224567419 0.023576142266392711 0.78284549713134777 0.0012017614790238442 -0.01901033520698547 0.013167848344892265 -0.10656373202800749 0.060703637078404434 0.015941747464239601 0.69811776280403148 137.79351806640628 1.0000000180025095e-35 0.015642412938177589 1.0000000180025095e-35 0.068975757807493224 0.15075758099555972 -0.055425567552447312 0.016001024283468727 6.5000000000000009
decision_type=2 2 2 2 2 2 2 8 2 2 8 2 2 2 2 2 2 2 2 2 2 2 2 2 2 2 8 2 2 2
left_child=1 24 -3 4 6 29 11 8 -8 -9 -6 12 13 14 15 -2 -7 -18 -19 -17 -12 23 -23 -10 26 27 -1 28 -26 -4
right_child=3 2 5 -5 10 16 7 9 21 -11 20 -13 -14 -15 -16 19 17 18 -20 -21 -22 22 -24 -25 25 -27 -28 -29 -30 -31
leaf_value=0.043330210120957335 0.1095468797427217 0.076308339041244636 0.09304881576039864 0.097964286398692688 0.12628547717299965 0.048048664099923852 0.13440639597967494 0.086076962217071021 0.069649743035494829 0.068677357928404542 0.09478916443979063 0.085780413768584321 0.12695695553663164 -0.10985963087915661 0.10841140756425321 0.026470746444071998 0.11756304441867663 -0.012532289487721591 -0.18314674794296823 -0.15724897190402654 -0.062170210437919218 0.54654390126366714 -0.1136473164995727 -0.082191304107397847 0.10624131070726661 -0.0099717079224143149 -0.027866326205891453 0.053698065853963528 0.057347675571957295 0.0034408015884050758
leaf_weight=37.271305550634906 13.250399872385062 1086.1873774692119 35.376421201612629 558.03174773589217 46.311680713490432 103.98438086866395 24.536631134585832 244.60816858972203 5.2356183226017938 367.03259979062602 175.25295236775423 2403.6424640513897 49.288315695039273 1.7505032992030454 58.160950111645434 12.021320364386609 2.4759866956624137 3.8770188557150487 2.267471407546509 1.1454985858936186 1.3784953801532527 0.24334274633838493 0.11682980579780633 2.0346586292672555 30.761842832651837 11.001491237205981 9.2011455811093565 187.56938066633165 36.764301216527656 4.4732797829133224
leaf_count=4569 596 67469 2430 23166 3136 7767 6649 18829 2029 13720 5916 116573 1534 186 1930 628 168 405 182 127 833 49 78 1557 1011 7669 1867 7888 1570 421
internal_value=0 0.0694382 0.0734803 0.0875532 0.0858475 0.0533316 0.0848309 0.0774719 0.112383 0.0756358 0.100361 0.0866968 0.102938 0.0892244 0.0933448 0.0601738 0.0428359 -0.0200434 -0.0754933 0.0104873 0.0935642 0.0415635 0.332397 0.0271555 0.0534201 0.0576441 0.0292339 0.0605602 0.0796214 0.08299
internal_weight=0 1551.21 1238.64 3964.04 3406.01 152.455 3183.07 643.808 32.1671 611.641 222.943 2539.26 135.617 86.3287 84.5782 26.4172 112.605 8.62048 6.14449 13.1668 176.631 7.63045 0.360173 7.27028 312.569 266.097 46.4725 255.096 67.5261 39.8497
internal_count=300952 103416 78842 197536 174370 11373 164485 42911 10362 32549 9885 121574 5001 3467 3281 1351 8522 755 587 755 6749 3713 127 3586 24574 18138 6436 10469 2581 2851
is_linear=0
shrinkage=0.1


Tree=121
num_leaves=31
num_cat=0
split_feature=86 86 93 86 93 173 17 17 160 5 0 103 172 189 173 159 8 183 189 134 12 228 217 159 197 167 194 7 124 227
split_gain=27.021 10.4848 5.26019 4.75425 5.25659 4.34048 4.30662 4.28035 5.44865 6.57445 6.16698 4.1028 4.04143 4.49873 3.95566 5.75345 5.19456 3.82768 3.81313 4.55217 3.76054 3.69483 3.60328 7.39372 3.59432 3.59398 3.96607 3.82942 3.46296 3.45788
threshold=-0.93589836359024037 -1.1543014049530027 0.33721725642681127 -0.55180472135543812 -0.25767512619495386 0.25819219648838049 7.5000000000000009 6.5000000000000009 1.0000000000000002 0.10566188395023347 0.48913043737411505 0.034692607820034034 -0.16272806376218793 -0.024950378574430939 0.30278016626834875 0.16313321143388751 0.16100484877824786 0.2149462774395943 0.1099194996058941 -0.011353478301316498 339.50000000000006 -0.10082019120454787 -0.050208808854222291 0.25518846511840826 -0.090594202280044542 1.5000000000000002 0.021896664984524253 0.14239631593227389 -0.0014349804259836672 0.12605731189250949
decision_type=2 2 2 2 2 2 2 2 2 10 10 2 2 2 2 2 8 2 2 2 10 2 2 2 2 2 2 10 2 2
left_child=1 7 -3 4 -2 25 -6 -1 17 10 21 14 13 -13 20 28 -17 18 29 -20 -5 -10 23 -18 -12 27 -27 -4 -16 -9
right_child=3 2 5 11 6 -7 -8 8 9 -11 24 12 -14 -15 15 16 22 -19 19 -21 -22 -23 -24 -25 -26 26 -28 -29 -30 -31
leaf_value=0.050847451706907611 0.11289894831383228 0.078942388910696534 0.040142442514214283 0.11426190030772883 0.083823312927921834 -0.0089892372646809375 0.093091457383063181 0.10044951454722487 0.094693854568194333 0.081407312450415409 0.78711195887615526 -0.082757429356646595 0.089362248341627204 0.058992294302069537 0.059604459200089221 -0.052599696101333443 0.15520641690429399 -0.0401527572181887 0.089556059940630997 -0.059722313144069429 0.072603277334180094 -0.034373017066344366 0.10657060875432874 -0.081761710349596228 -0.11416231850443866 0.026902991197763473 0.068435031576267888 0.091920453212169004 -0.059320688289799098 -0.036924289011162868
leaf_weight=263.14714974556 72.336277051282195 1245.035427206873 18.645326092729647 210.72081001134063 2561.4558324924492 8.5048146130950482 623.37626251963411 75.243942111335173 2.6537757231431032 18.045337139960338 0.15269803847149888 2.6246959784698474 112.65658858470408 15.234661725485919 6.5320052012866654 2.316193033288072 2.326374695665435 2.3153643709420058 4.7966566023387713 3.5581278756317243 24.152780520814076 13.50772283517972 61.582926908726222 3.0337236075083638 0.062303189805333115 39.683152252041054 54.668469888490563 61.061419008467055 3.9166361612919882 1.8780580939892377
leaf_count=21315 3425 75445 2312 9179 131636 2034 29483 3776 157 906 20 353 5376 592 165 477 23 234 217 471 933 2069 909 264 95 4072 2996 1996 111 141
internal_value=0 0.0726669 0.076618 0.0875675 0.0862428 0.0607661 0.0856374 0.0580298 0.0734946 0.039774 -0.00610186 0.0972614 0.0823559 0.0381601 0.103446 0.0841965 0.0946318 0.0867159 0.0901524 0.0259815 0.109978 -0.0131798 0.0997259 0.0210865 0.52594 0.0641744 0.0509672 0.0798083 0.0150258 0.0971042
internal_weight=0 1812.96 1427.6 3702.27 3257.17 182.563 3184.83 385.361 122.214 34.4218 16.3765 445.097 130.516 17.8594 314.581 79.7079 69.2592 87.7921 85.4768 8.35478 234.874 16.1615 66.943 5.3601 0.215001 174.058 94.3516 79.7067 10.4486 77.122
internal_count=301182 118256 88855 182926 164544 13410 161119 29401 8086 3247 2341 18382 6321 945 12061 1949 1673 4839 4605 688 10112 2226 1196 287 115 11376 7068 4308 276 3917
is_linear=0
shrinkage=0.1


Tree=122
num_leaves=31
num_cat=0
split_feature=88 171 157 79 173 182 73 166 161 7 88 129 12 120 17 179 220 142 157 105 142 13 230 159 95 199 134 94 145 108
split_gain=13.9829 9.80231 7.36053 6.49467 6.27481 5.66233 4.48733 4.31508 4.30371 5.70839 5.9261 4.84915 4.39787 4.23794 4.13766 3.8879 4.91962 9.89704 4.59347 6.97096 5.77143 5.34768 4.34311 4.95474 4.44444 4.32604 4.95015 4.81584 4.3282 4.32123
threshold=0.7782278060913087 0.45464123785495764 0.38639315962791448 0.35424837470054632 0.32367347180843359 -0.13578368723392484 0.21294035762548449 0.13499495387077334 3.5844987630844121 0.30839161574840551 0.81457769870758068 -0.082084737718105302 68.500000000000014 0.0011485328432172539 8.5000000000000018 0.29804916679859167 0.01892189867794514 0.0025870129466056828 0.48623459041118627 0.089750200510025038 -0.014647762756794689 0.061335224658250816 0.011711860075592996 0.16313321143388751 -0.1859767064452171 0.12588912248611453 0.017801115289330486 0.22916726022958758 -0.022538285702466961 -0.074020847678184495
decision_type=2 2 2 2 2 2 2 2 2 10 2 2 8 2 2 2 2 2 2 2 2 10 2 2 2 2 2 2 2 2
left_child=1 2 -1 5 -5 6 -4 14 9 10 12 -11 -9 -3 -2 16 18 -18 19 25 21 22 -20 24 -24 26 28 -27 -7 -28
right_child=7 13 3 4 -6 15 -8 8 -10 11 -12 -13 -14 -15 -16 -17 17 -19 20 -21 -22 -23 23 -25 -26 27 29 -29 -30 -31
leaf_value=0.037973869072476615 0.016920870984709728 0.05934610714660235 0.06495502644712621 0.096976158573382099 0.081612220210560193 0.10988267499206733 0.12847091194329682 0.0068306045620074533 0.064476883592113052 0.5938949160021989 0.057311152373588359 0.15243876905670917 0.086650524357609129 0.082311762422162982 0.099558039876903093 0.10597578644470206 0.068255586348037772 0.090015319338672406 0.099380501997441875 0.010273043847851266 0.084403695188431493 0.11090754792703739 -0.089409809783136188 0.07242400728348114 0.11522558169871761 0.11171773957288439 -0.093173931595974258 0.48616442482063987 0.07046533427109665 0.047621811937694644
leaf_weight=31.609424741068324 26.337755424814418 204.76744774696442 206.12437538583254 895.0112961695304 378.13335871732306 37.819147940379708 11.757509117079278 7.0672964816574213 377.74979980019305 0.25834887765267911 105.83927282435161 6.7484218595750454 296.41736908692656 132.24648615972467 7.8694065249296719 86.55914143824748 462.78375185919288 381.20229074847828 261.80211161768989 16.127512662597155 1061.1478665203629 181.94641255667648 1.0883764704558405 169.72050074967001 42.729255017666219 25.5502253822815 2.3555331289458108 0.34815280280144989 105.75185877076819 29.228804808859422
leaf_count=25795 5266 12507 10842 43703 7779 4281 963 4848 21546 57 7396 1811 9322 9018 1166 7252 30306 18183 7436 3992 30093 2673 76 4525 738 3451 639 119 19811 5932
internal_value=0 0.0847932 0.0860552 0.086404 0.092413 0.0839234 0.0683825 0.0707075 0.0722056 0.0792181 0.0776861 0.168716 0.0847917 0.068358 0.0359317 0.0851049 0.0844549 0.0780838 0.0872329 0.0735299 0.0889647 0.0963283 0.0907477 0.0801638 0.110143 0.078604 0.0729636 0.116751 0.0808486 0.0371214
internal_weight=0 4725.81 4388.8 4357.19 1273.14 3084.04 217.882 828.288 794.081 416.331 409.324 7.00677 303.485 337.014 34.2072 2866.16 2779.6 843.986 1935.62 217.181 1718.43 657.287 475.34 213.538 43.8176 201.054 175.155 25.8984 143.571 31.5843
internal_count=301526 250114 228589 202794 51482 151312 11805 51412 44980 23434 21566 1868 14170 21525 6432 139507 132255 48489 83766 38225 45541 15448 12775 5339 814 34233 30663 3570 24092 6571
is_linear=0
shrinkage=0.1


Tree=123
num_leaves=31
num_cat=0
split_feature=86 86 86 170 205 103 124 224 131 85 4 218 203 125 81 143 163 177 212 100 4 178 157 157 132 220 12 189 168 210
split_gain=27.8213 7.95624 7.30193 5.53978 4.50551 6.75248 6.64287 5.4458 4.53686 4.45934 4.69099 4.44542 4.43584 5.14638 4.42646 6.869 4.26686 4.13317 4.34802 4.7138 4.59027 4.31142 4.01362 3.9885 3.84986 4.14193 4.36103 4.19997 4.46328 5.89775
threshold=-0.95728516578674305 -1.1543014049530027 -0.6793040633201598 0.41605599224567419 -0.14372114092111585 -0.094073753803968416 0.0063892253674566754 -0.044237624853849404 -0.033341642469167702 58.500000000000007 0.34848485887050634 0.091813124716281905 -0.15948425978422162 -0.032364226877689355 0.03347339108586312 1.0000000180025095e-35 1.1515302062034609 -0.044361058622598641 0.084211315959692015 -0.22044806182384488 0.088004294782876982 -0.024822412058711048 0.54989740252494823 0.43361093103885656 -0.014032116625458 0.044645104557275779 339.50000000000006 0.21053631603717807 3.2487963438034062 -0.021957337856292721
decision_type=2 2 2 2 2 2 2 2 2 2 10 2 2 2 2 2 2 2 2 2 8 2 2 2 2 2 8 2 2 2
left_child=1 12 3 -2 5 7 -7 -4 11 10 16 -6 13 -1 15 -13 17 21 19 22 -20 -5 -19 -21 25 27 -27 28 -14 -30
right_child=2 -3 4 9 8 6 -8 -9 -10 -11 -12 14 24 -15 -16 -17 -18 18 20 23 -22 -23 -24 -25 -26 26 -28 -29 29 -31
leaf_value=0.090398575000306375 0.10364617003470236 0.074892283620232356 0.10044896348368611 0.07581943719035425 0.087293601318129257 0.088561379253429384 -0.022901977917719401 -0.26156453475377123 0.097978548549879863 0.079051690436605482 0.16138333040714004 -0.019115608568258641 0.12572036295665431 -0.060304813251670565 -0.030909149419258992 0.10728036312119332 -0.073640053843386302 0.08698115966430936 0.0028924584125500949 0.018991854391361793 0.071539545692203749 0.098542530843782727 -0.054322578373710531 0.086335176997087842 0.054861241907615814 -0.05010097122224471 0.068971586253629355 -0.14665381909621061 0.099894030747800955 0.021556091849866288
leaf_weight=3.4904452646273967 132.71990071737218 1258.9116004543962 0.65330421657517956 105.57433846384583 250.10774715736613 30.196767105785057 6.4971942514948742 1.1417710192627042 848.32992415297758 1455.0825182968417 8.5197327912874226 6.333356194246341 24.96119774998715 6.4593617979039646 6.0789203772156943 13.389349404896619 1.6531769040982442 3.621124570675418 13.296276585512258 8.9434528945846505 36.426964800318501 399.34725929660158 4.518395879335003 528.71773634379656 293.2050607273095 4.5897389313131471 9.3252818356140779 0.74429975887505762 27.349925750032522 14.816867990418361
leaf_count=225 4649 78851 13 6050 11034 1642 905 64 36578 80483 1006 360 1769 897 496 468 3324 360 1697 5711 1724 16408 60 19260 23333 912 389 123 806 1084
internal_value=0 0.0710453 0.0865791 0.0837245 0.0932039 0.059561 0.0688252 -0.129812 0.0943557 0.082694 0.0874659 0.0832167 0.0584641 -0.00743726 0.043697 0.0666921 0.0868945 0.0871356 0.0814925 0.0840715 0.0531829 0.0937913 0.00854088 0.085215 0.0602127 0.0793973 0.0296966 0.0895868 0.0922062 0.0723671
internal_weight=0 1643.85 3861.15 2698.42 1162.73 38.489 36.694 1.79508 1124.24 2565.7 1110.62 275.909 384.942 9.94981 25.8016 19.7227 1102.1 1100.45 595.524 545.801 49.7232 504.922 8.13952 537.661 374.992 81.7873 13.915 67.8723 67.128 42.1668
internal_count=300681 108389 192292 140732 51560 2624 2547 77 48936 136083 55600 12358 29538 1122 1324 828 54594 51270 28812 25391 3421 22458 420 24971 28416 5083 1301 3782 3659 1890
is_linear=0
shrinkage=0.1


Tree=124
num_leaves=31
num_cat=0
split_feature=86 86 93 0 225 130 181 178 12 156 132 160 192 130 5 4 122 157 197 96 157 135 162 69 134 224 196 140 125 98
split_gain=29.3309 14.8206 4.55965 6.4713 7.06892 3.92147 3.85249 4.17463 4.39827 3.84891 3.84137 4.37201 5.10694 5.27817 5.29829 4.93393 3.97302 4.67613 3.87152 3.79985 3.59677 4.07061 3.54596 4.09161 5.75029 3.97285 3.98632 7.3288 4.98834 3.77212
threshold=-0.81289151310920704 -1.1543014049530027 0.38426664471626287 0.27151675522327429 0.11991277337074281 -0.022519918158650395 -0.11262843012809752 0.37791877985000616 200.50000000000003 1.0000000180025095e-35 -0.0028905026847496624 1.0000000000000002 -0.0079232738353311998 0.006947166984900833 0.13079115748405459 0.1137044094502926 0.053224945440888412 0.63768562674522411 -0.10346681624650954 -0.12721074372529981 0.63768562674522411 0.056533835828304298 143.57722473144534 2.117678284645081 0.027695792727172378 -0.10641922429203986 -0.05300141125917434 -0.023720080032944676 -0.017766301520168778 1.0000000180025095e-35
decision_type=2 2 2 8 2 2 2 2 8 2 2 2 2 2 10 10 2 2 2 2 2 2 2 2 2 2 2 2 2 2
left_child=1 10 9 -4 5 -5 7 -2 -9 -3 11 12 13 -1 -15 16 17 -13 -18 -11 21 22 23 24 -21 26 27 29 -29 -25
right_child=6 2 3 4 -6 -7 -8 8 -10 19 -12 15 -14 14 -16 -17 18 -19 -20 20 -22 -23 -24 25 -26 -27 -28 28 -30 -31
leaf_value=0.074283823047012462 0.10252890109744378 -0.094140339815360977 0.075047444902446053 0.0045352851613140064 -0.16383437060734843 0.065006012370307564 0.089048977196546086 0.068946004399255481 -0.10913759057228867 0.089075966687917008 0.050157568475460504 -0.01584531978376023 0.10413293694584017 -0.060360306019273946 0.15570540767445984 -0.0684700777969727 0.29734056745245957 0.070284740100002893 0.087873958006274691 -0.02058423729502739 0.086127048698348169 0.10839728242138838 0.086533801454804216 0.0691044316539276 0.081704646937184655 0.072255057220072499 0.10081627213477712 -0.0067471898763302191 0.09622574270159677 -0.079552816141897964
leaf_weight=30.13571987296109 317.6448714816936 1.2749826612234745 109.00444839550482 19.311970274777195 1.8053323286221701 24.115511909786164 2136.9544985886423 6.2957542107394575 1.7786822801863316 365.82409625398668 249.4085052464236 10.857160662850447 51.572143580240891 6.0416711016623585 1.3974196756316812 3.5652245638220839 0.97757687017201433 15.028899289758556 9.0603247461115171 10.986037122787367 439.86562418772519 37.919663920633866 239.60767581063647 2.6744643459205681 10.997285003240902 1274.757970580162 100.812727798487 5.4297889124172789 35.21768196026278 4.7182222191859182
leaf_count=1701 14304 10203 6838 1912 178 1911 99012 688 228 19549 20548 2207 2591 571 105 769 84 244 486 2339 4287 2073 10149 138 1649 89439 4535 381 1485 319
internal_value=0 0.0759343 0.078545 0.0618526 0.0300548 0.038115 0.0905931 0.100724 0.0297167 0.0795626 0.0573969 0.071433 0.083703 0.0556624 -0.0197728 0.0437334 0.0548689 0.03416 0.108274 0.0796502 0.078056 0.0759957 0.0752667 0.0733991 0.0305864 0.0740602 0.0895196 0.0658133 0.0824704 -0.0257728
internal_weight=0 3062.37 2684.32 154.237 45.2328 43.4275 2462.67 325.719 8.07444 2530.09 378.045 128.636 89.147 37.5748 7.43909 39.4892 35.924 25.8861 10.0379 2528.81 2162.99 1723.12 1685.2 1445.59 21.9833 1423.61 148.853 48.0402 40.6475 7.39269
internal_count=300923 186691 157385 10839 4001 3823 114232 15220 916 146546 29306 8758 4968 2377 676 3790 3021 2451 570 136343 116794 112507 110434 100285 3988 96297 6858 2323 1866 457
is_linear=0
shrinkage=0.1


Tree=125
num_leaves=31
num_cat=0
split_feature=93 63 103 171 229 122 63 170 206 196 22 157 186 203 82 180 110 148 135 2 56 68 138 154 124 230 78 144 157 5
split_gain=16.4489 9.85433 5.72934 4.79998 4.55054 5.40714 4.53368 4.81549 4.59774 6.7715 4.92197 4.45753 4.80821 4.52672 6.34412 7.47522 6.75736 6.54106 5.8373 5.11625 4.58116 6.40927 4.43944 5.22833 4.41239 4.79177 4.38109 5.15866 4.24484 4.23204
threshold=0.18131834268569949 0.33389289677143102 0.1239905282855034 -0.072184044867753969 -0.015669319778680798 0.078454431146383299 -0.40591825544834131 0.41605599224567419 0.13482258468866351 0.25367511808872228 1.0000000180025095e-35 0.51803588867187511 -0.16723144054412839 0.046226570382714278 0.026846847496926788 0.052842542529106147 0.040331859141588218 -0.0047119667287915936 0.0017666678177192809 0.090593434870243086 1.0000000180025095e-35 41.386682510375984 0.022556660696864132 -0.043845079839229577 -0.014260531403124331 -0.052462663501501076 0.027973395772278312 -0.016543560661375519 0.46462488174438482 0.094044812023639693
decision_type=2 2 2 2 2 2 2 2 2 2 2 2 2 2 2 2 2 2 2 8 2 2 2 2 2 2 2 2 2 10
left_child=1 2 6 -2 5 -3 29 -8 11 26 -11 12 -9 14 15 19 -17 -16 -15 22 -21 -22 -14 -24 25 -5 -10 -28 -6 -1
right_child=3 4 -4 24 28 -7 7 8 9 10 -12 -13 13 18 17 16 -18 -19 -20 20 21 -23 23 -25 -26 -27 27 -29 -30 -31
leaf_value=0.090696576631151909 0.083019565445709514 0.06314173796328458 0.077217972733480605 0.021520583864503489 0.031860708547402611 -0.012358013648320339 0.10586943269175758 0.020947951947608508 0.1150680948667243 0.25630445590737544 0.81898908180581531 0.08716138532875721 0.080664264683942333 0.081170574673196966 0.07963605407264468 0.067898327545557927 -0.0067768802564916897 0.1362958001298977 0.032662131753046934 0.094050889643725155 0.13481889686203949 0.36587406838543313 0.32004586066783908 0.015033642769666773 0.073360197390903117 0.062380856403541296 -0.021630561106675158 0.092667943878423628 0.081796515394329417 0.11161083624362714
leaf_weight=270.97791059533574 270.27298166454364 158.81215842194922 523.30816974676463 32.180567212987626 18.050765168058092 10.088431193154973 130.8128920003337 15.297531412344481 81.167852441915556 0.7350293668341682 0.1971539536216369 2397.3984755111705 66.042556260925153 55.992437293526223 40.671290137766505 36.979771826378169 18.024068461634101 40.829310811520031 44.540668079174452 70.333324696910836 10.418400223047 1.3569009495627131 0.58058105437067098 17.55039095624727 496.75815812017436 265.42069789281425 5.2896075533226421 15.57706608635476 298.98800989500501 150.48313014512996
leaf_count=13895 28550 10656 31193 2643 6231 788 5212 5428 4672 205 28 59551 13628 11917 7007 8418 5531 4747 10447 11137 1132 221 79 4509 23347 11984 620 1090 10669 5745
internal_value=0 0.0853362 0.086972 0.0715082 0.0718902 0.0586321 0.0884424 0.087099 0.0862578 0.107013 0.375311 0.0854989 0.0759777 0.0780649 0.0841694 0.0753849 0.0434282 0.108021 0.0596792 0.0859557 0.103716 0.161444 0.0686312 0.0248006 0.0675916 0.0579625 0.104562 0.0636938 0.0789534 0.098164
internal_weight=0 4480.5 3994.56 1064.63 485.939 168.901 3471.26 3049.8 2918.98 102.967 0.932183 2816.02 418.617 403.32 302.787 221.286 55.0038 81.5006 100.533 166.282 82.1086 11.7753 84.1735 18.131 794.359 297.601 102.035 20.8667 317.039 421.461
internal_count=301280 234756 206412 66524 28344 11444 175219 155579 150367 6615 233 143752 84201 78773 56409 44655 13949 11754 22364 30706 12490 1353 18216 4588 37974 14627 6382 1710 16900 19640
is_linear=0
shrinkage=0.1


Tree=126
num_leaves=31
num_cat=1
split_feature=86 86 86 196 170 192 158 192 186 82 145 108 11 149 130 157 73 139 194 85 235 183 139 175 133 178 163 130 166 24
split_gain=30.5052 11.5477 5.34334 4.90034 4.06822 4.19454 4.02648 4.34745 4.00419 4.93099 4.31136 8.00295 4.13622 4.0521 3.99853 3.78259 5.63341 4.14827 6.41378 3.90284 3.91909 3.75329 3.74589 4.2829 3.86066 4.20313 3.76737 3.74175 3.72855 3.72275
threshold=-0.93589836359024037 -1.254555284976959 -0.49481450021266932 0.11859900504350664 0.53612041473388683 0.2165917903184891 0.55000001192092907 0.004222928313538433 0.0067764476407319316 0.01835016813129187 -0.032416857779026025 -0.049838824197649949 0.01949635706841946 -0.021110365167260167 -0.019165636040270325 0.53720706701278698 0.33602151274681097 -0.035199528560042374 0.063855171203613295 49.500000000000007 0 0.014654465019702913 0.016854252666234974 0.23086272925138476 0.032785432413220413 -0.017944826744496819 0.49774627387523657 -0.04444440267980098 0.68224263191223156 1.0000000180025095e-35
decision_type=2 2 2 2 2 2 2 2 2 2 2 2 8 2 2 2 2 2 2 2 1 2 2 2 2 2 2 2 2 2
left_child=1 3 22 6 8 15 7 -1 9 -3 12 21 13 -10 27 16 -6 18 -17 20 -19 -12 -2 24 -24 -26 -27 28 -11 -5
right_child=2 4 -4 29 5 -7 -8 -9 10 14 11 -13 -14 -15 -16 17 -18 19 -20 -21 -22 -23 23 -25 25 26 -28 -29 -30 -31
leaf_value=0.014406539301040924 0.084728137580399154 0.066718187457798964 0.10191061343124355 0.09757374765089917 0.030998886698742529 -0.066808123092015337 0.088877251187793729 0.050785512618176001 -0.091195636550224668 0.14202268088050538 0.070841597926381811 0.083096957090187704 0.10846677273146575 0.070647789081653783 0.10074573725811074 0.05100201393871151 0.22640039169076789 0.026692224782122173 -0.095505926945530312 0.064683334984638449 0.092397642553583265 0.014614799288201939 0.089948342725297448 0.14261457344089365 0.067649405855414388 0.13703046324981313 0.32470244302071677 0.039114747976096022 0.059511577764572943 -0.084760337333661992
leaf_weight=58.749926459046947 2656.2049992498537 481.14522274443289 241.78324437217861 23.143619278196642 40.618218354916507 2.3749881104035913 15.322268507919942 74.514289352132437 1.8142695920142831 9.6049424420912164 21.755097944633576 463.68188892360172 93.253872554565191 10.501173216783398 89.156690096565058 19.863359690923065 1.5310339619038575 9.8896857185463887 3.5171694870314232 223.96608821146901 110.58636197588476 26.13333659543116 746.38340903246285 16.723337183152807 9.6101140396165174 24.210479391952962 1.1190855898855705 25.875730888912244 12.742053993040825 1.17670062577963
leaf_count=6326 134502 30894 9000 1605 15951 564 494 6138 605 611 2379 25604 3268 1365 4023 762 887 601 317 7958 2499 2305 36443 1113 759 814 318 2134 517 159
internal_value=0 0.0717258 0.0875391 0.0471404 0.0743052 0.0657044 0.0403296 0.0347477 0.0771754 0.0714892 0.0828743 0.0790774 0.101274 0.0468056 0.0881988 0.0664721 0.0380967 0.0697236 0.0289626 0.0724905 0.087004 0.0401579 0.0865332 0.092541 0.0914692 0.123958 0.145322 0.0650013 0.0949756 0.0887518
internal_weight=0 1820.92 3696.03 172.907 1648.01 412.347 148.586 133.264 1235.66 618.525 617.14 511.57 105.569 12.3154 137.379 409.972 42.1493 367.823 23.3805 344.442 120.476 47.8884 3454.25 798.046 781.323 34.9397 25.3296 48.2227 22.347 24.3203
internal_count=300915 117966 182949 14722 103244 29539 12958 12464 73705 38179 35526 30288 5238 1970 7285 28975 16838 12137 1079 11058 3100 4684 173949 39447 38334 1891 1132 3262 1128 1764
cat_boundaries=0 1
cat_threshold=4
is_linear=0
shrinkage=0.1


Tree=127
num_leaves=31
num_cat=0
split_feature=86 86 79 93 177 223 143 75 223 159 94 130 145 223 86 103 137 4 99 227 230 67 224 117 158 101 140 2 9 220
split_gain=26.8067 10.8859 4.7944 4.76429 3.71192 5.55492 4.73104 4.38935 3.9828 3.72012 5.55755 3.68867 3.59325 3.92289 4.44116 3.48638 4.34435 3.46936 4.03874 3.46077 3.45797 3.55773 3.94137 3.33342 3.32246 4.4717 3.61309 3.77776 3.34706 3.31024
threshold=-1.1183982491493223 -0.83693176507949818 0.53197279572486889 0.41272683441638952 0.039399906992912299 -0.04706954397261142 -0.012575384229421614 0.27587519586086279 -0.077299337834119783 0.59419184923172008 -0.13435973972082135 0.0020997902611270551 -0.0097384224645793421 0.077192526310682311 -1.060819625854492 0.068924289196729674 0.019988219253718856 0.34848485887050634 -0.018285018391907212 -0.014792928937822579 -0.088264752179384218 2.0173596143722539 -0.052271295338869088 -0.082486614584922777 1.0000000180025095e-35 -0.022728194482624527 0.03311122581362725 0.066024884581565871 0.013774522580206396 0.05050358176231385
decision_type=2 2 2 2 2 2 2 2 2 2 2 2 2 2 2 2 2 10 2 2 2 2 2 2 2 2 2 10 10 2
left_child=2 3 29 4 -2 6 8 11 -6 10 -8 -7 13 14 -9 17 -17 -3 -19 -12 -14 -22 -23 -13 26 -26 -5 -28 -27 -1
right_child=1 15 -4 24 5 7 9 12 -10 -11 19 23 20 -15 -16 16 -18 18 -20 -21 21 22 -24 -25 25 28 27 -29 -30 -31
leaf_value=0.06420684961062538 0.083413031036000951 0.090808639913385808 0.15234991171138113 -0.039546942103246219 -0.021081589182354876 0.089076782265632148 0.1230676890911008 -0.077193154180577761 0.05262160486575982 0.077293052526065484 0.066475226572912868 -0.045713298838199835 -0.14040170543704439 -0.063935567116995537 0.058903750959193417 0.078864020160208229 0.10097748091688943 -0.10868347835639516 0.16003377581073983 0.0010690984851443057 0.12741134511969859 -0.191256721024572 0.065975392852510181 0.071817637270103984 0.038394639458231371 0.10017385232877914 -0.065325212244800507 0.14832015956589745 0.026697893855150891 0.044640387073000672
leaf_weight=406.57519502634943 1508.0164707472584 2072.3246215162603 5.6891847813544691 6.766524803743776 12.188749740892378 301.66618358169399 6.9783901028215487 2.7108461398333956 18.40005725516005 98.20005058411698 12.839780031843928 2.4532177132491588 0.63277323339389191 4.0017183402690071 20.758358044425908 522.87330634438547 107.02491797779305 0.58983325412191412 10.809033310910305 21.867402652953729 10.749684963392605 0.74962793928716598 2.9000704141358264 147.77719771404065 36.029497026043373 33.616955199900076 1.202505466031653 2.6550484418385167 7.6016417480877854 109.81814853325557
leaf_count=29881 85888 95209 204 1359 1035 17929 418 261 1265 4724 1375 269 61 279 971 27247 5026 698 1037 2188 414 48 220 9075 2230 1644 137 66 834 9130
internal_value=0 0.0848707 0.0610516 0.0797455 0.0806686 0.074444 0.0588779 0.0798113 0.023253 0.066668 0.0416384 0.082701 0.0490879 0.0275795 0.0431837 0.0891405 0.0826213 0.0911113 0.146129 0.0252658 0.0883939 0.0984482 0.0131413 0.0698984 0.0569176 0.0641288 0.0044849 0.081721 0.0866232 0.0600458
internal_weight=0 4974.38 522.083 2260.76 2172.89 664.874 170.474 494.4 30.5888 139.886 41.6856 451.897 42.5031 27.4709 23.4692 2713.62 629.898 2083.72 11.3989 34.7072 15.0322 14.3994 3.6497 150.23 87.8722 77.2481 10.6241 3.85755 41.2186 516.393
internal_count=301122 261907 39215 132690 126420 40532 11005 29527 2300 8705 3981 27273 2254 1511 1232 129217 32273 96944 1735 3563 743 682 268 9344 6270 4708 1562 203 2478 39011
is_linear=0
shrinkage=0.1


Tree=128
num_leaves=31
num_cat=0
split_feature=86 86 86 159 17 222 63 12 228 170 85 4 213 157 104 148 201 164 209 69 129 157 88 13 180 192 69 115 194 132
split_gain=28.0362 10.6577 6.27859 5.63336 4.85756 4.70474 4.38589 4.36344 4.01157 3.9563 3.83382 4.10511 3.97092 3.55017 3.53277 3.39553 4.55816 4.59413 5.55407 3.58628 3.55029 4.0829 3.47969 5.35 4.98464 4.82099 3.42425 3.33578 3.33415 3.29025
threshold=-1.0132718086242674 -0.66616135835647572 -1.1543014049530027 0.017778674140572551 20.500000000000004 0.021552030928432945 -0.20175851881504056 27.500000000000004 0.034808088093996055 0.61212351918220531 35.500000000000007 0.34848485887050634 -0.15375690907239911 0.5750851333141328 0.1047060862183571 -0.031894344836473458 0.084489099681377425 4.9938225746154794 0.033364374190568931 126.98279190063478 -0.013020667247474192 0.55445238947868358 0.67685294151306163 0.070988629013299956 -0.099741775542497621 -0.030844626948237416 2.1698895692825322 -0.017668374814093109 0.028187816962599758 -0.010856271721422671
decision_type=2 2 2 2 2 2 2 8 2 2 2 10 2 2 2 2 2 2 2 2 2 2 2 10 2 2 2 2 2 2
left_child=2 4 29 14 10 8 -7 -5 -6 15 11 12 13 -2 -4 16 17 20 -19 -18 21 -9 23 24 26 -26 -17 -27 -10 -1
right_child=1 -3 3 7 5 6 -8 9 28 -11 -12 -13 -14 -15 -16 22 19 18 -20 -21 -22 -23 -24 -25 25 27 -28 -29 -30 -31
leaf_value=0.07478565893883117 0.045495197969427088 0.094535752442906143 -0.094421305397628177 -0.029286973226212806 0.13202591739862987 0.14020598229771014 0.0019407129801198052 0.029424754253414443 0.07683557609664303 -0.018867935478552096 0.081066781158039211 0.15964406322263536 0.09061520638193267 -0.17612138053547544 0.16134078035714008 -0.14500073892665596 -0.060198845310327258 0.079344507132832531 -0.024165133608227262 0.059650081472218709 0.11436747212752363 0.10190483498098774 0.073547884766675217 -0.10811967759684607 0.00029694881543872029 0.12726115214873349 0.016266035132448672 0.048390765691900678 -0.13062363562662163 0.052669326779159635
leaf_weight=87.328022286767919 2.7239690559379137 1059.6878453556646 3.0633287580465089 4.0651907800271365 47.398983386675127 3.4552680504871205 6.8274152365468108 12.15347157144515 5.0940753285854035 4.5027606379035197 2762.5573283129593 8.5635859715757743 431.65534891839184 0.98395012979744922 0.65565247441372765 1.7522352059813773 3.0402303785924714 36.033226571977139 6.0548923933488359 13.966879211008971 81.37993053159903 21.558037470269483 547.40184711918766 2.222868812811611 7.4422863238446579 12.513001877420722 5.2968001195054057 9.3841920019640366 0.91361091066346478 292.82288821731458
leaf_count=5820 301 46869 716 10028 1052 230 646 1451 225 494 152594 421 19792 50 29 163 406 1015 263 1002 3388 324 27709 217 618 435 397 607 174 23646
internal_value=0 0.0858203 0.0682708 0.0734482 0.0829961 0.110343 0.0484017 0.0740422 0.122269 0.0745915 0.0824529 0.0910787 0.0897301 -0.013314 -0.0493307 0.075145 0.0874035 0.0927246 0.0644534 0.0382256 0.103063 0.0757747 0.0715013 0.0424871 0.0516872 0.0698287 -0.0238213 0.0934607 0.0452865 0.0577499
internal_weight=0 4329.86 1152.64 772.487 3270.17 63.6894 10.2827 768.768 53.4067 764.703 3206.48 443.927 435.363 3.70792 3.71898 760.2 174.187 157.18 42.0881 17.0071 115.091 33.7115 586.013 38.6114 36.3885 29.3395 7.04904 21.8972 6.00769 380.151
internal_count=301082 222354 78728 49262 175485 2327 876 48517 1451 38489 173158 20564 20143 351 745 37995 7849 6441 1278 1408 5163 1775 30146 2437 2220 1660 560 1042 399 29466
is_linear=0
shrinkage=0.1


Tree=129
num_leaves=31
num_cat=0
split_feature=74 88 63 0 55 130 208 227 71 130 13 179 104 8 130 166 85 214 3 205 138 9 60 171 197 166 88 120 4 219
split_gain=16.7967 11.5871 5.77062 4.99029 5.29276 4.82995 4.95257 5.00912 4.64621 5.45685 5.20685 5.18052 4.50296 5.42228 7.4012 4.86358 4.87606 4.34985 4.14963 4.64437 4.59125 4.12394 4.08082 4.03912 3.95994 4.05736 6.13253 4.96439 4.83748 5.8763
threshold=0.26695403456687933 0.70084205269813549 0.42186799645423895 0.2408523038029671 1.0000000180025095e-35 0.0020997902611270551 0.0077124203089624652 -0.098732497543096528 0.016261236742138866 -0.016598241403698918 0.06461105123162271 -0.029489954933524128 -0.066872995346784578 0.39571090042591101 0.011350422166287901 0.96369493007659923 27.500000000000004 -0.033469663932919495 0.27386364340782171 0.095710646361112608 -0.024693407118320462 0.021488884463906292 1.0000000180025095e-35 -0.13346459716558454 0.23373956233263019 0.5544036626815797 0.76840013265609752 -0.052005246281623833 0.16807910054922107 -0.003813373856246471
decision_type=2 2 2 8 2 2 2 2 2 2 10 2 2 10 2 2 2 2 10 2 2 10 2 2 2 2 2 2 8 2
left_child=1 12 24 8 5 23 7 -7 9 10 17 -11 13 -1 -15 -14 -17 -2 19 20 -13 -9 -19 -5 25 26 28 -28 -3 -30
right_child=3 2 -4 4 -6 6 -8 21 -10 11 -12 18 15 14 -16 16 -18 22 -20 -21 -22 -23 -24 -25 -26 -27 27 -29 29 -31
leaf_value=0.08365620023790285 0.0088505839415579223 0.085537761593281136 0.061711977203617756 0.097361342533840711 -0.066027547580061005 -0.05944938270328759 0.11797273080470259 0.087689872901705171 0.071924997560596365 -0.017988075504214912 0.10336631498551474 -0.087466477083952596 0.093873535778386238 -0.025707269105111865 0.10058808385189524 -0.062918569523512421 0.075748868869075489 0.044598169054244061 0.10208051521081099 -0.051213605676248088 0.049649710392986809 -0.064628636737839265 0.09259194898604263 0.0685698518305949 0.11229814892487577 0.08291530383919786 -0.009815204880933192 0.058446473055696072 0.083376679474431489 0.019322641031376275
leaf_weight=445.61645117351395 17.103382392270987 227.05450744658333 158.73708902248927 57.533572580201962 2.552072426988615 2.6207482744794097 55.105470716478976 49.873478302757121 266.28957064718054 16.162306514846705 28.376308824244916 2.5585768492269372 1657.0887680031442 10.717791413175521 8.1826500801416824 2.5942331959889762 112.63954238362669 41.862291552220313 10.711189835291405 5.7155197378201583 53.618175584870983 1.843180123269575 30.715524206606915 318.28244940477111 40.865661804627962 1746.1657693424117 12.162068456558016 85.919920561256276 30.256607993922785 27.195461484006614
leaf_count=24590 2375 26579 9780 5744 364 320 2796 2410 16409 2136 1137 241 79752 661 289 234 4556 3139 932 520 2975 545 1624 17083 1911 62517 2950 16508 4906 5539
internal_value=0 0.0850551 0.0801171 0.070509 0.077606 0.0783614 0.0968489 0.0754264 0.0631915 0.0519469 0.0660316 0.0332144 0.0901951 0.0814311 0.0289703 0.0924921 0.0726271 0.0542184 0.0446126 0.0346671 0.0434047 0.0822612 0.0649095 0.0729775 0.0814637 0.0808718 0.0715449 0.0499821 0.0789786 0.0530561
internal_weight=0 4565.2 2328.36 960.924 487.811 485.259 109.443 54.3374 473.113 206.823 118.058 88.7658 2236.84 464.517 18.9004 1772.32 115.234 89.6812 72.6035 61.8923 56.1768 51.7167 72.5778 375.816 2169.62 2128.75 382.589 98.082 284.507 57.4521
internal_count=301522 240772 130690 60750 29262 28898 6071 3275 31488 15079 8275 6804 110082 25540 950 84542 4790 7138 4668 3736 3216 2955 4763 22827 120910 118999 56482 19458 37024 10445
is_linear=0
shrinkage=0.1


Tree=130
num_leaves=31
num_cat=0
split_feature=93 103 171 113 11 8 156 180 132 184 217 163 224 111 2 218 32 81 5 201 123 6 147 121 67 23 13 163 213 152
split_gain=19.2145 9.11651 4.74155 4.43045 4.32925 4.99748 4.29726 5.65363 5.06345 4.89404 5.33002 4.98564 4.75415 4.23105 4.45083 4.22742 4.36487 4.07323 4.32851 4.67938 4.31513 5.91565 4.04988 4.02121 3.9854 3.95867 3.90753 3.83284 5.3642 4.84126
threshold=0.18131834268569949 0.1239905282855034 -0.036051969975233071 0.10901987925171853 0.021786595694720749 0.19828838855028155 0.097693528980016722 0.038495237007737167 -0.030639317817986008 0.063909649848938002 -0.065498281270265565 -0.38686761260032648 0.0092184394598007219 -0.02447809278964996 0.087595909833908095 -0.054527133703231805 1.0000000180025095e-35 0.052911534905433662 0.10869157686829568 -0.12215958163142203 -0.01276646228507161 0.12613636255264285 -0.0041633085347712031 0.015594084747135641 0.4622864723205567 1.0000000180025095e-35 0.0051115783862769612 -0.25117388367652888 -0.0548168197274208 0.090563144534826293
decision_type=2 2 2 2 8 8 2 2 2 2 2 2 2 2 10 2 2 2 10 2 2 8 2 2 2 2 8 2 2 2
left_child=1 6 -2 4 27 -6 7 9 -9 11 23 12 -1 14 -13 16 -10 18 19 20 24 -22 -23 -11 -8 -20 -15 28 -3 -29
right_child=2 3 -4 -5 5 -7 17 8 15 10 -12 13 -14 26 -16 -17 -18 -19 25 -21 21 22 -24 -25 -26 -27 -28 29 -30 -31
leaf_value=0.081426604137714437 0.079940298164175513 0.031441869216884515 0.065613162427131846 0.1450976074056092 0.042253275882809513 0.072346568972777178 -0.025375372988980252 0.035027063750427627 0.061986871970944379 0.067858221727555693 0.091922628786441668 0.03632291760015452 0.12315163691400639 -0.011812988633545031 0.13743552929356259 0.096372423110182681 -0.093194438539335497 0.081827802682892137 0.09254758299287244 0.087489389974014425 0.066026447199958774 -0.12142120585312188 0.014507343827692185 -0.075715695953551529 0.095447987262530606 0.11507199641481058 0.14316558532617982 0.11634147077768819 0.088949252358188416 -0.068344504242234858
leaf_weight=66.53658553489845 343.19207530137817 20.817190787153322 706.57175712978199 8.6129845785153503 64.372549712876889 386.59478793500807 2.9386498250951254 20.656415918311609 18.381115652679117 4.4006715571769055 56.100106760985 8.9993391764929829 46.315857857728588 1.6629096350067119 8.4327345732658596 106.80310723889488 2.010850731912341 1412.7350657051757 421.89957043962931 1429.6916566987986 31.500828290575328 2.7409751667364626 10.941987583966689 3.5040935030867786 38.458916235529614 95.731024695127417 75.117653477064437 47.256056273927811 73.453248902248788 1.4633052679479295
leaf_count=7460 34192 1250 32372 187 4846 17064 117 6118 3285 1045 12675 4551 4397 4489 1427 17461 575 52227 14479 48297 2049 322 892 829 1619 2044 11654 8825 3839 738
internal_value=0 0.0853316 0.070297 0.0738909 0.0728583 0.068051 0.087115 0.0966786 0.0809488 0.105258 0.0810903 0.112729 0.098551 0.129711 0.085236 0.0884064 0.0466845 0.0859526 0.0888177 0.0861223 0.063548 0.0421792 -0.0127219 0.00421352 0.0868712 0.0967133 0.139809 0.0880201 0.0762502 0.110794
internal_weight=0 4468.13 1049.76 602.57 593.957 450.967 3865.56 418.921 147.851 271.07 64.0049 207.065 112.852 94.2126 17.4321 127.195 20.392 3446.64 2033.9 1516.27 86.5814 45.1838 13.683 7.90477 41.3976 517.631 76.7806 142.99 94.2704 48.7194
internal_count=301325 234761 66564 36749 36562 21910 198012 75966 27439 48527 14549 33978 11857 22121 5978 21321 3860 122046 69819 53296 4999 3263 1214 1874 1736 16523 16143 14652 5089 9563
is_linear=0
shrinkage=0.1


Tree=131
num_leaves=31
num_cat=0
split_feature=86 86 95 17 182 86 121 13 136 196 13 109 156 144 175 86 193 8 109 215 182 213 163 148 104 142 228 88 220 71
split_gain=26.7578 12.2702 6.57758 4.9026 6.37958 4.66102 3.94907 5.20724 6.60743 5.71231 4.95787 4.38739 3.93065 5.18892 4.60716 4.53601 7.09989 4.43899 4.35168 4.06581 4.23731 6.11135 6.40099 4.61455 4.26454 3.99736 3.80643 4.01371 3.77958 3.7594
threshold=-1.0724866986274717 -0.66616135835647572 -0.12829299271106717 14.500000000000002 0.16998191177845004 -1.1852712035179136 -0.065802484750747667 0.043057100847363479 -0.014859216287732123 0.2157019525766373 0.05279884114861489 0.042035484686493881 0.14523021876811984 0.053581330925226218 0.23086272925138476 -0.82948100566864003 0.0085321185179054754 0.055702073499560363 0.003543728962540627 0.17154660075902942 0.015762463212013248 0.012790497858077289 -0.20413476228713986 -0.04371910169720649 -0.037864819169044488 0.017557792365550998 0.034808088093996055 0.6244056522846223 0.069055505096912398 0.059173669666051872
decision_type=2 2 2 2 2 2 2 8 2 2 8 2 2 2 2 2 2 8 2 2 2 2 2 2 2 2 2 2 2 2
left_child=5 3 -3 12 -5 -1 7 9 -9 11 -10 28 13 14 17 -14 18 -2 19 20 26 23 24 -22 25 -23 27 -17 -4 -26
right_child=1 2 6 4 -6 -7 -8 8 10 -11 -12 -13 15 -15 -16 16 -18 -19 -20 -21 21 22 -24 -25 29 -27 -28 -29 -30 -31
leaf_value=0.056096207031949653 -0.013767255603472889 0.12730374714330059 0.11741800474394071 0.10220258560962964 -0.063179135404684353 0.072129656103945436 0.095038195370419409 -0.028050940563955313 -0.1433018734213308 -0.22722643181278401 0.079756458019257875 -0.065956116160207814 0.076696426405313101 0.15479869463977736 0.11394573420306515 0.0046762819912423391 0.092516479946384483 0.085766510123819403 0.084865538857956946 -0.058022195771290613 -0.070660442181182531 -0.12707772265219558 0.066396883877349974 0.077445509051786487 -0.021236351552216825 0.096260161589035942 0.098756749979372171 0.073199286021711399 -0.043561430533572081 0.091155971527446505
leaf_weight=310.88377908855023 4.5058668771420107 60.4631608923047 31.291950867127071 164.10631170729471 2.3661048381920855 435.02652608906351 936.77373866026653 9.5961444446556907 1.0415654956300411 0.53420089094561163 23.008530421698879 1.4825313264743716 1480.9547460584126 11.506148747558994 59.944509984610477 9.5586905871932668 605.93794922860343 801.2825668601904 300.67435293576682 2.5769160280760834 2.1859290496813619 4.848949443448876 16.281881666875051 55.924082267861195 10.294902573485158 0.96007056434609683 58.117339164475197 80.858722878758272 1.5297899551910621 4.186264567761099
leaf_count=24572 3251 2723 1429 6874 265 29675 40659 472 143 46 808 206 52713 1447 5193 531 16586 95205 9990 95 260 148 1192 2038 226 16 1084 2962 278 72
internal_value=0 0.0858223 0.0952702 0.083084 0.099852 0.0654472 0.0933435 0.0701627 0.042104 0.0972612 0.0700962 0.102314 0.0822888 0.0880863 0.0871996 0.0803575 0.0850624 0.0852099 0.0767972 0.0669274 0.0682513 0.0517191 0.0196944 0.0718742 -0.017782 -0.0901661 0.0787895 0.0659552 0.109915 0.0112544
internal_weight=0 4742.79 1065.72 3677.07 166.472 745.91 1005.26 68.4847 33.6462 34.8385 24.0501 34.3043 3510.6 877.239 865.733 2633.36 1152.41 805.788 546.468 245.794 243.217 94.6821 36.5721 58.11 20.2902 5.80902 148.535 90.4174 32.8217 14.4812
internal_count=301159 246912 46764 200148 7139 54247 44041 3382 1423 1959 951 1913 193009 105096 103649 87913 35200 98456 18614 8624 8529 3952 1654 2298 462 164 4577 3493 1707 298
is_linear=0
shrinkage=0.1


Tree=132
num_leaves=31
num_cat=0
split_feature=86 86 86 156 10 6 146 79 202 173 145 175 127 3 197 142 183 13 166 76 102 204 74 227 146 205 152 179 162 118
split_gain=28.2865 12.7526 5.81379 4.17288 7.47729 4.28779 3.77331 3.76293 4.33104 4.0802 8.97285 4.55916 4.16162 3.70536 3.5885 3.63146 3.75357 3.58535 3.42272 3.72434 3.41954 3.69934 3.41395 4.18316 5.42118 3.78395 5.43419 4.05356 4.35558 3.83445
threshold=-0.91503310203552235 -1.1543014049530027 -0.66616135835647572 0.5317540466785432 145.50000000000003 0.030090497806668285 -0.040443951264023774 0.35424837470054632 0.099684551358222975 0.34859606623649603 -0.019557197578251358 -0.074955392628908143 0.042885253205895431 0.1434624716639519 0.04790229722857476 0.015439964830875398 0.079177796840667738 0.014405783265829088 0.69740900397300731 0.032086478546261794 -0.01449078833684325 -0.033292161300778382 0.014599318150430919 -0.10787834972143172 -0.020241084508597847 -0.085212536156177507 0.090563144534826293 0.012704125139862301 52.769798278808601 -0.032896196469664567
decision_type=2 2 2 2 10 10 2 2 2 2 2 2 2 8 2 2 2 8 2 2 2 2 2 2 2 2 2 2 2 2
left_child=1 14 3 22 6 -6 -5 -3 9 13 11 -11 20 -9 -1 -16 -17 -10 -19 -20 -12 -22 23 24 -2 26 27 28 -24 -29
right_child=2 7 -4 4 5 -7 -8 8 17 10 12 -13 -14 -15 15 16 -18 18 19 -21 21 -23 25 -25 -26 -27 -28 29 -30 -31
leaf_value=0.048982619104337204 -0.098112755166613164 0.074611951690609829 0.093714286154798418 -0.082609536675500944 -0.0054347125416903128 0.083421873837032839 0.037384018967540317 0.039184571404483226 0.2381316007855479 -0.018693630777634692 0.084039834885938511 0.12717775532247882 -0.092120724533547887 0.10307593991005104 0.059359391696171972 0.10475871276669489 -0.040550365819337138 -0.053351977634343739 0.08468719650027208 -0.034546900411398275 0.047037146076958712 -0.13623902557999068 0.025481803745750282 0.096347109213461846 0.068067382205964241 0.082279522231184385 -0.19435408099924076 0.063221162651344129 0.089062560417922529 0.11426244046702644
leaf_weight=246.41981374395095 2.302117046278453 1397.6726909080287 1068.1201945298171 2.8738054618215747 5.6553396965173297 136.70657716618734 29.747614337715277 9.6350932617475546 0.89352519912438566 2.4882131850135947 5.6773698859979058 15.426296682046088 3.6399966987519283 156.73252272757952 95.132536036067677 33.238427467252677 1.8781535918460566 3.6576927034017244 10.60099487548541 3.4795246917424256 2.5274356922673178 1.9518085293238954 11.612838239512596 391.493966712467 13.329090945788492 1584.054198419658 0.6495249409790621 16.798598649282212 149.23852283790848 118.85653488476794
leaf_count=20152 222 87144 46938 305 49 1105 2132 2826 396 80 140 170 190 6228 7339 1584 408 644 341 194 38 80 1466 20285 911 84512 56 1181 7612 6548
internal_value=0 0.0726473 0.0875525 0.0848807 0.0699968 0.079892 0.0268131 0.076513 0.0887739 0.0931097 0.0602358 0.106917 -0.000378574 0.0993757 0.0560788 0.0695042 0.0969871 0.0426795 0.032834 0.0552225 0.0325006 -0.0328245 0.0860189 0.0943217 0.0435929 0.084222 0.0945769 0.0952099 0.0844723 0.107942
internal_weight=0 1991.05 3531.44 2463.32 174.983 142.362 32.6214 1614.38 216.71 198.079 31.7111 17.9145 13.7966 166.368 376.669 130.249 35.1166 18.6317 17.7382 14.0805 10.1566 4.47924 2288.34 407.125 15.6312 1881.21 297.156 296.506 160.851 135.655
internal_count=301276 127954 173322 126384 3591 1154 2437 98471 11327 9752 698 250 448 9054 29483 9331 1992 1575 1179 535 258 118 122793 21418 1133 101375 16863 16807 9078 7729
is_linear=0
shrinkage=0.1


Tree=133
num_leaves=31
num_cat=0
split_feature=93 88 93 157 135 119 156 157 83 208 81 148 130 124 218 13 186 140 78 207 114 171 226 155 45 142 180 183 207 139
split_gain=17.7667 8.17 5.37501 6.77315 5.39039 5.19439 5.02398 5.81829 5.2585 5.0584 6.62979 5.74135 5.59829 4.91909 5.47875 4.89385 4.74869 4.97287 4.7157 4.59772 4.65987 4.561 5.54656 5.59039 5.93454 5.45009 5.51648 6.11014 5.15691 5.1416
threshold=0.068085435777902617 0.7782278060913087 0.26758758723735815 0.5750851333141328 0.027058602310717109 0.04783958941698075 0.15170694142580035 0.59552291035652172 26.500000000000004 0.11938886344432832 0.28653530776500707 0.024434656836092476 -0.04444440267980098 0.074630014598369612 0.014604225754737856 0.016103100962936882 0.1652328968048096 -0.0056038987822830668 0.020513359457254413 -0.069160796701908098 0.049462009221315391 -0.19260641932487485 -0.039615683257579797 0.021578508429229263 1.0000000180025095e-35 -0.023581752553582188 -0.085661515593528734 -0.18851256370544431 -0.038536088541150086 -0.018210474401712414
decision_type=2 2 2 2 2 2 2 2 2 2 2 2 2 2 2 8 2 2 2 2 2 2 2 2 2 2 2 2 2 2
left_child=1 6 3 4 -2 -4 9 8 15 -1 11 12 -11 19 18 16 -8 -18 -15 -9 -21 22 -17 24 29 28 -27 -28 -23 -24
right_child=2 -3 5 -5 -6 -7 7 13 -10 10 -12 -13 -14 14 -16 21 17 -19 -20 20 -22 25 23 -25 -26 26 27 -29 -30 -31
leaf_value=0.098540077374196483 0.07488614317499237 0.072593191048010236 0.063951181720638128 0.085763309753144779 0.047374328473507241 0.090900112653051701 0.10217834999276035 0.10253234254821134 0.14562367445215404 -0.06597429927433561 -0.12846097488333227 -0.019361368782355049 0.089965804872658803 -0.064161129417863047 0.096673541923411696 0.009747691923084785 0.3486866250234486 0.071760876099877149 0.054688032768993491 0.090332260403159573 0.068661222629600033 0.085924319609135116 0.00062235935805477643 0.11180003389175285 0.11615942370871363 0.095925291455477277 0.0057742978122242855 0.079212720361864913 0.04755395715793969 0.060915244770671145
leaf_weight=655.77380198715969 623.55832409205289 358.86157375466246 548.69100915258412 675.11904835188034 80.399044656250112 82.244870139253749 49.629949038311224 281.62463010257125 12.173088356466904 2.3947242488284237 1.6407295541057454 5.8918092546675771 59.574702391667415 5.8673242503718956 11.74835535492093 18.243245351615769 1.6259899943470375 1.0786153742519662 7.746009525602858 1054.5078283430394 109.5296429222617 59.493626845905965 18.119082154764328 24.287590225350868 14.948996219598483 261.50954180579174 11.714988980631459 344.15563681061576 85.169872372660393 64.466705113572971
leaf_count=80065 57218 21614 37496 11546 8955 4823 15630 2997 134 582 434 557 4484 103 165 2273 518 872 131 11465 1406 2345 1589 1010 428 9614 902 13392 3921 3901
internal_value=0 0.0868923 0.0751093 0.0786071 0.071744 0.0674641 0.0885147 0.0863408 0.0803139 0.0958213 0.0701686 0.074971 0.0839397 0.0903011 0.0466418 0.0794809 0.10921 0.238247 0.00346424 0.091067 0.0882931 0.0777562 0.0611708 0.0688716 0.0581818 0.0808046 0.0848983 0.0767952 0.063334 0.0476872
internal_weight=0 3521.78 2010.01 1379.08 703.957 630.936 3162.92 2437.64 966.617 725.276 69.502 67.8612 61.9694 1471.02 25.3617 954.444 52.3346 2.70461 13.6133 1445.66 1164.04 902.109 140.066 121.822 97.5348 762.044 617.38 355.871 144.663 82.5858
internal_count=300570 180532 120038 77719 66173 42319 158918 72796 56529 86122 6057 5623 5066 16267 399 56395 17020 1390 234 15868 12871 39375 9201 6928 5918 30174 23908 14294 6266 5490
is_linear=0
shrinkage=0.1


Tree=134
num_leaves=31
num_cat=0
split_feature=86 86 93 17 86 178 119 217 129 194 195 133 65 200 225 147 104 10 122 9 224 103 205 222 194 143 73 164 125 157
split_gain=26.6921 11.0572 6.03289 5.88383 5.82089 4.51662 6.3436 3.90867 4.02182 3.87828 3.86568 3.90828 4.9826 5.22103 3.79309 5.40746 3.77351 3.70352 3.69265 3.50459 4.23018 3.49085 3.77902 3.37785 4.56231 4.25329 3.35166 5.70791 4.06278 4.0608
threshold=-0.93589836359024037 -1.1852712035179136 0.36510318517684942 7.5000000000000009 -0.57491785287857045 0.37791877985000616 0.020024323835968975 -0.14820913225412366 0.01095698354765773 0.013686155900359155 -0.094100221991538988 0.032785432413220413 88.500000000000014 -0.13009156286716458 0.13635032624006274 -0.0034316382370889183 0.1047060862183571 440.50000000000006 0.073912288993597045 0.013774522580206396 -0.13352238386869428 0.061317590996623046 0.085369884967803969 0.081931866705417647 0.14788023382425311 0.011220612097531559 0.10174504667520524 5.5853724479675302 0.046102989464998252 0.51077222824096691
decision_type=2 2 2 2 2 2 2 2 2 2 2 2 2 2 2 2 2 10 2 8 2 2 2 2 2 2 2 2 2 2
left_child=1 -1 -3 4 5 7 -7 8 21 18 -9 14 13 -13 -12 -16 -17 -14 -4 23 -21 22 -2 24 -15 -25 -6 29 -29 -28
right_child=3 2 9 -5 26 6 -8 10 -10 -11 11 12 17 19 15 16 -18 -19 -20 20 -22 -23 -24 25 -26 -27 27 28 -30 -31
leaf_value=0.055587854498474809 0.050883848092122042 0.078583990553086416 0.034582926920110738 0.095281063465785132 0.092702207200405673 0.017115043108120519 0.095494059707950801 0.093055806069036601 -0.029440471575998051 0.0718369858051085 0.080837046399034024 -0.044590518092839919 -0.019003208650735071 0.12082466329070124 -0.015024083149417193 0.11919192181477925 -0.1150540007567758 0.084675043413589668 0.11088709042016141 -0.17860852978458083 0.089122712547836311 0.10143836596065657 -0.10127116997747559 -0.055092856973419563 -0.098924855435666093 0.32491993051843077 0.19311953931753018 0.076114016637214607 -0.16292172746812658 0.1146966434952203
leaf_weight=311.07488232554738 14.49213726397034 1331.5575640000559 68.245553852618286 777.21412722408513 356.72657101839127 23.763706795070902 18.261160992521127 452.62476256401192 5.2462679122327236 98.350879273278679 1799.1220101178124 2.2621720001739041 5.698537086892201 74.165118386891777 3.3619602403769013 49.773817377356863 0.69733819257271434 8.7139371410985387 6.9920092535003269 0.59885397621383063 40.590204510700119 14.278628808783649 1.8395204609198561 0.36372575501400106 0.95696706635976525 1.5481752803802917 7.5852326967312811 1.8308745198273748 1.1625316031768305 50.977410345001772
leaf_count=24542 874 80918 6408 34522 15612 2267 1125 20277 498 5965 95463 334 543 2347 600 1764 39 322 431 53 2285 494 340 187 223 161 1390 112 45 1111
internal_value=0 0.0727509 0.0762981 0.0875441 0.0854964 0.0836819 0.0511733 0.0842336 0.0514571 0.0587636 0.0847152 0.0828161 0.0992496 0.105897 0.0816197 0.107776 0.115955 0.0436818 0.0416741 0.108776 0.0852301 0.065322 0.0337458 0.121366 0.118025 0.252625 0.0964207 0.11797 -0.0167189 0.124854
internal_weight=0 1816.22 1505.15 3713.86 2936.64 2518.36 42.0249 2476.33 35.8566 173.588 2440.48 1987.85 134.898 120.485 1852.96 53.8331 50.4712 14.4125 75.2376 118.223 41.1891 30.6103 16.3317 77.034 75.1221 1.9119 418.283 61.556 2.99341 58.5626
internal_count=301252 118264 93722 182988 148466 130196 3392 126804 2206 12804 124598 104321 6455 5590 97866 2403 1803 865 6839 5256 2338 1708 1214 2918 2570 348 18270 2658 157 2501
is_linear=0
shrinkage=0.1


Tree=135
num_leaves=31
num_cat=0
split_feature=86 86 86 156 177 70 161 201 160 170 8 132 4 165 98 109 218 63 94 129 102 232 148 172 71 233 124 129 212 138
split_gain=27.8718 10.3443 9.42041 8.76801 15.3424 5.78554 4.28326 5.04118 4.1498 4.83013 4.67298 4.13872 4.12249 5.46173 4.85247 5.90298 4.66306 4.70484 4.6254 4.69497 4.23487 5.39102 4.50181 5.71215 4.97299 4.28544 4.33635 4.07282 3.8973 3.86255
threshold=-0.95728516578674305 -0.6793040633201598 -1.1852712035179136 0.63818180561065685 0.088236134499311461 2.5000000000000004 3.5510838031768803 -0.1291222348809242 1.0000000000000002 0.55722075700759899 0.11347831040620805 0.020428859628736976 0.073727350682020201 77.500000000000014 -0.067168645560741411 0.01581576839089394 -0.010007234290242193 -0.24027109146118161 -0.035211320966482156 0.028559315949678424 0.0096219233237206953 0.079875931143760695 0.0070735039189457902 0.55210679769516002 0.045804196968674667 -0.10155941173434256 -0.024884815327823159 -0.0057967058382928363 0.1234898865222931 0.025122445076704029
decision_type=2 2 2 2 2 2 2 2 2 2 10 2 10 2 2 2 2 2 2 2 2 2 2 2 2 2 2 2 2 2
left_child=2 3 -1 5 -5 -2 7 -4 -8 10 27 -11 13 -9 15 -14 17 -15 -17 -20 21 22 28 24 -24 26 -22 -10 -16 -23
right_child=1 -3 6 4 -6 -7 8 12 9 11 -12 -13 14 16 20 18 -18 -19 19 -21 25 29 23 -25 -26 -27 -28 -29 -30 -31
leaf_value=0.055849428875155871 0.16662696108160063 0.094783284221503214 0.036273794435821953 0.071745934687785687 -0.085048668907105732 0.083896650714775312 0.075040006010758775 0.11400231664405203 -0.003684460377369195 0.027749557876606518 0.071007458916187247 -0.12187891196622341 0.087503991213620486 -0.053973521717074896 0.061396354787932976 0.065191148700471255 0.094140101104326065 0.068742396232937972 -0.06884799918193589 0.064474461179888851 0.096647085371997288 -0.061305419632352746 0.1309751695069275 -0.089547409117274823 0.044552165249548047 0.093564343738567757 -0.10043498790415806 0.059598012822275927 -0.088306124845669839 0.08068426055880551
leaf_weight=315.82404184949928 8.4802105407043182 1171.7116428822601 24.214153952198444 24.925802111046323 8.3250252383404568 2641.2830902500109 461.80059561901396 77.856200280187295 17.278483148945384 19.766529970907303 161.47030969644493 2.0392930331030348 15.481604419785752 3.2596906032713369 78.46402194370603 8.1643784804698498 138.94132632087985 75.180579210212954 9.2773498242181613 3.6926946907532292 2.147638741328592 5.4684268837663677 25.894547101993794 1.51578239624905 8.9628276643147711 146.34898081470828 2.3251084618050291 24.721023015980109 1.778442607749638 2.9490302268136475
leaf_count=24401 143 51548 2434 527 120 140322 26200 4920 3246 2227 8382 515 1052 527 4292 659 10253 7341 674 226 95 644 935 70 561 5701 259 2499 198 173
internal_value=0 0.0869444 0.0713625 0.083521 0.0324892 0.0841614 0.075077 0.0810191 0.069612 0.0584849 0.0632785 0.0137562 0.082802 0.0912752 0.074796 0.0405916 0.0831354 0.0636428 0.00622694 -0.0308898 0.0793362 0.065728 0.0713067 0.10049 0.108753 0.0906175 -0.00580386 0.0335638 0.0580784 -0.0115598
internal_weight=0 3854.73 1634.82 2683.01 33.2508 2649.76 1319 631.923 687.076 225.276 203.47 21.8058 607.709 295.238 312.471 36.616 217.382 78.4403 21.1344 12.97 275.855 125.033 116.616 36.3732 34.8574 150.822 4.47275 41.9995 80.2425 8.41746
internal_count=301144 192660 108484 141112 647 140465 84083 41014 43069 16869 14127 2742 38580 23041 15539 2611 18121 7868 1559 900 12928 6873 6056 1566 1496 6055 354 5745 4490 817
is_linear=0
shrinkage=0.1


Tree=136
num_leaves=31
num_cat=0
split_feature=86 86 86 93 17 163 216 148 85 183 213 132 159 200 199 156 13 175 96 106 79 8 228 219 102 156 183 160 111 220
split_gain=29.5269 10.761 6.63785 4.90684 4.80417 4.40569 4.1259 4.32323 3.91847 16.735 3.94629 3.65784 4.1383 3.55118 3.71285 3.31194 3.32163 3.30646 4.02673 3.35136 3.18935 4.01445 3.79222 4.2361 4.16046 3.71657 3.74545 5.7334 4.2156 3.65653
threshold=-0.92546641826629628 -1.1543014049530027 -0.57491785287857045 0.36510318517684942 7.5000000000000009 0.78638538718223583 -0.16794928163290021 -0.012597166467458008 116.50000000000001 -0.098546717315912233 -0.15375690907239911 -0.010856271721422671 0.29281863570213323 -0.12188206240534781 0.11752035841345788 0.018605053424835209 0.089163407683372511 -0.16777624934911725 0.050082484260201461 0.02003267873078585 0.35424837470054632 0.16433737426996234 -0.0073063489980995646 -0.10437352582812308 -0.021882484667003151 0.12864215672016147 -0.048571463674306863 2.0000000000000004 0.10682079568505289 -0.03793633729219436
decision_type=2 2 2 2 2 2 2 2 2 2 2 2 2 2 2 2 10 2 2 2 2 10 2 2 2 2 2 2 2 2
left_child=1 11 4 5 -2 6 7 -3 10 -10 -7 12 -1 14 -14 -13 -17 18 19 -4 25 29 24 -24 -23 26 28 -28 -8 -22
right_child=2 3 17 -5 -6 8 20 -9 9 -11 -12 15 13 -15 -16 16 -18 -19 -20 -21 21 22 23 -25 -26 -27 27 -29 -30 -31
leaf_value=-0.025736831122924294 0.083578721389127419 -0.071305617124607354 0.10638839153543451 0.05955553725819928 0.093533001736707408 0.8943432813045975 0.10997558870396845 0.073009975838602845 5.6281093301852234 0.2577898801935567 -0.031168726230217658 -0.055950709378436304 -0.063566337779725687 0.085439455245807941 0.098567763708833578 0.050657329744383341 0.11091437857192631 0.098716353043545785 -0.035724694185272111 -0.035660246764144948 0.063167445670176112 0.054254448464660932 -0.14196846085816156 0.062984009840734295 0.10864461298443036 0.073412320770857298 0.083396351123184026 0.0028371945665314775 -0.043763465354336631 0.1248859329757442
leaf_weight=3.8956173559859044 2443.3030924325376 3.7678459325570657 9.5111531113668644 166.6754748869223 604.86753711136407 0.046478675360503874 71.245297632687311 4.6222923207048989 0.0063060288159704206 0.072692089632710011 5.2488506762563238 2.8370654762575205 3.3737868202456402 76.734751323352612 2.4294865689334983 280.5868150215988 9.4565170283422031 542.52074956781394 3.9221456024984027 2.0123232358114356 12.062041213255382 18.904265300627458 1.0306902170968886 46.764843045232965 54.924881390280461 875.01051421602551 194.93242468799508 9.2539007256049199 1.8293706327681309 47.014799755118361
leaf_count=1493 126225 353 380 11804 28728 91 7868 535 20 198 11205 4017 348 3956 56 18567 977 22450 217 103 1353 671 106 1946 1332 29366 21393 2000 401 3046
internal_value=0 0.0719662 0.0873896 0.0757411 0.085554 0.0777443 0.0781063 0.00820068 -0.0126159 0.686476 -0.0230452 0.0569049 0.0749815 0.0797352 0.0043096 0.0515702 0.0526219 0.0974175 0.0517945 0.0815827 0.0785463 0.0908983 0.0805103 0.0585643 0.0947178 0.0766092 0.0866984 0.0797453 0.106127 0.112285
internal_weight=0 1892.73 3606.14 1513.41 3048.17 1346.74 1341.36 8.39014 5.37433 0.0789981 5.29533 379.314 86.4336 82.538 5.80327 292.88 290.043 557.966 15.4456 11.5235 1332.97 180.702 121.625 47.7955 73.8291 1152.27 277.261 204.186 73.0747 59.0768
internal_count=301205 123102 178103 93688 154953 81884 70370 888 11514 218 11296 29414 5853 4360 404 23561 19544 23150 700 483 69482 8454 4055 2052 2003 61028 31662 23393 8269 4399
is_linear=0
shrinkage=0.1


Tree=137
num_leaves=31
num_cat=0
split_feature=86 93 86 86 17 156 85 168 175 95 3 68 197 170 157 173 108 6 147 55 157 158 94 168 103 85 175 187 75 179
split_gain=25.4677 8.53605 6.49218 6.16116 5.18839 4.25946 5.84737 6.94287 4.09116 5.83633 5.45301 4.62743 4.03063 4.14988 5.10301 5.04349 4.84044 4.27059 5.10879 4.0325 3.83055 3.79376 3.77556 3.76779 3.67012 3.64923 3.64128 3.59767 3.73699 5.22234
threshold=-0.94727969169616688 0.33721725642681127 -0.66616135835647572 -1.1852712035179136 7.5000000000000009 0.12864215672016147 130.50000000000003 2.8385879993438725 -0.067190717905759798 -0.15239047259092328 0.1662348881363869 35.017026901245124 -0.10346681624650954 0.49349735677242285 0.63768562674522411 0.064941428601741805 -0.1017661690711975 0.11845116689801218 0.011857375502586366 1.0000000180025095e-35 0.49323970079422003 0.22500000149011615 -0.02881628833711147 3.4057440757751469 0.097631916403770461 116.50000000000001 -0.0061986132059246293 -0.12459455430507659 0.022474748082458976 1.0000000180025095e-35
decision_type=2 2 2 2 2 2 2 2 2 2 8 2 2 2 2 2 2 10 2 2 2 2 2 2 2 2 2 2 2 2
left_child=1 3 4 -1 27 6 7 -5 9 -9 22 -12 -7 15 16 21 -15 19 26 -18 -21 -14 -11 25 -10 -13 -19 -2 -29 -30
right_child=2 -3 -4 5 -6 12 -8 8 24 10 11 23 13 14 -16 -17 17 18 -20 20 -22 -23 -24 -25 -26 -27 -28 28 29 -31
leaf_value=0.059491501246415425 0.090792228913442088 0.057185381702848294 0.093456322194720012 -0.024176328743769692 0.09263931536507905 0.090096091643427967 0.20630793907137354 0.12330566876926417 0.10728584347604034 0.082538534485135734 0.1107110058438138 -0.023487620686226264 0.060227112097206006 -0.048419524157600813 0.081596084901316729 0.10870347939283985 0.061083917374091315 0.077928068781612833 -0.015089768477184032 0.35380427100176887 0.10435756375168118 0.083770649102859959 -0.026813715284245077 0.067262655576968186 0.074352342447291123 0.62291191577392313 -0.012948666964294933 0.074667816257297265 0.07560337283009301 0.089987203333481869
leaf_weight=206.73653556689806 379.95491255444631 314.8293235932997 1049.78602521843 5.4878040068359715 576.018148735468 145.57234349288319 4.1827289911693688 18.618711703473991 128.27734023588158 4.5440896105129704 22.124507983775516 6.5640536962400793 109.61226058718239 4.2369110568361057 129.88797655344752 52.103584883302574 223.93544206494744 19.529075535576339 15.812024657534492 0.64409989476371166 13.917968262792781 182.22526654908597 10.346315329969794 34.72891315400534 45.962287954481837 0.088514791044872143 5.6948080816691826 744.32677664674611 434.71872028676876 601.90774650024173
leaf_count=15717 17459 23825 47090 3099 26479 4956 494 1853 16071 766 1404 1857 4761 378 1459 2143 12527 1501 1673 161 389 4896 2410 2735 7438 19 629 41844 23121 32418
internal_value=0 0.0720544 0.0867706 0.0754201 0.0842063 0.0782012 0.0889553 0.0871816 0.0894345 0.0729761 0.0610231 0.0737938 0.0748562 0.0719279 0.0651792 0.0800445 0.0576648 0.0592727 0.0294748 0.0643998 0.115391 0.0749279 0.0065572 0.0540561 0.0985984 -0.014887 0.0574108 0.0819583 0.0800737 0.0839552
internal_weight=0 1705.66 3786.71 1390.83 2736.93 1184.1 280.925 276.743 271.255 97.0151 78.3964 63.506 903.172 757.599 413.658 343.941 283.77 279.533 41.0359 238.498 14.5621 291.838 14.8904 41.3815 174.24 6.65257 25.2239 2160.91 1780.95 1036.63
internal_count=301572 113161 188411 89336 141321 73619 38146 37652 34553 11044 9191 6015 35473 30517 18717 11800 17258 16880 3803 13077 550 9657 3176 4611 23509 1876 2130 114842 97383 55539
is_linear=0
shrinkage=0.1


Tree=138
num_leaves=31
num_cat=0
split_feature=86 86 17 93 154 120 198 183 208 201 93 217 157 127 86 229 180 159 157 157 127 182 210 212 2 172 108 178 61 96
split_gain=28.8138 8.65702 7.76103 5.83855 4.25827 4.76512 7.57424 4.42381 4.33111 4.49192 5.0967 4.23943 4.22119 4.38058 4.00259 4.2414 4.18913 3.99136 3.96206 3.9489 7.16217 6.44847 3.87577 6.46217 6.15221 3.95832 4.7912 4.80134 4.10811 3.9982
threshold=-1.027777314186096 -0.57491785287857045 8.5000000000000018 0.30705134570598608 0.019171251915395263 -0.020266023464500901 -0.042149733752012246 -0.063184555619955049 -0.019100355915725228 0.16851545125246051 -0.10993948951363562 -0.023062350228428837 0.44172908365726476 -0.056712998077273362 -1.1852712035179136 -0.024779554456472393 0.26355239748954779 0.072010967880487456 0.58793500065803539 0.55445238947868358 -0.018216158263385292 -0.075791690498590455 0.068770051002502455 0.013463492505252363 0.076505016535520567 0.060383530333638198 -0.059448411688208573 -0.28402966260910029 1.0000000180025095e-35 -0.18045848608016965
decision_type=2 2 2 2 2 2 2 2 2 2 2 2 2 2 2 2 2 2 2 2 2 2 2 2 10 2 2 2 2 2
left_child=3 2 4 14 5 8 12 11 9 -2 -11 17 13 -7 15 18 -17 -8 -1 20 -6 -22 25 24 -24 -14 -27 -28 29 -29
right_child=1 -3 -4 -5 19 6 7 -9 -10 10 -12 -13 22 -15 -16 16 -18 -19 -20 -21 21 -23 23 -25 -26 26 27 28 -30 -31
leaf_value=0.0142729575850957 0.084339476297939364 0.097838760569752325 0.094566290720979052 0.054592323345941135 0.11017218295067482 0.27352821393512311 -0.0043773688940493662 0.082287374117094539 0.097202163358985391 -0.11403920341028487 0.054064298040213871 0.10879047934165523 0.0725768869047623 -0.0055964192403920006 0.076108373842752472 0.072307482188497557 -0.0099043906811765448 0.086826428841028869 0.068694365666533627 0.081053436562769435 0.018814516914594542 0.067123731765521388 0.073302482752264073 0.11160866549665845 -0.066403495284639374 -0.038784520947187005 -0.11228217278417155 -0.066457371224026243 0.003732321158897935 0.076097116110988239
leaf_weight=33.074103073314063 307.86465717200872 552.97888233185267 636.29943021111876 256.179746891901 33.501195237188654 0.59344332952264167 5.0226300246713427 909.96366097449311 469.08863855178538 2.2742749932031066 8.7144824276494983 140.83360545637754 232.87696334582051 10.699586457672465 591.98104908264145 141.26945009050132 6.4824555760621925 107.47387506636051 22.463794087005226 639.96865019010238 31.730733028824488 213.85650926369919 13.824247785795935 49.183413926988351 4.0831093146880439 6.1598133924840104 1.6987258230801661 2.0505428886644941 11.341899542006557 48.54945350470507
leaf_count=4731 16427 23048 29969 20808 4278 263 383 44461 24112 137 420 6427 13150 6206 37500 9334 736 4818 444 11513 7163 27388 1148 2118 430 451 155 161 787 2119
internal_value=0 0.0861316 0.0844664 0.0677217 0.0824898 0.0847616 0.0815329 0.0855411 0.0910896 0.0820971 0.019273 0.0972286 0.0692968 0.00907145 0.071951 0.0598448 0.0687005 0.0827545 0.0362852 0.0767247 0.0667987 0.060882 0.0711362 0.0928818 0.0414477 0.0663161 0.0454279 0.0535789 0.0581276 0.0703202
internal_weight=0 4440.63 3887.65 1051.45 3251.35 2332.3 1544.35 1163.29 787.942 318.853 10.9888 253.33 381.061 11.293 795.271 203.29 147.752 112.497 55.5379 919.057 279.088 245.587 369.768 67.0908 17.9074 302.677 69.8004 63.6406 61.9419 50.6
internal_count=301085 227532 204484 73553 174515 124173 83077 56089 41096 16984 557 11628 26988 6469 52745 15245 10070 5201 5175 50342 38829 34551 20519 3696 1578 16823 3673 3222 3067 2280
is_linear=0
shrinkage=0.1


Tree=139
num_leaves=31
num_cat=0
split_feature=93 88 103 11 171 157 156 157 121 216 4 216 185 150 156 129 199 111 167 131 94 99 157 178 114 157 174 98 93 157
split_gain=15.5416 10.0023 5.20113 6.37215 4.73385 4.47068 5.03291 4.52183 5.15599 4.49899 5.12795 4.28 4.09739 5.64165 5.002 4.5348 4.49731 5.07176 4.72291 4.39087 4.06282 4.22037 4.8131 4.6452 5.33817 4.98045 4.76552 4.40744 4.39121 4.86437
threshold=0.16818635910749438 0.70084205269813549 0.11756138876080514 0.021786595694720749 -0.029621206223964688 0.39949755370616918 0.11278963834047319 0.55445238947868358 -0.072521593421697603 -0.1145849972963333 0.056349206715822227 0.034930087625980384 -0.055187338963150971 0.032389709725975997 0.21294035762548449 1.0000000180025095e-35 -0.021355239674448964 1.0000000180025095e-35 1.5000000000000002 -0.027973135933279988 -0.14894661307334897 0.10355297848582269 0.47197850048542028 -0.11044254899024962 -0.019131668843328949 0.65648138523101818 -0.13321247696876523 -0.03209260664880275 0.28457662463188177 0.6036476492881776
decision_type=2 2 2 8 2 2 2 2 2 2 8 2 2 2 2 2 2 2 2 2 2 2 2 2 2 2 2 2 2 2
left_child=1 12 -3 -4 5 -2 -7 9 -9 10 -8 -5 13 -1 -15 -14 19 -18 -19 -16 -6 22 -22 24 27 26 28 -24 29 -25
right_child=4 2 3 11 20 6 7 8 -10 -11 -12 -13 15 14 16 -17 17 18 -20 -21 21 -23 23 25 -26 -27 -28 -29 -30 -31
leaf_value=0.098598902301517882 0.029763317874745829 0.082757068104205134 0.09225955995825609 0.069264280545186185 0.10773246665251777 0.10290187968361855 0.17895126089267874 -0.068295639188923243 0.093158177308742804 0.070125003301727482 -0.020363373959853198 0.040557591770507967 0.091289234373554615 0.10502174678203793 0.098016501331323544 0.079983148736264359 0.065894028830547888 0.063873214888128665 -0.12597764537267317 -0.027164936645823819 0.017437125720702728 0.082143133110046895 0.10540383745435687 -0.017259939492323611 0.10347858388687492 0.069766639051087376 0.056759891601068951 -0.0046558921702482461 -0.025501775166630703 0.070760933123102554
leaf_weight=661.71147855749359 16.472896071668174 1776.3503147126919 96.35594567253105 223.42073273719853 24.060630794317831 95.506831310593725 1.4817112065355758 2.0094409895973504 126.2113891082563 155.87908937486657 10.019463939603156 67.667192840281132 956.21098572334654 16.209199295820326 12.066957387841283 564.00987865113461 4.5891215937626821 1.8341358900070188 4.5883420592799666 3.6494350988587057 23.022998424037951 130.79945343462828 5.836155463459364 9.2974498179364691 53.190931501241721 265.50695073205861 170.42320277343447 9.662917931689659 14.410680874027092 19.335775984830434
leaf_count=32292 13222 95388 10397 10878 877 11267 275 28 1620 10831 612 4599 44923 1714 392 28160 214 95 369 343 7723 5953 129 1111 1185 4620 9642 382 1247 756
internal_value=0 0.0853083 0.0804674 0.0699695 0.0721717 0.0807954 0.0829448 0.0764968 0.0906279 0.0656717 0.00531459 0.062591 0.0900163 0.0963196 0.0611932 0.0870946 0.0346133 -0.0143922 -0.0717599 0.0689487 0.0673273 0.0659414 0.062228 0.0641109 0.0884304 0.0606233 0.0492509 0.036787 0.0195207 0.0421798
internal_weight=0 4388.66 2163.79 387.444 1133.13 407.581 391.108 295.601 128.221 167.38 11.5012 291.088 2224.87 704.649 42.9372 1520.22 26.728 11.0116 6.42248 15.7164 725.547 701.487 570.687 547.664 68.69 478.974 213.467 15.4991 43.0439 28.6332
internal_count=301244 229764 121262 25874 71480 37855 24633 13366 1648 11718 887 15477 108502 35419 3127 73083 1413 678 464 735 33625 32748 26795 19072 1696 17376 12756 511 3114 1867
is_linear=0
shrinkage=0.1


Tree=140
num_leaves=31
num_cat=0
split_feature=93 103 156 75 178 85 157 166 161 194 124 172 5 156 156 17 198 136 172 202 218 131 174 7 109 142 201 200 12 79
split_gain=16.541 8.55362 5.1734 6.23998 6.70706 6.07659 5.60717 4.75787 4.54053 4.62379 3.88674 6.35282 3.93857 3.7824 4.16393 3.71143 6.30515 4.31866 3.91938 4.07364 3.70743 5.97499 4.69026 3.66751 3.61151 3.58199 3.55631 3.54391 3.49467 3.48424
threshold=0.16818635910749438 0.1239905282855034 0.097693528980016722 0.25944732129573828 0.063336733728647246 116.50000000000001 0.6861170530319215 0.8018685281276704 4.3274433612823495 -0.070816714316606508 0.058603093028068549 -0.23462083935737607 0.032522473484277732 0.17512886226177218 0.018605053424835209 6.5000000000000009 -0.10232968255877493 -0.056575996801257127 -0.080647975206375108 -0.1117989458143711 1.0000000180025095e-35 -0.0089972764253616316 -0.10728684440255164 0.33974359929561621 0.026109064929187301 -0.0033892007777467366 -0.17442471534013745 -0.1425097659230232 77.500000000000014 0.047905908897519119
decision_type=2 2 2 2 2 2 2 2 2 2 2 2 8 2 2 2 2 2 2 2 2 2 2 10 2 2 2 2 10 2
left_child=1 2 5 6 -5 7 10 8 -1 -10 -4 24 -13 14 -2 16 17 -16 19 -18 21 22 -14 -7 -12 26 -17 -9 -8 -29
right_child=13 -3 3 4 -6 23 28 27 9 -11 11 12 20 -15 15 25 18 -19 -20 -21 -22 -23 -24 -25 -26 -27 -28 29 -30 -31
leaf_value=0.11285702383313551 0.0038353045962237486 0.074822321681712864 0.086728966349362654 0.084949885120075452 0.043885983515365018 0.16370235824392382 0.071916165101713683 0.017003130998310693 0.12149205606560082 0.040622539477627777 0.036919334165951015 -0.037889377987552229 -0.056139907588649965 0.06829519040156648 0.62753014205066093 -0.17995778887911706 -0.008567586170606354 0.026254500380611175 0.073853841624604552 0.10785713542860489 0.09733973120105803 0.095708938369806873 0.053923292153380348 -0.23226500579441833 -0.075745030379035225 0.079373750532792275 0.12138399112133824 0.051450907556822849 0.10455823349451249 0.092306041662030811
leaf_weight=173.56729207351492 6.9558792901370898 593.10157251772762 2806.6955721341255 92.378560163037946 69.850352601393752 16.030779864625064 37.529602262060507 7.325119157729886 11.289726946597854 18.916591277341524 9.4486001060286053 2.9048212384232093 6.3227740227739586 747.80552539313339 0.12001417964347894 0.39497815112281287 3.158651337696937 25.604857775185337 194.45884729048009 61.915854234535459 51.62117246616981 17.225229745778051 9.9880480187784979 0.2373755290061571 4.0711402265442294 45.382176431159678 46.261677475432407 23.490287975878516 260.1604032717878 187.4510777960781
leaf_count=39900 9674 36321 106727 4628 2476 1556 491 1539 1729 5337 412 1282 285 25032 8 101 990 4481 16872 6763 1393 682 416 71 170 4380 3118 3794 735 19671
internal_value=0 0.0859927 0.0877331 0.0864033 0.0672691 0.0979527 0.0873715 0.095641 0.10663 0.0708478 0.0860335 0.0668174 0.0766161 0.0724387 0.0805024 0.0819158 0.0762821 0.0290596 0.0809628 0.102206 0.080522 0.0546348 0.0112581 0.157925 0.00299321 0.0993765 0.118833 0.0853819 0.100443 0.0877564
internal_weight=0 4399.61 3806.5 3368.2 162.229 438.308 3205.97 422.04 203.774 30.2063 2908.28 101.582 88.062 1132.06 384.253 377.297 285.258 25.7249 259.533 65.0745 85.1572 33.5361 16.3108 16.2682 13.5197 92.0388 46.6567 218.266 297.69 210.941
internal_count=301034 229615 193294 119697 7104 73597 112593 71970 46966 7066 111367 4640 4058 71419 46387 36713 29114 4489 24625 7753 2776 1383 701 1627 582 7599 3219 25004 1226 23465
is_linear=0
shrinkage=0.1


Tree=141
num_leaves=31
num_cat=0
split_feature=86 86 86 86 175 156 212 129 134 170 134 217 157 215 126 9 202 223 131 207 223 7 85 180 101 144 130 205 111 63
split_gain=26.8366 8.438 5.68922 4.40213 4.02701 5.15876 3.64717 5.21477 6.1988 4.9604 4.94348 5.26921 5.03213 4.82966 4.67343 4.50497 4.27321 4.17742 4.10936 4.02957 3.94387 3.95359 5.34762 3.94873 4.06475 4.34631 3.83932 4.7575 4.46642 4.28919
threshold=-1.027777314186096 -0.82948100566864003 -1.1852712035179136 -0.57491785287857045 0.23086272925138476 0.11872797459363939 -0.029500314034521576 0.0010084913228638472 -0.018203394487500187 0.52062731981277477 -0.024115750566124913 0.15725614875555041 0.50722458958625805 -0.10413499549031256 -1.0000000180025095e-35 0.019569546915590767 -0.046370496973395341 -0.10157158598303793 -0.022796243429183956 0.051802331581711776 -0.094289731234312044 0.20887321978807452 24.500000000000004 -0.050416002050042145 -0.17056472599506375 0.0067845759913325318 -0.015414644498378037 -0.15878608077764508 -0.049507444724440568 0.37457138299942022
decision_type=2 2 2 2 2 2 2 2 2 2 2 2 2 2 2 10 2 2 2 2 2 8 2 2 2 2 2 2 2 2
left_child=2 4 -1 6 -2 -6 7 9 -9 18 11 17 13 -12 -15 -10 -16 -8 -3 26 -19 22 -22 24 -23 -26 27 28 -14 -29
right_child=1 3 -4 -5 5 -7 10 8 15 -11 12 -13 19 14 16 -17 -18 20 -20 -21 21 23 -24 -25 25 -27 -28 29 -30 -31
leaf_value=0.057102375862176535 0.079910481747962558 0.089725013094217709 0.073087363846048539 0.097536555431470037 0.13372992808359449 0.066267781815385923 0.11373418007928437 0.098218458246776802 0.075133689282198601 0.086028618629608533 0.11123984714341079 -0.081828192591217486 0.17584814666377266 0.044015474740816816 0.12284468457091864 0.020344220396223613 0.061540549336823736 -0.06416736945061656 0.11627524185404806 0.1008019537958262 -0.049022079061936077 -0.12972364211113593 0.081574372492129413 0.02781998470349184 0.098360374018275187 -0.0090839155311188587 0.07966749897087598 0.097459563592882797 -0.080583802524313644 -0.0064727557129021125
leaf_weight=314.44928546447477 1731.1814663574914 83.543280057200036 762.69840594677885 554.85296814556204 30.956076196635877 17.88338736013975 23.195857856828752 139.87351800245369 138.42948017009132 157.76245697174261 23.114511108527154 2.2092664288450115 0.89753859569827943 66.784569676719229 18.352642620144138 16.831871585558247 29.886604327606165 2.1955956622059594 192.89994202261369 251.80746519668583 3.1987517923962505 0.92876291273978751 158.4027165822107 36.406884807322626 25.783172084257789 4.4086631016250513 401.75669699615241 291.29926594483959 2.792493120985454 4.0256331702676098
leaf_count=24481 100022 4252 49392 23151 2607 388 800 5555 6887 8449 2499 398 55 16083 2829 2363 6294 223 6944 6052 355 150 8560 2834 1444 695 10599 6222 212 128
internal_value=0 0.086027 0.0684209 0.0896238 0.0807094 0.109028 0.0875098 0.0932058 0.0829496 0.100177 0.0844267 0.071942 0.0873653 0.0695287 0.0611466 0.069194 0.0848637 0.0732767 0.108252 0.0899519 0.0692199 0.070498 0.0789893 0.0501774 0.0763325 0.0826712 0.0860531 0.0946329 -0.018211 0.0960428
internal_weight=0 4411.66 1077.15 2631.64 1780.02 48.8395 2076.79 729.341 295.135 434.206 1347.45 256.73 1090.72 138.138 115.024 155.261 48.2392 254.52 276.443 952.579 231.325 229.129 161.601 67.5275 31.1206 30.1918 700.772 299.015 3.69003 295.325
internal_count=300923 227050 73873 124033 103017 2995 100882 34450 14805 19645 66432 15459 50973 27705 25206 9250 9123 15061 11196 23268 14261 14038 8915 5123 2289 2139 17216 6617 267 6350
is_linear=0
shrinkage=0.1


Tree=142
num_leaves=31
num_cat=0
split_feature=88 74 172 74 170 157 156 79 118 103 178 156 208 156 98 145 0 17 190 121 0 163 210 124 162 161 116 94 112 0
split_gain=15.2128 7.05287 6.06248 5.11214 5.0808 5.65369 5.89002 6.81529 5.52911 4.99891 5.03459 4.87969 5.58893 4.9651 4.85595 4.29038 4.74374 4.24439 4.76039 4.85103 4.83705 4.79472 5.53943 6.85348 5.10575 4.42568 5.41357 4.95897 4.45917 4.47479
threshold=0.70415005087852489 0.33602151274681097 -0.3718093186616897 0.27543103694915777 0.45455265045166021 0.61278760433197033 0.27311578392982488 0.20373573154211047 -0.057051233947277062 0.097631916403770461 0.046464348211884506 0.072595518082380309 0.084535472095012679 0.068434610962867751 -0.048277223482727998 0.011464076116681101 0.20550528168678286 8.5000000000000018 -0.042012002319097512 0.03064078371971846 0.30126051604747778 0.16595286875963214 0.027926905080676082 0.085960980504751219 52.769798278808601 2.8392318487167363 -0.013004620559513567 0.15084221214056018 -0.056560581550002091 0.11882352828979494
decision_type=2 2 2 2 2 2 2 2 2 2 2 2 2 2 2 2 8 2 2 2 10 2 2 2 2 2 2 2 2 8
left_child=3 4 -3 9 8 6 17 -8 14 11 -11 12 -1 -14 -2 -9 -17 18 25 21 -21 22 -20 24 -24 26 -6 28 -27 -30
right_child=1 2 -4 -5 5 -7 7 15 -10 10 -12 -13 13 -15 -16 16 -18 -19 19 20 -22 -23 23 -25 -26 27 -28 -29 29 -31
leaf_value=0.1173592524104044 -0.0654753941912503 0.15408570979940295 0.065231550835226818 0.073214476003052073 -0.080409323058033749 0.084876763154906151 0.04266278424093585 0.077622663346876286 0.093268814921627585 0.073080857007015249 0.098859974937570927 0.090341898759182693 0.028021492408458699 0.14103595704642277 0.062366811122971745 -0.036538479209027162 0.056982256575892037 0.091739533441402982 0.090876964570256388 0.072848301895780884 0.020020744024793414 0.11609632698714847 0.1047764335913606 0.52339789828191152 0.044429222259264836 0.091250575703214654 0.047311069428848079 0.10903630163339065 -0.059614061008333732 0.057140078136837719
leaf_weight=123.572579119789 3.5972488020320297 7.8064613691963123 469.64194575901411 205.76249696409832 4.4192927467534018 766.76511366924024 110.33510844220655 228.9112247820749 368.54814484388544 302.97762067576639 101.016519287302 1807.2556546956521 13.940379174513284 5.3906409299543148 17.071046757856038 6.3277166093375845 37.968971940001211 188.6583736898707 215.88732480629108 166.51568707236532 19.346150538751203 49.781872317817204 18.167151507904236 0.31796375104749941 61.414508094779762 42.054683699244038 13.325259492573251 25.375880301834513 3.3509629217925285 161.08889238311491
leaf_count=23508 232 488 32725 12642 630 8142 5325 11957 17794 16495 5839 65100 4316 225 990 1181 1878 14631 11540 16093 3675 13101 1394 31 4735 3118 1288 2916 3672 15739
internal_value=0 0.0778246 0.0666843 0.08833 0.0799444 0.0780163 0.0741291 0.0636389 0.0904463 0.0896511 0.0795268 0.0917485 0.109537 0.0595367 0.0401163 0.0721101 0.043623 0.0782782 0.0750267 0.0803772 0.0673495 0.087384 0.0825516 0.0600567 0.0582055 0.0636354 0.0155022 0.067319 0.0621924 0.0547609
internal_weight=0 2986.68 477.448 2559.92 2509.23 2120.01 1353.25 383.543 389.216 2354.15 403.994 1950.16 142.904 19.331 20.6683 273.208 44.2967 969.704 781.046 531.431 185.862 345.569 295.787 79.8996 79.5817 249.615 17.7446 231.87 206.495 164.44
internal_count=301400 173275 33213 128125 140062 121046 112904 20341 19016 115483 22334 93149 28049 4541 1222 15016 3059 92563 77932 50569 19768 30801 17700 6160 6129 27363 1918 25445 22529 19411
is_linear=0
shrinkage=0.1


Tree=143
num_leaves=31
num_cat=0
split_feature=86 86 158 170 17 227 203 191 156 164 1 152 13 102 170 163 218 76 145 134 79 6 189 133 211 110 211 71 204 203
split_gain=27.7803 11.741 4.78435 4.53622 4.09719 3.91952 3.80671 3.8065 3.68483 4.70824 3.95431 3.74687 3.66709 3.65855 4.46536 4.1375 4.19334 3.64808 3.62339 3.5456 3.54435 3.51479 3.53913 3.40001 5.38187 7.79391 4.72953 5.61172 5.39753 4.66497
threshold=-1.0724866986274717 -0.79820320010185231 0.18333333730697635 0.48733790218830114 15.500000000000002 -0.098732497543096528 0.22047227621078494 0.14841087907552722 0.2327174320816994 4.8789997100830087 0.23303167521953586 0.039510805159807212 0.013449953868985178 0.082562103867530837 0.50697025656700145 -0.61485886573791493 -0.11079223453998564 0.35634921491146093 -0.018337571062147614 0.029250646941363815 0.53197279572486889 1.0000000180025095e-35 -0.20421317964792249 -0.011800559237599371 0.033193806186318404 -0.052203794941306107 0.096969075500965132 0.063164893537759795 0.10029948502779008 0.085029017180204405
decision_type=2 2 2 2 2 2 2 2 2 2 10 2 8 2 2 2 2 2 2 2 2 8 2 2 2 2 2 2 2 2
left_child=2 4 20 6 23 -6 18 21 9 10 17 -11 -5 -10 -15 -16 -17 19 -4 -3 -1 22 -7 24 -2 -26 -25 29 -29 -28
right_child=1 8 3 12 5 7 -8 -9 13 11 -12 -13 -14 14 15 16 -18 -19 -20 -21 -22 -23 -24 26 25 -27 27 28 -30 -31
leaf_value=0.047803523573183258 0.080368791431808861 0.10314563339268695 0.1002947102777918 0.0160310787595902 -0.035801776432510979 0.53633065498866228 -0.038703623897818319 -0.041344912615590423 0.088997783865794378 0.088163084196148836 -0.042057033178268755 0.047083104895436156 0.064999608754410784 0.086870730324244805 0.069119609846370889 0.13321319729780232 -0.036183720671876078 0.17899796607750737 0.072530683647663352 0.08374862489479995 0.14995256255846587 0.10093473827984473 0.160437498892784 0.081721325910593445 -0.0082482764193415048 0.068140166902582983 0.090250886838637856 0.13100312381745363 -0.080538337719279804 -0.029942160245175539
leaf_weight=158.65603069792769 833.81762146357846 569.44970924128131 75.753638377241487 15.976786257993124 2.0608461955590647 0.26014171083807003 2.6006795102584865 1.7826618673338988 1315.3328426965736 210.6116296064389 1.948226608869162 24.819294386982847 357.22009877209098 35.711459780010046 13.88526654039015 1.7103912512175146 10.035581466656366 5.8864893323377592 123.86410802760429 112.92411284828404 3.4710964035868974 93.020611554365587 6.7418024667662158 1155.0131992236029 14.080167764114774 259.96187208008382 94.173381996304443 53.206626574976099 1.2341341719929904 3.3438217622501716
leaf_count=19522 45066 47069 3784 6446 288 13 159 295 32712 11290 1585 1482 16689 817 164 38 839 1188 7472 7758 105 2863 986 64847 1655 18109 5002 2063 248 751
internal_value=0 0.0860033 0.0651638 0.069439 0.0812851 0.100732 0.0815009 0.103496 0.0911649 0.0960438 0.100209 0.0838324 0.0629032 0.0878845 0.0640133 0.0321665 -0.011517 0.100612 0.083067 0.0999357 0.0499905 0.106078 0.174403 0.0804486 0.0763731 0.0642154 0.0839033 0.100488 0.126208 0.0861295
internal_weight=0 4821.01 737.542 575.415 2518.7 103.866 202.218 101.805 2302.32 925.639 690.209 235.431 373.197 1376.68 61.3427 25.6312 11.746 688.26 199.618 682.374 162.127 100.023 7.00194 2414.83 1107.86 274.042 1306.97 151.958 54.4408 97.5172
internal_count=301305 247128 54177 34550 142186 4445 11415 4157 104942 70372 57600 12772 23135 34570 1858 1041 877 56015 11256 54827 19627 3862 999 137741 64830 19764 72911 8064 2311 5753
is_linear=0
shrinkage=0.1


Tree=144
num_leaves=31
num_cat=0
split_feature=93 93 88 63 184 103 193 121 188 109 172 119 2 73 138 90 12 233 220 0 199 92 203 7 219 71 69 76 215 178
split_gain=16.0843 7.50128 6.91192 5.25867 5.05644 4.63734 5.07476 4.69312 4.74265 4.44192 4.15101 6.50753 5.15618 4.89978 4.35986 4.06774 4.04899 4.25549 5.08488 4.03644 5.36737 5.40671 4.94343 4.21994 3.93072 4.5812 4.21752 3.95366 4.34592 3.92165
threshold=0.068085435777902617 0.33721725642681127 0.7782278060913087 0.33389289677143102 -0.098453808575868593 0.1239905282855034 0.23337487876415255 0.034660540521144874 0.23392001539468768 0.046527983620762832 -0.15253804624080655 0.017692806199193004 0.25357143580913549 0.069971442222595229 -0.051233381032943719 2.154700875282288 190.50000000000003 0.07136601954698564 0.078125547617673888 0.2736185491085053 -0.071275405585765825 0.89126536250114452 0.099605359137058272 0.15026882290840152 0.053201714530587203 0.18537609279155734 135.77052307128909 0.15345369279384616 -0.074084047228097902 0.29057274758815771
decision_type=2 2 2 2 2 2 2 2 2 2 2 2 8 2 2 2 10 2 2 8 2 2 2 10 2 2 2 2 2 2
left_child=2 3 5 16 -5 6 7 10 -9 -10 11 -1 14 -12 -13 24 17 -2 -19 -4 21 -21 23 -22 25 -7 27 -26 -29 -15
right_child=1 -3 19 4 -6 15 -8 8 9 -11 13 12 -14 29 -16 -17 -18 18 -20 20 22 -23 -24 -25 26 -27 -28 28 -30 -31
leaf_value=0.093783763041831905 0.08303508226843842 0.062697884165508075 0.082253526082640332 0.03040668550337762 0.070992315552772314 0.082187923282841677 0.1241289601106024 0.083147140498786951 -0.1309389426570777 0.075708341802103701 0.090310138551522839 -0.040912426039396578 0.032411670300043535 0.10399428550620785 0.079009595783352801 0.10524268576882329 0.075617275502820713 0.10855239686840255 -0.02429325695968116 0.034342762869989878 0.016417626926688789 0.11264743705024538 0.088991878453168638 0.063448927200885005 0.073067221704994634 -0.0050800175876991507 -0.023137589497415918 0.090544279900818966 -0.026821363173280988 0.056054549219338091
leaf_weight=252.43449760510953 564.27401043830912 367.67898165288898 226.99720430756747 35.952057954519546 210.02444592479867 258.11989833767859 42.385674432074666 751.47457235598517 2.0070571041715075 2.1592449671288705 1026.7090618277934 3.0923953701380915 31.641647414659701 489.57305958556697 154.24814454276361 48.580085111722155 699.4532985503331 103.3223529285541 2.9639344407657964 12.329564025375815 45.176887253102791 30.958042618668287 23.029841256883401 33.023674660027154 57.990088576071457 6.1590041696963445 6.4006947828434013 4.822794815863289 9.1234156995313906 17.680113916041705
leaf_count=9816 51055 27879 12926 2842 11769 14874 1894 38475 331 87 50058 156 1745 27124 5646 2313 19244 6334 985 1080 4174 770 1068 1569 3022 424 516 205 801 1811
internal_value=0 0.0755898 0.0868401 0.0785231 0.0650603 0.0883549 0.0897926 0.0892597 0.0825573 -0.0238411 0.0918236 0.0832782 0.0692453 0.0942827 0.0766526 0.0781624 0.0809402 0.0864925 0.104848 0.0739366 0.0608731 0.090344 0.0482709 0.0362787 0.0743226 0.0801541 0.0546492 0.0615704 0.0137653 0.102323
internal_weight=0 1983.67 3536.12 1615.99 245.977 3164.6 2773.41 2731.02 755.641 4.1663 1975.38 441.417 188.982 1533.96 157.341 391.196 1370.01 670.56 106.286 371.515 144.518 43.2876 101.23 78.2006 342.616 264.279 78.337 71.9363 13.9462 507.253
internal_count=300993 120108 180885 92229 14611 159298 137143 135249 38893 418 96356 17363 7547 78993 5802 22155 77618 58374 7319 21587 8661 1850 6811 5743 19842 15298 4544 4028 1006 28935
is_linear=0
shrinkage=0.1


Tree=145
num_leaves=31
num_cat=0
split_feature=86 86 170 17 86 202 158 182 79 191 189 101 8 179 101 106 106 197 119 179 63 5 162 177 109 233 197 140 193 212
split_gain=28.2412 11.1281 6.04032 5.94023 4.74726 4.5199 4.28012 4.06687 3.9705 3.81401 7.75589 3.6611 3.79987 3.91027 3.74528 3.64938 3.61943 3.56941 3.7954 4.78155 3.8861 3.73718 4.86758 4.23084 5.31429 4.16305 3.65769 3.59582 4.41629 3.58564
threshold=-1.0724866986274717 -0.57491785287857045 0.4856723845005036 12.500000000000002 -0.82948100566864003 0.15780281275510791 0.29166667163372045 -0.080040879547595964 0.3081014752388001 -0.11588935181498526 -0.0043813930824398986 -0.11869280412793158 0.16433737426996234 -0.073082413524389253 0.061771307140588767 0.056612119078636176 0.017878347076475624 0.015439177397638561 0.012176304124295713 -0.084050945937633501 -0.055010562762618058 0.07435046881437303 70.248500823974624 0.26858893036842352 -0.004351547919213771 -0.093034751713275896 -0.07244840636849402 0.029208759777247909 -0.055846193805336945 0.069823853671550765
decision_type=2 2 2 2 2 2 2 2 2 2 2 2 8 2 2 2 2 2 2 2 2 10 2 2 2 2 2 2 2 2
left_child=2 3 6 4 7 -5 8 -2 15 10 -4 12 16 -14 -13 -1 -11 18 26 20 -20 22 25 24 -24 -21 -9 -23 -29 -30
right_child=1 -3 9 5 -6 -7 -8 17 -10 11 -12 14 13 -15 -16 -17 -18 -19 19 21 -22 27 23 -25 -26 -27 -28 28 29 -31
leaf_value=0.057049007389052303 0.06892682166154035 0.098217144739103701 -0.026869749835298818 0.099437897286891216 0.085915472062690484 0.0028768066755025081 0.09006136862619335 0.090317916564896489 -0.044295485519482251 0.086362712111362025 0.060161258017824792 0.052472414813358896 0.058249847650867728 0.11586757574210747 0.082620220764422242 0.093903784415267672 -0.025582664290209025 0.085656212575044466 0.0018302371117525796 -0.054257670684833462 0.057743668423434508 0.08942905899992952 -0.032184476812235553 0.079580114612901598 0.046448343773132721 0.090385090550712838 0.073591423130081504 -0.040383514546462607 0.099802844997410545 -0.12893535443132556
leaf_weight=99.770615297905806 334.76499000843069 573.19246030724662 15.785072634866536 266.52616623443464 1945.858240615567 4.9373774557507195 120.75992965676255 254.89891135836569 3.2841034336252042 5.8335454856601228 29.1469148051292 316.85139879139103 18.716302855968934 31.776077758103384 47.36747595880388 36.769647376313173 5.7203829446059444 831.52135102313844 16.146068838576639 2.0799181710385701 54.01349045120196 136.18871470683348 12.140469955887111 19.871895208059755 29.429192876788647 45.946203835244717 268.39571920864284 4.9099207553499573 7.5896994090692242 0.75333529201861882
leaf_count=9203 21879 23207 3115 11359 95395 490 5126 11421 743 605 2270 23743 757 1808 3065 2822 927 42160 1909 297 4570 6352 1973 1340 3644 4210 15994 336 570 116
internal_value=0 0.0851403 0.0640537 0.0833708 0.0823909 0.0976816 0.0762707 0.0789935 0.0643604 0.0572973 0.0295864 0.0602183 0.0826721 0.0945101 0.0563932 0.0669738 0.0309382 0.0809948 0.0764474 0.0680325 0.0448761 0.0743075 0.0602699 0.0416267 0.0234835 0.0841209 0.081739 0.0845901 0.0348648 0.0791489
internal_weight=0 4809.16 731.781 4235.97 3964.51 271.464 260.584 2018.65 139.824 471.197 44.932 426.265 62.0463 50.4924 364.219 136.54 11.5539 1683.88 852.364 329.069 70.1596 258.909 109.468 61.4416 41.5697 48.0261 523.295 149.442 13.253 8.34303
internal_count=301406 247222 54184 224015 212166 11849 17894 116771 12768 36290 5385 30905 4097 2565 26808 12025 1532 94892 52732 25317 6479 18838 11464 6957 5617 4507 27415 7374 1022 686
is_linear=0
shrinkage=0.1


Tree=146
num_leaves=31
num_cat=0
split_feature=93 121 93 160 170 183 170 160 173 157 156 185 157 147 225 77 157 113 101 206 130 68 156 7 80 94 172 157 79 224
split_gain=18.9134 9.64562 6.88733 6.12869 6.05787 5.57384 6.78811 5.52631 5.44591 5.27366 4.81758 4.59587 4.5838 4.77308 5.57784 4.4134 4.3845 4.61414 4.43541 4.34534 4.38826 4.31766 4.54798 4.17898 4.1664 4.14328 5.72972 4.58096 6.19988 4.01281
threshold=0.26758758723735815 0.065653946250677123 -0.069273695349693284 2.0000000000000004 0.44120077788829809 -0.039986304938793175 0.5811527967453004 2.0000000000000004 0.077140230685472502 0.4534135907888413 0.2327174320816994 -0.17243464291095731 0.65648138523101818 0.028135297819972042 -0.0052550307009369126 0.082079496234655394 0.54989740252494823 0.092086352407932295 -0.1879596337676048 0.078464753925800337 0.033836193382740028 37.606712341308601 0.20483683049678805 0.13054402172565463 0.50471699237823497 0.21071276813745501 -0.062936358153820024 0.48258599638938909 0.39509977400302893 -0.16108159720897672
decision_type=2 2 2 2 2 2 2 2 2 2 2 2 2 2 2 2 2 2 2 2 2 2 2 10 2 2 2 2 2 2
left_child=1 2 10 8 15 -3 9 -2 21 -7 -1 -6 13 -12 -15 -5 17 -13 -18 20 24 22 -4 -9 -20 27 -27 28 -23 -11
right_child=7 5 3 4 11 6 -8 23 -10 29 12 16 -14 14 -16 -17 18 -19 19 -21 -22 25 -24 -25 -26 26 -28 -29 -30 -31
leaf_value=0.099750132295954655 0.069260153271065841 0.061131553508821407 0.092819374351314099 0.12562259949028218 -0.043516790017076389 0.03889573443812798 0.029160330573630922 -0.028409350802809038 0.091818432499278402 0.0087146869826510206 0.086509020244797716 0.033723444421208816 0.09791540361699648 0.020846108878069251 0.077640928867172943 0.02986231398603997 -0.12528881388137403 0.16704173688707746 0.069836440866532498 0.10607691311676358 -0.073729835960676046 0.037374871752663762 0.07912137969258759 0.048712083402105394 -0.15552749099936808 0.23151250461377551 0.09302076878111197 0.076731290178089856 0.12363208039664692 0.088717742469816951
leaf_weight=570.42478673049072 583.17199143443429 224.8747058518922 529.34507079084051 26.541178621656286 4.0768966422039048 24.104526061440083 23.896369260991435 9.269412278970206 894.74919773437864 6.386225648398919 526.61998119469445 52.944118098981789 311.81889116495586 24.686569502081511 57.730381286501142 5.8789080348728922 1.1106076896849106 2.7298962083984852 93.940679364412063 34.146853662810372 2.2403934991398264 59.280737061811465 447.1175214265686 29.033595661463778 0.82756405482359596 3.1192793873183282 70.631233477419983 591.64610928007642 9.6957047664637894 343.13576385195557
leaf_count=46706 39026 12365 39244 716 942 8452 2398 1808 45681 144 18607 9532 1826 1542 1696 526 86 178 2471 838 128 14872 11782 1527 18 908 2680 18530 1593 14163
internal_value=0 0.0853526 0.0870289 0.0841309 0.0682749 0.0737137 0.0808313 0.0668434 0.0854967 0.084136 0.0925286 0.0615242 0.0880552 0.0830069 0.060629 0.108258 0.0638028 0.0402605 0.0737123 0.0753974 0.0645983 0.0821905 0.0865471 0.0300485 0.0678684 0.0763977 0.0988783 0.073888 0.0494997 0.087256
internal_weight=0 4943.7 4321.3 2830.02 224.437 622.398 397.523 621.475 2605.58 373.627 1491.28 192.017 920.856 609.037 82.417 32.4201 187.94 55.674 132.266 131.155 97.0086 1710.84 976.463 38.303 94.7682 734.373 73.7505 660.623 68.9764 349.522
internal_count=300985 258624 221102 150725 15435 37522 25157 42361 135290 22759 70377 14193 23671 21845 3238 1242 13251 9710 3541 3455 2617 89609 51026 3335 2489 38583 3588 34995 16465 14307
is_linear=0
shrinkage=0.1


Tree=147
num_leaves=31
num_cat=0
split_feature=86 86 86 93 186 95 66 17 147 1 201 205 90 127 79 185 199 0 221 164 183 108 154 204 193 116 6 66 72 158
split_gain=34.6233 12.3259 8.44346 4.33732 3.66682 3.64427 3.6279 3.28696 4.26695 4.79721 4.76219 4.09658 4.21142 4.08263 3.66797 3.83354 3.66237 5.38707 5.7144 4.89623 5.46667 5.25945 4.24176 3.79834 3.71073 3.56877 3.53193 3.42531 3.809 3.40924
threshold=-0.95728516578674305 -1.1852712035179136 -0.6793040633201598 0.36510318517684942 0.25139719247817999 -0.12829299271106717 8.9517459869384783 7.5000000000000009 -0.008868509437888859 0.15287244319915774 0.16851545125246051 -0.085212536156177507 2.4122537374496464 0.035851983353495605 0.035556258633732803 0.1179674305021763 -0.0094321328215301019 0.18544973433017733 0.066860958933830275 4.8322978019714364 0.17106043547391894 0.027546149678528312 0.055565612390637405 -0.064931366592645631 0.039069691672921188 -0.045302711427211755 0.11143790930509569 5.6568076610565194 0.2314560413360596 0.55000001192092907
decision_type=2 2 2 2 2 2 2 2 2 10 2 2 2 2 2 2 2 10 2 2 2 2 2 2 2 2 10 2 2 2
left_child=1 -1 7 4 -3 -4 -5 11 -9 10 16 13 29 26 -15 -16 22 18 25 20 21 23 -10 24 -19 -18 -2 -25 -29 -13
right_child=2 3 5 6 -6 -7 -8 8 9 -11 -12 12 -14 14 15 -17 17 19 -20 -21 -22 -23 -24 27 -26 -27 -28 28 -30 -31
leaf_value=0.052085517897958428 0.088030238188723103 0.077305594459201987 0.11547240680793094 0.061260248491301988 0.027327381039521016 0.093379440617690837 -0.036370268830386361 0.10609876224800821 0.098183204864232876 -0.015034965764432986 -0.017282952926501647 0.078146547592587365 0.096855171302036511 -0.084113477357844108 0.07525714529847867 -0.086730400894154278 -0.027850097267721932 -0.075743645676478469 0.020139209511208556 0.085644911967336465 -0.1211628350121372 -0.032090293060934444 -0.094562301032714513 0.079681135980354617 0.076300718181825808 0.10916497355426298 0.10996488113336987 -0.081826050936911546 0.706501825753309 0.093429226530048412
leaf_weight=301.31585842336426 191.00141282694926 1129.5676209367887 80.172961981905928 150.21651309418144 14.873383380629091 1086.2715387412566 3.9050835582270329 148.04011051326734 224.09119641454265 4.6136415491912421 4.2934046945551918 1511.1276592472238 154.95824879720817 1.7110459450643727 27.283048638493486 1.5436126793465508 1.9506048329278645 3.6901160742022503 8.694695255699342 50.104718731192406 1.9717452755576221 7.0188726589110493 1.1476152703507967 36.794861760875165 2.8409348791901721 74.750214762540168 119.23633452145941 1.8889084065576742 0.063346533803269156 161.57593573028248
leaf_count=24584 10180 70860 3446 10434 1026 48372 1395 6976 8217 932 528 84212 7363 225 2828 391 266 451 826 1201 195 588 171 1449 251 3675 5569 590 27 4334
internal_value=0 0.0703071 0.0877723 0.0745352 0.0766561 0.094898 0.0587865 0.0847393 0.0914828 0.0863786 0.0874945 0.0829607 0.0810838 0.0930265 0.0581394 0.066583 0.0885784 0.078344 0.096971 0.063104 0.0422927 0.0484554 0.0972011 0.0609413 -0.00960603 0.10568 0.0964606 0.0728325 -0.0562465 0.0796228
internal_weight=0 1599.88 3906.84 1298.56 1144.44 1166.44 154.122 2740.39 571.955 423.915 419.301 2168.44 1827.66 340.775 30.5377 28.8267 415.008 189.769 85.3955 104.374 54.2688 52.297 225.239 45.2782 6.53105 76.7008 310.238 38.7471 1.95225 1672.7
internal_count=301562 108299 193263 83715 71886 51818 11829 141445 26343 19367 18435 115102 95909 19193 3444 3219 17907 9519 4767 4752 3551 3356 8388 2768 702 3941 15749 2066 617 88546
is_linear=0
shrinkage=0.1


Tree=148
num_leaves=31
num_cat=0
split_feature=74 88 104 209 131 4 131 90 134 225 175 203 153 163 182 12 157 1 17 82 179 5 228 9 165 173 129 5 209 108
split_gain=15.9272 9.66678 4.78269 4.16926 6.12118 6.24322 5.99111 7.08238 7.00572 4.81195 4.69695 4.66249 4.59851 7.13959 5.18305 4.38634 4.25092 5.45306 4.23847 4.23782 4.20817 4.04557 4.03514 4.28597 6.57379 3.96253 3.87607 4.27329 3.87495 4.74111
threshold=0.33602151274681097 0.76840013265609752 -0.085178598761558519 0.01151418359950185 -0.0089972764253616316 0.28991597890853887 -0.011754206381738184 1.5028735399246218 -0.012462401296943424 -0.04022563807666301 -0.08318766206502913 0.03746492229402066 -0.015813641250133511 -0.70752060413360585 -0.080040879547595964 22.500000000000004 0.50722458958625805 0.10172414034605028 16.500000000000004 0.017467581667006019 0.29804916679859167 0.29520697891712194 0.060284387320280082 0.024742373265326027 71.500000000000014 -0.032317586243152611 0.050777357071638114 0.03670033626258374 -0.054837267845869057 -0.018707929179072377
decision_type=2 2 2 2 2 10 2 2 2 2 2 2 2 2 2 8 2 10 2 2 2 10 2 8 2 2 2 8 2 2
left_child=1 2 -1 4 5 -4 7 8 -5 -8 -9 -10 13 16 -15 -14 -6 -18 20 26 22 -3 23 -12 25 -25 -11 -28 29 -17
right_child=-2 21 3 6 12 -7 9 10 11 19 18 -13 15 14 -16 28 17 -19 -20 -21 -22 -23 -24 24 -26 -27 27 -29 -30 -31
leaf_value=0.07884718133455676 0.066983423343897286 0.0741156215282711 0.089409270480829833 -0.024897961303910685 0.0048309038705859897 -0.090068202758279592 0.111863890510553 0.074262440978803357 0.028061100668195418 0.088666981390590552 0.093829754137716423 0.11349715868452731 -0.058138506782293681 0.087931436152575593 0.010515339318255051 0.049074840977099438 0.10724860707622866 -0.044700410882853203 0.14210112179114787 0.10659566415196908 0.001519757048696474 0.14814497236498947 0.11051610724838018 0.058742227114758884 0.084281114918525843 -0.025252889130884693 0.27546195735579543 -0.068160291885503321 0.087325462513689875 0.080798087956245587
leaf_weight=705.36705045414601 602.81048810927859 873.89645100385235 1170.4566553691359 10.891518618205053 5.7247288176208704 1.9413697596683039 189.72570986068536 187.72253942198472 12.743834908645796 392.89123637347859 250.36900661058456 12.806577441233797 2.2757649972971867 11.403460057320897 35.792105518555559 70.493287198157304 35.776406424741253 2.5287459324026704 16.966341311675933 171.57911658640887 5.1750362361667603 7.4448523385616445 94.410577481930716 12.838064671077975 65.795365156788876 9.9846273173702667 0.41711806734474466 2.7343295396913163 357.58307746092225 142.03330506971577
leaf_count=40630 40851 51616 52779 1174 792 1319 9644 8591 1098 18553 14778 490 5767 668 3943 4396 475 61 801 6901 1593 1543 3951 1241 4326 1633 85 183 14203 7209
internal_value=0 0.0842168 0.086316 0.0879255 0.084768 0.0891121 0.0919597 0.0851441 0.0422574 0.0980766 0.0875737 0.070884 0.0770933 0.0562417 0.0292207 0.0804166 0.0852055 0.0972176 0.0930591 0.0934682 0.0911619 0.074741 0.0922323 0.0871401 0.0682401 0.0219955 0.087781 -0.0226793 0.0809696 0.0702758
internal_weight=0 4859.77 3978.43 3273.06 1836.01 1172.4 1437.05 679.703 36.4419 757.348 643.262 25.5504 663.611 91.2254 47.1956 572.385 44.0299 38.3052 455.539 567.622 438.573 881.341 433.398 338.987 88.6181 22.8227 396.043 3.15145 570.11 212.527
internal_count=301294 260443 207284 166654 91612 54098 75042 39676 2762 35366 36914 1588 37514 5939 4611 31575 1328 536 28323 25722 27522 53159 25929 21978 7200 2874 18821 268 25808 11605
is_linear=0
shrinkage=0.1


Tree=149
num_leaves=31
num_cat=0
split_feature=93 103 88 63 225 63 163 88 221 189 63 223 114 12 12 13 191 185 162 199 66 96 116 63 201 160 138 48 159 157
split_gain=14.205 9.84057 6.04511 5.13018 4.72515 4.5584 4.96937 5.14392 4.40398 4.35638 6.07843 4.30088 5.95043 5.05499 4.49351 4.23007 4.11805 4.82822 4.99282 3.93252 4.1753 4.34304 3.89602 5.1146 4.27672 3.86799 5.8141 3.81526 3.77444 3.71447
threshold=0.18131834268569949 0.10245418176054956 0.7782278060913087 0.29361948370933538 0.076748032122850432 0.23049009591341021 -0.16871038824319837 0.82303723692893993 -0.087998554110527025 -0.20421317964792249 -0.17180135101079938 0.058556484058499343 0.0083119100891053694 380.00000000000006 64.500000000000014 0.09213085845112802 0.084891863167285933 -0.12963443994522092 44.616081237792976 0.019048057496547702 2.4623105525970463 -0.1901147663593292 -0.013004620559513567 0.1730986759066582 0.072491578757762923 2.0000000000000004 0.0011160956346429887 1.0000000180025095e-35 1.4917780756950381 0.46462488174438482
decision_type=2 2 2 2 2 2 2 2 2 2 2 2 2 10 8 10 2 2 2 2 2 2 2 2 2 2 2 2 2 2
left_child=1 2 3 -1 -5 6 19 -8 27 10 -4 14 13 -13 -10 -14 17 18 -11 25 21 -21 23 -3 28 -2 -27 -7 -25 -16
right_child=5 22 9 4 -6 8 7 -9 11 16 -12 12 15 -15 29 -17 -18 -19 -20 20 -22 -23 -24 24 -26 26 -28 -29 -30 -31
leaf_value=0.090230995451660329 0.079626668507353823 0.072274405651750154 0.075000660624098478 0.08217212454548023 0.048717387645589326 0.10025222690533409 0.093616243455993967 -0.012428075084015 -0.061089795590638311 0.26468612234146055 -0.066607365675916505 -0.06710362921521322 0.049645013024386238 0.049660860782306804 0.021853881099268762 0.24618291806269876 0.056048010443367158 0.086364354770989887 0.036476960254116467 0.11567438812670486 0.075299095160973092 0.042091730435514382 0.079943153655394172 -0.00014491563223358422 0.079753781837487533 0.073988011455431199 -0.067138238639946543 -0.045738117777280693 0.069465594046715665 0.067747229959058936
leaf_weight=2844.2108216764586 378.37400789703338 209.18881118352203 7.5190807478738861 366.03890984816456 47.722454231936865 35.558517887796597 172.56211367029664 4.6988025702576115 2.9501165694827014 0.99175659499042268 5.0785563314916526 9.6341528954177402 15.894141301891525 6.0271749637831808 19.557524934125922 1.1761386343841866 72.148876348092813 293.37475137287458 28.757341887711391 8.6869435636390318 106.58983996386451 104.6748430378168 537.050177652657 27.489125141022214 17.066318143669832 8.1666781682206402 4.5432116340996336 1.8849908341339858 10.869358525954793 179.4886285387297
leaf_count=139605 11012 13384 226 19442 2908 1776 25556 1377 4008 204 623 1671 1398 157 4421 80 5175 15027 2013 372 4133 4710 30921 3151 1074 341 487 225 445 5046
internal_value=0 0.0850859 0.0872807 0.0887175 0.0783135 0.0722116 0.076064 0.0908052 0.0610538 0.0758037 0.0179134 0.0559732 0.0223465 -0.0221675 0.0614221 0.0631864 0.0776487 0.0824718 0.0440849 0.0717876 0.0610903 0.0477304 0.0750497 0.0651182 0.0381087 0.077804 0.0235418 0.0929027 0.0195801 0.0632379
internal_weight=0 4467.51 3665.84 3257.97 413.761 1060.47 788.296 177.261 272.171 407.87 12.5976 234.728 32.7316 15.6613 201.996 17.0703 395.273 323.124 29.7491 611.036 219.952 113.362 801.664 264.614 55.4248 391.084 12.7099 37.4435 38.3585 199.046
internal_count=300968 234198 185223 161955 22350 66770 47988 26933 18782 23268 849 16781 3306 1828 13475 1478 22419 17244 2217 21055 9215 5082 48975 18054 4670 11840 828 2001 3596 9467
is_linear=0
shrinkage=0.1


Tree=150
num_leaves=31
num_cat=0
split_feature=86 86 86 17 160 223 154 93 220 119 8 191 70 183 186 143 175 189 65 138 157 157 145 92 93 132 8 105 158 186
split_gain=24.6586 8.27456 6.24984 4.81121 3.76726 4.53768 4.07879 3.9995 3.68183 3.56638 4.23735 3.9552 3.42531 3.41953 3.3705 3.46811 3.26306 3.35405 3.26201 4.09676 3.24014 3.22989 5.53914 4.40296 5.01775 4.17256 3.87123 4.0052 3.80632 3.60592
threshold=-0.93589836359024037 -1.1852712035179136 -0.57491785287857045 7.5000000000000009 2.0000000000000004 -0.0071122988592833272 -0.046182351186871522 0.33721725642681127 -0.11042088642716406 -0.013866901863366364 0.42091573774814611 0.21958079934120181 2.5000000000000004 -0.098546717315912233 0.066949479281902327 -0.018585893325507637 0.23086272925138476 0.1869412958621979 112.50000000000001 -0.038240253925323479 0.58115372061729442 0.46462488174438482 0.018270111642777923 0.84640949964523327 -0.25767512619495386 -0.034177791327238076 0.23785960674285891 0.10490912571549417 0.36666667461395269 -0.20112127065658567
decision_type=2 2 2 2 2 2 2 2 2 2 10 2 2 2 2 2 2 2 2 2 2 2 2 2 2 2 10 2 2 2
left_child=1 -1 3 16 7 6 13 12 -8 10 -5 -11 -3 -6 15 -7 17 21 -4 -20 -17 22 23 -2 28 -24 27 29 -25 -27
right_child=2 4 18 9 5 14 8 -9 -10 11 -12 -13 -14 -15 -16 20 -18 -19 19 -21 -22 -23 25 24 -26 26 -28 -29 -30 -31
leaf_value=0.058051476965971099 0.11467632966558686 -0.093653543954820451 0.097645711719323569 0.1067504250797303 0.10509044460032634 0.096434739573559303 -0.12028048052174936 0.063877119311430544 0.083701230797053924 0.088975582300226119 -0.070997009766133559 -0.070122072333618946 0.079691604756257695 -0.05195713147381445 -0.034744104075706675 -0.0078040042903379228 0.10403873883955028 0.097850714928779642 -0.089976869272507101 0.073485329543096056 0.058779059790205736 0.08271392637889427 0.02412796626886482 0.19103526591873279 0.044780607214666965 0.4694374587817155 0.15503168458935246 0.36426295134169939 0.74612151704121144 0.052324900460310811
leaf_weight=315.04396366027891 10.889506021326154 1.1410242000970345 557.7770351066406 172.80852401001709 2.0272068852214034 9.7495565131712265 0.89651644624041082 189.43732244031207 68.132636755512976 425.35325428759973 1.3516717945676635 1.5683364311912544 1184.7570577864535 4.3863810785012438 6.174253372890802 13.74653652985319 73.9516715361151 138.07202703015537 1.9948883753058906 6.625190287933945 15.605731001528509 2159.3745054676037 5.3814179551003489 0.71753044883735029 85.609474328303293 0.21180307009467547 14.294773991740952 0.4564768228727879 0.14922458797650506 9.6565883408819086
leaf_count=24620 2967 180 22869 8289 117 453 174 13688 3450 20758 180 281 70684 574 1210 2592 4091 5973 120 263 480 80440 2535 331 27841 118 1761 206 68 4078
internal_value=0 0.072781 0.0870433 0.0852784 0.0758828 0.0589451 0.0739646 0.0773695 0.081052 0.0933109 0.105371 0.0883911 0.0795248 -0.00231753 0.0339183 0.0447603 0.0833461 0.0827151 0.0967023 0.0356563 0.0275962 0.0818012 0.0663265 0.0547505 0.0472044 0.103895 0.121331 0.0746727 0.286602 0.0612773
internal_weight=0 1811.1 3666.24 3099.85 1496.05 120.719 75.4427 1375.34 69.0292 601.082 174.16 426.922 1185.9 6.41359 45.2761 39.1018 2498.76 2424.81 566.397 8.62008 29.3523 2286.74 127.367 97.3657 86.4762 30.0011 24.6196 10.3249 0.866755 9.86839
internal_count=301391 118222 183169 159917 93602 9050 4315 84552 3624 29508 8469 21039 70864 691 4735 3525 130409 126318 23252 383 3072 120345 39905 31207 28240 8698 6163 4402 399 4196
is_linear=0
shrinkage=0.1


Tree=151
num_leaves=31
num_cat=0
split_feature=86 86 86 93 205 83 3 204 171 168 159 156 200 197 182 95 128 66 121 134 129 69 180 108 219 147 213 120 11 228
split_gain=29.8427 11.7329 6.40401 5.08432 4.4461 3.96804 3.96129 4.4722 3.57824 3.49315 3.57998 3.34007 4.2398 5.10699 4.37624 4.26086 4.21542 4.73118 5.35246 5.01385 4.04622 3.87336 4.9515 3.81707 3.75189 3.72906 4.16583 3.70596 3.79825 3.66714
threshold=-0.93589836359024037 -1.1852712035179136 -0.57491785287857045 0.33721725642681127 0.18955272436141971 12.500000000000002 0.14100264757871631 -0.14773856103420255 0.49157020449638372 4.0411243438720712 0.59419184923172008 0.24264069646596911 0.0050601651892066011 -0.025438809767365452 -0.12281950935721396 0.1515607833862305 -0.0068004305940121404 3.7760050296783452 0.055066658183932311 -0.028807003982365128 -0.0022125751711428161 135.75653839111331 -0.20279803127050397 -0.047171348705887788 -0.003813373856246471 0.054399915039539344 -0.12990547716617581 -0.088510572910308824 0.070673078298568739 -0.065596602857112871
decision_type=2 2 2 2 2 2 8 2 2 2 2 2 2 2 2 2 2 2 2 2 2 2 2 2 2 2 2 2 8 2
left_child=1 -1 5 -3 -5 11 -7 8 -8 -9 -11 12 14 16 -2 25 17 18 19 -14 -16 -22 -23 -18 -19 26 -15 28 -13 -26
right_child=2 3 -4 4 -6 6 7 9 -10 10 -12 27 13 15 20 -17 23 24 -20 -21 21 22 -24 -25 29 -27 -28 -29 -30 -31
leaf_value=0.054326117350871533 0.063423315068601313 0.078069283389181093 0.097557896545566902 0.062771583601599942 -0.066134228622778138 0.12737205843643615 -0.067546570633732414 0.098730520727544985 0.12165693334515877 0.073078128533770756 -0.07336322513106168 0.050978350478557824 0.11493324333502437 0.0076227312799175134 0.10264041557275372 0.11629512253497461 0.033703309368520923 0.03936418698169436 0.095565716968442779 -0.013888135249783157 0.094955601203340234 -0.07337151994415822 0.073734026035694442 0.086248183451619206 -0.11397360835892015 0.13359583258198668 0.084930729175436703 0.082348563850174028 -0.10539088981656752 0.11006319379453496
leaf_weight=308.77553396327403 43.93180829026403 1285.635731551904 564.97650608140066 200.64331821459473 2.7118464806139846 40.680550915752065 3.0442166368484314 152.65101189778284 1.4882225978508357 5.9532465607860541 2.3199090331277148 8.5947946769338124 3.4683813472336196 7.1065209785616039 387.98482291111765 50.675371609574086 15.566177442069259 16.766850094568042 8.0709643806412696 23.439488753838759 193.07567640974167 2.3486498291247235 88.784419078104065 123.60764173753375 0.75689780516018146 15.446778653507975 363.66560916262023 1583.3034703097205 1.8960851817209921 21.041117680371087
leaf_count=24489 4324 78568 23031 14425 457 2929 371 5489 22 186 213 275 251 883 27644 4816 2050 2454 593 2885 14182 611 7652 10046 461 716 25167 43118 110 1936
internal_value=0 0.0720664 0.0877506 0.0757453 0.0610526 0.0860002 0.0994152 0.0925415 -0.00542176 0.0953006 0.0320139 0.0850659 0.088695 0.0828449 0.0940016 0.0890318 0.070138 0.0507727 0.0241406 0.00271673 0.0960001 0.0869351 0.0699429 0.0803712 0.0749283 0.0854546 0.083449 0.081956 0.0227167 0.102284
internal_weight=0 1797.77 3730.65 1488.99 203.355 3165.67 206.137 165.457 4.53244 160.924 8.27316 2959.53 1365.74 649.612 716.125 436.894 212.718 73.5437 34.9788 26.9079 672.194 284.209 91.1331 139.174 38.5649 386.219 370.772 1593.79 10.4909 21.798
internal_count=300354 117939 182415 93450 14882 159384 9210 6281 393 5888 399 150174 106671 52258 54413 31582 20676 8580 3729 3136 50089 22445 8263 12096 4851 26766 26050 43503 385 2397
is_linear=0
shrinkage=0.1


Tree=152
num_leaves=31
num_cat=0
split_feature=93 63 103 4 145 65 157 184 106 138 113 206 170 92 157 214 223 128 200 156 180 124 65 232 6 185 157 135 156 189
split_gain=15.1563 9.54981 6.45546 4.44697 6.1746 4.23285 4.11744 3.97927 4.37855 6.00035 5.37095 4.37544 3.92195 4.51351 4.21848 5.26906 5.10448 3.89134 3.86231 3.82985 5.64369 4.73034 5.74245 4.18853 3.95653 5.04379 3.82295 4.15715 3.91426 3.88974
threshold=0.16818635910749438 0.33389289677143102 0.13684689253568652 0.16807910054922107 -0.021005135029554364 112.50000000000001 0.33250422775745397 0.08679459244012834 -0.010006627067923544 0.024189355783164505 0.050707438960671432 -0.047571750357747071 0.49206244945526129 0.8604300618171693 0.46833918988704687 0.023874499835073951 0.077192526310682311 0.055807622149586684 0.075445838272571578 0.097693528980016722 0.17756915092468264 0.0010332649690099063 113.50000000000001 -0.099942933768033967 0.15504807978868487 0.030415955930948261 0.59552291035652172 -0.05138894356787204 0.63818180561065685 0.11662746965885164
decision_type=2 2 2 10 2 2 2 2 2 2 2 2 2 2 2 2 2 2 2 2 2 2 2 2 10 2 2 2 2 2
left_child=1 2 6 -3 -5 -4 -1 19 9 10 18 -11 -2 -14 15 -15 -17 -10 -9 20 21 23 -23 -8 -22 -26 27 -21 29 -29
right_child=12 3 5 4 -6 -7 7 8 17 11 -12 -13 13 14 -16 16 -18 -19 -20 26 24 22 -24 -25 25 -27 -28 28 -30 -31
leaf_value=-0.023979573972462014 0.080677749971607232 0.073672602245105065 0.07700608527934201 0.10635624401426919 -0.024366818342246997 0.027109451804807991 0.041990605299335897 0.087389105640163306 0.087967950602392445 -0.042822916368570323 0.023963748736569309 0.0491570817232347 0.057099172960589362 -0.014025030716859671 0.075579498936394804 0.031487599777240464 0.19403180352665156 0.022399628674612836 0.031863881438545787 0.050767659290937808 0.058290154348549388 0.092533019754474963 -0.10906150109734694 0.11914603940701043 -0.078398392729524355 0.32490705349031535 0.092518727252561356 0.083574238139984158 0.0078557948048122214 0.098322335726530763
leaf_weight=3.2585080400904181 386.089719474768 440.44385721711387 361.57325753750149 5.4791332962331607 10.610716776100615 17.840519473851032 7.355682484243288 131.08623520850858 452.31954444685357 7.1195914897930406 17.860056664933836 18.902909349403899 243.78532158262874 11.836248877206915 480.02998554278383 5.4168745644333267 3.0031105357854813 9.2361309715513453 13.851294635565749 34.857377460279622 38.20304773989767 125.67429895852536 1.4290597372969376 161.91569533602831 0.42077237350610985 1.1788532210775882 1318.315865990241 1005.8306311152069 6.4113038473242332 217.50497191169279
leaf_count=3764 25923 24663 23180 422 2105 1136 1464 9783 23012 1205 1684 2038 17079 5397 19810 2607 712 954 2520 2496 6671 18224 182 21169 383 554 13484 57107 678 10772
internal_value=0 0.08548 0.0870619 0.0717862 0.0201488 0.0746599 0.0883789 0.0884815 0.0814079 0.0685795 0.0757066 0.0239919 0.0724998 0.0682564 0.0736932 0.0289915 0.0894614 0.0866559 0.0820827 0.0900575 0.100098 0.104846 0.0902664 0.115793 0.0647417 0.21882 0.0887507 0.0848227 0.085788 0.0861964
internal_weight=0 4408.68 3952.15 456.534 16.0899 379.414 3572.73 3569.47 650.376 188.82 162.798 26.0225 1130.16 744.072 500.286 20.2562 8.41999 461.556 144.938 2919.1 336.177 296.375 127.103 169.271 39.8027 1.59963 2582.92 1264.6 1229.75 1223.34
internal_count=301178 229650 202460 27190 2527 24316 178144 174380 41196 17230 13987 3243 71528 45605 28526 8716 3319 23966 12303 133184 48647 41039 18406 22633 7608 937 84537 71053 68557 67879
is_linear=0
shrinkage=0.1


Tree=153
num_leaves=31
num_cat=0
split_feature=93 121 63 157 179 128 115 188 66 170 68 85 159 152 214 170 124 175 82 223 101 103 205 100 113 177 82 226 139 229
split_gain=17.662 9.65 7.02185 5.44747 5.42218 6.25942 5.20403 4.86126 5.43454 4.64251 4.54678 4.70255 4.10697 4.28896 4.2385 3.98397 3.97628 3.93928 6.51578 4.68577 5.10663 4.56293 4.89275 4.49977 4.09489 3.95455 4.11583 4.05439 4.89956 3.94365
threshold=0.18131834268569949 0.065653946250677123 0.37457138299942022 0.55445238947868358 0.29804916679859167 -0.025937478989362713 0.059809269383549697 0.15528582781553271 0.70985248684883129 0.51710355281829845 35.013553619384773 116.50000000000001 0.68771928548812877 0.054418703541159637 -0.13826537877321241 0.52235314249992382 -0.0077204103581607333 0.042717751115560539 0.10435571894049646 0.042549267411232002 -0.20731339603662488 0.068924289196729674 0.2192628011107445 0.18657758086919787 0.054423775523900993 0.044862849637866027 0.092329546809196486 -0.023586645722389218 -0.026504960842430588 -0.045580206438899033
decision_type=2 2 2 2 2 2 2 2 2 2 2 2 2 2 2 2 2 2 2 2 2 2 2 2 2 2 2 2 2 2
left_child=1 2 4 6 17 15 9 -4 -9 -3 -7 -12 -2 -14 -15 -6 -5 18 21 25 -21 23 -23 -1 -22 26 -19 -28 -29 -20
right_child=12 3 7 16 5 10 -8 8 -10 -11 11 -13 13 14 -16 -17 -18 19 29 20 24 22 -24 -25 -26 -27 27 28 -30 -31
leaf_value=0.089798114975068455 0.078793738610141384 0.072901996228979291 0.076617188141492598 0.091652563989017707 0.10989213051368274 0.050981428388878924 -0.033450736847578787 0.074160535717543483 -0.025702371113441133 0.038071775220697587 0.12502604784553253 0.3286567343379474 0.06842212198753643 -0.15009212046601619 0.039409395578765848 0.020155048601285089 0.071757435649207571 0.11391567440439082 0.062107157269283821 -0.1465335261376236 0.083102895864909598 0.080868172392767584 -0.04190296944078524 0.062894968041009705 -0.025723515335373027 0.085234271798495714 0.099297793088240729 -0.18354216947467836 0.043869171116863115 0.12170956335441481
leaf_weight=2073.5154751984828 465.85600003961213 148.56855608389952 257.9907655622726 192.33418946504685 8.8290874619591495 8.4716220823431723 5.6424266145088486 11.672416792620426 10.221601632522605 51.545572048939619 87.108912100092653 1.1490486730076543 545.20397065099496 1.2208979709630501 35.481094858779898 11.252829351546096 210.29828791533419 215.14533452441151 12.894669132641523 1.0400382172504112 60.177567717061947 869.16697661470675 3.2582550146055373 64.092124204332322 3.6683646367084739 93.918367490232413 16.946833116223619 1.0905296646360527 7.2183225319515678 79.816261651146192
leaf_count=97463 37274 16505 15138 3294 1145 734 966 352 909 10826 5562 175 26786 126 2424 988 3793 10947 990 131 4463 45823 574 4112 783 4773 328 48 313 3351
internal_value=0 0.0862102 0.0880381 0.0744968 0.0892184 0.110413 0.0612599 0.0727779 0.0275378 0.0639304 0.12096 0.127677 0.0717965 0.0661946 0.0331056 0.0596083 0.0812612 0.0885114 0.0873084 0.0978618 0.0732696 0.0865041 0.0804097 0.0889915 0.0768501 0.102635 0.109433 0.0712428 0.0140216 0.11342
internal_weight=0 4507.03 3898.65 608.389 3618.76 116.811 205.757 279.885 21.894 200.114 96.7296 88.258 1047.76 581.906 36.702 20.0819 402.632 3501.95 3102.74 399.205 64.886 3010.03 872.425 2137.61 63.8459 334.319 240.401 25.2557 8.30885 92.7109
internal_count=301096 234486 199102 35384 182703 8604 28297 16399 1261 27331 6471 5737 66610 29336 2550 2133 7087 174099 152313 21786 5377 147972 46397 101575 5246 16409 11636 689 361 4341
is_linear=0
shrinkage=0.1


Tree=154
num_leaves=31
num_cat=0
split_feature=86 86 86 93 2 13 198 157 203 140 219 151 155 122 165 221 179 152 118 96 138 230 79 163 209 74 220 142 88 189
split_gain=28.4199 12.5429 7.49996 5.04941 3.6956 3.61703 3.58228 3.35233 5.13678 3.25777 4.58537 3.61645 3.78544 3.50746 9.09012 3.07986 3.66419 4.31459 4.21143 3.71809 3.00311 4.3328 2.9927 5.09368 3.76559 3.03607 4.30447 3.84516 4.44891 4.44693
threshold=-0.93589836359024037 -1.1543014049530027 -0.6793040633201598 0.33721725642681127 0.25357143580913549 1.0000000180025095e-35 -0.063241370022296892 0.42956304550170904 0.010883597191423179 -0.010614641010761259 0.060508809983730323 -0.012865464203059672 0.012485836166888477 -0.073259316384792314 59.500000000000007 0.095505449920892729 0.081114314496517195 -0.0028026860672980543 0.049634687602519996 0.077781729400157942 -0.022473359480500218 -0.041922934353351586 0.53197279572486889 0.53187647461891185 -0.13597631454467771 0.18257576227188113 0.02987010404467583 -0.010091343428939579 0.67685294151306163 -0.056019313633441918
decision_type=2 2 2 2 10 8 2 2 2 2 2 2 2 2 2 2 2 2 2 2 2 2 2 2 2 2 2 2 2 2
left_child=1 -1 7 5 15 -3 -6 8 -2 -10 13 12 -12 14 -11 -4 17 18 -17 -18 -19 -22 25 24 -24 -9 -27 28 -28 -30
right_child=2 3 4 -5 6 -7 -8 22 9 10 11 -13 -14 -15 -16 16 19 20 -20 -21 21 -23 23 -25 -26 26 27 -29 29 -31
leaf_value=0.056515050843472872 0.084975859171370738 0.0035516565428303443 0.095448110652874368 0.061629121127186576 -0.052806217945739725 0.079780771132010389 0.14451801326925443 0.088579422752249171 -0.042478007340030995 1.5683307868933822 0.26727301325742409 0.093395416800698794 0.88647744396593398 0.019527547895577774 -0.008808605251258924 0.036594361712990568 0.13716670932329642 0.026204391554700945 -0.13725346818756723 -0.0069844348136921018 -0.047608133141924074 0.094597802492711588 -0.0035545459551934951 -0.062765057820600753 0.07770379250825854 0.085537406097389287 0.084884307433512163 0.076089562516628143 0.064996466575115597 -0.013143409549792241
leaf_weight=369.15205364556414 33.202896614496638 6.2554770683423149 1087.286113070071 182.88310033681819 0.96296555226422498 1260.5789605238647 20.631703263422651 1773.348333740862 5.7377518303670767 0.052667687195024793 0.50768124265209724 1.2373130040380704 0.12256525516932015 13.151145357430208 0.11938223126344383 12.928171219013164 14.291911786039693 9.2177687170699283 1.5617857778120185 2.0453769011892282 2.2422010821160248 48.212782306097324 5.9630810099815781 2.7720060829008153 130.71690885737621 428.52906507382795 15.745336655375466 115.48929820238413 12.439865362202911 17.569176875490712
leaf_count=29467 15370 14794 44753 13384 614 60714 1636 72862 3137 5 309 994 73 7447 109 853 711 565 231 212 520 1486 237 1420 3702 17056 779 5480 705 1653
internal_value=0 0.0729716 0.0882003 0.077162 0.0947244 0.0794044 0.135719 0.0851397 0.0605189 0.0217182 0.045966 0.192712 0.387691 0.0253962 0.473983 0.0939728 0.0762481 0.0668039 0.0178563 0.119119 0.0786896 0.0882782 0.0856723 0.0714369 0.0741586 0.0865123 0.080297 0.0663697 0.0418356 0.0192485
internal_weight=0 1818.87 3756.09 1449.72 1199.38 1266.83 21.5947 2556.7 54.1314 20.9285 15.1908 1.86756 0.630246 13.3232 0.17205 1177.79 90.5 74.1627 14.49 16.3373 59.6728 50.455 2502.57 139.452 136.68 2363.12 589.773 161.244 45.7544 30.009
internal_count=301278 118359 182919 88892 51581 75508 2250 131338 27444 12074 8937 1376 382 7561 114 49331 4578 3655 1084 923 2571 2006 103894 5359 3939 98535 25673 8617 3137 2358
is_linear=0
shrinkage=0.1


Tree=155
num_leaves=31
num_cat=0
split_feature=86 86 86 156 17 90 2 165 166 157 170 156 66 164 0 157 115 113 203 141 125 195 9 95 8 137 72 112 179 120
split_gain=27.1723 8.77421 5.87762 4.72384 4.20642 4.52718 4.30295 4.02551 3.81377 3.83181 3.70062 4.79852 3.45965 3.88613 4.15799 3.40579 3.54867 3.38656 3.3461 4.31751 3.5009 3.49985 3.44973 3.31701 3.45256 3.24678 3.28683 4.27896 3.23137 3.22425
threshold=-0.93589836359024037 -1.1852712035179136 -0.57491785287857045 0.49683544039726263 8.5000000000000018 2.116025567054749 0.16491228342056277 83.500000000000014 0.99274069070816051 0.5454775094985963 0.49815694987773901 0.029557367786765102 6.0089678764343271 4.6774799823760995 0.27151675522327429 0.58115372061729442 -0.054202662780880921 0.0021067144116386776 -0.11511238291859625 -0.041156560182571404 0.074585638940334334 -0.16113173961639402 0.0024580176686868076 0.047132426872849471 0.23785960674285891 0.018581721931695942 0.022474748082458976 -0.042016442865133279 0.29804916679859167 -0.074058882892131792
decision_type=2 2 2 2 2 2 10 2 2 2 2 2 2 2 8 2 2 2 2 2 2 2 8 2 10 2 2 2 2 2
left_child=1 -1 3 4 5 6 -2 -7 -4 -10 -3 -12 13 14 15 -5 -17 -9 20 22 -6 23 -20 -21 -25 26 27 -16 -8 -14
right_child=2 10 8 12 18 7 28 17 9 -11 11 -13 29 -15 25 16 -18 -19 19 21 -22 -23 -24 24 -26 -27 -28 -29 -30 -31
leaf_value=0.057693280287362585 0.08125112533460202 0.081877644655121873 0.097862543862229381 0.010712677891181153 0.11996323322925476 0.087167601572315762 0.093740599797035057 0.088488090503846956 0.060935781838073404 -0.17493165479887074 -0.0025610310705345323 0.072560366006011567 -0.13531847861776317 0.082979050637558435 -0.15820446847574229 -0.043643869360933035 0.079034394482737108 0.11317097398551663 -0.02713886886961478 0.094176844988580879 -0.11655527132607078 0.097706668045443493 0.070534054515891509 -0.14041566058375332 0.033758832879467869 0.087127935878547544 0.0474248641742527 0.0055124118140167525 0.14056410556562635 0.098970629086245959
leaf_weight=312.81183795399852 1485.5299249586221 637.57403859264684 564.35886909759756 8.7265522165862404 62.005114252784551 464.15844276137079 141.07793201651702 92.586466249057139 2.2700343365377189 0.98876558849588025 8.5898281768628504 842.74696007011585 0.5931283736063041 132.88857453642413 1.7978301175025979 2.4186664627632117 93.8982125624334 139.09453301354404 4.1036367335666446 7.595108787618754 0.63219994550627134 374.22663590424736 30.435176760752938 1.4177485855379925 5.7693080734416071 9.3578270984435203 20.772068479924201 14.251117963118306 16.458092478618937 60.677575426318072
leaf_count=24446 81677 39374 22806 844 2151 24652 8506 6359 269 13 8043 46074 92 1041 143 67 1332 6801 860 530 145 17421 1421 276 156 257 519 484 1033 2572
internal_value=0 0.0729181 0.0878682 0.0861903 0.08754 0.0857807 0.0829176 0.0925412 0.0972397 -0.0106297 0.0761168 0.0718024 0.0751508 0.070503 0.0595394 0.0705338 0.0759538 0.103307 0.0960034 0.0928131 0.117576 0.0958215 0.0589293 0.0480968 -0.00059955 0.0345304 0.0211631 -0.0128274 0.0986323 0.0967026
internal_weight=0 1801.72 3738.09 3170.47 2825.09 2338.91 1643.07 695.839 567.618 3.2588 1488.91 851.337 345.382 284.111 151.222 105.043 96.3169 231.681 486.185 423.548 62.6373 389.009 34.5388 14.7822 7.18706 46.1788 36.821 16.0489 157.536 61.2707
internal_count=300364 117937 182427 159339 151988 129028 91216 37812 23088 282 93491 54117 7351 4687 3646 2243 1399 13160 22960 20664 2296 18383 2281 962 432 1403 1146 627 9539 2664
is_linear=0
shrinkage=0.1


Tree=156
num_leaves=31
num_cat=0
split_feature=86 86 86 93 206 182 217 156 113 109 73 206 111 204 222 177 5 63 142 222 182 67 141 75 139 205 158 168 8 184
split_gain=29.659 7.83943 7.11363 5.14036 4.84418 4.50403 3.57577 3.55485 3.38362 3.75588 3.12782 3.26519 3.08516 4.50976 3.50208 4.32058 3.0437 4.91825 3.08885 2.97743 3.87776 3.90465 4.20331 3.76307 3.00794 2.90503 3.35355 2.98856 2.89338 2.85782
threshold=-0.93589836359024037 -1.1543014049530027 -0.57491785287857045 0.36510318517684942 0.091853566467762007 0.27387040853500372 0.059327594935894019 0.2327174320816994 -0.0078398073092102987 0.055923204869031913 0.10174504667520524 0.081485968083143248 0.13060310482978824 -0.10998910292983054 0.040786432102322585 0.088236134499311461 0.22401433438062671 0.35145115852355963 -0.032503444701433175 -0.06835682317614554 -0.11278964206576346 0.4622864723205567 -0.049641391262412064 0.053812742233276374 0.038945330306887634 0.11427879333496095 0.36666667461395269 3.6724194288253789 0.046711301431059844 -0.082743767648935304
decision_type=2 2 2 2 2 2 2 2 2 2 2 2 2 2 2 2 10 2 2 2 2 2 2 2 2 2 2 2 8 2
left_child=1 -1 7 12 10 -5 -6 19 -8 -10 25 -12 16 -14 -15 -16 -3 18 -18 20 23 -22 -23 24 -2 -4 27 -27 -21 -30
right_child=2 3 4 5 6 -7 8 -9 9 -11 11 -13 13 14 15 -17 17 -19 -20 28 21 22 -24 -25 -26 26 -28 -29 29 -31
leaf_value=0.059105359995000606 0.07850695529514129 0.075797859108431342 0.10134648011442748 0.061192944396854014 0.085037248674332211 -0.03197652009589147 0.079546718268028574 0.082785526680748678 -0.068666073480401324 0.10457269409294244 0.12271823563280278 -0.096428281715846512 0.0052414725036114334 0.12023000269090318 -0.077547950145248942 0.12008298374366333 -0.042990312913688343 -0.070090655109184441 0.13865148112089823 -0.0031445743379700875 -0.033980435742911812 -0.0063861709550550282 0.10857277141080478 -0.0043748493298401067 0.31376195140608576 0.054280956622601628 0.099846286104357751 -0.079431388445808132 0.096038505210913117 0.084918588949940477
leaf_weight=376.10328083863737 16.539647379662263 1180.0528703650516 355.17932483041659 143.99879141099495 80.768685053544914 5.3826013062021039 6.4438925550548447 1755.9837677586306 4.7414028463190316 1.7002469074213875 75.162863465145165 0.68609751137546382 4.4108663105755559 41.174332920270899 2.0963658326734267 2.3420203417545054 0.98946584128180504 1.3325018694189328 17.388372571186324 3.5045370206359499 1.9967765677891396 3.2361883036030568 185.08535618832508 6.2611904340368474 0.56195654474640733 15.45531109589456 20.104481729540794 1.8742553732568001 313.94048725903087 876.04282221263441
leaf_count=29366 1754 70634 14048 10771 3632 442 233 48248 653 91 2620 167 385 1651 501 144 449 727 2887 2371 595 768 13036 1025 87 1040 542 144 23157 68486
internal_value=0 0.0719225 0.0876286 0.0753678 0.0979947 0.0578358 0.0772326 0.0857865 0.0283121 -0.0229404 0.102145 0.120736 0.0774633 0.101796 0.111133 0.0267367 0.0764488 0.115421 0.128872 0.0895314 0.100402 0.105122 0.106597 0.0619535 0.0862374 0.0985539 0.0720577 0.0398195 0.087585 0.0878522
internal_weight=0 1775.27 3725.27 1399.17 562.117 149.381 93.6542 3163.15 12.8855 6.44165 468.462 75.849 1249.79 50.0236 45.6127 4.43839 1199.76 19.7103 18.3778 1407.17 213.681 190.318 188.322 23.3628 17.1016 392.613 37.434 17.3296 1193.49 1189.98
internal_count=300654 117957 182697 88591 23170 11213 4609 159527 977 744 18561 2787 77378 2681 2296 645 74697 4063 3336 111279 17265 14399 13804 2866 1841 15774 1726 1184 94014 91643
is_linear=0
shrinkage=0.1


Tree=157
num_leaves=31
num_cat=0
split_feature=86 86 79 157 197 86 217 152 124 195 63 159 224 4 13 153 79 158 233 9 223 112 233 83 9 8 0 192 232 143
split_gain=29.9238 9.57924 4.5329 4.24251 4.37777 4.16905 3.8435 4.54029 3.63118 4.61798 3.79516 4.0902 4.47573 4.92493 3.63188 3.56836 3.29308 3.23893 3.92071 3.29605 3.63673 3.18172 3.60296 3.14838 3.23611 3.10999 3.08234 3.01303 3.52971 4.02035
threshold=-1.0724866986274717 -0.83693176507949818 0.020620748400688175 0.47553096711635595 0.19945939630270007 -0.57491785287857045 -0.093061622232198701 -0.0014226427883841095 -0.02680207975208759 -0.16113173961639402 0.33389289677143102 1.7855054140090945 -0.010390206240117548 0.07458051294088365 0.08631784096360208 0.044574752449989326 0.53197279572486889 0.29166667163372045 -0.074991386383771882 0.0068260179832577714 -0.043390028178691857 -0.016364539042115208 -0.0082012647762894613 20.500000000000004 0.017241584137082103 0.30887538194656378 0.22268135845661166 0.15750596672296527 0.031480504199862487 -0.0057703903876245013
decision_type=2 2 2 2 2 2 2 2 2 2 2 2 2 8 10 2 2 2 2 10 2 2 2 2 10 8 8 2 2 2
left_child=2 27 3 4 -1 15 7 -4 9 -8 14 12 25 -14 17 23 -10 19 -19 20 26 22 -15 -3 -25 -12 -11 28 -2 -30
right_child=1 5 6 -5 -6 -7 8 -9 16 10 11 -13 13 21 -16 -17 -18 18 -20 -21 -22 -23 -24 24 -26 -27 -28 -29 29 -31
leaf_value=-0.0052794765131392724 0.075792122099332587 0.087100755644227645 0.084477342025829627 0.055825664189319939 0.12304816554975849 0.096623436438527596 -0.034116957087568893 0.013486202512594163 0.07483852027203354 -0.046520891097544433 -0.049066834202978707 0.083956235117788644 0.093484586247197216 -0.08858276555848979 -0.079367389434558774 0.052776687685816781 0.15787535677979592 -0.10584604444865264 0.09591623937810817 0.078320780130567744 -0.018909957120985102 -0.065951385748694732 0.075754462498730912 0.13353420718690484 -0.059973178199530956 0.037653409235778701 0.11101688153840961 0.091705128963226731 0.071114074178790024 0.090516714454714028
leaf_weight=21.127069294035895 1279.7874774135828 2127.5533286633936 13.786005047021261 159.60847204171682 3.0409881730647603 568.59545292098619 5.2831788515518374 25.998930301190512 350.81937081742967 1.6065700671650791 10.375637944163602 16.121237521030707 13.327798206497848 1.680503880517789 1.5334193171834147 30.032388830050422 4.8418746799866303 0.98137086172573518 51.817795807857692 24.245537214660203 9.7457208276372302 4.1188792826892486 6.4720572699122831 20.712219837575962 0.90185854280980393 6.8759428433347685 5.4725798360672115 196.33170983189552 145.24940632480082 403.35380804219187
leaf_count=8483 76959 103355 553 6258 315 23159 609 2599 24618 296 1404 452 996 302 438 2019 193 173 1619 1719 1511 472 400 581 213 569 380 10605 9180 21241
internal_value=0 0.0851521 0.063526 0.0499133 0.0108676 0.0889978 0.0680327 0.0380856 0.0703447 0.057816 0.0609622 0.0410195 0.0248659 0.0513969 0.0732895 0.0870082 0.075969 0.0757833 0.0921661 0.0547218 0.0207145 0.00568619 0.0418793 0.0874865 0.12546 -0.0145028 0.0752646 0.0799329 0.0786688 0.0853796
internal_weight=0 4772.52 738.881 183.777 24.1681 2747.8 555.104 39.7849 515.319 159.658 154.375 58.9721 42.8508 25.5992 95.403 2179.2 355.661 93.8696 52.7992 41.0704 16.8249 12.2714 8.15256 2149.17 21.6141 17.2516 7.07915 2024.72 1828.39 548.603
internal_count=301671 247312 54359 15056 8798 129327 39303 3152 36151 11340 10731 4595 4143 2170 6136 106168 24811 5698 1792 3906 2187 1174 702 104149 794 1973 676 117985 107380 30421
is_linear=0
shrinkage=0.1


Tree=158
num_leaves=31
num_cat=0
split_feature=86 86 86 13 86 0 103 225 212 223 145 222 102 209 17 169 175 30 209 5 110 5 68 100 203 191 67 213 178 230
split_gain=27.327 11.0393 4.76602 4.4494 3.82321 3.58509 3.4883 4.32483 3.88801 3.48933 7.11627 3.46285 3.40015 3.39083 3.25411 3.24845 3.14125 3.10868 3.78726 3.72684 3.67978 3.89748 3.38479 3.16176 3.24874 3.1608 3.14242 3.76329 3.6859 3.52214
threshold=-1.0724866986274717 -0.82948100566864003 -1.1852712035179136 0.089163407683372511 -0.57491785287857045 0.12645348906517032 0.084005475044250502 0.064032439142465605 -0.058333562687039368 -0.06284091621637343 0.0025148808490484957 0.12241788581013681 -0.016706083901226517 -0.11534746363759039 8.5000000000000018 8.5000000000000018 0.042717751115560539 1.0000000180025095e-35 -0.032628722488880151 0.081939239054918303 -0.0084599140100181085 0.10566188395023347 41.449935913085945 -0.053858501836657517 0.15807545185089114 -0.028789392672479149 0.98752880096435558 -0.12990547716617581 -0.28402966260910029 -0.082400415092706666
decision_type=2 2 2 10 2 8 2 2 2 2 2 2 2 2 2 2 2 2 2 8 2 8 2 2 2 2 2 2 2 2
left_child=2 12 3 5 14 -1 9 15 -9 10 -6 -7 -2 -4 16 -8 -3 22 19 25 -21 -22 26 24 -20 -19 27 -14 -29 -30
right_child=1 4 13 -5 6 11 7 8 -10 -11 -12 -13 17 -15 -16 -17 -18 18 23 20 21 -23 -24 -25 -26 -27 -28 28 29 -31
leaf_value=-0.018292608786467952 0.074662466574756267 0.08394558243435532 0.099800522612552858 0.12244479828236382 0.10183507948900024 0.055638653000424677 0.065837365037700588 0.071574571353076585 -0.10218039873886807 0.10255506362223316 0.04048505615776405 -0.02369636446614835 -0.025658056524516318 0.068206275700981964 0.095667475294306428 0.13299732571659992 0.097711127041912427 0.11648629316828403 0.1153249285280325 -0.032978862918453505 -0.040096887262100631 0.064548927135531869 -0.036469125768385444 0.071366206590683712 -0.17306422100448685 0.040746335706263903 0.0873327435523783 0.002662758058567609 0.12704489266817651 0.07369692513099671
leaf_weight=7.0171947236544829 833.01832661218714 1505.6144460792666 37.229519166578257 9.3380291915404978 53.494659909112215 277.43315977437146 31.61960245522846 2.5527064918278484 2.5989636798917664 435.22275569824205 29.242332525016764 5.6131059100716802 3.791356197534582 387.9416863898773 383.13394657312961 9.3263066360850626 186.28446349537876 11.449392766527696 25.857485727007319 7.8249768522550758 4.3320760055330565 19.946782308823913 2.2984264815333963 86.85292468103728 0.39661428642329966 10.62145355310872 937.97906603385093 6.7673267993327491 13.439779787923952 156.31244299808304
leaf_count=5204 50040 73694 2363 1296 1937 17368 1767 116 315 16852 2194 580 460 27437 16698 116 10643 703 1330 599 261 1030 1303 5738 79 974 48940 701 1113 9358
internal_value=0 0.085013 0.0641669 0.0545022 0.0893301 0.0523149 0.0966304 0.0702699 -0.016083 0.0989764 0.0801517 0.0540654 0.079641 0.0709728 0.0873457 0.0811345 0.0854612 0.0828612 0.0701452 0.0484039 0.0266567 0.045877 0.0847594 0.0805585 0.110968 0.0800369 0.0850086 0.0729182 0.0750354 0.0779206
internal_weight=0 4759.98 724.573 299.401 2639.09 290.063 564.057 46.0976 5.15167 517.96 82.737 283.046 2120.89 425.171 2075.03 40.9459 1691.9 1287.87 167.282 54.1747 32.1038 24.2789 1120.59 113.107 26.2541 22.0708 1118.29 180.311 176.52 169.752
internal_count=301209 246961 54248 24448 124332 23152 23297 2314 431 20983 4131 17948 122629 29800 101035 1883 84337 72589 10714 3567 1890 1291 61875 7147 1409 1677 60572 11632 11172 10471
is_linear=0
shrinkage=0.1


Tree=159
num_leaves=31
num_cat=0
split_feature=86 86 86 74 85 229 149 5 232 137 2 0 81 209 131 126 212 140 223 152 96 3 226 114 100 122 217 216 174 85
split_gain=31.1354 13.3291 3.71591 3.6986 3.50721 4.2471 3.25568 4.35409 3.33118 3.19091 5.33527 3.3053 4.66684 3.91884 3.76314 3.41422 3.25385 4.17841 3.87683 4.58113 5.09925 3.87341 3.63611 3.29057 3.24909 3.18488 3.80929 3.36653 3.39739 3.30903
threshold=-0.84835848212242115 -1.1852712035179136 -0.57491785287857045 0.33602151274681097 116.50000000000001 -0.036095913499593728 -0.018348800018429753 0.03670033626258374 0.12063014879822732 -0.056948453187942498 0.16491228342056277 0.16282923519611361 0.3034138828516007 0.039167810231447227 -0.021902043372392651 -0.077020511031150804 -0.029500314034521576 -0.054009908810257905 0.042549267411232002 0.014172403607517483 -0.094766713678836809 0.09175084158778192 -0.14459964632987973 -0.03014771360903978 0.2274129539728165 0.0950644686818123 0.012992782983928921 -0.12751284241676328 -0.062777036800980554 30.500000000000004
decision_type=2 2 2 2 2 2 2 8 2 2 10 10 2 2 2 2 2 2 2 2 2 8 2 2 2 2 2 2 2 2
left_child=1 25 9 4 -3 -6 8 -8 -7 10 -2 12 16 -13 24 -16 21 -18 22 20 -20 -11 -19 -23 -15 27 -27 28 -1 -29
right_child=2 3 -4 -5 5 6 7 -9 -10 11 -12 13 -14 14 15 -17 17 18 19 -21 -22 23 -24 -25 -26 26 -28 29 -30 -31
leaf_value=-0.14116467496965432 0.11237938618997806 0.078516819190397269 0.097284332394026896 0.068577141302856456 0.042040992303558518 0.16105911186429811 -0.058537784097044937 0.11259139356523105 0.44921099433610528 -0.031184913806734455 -0.039820752537939007 0.086465082155452525 0.016995285630015042 0.08428368818958476 -0.072466783629271364 0.10288862977281538 -0.062423288967124971 -0.077810903436987475 0.069956893765972555 0.074554093065944044 -0.017004450441566257 0.066794563892040582 0.084010640914332524 0.10056391774205427 -0.13473021307244526 -0.032072181737377352 0.068855208593553041 0.084599911180600465 0.036293569490311699 0.054284497367275301
leaf_weight=1.6655780089513426 77.290271468008086 1904.2833195940402 557.5422046861695 392.24076372213449 8.9243860637654944 7.2000325777217986 1.5549343203489332 33.926142819546385 0.42486835443560256 2.4909902837608788 2.3739132193454671 1125.0392594111754 11.187144274556998 142.13997056557037 1.1136954903040521 367.64112632224169 2.1456425740134355 1.3954712558568179 12.998453937367914 59.120476849261308 14.011570824178873 35.398400491852271 280.29655732030494 156.10697676798338 0.68060087102298794 8.833783805947176 6.4848207865843497 42.421795897497532 3.062431233368442 238.06942898696752
leaf_count=302 2970 113226 23047 26283 885 402 555 1248 11 4727 287 43409 1331 6948 70 10994 433 307 1328 4788 2636 2432 20439 8068 64 952 592 2590 703 19268
internal_value=0 0.0749023 0.0899628 0.0774397 0.0792167 0.104832 0.117832 0.105092 0.177115 0.0881813 0.107844 0.0874731 0.0809521 0.0897648 0.0970214 0.102359 0.0822207 0.0767204 0.0775321 0.0589657 0.0248453 0.0927103 0.083209 0.0943219 0.08324 0.0550732 0.0106534 0.0574589 -0.0262212 0.0588694
internal_weight=0 2649.09 2848.97 2348.55 1956.31 52.0304 43.106 35.4811 7.6249 2291.43 79.6642 2211.77 575.152 1636.61 511.575 368.755 563.965 369.968 367.823 86.1305 27.01 193.996 281.692 191.505 142.821 300.538 15.3186 285.219 4.72801 280.491
internal_count=301295 167017 134278 142610 116327 3101 2216 1803 413 111231 3257 107974 46489 61485 18076 11064 45158 29931 29498 8752 3964 15227 20746 10500 7012 24407 1544 22863 1005 21858
is_linear=0
shrinkage=0.1


Tree=160
num_leaves=31
num_cat=0
split_feature=86 86 93 86 205 175 75 66 230 63 126 166 176 65 188 199 3 113 173 231 119 204 140 124 188 156 121 208 227 107
split_gain=23.6451 9.95989 5.30654 4.69134 3.95096 4.16074 4.34765 3.8356 5.90344 5.04953 4.80578 3.95147 3.79587 3.68462 4.41843 3.67151 3.75356 3.63408 3.55792 3.71083 3.77668 4.13031 3.71094 3.52268 4.43031 3.50924 3.43901 5.67619 4.34936 5.23123
threshold=-0.93589836359024037 -1.1852712035179136 0.36510318517684942 -0.6793040633201598 -0.085212536156177507 0.020341969095170501 0.028370221145451072 0.34259964525699621 0.062566453590989127 0.12497225403785707 0.023428769782185558 0.94196885824203502 -0.17996312677860257 91.500000000000014 0.041960498318076141 0.14755965769290927 0.056349206715822227 0.073715258389711394 -0.19139865785837171 1.0000000180025095e-35 0.031912397593259818 -0.17213649302721021 0.017715438269078735 0.013775133527815344 0.13616447895765307 0.12864215672016147 0.051355877891182906 0.18570958822965625 0.12605731189250949 0.074249707162380232
decision_type=2 2 2 2 2 2 2 2 2 2 2 2 2 2 2 2 8 2 2 2 2 2 2 2 2 2 2 2 2 2
left_child=1 -1 25 4 17 6 7 8 -6 -9 -10 13 -4 14 15 16 -11 -2 -14 22 21 -21 -20 24 -16 -3 -8 28 -28 -30
right_child=3 2 12 -5 5 -7 26 9 10 11 -12 -13 18 -15 23 -17 -18 -19 19 20 -22 -23 -24 -25 -26 -27 27 -29 29 -31
leaf_value=0.056562084771661116 0.095040276913972294 0.087306354258510577 0.11313785398801093 0.091858347136900775 0.072058462355568162 0.092571302274353631 0.087931551723332391 0.081643549825484552 0.025671677702062468 -0.12134381796555355 -0.13030443784847032 0.096077923480370531 0.12429234849215759 0.10591735789474147 -0.040781706469121985 -0.11614867334971968 0.066918777648894756 0.039765224610384238 0.071428642105703377 0.086948511525842265 0.073864210099942929 0.0035903934302326094 0.0037162290278800699 0.066105042793667232 0.041872665370038462 0.075293369364412541 0.075891454578352419 -0.15219877325110487 -0.12745844156992647 0.14542113294941589
leaf_weight=317.33834390494894 383.45338026338618 320.23986127628473 12.195791971825427 1163.6984866925945 50.906558690279098 338.79109134088912 769.34001076241168 578.76792856159113 20.066936922914469 1.0729661632759633 2.1910525105959087 27.667247788863392 7.1207636898218416 12.659516295200318 13.075948546407746 1.1408752434031146 81.63429446442035 12.274969866933814 81.530518231413907 7.1064826004621855 16.148263313430334 36.340861802232439 8.9857260497760745 11.804364448430986 12.865308785162709 1010.4298833956605 161.88218664370686 1.1209280916064006 2.2177638877191153 1.0282442700614636
leaf_count=24546 20853 42000 1574 51743 2212 19760 38299 29766 583 1012 65 763 736 368 1487 309 4053 990 4348 177 1199 4019 668 904 679 39014 8757 109 319 31
internal_value=0 0.0726573 0.0760621 0.0866188 0.0841642 0.082428 0.0804637 0.0751187 0.0532758 0.0772763 0.0103176 0.0616661 0.059394 0.0545744 0.0492289 0.0620188 0.0644764 0.0933257 0.0552253 0.051949 0.0325721 0.0172249 0.0647067 0.0208176 0.000209908 0.0781844 0.0851132 0.0720709 0.0735933 -0.0410179
internal_weight=0 1817.44 1500.1 3647.66 2483.96 2088.23 1749.44 813.853 73.1645 740.688 22.258 161.921 169.428 134.253 121.594 83.8481 82.7073 395.728 157.233 150.112 59.5956 43.4473 90.5162 37.7456 25.9413 1330.67 935.589 166.249 165.128 3.24601
internal_count=301343 118281 93735 183062 131319 109476 89716 42201 2860 39341 648 9575 12721 8812 8444 5374 5065 21843 11147 10411 5395 4196 5016 3070 2166 81014 47515 9216 9107 350
is_linear=0
shrinkage=0.1


Tree=161
num_leaves=31
num_cat=0
split_feature=93 88 93 0 103 203 5 23 129 63 200 213 121 63 68 156 121 2 142 92 200 178 137 224 90 6 184 166 113 101
split_gain=18.4506 7.15295 5.63681 5.53802 5.01203 5.20017 4.51002 10.0596 4.19572 4.9042 4.54115 4.10498 4.02887 3.94035 4.03444 3.88916 3.80848 4.61299 3.78969 3.71651 4.40913 4.67281 4.20225 3.59479 5.88973 4.16419 3.56395 4.14195 4.02406 4.08506
threshold=0.078247956931591048 0.70084205269813549 0.28457662463188177 1.0000000180025095e-35 0.097631916403770461 0.13276524096727374 0.026334026828408245 1.0000000180025095e-35 -1.0000000180025095e-35 -0.010310997255146502 -0.0040372745133936397 -0.047397330403327935 0.072652347385883345 0.16147579997777942 41.397172927856452 0.11278963834047319 -0.024424636736512181 0.019900989718735222 0.014414835255593063 0.93598592281341564 0.063163988292217269 0.040310448035597808 -0.033134885132312768 0.069778654724359526 1.3224789500236513 0.053342817351222045 0.08679459244012834 0.96369493007659923 -0.053588772192597382 -0.031605016440153115
decision_type=2 2 2 8 2 2 8 2 2 2 2 2 2 2 2 2 2 10 2 2 2 2 2 2 2 8 2 2 2 2
left_child=1 8 3 -2 6 -6 7 -5 26 10 12 -7 -10 18 23 19 -16 -18 -3 22 21 -21 -8 -15 -25 -26 27 -1 29 -28
right_child=2 13 -4 4 5 11 15 -9 9 -11 -12 -13 -14 14 16 -17 17 -19 -20 20 -22 -23 -24 24 25 -27 28 -29 -30 -31
leaf_value=0.09847127755369077 -0.011972028605926688 0.082337137966550511 0.06606041881762216 0.11329430437073279 0.068927660957288334 -0.12210206561870705 0.055175376291363848 -0.059122132970188424 0.10236216835277784 0.073872970089124385 0.079982044705533439 0.029037330952402508 0.032133237288774479 0.080366974582043588 0.10794467333411704 0.076655497369475648 0.064130737241152355 -0.048066990529261618 0.096235901758763939 0.060217273395957109 0.11182639043486359 -0.051617139387523853 0.10531514123027688 -0.09395963671075136 -0.017271776897028926 0.068732295043910735 -0.14023392663642706 0.070288277491634785 0.086702035944510869 0.049498721215366304
leaf_weight=969.47596546063289 6.781361203598407 965.00752535342349 544.00770363203674 70.957048110694473 191.34566363176054 2.0657020724997901 19.057411719934635 3.5534245945518697 246.03554497024027 257.2448391176236 203.18782681949557 13.816581410548675 8.4491786978824148 383.22244578188736 4.72499217845166 836.14040906254013 6.9236599008560216 7.7847320538345457 246.23632280032598 18.315123829996313 12.171673858416851 4.6936524567241795 136.01690415109204 2.5025913730169114 6.114247106122888 71.052408595579209 1.223005092786482 55.111575218596613 186.00856535607704 15.732123812796088
leaf_count=41002 12610 50930 37563 8221 10909 213 3327 1559 9912 13914 10691 892 600 22051 386 24551 1125 842 13403 1214 681 585 12989 263 1608 2733 261 2346 12378 1230
internal_value=0 0.0868689 0.0746216 0.0781635 0.0786308 0.0643638 0.0813163 0.105072 0.0910104 0.0849204 0.0911298 0.00937964 0.10003 0.0821188 0.074475 0.0795918 0.0298388 0.00474768 0.0851626 0.0924963 0.0631524 0.0374037 0.0991534 0.0763489 0.0570214 0.0619178 0.0945572 0.0969553 0.0824509 0.035813
internal_weight=0 3636.04 1858.92 1314.91 1308.13 207.228 1100.91 74.5105 1942.47 714.917 457.673 15.8823 254.485 1693.57 482.325 1026.4 19.4334 14.7084 1211.24 190.255 35.1805 23.0088 155.074 462.892 79.6692 77.1667 1227.55 1024.59 202.964 16.9551
internal_count=300989 185675 115314 77751 65141 12014 53127 9780 92334 35117 21203 1105 10512 93341 29008 43347 2353 1967 64333 18796 2480 1799 16316 26655 4604 4341 57217 43348 13869 1491
is_linear=0
shrinkage=0.1


Tree=162
num_leaves=31
num_cat=0
split_feature=93 88 63 191 163 217 140 12 111 4 103 124 181 197 100 175 179 76 223 11 146 124 145 204 64 63 205 4 109 138
split_gain=16.1929 8.68549 4.712 4.39696 4.3801 4.14422 4.14028 4.58815 5.28175 5.97755 3.76242 3.61132 5.30797 4.63012 4.33587 3.708 3.6449 4.2002 3.60374 4.43788 4.418 3.6917 3.56118 3.92215 3.56694 3.55503 4.55407 3.51378 3.47901 3.47115
threshold=0.26758758723735815 0.75386101007461559 0.33389289677143102 -0.17485604435205457 -0.25117388367652888 0.096564970910549178 -0.0067259536590427152 236.50000000000003 -0.037194693461060517 0.14174107462167743 0.11756138876080514 0.050189616158604629 0.058900015428662307 0.121752567589283 0.094378523528575911 0.065255325287580504 0.29804916679859167 0.35634921491146093 -0.04706954397261142 0.054857686161994941 -0.012588092125952242 0.036207593977451331 -0.043592564761638634 -0.090910736471414552 3.5000000000000004 0.051314987242221839 -0.15878608077764508 0.03809869475662709 0.032234460115432746 -0.010750274639576672
decision_type=2 2 2 2 2 2 2 10 2 10 2 2 2 2 2 2 2 2 2 8 2 2 2 2 2 2 2 10 2 2
left_child=1 2 4 -4 10 -3 7 8 -5 -10 18 14 13 15 16 -13 -6 -18 21 22 -21 -1 23 -20 -25 26 -16 -27 -2 -7
right_child=28 5 3 6 11 29 -8 -9 9 -11 -12 12 -14 -15 25 -17 17 -19 19 20 -22 -23 -24 24 -26 27 -28 -29 -30 -31
leaf_value=0.082933193570267183 0.072274228888446007 0.079234849922667078 0.10938367364698545 0.081919888425696738 0.090943363076322725 0.07943893119132539 0.07934023709481193 0.075072320069293819 -0.024885339871238921 0.081685040394185615 0.075064072114359878 0.094969637922748693 -0.013981531477140674 -0.011885413889470384 -0.027766287056508888 -0.0024486310532755586 0.12705024454368968 0.69722049529359209 -0.083275419193265199 0.084154753434055263 0.10433667979909295 0.055501703749727085 0.086525626331569669 0.0045387894962046595 0.10093844993546873 0.017951119018072628 0.11988019720328869 0.096701529604790809 0.055522520837815253 0.042745344995259005
leaf_weight=393.28664123305668 452.55387364305432 1091.293313490803 34.971983671457906 12.55149921486486 962.48576112299486 45.092772396497139 212.22849346489829 44.760453764747581 19.827510733067019 7.1652027858133343 292.62429089053603 54.053612603452621 6.6450144227142109 5.0502814423175542 2.1243254785149466 4.2115643524039106 24.261867300677299 0.12989131898166206 2.2111616704364705 163.79110254299053 321.13118596259824 56.052137501605898 865.95794988796717 6.7911411138348958 8.8278461627314737 6.8205362253477224 125.88647444139053 33.469063135514034 170.75359879384735 60.196182479195386
leaf_count=12025 30601 64057 1019 859 80816 2265 11896 1206 3087 581 9911 5938 1368 883 310 624 4711 82 151 3875 6554 1926 27384 517 309 1906 8316 1491 11886 4690
internal_value=0 0.0848048 0.0872186 0.075848 0.0883486 0.0774069 0.0718929 0.0531449 0.0283251 0.00340372 0.0855878 0.0931047 0.0710431 0.0799665 0.0944409 0.087928 0.0919108 0.130087 0.0872817 0.0898326 0.0975199 0.0795113 0.0856148 0.041377 0.0590238 0.109276 0.11743 0.08337 0.0676851 0.0584603
internal_weight=0 4863.9 3667.32 331.505 3335.81 1196.58 296.533 84.3047 39.5442 26.9927 2110.67 1225.14 69.9605 63.3155 1155.18 58.2652 986.878 24.3918 1818.05 1368.71 484.922 449.339 883.788 17.8301 15.619 168.3 128.011 40.2896 623.307 105.289
internal_count=301244 258757 187745 18648 169097 71012 17629 5733 4527 3668 62652 106445 8813 7445 97632 6562 85609 4793 52741 38790 10429 13951 28361 977 826 12023 8626 3397 42487 6955
is_linear=0
shrinkage=0.1


Tree=163
num_leaves=31
num_cat=0
split_feature=86 86 86 93 170 66 157 5 135 163 172 63 11 112 205 170 101 105 85 111 67 194 185 93 144 141 220 81 63 189
split_gain=29.0162 7.12116 5.42412 4.39411 3.2579 3.84407 4.17883 3.86941 3.72374 4.46369 3.96772 3.71474 3.90389 6.14097 3.47075 3.42189 3.3972 4.0788 3.24418 5.12512 3.86943 3.20861 3.22058 3.83581 3.6658 4.15739 3.27165 3.22315 3.20729 3.12389
threshold=-0.93589836359024037 -1.1543014049530027 -0.6793040633201598 0.36510318517684942 0.45153723657131201 3.1320537328720097 0.55445238947868358 0.18286311626434329 0.024188826791942123 0.16595286875963214 0.03081566654145718 -0.099470146000385271 0.084039550274610533 -0.022511337883770462 -0.047975011169910424 0.53156024217605602 -0.12474972754716872 -0.05059771612286567 116.50000000000001 0.03016650024801493 1.9294327497482302 0.091787129640579238 -0.0079743983224034292 -0.21969643980264661 -0.032516285777091973 -0.0018593629938550291 -0.049961589276790612 0.013423423748463394 -0.032122975215315812 0.17118614166975024
decision_type=2 2 2 2 2 2 2 10 2 2 2 2 8 2 2 2 2 2 2 2 2 2 2 2 2 2 2 2 2 2
left_child=1 -1 -2 18 -4 6 14 8 -8 10 -10 -7 21 -14 15 28 17 -16 -3 20 -20 22 23 -13 -25 27 -27 -26 -6 -21
right_child=2 3 4 -5 5 11 7 -9 9 -11 -12 12 13 -15 16 -17 -18 -19 19 29 -22 -23 -24 24 25 26 -28 -29 -30 -31
leaf_value=0.059213845340710093 0.084439178486905769 0.076049241513868326 0.10811646661629132 0.058834428170238588 -0.011220529577325479 0.1030648153323953 0.093527223130272771 0.0034755154332981133 0.080428152293261626 -0.089093806482792887 -0.013382274855797863 -0.049939085217780996 -0.03322627307559705 0.077906045540837188 0.1451657640167151 0.12677624506013549 0.082872307185865218 -0.032131976920783283 0.093413633410993346 0.15172710429040076 -0.065820097107978856 0.12102129146817929 0.097501448633070267 -0.11961981356668301 -0.028606711592584377 -0.023570718865043416 0.11843078180420352 0.068238331636441052 0.076146220314130403 0.40143274780684862
leaf_weight=372.36818002463406 2532.9876024776563 1230.5473063846002 122.14532378818126 154.14889904955021 13.200844234065247 342.52234103800117 399.07490053705078 5.1844232403673223 40.940014184492611 1.8315169103479991 5.0665301949920822 2.9044515488651532 6.7365441102779213 18.985944641022797 1.7090527866955652 3.2984657953704746 76.608587880424466 5.3890659778671752 9.1882299121206206 10.273100101345104 1.8300310847163235 28.582490332168391 60.205556956160763 0.99654226077700414 5.1330094395484549 1.7850554431715888 17.815174958030756 10.398238940081454 6.1639181963789733 0.52668682138846712
leaf_count=29433 131398 75808 5499 11188 1897 16987 4748 389 406 182 89 426 690 1365 172 1157 8534 1195 618 715 335 1370 3068 202 531 280 801 798 796 60
internal_value=0 0.0715105 0.0870454 0.074766 0.0926557 0.0908649 0.0851746 0.0893704 0.0903669 0.0640024 0.0700972 0.097271 0.0843462 0.0488013 0.0673411 0.0326258 0.0767401 0.010557 0.076727 0.11495 0.0669664 0.0914992 0.0829963 0.0606228 0.0695112 0.0748762 0.105498 0.0362315 0.0165888 0.163905
internal_weight=0 1778.88 3709.67 1406.51 1176.68 1054.53 558.467 452.097 446.913 47.8381 46.0065 496.065 153.543 25.7225 106.37 22.6632 83.7067 7.09812 1252.37 21.818 11.0183 127.821 99.238 39.0325 36.128 35.1315 19.6002 15.5312 19.3648 10.7998
internal_count=301137 118157 182980 88724 51582 46083 19565 5814 5425 677 495 26518 9531 2055 13751 3850 9901 1367 77536 1728 953 7476 6106 3038 2612 2410 1081 1329 2693 775
is_linear=0
shrinkage=0.1


Tree=164
num_leaves=31
num_cat=0
split_feature=93 88 157 170 81 193 182 10 164 157 181 193 7 102 149 185 199 178 118 134 227 128 177 88 126 186 82 3 197 217
split_gain=14.5934 9.55432 4.34308 4.2278 4.23375 5.53671 4.33886 4.17141 3.87545 3.93267 6.08831 5.45605 7.77167 4.65646 4.14699 4.80979 3.73575 4.005 4.00872 3.59448 3.55877 5.59829 4.34413 3.82626 3.72532 3.53642 3.5075 3.48476 3.5653 3.5739
threshold=0.26758758723735815 0.70084205269813549 0.33250422775745397 0.44120077788829809 0.31888471543788915 0.011764826253056528 -0.033262830227613442 603.50000000000011 2.3502402305603032 0.51077222824096691 0.03081103973090649 -0.089361619204282747 0.091372914612293257 -0.0046552633866667739 -0.0085335760377347452 0.078811459243297591 0.18171024322509768 0.053131610155105598 0.028494480997323993 0.0053730052895843991 -0.02018090337514877 0.018408630043268207 -0.1327453479170799 0.6244056522846223 -0.016034409403800961 -0.0089019462466239912 0.017700501717627052 0.3647450208663941 -0.14950198680162427 0.089504763484001174
decision_type=2 2 2 2 2 2 2 10 2 2 2 2 8 2 2 2 2 2 2 2 2 2 2 2 2 2 2 10 2 2
left_child=1 8 -3 -4 -5 6 7 -6 20 10 11 13 -13 -10 -12 -16 17 27 -19 -8 -1 -22 24 -24 26 -15 -23 28 -14 -30
right_child=-2 2 3 4 5 -7 19 -9 9 -11 14 12 16 25 15 -17 -18 18 -20 -21 21 22 23 -25 -26 -27 -28 -29 29 -31
leaf_value=0.10860614855428558 0.06862336678250433 -0.04052507153796378 0.09304469708816282 0.080487283672161028 -0.014045549419660739 0.0841587143509126 0.083034445402372259 0.05761398172805237 0.13557776662042847 0.089610435255601889 0.015590092273309791 0.003554265863783811 -0.013281761034332979 0.027046545811118317 0.082706994415232771 0.003283196579980479 -0.015194690623916617 0.079048580253815295 0.01005369749707234 -0.0085021017901266028 0.10004765031903065 0.089184115766330105 0.10068869454849035 0.052471747508618376 -0.059489494717071267 0.11413313166935844 -0.16237031787803646 -0.086487405181745552 0.10024396767852428 0.018292415120135415
leaf_weight=184.08540308604148 618.41332701590636 2.9523786994818684 255.05168146720825 2169.5239823161546 19.269260355457845 56.409006792462151 26.156327314644845 14.043791932810562 33.859822266690685 1587.616830335839 21.962610400518884 13.374509979467403 3.0119132271086633 8.7528748691946721 40.46828695658121 9.3948438632314701 3.8204014109639948 25.269088535109574 12.630343588052936 5.1315138717936852 178.24790511053044 5.0426185977657951 33.629393715114475 32.23197110437377 4.615755898919927 9.9792618947135434 0.62273768098748394 1.0749174268871673 125.27854597629397 5.5574899144617111
leaf_count=7631 42488 3476 11012 120040 1699 4094 2523 350 3372 40570 4983 9013 872 1759 6771 2411 829 4541 2427 878 8287 230 1243 2449 399 1877 59 766 12657 1503
internal_value=0 0.0849277 0.0806912 0.0808318 0.0794719 0.0612679 0.0412799 0.016164 0.0895406 0.0875868 0.0773694 0.0849407 0.0770512 0.113446 0.0517956 0.0677425 0.0826161 0.0847783 0.0560554 0.0680216 0.0980156 0.090352 0.0676546 0.0770917 0.00719945 0.0734406 0.0615332 0.0928464 0.0942867 0.0967629
internal_weight=0 4889.07 2548.54 2545.59 2290.53 121.01 64.6009 33.3131 2340.53 1902.05 314.435 242.609 190.017 52.592 71.8257 49.8631 176.643 172.822 37.8994 31.2878 438.476 254.39 76.1425 65.8614 10.2811 18.7321 5.66536 134.923 133.848 130.836
internal_count=301209 258721 144072 140596 129584 9544 5450 2049 114649 94351 53781 39616 32608 7008 14165 9182 23595 22766 6968 3401 20298 12667 4380 3692 688 3636 289 15798 15032 14160
is_linear=0
shrinkage=0.1


Tree=165
num_leaves=31
num_cat=0
split_feature=86 86 86 130 216 225 94 66 93 173 0 101 213 129 93 216 45 16 115 193 157 102 4 5 228 218 216 170 131 140
split_gain=21.9704 7.57605 5.45837 3.82645 4.14844 4.34602 3.71725 3.94165 3.30233 3.35044 3.51163 4.00842 3.33469 3.27139 4.44001 4.24369 4.57981 4.38256 4.1421 5.01496 4.23636 4.69054 4.43766 4.29039 4.01113 3.7442 5.49262 3.99452 5.07648 4.07103
threshold=-0.94727969169616688 -1.1852712035179136 -0.6793040633201598 0.027691006660461429 0.0077717334497720012 0.11991277337074281 -0.093650426715612398 0.51351499557495128 0.36510318517684942 -0.19139865785837171 0.20550528168678286 -0.062875900417566286 -0.0548168197274208 -0.00089914962882176031 -0.085487324744462953 -0.030983553268015381 1.0000000180025095e-35 1.0000000180025095e-35 0.02845112327486277 -0.14679709076881406 0.51077222824096691 0.15107479691505435 0.22401433438062671 0.063324980437755599 -0.049406502395868294 -0.035911094397306435 0.095697410404682173 0.60061484575271618 -0.033341642469167702 -0.036334166303277009
decision_type=2 2 2 2 2 2 2 2 2 2 10 2 2 2 2 2 2 2 2 2 2 2 10 8 2 2 2 2 2 2
left_child=1 -1 13 -4 5 -5 -6 -8 -3 -10 11 -11 -13 14 15 -2 -17 -18 20 -20 21 -15 23 -22 -16 -25 27 29 -29 -27
right_child=2 8 3 4 6 -7 7 -9 9 10 -12 12 -14 18 24 16 17 -19 19 -21 22 -23 -24 25 -26 26 -28 28 -30 -31
leaf_value=0.059325656890303037 0.10982851413016337 0.078404324189868244 0.094406007833888625 0.093867809330124466 -0.055068523289681787 -0.099907924315485369 -0.070377105962823899 0.066548418179112917 0.12882613319980993 -0.011559352818610095 0.071876115400192078 -0.012509669227963888 0.064000770216423794 0.058278489728526166 0.072731364209506419 0.091933550375614168 -0.10229418191345011 0.056205127822785694 -0.0086079366269128637 0.096168125081149358 0.094016990564853686 0.15660477931884492 -0.00066983240549351494 0.087968388497233971 0.087379029784474191 -0.0021103743667076759 0.021087922509973336 0.072455109354553515 -0.081892560561701619 0.077154055637851049
leaf_weight=309.27832981909205 150.84717786660838 1243.4150750505451 1083.9073386174734 52.426039542211583 3.373489281504134 1.1835563675476795 2.281125909708865 26.828903118335575 7.5510118737865914 11.469769345351322 104.49931447162385 6.5549944677504746 43.499858603206803 138.25563218008267 235.73365831848957 237.36127355072858 2.0324084997109795 12.315171084113786 4.6815831405801864 188.58153235409804 193.78153492969022 5.0280263980799864 6.6741397759365091 190.99253326465896 903.43309987906503 6.6149373659136463 21.078298554171852 5.0213956815714482 3.7018057636305439 316.68372664487379
leaf_count=24513 6780 75773 46609 2486 250 134 214 1792 808 1447 5202 1290 4023 26186 14155 12243 263 824 703 8550 7703 666 1070 3395 45400 285 938 119 300 6648
internal_value=0 0.0735056 0.0871144 0.0927943 0.0725027 0.0895898 0.0443027 0.0558186 0.0766006 0.0636798 0.0607168 0.0417628 0.0539813 0.0845806 0.087538 0.0965656 0.0886172 0.0337529 0.0803632 0.09363 0.0774752 0.0617289 0.0805055 0.0812397 0.0843479 0.0766891 0.070588 0.0737305 0.00695564 0.0755322
internal_weight=0 1726.27 3792.82 1170 86.0931 53.6096 32.4835 29.11 1416.99 173.575 166.024 61.5246 50.0549 2622.82 1541.72 402.556 251.709 14.3476 1081.1 193.263 887.832 143.284 744.548 737.874 1139.17 544.093 353.1 332.022 8.7232 323.299
internal_count=300769 113056 187713 51485 4876 2620 2256 2006 88543 12770 11962 6760 5313 136228 79665 20110 13330 1087 56563 9253 47310 26852 20458 19388 59555 11685 8290 7352 419 6933
is_linear=0
shrinkage=0.1


Tree=166
num_leaves=31
num_cat=0
split_feature=93 103 93 220 225 88 124 164 219 132 1 55 178 188 120 189 115 213 110 142 104 170 218 0 233 153 3 154 144 177
split_gain=18.7758 8.66774 5.14999 4.88596 4.46478 4.44924 4.33684 4.24964 3.98373 3.98016 3.95111 3.86361 3.67639 3.77649 5.50886 3.58902 3.85863 3.53954 3.43846 3.43211 5.09988 4.85738 4.41502 4.18423 3.93596 5.74856 3.69417 3.44799 3.42299 3.38906
threshold=0.28457662463188177 0.13684689253568652 0.068085435777902617 0.02987010404467583 0.16547495871782306 0.69874244928359996 -0.03243430703878402 4.6298508644104013 -0.054806312546133988 -0.03879051283001899 0.0050808819942176351 1.0000000180025095e-35 -0.054748944938182824 -0.16969846934080121 -0.038331801071763032 -0.1164017654955387 0.078888848423957839 -0.15375690907239911 0.10634744912385942 -0.017767211422324177 -0.032602559775114053 0.56566891074180614 0.05228551663458348 0.14222503453493121 -0.031644064933061593 0.0079574640840291994 0.086335405707359328 0.017260360531508926 0.0032519787782803182 -0.11058761551976203
decision_type=2 2 2 2 2 2 2 2 2 2 10 2 2 2 2 2 2 2 2 2 2 2 2 10 2 2 10 2 2 2
left_child=1 2 5 4 9 15 7 -5 -7 29 11 -4 18 14 -14 16 -1 -11 -10 21 22 26 23 27 -23 -26 -12 -21 -16 -2
right_child=3 -3 10 6 -6 8 -8 -9 12 17 19 -13 13 -15 28 -17 -18 -19 -20 20 -22 24 -24 -25 25 -27 -28 -29 -30 -31
leaf_value=0.10461814374150609 -0.019685140048435228 0.071310204885381576 0.087527489189808641 -0.037596737924090518 -0.10880907954679871 0.093119186291411984 0.058547546224120429 0.040409547907062748 0.092633963515720577 0.14861176816885166 -0.014093757140022367 -0.031585533645605617 -0.087017653537309655 0.07925649707646748 0.072416281314257883 0.089527158232177079 -0.013517310859728219 0.067120769822770002 -0.013071247219446788 -0.071598868834862495 0.079440902453314671 0.093284755527332286 0.082014435769324892 0.054414179858041936 0.060563281986496367 -0.081329480224322945 0.092701767632758642 0.067296039530937476 -0.0079689352231924679 0.11616772958538053
leaf_weight=220.27351175706838 1.9702202080752638 464.83130090774648 534.3136060634439 9.7611405144280052 1.3810922160037069 352.2468997697199 119.60346413943671 24.545227618108129 257.68762819441463 5.4134510632391075 3.2932314589930902 2.7371226217333051 2.8307913364274091 837.87881162139001 29.324372939350269 1477.4286417548808 2.8000056797699235 345.74462697925992 3.1145061765714663 4.9138683568829711 323.52352143386054 7.9662509334011729 63.146254842559529 148.72999781119802 6.9544398015132156 4.8439406011002575 196.68309838998925 2.8089607784354484 6.4651762564658375 27.013935515514504
leaf_count=11908 305 31123 45832 2041 484 17840 9812 723 14197 364 701 648 759 43526 1957 66483 368 22612 433 797 12107 217 2192 5426 369 399 5237 312 1000 1188
internal_value=0 0.0843093 0.0856551 0.0645974 0.0706647 0.087817 0.0495574 0.0182145 0.0838267 0.0713168 0.0803496 0.0869204 0.0809486 0.0778473 0.0472733 0.0913123 0.103135 0.068377 0.0913716 0.0757238 0.0714574 0.0862689 0.0596957 0.0506876 0.0389766 0.00230782 0.090943 -0.0210798 0.0578952 0.106933
internal_weight=0 4954.8 4489.96 535.433 381.523 3190.05 153.91 34.3064 1489.55 380.142 1299.91 537.051 1137.3 876.499 38.6203 1700.5 223.074 351.158 260.802 762.864 543.123 219.741 219.599 156.453 19.7646 11.7984 199.976 7.72283 35.7895 28.9842
internal_count=301360 263831 232708 37529 24953 158471 12576 2764 79712 24469 74237 46480 61872 47242 3716 78759 12276 22976 14630 27757 20834 6923 8727 6535 985 768 5938 1109 2957 1493
is_linear=0
shrinkage=0.1


Tree=167
num_leaves=31
num_cat=0
split_feature=86 86 86 113 191 177 197 119 227 149 219 99 205 217 45 133 132 157 213 219 95 211 130 136 232 198 3 77 146 172
split_gain=28.5525 9.12996 6.85213 3.96957 4.3121 6.17775 3.66179 3.86658 4.13311 6.37666 4.56103 4.2775 3.62461 3.86421 3.24049 3.22995 3.22095 3.11166 3.0794 3.07161 3.21513 3.13987 3.74781 3.29205 4.304 3.06876 3.93489 3.64438 3.31854 4.37984
threshold=-1.0132718086242674 -0.76415729522705067 -1.1852712035179136 0.073715258389711394 0.067279260605573668 0.0063138676341623077 0.0078959069214761275 0.020024323835968975 0.0055170361883938321 0.011736781802028419 0.070655196905136122 0.01565687078982592 -0.085212536156177507 -0.065498281270265565 1.0000000180025095e-35 -0.037287084385752671 -0.014032116625458 0.41595722734928137 0.042374281212687499 0.16503237932920459 -0.12829299271106717 -0.11696263030171393 0.046341974288225181 0.019250235520303253 0.10411761701107027 0.14754728227853778 0.43428571522235876 0.15202876180410388 -0.015793192200362679 -0.20772697031497953
decision_type=2 2 2 2 2 2 2 2 2 2 2 2 2 2 2 2 2 2 2 2 2 2 2 2 2 2 10 2 2 2
left_child=2 6 16 19 5 -5 7 12 9 10 -9 14 -2 -14 -12 -11 -1 -4 25 20 -3 22 23 -22 -25 28 -27 -28 29 -15
right_child=1 3 17 4 -6 -7 -8 8 -10 15 11 -13 13 18 -16 -17 -18 -19 -20 -21 21 -23 -24 24 -26 26 27 -29 -30 -31
leaf_value=0.074754307249104063 0.094286935137633546 0.10702601131742406 0.032693313189602134 0.074194756796828729 0.090583035161538039 -0.0062250129986248471 0.086035985156534919 0.076466971751936105 0.081887608543496637 -0.030146111003276771 0.062202110196712762 -0.044079116234536073 0.092633896664941942 0.10150313767187372 -0.17776781963100796 0.040027046791235109 0.050338683478139218 0.074184196900230759 0.087810022178280281 0.12097706683921705 0.088135244441901697 0.091983670261121267 -0.086728052583373738 0.059113206030423165 -0.093988286857712641 0.10701139102879605 -0.087504152818356898 0.64528793607758972 0.073301550436431051 0.040705113417975169
leaf_weight=69.879490498669952 190.69004510708362 132.2372593356672 18.476952729853565 30.342393648053758 56.32270434869497 13.941070173508022 1272.9958326817618 145.80499749519595 165.84845456596861 7.899352539856408 16.601229935569116 5.9879083118801182 147.48679183764273 14.151464295653907 0.58246899082382597 38.663977201440844 238.24652435176176 831.60541660560318 121.18928219132448 37.452663301483881 73.650547080604611 1509.7059129990901 1.426351145139505 30.391924243642961 1.9542422716804129 13.406401875445393 0.092750125836347119 0.25297765046525456 247.76576675403152 72.824638956275805
leaf_count=4683 8102 5488 13229 2219 1688 1459 64129 8677 13121 834 1021 725 6632 414 72 3660 19873 40962 8302 1012 2880 69313 140 1227 106 1470 88 24 14575 5283
internal_value=0 0.0863198 0.0686516 0.0915527 0.0722256 0.0488775 0.0823086 0.0783187 0.07002 0.0608884 0.0699174 0.0287052 0.0822365 0.0785133 0.0540679 0.0281223 0.0558759 0.0732824 0.0740792 0.0926409 0.0920342 0.0908083 0.0742894 0.0764561 0.0498633 0.0693043 0.115601 0.448698 0.0674023 0.0505973
internal_weight=0 4349.67 1158.21 1887.43 100.606 44.2835 2462.24 1189.25 381.388 215.54 168.977 23.1716 807.86 617.17 17.1837 46.5633 308.126 850.082 469.683 1786.82 1749.37 1617.13 107.423 105.997 32.3462 348.494 13.7521 0.345728 334.742 86.9761
internal_count=301408 222661 78747 85532 5366 3678 137129 73000 28110 14989 10495 1818 44890 36788 1093 4494 24556 54191 30156 80166 79154 73666 4353 4213 1333 21854 1582 112 20272 5697
is_linear=0
shrinkage=0.1


Tree=168
num_leaves=31
num_cat=1
split_feature=86 86 86 88 163 129 145 173 165 110 100 88 197 88 196 230 201 148 73 208 11 136 5 117 11 219 0 186 123 235
split_gain=28.304 7.94236 3.98955 4.65826 4.11633 3.92 3.75096 4.23623 3.45044 4.34697 4.04042 3.55922 3.74457 3.53361 4.06103 3.55895 4.27433 5.96666 3.96416 4.41604 3.34489 3.32531 3.33854 4.4374 4.36158 4.33506 3.31766 3.24577 3.18307 3.48969
threshold=-1.0724866986274717 -0.83693176507949818 -1.1852712035179136 0.73498621582984935 -0.70752060413360585 0.0030307861743494873 -0.053347242996096604 0.42309133708477026 79.000000000000014 -0.047861982136964791 -0.11791351065039633 0.68711909651756298 0.010586319956928493 0.70700979232788097 0.19150047004222873 0.062566453590989127 0.14186692982912066 -0.0047119667287915936 0.18245838582515719 -0.070323191583156572 0.16111111640930179 -0.025871706195175644 0.094044812023639693 0.062822327017784133 0.016658554784953598 -0.030518348328769204 0.29459981620311743 -0.18062106519937512 -1.0000000180025095e-35 0
decision_type=2 2 2 2 2 2 2 2 2 2 2 2 2 2 2 2 2 2 2 2 10 2 10 2 8 2 8 2 2 1
left_child=2 20 3 4 -1 8 -4 -8 9 10 -3 12 -12 15 -15 -10 18 -18 -17 -20 21 22 23 -2 -25 -26 -14 -11 29 -7
right_child=1 5 6 -5 -6 28 7 -9 13 27 11 -13 26 14 -16 16 17 -19 19 -21 -22 -23 -24 24 25 -27 -28 -29 -30 -31
leaf_value=0.043525154841071972 0.091431537789654446 -0.047198322524497238 0.13849619746982256 0.059102247341632441 -0.040828691572646264 0.057420009557937371 0.06971354831817958 -0.081948252056010751 0.10238057058216632 0.051240616078134654 0.093476269294090503 0.033387386631418624 0.071123701661698374 0.086216661121639795 -0.011225233554700799 0.08227168417073398 0.073378607529956605 -0.13189635634187566 0.50835322585772003 0.14797360188318673 0.35962188195110695 0.079153518636791112 0.10991988231270172 -0.11743877969338834 -0.030323200105945743 0.084463409663022834 0.0025601898092830495 0.091323565580034613 0.08984054314227824 0.081602408738745719
leaf_weight=16.869961130778396 86.868648580839761 2.8506333413974962 7.9232811273632811 280.36581788645242 8.8039682909543426 68.223939064056367 416.49974272435435 1.8499155684380628 581.64026576056392 20.798679866696489 72.471782375021235 19.227227046960707 30.513345097586125 184.61012067449155 4.378494429653073 86.260174459122709 4.046411725044436 2.1782299831465926 0.3682372387917211 4.4383254141582702 0.42912969894223252 1856.8194206659036 72.831111524677226 1.6613058297256795 4.5544877743182086 11.851741793867287 9.1808369327655992 704.41133887831586 464.59445631210815 476.19478551905513
leaf_count=565 5564 295 393 22118 1988 4933 29086 281 24499 1673 3528 1218 1838 8733 456 3418 118 99 52 230 807 106577 3415 491 335 572 689 33814 21772 21743
internal_value=0 0.0851943 0.0640798 0.0553688 0.014599 0.0887127 0.0703339 0.0690429 0.0916055 0.0871142 0.0705844 0.0731398 0.079954 0.096053 0.0839591 0.0994194 0.0817168 0.00154538 0.0871967 0.175583 0.0804633 0.0804044 0.0934702 0.0820533 0.036963 0.0525978 0.0552657 0.090174 0.0837605 0.078572
internal_weight=0 4771.4 732.313 306.04 25.6739 2736.39 426.273 418.35 1727.37 859.454 134.244 131.393 112.166 867.92 188.989 678.932 97.2914 6.22464 91.0667 4.80656 2035.02 2034.59 177.767 104.936 18.0675 16.4062 39.6942 725.21 1009.01 544.419
internal_count=301300 246869 54431 24671 2553 129108 29760 29367 80660 43055 7568 7273 6055 37605 9189 28416 3917 217 3700 282 117761 116954 10377 6962 1398 907 2527 35487 48448 26676
cat_boundaries=0 1
cat_threshold=4
is_linear=0
shrinkage=0.1


Tree=169
num_leaves=31
num_cat=0
split_feature=86 86 86 68 93 231 187 153 192 99 145 171 103 192 3 118 5 200 139 218 147 207 85 170 74 68 207 188 150 150
split_gain=30.2058 14.3627 5.81886 5.06188 3.44291 3.05945 3.86344 3.40425 4.35317 5.14383 3.33185 3.12549 3.03873 4.4538 3.47237 5.2004 3.68355 5.3969 3.55601 3.22295 3.19995 3.62564 3.02823 3.69582 3.49502 4.19843 3.35034 3.34003 4.02008 3.4607
threshold=-1.1543014049530027 -0.6793040633201598 -0.95728516578674305 41.406044006347663 0.36510318517684942 -0.038309611380100243 -0.21620426326990125 0.010563072282820942 0.15750596672296527 -0.012170779053121803 0.0043574660085141667 0.52714467048645031 0.07279695570468904 0.2165917903184891 0.30094340443611151 -0.0097074047662317735 0.10042016953229906 -0.1425097659230232 -0.013883432373404501 -0.010007234290242193 -0.015803001821041104 -0.046857209876179688 56.500000000000007 0.61212351918220531 0.27543103694915777 41.392286300659187 0.056645944714546211 0.17099542915821078 -0.030677190050482746 -0.029260453768074509
decision_type=2 2 2 2 2 2 2 2 2 2 2 2 2 2 10 2 8 2 2 2 2 2 2 2 2 2 2 2 2 2
left_child=3 2 4 -1 5 7 -7 10 9 -9 -2 -11 -3 14 16 -16 17 18 -14 -18 21 -19 -4 24 -24 26 27 29 -29 -26
right_child=1 12 22 -5 -6 6 -8 8 -10 11 -12 -13 13 -15 15 -17 19 20 -20 -21 -22 -23 23 -25 25 -27 -28 28 -30 -31
leaf_value=0.056260246566484498 0.10164606644720185 0.096326657222754936 0.088249464192432847 -0.032505664929488559 0.061187419283346214 -0.054340574790781887 0.074971282240507489 0.0048089237504152643 0.11381711570017616 0.076315117037689784 0.073968889544232502 -0.044627396815291605 -0.11571890300693283 -0.061060000314410438 0.11211060094829642 -0.068034086527425694 0.04658644720825373 -0.00047712309002660822 0.064068250912735575 0.087076023023522631 0.11239709994009295 0.094207357856871621 0.083702278831330745 0.027805163843459765 0.024085867513089578 0.11552099741691893 0.038954395994806518 0.14383312952823277 -0.039597551197531583 0.07971288790467608
leaf_weight=357.21868544787662 147.99934955328632 998.18489685092345 1096.1421085187794 6.5418556892720963 140.0205569839643 2.3170565323325709 811.11949621777387 13.647101323934463 19.131602952407775 63.70966690489854 61.598234944223918 2.2109326497625252 1.8191494556240284 2.1299426969521837 2.8944090904217319 3.5901849661597671 32.881369856959736 5.5909426174475838 2.7833990039189294 48.889454762063224 82.773515601943018 14.617768025404756 1373.4231878555117 12.752003844017734 12.177923573028236 18.434061395952142 37.997171091836208 1.5562047767125475 5.1445700373137688 137.01173385949318
leaf_count=27245 6522 42555 53975 2252 10284 789 50594 1816 580 4847 3323 311 107 273 198 757 1450 232 160 2174 3337 537 72957 1319 789 1063 2998 32 440 7314
internal_value=0 0.08448 0.081577 0.0546639 0.0759725 0.0778181 0.0746029 0.0863012 0.0709881 0.0606901 0.0935121 0.0722588 0.094082 0.0827643 0.0843285 0.0123738 0.0867927 0.0989522 -0.00699232 0.0707945 0.103687 0.0680119 0.0842012 0.0814252 0.0818564 0.0699162 0.0655802 0.0720701 0.00300285 0.0751722
internal_weight=0 5152.55 3956.39 363.761 1261.75 1121.73 813.437 308.297 98.6993 79.5677 209.598 65.9206 1196.16 197.97 195.84 6.48459 189.356 107.585 4.60255 81.7708 102.982 20.2087 2694.64 1598.5 1585.74 212.322 193.888 155.89 6.70077 149.19
internal_count=301230 271733 219953 29497 79066 68782 51383 17399 7554 6974 9845 5158 51780 9225 8952 955 7997 4373 267 3624 4106 769 140887 86912 85593 12636 11573 8575 472 8103
is_linear=0
shrinkage=0.1


Tree=170
num_leaves=31
num_cat=0
split_feature=93 88 63 191 97 164 104 190 108 171 133 126 171 157 139 147 74 180 115 165 123 183 149 227 106 17 142 177 99 182
split_gain=12.9648 9.32 6.68123 5.59379 6.04792 5.23922 5.11854 4.89822 4.66595 4.64489 7.42305 6.3921 4.43742 4.63095 5.18575 4.19569 3.90946 3.84354 4.85972 4.11344 5.36701 3.75302 4.45802 4.39185 4.95461 4.15374 3.96407 3.59291 3.61206 4.4553
threshold=0.18131834268569949 0.7782278060913087 0.33389289677143102 0.056711571291089065 0.039923584088683135 4.0689902305603036 -0.062389565631747239 0.067053757607936873 0.030888503417372707 -0.24797575175762174 0.044807042926549918 -0.05671421438455581 0.12378063052892686 0.56416428089141857 -0.028709867037832733 0.044265367090702064 0.1912404075264931 1.0000000180025095e-35 -0.054202662780880921 99.500000000000014 -0.0013899142504669724 0.048876343294978149 -0.011829306837171314 -0.063851162791252122 -0.11082273349165915 16.500000000000004 0.014414835255593063 -0.0088086798787116987 -0.018285018391907212 0.033818149939179427
decision_type=2 2 2 2 2 2 2 2 2 2 2 2 2 2 2 2 2 2 2 2 2 2 2 2 2 2 2 2 2 2
left_child=1 2 6 -3 5 8 27 -6 16 10 11 -8 17 14 -14 -4 -5 18 -2 -20 -21 25 23 24 -23 -11 -26 28 29 -1
right_child=12 3 15 4 7 -7 9 -9 -10 21 -12 -13 13 -15 -16 -17 -18 -19 19 20 -22 22 -24 -25 26 -27 -28 -29 -30 -31
leaf_value=0.083789258307420567 0.0047565093004198018 0.078592143272217418 0.076117918904554382 0.059209850636515404 0.033360085530783977 0.077020182155894568 -0.041179110357718263 -0.076438322781765308 -0.064804382422575274 0.092207922012549903 -0.13862033708730165 0.078187389175561658 0.089797321812135233 0.067669787483450219 -0.0014108942340007812 0.022733201710128326 -0.082943135522324449 0.087061487198437815 0.075534943708616645 -0.077693132806219131 0.062198299781952432 -0.18834166189798518 0.09051898747585102 0.066429156601271896 0.1080146549262655 0.11377706585039311 0.029860025829664474 0.074090311847760243 0.095275125212073195 0.044399136695495063
leaf_weight=188.36135149365788 10.824847136735967 422.22294146027946 362.47000210823694 20.2164217778219 20.382084337210191 88.873334967433664 4.741166175299667 5.0745647950762978 4.6182106193120935 1739.8012847629652 1.7095355633318821 83.423151221894614 8.9935695344460118 427.46270712236219 20.313426573610855 15.34536556433727 2.1393944296660257 265.09749959746961 277.09651621480862 4.0528657534625845 8.4825657872806879 0.60496103634477449 481.34368716816812 189.05351429702853 57.375065701029939 94.113720731174681 7.3175022999848798 386.87047371592894 251.89722445469869 33.879291841551094
leaf_count=8124 1648 23603 20357 2964 2029 3761 291 683 873 84964 202 4553 710 11543 4104 1344 649 23094 23809 782 726 44 24569 12082 1683 2559 434 21552 14494 2674
internal_value=0 0.0848492 0.0865869 0.0728284 0.0556062 0.0653042 0.0879431 0.0114727 0.0267028 0.0901127 0.0677664 0.0717683 0.0723643 0.0650333 0.0265786 0.0739496 0.0456062 0.0782851 0.0705415 0.0730002 0.0169696 0.0908943 0.0848604 0.0741517 0.0965107 0.0933148 0.0991744 0.0812417 0.0870768 0.0777845
internal_weight=0 4461.83 3898.31 563.527 141.304 115.847 3520.49 25.4566 26.974 2659.48 89.8739 88.1643 1022.32 456.77 29.307 377.815 22.3558 565.554 300.457 289.632 12.5354 2569.61 735.695 254.351 65.2975 1833.92 64.6926 861.008 474.138 222.241
internal_count=300904 234488 199926 34562 10959 8247 178225 2712 4486 131381 5046 4844 66416 16357 4814 21701 3613 50059 26965 25317 1508 126335 38812 14243 2161 87523 2117 46844 25292 10798
is_linear=0
shrinkage=0.1


Tree=171
num_leaves=31
num_cat=0
split_feature=74 88 224 81 229 127 196 132 158 208 117 2 4 99 200 100 3 229 63 139 201 65 138 180 127 188 233 121 201 230
split_gain=15.5591 8.13774 5.76919 5.5192 4.48698 4.85225 4.32974 4.1933 6.63781 4.07708 4.04122 4.00435 3.83082 4.29268 5.53086 4.63942 3.9086 4.86702 4.08985 4.00138 4.25787 6.17878 3.89695 4.2411 3.82911 4.01129 3.86646 3.79253 4.63165 3.79038
threshold=0.33602151274681097 0.7782278060913087 0.0033685493981465702 0.083920188248157515 -0.018603296019136902 0.028280204162001613 0.010262297000736 0.00522177154198289 0.18333333730697635 -0.056641947478055947 -0.082486614584922777 0.55000001192092907 0.07458051294088365 -0.078241124749183641 0.22535104304552081 0.18657758086919787 0.26344709098339086 0.074597068130970015 0.46641315519809728 -0.014854075852781532 0.13218392431735995 1.5000000000000002 0.016090064309537414 -0.15674252063035962 0.007369319675490261 -0.23867788165807721 -0.08164565265178679 -0.050980826839804642 -0.083622168749570833 -0.045621335506439202
decision_type=2 2 2 2 2 2 2 2 2 2 2 10 8 2 2 2 10 2 2 2 2 2 2 2 2 2 2 2 2 2
left_child=1 3 7 11 5 6 -3 8 27 -6 -4 -1 13 14 15 -5 18 -18 19 -14 -21 29 23 -23 26 -26 -15 -2 -29 -22
right_child=2 4 10 12 9 -7 -8 -9 -10 -11 -12 -13 16 24 -16 -17 17 -19 -20 20 21 22 -24 -25 25 -27 -28 28 -30 -31
leaf_value=0.089082794054940032 0.092155616260829978 0.033540322894560139 -0.055206889830825168 0.072231844044621393 0.060603357397181805 0.083168084172164702 0.068493854191660805 0.042487983515553149 0.076176933978548439 0.085110963208849241 0.079822735736925721 0.18465276115661861 0.088416890650493629 0.05810649485460781 -0.15518284921483005 -0.097560518330796236 0.09947287772732881 0.0016148373056959165 0.039278759705734974 0.074247053684495065 0.034802777669694335 0.12344407569734045 0.12077538769777624 0.0081939271083719487 -0.041599953894688735 0.082689652718542117 0.10289597647082636 -0.064205062496307072 0.035240375986748763 -0.099232715691425943
leaf_weight=2810.9339487072243 9.6614526404584904 66.634949035838872 2.2345115232725439 58.389563311181291 83.420462807929084 77.952529450010616 75.697407278997161 103.68603516898196 173.84245960548367 364.40360740666245 273.96695322837911 4.3910382169497089 203.11786175805719 20.908446099868968 1.1359389669187283 1.6548723973764925 108.02815747430213 5.3333352688812274 30.805071743910958 500.83310890306439 3.9741240216676488 4.2071910921181397 7.8601164797321408 13.245182736089193 2.6317303329112738 194.8366961204423 246.48777851286781 5.3543078967102238 37.380052923931714 4.4974497335419965
leaf_count=139032 514 5811 260 3890 5823 5072 4983 8343 8162 19342 19134 1020 9051 1875 81 264 5058 496 1953 23787 313 174 299 846 363 14107 15829 761 3781 467
internal_value=0 0.0850531 0.0680676 0.0866754 0.074798 0.0631134 0.0521299 0.059141 0.0667732 0.0805457 0.0787303 0.0892319 0.0815634 0.0883173 0.0634167 0.0675522 0.0775349 0.0948689 0.074978 0.0764687 0.0719292 0.0375682 0.0623088 0.0359769 0.0915944 0.0810332 0.0993938 0.0355729 0.0227806 -0.0363549
internal_weight=0 4891.38 606.126 4223.27 668.109 220.285 142.332 329.924 226.238 447.824 276.201 2815.32 1407.95 526.045 61.1804 60.0444 881.902 113.361 768.54 737.735 534.617 33.7841 25.3125 17.4524 464.865 197.468 267.396 52.3958 42.7344 8.47157
internal_count=300891 259936 40955 218905 41031 15866 10794 21561 13218 25165 19394 140052 78853 36409 4235 4154 42444 5554 36890 34937 25886 2099 1319 1020 32174 14470 17704 5056 4542 780
is_linear=0
shrinkage=0.1


Tree=172
num_leaves=31
num_cat=0
split_feature=86 86 86 107 6 161 186 216 53 116 112 159 100 1 168 155 200 109 162 90 146 114 219 156 193 99 81 96 141 219
split_gain=28.9387 9.19962 5.17456 3.6091 4.20253 3.67116 3.52352 4.22565 5.43055 4.63553 4.97837 4.20568 3.98594 5.00765 4.39366 5.31328 3.94897 3.90485 3.64311 4.24857 3.60061 3.51982 4.9166 3.50672 3.42809 3.7899 3.98936 3.4253 4.29363 3.48823
threshold=-0.93589836359024037 -1.1852712035179136 -0.6793040633201598 -0.011974744498729704 0.19756097346544269 4.3895747661590585 1.0000000180025095e-35 -0.060066040605306618 1.5000000000000002 0.065068151801824584 -0.016364539042115208 0.46684712171554571 -0.063521780073642717 0.020204081200063232 3.1673040390014653 0.016635246574878696 -0.088446270674467073 0.11507329344749452 87.777534484863295 1.99462366104126 -0.0023415492614731188 0.076980512589216246 0.0176397142931819 0.029557367786765102 1.0000000180025095e-35 0.005948791280388833 0.046332737430930145 -0.14268178492784497 -0.046702977269887917 0.090445328503847136
decision_type=2 2 2 2 10 2 2 2 2 2 2 2 2 8 2 2 2 2 2 2 2 2 2 2 2 2 2 2 2 2
left_child=1 3 -2 5 23 -1 7 9 -9 16 -11 12 13 -8 15 -14 -3 24 20 -20 -10 -18 -23 -5 25 -15 -27 29 -29 -16
right_child=2 6 -4 4 -6 -7 11 8 18 10 -12 -13 14 17 27 -17 21 -19 19 -21 -22 22 -24 -25 -26 26 -28 28 -30 -31
leaf_value=0.0813456260325537 0.084721807711992614 0.010455631713392151 0.09273296322512288 -0.039298671020069731 -0.092222549315928729 -0.0026650871271787125 0.1290088669178506 0.071233795634059807 0.080944187594018085 0.070223450967774367 -0.074054885616082533 0.074248145355787637 0.021569327342547386 -0.12357321037525565 0.12680731172298024 0.11404146244489118 0.095838262230265522 -0.084074246715627632 -0.0025097924096390504 0.058524425241237424 0.037891542265748035 -0.15039692949491912 0.074801756078329479 0.052869456790584447 0.10320861691061239 -0.087060857425229843 0.093567055896773055 -0.037286392715070414 0.084286752085185601 -0.11361990354741112
leaf_weight=69.824595957227984 2526.8465851704282 6.0729699107038178 1184.1017134578237 4.2042928384717007 2.0613046370751809 5.6202389055440554 48.127726799631318 430.52288940579945 41.214062209249278 7.0013209867798878 3.6323582623067505 484.49278187346425 22.553153559395756 1.3081093360847251 25.625745430887267 8.5764492853509164 132.745544884678 1.3726979997818478 25.148404444949733 20.869524370889849 36.744931890954831 1.3880843591274459 3.2146364095915487 227.46392193851534 31.472439152821153 1.5026314345993776 6.5643714960394846 2.9780507126622515 118.46844922041237 0.6179981907284845
leaf_count=4881 131202 1868 51737 4301 1435 653 3004 28547 2431 473 335 26623 4092 294 1089 870 6836 135 2161 1279 3014 158 201 13309 1322 377 398 451 7475 175
internal_value=0 0.0717426 0.087278 0.0560704 0.049932 0.0750873 0.0750564 0.0699937 0.0659232 0.0846449 0.0209394 0.0798161 0.0898383 0.106958 0.0811885 0.0470461 0.0893682 0.0818223 0.0474816 0.0251697 0.0606519 0.0928574 0.00688654 0.0511968 0.0873974 0.0343187 0.0599217 0.088385 0.0813056 0.121146
internal_weight=0 1771.39 3710.95 309.174 233.73 75.4448 1462.22 708.555 554.5 154.055 10.6337 753.661 269.168 90.348 178.82 31.1296 143.421 42.2202 123.977 46.0179 77.959 137.348 4.60272 231.668 40.8476 9.37511 8.067 147.69 121.446 26.2437
internal_count=301126 118187 182939 24579 19045 5534 93608 47303 37432 9871 808 46305 19682 5530 14152 4962 9063 2526 8885 3440 5445 7195 359 17610 2391 1069 775 9190 7926 1264
is_linear=0
shrinkage=0.1


Tree=173
num_leaves=31
num_cat=0
split_feature=86 86 86 68 207 157 156 85 0 114 158 4 142 7 106 224 73 156 2 115 230 4 5 97 125 218 199 116 153 109
split_gain=28.0356 10.9886 4.59526 3.88298 3.49996 3.30342 3.26831 5.89734 3.92266 4.52938 4.5753 4.49563 4.46393 4.30281 3.76405 3.76009 4.11511 3.75464 3.63988 3.57757 3.5593 4.35288 4.26094 4.15339 3.77961 3.75608 3.48742 3.42615 3.44861 3.3061
threshold=-1.0855413675308225 -0.82948100566864003 -0.57491785287857045 37.568710327148445 0.10916332155466081 0.33250422775745397 0.097693528980016722 103.50000000000001 0.23598007857799533 0.01419672602787614 1.0000000180025095e-35 0.097167581319808974 0.02782244794070721 0.20057471096515658 -1.0000000180025095e-35 -0.060427891090512269 0.17165178805589679 0.047847986221313484 0.19745762646198275 -0.054202662780880921 -0.10742967203259467 0.028991596773266796 0.17785793542861941 -0.066610954701900468 -0.022507034242153164 0.014604225754737856 -0.15468810498714444 0.018430854193866256 0.0019118303898721936 0.019171113148331646
decision_type=2 2 2 2 2 2 2 2 8 2 2 10 2 10 2 2 2 2 10 2 2 8 10 2 2 2 2 2 2 2
left_child=3 5 -3 4 -1 -2 7 8 11 13 12 -7 -11 -10 18 16 -15 -13 20 -9 22 24 23 -8 -22 -26 -12 28 -28 -25
right_child=1 2 -4 -5 -6 6 14 19 9 10 26 17 -14 15 -16 -17 -18 -19 -20 -21 21 -23 -24 29 25 -27 27 -29 -30 -31
leaf_value=0.06708066002330984 -0.015438477890144083 0.087946596247488351 0.09805390769512462 0.05535360965910735 0.097764925593499571 0.11048278571777764 0.083549892691849065 -0.008983197150992767 0.092260515993861425 -0.028804464175300783 -0.11825486460494075 0.020369739138848653 0.13073203792659235 0.090103980267695657 0.083412283953778657 -0.0597693720841906 0.73947070405671933 0.086585679105861624 0.033895466194277309 0.12582201344468225 0.1005400860755572 0.077972385478504283 0.30562285275260542 0.040608612137995159 -0.022875670473879985 0.063084103651142379 0.074086597030929582 0.099443752715802552 -0.0063241517024675842 -0.045385048771407983
leaf_weight=295.93337731692139 3.5793621995367166 2103.7479009443864 572.15758764567136 303.23519816373255 42.513709117261953 84.208235544135846 11.968080166107034 2.0484964182646754 79.988977158788771 10.592809566560218 1.0067430168219278 10.661587663797205 2.1018825728044694 0.79276738601174646 960.06673814660235 3.3508496383336697 0.11128880569685862 43.511853952296406 21.66179503556441 50.526921294838871 7.0926885248200078 809.36698086807701 0.60362230107784753 11.93894358635953 11.278670080296253 9.2541133693684952 13.809762407684959 20.643820454702563 8.6895850480618702 7.1471771916703792
leaf_count=22261 3677 101168 23193 24375 2834 14874 539 389 11611 2523 265 4293 259 225 37148 1355 23 3565 2314 3450 1605 23681 103 583 4201 3087 2255 2145 2439 457
internal_value=0 0.0858108 0.0901077 0.0635718 0.070935 0.0805509 0.0807083 0.0898436 0.0840633 0.0723301 0.050518 0.096026 -0.00238972 0.0870481 0.079069 -0.0109408 0.170041 0.0735541 0.0743854 0.12057 0.0753951 0.0766401 0.0424812 0.0373663 0.0376059 0.0158663 0.0657308 0.0700241 0.0430308 0.00840658
internal_weight=0 4861.91 2675.91 641.682 338.447 2186 2182.42 332.046 279.47 141.088 56.8446 138.382 12.6947 84.2439 1850.38 4.25491 0.904056 54.1734 890.312 52.5754 868.65 836.992 31.6578 31.0542 27.6255 20.5328 44.1499 43.1432 22.4993 19.0861
internal_count=300897 251427 124361 49470 25095 127066 123389 49671 45832 23100 9886 22732 2782 13214 73718 1603 248 7858 36570 3839 34256 32574 1682 1579 8893 7288 7104 6839 4694 1040
is_linear=0
shrinkage=0.1


Tree=174
num_leaves=31
num_cat=0
split_feature=93 63 81 181 68 101 185 79 4 152 170 204 157 163 219 110 13 118 166 117 133 171 65 157 170 117 152 76 79 68
split_gain=14.7577 9.04054 6.68533 6.1582 5.92182 3.8809 6.45326 3.84765 5.0501 4.49256 4.60125 4.44976 3.89961 3.54289 3.89845 3.48642 3.46388 4.287 5.29485 3.91478 3.61728 4.34462 3.6036 3.42133 3.75789 5.20393 4.87814 4.18356 5.26723 5.77761
threshold=0.26758758723735815 0.33389289677143102 0.14595036953687671 0.0036935849348083143 41.417657852172859 0.0096151470206677931 -0.1610550060868263 0.22287581861019137 0.16807910054922107 0.04361334256827832 0.47228689491748815 0.094318836927413954 0.58793500065803539 -0.61485886573791493 0.060508809983730323 0.002062688698060811 0.041445804759860046 0.022782113403081897 0.066459055989980712 0.010891942773014309 0.002384268795140088 -0.18665772676467893 94.500000000000014 0.59552291035652172 0.51491400599479686 0.036636576056480415 -0.01855172403156757 0.18808962404727939 0.15291950106620791 41.449935913085945
decision_type=2 2 2 2 2 2 2 2 10 2 2 2 2 2 2 2 8 2 2 2 2 2 2 2 2 2 2 2 2 2
left_child=1 2 23 16 7 -2 -7 9 -9 10 -3 -12 -13 -11 -15 -10 17 19 -19 -4 -18 22 -22 24 -1 27 -27 -26 29 -29
right_child=5 4 3 -5 -6 6 -8 8 15 13 11 12 -14 14 -16 -17 20 18 -20 -21 21 -23 -24 -25 25 26 -28 28 -30 -31
leaf_value=0.088064968690730383 0.062400640092572013 0.093699187218037161 0.072491154836153593 0.069125139081603865 -0.053736031803288876 -0.032833032389697356 0.081539004222356479 0.085929424605845295 -0.10696418666018732 0.06522174790046141 0.069633540965451282 0.050162498268977833 -0.050838527944513295 0.036191673019255514 -0.062575332106334994 0.054619089254920275 0.081006986357867836 -0.064566585412866348 0.061783844071553011 0.12369002035999042 0.076959720951820534 0.11014199925012853 -0.10694321389430553 0.09148484268009538 0.069664984133434471 -0.0013172570116864125 0.10398816201481738 0.11646271939374656 0.059098981414257006 0.55677247811770214
leaf_weight=1309.4417973052714 402.64434529500556 76.139756488358103 40.879835191854625 398.30497837508108 3.6983787487426971 5.0491634276161212 215.03097108006784 212.28716391909137 2.2427594212244903 48.793458721907882 134.79654189575029 11.035852068529381 5.8485848418822561 35.551179788218064 4.5025346340462411 3.3003114865184671 168.4960226105236 3.4870590564121349 67.870591527497652 23.530636252911791 36.303892312299467 132.94885337006258 1.097733450641498 1595.3294599690585 382.44487337209375 4.6165345473309563 93.350571969383964 38.935599688427146 22.450520942855064 0.30030915187444307
leaf_count=87891 28679 3064 5204 20896 1171 909 12752 9993 345 1604 9212 1510 209 3481 792 788 7622 618 9201 1809 1536 5382 87 19233 45109 802 11306 5533 3566 146
internal_value=0 0.0845883 0.086111 0.0782937 0.0723667 0.0682371 0.078915 0.0732392 0.083469 0.0662023 0.0736406 0.0635717 0.0151768 0.0471293 0.025089 -0.0107585 0.0859882 0.0724919 0.0556094 0.0911953 0.0913958 0.101672 0.0715622 0.0880907 0.0851663 0.0781645 0.0990258 0.0735629 0.097729 0.119833
internal_weight=0 4857.99 4319.79 872.92 538.197 622.724 220.08 534.498 217.83 316.668 227.821 151.681 16.8844 88.8472 40.0537 5.54307 474.615 135.768 71.3577 64.4105 338.847 170.35 37.4016 3446.87 1851.54 542.098 97.9671 444.131 61.6864 39.2359
internal_count=300450 258110 225941 52355 32169 42340 13661 30998 11126 19872 13995 10931 1719 5877 4273 1133 31459 16832 9819 7013 14627 7005 1623 173586 154353 66462 12108 54354 9245 5679
is_linear=0
shrinkage=0.1


Tree=175
num_leaves=31
num_cat=0
split_feature=86 86 86 76 212 129 229 128 127 197 172 116 213 193 13 153 186 158 196 214 66 225 198 134 179 110 221 110 146 121
split_gain=30.3503 11.9848 5.16004 4.38393 3.93629 3.79983 3.50468 3.45651 3.39373 5.0106 5.5918 5.15686 4.695 4.36323 4.21211 3.12249 3.71901 3.143 5.08668 3.81511 3.24392 3.03221 3.30296 3.02749 2.99418 3.22534 3.15276 3.77576 4.26342 3.08364
threshold=-0.93589836359024037 -1.1852712035179136 -0.57491785287857045 0.39565217494964605 -0.022991848178207871 -0.011745697818696497 -0.060889242216944688 0.045790137723088271 -0.0050448402762413016 -0.030012246221303936 -0.14366726577281949 0.060860257595777519 -0.062589693814516054 -0.13579269498586652 0.057443765923380859 0.051998211070895202 -0.014794468879699705 0.22500000149011615 0.10272789373993875 -0.031230553984642025 6.2021770477294931 -0.074430275708436952 -0.13349857926368711 -0.012462401296943424 0.22382845729589465 0.086045674979686751 0.10209383815526964 -0.047861982136964791 0.0040720032993704089 1.0000000180025095e-35
decision_type=2 2 2 2 2 2 2 2 2 2 2 2 2 2 8 2 2 2 2 2 2 2 2 2 2 2 2 2 2 2
left_child=1 4 7 24 5 6 23 -2 9 10 11 -9 14 -10 -11 17 -17 18 20 -20 -6 22 -7 -1 26 -26 -3 28 -28 -29
right_child=2 3 -4 -5 15 21 -8 8 13 12 -12 -13 -14 -15 -16 16 -18 -19 19 -21 -22 -23 -24 -25 25 -27 27 29 -30 -31
leaf_value=0.062577536927257482 0.087569695643140932 0.073979051407043098 0.09695969628964432 -0.13266111924126853 0.014553950661555973 0.27851374705221621 0.060125573061482751 -0.13561447025144166 0.013531771339207431 -0.044808447264406262 0.046017190966485488 0.083090580833815458 0.086495552610135765 0.088302306230579053 0.10168528684156763 0.011116480173228104 0.12110914911206663 0.051615441367509798 -0.063845614706498757 0.098876029539804774 -0.10132528327642057 0.089517911601076763 -0.01281114936413757 -0.053876745693381203 0.10927961873956023 0.037284362442068328 0.064385063903622516 0.11746884906693351 -0.09790484164327018 0.082638532732725742
leaf_weight=3.7015881068201679 2930.2277485898203 1317.5871999267129 567.56914209086244 1.0053060178736348 45.755700310575548 0.42319936647709244 41.90888252366085 3.5519007142652326 8.2410601987021419 5.546362565639126 24.129736951277096 1.5479889598591396 55.565185881845309 147.33769469154288 3.0377125497207098 4.3269426614724589 10.615444401972351 111.5842716993684 1.6466655815843303 11.527327839061396 2.5504472926115787 64.96378658661331 4.8411111788370809 5.6244621626983626 45.977804174667199 7.1965069992845647 9.3350839939143935 43.474348765058608 1.9583089148618444 61.201657668768235
leaf_count=199 145600 82271 23196 182 5180 19 3398 310 937 475 1700 59 2830 7595 204 423 499 6589 466 808 1767 4317 609 388 4897 594 456 1849 183 3375
internal_value=0 0.072369 0.0881766 0.0760935 0.0544642 0.0684955 0.0477878 0.0866086 0.0752963 0.0602259 0.0259092 -0.0692301 0.0758623 0.0843417 0.00703241 0.0453991 0.089258 0.0416123 0.0234571 0.0785369 0.00843581 0.0836029 0.0106085 -0.00765506 0.0762347 0.0995359 0.0753703 0.0911776 0.0362435 0.0971044
internal_weight=0 1797.21 3746.75 1487.74 309.47 121.463 51.2349 3179.19 248.958 93.3789 29.2296 5.09989 64.1493 155.579 8.58408 188.007 14.9424 173.064 61.4801 13.174 48.3061 70.2281 5.26431 9.32605 1486.73 53.1743 1433.56 115.969 11.2934 104.676
internal_count=301375 118469 182906 93807 24662 8930 3985 159710 14110 5578 2069 369 3509 8532 679 15732 922 14810 8221 1274 6947 4945 628 587 93625 5491 88134 5863 639 5224
is_linear=0
shrinkage=0.1


Tree=176
num_leaves=31
num_cat=0
split_feature=88 74 63 156 74 122 196 120 137 189 181 121 7 104 114 110 117 96 202 92 158 13 110 108 222 6 81 193 67 10
split_gain=13.7604 6.16589 6.088 5.37943 5.75903 5.04139 4.88485 4.01041 3.91138 3.81504 4.5895 4.37974 4.7743 4.25841 4.109 7.24149 4.44993 3.6558 4.72355 3.97613 3.60736 4.22309 3.9061 3.8173 3.85528 3.92442 3.58474 3.78794 4.8264 4.74815
threshold=0.70941463112831127 0.27543103694915777 0.33389289677143102 0.2327174320816994 0.43980263173580175 0.050345454365015037 0.055233059450984008 -0.088510572910308824 -0.015488230623304842 -0.096181910485029207 0.080280896276235594 -0.065802484750747667 0.13397436589002612 -0.057769186794757836 0.015260718762874605 -0.011365770827978848 0.039479553699493415 -0.18045848608016965 -0.09991020709276198 0.7883264720439912 0.29166667163372045 0.054079741239547736 0.049888210371136672 -0.044712185859680169 -0.1114630065858364 0.19756097346544269 0.094044812023639693 0.11585063859820367 1.3054447174072268 197.50000000000003
decision_type=2 2 2 2 2 2 2 2 2 2 2 2 10 2 2 2 2 2 2 2 2 10 2 2 2 10 2 2 2 8
left_child=1 9 3 17 7 -4 -7 -5 -8 10 11 12 -1 -14 -12 -16 -17 18 -2 -19 21 -21 23 -22 -25 -26 -11 -28 29 -29
right_child=2 -3 5 4 -6 6 8 -9 -10 26 14 -13 13 -15 15 16 -18 19 -20 20 22 -23 -24 24 25 -27 27 28 -30 -31
leaf_value=0.097256702957948832 -0.012953422555286942 0.071778391601745303 0.071494962248155255 0.021075189324970253 0.055765525944397987 0.055491430728948514 -0.067034055885324989 0.078161852481760261 0.038144877667471704 0.089921629935586056 0.091924451025533982 0.1066191116313 0.093133049970046858 -0.069023719761938288 0.094084534511642753 -0.037931635254440044 0.10011198492659279 0.12159303718812774 0.11657661144659442 0.070789474708814193 0.11471089094793968 0.088695778417610491 0.074801811339998983 0.014926696221270398 0.092371887686763479 -0.059259111230476273 0.083440671012859513 -0.10303718498116624 0.076260998569656346 0.036500222097220085
leaf_weight=10.710150453364124 2.9740902548393242 225.67314307916513 363.17977231240479 12.449994250388043 137.44908956426661 57.015148148254639 6.5173708863488855 1064.4825056403979 7.7282601832749815 1490.0022055903974 72.575192190108282 296.98161537191913 2.5673637730019436 4.386452003004023 15.329826945362585 10.316287977168257 3.0184313997765448 26.519065216908416 52.736502774497126 370.48604181395137 76.621206185331175 204.36143479288739 131.94754227530609 6.8279784185630197 222.05065048914662 1.7200887343860802 537.97216273848028 2.8639700348335309 41.767385516331956 16.419526204947942
leaf_count=823 942 14039 22870 631 3837 4138 785 32002 686 69204 2904 17008 120 548 552 933 220 3133 5027 48584 3321 12887 9637 897 12867 1104 27401 674 2508 819
internal_value=0 0.08761 0.077584 0.079626 0.0750417 0.0667232 0.0424042 0.0775019 -0.00997445 0.0890364 0.0977829 0.103742 0.0553653 -0.00915509 0.0792634 0.047207 -0.00668424 0.0847044 0.109662 0.0833682 0.0823685 0.0771553 0.0891925 0.0953731 0.0889477 0.0912063 0.0872951 0.0807618 0.0571563 0.0157762
internal_weight=0 2730.58 2745.07 2310.63 1214.38 434.441 71.2608 1076.93 14.2456 2504.91 415.885 314.646 17.664 6.95382 101.24 28.6645 13.3347 1096.24 55.7106 1040.53 1014.01 574.847 439.167 307.22 230.599 223.771 2089.03 599.023 61.0509 19.2835
internal_count=301101 137753 163348 134869 36470 28479 5609 32633 1471 123714 23108 18499 1491 668 4609 1705 1153 98399 5969 92430 89297 61471 27826 18189 14868 13971 100606 31402 4001 1493
is_linear=0
shrinkage=0.1


Tree=177
num_leaves=31
num_cat=0
split_feature=63 88 163 79 104 65 108 154 192 221 156 156 107 160 183 190 135 135 142 0 161 156 157 88 137 97 156 192 233 129
split_gain=11.4151 8.44762 5.18246 5.4922 5.0045 4.98405 4.95569 4.60442 4.56763 4.31363 4.26027 3.89788 4.19786 3.87364 3.84901 3.80952 4.18119 3.8024 3.75572 3.70882 3.67569 3.47473 3.73967 4.50168 3.46591 3.45568 4.32679 3.80528 3.42909 5.07231
threshold=0.30955392122268682 0.76840013265609752 -0.2814673632383346 0.32799692451953893 -0.12861470878124234 46.500000000000007 0.066080331802368178 0.015209243167191746 -0.18347587436437604 -0.12782108038663861 0.18237251043319705 0.49683544039726263 -0.071118749678134904 2.0000000000000004 0.0044878369662910709 -0.19165003299713132 0.030674676410853866 -0.023600451648235318 0.030530983582139019 0.096006143838167204 3.1023793220520024 0.5317540466785432 0.6861170530319215 0.73498621582984935 -0.04715644754469394 0.078360516577959075 0.17512886226177218 -0.023153648711740967 -0.048031290993094437 0.0081061506643891352
decision_type=2 2 2 2 2 2 2 2 2 2 2 2 2 2 2 2 2 2 2 8 2 2 2 2 2 2 2 2 2 2
left_child=1 2 3 21 -2 7 14 9 -9 -6 -7 13 -13 28 -4 16 24 -16 20 -11 -15 -1 23 -23 -3 -19 -27 -28 -5 -30
right_child=4 15 6 11 5 10 -8 8 -10 19 -12 12 -14 18 17 -17 -18 25 -20 -21 -22 22 -24 -25 -26 26 27 -29 29 -31
leaf_value=0.080755113773145468 0.046726713708536594 -0.020155669054812742 0.097009991173466592 0.10732004403629528 0.10606825878198421 0.099808615551500834 0.061339282755170657 -0.038393979812687044 0.084378750795677263 -0.051622983576819076 0.07355519716257207 -0.052600228849326594 0.078455069729573335 0.106965929558166 0.102058883967238 0.072798233364862727 -0.026261755733010039 0.084426943104432078 -0.088379096839764332 0.056231168974950001 0.038599072857382608 0.040586975178572876 0.071633525811797619 -0.098666018611576881 0.11409273973452283 -0.031815104685187785 0.12772074735983052 -0.002804445624009146 0.096769562629099498 0.071860379901631494
leaf_weight=1583.3408404531372 79.433647833696682 2.010021923667181 690.05762352536658 168.89002269688314 17.603076658539806 103.39711167735726 56.024709950642546 3.1044946604586121 126.81845553465581 3.2324243779716531 153.68276598563261 2.47875803685747 174.80530077159801 13.757829881056521 130.16864389892203 753.56662732017071 2.4304266381218431 579.86147328732272 1.6153888993305816 233.67345915313308 18.357146707379115 16.816433594169215 61.278665617617662 2.6932869166193987 44.463939956946888 5.7969918750852676 5.8508965426754003 3.6126998038907896 326.5982628682691 109.04440220927057
leaf_count=51263 6723 195 58525 4241 683 6444 7074 283 7880 4011 3358 56 1830 587 10686 47105 323 53301 164 16343 1344 370 645 144 1910 1311 333 529 9232 4415
internal_value=0 0.0839075 0.0858074 0.0830176 0.0704039 0.0733356 0.090509 0.0661277 0.0814451 0.0583083 0.0841143 0.0897403 0.0766227 0.0933838 0.0916637 0.0745535 0.1016 0.086577 0.0604032 0.0547596 0.067887 0.0797229 0.0594937 0.0213633 0.108286 0.0831907 0.0362186 0.0778931 0.095224 0.0905346
internal_weight=0 4753.52 3951.05 2479.68 720.945 641.512 1471.37 384.432 129.923 254.509 257.08 815.547 177.284 638.263 1415.35 802.471 48.9044 725.291 33.7304 236.906 32.115 1664.13 80.7884 19.5097 46.474 595.122 15.2606 9.4636 604.533 435.643
internal_count=301308 255583 206050 74291 45725 39002 131759 29200 8163 21037 9802 21869 1886 19983 124685 49533 2428 66160 2095 20354 1931 52422 1159 514 2105 55474 2173 862 17888 13647
is_linear=0
shrinkage=0.1


Tree=178
num_leaves=31
num_cat=0
split_feature=86 86 86 93 160 156 83 203 167 132 186 127 187 173 128 172 232 179 146 159 196 163 200 138 185 126 90 68 199 185
split_gain=26.8967 9.79073 5.12468 4.52657 3.93565 4.30203 4.03986 3.8985 3.70768 3.61757 3.79472 4.09954 3.30459 3.28676 3.2418 3.89718 4.42627 3.21646 4.71963 3.26781 3.20963 3.51539 4.15714 5.06702 3.18544 3.1493 3.80261 3.1209 3.11451 3.0998
threshold=-0.93589836359024037 -1.1852712035179136 -0.6793040633201598 0.36510318517684942 1.0000000000000002 0.26209992170333868 7.5000000000000009 0.15807545185089114 2.5000000000000004 -0.0028905026847496624 -0.067079495638608919 -0.0037886316422373052 0.096839580684900298 -0.19139865785837171 0.031900547444820411 -0.10656373202800749 -0.099942933768033967 0.34043772518634802 0.01062309928238392 0.12657512724399569 0.16646116226911548 -0.99024969339370716 0.068632863461971297 -0.041844272986054414 -0.15185823291540143 -0.054185826331377022 1.5723809599876406 35.01097488403321 0.16361548751592639 0.23415473848581317
decision_type=2 2 2 2 2 2 2 2 2 2 2 2 2 2 2 2 2 2 2 2 2 2 2 2 2 2 2 2 2 2
left_child=1 4 14 17 5 9 8 -7 -6 25 11 -11 -13 -5 -2 16 -16 -3 27 -20 21 -18 -23 -24 -12 -1 28 -19 -27 -8
right_child=2 3 -4 13 6 7 29 -9 -10 10 24 12 -14 -15 15 -17 20 18 19 -21 -22 22 23 -25 -26 26 -28 -29 -30 -31
leaf_value=0.14200951384210633 0.086704250625949747 0.077396824583230453 0.093164775899168287 0.12309872237935425 0.057201703718979702 0.039953750760196326 -0.017405671416993142 0.10308925386008594 -0.023967143318971498 -0.045859404965059671 -0.04729328023302358 0.026214520642905872 0.16664288335592045 0.057914086712580054 0.17406719180441318 0.082083466901306051 0.083120846660810738 -0.052821927820200835 0.32310315500172165 -0.010251805472902057 0.20576123871497598 0.047178758078193661 0.48681241149445509 -0.051306759500458578 0.077325453226977856 -0.0048967393073761642 0.10540945316036116 0.13375893408601797 0.1080036213238988 0.12413834557869939
leaf_weight=11.991604945178095 2156.6022338075695 1292.3391780574007 1178.9230597308242 8.1150360717610948 59.435050873427713 83.485873993519817 16.289325312007808 11.078030474658588 6.2161762729796228 6.0747951953087531 2.1201147317535733 6.9450120614619628 2.2086715258515142 165.31307834822996 3.1562402361292916 303.41831347434419 23.747650587356134 0.93038281838142367 0.31727467008522481 4.0197478710491623 1.3594025458421573 50.113612619720982 0.17982547749670619 6.4977893172430177 63.079292915954738 7.1596498888625302 23.001676459537293 24.61053392035069 3.7093461406548158 1.7095992266210931
leaf_count=886 109797 78651 51758 806 5040 2673 2400 159 1896 1063 524 1125 207 11957 220 15825 617 302 70 649 153 3689 45 993 6000 814 1636 1360 58 85
internal_value=0 0.0728267 0.0877143 0.0761544 0.0564822 0.0634789 0.0380095 0.04735 0.0495162 0.075556 0.0627755 0.0178306 0.0600982 0.0609642 0.0851895 0.0767805 0.0578628 0.0781468 0.110584 0.0141348 0.0533845 0.0508125 0.0373026 -0.0368154 0.0732732 0.097969 0.0823768 0.126962 0.0336336 -0.00396134
internal_weight=0 1800.15 3724 1495.65 304.504 220.854 83.6502 94.5639 65.6512 126.29 80.4279 15.2285 9.15368 173.428 2545.08 388.473 85.0545 1322.22 29.8779 4.33702 81.8983 80.5389 56.7912 6.67761 65.1994 45.8623 33.8707 25.5409 10.869 17.9989
internal_count=301458 118361 183097 93795 24566 15145 9421 2832 6936 12313 8919 2395 1332 12763 131339 21542 5717 81032 2381 719 5497 5344 4727 1038 6524 3394 2508 1662 872 2485
is_linear=0
shrinkage=0.1


Tree=179
num_leaves=31
num_cat=0
split_feature=86 86 86 93 13 184 126 209 75 158 156 225 189 17 0 95 172 0 168 138 156 70 195 216 162 95 162 126 108 103
split_gain=27.117 9.82893 7.77007 3.77683 3.71803 3.1381 3.08036 4.27767 2.989 3.1379 3.11093 3.43889 3.41684 4.07762 3.86947 3.19454 5.00971 3.19005 3.03462 3.66864 3.74082 6.30367 3.53573 3.56311 3.29524 3.31787 3.20334 4.27952 3.10028 3.01417
threshold=-0.93589836359024037 -1.1852712035179136 -0.6793040633201598 0.18131834268569949 0.09213085845112802 -0.11222951859235762 -0.042648695409297936 0.091041862964630141 0.026671408675611023 0.70833334326744091 0.15170694142580035 0.11991277337074281 -0.033480050042271607 28.500000000000004 0.30126051604747778 0.074919242411851897 -0.029945771209895607 0.3964285701513291 3.591333389282227 0.022556660696864132 0.064309347420930876 9.5000000000000018 0.25630165636539465 -0.1037403605878353 103.14513397216798 0.06801872700452806 72.93833160400392 0.046409558504819877 -0.036315355449914925 -0.068763960152864442
decision_type=2 2 2 2 10 2 2 2 2 2 2 2 2 2 10 2 2 10 2 2 2 2 2 2 2 2 2 2 2 2
left_child=1 6 8 -3 -5 -4 7 -1 18 10 -10 12 -12 14 -14 -16 17 -17 19 20 21 -2 23 -21 26 -26 28 -28 -25 -22
right_child=2 3 5 4 -6 -7 -8 -9 9 -11 11 -13 13 -15 15 16 -18 -19 -20 22 29 -23 -24 24 25 -27 27 -29 -30 -31
leaf_value=0.061605660349278606 -0.016484697097158729 0.079010151716068039 0.10460896696752048 0.066511072217809039 0.11810838830579103 0.091456940118015112 0.049284431225072728 0.12047571691864714 0.093689904058806894 0.11539213217034093 0.089229282973508225 0.10707774053360425 0.073230726685854883 -0.15273479327787309 0.10920330542298079 0.10936598006156691 -0.0091305997863459342 -0.086034947402470696 0.086307645910702127 -0.025545274367844317 0.049544484508692643 0.096387167793051357 -0.16291103838749346 -0.0016080579812863612 0.046840442302862578 -0.061040162832986633 0.09296784244056 -0.20176328455682185 0.065584899875562833 0.083847210903151281
leaf_weight=73.465720126924225 10.34665060984628 1017.1696998220958 223.35738152600288 448.79082000408573 14.414099436899958 966.18647273682018 213.13902879845614 14.835421465488023 408.35636021214168 38.419209219145159 356.77884663558416 56.790505126065 442.1587319042228 0.77460809193871583 58.385175095754676 13.165295606122527 6.5123571926451396 0.89211085353599706 475.07722257664273 4.3805117648998921 27.206497870304759 9.4826463035857369 0.69377374861141916 7.7165030439011835 20.376937691039078 3.3145657188674695 55.091047503097684 0.49710072127891081 62.359366954606799 438.17569595455365
leaf_count=5344 5535 63042 9001 29107 1480 42694 18474 721 40205 715 11294 1402 15385 85 2160 291 413 332 15494 911 1888 1560 149 590 1814 530 2646 36 4371 23704
internal_value=0 0.0722501 0.0872749 0.0756016 0.0681167 0.0939265 0.055791 0.0714964 0.0841062 0.0872132 0.0864076 0.0832287 0.0816872 0.0765313 0.0768721 0.097264 0.0633756 0.0969655 0.0802535 0.0757569 0.0800294 0.0374922 0.0623328 0.0633493 0.0659565 0.0317474 0.072406 0.0903322 0.0581859 0.0818419
internal_weight=0 1781.81 3686.5 1480.37 463.205 1189.54 301.44 88.3011 2496.95 1382.23 1343.81 935.458 878.667 521.888 521.114 78.9549 20.5698 14.0574 1114.72 639.641 485.211 19.8293 154.43 153.736 149.356 23.6915 125.664 55.5881 70.0759 465.382
internal_count=301373 118168 183205 93629 30587 51695 24539 6065 131510 72282 71567 31362 29960 18666 18581 3196 1036 623 59228 43734 32687 7095 11047 10898 9987 2344 7643 2682 4961 25592
is_linear=0
shrinkage=0.1


Tree=180
num_leaves=31
num_cat=0
split_feature=86 86 86 79 179 120 190 88 164 118 186 192 180 98 123 144 211 149 108 168 112 93 224 93 227 3 0 227 210 161
split_gain=29.994 9.52495 7.70156 4.81025 3.88083 3.79085 3.37984 3.37128 3.62335 4.22086 3.34823 3.69432 4.49494 4.04583 3.81552 3.31533 3.54785 3.22246 4.11023 4.58148 3.34014 3.19775 3.68972 5.44177 3.88811 4.72171 3.18949 3.16306 3.16066 3.15451
threshold=-0.93589836359024037 -1.1543014049530027 -0.6793040633201598 0.49321225285530096 0.34043772518634802 0.034685125574469573 0.067053757607936873 0.67255774140357982 1.4978661537170412 -0.032896196469664567 -0.058562541380524628 -0.10827447846531867 -0.20279803127050397 0.018143732100725177 -0.046868320554494851 -0.051301730796694749 0.026424960233271125 -0.032903954386711114 -0.0031036373693495985 3.4057440757751469 -0.0011900821118615566 -0.085487324744462953 0.16344209015369418 -0.16639845818281171 -0.10787834972143172 0.13383085280656817 0.15247584134340289 -0.089688647538423524 0.040409145876765258 2.7361341714859013
decision_type=2 2 2 2 2 2 2 2 2 2 2 2 2 2 2 2 2 2 2 2 2 2 2 2 2 8 8 2 2 2
left_child=1 5 3 21 7 -1 -4 8 -3 -10 11 -9 -13 14 -14 16 -8 -16 -19 27 -21 22 24 -24 25 -2 -15 -20 -7 -26
right_child=2 4 6 -5 -6 28 15 10 9 -11 -12 12 13 26 17 -17 -18 18 19 20 -22 -23 23 -25 29 -27 -28 -29 -30 -31
leaf_value=0.053323623362556166 0.14672194197345043 0.10783857218924782 0.090883258485618665 0.06946287680308208 0.11019620169250394 0.093119438779497632 -0.040539381988557055 0.094600234331290334 -0.025675806653677042 0.05639681469115343 0.079387735411798152 -0.053294784087656526 0.11014887878669216 -0.017827609046437966 0.11011341920248774 0.10400152554549345 0.089682566424520105 0.073609352961277311 0.18258883503073275 0.022133202105130048 0.094642981873499621 0.083653172804557002 0.10407941023971508 -0.041047624932995977 0.064418656861680773 0.034491240518549397 0.054319969874462963 -0.023960096217421459 0.03852120846173266 0.096361652033142176
leaf_weight=310.06640101566018 4.570532497705929 12.355798269003968 815.92377280560265 192.26245761155906 32.003096969130183 46.656611551959259 3.2686507525424968 45.535221334840571 6.8002936186958314 79.784433906522338 959.79861774157371 3.2281366976985728 25.411341229908629 6.5095631331986388 16.828999574418162 354.66214113435115 5.81271313878824 113.44092939627376 0.78816523274326655 11.943382645316889 13.57218292551306 1690.3825098082311 5.2560136629435874 5.0817556594142825 32.710430735435466 20.846694978434016 104.37583045002714 12.49982532552613 13.720923750765222 563.50346509636552
leaf_count=25810 432 396 37400 10166 2650 2541 438 2970 701 6067 53965 1012 1121 2029 830 13582 231 6239 194 1171 655 90464 143 303 1277 1218 6716 2145 998 27404
internal_value=0 0.0720932 0.0877909 0.0846636 0.075761 0.0577876 0.0944571 0.074981 0.05718 0.0499509 0.0763214 0.0680109 0.0640875 0.0653284 0.0740197 0.102474 0.0428118 0.0685896 0.0639996 0.0359057 0.0607024 0.0859221 0.0919909 0.0327391 0.0929762 0.0546726 0.0500845 -0.0117088 0.0807119 0.0946091
internal_weight=0 1815.32 3694.28 2514.61 1444.88 370.444 1179.67 1412.87 98.9405 86.5847 1313.93 354.134 308.598 305.37 194.485 363.744 9.08136 169.073 152.244 38.8036 25.5156 2322.35 631.969 10.3378 621.631 25.4172 110.885 13.288 60.3775 596.214
internal_count=301268 118210 183058 131407 88861 29349 51651 86211 7164 6768 79047 25082 22112 21100 12355 14251 669 11234 10404 4165 1826 121241 30777 446 30331 1650 8745 2339 3539 28681
is_linear=0
shrinkage=0.1


Tree=181
num_leaves=31
num_cat=0
split_feature=86 86 86 132 173 160 204 75 6 122 157 134 17 10 178 134 8 0 224 150 126 149 227 4 10 98 214 209 90 178
split_gain=28.4014 9.31808 6.14013 3.50384 4.26729 4.17746 3.99216 3.3626 4.77426 6.33184 4.62374 3.32195 3.26326 3.20006 3.17707 3.35355 3.17248 3.15212 3.1278 3.13464 3.1238 3.08845 5.85832 3.50411 3.48009 4.84529 3.06862 3.09516 4.1191 3.2603
threshold=-0.93589836359024037 -1.1852712035179136 -0.6793040633201598 -0.0060725163202732793 0.2851876318454743 1.0000000000000002 -0.12904562801122663 0.041960094124078758 0.022991543635725979 0.020981573499739174 0.55445238947868358 -0.018203394487500187 10.500000000000002 9.5000000000000018 -0.059228386729955666 -0.028807003982365128 0.26849387586116796 0.11882352828979494 -0.097999230027198778 -0.00079246642417274405 -0.0014192552189342675 0.019955106079578403 0.030729698948562149 0.15849281847476962 268.50000000000006 0.012755585834383966 -0.17684509605169293 -0.15096221119165418 2.0047169923782353 -0.039454638957977288
decision_type=2 2 2 2 2 2 2 2 8 2 2 2 2 10 2 2 10 10 2 2 2 2 2 10 10 2 2 2 2 2
left_child=1 3 7 4 18 -6 11 21 9 -9 13 -5 14 16 15 -3 -11 -12 19 -1 -13 -2 24 -24 25 -23 -14 28 -28 -29
right_child=2 12 -4 6 5 -7 -8 8 -10 10 17 20 26 -15 -16 -17 -18 -19 -20 -21 -22 22 23 -25 -26 -27 27 29 -30 -31
leaf_value=-0.064276978625971426 0.083643176175193373 0.10559181065544242 0.093898660419401897 -0.084296444368108098 0.13988846933313523 -0.12336564586110224 0.053444894397692025 0.12456280961132767 0.087131790527105471 -0.10416119504975185 -0.11011412915215213 0.041805931843333449 -0.12654318314397608 -0.027217947962466401 0.071514105474431419 0.078357750836376749 0.38032766078836344 0.10077957801098446 0.069233833826417915 0.082896051781280691 -0.10761406398847542 0.06305168457275219 0.093832580277761854 -0.042449729002009981 0.068963960258883947 -0.0056534265599114154 -0.11395885956794878 0.063216959394568423 0.091435265256857773 0.10047553126366959
leaf_weight=3.6149726731566716 1162.1549405931048 54.113995117069067 1183.4130515151264 3.4566964386547196 11.885551316406687 0.63498810379815118 186.23243373338403 74.724238292310531 1082.8114221946842 0.20529615908225451 0.73853448362342788 12.514992693878639 0.6529648235791673 6.0203917382666532 1003.9877706809367 274.93866340629233 0.39558410915856257 17.556917629684904 83.304007675790558 2.4133739931712617 1.575267444537755 22.424489931056996 75.609953055713049 1.9349642949514407 62.780226683237515 18.929276049294003 1.7027383191771144 29.320102561322813 2.2889313896966996 118.02663078645008
leaf_count=370 61151 2684 51717 483 504 274 15968 10120 42831 1740 753 892 129 3100 65950 17066 211 676 5576 107 328 2738 3077 510 1681 2705 157 2218 85 5245
internal_value=0 0.0726193 0.0879545 0.0567183 0.0718632 0.126537 0.0491486 0.08517 0.0890593 0.110006 0.0663514 0.00355006 0.0758918 -0.00525504 0.074309 0.0828365 0.214798 0.0922664 0.0642002 -0.00535808 0.025101 0.0817477 0.0696228 0.090432 0.054127 0.0316026 0.0897744 0.0907077 0.00381969 0.0930616
internal_weight=0 1790.66 3709.7 305.632 101.853 12.5205 203.779 2526.29 1182.45 99.641 24.9167 17.547 1485.03 6.62127 1333.04 329.053 0.60088 18.2955 89.3324 6.02835 14.0903 1343.83 181.679 77.5449 104.134 41.3538 151.991 151.338 3.99167 147.347
internal_count=301046 118036 183010 24502 6831 778 17671 131293 59431 16600 6480 1703 93534 5051 85700 19750 1951 1429 6053 477 1220 71862 10711 3587 7124 5443 7834 7705 242 7463
is_linear=0
shrinkage=0.1


Tree=182
num_leaves=31
num_cat=0
split_feature=86 86 86 159 225 164 166 163 148 229 199 73 197 147 162 157 181 88 184 190 112 225 76 137 184 69 96 86 117 150
split_gain=25.8392 11.13 5.77434 3.87911 3.21914 4.15171 3.04958 3.11745 3.27497 3.66394 3.05453 3.02162 3.85043 4.30042 3.1364 3.02605 2.8682 3.38881 2.85605 2.85742 7.24203 4.27018 4.49707 4.47697 4.41206 3.46726 3.06204 2.9821 2.84988 2.7467
threshold=-0.93589836359024037 -1.1852712035179136 -0.57491785287857045 0.33070942759513861 0.071342397481203093 1.2424533367156985 0.96369493007659923 0.3110466748476029 -0.018879428505897519 0.12630632519721988 0.089155696332454695 0.33602151274681097 -0.14238528907299039 -0.0027060040738433595 47.887002944946296 0.41595722734928137 -0.11725665628910063 0.65056136250495922 -0.11222951859235762 0.04119935259222985 -0.050120176747441285 1.0000000180025095e-35 0.041960094124078758 -0.034970242530107491 0.044772448018193252 135.7850036621094 -0.094766713678836809 -0.92546641826629628 -0.082486614584922777 -0.021097648888826367
decision_type=2 2 2 2 2 2 2 2 2 2 2 2 2 2 2 2 2 2 2 2 2 2 2 2 2 2 2 2 2 2
left_child=1 -1 18 4 6 -6 7 -3 9 -9 -10 15 13 -13 -14 -5 17 -17 -2 -20 21 24 23 -23 26 -24 -21 -26 -7 -18
right_child=2 3 -4 11 5 28 -8 8 10 -11 -12 12 14 -15 -16 16 29 -19 19 20 -22 22 25 -25 27 -27 -28 -29 -30 -31
leaf_value=0.055109096952431769 0.092105237737845819 0.084419660179844591 0.096758189756396551 0.034787704705598499 -0.091440186178991745 -0.13790814455616754 -0.063964917782962635 -0.03877182815489362 0.090426303437654912 0.23287693179913149 -0.023387690359980867 0.49363797328541792 0.18602359905726307 0.12446743352601197 0.085505910583181521 -0.043753631953010047 0.062919463897191996 0.088723657539743261 0.081541716318784485 -0.043683377070902939 0.090764953041799656 -0.13752843736201786 0.10320466123231889 0.049556590285035743 0.13484588341643378 -0.17915963522401987 0.074204517271510353 -0.057096693899137851 0.10965387714287167 0.074708978688791214
leaf_weight=299.97585598848582 562.56868589549867 265.99910821358236 552.05829567239743 20.952925105755412 1.0609992677673279 0.46826915576656247 1.450078359966027 5.7823016290258833 12.939252200184681 0.54315491303509578 2.8835533415278851 0.51899216761648859 3.4445640384021194 0.80493261791354942 31.413054505926254 1.9593780983478826 280.87070236632189 132.93547051617816 1546.3342649494984 2.6507982336029281 923.7246284470865 1.3945370073520305 28.786751447369742 15.452712877786778 0.90954315000840313 0.44154786580975169 13.051160696631996 7.3538787735167244 66.73466306054496 666.66537581682826
leaf_count=24559 26751 17030 23196 13576 67 88 132 2346 3169 86 947 68 510 112 2016 212 13738 5521 85209 366 41792 224 1642 1059 86 63 1245 1273 3847 30300
internal_value=0 0.0726906 0.087335 0.0762126 0.0852951 0.10483 0.0806903 0.0814183 0.0453718 -0.0154459 0.0696848 0.0733604 0.101796 0.269186 0.0954389 0.0724279 0.0731566 0.0867994 0.0856583 0.0842305 0.0884143 0.0574127 0.0752203 0.0340706 0.0231761 0.098939 0.0543027 -0.0359698 0.107929 0.0712143
internal_weight=0 1797.4 3654.73 1497.43 357.861 68.2639 289.597 288.147 22.1483 6.32546 15.8228 1139.57 36.1815 1.32392 34.8576 1103.38 1082.43 134.895 3102.67 2540.1 993.766 70.0409 46.0755 16.8472 23.9654 29.2283 15.702 8.26342 67.2029 947.536
internal_count=301230 118324 182906 93765 27712 4002 23710 23578 6548 2432 4116 66053 2706 180 2526 63347 49771 5733 159710 132959 47750 5958 2988 1283 2970 1705 1611 1359 3935 44038
is_linear=0
shrinkage=0.1


Tree=183
num_leaves=31
num_cat=0
split_feature=74 88 103 63 225 229 211 76 10 198 151 119 197 196 63 212 157 203 142 171 73 105 216 228 172 116 151 212 127 203
split_gain=14.0732 10.2077 6.25623 4.78649 3.93445 3.88214 4.28507 5.53764 5.04148 3.99931 3.95599 3.86923 4.26943 3.81563 3.67404 3.65944 3.62775 7.15397 4.45295 3.68562 5.21413 3.76125 4.20431 6.06988 4.50069 6.69581 3.75842 3.5751 3.56141 3.71534
threshold=0.33602151274681097 0.76840013265609752 0.11756138876080514 0.33389289677143102 0.076748032122850432 -0.051808405667543404 -0.022200060077011582 0.012422839645296337 223.00000000000003 -0.015202363487333058 0.024989358149468902 0.04783958941698075 -0.00305496749933809 -0.13538848608732221 0.019811251200735572 0.084211315959692015 0.50032177567482006 -0.075365990400314317 -1.0000000180025095e-35 -0.24797575175762174 0.151948057115078 0.050101779401302345 0.095697410404682173 0.020861048251390461 0.52249667048454296 0.011822109110653402 -0.029877359047532078 0.048715593293309219 0.032211501151323325 -0.050144478678703301
decision_type=2 2 2 2 2 2 2 2 8 2 2 2 2 2 2 2 2 2 2 2 2 2 2 2 2 2 2 2 2 2
left_child=1 2 3 16 15 6 7 8 -3 -7 27 -2 -13 -8 -11 -5 17 -1 -19 20 -18 -21 24 -24 -23 -26 -25 -9 -20 -30
right_child=11 5 -4 4 -6 9 13 10 -10 14 -12 12 -14 -15 -16 -17 19 18 28 21 -22 22 23 26 25 -27 -28 -29 29 -31
leaf_value=0.050624780993613838 0.064639472623064506 -0.12534409902035312 0.076031089965232959 0.083557362505466096 0.047263645787146563 0.08508922399435169 -0.079536644804470633 0.076657855927689589 0.019429041149465951 0.080339073106980088 -0.042930362624660351 0.049332308011639049 0.10007134282419811 0.076840422136380732 0.060259787787680902 0.042743126176032188 0.076343179832468286 0.074869227484635856 0.10531897329951477 0.092574503552484991 -0.025965612135725465 0.087360480620919473 -0.016509958063993163 -0.14365701361894709 -0.026785916184039145 0.090912093620562309 0.088735650207188321 0.013802005232760326 0.14937314385919206 0.051214767316460644
leaf_weight=68.623784957340661 520.42695822620158 3.3461554507256297 529.71490865917986 287.36147946634827 40.393241455680425 341.68227003635405 1.5884862542035296 38.000466404023058 8.5553806911775609 177.54351860780963 3.896630702717629 22.159704317691649 65.907866935846641 88.068133972207789 187.22191958321014 23.786424379976893 84.986087894137654 169.52055861421567 129.14175196162202 2216.5577648077547 5.2916166118902757 395.85772947432952 10.190113929336805 0.72431806074564775 8.7533822092809732 10.793739121570978 17.751566771699345 11.877188232124238 4.5738342653157842 24.571912568189987
leaf_count=15502 35743 720 31655 14724 2551 18407 389 2087 443 9974 437 2425 2634 6174 13589 2050 3419 34958 22086 60164 476 11353 675 43 291 146 488 915 733 5939
internal_value=0 0.084046 0.0861591 0.0876924 0.0766255 0.0741679 0.0598544 0.0404484 -0.0212744 0.0773152 0.0541091 0.0679198 0.0873043 0.0740698 0.070033 0.0804372 0.0889285 0.0799852 0.0861315 0.0902174 0.0703464 0.0908916 0.0824914 0.0454512 0.0850475 0.0382058 0.0796251 0.0616902 0.098193 0.0666187
internal_weight=0 4890.37 4028.59 3498.88 351.541 861.78 155.332 65.6758 11.9015 706.448 53.7743 608.495 88.0676 89.6566 364.765 311.148 3147.34 396.432 327.808 2750.91 90.2777 2660.63 444.071 28.666 415.405 19.5471 18.4759 49.8777 158.287 29.1457
internal_count=301190 260388 207253 175598 19325 53135 11165 4602 1163 41970 3439 40802 5059 6563 23563 16774 156273 79218 63716 77055 3895 73160 12996 1206 11790 437 531 3002 28758 6672
is_linear=0
shrinkage=0.1


Tree=184
num_leaves=31
num_cat=0
split_feature=86 86 83 93 79 68 158 161 7 156 82 86 85 191 198 202 112 140 216 181 156 216 173 173 10 1 215 148 202 228
split_gain=27.8393 11.9234 4.38897 3.96706 3.42839 4.33159 4.06078 3.94034 3.83238 3.70771 4.49435 3.47551 4.24458 4.02729 3.73015 3.55535 3.51784 3.19563 3.09271 3.08529 3.03276 3.82861 5.2904 3.32193 3.23328 3.1722 3.06937 6.05591 2.96404 4.0622
threshold=-1.0855413675308225 -0.6793040633201598 10.500000000000002 0.24697411805391314 0.020620748400688175 34.987495422363288 0.63333335518836986 2.6733570098876958 0.16359986364841464 0.18976429104804995 0.0372685194015503 -1.2228108644485471 70.500000000000014 0.13519497960805896 -0.018973783589899536 -0.075292892754077897 0.015935469418764118 0.025937856175005439 0.055934701114892967 0.023576142266392711 0.3656191378831864 0.023641522042453293 0.29479257762432104 0.027264649979770187 440.50000000000006 0.15707236528396609 0.13055375963449481 -0.016641999594867226 -0.059619966894388192 0.12350439280271532
decision_type=2 2 2 2 2 2 2 2 10 2 2 2 2 2 2 2 2 2 2 2 2 2 2 2 10 10 2 2 2 2
left_child=4 2 3 -2 5 -1 7 -7 11 17 -11 12 14 -14 -6 -13 -16 19 -12 -10 25 26 23 -23 -25 -4 -22 -28 29 -5
right_child=1 -3 20 28 8 6 -8 -9 9 10 18 15 13 -15 16 -17 -18 -19 -20 -21 21 22 -24 24 -26 -27 27 -29 -30 -31
leaf_value=-0.055935616018912754 0.082819179664134476 0.094327349062577365 0.09808103335118501 0.054476864501504497 0.081261260416582007 -0.093319497098127813 -0.035797186399447498 0.058117978253486725 0.065610574399448146 0.070047655068260231 -0.10254109673419579 0.033854965707607647 0.020658096787949623 -0.12114400880073523 0.017497088084568853 0.073562512963652793 0.088453644340651241 0.13053725101552116 0.094299116578210676 0.10779723301295888 0.092875894179169916 -0.010254613438193247 -0.084047848177479414 0.1156248194838268 0.00010388677154931587 -0.0019432988788685595 -0.17761567472691758 0.069278338103509265 0.076974166381045914 0.25747164941632716
leaf_weight=3.6796044985423171 2833.4679499331223 1181.3836303589319 318.66573193641369 93.170897999908902 32.719073118799542 1.736881440005617 4.9135428324032082 159.4996945049846 39.876534456111813 107.45361424673956 2.5767035261487758 26.12720155191883 20.102394144762346 2.2244771823980036 28.226465005734326 164.67338744271214 9.2854690207925596 18.608334681361043 1.156436154120456 30.668808215925992 73.04537005581733 4.915591610446433 2.9947161123036485 9.5860824065866819 3.2422958196257232 3.2025258011670408 1.2451799759355706 4.9147683101436987 298.37865304812726 0.99634917898470021
leaf_count=747 154956 51735 17100 6352 2711 289 280 12851 5156 3470 190 3224 2065 217 2882 11350 731 1134 65 1986 1374 270 324 302 45 809 69 42 18105 204
internal_value=0 0.085596 0.0827682 0.0815139 0.0636043 0.0513809 0.0537576 0.0564867 0.0678961 0.078482 0.0663002 0.0604116 0.0445106 0.00653003 0.0565848 0.0681252 0.0350612 0.0936744 -0.0415648 0.0839508 0.0923608 0.0771442 0.0388944 0.0596438 0.0864276 0.0970858 0.0871593 0.0193709 0.0720926 0.0566247
internal_weight=0 4829.21 3647.83 3226.01 653.529 169.83 166.15 161.237 483.699 200.34 111.187 283.358 92.5579 22.3269 70.231 190.801 37.5119 89.1537 3.73314 70.5453 421.812 99.944 20.7387 17.744 12.8284 321.868 79.2053 6.15995 392.546 94.1672
internal_count=301035 251687 199952 179617 49348 14167 13420 13140 35181 12001 3725 23180 8606 2282 6324 14574 3613 8276 255 7142 20335 2426 941 617 347 17909 1485 111 24661 6556
is_linear=0
shrinkage=0.1


Tree=185
num_leaves=31
num_cat=0
split_feature=86 86 86 217 106 161 150 112 7 144 222 36 147 207 204 181 96 186 108 154 107 207 110 3 56 38 85 220 69 207
split_gain=25.4595 8.12326 5.85859 4.05482 4.36877 3.87909 4.72097 3.60897 3.42319 3.84729 5.14464 3.43429 3.3157 4.12262 3.28694 3.1472 3.08536 3.82219 4.58482 4.28211 4.0194 3.65179 3.55471 3.34803 7.35016 4.7078 3.72291 3.4691 3.05427 3.63512
threshold=-0.93589836359024037 -1.1852712035179136 -0.52371230721473683 0.035399394109845168 -0.030250401236116883 3.6289408206939702 -0.03484357334673404 -0.0097600836306810362 0.10084745660424234 -0.02134000044316053 0.019337690435349945 1.0000000180025095e-35 0.029841838404536251 -0.081502176821231828 0.15467108041048053 0.14215464890003207 0.040824815630912788 -0.16723144054412839 -0.021937659010291096 -0.049757342785596841 -0.048118628561496728 0.13677608221769336 -0.047861982136964791 0.30094340443611151 1.0000000180025095e-35 1.0000000180025095e-35 90.500000000000014 0.096018407493829741 135.771110534668 0.15992875397205356
decision_type=2 2 2 2 2 2 2 2 8 2 2 2 2 2 2 2 2 2 2 2 2 2 2 10 2 2 2 2 2 2
left_child=1 5 8 -4 7 6 -1 -5 9 10 12 -12 -2 -14 -13 -8 17 18 19 -3 -20 23 -23 27 25 26 -25 -19 29 -18
right_child=2 16 3 4 -6 -7 15 -9 -10 -11 11 14 13 -15 -16 -17 28 21 20 -21 -22 22 -24 24 -26 -27 -28 -29 -30 -31
leaf_value=0.020128779820562024 0.092222377961515514 -0.097830791430695008 0.10598728164326786 0.048583865115687207 0.058762032003768241 0.047707041529467795 0.088580378502134835 0.11578380019356008 0.084868943023329715 0.10051267019938639 -0.016948709867628416 0.072972059171177134 0.11553164121678755 -0.06857384970056922 0.43151803837629638 0.054998261354943637 0.08045799979701701 0.06916121409653668 0.093122688541159848 0.083438669895153583 -0.012212844957393061 -0.047169316029604655 0.1115764948233075 0.11208586433100631 -0.12144811468726209 -0.045323571702397696 0.014901503758968607 0.092973560715734607 0.10433503273679035 -0.0057536612055835634
leaf_weight=16.567205251672931 65.809366726641315 1.3785881522694605 258.79003510609778 10.033377980779049 43.992678192356379 167.79175479708806 80.789491036726758 39.276085563911238 3003.4228509041086 288.01998028547939 8.7577361339573354 2.8293496152552957 2.0791478518855229 2.9308260491700358 0.2810840673032543 42.633321083970031 429.4974334730137 771.55487840377737 4.6220105064581984 23.828555283847493 16.751949012588341 1.4703146010374428 34.725026354823285 56.117406776657049 1.5345223191270623 2.1501463638957139 4.239551873210984 66.449617431999741 55.770027127867706 4.9472124534642594
leaf_count=2209 5826 336 9980 770 2209 11521 7903 708 119896 38935 3399 567 157 698 43 2797 24910 45990 316 1289 2387 295 2297 4997 540 622 661 4363 3875 735
internal_value=0 0.0727385 0.0872689 0.0995437 0.0816712 0.0579614 0.0702522 0.10211 0.085988 0.0950542 0.0760411 0.0151097 0.0862522 0.00783025 0.105373 0.0769803 0.0758219 0.0725952 0.0446357 0.073525 0.0105654 0.0739833 0.105128 0.0727336 0.0947716 0.10008 0.10526 0.0710494 0.0823044 0.0794763
internal_weight=0 1782.82 3726.22 352.092 93.3021 307.782 139.99 49.3095 3374.13 370.707 82.6875 11.8682 70.8193 5.00997 3.11043 123.423 1475.04 984.823 46.5811 25.2071 21.374 938.241 36.1953 902.046 64.0416 62.5071 60.357 838.004 490.215 434.445
internal_count=301231 118043 183188 13667 3687 24430 12909 1478 169521 49625 10690 4009 6681 855 610 10700 93613 64093 4328 1625 2703 59765 2592 57173 6820 6280 5658 50353 29520 25645
is_linear=0
shrinkage=0.1


Tree=186
num_leaves=31
num_cat=0
split_feature=86 86 86 79 94 157 66 82 73 0 171 192 201 132 129 199 232 207 132 128 229 230 97 88 161 145 90 152 0 68
split_gain=26.3286 7.682 6.35836 3.89249 3.28689 4.40669 3.26126 3.72159 3.58869 3.56737 4.7 3.18648 3.57944 3.81575 3.13926 3.90906 3.87599 3.85806 3.61483 3.44574 3.43942 4.74063 3.16717 3.66233 3.10895 5.52121 3.47453 3.09357 5.02543 3.15122
threshold=-0.93589836359024037 -1.1183982491493223 -0.66616135835647572 0.53197279572486889 -0.11409469693899153 0.36011028289794927 3.1320537328720097 0.050423728302121169 0.33602151274681097 0.18245838582515719 -0.15742088854312894 0.15750596672296527 1.0000000180025095e-35 0.00522177154198289 -0.016972457990050312 0.22859477251768115 0.065493863075971617 0.048751434311270721 0.035425905138254173 0.045790137723088271 0.12630632519721988 0.091451760381460204 -0.059580713510513299 0.63523870706558239 2.7361341714859013 0.015336560085415842 1.6742346882820132 0.051856007426977165 0.21864652633666995 35.000194549560554
decision_type=2 2 2 2 2 2 2 2 2 8 2 2 2 2 2 2 2 2 2 2 2 2 2 2 2 2 2 2 10 2
left_child=1 3 14 4 -1 -6 7 11 -8 10 -9 27 13 -13 16 17 24 18 20 -18 -16 -22 23 -17 25 -2 -27 29 -29 -4
right_child=2 -3 6 -5 5 -7 8 9 -10 -11 -12 12 -14 -15 15 22 19 -19 -20 -21 21 -23 -24 -25 -26 26 -28 28 -30 -31
leaf_value=0.091306225421152493 0.078601901932341109 0.077199792971550704 0.034665479399456522 0.15949209478700013 -0.04415161888456727 0.060648627367343624 0.10062050039309367 0.12671686752494379 -0.0058786356571750463 0.11514277808494189 -0.0038585037448415752 0.10637518866770086 0.0032198952884704697 -0.064202370231546388 0.079016200858204294 -0.17792454157461116 0.10579030034751702 0.089939462741121703 0.10177408998264809 0.020743948331752363 -0.012854827951366507 0.071496807034413329 -0.0086622879349509234 0.096519498980988216 0.088014750095268046 0.024288211507725605 -0.12598770644744883 -0.04652506329724404 0.079761296586004962 0.09012703250880981
leaf_weight=35.488996621985848 27.588158718937393 1299.3911526493139 10.498914004830395 4.1247723856663461 4.0469018399539882 468.63023702064982 517.56871083502824 4.9973359889886524 3.1835138130277292 78.610336872168318 6.1478824204788207 10.392296323281245 9.7964863006984597 1.5007866192004247 973.60150750661569 0.51967234118319705 164.38330354078698 525.75971951842484 68.127211749515936 4.9061836111463881 9.6784362653256739 21.382502824906624 8.4688508457660401 7.5579508051620223 816.33923751630186 5.5803250506469331 2.1242522074696808 4.4459903315894271 10.819126696469537 422.89825813717727
leaf_count=2128 1505 78764 446 201 4757 32139 26545 214 307 1856 525 587 899 221 53738 44 6150 24289 3648 325 1364 549 882 329 43004 184 220 371 263 14571
internal_value=0 0.0731111 0.0878136 0.0627404 0.0619551 0.0597514 0.0942727 0.0889762 0.0999694 0.107636 0.0546894 0.0854154 0.0479803 0.08485 0.0851651 0.0824214 0.0895056 0.0829219 0.0794827 0.103326 0.0779711 0.0452133 0.0340657 0.0788632 0.0867585 0.0576999 -0.0171448 0.0872251 0.0429802 0.0887835
internal_weight=0 1811.68 3716.88 512.291 508.166 472.677 1080.86 560.107 520.752 89.7556 11.1452 470.352 21.6896 11.8931 2636.02 1615.1 1020.92 1598.55 1072.79 169.289 1004.66 31.0609 16.5465 8.07762 851.632 35.2927 7.70458 448.662 15.2651 433.397
internal_count=301025 117989 183036 39225 39024 36896 46805 19953 26852 2595 739 17358 1707 808 136231 84843 51388 83588 59299 6475 55651 1913 1255 373 44913 1909 404 15651 634 15017
is_linear=0
shrinkage=0.1


Tree=187
num_leaves=31
num_cat=0
split_feature=86 86 157 156 74 220 88 81 173 108 0 10 175 168 93 174 67 181 215 113 205 5 71 66 157 221 156 10 206 5
split_gain=24.6307 9.32552 4.1587 3.606 3.38988 3.70578 4.39804 3.40677 3.48548 3.5387 3.38089 4.18183 3.71884 3.18217 3.16158 4.30709 3.15197 3.14312 4.16659 3.13607 4.07474 5.55615 4.41174 3.19826 3.03411 2.99687 2.96053 3.9962 4.26614 3.66586
threshold=-1.0724866986274717 -0.6793040633201598 0.33250422775745397 1.0000000180025095e-35 0.27543103694915777 -0.12287385389208792 0.72228047251701366 0.21370023488998416 0.2851876318454743 -0.074020847678184495 0.3473824411630631 2.5000000000000004 -0.15759430080652234 2.9132624864578252 0.36510318517684942 -0.27805669605731959 6.6703209877014169 -0.04854463413357734 -0.081197701394557939 0.036568652838468559 -0.091705024242401109 1.0000000180025095e-35 0.013606071937829258 12.38142251968384 0.65648138523101818 -0.11478391662240027 0.097693528980016722 101.50000000000001 -0.087137296795845018 0.55000001192092907
decision_type=2 2 2 2 2 2 2 2 2 2 10 8 2 2 2 2 2 2 2 2 2 10 2 2 2 2 2 8 2 8
left_child=4 2 -2 -4 7 6 -6 8 -1 -10 11 -5 -12 -9 26 -16 -7 18 -15 23 21 -21 -23 -3 -24 -17 27 28 29 -13
right_child=1 19 3 10 5 16 -8 13 9 -11 12 14 -14 17 15 25 -18 -19 -20 20 -22 22 24 -25 -26 -27 -28 -29 -30 -31
leaf_value=0.074032822986009633 -0.01513472016253925 0.096782138720479832 -0.09335858698792765 -0.10787907711756591 -0.1002906924457391 0.055307513225623842 0.11238715153507464 0.012145522911056599 0.02747601222020184 0.12022229153206546 0.16350450752094683 -0.042442773345416844 0.093045441910587834 0.014691547835082084 -0.048768654996572229 0.0082352859822515025 -0.073104867378544242 0.053721278524956034 0.091988825273686473 -0.074398820309976119 0.088343390251908363 0.10444483469065234 0.031727171857338358 -0.019037824642186847 -0.19700257845855429 0.074077894280070486 0.082066443093480823 0.08730873610701767 0.12277765928122351 0.33774037370980353
leaf_weight=242.88749963373215 4.3007672485991852 866.86214734757255 1.155633916039277 1.1527362899300886 1.0294097586638624 261.04926814845464 17.536060732855731 12.586721467398318 4.7562397506508196 30.46033927244531 7.7813348196968937 2.5128138309437413 200.69748866632881 8.000197484067483 3.0870395478814308 7.292859959685301 1.9255711808237936 104.97297973378897 54.340505601946347 3.2622222903555693 275.87753460246654 13.021399241182737 11.001405341995447 2.3908003946444287 0.61221618857234794 132.64277324417026 2805.2926074487164 384.28386664414393 51.623439737827539 0.28209638912403523
leaf_count=16103 4912 36435 11050 10407 101 20370 634 2181 465 1713 1113 2937 18436 623 315 389 869 7566 3548 991 11975 328 831 1155 6 6586 91398 33551 14031 270
internal_value=0 0.0856629 0.0831411 0.0832585 0.0660508 0.0574156 0.100595 0.071359 0.0782957 0.107696 0.0833153 0.0825548 0.0956753 0.0606358 0.0826196 0.068069 0.0543672 0.0642837 0.0820692 0.093407 0.0846604 0.0482395 0.0644795 0.0964636 0.0196696 0.0706465 0.0832611 0.0909003 0.116263 -0.00407006
internal_weight=0 4775.13 3602.11 3597.8 739.545 281.54 18.5655 458.004 278.104 35.2166 3596.65 3388.17 208.479 179.9 3387.02 143.023 262.975 167.314 62.3407 1173.03 303.775 27.8972 24.635 869.253 11.6136 139.936 3243.99 438.702 54.4183 2.79491
internal_count=301289 247116 195395 190483 54173 21974 735 32199 18281 2178 179433 159884 19549 13918 149477 7290 21239 11737 4171 51721 14131 2156 1165 37590 837 6975 142187 50789 17238 3207
is_linear=0
shrinkage=0.1


Tree=188
num_leaves=31
num_cat=0
split_feature=86 86 86 93 17 74 229 127 161 215 85 181 117 156 12 7 68 207 176 202 12 160 214 11 228 209 100 16 157 160
split_gain=26.6277 9.37886 7.0012 4.51165 3.95919 3.56274 3.44429 3.58929 3.37319 3.29694 3.17554 8.12132 3.69047 3.17237 3.04554 2.92741 2.84796 2.84623 3.93476 3.52249 2.87385 2.82848 4.1545 4.83556 3.42504 2.84438 2.80227 2.77683 2.77576 2.76127
threshold=-0.93589836359024037 -1.1852712035179136 -0.6793040633201598 0.33721725642681127 12.500000000000002 0.014599318150430919 0.06476814299821855 -0.0050448402762413016 2.6733570098876958 0.13055375963449481 35.500000000000007 0.23009756207466128 -0.026183969341218468 0.41548451781272894 402.00000000000006 0.26726190745830541 41.417657852172859 0.014730554539710285 0.12611594051122668 0.11580475419759752 51.500000000000007 1.0000000000000002 -0.09007264673709868 0.045817431062459953 0.11285353824496271 0.098289143294096007 -0.058668583631515496 1.0000000180025095e-35 0.44172908365726476 1.0000000000000002
decision_type=2 2 2 2 2 2 2 2 2 2 2 2 2 2 10 10 2 2 2 2 8 2 2 8 2 2 2 2 2 2
left_child=1 10 4 -3 5 13 8 -8 -6 -5 11 12 -1 15 -14 -2 29 -10 19 20 -19 24 -23 25 -12 -24 -25 -28 -17 -4
right_child=2 3 16 9 6 -7 7 -9 17 -11 21 -13 14 -15 -16 28 -18 18 -20 -21 -22 22 23 26 -26 -27 27 -29 -30 -31
leaf_value=0.010791880049305314 0.093686239357635689 0.078786015471874915 0.097272104203819806 0.064558418398086889 -0.02959850119667673 0.082168000412166819 -0.048117572125769115 0.076996358443615395 0.11219342721650677 -0.026111638958780537 0.060598437851494803 -0.045697122250958698 0.10029282557050018 0.073843566819650805 0.043692094295866284 -0.065359863439173008 0.12492080687244145 -0.084329945336906131 0.0038677672700538866 -0.010869607780903581 0.10289378213021627 -0.054296960638075015 0.0063517496792100522 0.0067455790834986392 -0.037159621294304994 0.10099326724974762 -0.1036486834814731 0.097215648535824359 0.13397767861359053 0.087019493886723934
leaf_weight=6.3746782759073986 326.81501722269263 1285.4807693262601 755.14478350754325 198.35932033573113 1.9214199024996776 1900.2090208002755 2.9237231470287961 10.628457316675732 124.75764768971521 4.0931138320534037 159.46354987379652 5.2183046109921625 54.708754234859157 76.887361396302822 11.505800973311123 0.71833359351058135 29.984940142009236 0.83332672397136676 5.3532732619980825 3.0417904334194636 50.754361997963542 4.9577653789560818 30.372814895277088 5.0001204058346529 3.6663417113945789 3.5463782497638467 0.71302745139996915 19.801860800204395 25.377926392128074 402.81174345996396
leaf_count=692 17326 78636 28984 14101 154 101450 446 895 4140 706 11400 508 3761 1838 305 671 1416 644 608 303 1502 826 4094 547 456 410 246 1227 1339 21315
internal_value=0 0.0733247 0.0881606 0.0766007 0.0851873 0.0840277 0.0986817 0.0500045 0.102216 0.0627253 0.05736 0.0747992 0.0834615 0.0922498 0.0904576 0.0962599 0.0944935 0.103587 0.0856859 0.0937035 0.0998694 0.0513962 0.0336496 0.0409858 0.0584013 0.0162469 0.0738732 0.0902343 0.128491 0.0937056
internal_weight=0 1793.26 3718.16 1487.93 2530.22 2330.01 200.214 13.5522 186.662 202.452 305.329 77.8075 72.5892 429.799 66.2146 352.911 1187.94 184.74 59.9828 54.6295 51.5877 227.522 64.392 59.4342 163.13 33.9192 25.515 20.5149 26.0963 1157.96
internal_count=300946 117915 183031 93443 131316 122624 8692 1341 7351 14807 24472 5266 4758 21174 4066 19336 51715 7197 3057 2449 2146 19206 7350 6524 11856 4504 2020 1473 2010 50299
is_linear=0
shrinkage=0.1


Tree=189
num_leaves=31
num_cat=0
split_feature=93 63 88 179 224 0 97 184 191 6 219 213 67 142 140 157 206 63 211 116 156 123 5 177 104 209 131 209 192 154
split_gain=18.0463 7.48753 4.7145 4.51905 4.11596 3.80493 8.79715 4.42788 3.76681 3.7862 3.63657 5.04131 3.89289 3.80457 3.61571 4.81321 3.62383 3.59984 3.39606 3.37576 3.38104 3.42865 3.31987 3.55464 3.25146 3.87796 4.26695 4.87037 4.23829 4.26879
threshold=0.30705134570598608 0.33389289677143102 0.7782278060913087 0.22382845729589465 0.16344209015369418 0.13484849035739901 0.098886922001838698 0.1214098483324051 0.084891863167285933 0.20294117927551272 0.090445328503847136 -0.10121362283825873 2.6282684803009038 -0.029974713921546933 0.016796791926026348 0.43361093103885656 -0.10877477377653121 0.27353157103061682 -0.071778662502765642 0.076474536210298552 0.09268804639577867 0.061817349866032607 1.0000000180025095e-35 0.15609982609748843 -0.085178598761558519 0.01151418359950185 -0.0062153679318726054 0.051932888105511672 0.26124556362628942 0.015209243167191746
decision_type=2 2 2 2 2 8 2 2 2 10 2 2 2 2 2 2 2 2 2 2 2 2 8 2 2 2 2 2 2 2
left_child=1 2 24 10 5 6 7 17 22 19 12 -12 14 -14 15 -3 -16 -2 -15 20 -10 -22 23 -4 -1 -26 27 28 29 -27
right_child=4 3 8 -5 -6 -7 -8 -9 9 -11 11 -13 13 18 16 -17 -18 -19 -20 -21 21 -23 -24 -25 25 26 -28 -29 -30 -31
leaf_value=0.081161353653334919 0.11462558896108706 -0.0061212316317832277 0.12199670697016365 0.11891025273846255 0.12876815441875264 0.060131194321200114 0.96208092304031401 -0.055416620856717093 0.10974744905330694 -0.13552463040278148 -0.049166510809093213 0.095777122235906786 -0.047748151090509394 -0.047995698085910365 0.017518239399714836 0.068104420649131844 0.089115590404651709 -0.016282326331612456 0.058848086621764786 -0.012926271519780026 0.061305458870483165 -0.084518322901888585 0.079192300299918861 -0.029740851522781254 0.085537644780368516 0.098915267815717009 0.098732936911241354 0.078739514915233774 0.29628938593799037 0.073657190452399476
leaf_weight=704.49501754280527 25.398377451096007 9.0031595781894662 28.153626299797228 21.715804558662171 9.5925089737584113 421.00206257902283 0.11713686624307129 1.8643506333022504 15.204860051686863 0.97927361120309697 2.4716163697262337 82.393980115465524 4.3089920362798457 3.216359893965886 7.4662406216305035 294.71307412277986 132.95517841873436 2.2900417332043608 39.63243403609755 5.6664257732252272 78.298249053736072 1.646275501081617 445.13904312786894 1.6334408209634137 1755.7882089787406 355.34826542808742 626.28651997479824 343.51848943184666 1.0398219469664116 82.434381110766367
leaf_count=39704 4754 3628 6314 1727 393 24625 40 1138 2734 400 291 3156 1208 943 678 11449 6479 1743 4989 467 4092 140 18783 1061 88136 15825 27315 23962 245 5008
internal_value=0 0.0846351 0.0860481 0.0741284 0.0639501 0.0625705 0.0971825 0.0937544 0.0776135 0.0601572 0.0724406 0.0915558 0.0691386 0.0418208 0.0720392 0.0659041 0.0853087 0.103799 0.0508281 0.0620579 0.0665234 0.0583026 0.0813551 0.113676 0.0873054 0.0886732 0.0925816 0.0876572 0.0946381 0.0941592
internal_weight=0 5043.51 4445.63 597.877 460.264 450.672 29.6699 29.5528 576.721 101.795 576.161 84.8656 491.295 47.1578 444.138 303.716 140.421 27.6884 42.8488 100.816 95.1494 79.9445 474.926 29.7871 3868.91 3164.42 1408.63 782.341 438.822 437.783
internal_count=301427 268734 234186 34548 32693 32300 7675 7635 33991 7833 32821 3447 29374 7140 22234 15077 7157 6497 5932 7433 6966 4232 26158 7375 200195 160491 72355 45040 21078 20833
is_linear=0
shrinkage=0.1


Tree=190
num_leaves=31
num_cat=0
split_feature=93 79 103 168 182 129 147 225 170 121 157 205 135 63 66 226 211 205 207 129 36 157 210 172 43 187 151 146 226 145
split_gain=16.0199 7.71758 6.45319 4.18069 4.27082 3.95648 4.19078 5.91998 4.03637 3.94264 3.9071 3.88801 4.42465 3.85203 3.72666 3.62968 3.60236 3.5806 3.44264 4.45446 3.46624 3.4361 3.38217 4.66249 4.12557 3.4296 5.30924 3.80997 5.57935 3.48657
threshold=0.26758758723735815 0.3081014752388001 0.10245418176054956 2.7436002492904668 -0.033262830227613442 0.014275002293288709 0.036989033222198493 -0.012456766329705713 0.50697025656700145 0.065653946250677123 0.52174842357635509 0.18955272436141971 -0.025622594170272347 0.24545940756797793 10.867321014404299 -0.02905179280787706 0.060283595696091659 -0.043906578794121735 0.13677608221769336 -0.016972457990050312 1.0000000180025095e-35 0.39325641095638281 -0.10561821237206458 -0.13490908592939374 1.0000000180025095e-35 -0.018478606827557083 0.0085215899161994475 -0.0031882295152172442 -0.0068693305365741244 -0.0032992028864100571
decision_type=2 2 2 2 2 2 2 2 2 2 2 2 2 2 2 2 2 2 2 2 2 2 2 2 2 2 2 2 2 2
left_child=1 2 13 15 9 6 8 -8 21 -5 -11 18 -13 -1 17 -4 -6 -15 -2 -20 -21 -3 23 -18 25 26 -24 28 -27 -30
right_child=11 5 3 4 16 -7 7 -9 -10 10 -12 12 -14 14 -16 -17 22 -19 19 20 -22 -23 24 -25 -26 27 -28 -29 29 -31
leaf_value=0.086394467448089818 0.067769596119745007 0.032807909556588577 -0.036845021342006394 0.071544632230230554 0.086037236937358041 0.082509912233775212 0.026913196820326387 0.085882235077658395 0.090073140951694608 -0.01517337583738129 0.053345712841244321 0.10275903847376003 -0.077283043911486757 0.089919587626987346 -0.085454140957242145 0.05770617832187537 0.43561128066587618 0.070254779584020988 -0.049345649704009682 0.13700927604071553 -0.011443821181589315 0.10247308472929112 0.055390537988377432 0.10756512509894443 -0.091864946875562431 0.077126355244981515 -0.084228332569151326 0.090399230038371178 0.043355513717085126 -0.10860466653692454
leaf_weight=1993.1107435988174 603.19224852555681 7.1806045931473923 6.1171178554141106 178.51812896223066 300.04684008374784 478.22686175469516 21.428322984725696 82.836713905526835 779.73963114998344 10.007170328502978 49.421428469253442 2.1358580095670732 3.7820342734921715 135.55949499760146 1.4257626094528166 12.073675308693735 0.47373160059305508 292.12770368405887 1.623778591519115 17.031663782061063 1.7328472854292147 505.41779602830212 8.875441249812182 5.0713580221072325 1.8777402814657751 10.016936008816403 3.929425853775796 32.580690985005731 2.634164412521387 3.5375381051392178
leaf_count=106204 39521 5162 860 9278 18620 23950 2244 3153 31899 2661 1496 175 1083 7012 1243 2304 93 16914 559 903 180 20913 929 200 202 438 648 1625 244 320
internal_value=0 0.0853121 0.0822062 0.0731484 0.074564 0.0903603 0.0930485 0.073763 0.0946044 0.0641177 0.0418078 0.06837 -0.0123031 0.0845441 0.0759497 0.0259109 0.0812995 0.0764877 0.0691356 0.10955 0.1233 0.101497 0.0606963 0.135591 0.0541512 0.0586041 0.0125457 0.0706971 0.0310454 -0.043746
internal_weight=0 4922.24 3047.41 625.181 606.991 1874.83 1396.6 104.265 1292.34 237.947 59.4286 629.498 5.91789 2422.22 429.113 18.1908 369.044 427.687 623.581 20.3883 18.7645 512.598 68.997 5.54509 63.4519 61.5742 12.8049 48.7693 16.1886 6.1717
internal_count=301033 258612 171291 39918 36754 87321 63371 5397 57974 13435 4157 42421 1258 131373 25169 3164 23319 23926 41163 1642 1083 26075 4699 293 4406 4204 1577 2627 1002 564
is_linear=0
shrinkage=0.1


Tree=191
num_leaves=31
num_cat=1
split_feature=86 86 86 189 179 59 10 103 117 184 232 73 179 142 93 193 152 0 82 76 235 17 3 7 134 97 97 203 212 71
split_gain=29.4821 11.1456 5.31145 3.37849 3.7348 3.47207 3.32041 3.30196 4.16827 3.83313 3.65272 3.61652 4.34521 3.36507 3.21746 3.17092 3.32593 3.15714 3.51756 3.04388 2.98036 2.94585 3.37798 3.15772 5.55247 2.93677 2.86373 2.78928 2.76856 4.00693
threshold=-1.0724866986274717 -0.76415729522705067 -1.1852712035179136 0.15722425282001498 0.1097257398068905 1.0000000180025095e-35 603.50000000000011 0.034692607820034034 0.062822327017784133 -0.064048971980810152 0.10411761701107027 0.059262510389089591 0.060023002326488502 0.0050440463237464437 -0.069273695349693284 -0.12069081887602805 0.061418190598487861 0.21318880468606952 0.012501953635364773 0.32495285570621496 0 12.500000000000002 0.15524256974458697 0.12144130468368532 -0.0049162227660417548 -0.1168997325003147 0.013006615918129684 0.066411025822162642 -0.094803858548402772 0.043167702853679664
decision_type=2 2 2 2 2 2 10 2 2 2 2 2 2 2 2 2 2 10 2 2 1 2 8 8 2 2 2 2 2 2
left_child=2 21 3 4 -1 26 7 8 -3 15 11 -11 28 -14 -8 -9 19 -12 -19 25 -10 -2 -23 24 -24 -17 -5 -26 29 -13
right_child=1 6 -4 5 -6 -7 14 9 20 10 17 12 13 -15 -16 16 -18 18 -20 -21 -22 22 23 -25 27 -27 -28 -29 -30 -31
leaf_value=0.053445400263975817 0.081422648199658873 0.096839645544044062 0.071895028695196039 0.020896041663033736 0.089246681785868212 0.11451425292636259 0.092659450023972439 0.023034292128206617 0.3993576213468118 0.077139006192981238 -0.010301661751819714 -0.082204592085693418 0.0065274079176978975 0.09984229480284558 0.072389134187697768 -0.038161716095377378 -0.065726565083639041 0.10114876210867832 -0.076745294333855754 0.14618264957660038 0.14208021064814214 0.11787954826031266 -0.098072878351908491 0.091575014733282833 0.09469894219815872 0.099505408009989416 -0.074681943117569469 -0.032273047858004285 0.10585156072823715 0.10126009465881994
leaf_weight=256.07399200793611 2705.5449838836371 942.80338655730634 439.78025282169335 12.631871261607108 32.880185603049881 2.9671703721669465 159.37666886075158 5.3908639717353699 0.46472228708967123 245.53809795686647 7.6743229619562525 1.9452091580413924 8.8467062708187978 6.8620264619459581 153.93922384093457 1.5614231096766378 1.1949048274004201 7.987982824155095 1.2911902501737129 14.294415583168982 14.470303467013988 46.127970696359739 2.3745616786876562 128.04435142902071 9.0152852298590407 204.05430697224807 4.169618826963414 2.1409981200040429 125.9061373729503 3.0680178441964472
leaf_count=20233 152765 44092 29777 1121 2578 147 3561 1091 81 14009 572 290 1424 414 4654 240 233 239 122 379 612 2976 521 4083 702 8252 589 234 5015 209
internal_value=0 0.086175 0.0648371 0.054783 0.0575192 0.0147883 0.0921109 0.0939614 0.09767 0.0883734 0.0825953 0.08456 0.0969868 0.04729 0.0827002 0.0988104 0.100658 0.0371501 0.0763949 0.101562 0.150086 0.0822631 0.0943776 0.0867202 0.040778 0.09846 -0.00282351 0.0703318 0.10295 0.030073
internal_weight=0 4799.92 748.503 308.723 288.954 19.7687 1906.67 1593.35 957.738 635.616 409.12 392.166 146.628 15.7087 313.316 226.496 221.105 16.9535 9.27917 219.91 14.935 2893.25 187.703 141.575 13.5308 205.616 16.8015 11.1563 130.919 5.01323
internal_count=301215 246770 54445 24668 22811 1857 85489 77274 44785 32489 22294 21361 7352 1838 8215 10195 9104 933 361 8871 693 161281 8516 5540 1457 8492 1710 936 5514 499
cat_boundaries=0 1
cat_threshold=4
is_linear=0
shrinkage=0.1


Tree=192
num_leaves=31
num_cat=0
split_feature=93 121 171 152 182 81 157 63 219 9 199 61 214 138 125 0 215 111 3 120 137 130 161 63 19 95 224 228 74 12
split_gain=12.0368 7.00573 6.41737 5.57256 5.1444 4.73981 4.68658 4.09836 3.80339 3.7117 3.42413 5.37627 3.42051 3.84236 4.21663 3.40127 3.39576 3.60984 3.38935 3.24953 3.15798 3.17816 3.53367 3.67924 3.15516 3.86748 3.20304 3.52461 3.14194 3.72035
threshold=0.068085435777902617 0.065653946250677123 -0.072184044867753969 0.051856007426977165 -0.042105430737137788 0.15515873581171039 0.52553820610046398 -0.010310997255146502 -0.13282949477434156 0.032959161326289184 -0.17499072849750516 1.0000000180025095e-35 -0.12197035923600195 -0.024693407118320462 0.034431939944624908 0.24459984153509143 -0.048965757712721818 -0.075365975499153123 0.20722186565399173 -0.088510572910308824 0.022054662927985195 -0.031094018369913098 3.9735100269317631 0.011172026395797731 1.0000000180025095e-35 0.12588705867528918 -0.097999230027198778 0.0040531158447265634 0.21089696139097217 565.00000000000011
decision_type=2 2 2 2 2 2 2 2 2 10 2 2 2 2 2 8 2 2 10 2 2 2 2 2 2 2 2 2 2 8
left_child=1 3 -2 -1 5 16 9 10 -7 20 11 -8 13 14 -11 -12 17 -3 24 -20 21 22 -4 -24 26 -26 27 -5 -6 -30
right_child=2 4 6 18 28 8 7 -9 -10 12 15 -13 -14 -15 -16 -17 -18 -19 19 -21 -22 -23 23 -25 25 -27 -28 -29 29 -31
leaf_value=0.089657537741907392 0.083894031994850987 -0.11556112916176574 0.050729044314455532 0.059987611416325297 0.082984581871319171 -0.089630647689244142 0.078992205255817849 0.069545706767369431 0.046899964899117186 0.31440331446440417 0.074600668585580912 -0.13063779746559076 -0.0054426823985072375 0.13551345073412921 2.0383392640371745 0.092541047283880823 0.087108309702793457 0.049966112562745101 0.015455780026140946 0.088191639886013196 0.089023450008689706 0.064158532261704246 0.052862479056052715 -0.062524184161999577 -0.044578198170946472 0.09080462761512792 0.074041949768653886 -0.039603396881382785 -0.11801590892518317 0.12529160422113694
leaf_weight=2653.2941089541746 734.59054019170208 1.5183704125778934 29.457335765113442 10.724801031062613 340.63055509080397 2.0949202193478405 3.3482488088029632 577.46488741507892 78.370221506973849 0.038168704935060305 214.07614044982438 1.9278238230799614 12.691919081941419 0.9739547034116629 0.022582426503504394 208.69737287177122 64.425450923938342 9.9587370323615669 6.3584705769721941 180.57048616494671 37.033609670787655 139.13850509837084 4.7093410500722239 6.6877865101789666 5.4130397885771782 3.4581181884450416 147.57666439689137 5.3145869876935867 1.6598265243237613 1.0113905813086601
leaf_count=132004 53969 224 3957 699 18802 196 113 17712 5312 39 6495 56 5186 329 18 5105 3104 977 451 7334 4892 20045 875 1435 720 340 10221 492 200 38
internal_value=0 0.0862558 0.0764914 0.0880746 0.0752894 0.0602549 0.0720928 0.0750423 0.0433454 0.0592402 0.0824576 0.00239551 0.00881039 0.183642 0.955225 0.0834567 0.0781809 0.0280676 0.0763893 0.0857175 0.0624298 0.0569581 0.0324357 -0.0148459 0.06628 0.00819618 0.0694293 0.0269885 0.0821374 -0.0258935
internal_weight=0 3512.38 1970.86 3012.71 499.669 156.368 1236.27 1005.51 80.4651 230.753 428.05 5.27607 13.7266 1.03471 0.0607511 422.774 75.9026 11.4771 359.416 186.929 217.027 179.993 40.8545 11.3971 172.487 8.87116 163.616 16.0394 343.302 2.67122
internal_count=301340 181114 120226 152261 28853 9813 66257 29481 5508 36776 11769 169 5572 386 57 11600 4305 1201 20257 7785 31204 26312 6267 2310 12472 1060 11412 1191 19040 238
is_linear=0
shrinkage=0.1


Tree=193
num_leaves=31
num_cat=0
split_feature=93 103 93 160 180 63 95 64 90 93 202 11 7 73 113 218 133 76 149 210 101 180 150 129 223 64 13 226 13 102
split_gain=13.0413 8.77636 5.70229 4.46148 5.9503 4.33482 4.04438 3.85282 4.54167 4.00261 3.80952 3.49485 4.27817 5.77415 4.52395 4.30712 4.1621 3.37283 3.35665 3.76373 3.53093 3.44502 3.29633 3.28569 3.23176 4.92617 3.13076 3.08262 2.99074 2.98408
threshold=0.30705134570598608 0.076344631612300887 -0.085487324744462953 2.0000000000000004 -0.21646007895469663 0.33389289677143102 0.082322571426630034 6.5000000000000009 1.5900974273681643 0.23112467676401141 -0.1117989458143711 0.023960478603839878 0.11043360456824304 0.18245838582515719 0.08206608891487123 -0.0052672470919787875 0.022880571894347671 0.14400921761989596 0.034892546012997634 -0.039619946852326386 -0.11423363536596297 0.068045724183321013 -0.010664735920727251 0.0020910172024741773 -0.058813111856579774 4.5000000000000009 0.14690027385950091 -0.10851346701383589 0.11785130575299264 0.04706645384430886
decision_type=2 2 2 2 2 2 2 2 2 2 2 8 8 2 2 2 2 2 2 2 2 2 2 2 2 2 10 2 10 2
left_child=1 2 23 6 -5 11 -4 8 -6 -10 17 24 13 16 -14 -15 18 -2 19 20 -13 29 -22 26 25 27 -1 -3 -25 -21
right_child=10 5 3 4 7 -7 -8 -9 9 -11 -12 12 14 15 -16 -17 -18 -19 -20 21 22 -23 -24 28 -26 -27 -28 -29 -30 -31
leaf_value=0.096766513951171917 0.038278154802582308 -0.023986157699186314 0.082125802339775469 -0.04461823646821781 -0.1073527087669701 0.061783409482709675 0.090740041327557031 -0.0079619046013059032 0.079634792641916863 0.013931324249611486 0.068871419364726266 0.088168987981268654 0.077067252760544658 0.07572435762098495 0.11293372364050867 -0.087103805105921472 -0.013647144834309968 -0.1227479420064705 -0.023729615657292428 0.10589410762084778 -0.12252792314205614 0.0031623857322916949 0.02456277860344025 0.082752103933920851 0.093832054195665704 -0.0082358542659780095 -0.10069315805867203 0.085526506169566474 0.13232504305688028 0.054493918932215557
leaf_weight=739.35562601475522 25.439378977502887 2.7339798418731212 1452.9822665779948 4.4530283952035452 1.3586318393880379 157.68893075344522 872.19477452816727 5.7984695338159318 174.9315460101412 9.7908040353577785 439.84044618846701 4.8784622348960056 820.69023093689077 2.4909358229708687 36.741837215943974 4.6705761674589885 6.5054606689679977 1.3708719253188508 3.661960409508537 40.186767284829301 2.2448550091661446 4.7994334975157917 4.7417431385630362 322.78246943138311 240.95385154370121 7.5477157517740343 0.803830572877131 42.943500718081168 12.646774688935464 15.710446503878982
leaf_count=34926 3296 259 80551 535 924 11639 40050 654 10934 1057 29189 145 32742 169 1289 229 1183 290 352 2011 501 908 601 15565 23458 1198 535 4551 558 1058
internal_value=0 0.0841212 0.0867352 0.0841348 0.069659 0.0774012 0.0853571 0.0723111 0.0748125 0.0761523 0.0666407 0.0793849 0.0764283 0.0556733 0.0786042 -0.0304685 0.0631302 0.0300445 0.0696829 0.0743972 0.0228859 0.0844667 -0.0226987 0.0928313 0.0889059 0.0666051 0.0965521 0.0789717 0.0846212 0.0914476
internal_weight=0 4996.29 3597.1 2521.51 196.332 1399.19 2325.18 191.879 186.081 184.722 466.651 1241.5 947.323 89.8906 857.432 7.16151 82.7291 26.8103 76.2237 72.5617 11.8651 60.6966 6.9866 1075.59 294.179 53.2252 740.159 45.6775 335.429 55.8972
internal_count=301357 268582 186289 134705 14104 82293 120601 13569 12915 11991 32775 70654 41188 7157 34031 398 6759 3586 5576 5224 1247 3977 1102 51584 29466 6008 35461 4810 16123 3069
is_linear=0
shrinkage=0.1


Tree=194
num_leaves=31
num_cat=0
split_feature=74 88 103 104 8 201 171 166 111 228 119 170 224 146 116 157 121 145 189 113 11 172 156 172 180 109 178 132 104 139
split_gain=15.0944 11.1119 5.18633 4.1634 4.0109 4.00054 4.91215 3.89795 4.51476 3.67414 3.94094 3.48547 4.05576 3.74326 3.47277 3.45332 5.17461 4.59101 4.57471 4.1607 3.9706 4.50767 3.91493 4.65763 3.99883 3.77662 3.55446 3.8536 3.40791 3.4019
threshold=0.27543103694915777 0.70084205269813549 0.13684689253568652 -0.085178598761558519 0.44063265621662145 -0.063257001340389238 -1.0000000180025095e-35 0.017632778733968738 0.023304983973503116 0.08681108802556993 0.031912397593259818 0.39896512031555181 -0.0068274731747806064 0.01062309928238392 0.069800544530153288 0.55445238947868358 0.065653946250677123 -0.032416857779026025 -0.016704629175364968 -0.038307895883917802 1.0000000180025095e-35 -0.034386219456791871 0.22287581861019137 0.071399778127670302 0.26355239748954779 0.046527983620762832 0.29057274758815771 -0.0010012745042331515 -0.092341303825378404 0.021521926857531074
decision_type=2 2 2 2 10 2 2 2 2 2 2 2 2 2 2 2 2 2 2 2 8 2 2 2 2 2 2 2 2 2
left_child=1 3 7 4 9 -4 -7 8 14 -1 -11 12 13 -9 -3 16 22 -18 -19 -20 21 25 24 26 29 -17 28 -28 -24 -13
right_child=-2 2 5 -5 -6 6 -8 11 -10 10 -12 15 -14 -15 -16 20 17 18 19 -21 -22 -23 23 -25 -26 -27 27 -29 -30 -31
leaf_value=0.077355671829542672 0.070910402331306299 -0.065586137999865485 0.086005171676127951 0.092064017596183809 -0.02858607949724682 0.068649126143287872 0.031673045072827685 0.092012958298647196 0.077713998155972269 0.12032827523568231 0.054863529943793191 0.081257532624290779 0.13417290451507285 -0.033887599281726355 0.15755688457474015 0.097793294156451341 0.11068892166962366 0.022071085347100106 -0.041106165618060186 0.07516299226979456 0.085544663944864124 -0.04017186169040507 0.012441066368544836 0.024111555719646641 0.037718334012701152 -0.1112482814656709 -0.11363668941058139 0.084283768007506268 0.082001501777183072 0.1021384753028344
leaf_weight=314.10845428583752 881.53960872382504 5.2142161592546747 88.33650230410808 1902.981562749716 3.3414588709281352 166.84498410393593 45.787453427380854 20.029664820218617 8.4055520269184552 41.367343071111463 11.824118899560515 352.000777396687 27.716437677094973 2.6771856201389701 0.80513855857952865 8.1356732304948274 13.161588259795165 39.662009909121537 3.2942363921097799 46.840774752283892 1275.6692284569922 5.3357467249404626 7.6033639477755051 23.450835322055354 17.918380038116595 0.96696619391468708 2.0756853887114635 1.8700358742580636 95.583024567530174 100.24177580770476
leaf_count=17970 57311 1031 4983 90763 275 11034 4622 709 722 1256 745 42082 998 267 48 2572 1388 5828 684 6760 18633 2320 1130 1771 3818 612 439 204 8322 12000
internal_value=0 0.0851865 0.0803793 0.0901755 0.0804792 0.0681179 0.0606868 0.0821719 0.0303713 0.0814714 0.105776 0.0825374 0.108503 0.077169 -0.0357389 0.0818808 0.0762458 0.0555321 0.0474477 0.0675233 0.0849545 0.032808 0.0797958 0.064478 0.0840502 0.075587 0.073314 -0.0198342 0.0768759 0.0858859
internal_weight=0 4633.25 2359.63 2273.62 370.641 300.969 212.632 2058.66 14.4249 367.3 53.1915 2044.23 50.4233 22.7069 6.01935 1993.81 703.702 102.959 89.797 50.135 1290.11 14.4384 600.744 130.583 470.161 9.10264 107.132 3.94572 103.186 452.243
internal_count=301297 243986 132977 111009 20246 20639 15656 112338 1801 19971 2001 110537 1974 976 1079 108563 84426 14660 13272 7444 24137 5504 69766 11866 57900 3184 10095 643 9452 54082
is_linear=0
shrinkage=0.1


end of trees

feature_importances:
implicit_mean_localness=360
interact_cos_taste_poi=336
text_emb_00=203
interact_category_affinity=188
implicit_taste_01=140
cat_subcategory=99
text_emb_01=96
num_rating_shrunk=84
behav_visit_rate=82
interact_price_gap=71
num_localness=65
explicit_days_remaining=60
explicit_touristiness_pref=58
implicit_mean_pop_pct=58
interact_interest_match=54
behav_impressions=50
behav_unique_travelers=50
num_pop_pct=50
behav_archetype_affinity_00=47
behav_archetype_affinity_05=45
behav_ctr_smoothed=45
behav_save_rate=44
implicit_category_dist_historic_site=44
behav_archetype_affinity_03=42
implicit_taste_11=42
text_emb_03=42
text_emb_05=42
geo_dist_to_tourist_centroid_km=39
implicit_category_dist_restaurant=39
implicit_interaction_count=37
behav_archetype_affinity_07=36
interact_localness_gap=35
behav_archetype_affinity_04=34
implicit_taste_37=33
text_emb_02=33
text_emb_13=33
text_emb_09=31
text_emb_12=31
text_emb_14=31
text_emb_27=31
behav_archetype_affinity_06=30
implicit_taste_04=30
implicit_taste_40=30
implicit_taste_12=29
implicit_taste_32=29
implicit_taste_53=29
num_crowd_index=29
text_emb_37=29
text_emb_57=29
implicit_taste_02=28
implicit_taste_29=28
implicit_taste_38=28
text_emb_10=28
text_emb_35=28
text_emb_54=28
implicit_category_dist_viewpoint=27
implicit_mean_price_level=27
implicit_taste_50=27
implicit_taste_00=26
implicit_taste_03=26
implicit_taste_60=26
text_emb_30=26
text_emb_33=26
behav_archetype_affinity_02=25
implicit_category_dist_nature_park=25
implicit_taste_24=25
implicit_taste_46=25
text_emb_11=25
text_emb_34=25
text_emb_49=25
text_emb_50=25
num_log_review_count=24
text_emb_16=24
text_emb_19=24
text_emb_23=24
text_emb_43=24
text_emb_53=24
text_emb_59=24
geo_density_500m=23
implicit_taste_16=23
text_emb_08=23
text_emb_28=23
text_emb_46=23
text_emb_47=23
behav_dismiss_rate=22
implicit_category_dist_family_activity=22
implicit_taste_30=22
implicit_taste_47=22
text_emb_07=22
text_emb_29=22
text_emb_32=22
text_emb_39=22
text_emb_55=22
implicit_taste_08=21
implicit_taste_17=21
implicit_taste_18=21
implicit_taste_23=21
implicit_taste_28=21
implicit_taste_34=21
implicit_taste_35=21
text_emb_04=21
text_emb_15=21
text_emb_17=21
text_emb_22=21
text_emb_40=21
text_emb_42=21
text_emb_44=21
text_emb_45=21
implicit_taste_09=20
implicit_taste_21=20
implicit_taste_43=20
implicit_taste_52=20
implicit_taste_56=20
text_emb_63=20
behav_archetype_affinity_01=19
geo_lat=19
geo_lon=19
implicit_taste_27=19
implicit_taste_33=19
implicit_taste_39=19
implicit_taste_55=19
implicit_taste_58=19
num_price_level=19
text_emb_24=19
text_emb_25=19
text_emb_41=19
text_emb_58=19
text_emb_60=19
implicit_taste_22=18
implicit_taste_54=18
implicit_taste_57=18
implicit_taste_62=18
text_emb_06=18
text_emb_31=18
text_emb_36=18
text_emb_62=18
implicit_category_dist_cafe=17
implicit_taste_10=17
implicit_taste_20=17
implicit_taste_25=17
implicit_taste_26=17
implicit_taste_36=17
implicit_taste_42=17
implicit_taste_59=17
text_emb_20=17
text_emb_21=17
text_emb_26=17
geo_dist_to_transit_km=16
implicit_category_dist_museum=16
implicit_taste_14=16
implicit_taste_19=16
implicit_taste_45=16
implicit_taste_48=16
implicit_taste_49=16
implicit_taste_63=16
text_emb_52=16
implicit_taste_07=15
implicit_taste_41=15
implicit_taste_51=15
implicit_taste_61=15
num_expected_duration_min=15
text_emb_38=15
text_emb_48=15
text_emb_51=15
num_open_hours_per_week=14
text_emb_61=14
implicit_category_dist_wellness_spa=13
implicit_days_since_last_interaction=13
implicit_taste_05=13
implicit_taste_06=13
implicit_taste_44=13
implicit_taste_15=12
text_emb_18=12
text_emb_56=12
implicit_taste_13=11
implicit_breadth_categories=9
implicit_category_dist_entertainment=9
implicit_category_dist_nightlife=9
implicit_taste_31=9
implicit_category_dist_religious_site=7
cat_category=7
explicit_party_family_teens=6
implicit_category_dist_shopping=6
explicit_budget_ordinal=5
explicit_trip_duration_days=5
explicit_interest_cafe=4
explicit_interest_touristy=4
num_reservation_lead_days=4
explicit_interest_nature=3
explicit_pace_ordinal=3
explicit_party_family_young_kids=3
cat_indoor_outdoor=3
explicit_interest_cultural=2
explicit_interest_historic_site=2
explicit_interest_museum=2
explicit_interest_religious_site=2
explicit_season_spring=2
explicit_season_summer=2
explicit_accessibility_wheelchair=1
explicit_interest_adventurous=1
explicit_interest_artsy=1
explicit_interest_authentic=1
explicit_interest_entertainment=1
explicit_interest_hidden-gem=1
explicit_interest_historic=1
explicit_interest_lively=1
explicit_interest_nightlife=1
explicit_interest_relaxing=1
explicit_interest_romantic=1
explicit_interest_trendy=1
explicit_interest_wellness_spa=1
explicit_mobility_mixed=1
explicit_mobility_public_transport=1
explicit_mobility_walk=1
explicit_party_couple=1
explicit_season_autumn=1
explicit_season_winter=1

parameters:
[boosting: gbdt]
[objective: lambdarank]
[metric: ndcg]
[tree_learner: serial]
[device_type: cpu]
[data_sample_strategy: bagging]
[data: ]
[valid: ]
[num_iterations: 195]
[learning_rate: 0.1]
[num_leaves: 31]
[num_threads: 16]
[seed: 202]
[deterministic: 1]
[force_col_wise: 0]
[force_row_wise: 1]
[histogram_pool_size: -1]
[max_depth: -1]
[min_data_in_leaf: 20]
[min_sum_hessian_in_leaf: 0.001]
[bagging_fraction: 0.8]
[pos_bagging_fraction: 1]
[neg_bagging_fraction: 1]
[bagging_freq: 1]
[bagging_seed: 202]
[feature_fraction: 0.8]
[feature_fraction_bynode: 1]
[feature_fraction_seed: 202]
[extra_trees: 0]
[extra_seed: 18564]
[early_stopping_round: 0]
[early_stopping_min_delta: 0]
[first_metric_only: 0]
[max_delta_step: 0]
[lambda_l1: 0]
[lambda_l2: 0]
[linear_lambda: 0]
[min_gain_to_split: 0]
[drop_rate: 0.1]
[max_drop: 50]
[skip_drop: 0.5]
[xgboost_dart_mode: 0]
[uniform_drop: 0]
[drop_seed: 25320]
[top_rate: 0.2]
[other_rate: 0.1]
[min_data_per_group: 100]
[max_cat_threshold: 32]
[cat_l2: 10]
[cat_smooth: 10]
[max_cat_to_onehot: 4]
[top_k: 20]
[monotone_constraints: ]
[monotone_constraints_method: basic]
[monotone_penalty: 0]
[feature_contri: ]
[forcedsplits_filename: ]
[refit_decay_rate: 0.9]
[cegb_tradeoff: 1]
[cegb_penalty_split: 0]
[cegb_penalty_feature_lazy: ]
[cegb_penalty_feature_coupled: ]
[path_smooth: 0]
[interaction_constraints: ]
[verbosity: -1]
[saved_feature_importance_type: 0]
[use_quantized_grad: 0]
[num_grad_quant_bins: 4]
[quant_train_renew_leaf: 0]
[stochastic_rounding: 1]
[linear_tree: 0]
[max_bin: 63]
[max_bin_by_feature: ]
[min_data_in_bin: 3]
[bin_construct_sample_cnt: 200000]
[data_random_seed: 202]
[is_enable_sparse: 1]
[enable_bundle: 1]
[use_missing: 1]
[zero_as_missing: 0]
[feature_pre_filter: 1]
[pre_partition: 0]
[two_round: 0]
[header: 0]
[label_column: ]
[weight_column: ]
[group_column: ]
[ignore_column: ]
[categorical_feature: 234,235,236,237]
[forcedbins_filename: ]
[precise_float_parser: 0]
[parser_config_file: ]
[objective_seed: 28015]
[num_class: 1]
[is_unbalance: 0]
[scale_pos_weight: 1]
[sigmoid: 1]
[boost_from_average: 1]
[reg_sqrt: 0]
[alpha: 0.9]
[fair_c: 1]
[poisson_max_delta_step: 0.7]
[tweedie_variance_power: 1.5]
[lambdarank_truncation_level: 20]
[lambdarank_norm: 1]
[label_gain: 0,1,3,7]
[lambdarank_position_bias_regularization: 0]
[eval_at: 10]
[multi_error_top_k: 1]
[auc_mu_weights: ]
[num_machines: 1]
[local_listen_port: 12400]
[time_out: 120]
[machine_list_filename: ]
[machines: ]
[gpu_platform_id: -1]
[gpu_device_id: -1]
[gpu_use_dp: 0]
[num_gpu: 1]

end of parameters

pandas_categorical:[["cafe", "entertainment", "family_activity", "historic_site", "museum", "nature_park", "nightlife", "religious_site", "restaurant", "shopping", "viewpoint", "wellness_spa"], ["indoor", "mixed", "outdoor"], ["1", "2", "3", "4"], ["amusement_park", "aquarium", "arcade", "art_museum", "artisan_shop", "bakery", "bar", "botanical_garden", "boutique", "cathedral", "cinema", "city_park", "club", "dessert_cafe", "escape_room", "fine_dining", "flea_market", "fortress", "fusion", "gallery", "garden", "hiking_trail", "history_museum", "interactive_museum", "live_music", "live_show", "local_eatery", "mall", "market", "massage", "monastery", "monument", "observation_deck", "old_town", "onsen", "palace", "playground", "riverside", "rooftop_bar", "rooftop_view", "scenic_overlook", "science_museum", "shrine", "spa", "speakeasy", "specialty_coffee", "street_food", "tea_house", "temple_site", "temple_worship", "theater", "tower", "traditional", "yoga_studio", "zoo"]]
