tree
version=v4
num_class=1
num_tree_per_iteration=1
label_index=0
max_feature_idx=257
objective=lambdarank
feature_names=behav_archetype_affinity_00 behav_archetype_affinity_01 behav_archetype_affinity_02 behav_archetype_affinity_03 behav_archetype_affinity_04 behav_archetype_affinity_05 behav_archetype_affinity_06 behav_archetype_affinity_07 behav_ctr_smoothed behav_dismiss_rate behav_impressions behav_save_rate behav_unique_travelers behav_visit_rate explicit_accessibility_stroller explicit_accessibility_wheelchair explicit_budget_ordinal explicit_days_remaining explicit_interest_adventurous explicit_interest_artsy explicit_interest_authentic explicit_interest_budget-friendly explicit_interest_cafe explicit_interest_cultural explicit_interest_entertainment explicit_interest_family-friendly explicit_interest_family_activity explicit_interest_foodie explicit_interest_hidden-gem explicit_interest_historic explicit_interest_historic_site explicit_interest_indoor explicit_interest_lively explicit_interest_local explicit_interest_luxury explicit_interest_museum explicit_interest_nature explicit_interest_nature_park explicit_interest_nightlife explicit_interest_outdoor explicit_interest_relaxing explicit_interest_religious_site explicit_interest_restaurant explicit_interest_romantic explicit_interest_shopping explicit_interest_touristy explicit_interest_trendy explicit_interest_viewpoint explicit_interest_wellness_spa explicit_mobility_car explicit_mobility_mixed explicit_mobility_public_transport explicit_mobility_walk explicit_pace_ordinal explicit_party_couple explicit_party_family_teens explicit_party_family_young_kids explicit_party_friends explicit_party_solo explicit_season_autumn explicit_season_spring explicit_season_summer explicit_season_winter explicit_touristiness_pref explicit_trip_duration_days geo_density_500m geo_dist_to_tourist_centroid_km geo_dist_to_transit_km geo_lat geo_lon implicit_breadth_categories implicit_category_dist_cafe implicit_category_dist_entertainment implicit_category_dist_family_activity implicit_category_dist_historic_site implicit_category_dist_museum implicit_category_dist_nature_park implicit_category_dist_nightlife implicit_category_dist_religious_site implicit_category_dist_restaurant implicit_category_dist_shopping implicit_category_dist_viewpoint implicit_category_dist_wellness_spa implicit_days_since_last_interaction implicit_days_since_last_interaction_was_missing implicit_interaction_count implicit_mean_localness implicit_mean_localness_was_missing implicit_mean_pop_pct implicit_mean_pop_pct_was_missing implicit_mean_price_level implicit_mean_price_level_was_missing implicit_taste_00 implicit_taste_01 implicit_taste_02 implicit_taste_03 implicit_taste_04 implicit_taste_05 implicit_taste_06 implicit_taste_07 implicit_taste_08 implicit_taste_09 implicit_taste_10 implicit_taste_11 implicit_taste_12 implicit_taste_13 implicit_taste_14 implicit_taste_15 implicit_taste_16 implicit_taste_17 implicit_taste_18 implicit_taste_19 implicit_taste_20 implicit_taste_21 implicit_taste_22 implicit_taste_23 implicit_taste_24 implicit_taste_25 implicit_taste_26 implicit_taste_27 implicit_taste_28 implicit_taste_29 implicit_taste_30 implicit_taste_31 implicit_taste_32 implicit_taste_33 implicit_taste_34 implicit_taste_35 implicit_taste_36 implicit_taste_37 implicit_taste_38 implicit_taste_39 implicit_taste_40 implicit_taste_41 implicit_taste_42 implicit_taste_43 implicit_taste_44 implicit_taste_45 implicit_taste_46 implicit_taste_47 implicit_taste_48 implicit_taste_49 implicit_taste_50 implicit_taste_51 implicit_taste_52 implicit_taste_53 implicit_taste_54 implicit_taste_55 implicit_taste_56 implicit_taste_57 implicit_taste_58 implicit_taste_59 implicit_taste_60 implicit_taste_61 implicit_taste_62 implicit_taste_63 interact_category_affinity interact_cos_taste_poi interact_interest_match interact_localness_gap interact_price_gap num_crowd_index num_expected_duration_min num_localness num_log_review_count num_open_hours_per_week num_pop_pct num_price_level num_rating_shrunk num_reservation_lead_days text_emb_00 text_emb_01 text_emb_02 text_emb_03 text_emb_04 text_emb_05 text_emb_06 text_emb_07 text_emb_08 text_emb_09 text_emb_10 text_emb_11 text_emb_12 text_emb_13 text_emb_14 text_emb_15 text_emb_16 text_emb_17 text_emb_18 text_emb_19 text_emb_20 text_emb_21 text_emb_22 text_emb_23 text_emb_24 text_emb_25 text_emb_26 text_emb_27 text_emb_28 text_emb_29 text_emb_30 text_emb_31 text_emb_32 text_emb_33 text_emb_34 text_emb_35 text_emb_36 text_emb_37 text_emb_38 text_emb_39 text_emb_40 text_emb_41 text_emb_42 text_emb_43 text_emb_44 text_emb_45 text_emb_46 text_emb_47 text_emb_48 text_emb_49 text_emb_50 text_emb_51 text_emb_52 text_emb_53 text_emb_54 text_emb_55 text_emb_56 text_emb_57 text_emb_58 text_emb_59 text_emb_60 text_emb_61 text_emb_62 text_emb_63 xf_budget_fit xf_cos_dismissed xf_duration_fit xf_hours_fit xf_interest_cat_hit xf_interest_cover xf_interest_tag_hits xf_interest_tag_ratio xf_loc_align xf_loc_gap xf_loc_x_pref xf_mobility_fit xf_party_fit xf_pop_x_pref xf_price_over xf_price_signed xf_price_under xf_prior_poi_engaged xf_travel_min xf_travel_ratio cat_category cat_indoor_outdoor cat_price_level cat_subcategory
feature_infos=[0:1] [0:1] [0:1] [0:1] [0:1] [0:1] [0:1] [0:1] [0.0055497223511338234:0.62498992681503296] [0:1] [0:6042] [0:0.5] [0:584] [0:1] [0:1] [0:1] [0:2] [1:372] [0:1] [0:1] [0:1] [0:1] [0:1] [0:1] [0:1] [0:1] [0:1] [0:1] [0:1] [0:1] [0:1] [0:1] [0:1] [0:1] [0:1] [0:1] [0:1] [0:1] [0:1] [0:1] [0:1] [0:1] [0:1] [0:1] [0:1] [0:1] [0:1] [0:1] [0:1] [0:1] [0:1] [0:1] [0:1] [0:2] [0:1] [0:1] [0:1] [0:1] [0:1] [0:1] [0:1] [0:1] [0:1] [-0.9655526876449585:1] [2:10] [0:116] [0.021191015839576721:21.412565231323242] [0.05207129567861557:15.534337997436523] [34.860679626464844:41.578414916992188] [2.0387704372406006:135.91542053222656] [0:12] [0:0.66666668653488159] [0:0.59259259700775146] [0:0.8571428656578064] [0:0.91666668653488159] [0:0.88235294818878174] [0:0.75] [0:0.80000001192092896] [0:0.5] [0:1] [0:1] [0:0.69999998807907104] [0:0.3333333432674408] [1:372] [0:1] [0:105] [-1.8629913330078125:0.037690375000238419] [0:1] [0.3521784245967865:0.9771309494972229] [0:1] [1:3.4666666984558105] [0:1] [-0.0047133360058069229:0.97392040491104126] [-0.44739967584609985:0.62415558099746704] [-0.36097234487533569:0.55275052785873413] [-0.47197037935256958:0.41295152902603149] [-0.41827940940856934:0.53484821319580078] [-0.53623145818710327:0.31969740986824036] [-0.32782280445098877:0.33574205636978149] [-0.33317014575004578:0.41052192449569702] [-0.40491610765457153:0.48585247993469238] [-0.3794582188129425:0.21298715472221375] [-0.2750379741191864:0.31120231747627258] [-0.32392483949661255:0.38583904504776001] [-0.32041457295417786:0.28309348225593567] [-0.30853801965713501:0.31404697895050049] [-0.28312596678733826:0.21852773427963257] [-0.30704548954963684:0.21507260203361511] [-0.17200113832950592:0.20242986083030701] [-0.168392613530159:0.21914292871952057] [-0.26597803831100464:0.22443817555904388] [-0.19107776880264282:0.33461138606071472] [-0.22287380695343018:0.22452260553836823] [-0.25660544633865356:0.22609277069568634] [-0.27203628420829773:0.23032110929489136] [-0.17751352488994598:0.24183696508407593] [-0.19490091502666473:0.22125731408596039] [-0.15562349557876587:0.21586215496063232] [-0.22017563879489899:0.2239937037229538] [-0.22254641354084015:0.19983266294002533] [-0.24340528249740601:0.20762057602405548] [-0.17622426152229309:0.20208346843719482] [-0.15796861052513123:0.20838984847068787] [-0.15949811041355133:0.17483814060688019] [-0.16366854310035706:0.20623429119586945] [-0.19059301912784576:0.18969006836414337] [-0.28428936004638672:0.1621425449848175] [-0.17600609362125397:0.1617300808429718] [-0.16720376908779144:0.15583494305610657] [-0.17790137231349945:0.14731138944625854] [-0.17614223062992096:0.15392342209815979] [-0.13338287174701691:0.15552614629268646] [-0.15571430325508118:0.18327784538269043] [-0.1776629239320755:0.13156092166900635] [-0.17996850609779358:0.13892275094985962] [-0.12256404012441635:0.16081972420215607] [-0.13181135058403015:0.12729920446872711] [-0.18532632291316986:0.1550813764333725] [-0.18222685158252716:0.12352778017520905] [-0.21945555508136749:0.112516850233078] [-0.17263491451740265:0.12072119116783142] [-0.16357982158660889:0.1288379430770874] [-0.11205595731735229:0.21646113693714142] [-0.15226547420024872:0.13771805167198181] [-0.14998438954353333:0.15675383806228638] [-0.15134677290916443:0.13240721821784973] [-0.10921287536621094:0.13501712679862976] [-0.12936146557331085:0.1411554366350174] [-0.15288448333740234:0.16523151099681854] [-0.12386137247085571:0.11790592968463898] [-0.11663484573364258:0.11167135834693909] [-0.15329213440418243:0.11202266067266464] [-0.099300093948841095:0.19510778784751892] [-0.11575818806886673:0.14014159142971039] [-0.16429294645786285:0.12770085036754608] [-0.13978321850299835:0.11880265921354294] [0:1] [-0.29577818512916565:0.90516179800033569] [0:1] [1.3288994296090095e-06:3.2179117202758789] [0.5:2.5] [2.5485823154449463:5.3309640884399414] [15:300] [-2.2179117202758789:1.8724242448806763] [0.69314718246459961:8.0404472351074219] [36:105] [0.0020703934133052826:1] [1:4] [1.6120688915252686:4.5217084884643555] [0:14] [0.32416447997093201:0.65636014938354492] [-0.31660717725753784:0.71838390827178955] [-0.45795035362243652:0.68267017602920532] [-0.61014962196350098:0.50857901573181152] [-0.40947476029396057:0.52698755264282227] [-0.26005589962005615:0.79931795597076416] [-0.57793354988098145:0.46906685829162598] [-0.38699272274971008:0.5120316743850708] [-0.52089846134185791:0.51966255903244019] [-0.46495679020881653:0.4552294909954071] [-0.2977428138256073:0.44194278120994568] [-0.30275160074234009:0.55359691381454468] [-0.49580603837966919:0.5362810492515564] [-0.44251111149787903:0.46060755848884583] [-0.34212762117385864:0.36990499496459961] [-0.37616515159606934:0.3880174458026886] [-0.3147437572479248:0.3363058865070343] [-0.29219326376914978:0.39536005258560181] [-0.39982202649116516:0.31621810793876648] [-0.3834976851940155:0.41348108649253845] [-0.36725780367851257:0.3064713180065155] [-0.34936785697937012:0.38033422827720642] [-0.34510073065757751:0.38328292965888977] [-0.33057644963264465:0.33288359642028809] [-0.40244349837303162:0.37094253301620483] [-0.26097491383552551:0.40840733051300049] [-0.288188636302948:0.40808486938476562] [-0.31503972411155701:0.3266105055809021] [-0.31540456414222717:0.32317006587982178] [-0.29291972517967224:0.35593584179878235] [-0.31266158819198608:0.37510642409324646] [-0.33211511373519897:0.29312002658843994] [-0.31406748294830322:0.30381119251251221] [-0.2734890878200531:0.36704990267753601] [-0.34357258677482605:0.24741937220096588] [-0.26656851172447205:0.32804849743843079] [-0.20159848034381866:0.24319593608379364] [-0.28975421190261841:0.27648249268531799] [-0.33705943822860718:0.26798981428146362] [-0.32380011677742004:0.29791733622550964] [-0.25453466176986694:0.38841700553894043] [-0.30357715487480164:0.29289805889129639] [-0.29712143540382385:0.26045814156532288] [-0.25278228521347046:0.34213274717330933] [-0.33229947090148926:0.25091928243637085] [-0.22893556952476501:0.21988382935523987] [-0.23165377974510193:0.31832039356231689] [-0.20833024382591248:0.40913042426109314] [-0.26650699973106384:0.24067015945911407] [-0.29394838213920593:0.27541038393974304] [-0.27113410830497742:0.3310864269733429] [-0.24472339451313019:0.31705185770988464] [-0.24432000517845154:0.25000399351119995] [-0.24773885309696198:0.23663166165351868] [-0.23521457612514496:0.22563724219799042] [-0.21364669501781464:0.24460819363594055] [-0.21396258473396301:0.26981928944587708] [-0.22185257077217102:0.28129103779792786] [-0.23144182562828064:0.2175757884979248] [-0.27865231037139893:0.29086548089981079] [-0.22811342775821686:0.25541409850120544] [-0.27383169531822205:0.27264690399169922] [-0.23763503134250641:0.29348507523536682] [-0.17762419581413269:0.19497372210025787] [0:0.83333331346511841] [-0.0015139803290367126:1] [0.049787066876888275:1] [0:1] [0:1] [0:1.5] [0:5] [0:1] [-0.98616874217987061:0.99861687421798706] [4.692526999861002e-06:1.9861687421798706] [-2.2179117202758789:2.0754806995391846] [3.4222055091959191e-06:0.99982678890228271] [0.18000000715255737:1] [-0.9655526876449585:1] [0:2.5] [-2.5:2.5] [0:2.5] [0:6.3909378051757812] [0.006248262245208025:363.13284301757812] [0.00024993048282340169:18.156642913818359] -1:8:9:3:0:5:4:6:1:2:10:7:11 -1:0:2:1 -1:1:0:2:3 -1:52:15:26:46:18:47:4:45:8:11:31:28:16:33:48:37:22:13:5:27:17:35:19:41:21:12:7:20:44:40:6:2:3:24:36:54:0:50:25:32:10:23:38:9:14:39:29:51:49:42:43:34:1:53
tree_sizes=1767 1792 1763 1769 1798 1813 1766 1804 1816 1776 1809 1806 1799 1799 1799 1771 1778 1763 1811 1805 1804 1804 1804 1800 1795 1765 1760 1767 1764 1760 1799 1802 1800 1769 1767 1767 1772 1767 1753 1755 1763 1760 1763 1777 1755 1756 1765 1761 1762 1762 1796 1764 1759 1760 1773 1766 1771 1776 1757 1763 1762 1763 1766 1767 1766 1762 1770 1752 1755 1762 1751 1765 1764 1768 1768 1765 1798 1752 1769 1773 1753 1769 1776 1761

Tree=0
num_leaves=15
num_cat=0
split_feature=13 238 156 234 168 168 234 11 235 168 12 7 235 246
split_gain=434.471 347.825 225.858 145.013 143.67 69.9642 68.4889 61.4939 53.696 52.2056 50.1326 46.6556 43.979 39.876
threshold=1.0000000180025095e-35 1.0000000180025095e-35 0.13383085280656817 1.0000000180025095e-35 3.189611673355103 3.120816826820374 1.0000000180025095e-35 0.010554750915616752 0.37972891330719 3.189611673355103 2.5000000000000004 0.25198413431644445 0.54672771692276012 0.5900000035762788
decision_type=8 2 2 2 2 2 2 8 2 2 10 8 2 2
left_child=10 2 3 11 8 -4 -3 -6 -5 -8 -1 -2 13 -9
right_child=1 6 5 4 7 -7 9 12 -10 -11 -12 -13 -14 -15
leaf_value=-0.18070846611621266 0.0057152526923863337 0.077751306196959399 0.095305447268778751 0.049366533894417045 0.013853210258305299 0.14833122832360543 0.13536585850201471 0.0015736721267378016 -0.03816040321425318 0.16705393142229136 -0.018469848490516638 -0.15840572419493174 -0.020218183782818196 0.10961477552665073
leaf_weight=21.619834847654147 40.127944877363916 126.46668331039655 361.71238397553043 373.16520910351392 81.545509499366744 797.32746827790288 908.44850701632504 35.196237107303205 86.299806636168796 1215.5924677229632 160.00723870753882 30.475980164990688 28.058125366944296 1161.6698568785318
leaf_count=17857 5277 7392 16686 26847 8357 35214 31383 4485 7552 41239 44706 2432 4247 76974
internal_value=0 0.119537 0.0972186 0.0754051 0.0810237 0.131783 0.149244 0.0979387 0.0329266 0.153501 -0.0377818 -0.0651271 0.103536 0.106438
internal_weight=0 5246.09 2995.58 1836.54 1765.93 1159.04 2250.51 1306.47 459.465 2124.04 181.627 70.6039 1224.92 1196.87
internal_count=330648 268085 188071 136171 128462 51900 80014 94063 34399 72622 62563 7709 85706 81459
is_linear=0
shrinkage=0.1


Tree=1
num_leaves=15
num_cat=1
split_feature=156 10 158 168 235 10 12 234 13 74 257 13 252 163
split_gain=392.399 251.548 179.491 137.535 132.994 101.583 93.2424 77.6625 74.451 71.1789 69.492 62.3731 61.1799 60.9185
threshold=0.12429775297641756 78.500000000000014 0.18333333730697635 3.1948480606079106 0.44824734330177313 17.500000000000004 16.500000000000004 1.0000000180025095e-35 0.0077260716352611789 0.60818713903427135 0 0.009501241613179447 16.249441146850589 0.90432152152061474
decision_type=2 8 2 2 2 8 10 2 8 2 9 8 2 2
left_child=2 6 10 11 5 -4 12 -5 -7 -10 -1 -3 -2 -9
right_child=1 3 4 7 -6 8 -8 13 9 -11 -12 -13 -14 -15
leaf_value=0.0053272525294113327 0.070927247519982459 0.027440128402391451 -0.10134827390631283 0.047333228854540395 0.010826019282457119 -0.0046920852837134186 0.0803290907821336 0.14136813815483895 0.11049300300153778 -0.011382299949564934 0.06936269162979479 0.10837998083412387 -0.119602260149129 -0.060030403788847803
leaf_weight=279.45098174249233 28.246052128263727 106.23112914804733 23.68823256306132 90.055175912631967 157.39623960189965 59.100631631579745 508.16777798966723 6137.2434727257132 3084.2849760013596 48.676599630838609 463.54614799803676 917.5059571957463 41.784250252221682 15.055686816733212
leaf_count=34226 7834 7792 16308 4263 13049 9938 29195 42185 78152 2259 35291 33812 15229 1084
internal_value=0 0.128903 0.0907772 0.133954 0.100578 0.104971 0.0654215 0.139526 0.106502 0.108599 0.0462834 0.099981 -0.042754 0.140875
internal_weight=0 7844.29 4116.14 7266.09 3373.15 3215.75 578.198 6242.35 3192.06 3132.96 742.997 1023.74 70.0303 6152.3
internal_count=330617 141394 189223 89136 119706 106657 52258 47532 90349 80411 69517 41604 23063 43269
cat_boundaries=0 2
cat_threshold=2907546369 8325773
is_linear=0
shrinkage=0.1


Tree=2
num_leaves=15
num_cat=0
split_feature=238 156 17 168 157 246 168 156 246 12 177 251 13 2
split_gain=561.808 439.318 194.346 168.696 134.652 94.7438 81.9667 80.296 69.0237 57.5581 59.2223 56.5468 54.3914 53.1405
threshold=1.0000000180025095e-35 0.13383085280656817 76.500000000000014 3.2696473598480229 0.55292621254920971 0.5900000035762788 3.7341359853744511 1.0000000180025095e-35 0.5900000035762788 127.50000000000001 -0.203728012740612 0.25683248043060308 0.014828557614237072 0.016051736660301689
decision_type=2 2 8 2 2 2 2 2 2 8 2 2 8 8
left_child=1 2 7 11 5 -3 -7 -1 13 10 -10 -2 -6 -5
right_child=3 4 -4 8 12 6 -8 -9 9 -11 -12 -13 -14 -15
leaf_value=-0.057745719208357027 0.076370187802564549 -0.044244166574249025 0.067188946206561559 -0.10745613879730798 0.0061068197046921461 0.063377469534956737 0.10980632380114873 0.013649144283959167 -0.071763102722648853 0.13155102835160612 0.10530829866239362 0.13454373482337192 0.12577818275199762 0.08543202301440446
leaf_weight=259.45734726297451 1044.5740752061683 62.538607102613241 523.29729691946523 15.273975791727933 39.383258441712314 989.92600271824813 617.3913111371694 400.98688122406384 19.473164797338541 5321.9197270984296 628.65906873311542 198.91057879018263 1065.5714875232152 220.1077270500391
leaf_count=50194 53451 2562 53889 816 6309 36149 6108 60746 1221 23159 18231 2936 13591 1490
internal_value=0 0.0726735 0.0216689 0.119294 0.0944323 0.0765129 0.0812114 -0.0143985 0.12603 0.128124 0.0999882 0.0856758 0.121513 0.0729155
internal_weight=0 3958.55 1183.74 7448.92 2774.81 1669.86 1607.32 660.444 6205.43 5970.05 648.132 1243.48 1104.95 235.382
internal_count=330852 229548 164829 101304 64719 44819 42257 110940 44917 42611 19452 56387 19900 2306
is_linear=0
shrinkage=0.1


Tree=3
num_leaves=15
num_cat=0
split_feature=168 238 156 83 251 8 239 234 158 251 166 66 156 241
split_gain=576.886 292.531 312.206 135.382 120.001 70.1244 68.2379 56.3133 53.3104 49.2537 48.6524 51.5322 45.6952 43.3008
threshold=3.189611673355103 1.0000000180025095e-35 0.13383085280656817 76.500000000000014 0.16430578380823138 0.18803039938211444 0.36666667461395269 1.0000000180025095e-35 0.36666667461395269 0.33371244370937353 0.86113974452018749 9.7978043556213397 0.041960094124078758 0.22500000149011615
decision_type=2 2 2 8 2 10 2 2 2 2 2 2 2 2
left_child=4 2 3 12 6 10 -1 -4 -5 -9 11 -3 -2 -7
right_child=1 5 7 8 -6 13 -8 9 -10 -11 -12 -13 -14 -15
leaf_value=-0.012186201364305501 -0.045717510573903129 0.093181824788529641 -0.045093535369659044 0.044267899454633018 0.11340530894477603 0.11731103687935768 0.047588685271243825 0.093489287624476169 0.12011635860147628 0.12819714082323219 0.11986010592658453 -0.055066186432734754 0.021034225819014249 0.13716713025288729
leaf_weight=501.35876440545144 203.7246754775806 1182.7594671167208 25.912977227184456 293.02648725662038 132.00692441491992 2660.4655318290752 308.49274332237837 1451.5991084138332 135.5226023407522 569.19143340038863 1026.4442655958446 23.921962974294729 206.50379400926249 1870.3799394746457
leaf_count=84522 47376 15692 3091 31083 4689 20174 35869 28848 5533 3547 6029 1842 31247 11088
internal_value=0 0.106987 0.0803295 0.0289469 0.0249946 0.11836 0.0105836 0.101387 0.0682539 0.103265 0.103856 0.0902429 -0.0121155 0.125508
internal_weight=0 9649.45 2885.48 838.778 941.858 6763.97 809.852 2046.7 428.549 2020.79 2233.13 1206.68 410.228 4530.85
internal_count=330630 205550 150725 115239 125080 54825 120391 35486 36616 32395 23563 17534 78623 31262
is_linear=0
shrinkage=0.1


Tree=4
num_leaves=15
num_cat=1
split_feature=168 239 156 238 251 10 251 248 168 239 156 257 83 156
split_gain=562.375 333.407 240.01 199.1 124.404 77.0731 72.9402 66.1387 63.0371 56.9843 48.2518 45.5026 44.7384 41.2639
threshold=3.189611673355103 0.29166667163372045 0.16807910054922107 1.0000000180025095e-35 0.16430578380823138 47.500000000000007 0.25683248043060308 1.0000000000000002 3.6399499177932744 0.36666667461395269 0.067041199654340758 0 76.500000000000014 0.22295321524143222
decision_type=2 2 2 2 2 8 2 2 2 2 2 9 8 2
left_child=4 2 3 10 9 -3 8 13 -4 -1 12 -5 -2 -7
right_child=1 5 6 11 -6 7 -8 -9 -10 -11 -12 -13 -14 -15
leaf_value=-0.023244791861012099 -0.050376202560382582 0.0019558239935751755 0.061657906280635923 0.028238139976174477 0.099125668719513338 0.11333897665656792 0.12522126206680115 0.0074169154262483661 0.10540823430806445 0.036255531009396234 0.037947664133797354 0.1045034694561628 0.019601628786128374 0.13058262232087101
leaf_weight=402.06082814448018 183.11464874555168 54.530412947598961 571.96549893468546 127.17665143542399 158.34118230528838 2626.4713996096543 783.07179994172475 50.43424153488013 776.33970216240414 268.41601398400235 314.90275183416816 436.08552894060631 182.33018865971462 2942.4675162592175
leaf_count=84446 43660 18898 19268 3332 4691 32746 3449 5271 9012 35717 26364 5892 24218 13299
internal_value=0 0.105465 0.080577 0.0456657 0.0194028 0.120269 0.100947 0.121418 0.0868489 0.000575329 0.00925876 0.0896405 -0.0154624 0.12245
internal_weight=0 9048.89 3374.99 1243.61 828.818 5673.9 2131.38 5619.37 1348.31 670.477 680.348 563.262 365.445 5568.94
internal_count=330263 205409 135195 103466 124854 70214 31729 51316 28280 120163 94242 9224 67878 46045
cat_boundaries=0 2
cat_threshold=889393965 6840719
is_linear=0
shrinkage=0.1


Tree=5
num_leaves=15
num_cat=1
split_feature=238 157 13 11 158 156 234 11 240 166 257 12 86 86
split_gain=421.962 381.742 117.833 108.288 87.9488 77.2825 75.1066 65.087 56.9264 48.474 40.24 39.6853 41.2969 35.2295
threshold=1.0000000180025095e-35 0.53130584955215465 0.009501241613179447 0.013363095466047527 0.36666667461395269 0.077524039894342436 1.0000000180025095e-35 0.011428944766521456 1.0000000180025095e-35 0.81100705265998851 0 150.00000000000003 -1.1417606472969053 -0.97652161121368397
decision_type=2 2 8 8 2 2 2 8 2 2 9 8 8 8
left_child=1 3 -2 -1 5 13 -4 -3 -8 -7 -6 12 -10 -5
right_child=2 7 6 4 10 9 8 -9 11 -11 -12 -13 -14 -15
leaf_value=-0.052030976825540413 -0.0091852918687674572 -0.0067639419928024183 -0.0014652480541471854 -0.051184543667454757 0.02040975601104051 0.013810914561921831 0.096956048688065968 0.10840457572892709 0.026613615144546 0.072096974653537108 0.09853251146600242 0.12362873323994045 0.10668013728446626 0.011452288864371475
leaf_weight=137.52237842085742 79.681285999660759 50.907865676294023 56.656027797536808 124.15319326223107 109.7812211735145 236.00636787756957 1477.2700455217309 1360.1430111394002 69.674489226541482 360.84758416552359 296.01108105466847 4015.9465109634984 854.05959520951001 324.45943033991716
leaf_count=50278 25240 11383 6941 25667 8930 27847 28413 23971 2039 13342 12308 22322 16725 55140
internal_value=0 0.0663968 0.111679 0.0327785 0.0408151 0.0254782 0.113167 0.10425 0.114179 0.0490497 0.0803286 0.11933 0.100641 -0.00588241
internal_weight=0 2999.83 6553.29 1588.78 1451.26 1045.47 6473.61 1411.05 6416.95 596.854 405.792 4939.68 923.734 448.613
internal_count=330546 228866 101680 193512 143234 121996 76440 35354 69499 41189 21238 41086 18764 80807
cat_boundaries=0 2
cat_threshold=2958640083 6593293
is_linear=0
shrinkage=0.1


Tree=6
num_leaves=15
num_cat=0
split_feature=168 158 251 157 238 12 238 13 160 70 161 88 111 251
split_gain=386.881 204.252 135.285 132.82 118.671 64.519 55.9574 53.9365 59.3117 30.4465 29.571 38.3059 43.6242 29.2209
threshold=3.1948480606079106 0.22500000149011615 0.16430578380823138 0.51693385839462291 1.0000000180025095e-35 42.500000000000007 1.0000000180025095e-35 0.047145115211606033 1.0000000000000002 7.5000000000000009 2.7328655719757085 0.70317858457565319 -0.03252677991986274 0.36496080458164221
decision_type=2 2 2 2 2 8 2 10 2 2 2 10 2 2
left_child=2 3 6 4 9 -3 -1 8 -7 -2 11 -9 -13 -5
right_child=1 5 -4 13 -6 7 -8 10 -10 -11 -12 12 -14 -15
leaf_value=-0.016135124477404759 -0.00049803146630699455 -0.009370557118392988 0.10477512248077292 0.08422343563266628 0.085211672291364518 0.11341926027190817 0.04113191201577341 0.11156995507018728 0.084032447354627754 0.049873050478147184 0.12248851488693019 0.12046980435820363 -0.080138107695124541 0.11969881599530521
leaf_weight=347.14446199640588 348.80542140454054 43.934420135825349 204.25668678855436 469.40748248093223 485.52764015896901 1793.0368265160432 335.56108285209484 95.65097080617852 1113.2164792432231 182.93099372521829 3351.9154987608417 18.031253030232619 27.180446996411774 459.44996958310367
leaf_count=79796 57702 23343 4928 16319 10985 22322 45692 575 20233 23417 21820 154 554 2632
internal_value=0 0.102823 0.0333747 0.0744316 0.0494682 0.111398 0.0120126 0.112228 0.102163 0.0168309 0.120602 0.0757178 -0.000132003 0.101771
internal_weight=0 8389.09 886.962 1946.12 1017.26 6442.97 682.706 6399.03 2906.25 531.736 3492.78 140.863 45.2117 928.857
internal_count=330472 200056 130416 111055 92104 89001 125488 65658 42555 81119 23103 1283 708 18951
is_linear=0
shrinkage=0.1


Tree=7
num_leaves=15
num_cat=1
split_feature=168 239 156 238 13 157 156 90 156 257 238 13 17 10
split_gain=288.486 181.98 151.154 75.3036 69.7644 56.2404 51.1823 95.8755 46.251 46.1534 38.9846 38.7792 31.8033 29.8407
threshold=3.1948480606079106 0.29166667163372045 0.16172623634338382 1.0000000180025095e-35 0.009501241613179447 0.56584852933883678 0.11922530084848405 2.7617117166519169 0.055867666378617294 0 1.0000000180025095e-35 0.055197246372699744 55.500000000000007 127.50000000000001
decision_type=2 2 2 2 8 2 2 8 2 9 2 10 8 8
left_child=4 2 3 12 -1 10 7 8 9 -3 -6 13 -2 -4
right_child=1 6 11 -5 5 -7 -8 -9 -10 -11 -12 -13 -14 -15
leaf_value=-0.035776202248100138 -0.0045014967801711046 -0.015265995368148159 0.0094489587364654619 0.080241143012998464 0.0026767651473819523 0.090661846270445545 0.11622077892115545 0.1175851873256782 0.093074542313664785 0.064021764621752339 0.058640295486069693 0.11498466437407749 0.047028650464262342 0.087138365293016912
leaf_weight=106.96432336984799 276.7841204984943 105.31012583312986 52.6713939891888 319.63343559936038 241.18339842099886 237.83423234435031 4268.8222657911683 832.23634762003348 340.15160500101047 235.46823097041852 257.23499963511131 633.72728319180169 211.13129325103364 806.06163645286142
leaf_count=43816 57828 7566 8484 8575 48751 13775 30764 8941 8407 12330 24357 10064 33143 13896
internal_value=0 0.101155 0.0773634 0.0425126 0.0396881 0.0506517 0.110619 0.0948165 0.0669884 0.0409503 0.0315597 0.0962207 0.0177967 0.0823732
internal_weight=0 8082 2300.01 807.549 843.217 736.253 5781.99 1513.17 680.93 340.778 498.418 1492.46 487.915 858.733
internal_count=330697 199998 131990 99546 130699 86883 68008 37244 28303 19896 73108 32444 90971 22380
cat_boundaries=0 2
cat_threshold=302565336 5964778
is_linear=0
shrinkage=0.1


Tree=8
num_leaves=15
num_cat=2
split_feature=239 251 13 13 163 156 17 156 257 86 156 234 234 257
split_gain=230.244 181.511 114.275 89.656 81.5105 52.4703 55.4084 42.5643 38.0466 37.2973 44.8949 28.4896 24.3582 24.0479
threshold=0.29166667163372045 1.0000000180025095e-35 0.026832780800759796 0.052282193675637252 0.24490482360124591 0.16807910054922107 44.500000000000007 0.10676291957497598 0 -0.35328888893127436 0.023532669059932235 0.58333334326744091 0.58333334326744091 1
decision_type=2 2 8 10 2 2 8 2 9 8 2 2 2 9
left_child=1 2 -1 4 7 6 8 9 -4 10 -2 -9 -7 -6
right_child=3 -3 5 -5 13 12 -8 11 -10 -11 -12 -13 -14 -15
leaf_value=-0.003308339491408126 -0.0012756577330264569 0.11119380544849122 -0.025521013862826809 0.11845997396487787 0.051714986798112664 0.059715856404371749 0.070936920621747654 0.088693349475722216 0.042598097794632833 0.10066226750747354 0.077879301970797996 0.11354631074958793 0.097085401500573293 -0.025489540340943886
leaf_weight=298.70632310427209 103.39370759170924 774.33313731922681 135.26868891231061 3208.061369906809 170.42145349751809 278.83576392237228 373.86044070281787 666.4348530706302 182.57302684534807 336.2121134468689 233.41646366558416 1498.0518048534323 465.81683471865836 48.676615868924273
leaf_count=74497 10095 9518 27967 26509 20912 13357 39663 14006 23678 7458 10780 16074 17358 18035
internal_value=0 0.0709351 0.0529682 0.106783 0.0945269 0.0646715 0.0448406 0.0990647 0.0141449 0.0771004 0.0535804 0.105894 0.0830923 0.0357596
internal_weight=0 2509.39 1735.06 6264.67 3056.61 1436.35 691.702 2837.51 317.842 673.022 336.81 2164.49 744.653 219.098
internal_count=329907 206038 196520 123869 97360 122023 91308 58413 51645 28333 20875 30080 30715 38947
cat_boundaries=0 2 4
cat_threshold=3055522561 8176398 478643876 6380821
is_linear=0
shrinkage=0.1


Tree=9
num_leaves=15
num_cat=0
split_feature=238 157 8 11 234 13 10 17 240 158 0 108 8 251
split_gain=189.403 190.081 70.4729 69.6602 43.6419 39.3104 38.9669 36.1276 31.9798 31.2443 27.6325 27.5819 26.4493 26.4372
threshold=1.0000000180025095e-35 0.51693385839462291 0.24218017607927325 0.012371186632663013 1.0000000180025095e-35 0.012898496352136137 530.50000000000011 76.500000000000014 1.0000000180025095e-35 0.45000000298023229 1.0000000180025095e-35 -0.043269237503409379 0.26174853742122656 0.16430578380823138
decision_type=2 2 10 8 2 8 10 8 2 2 10 2 10 2
left_child=1 2 7 10 -5 -3 8 13 11 -4 -2 -6 -7 -1
right_child=3 5 9 4 6 12 -8 -9 -10 -11 -12 -13 -14 -15
leaf_value=-0.00091383161851426274 -0.073234468339419864 -0.0056162379411775661 0.05851243405698945 0.011036580138847171 0.047018245376160131 0.087749631844780157 0.1233398710605034 0.054029790925845769 0.10839376232011817 0.11176342969377168 0.059189665917998138 0.095056000218997072 0.11457445200667747 0.078260617587091921
leaf_weight=392.67885189533263 17.300022703500872 35.278606916926947 419.23408426076276 45.740135569103586 147.89592613962304 732.93478582423995 1433.5343303377886 270.52241474268521 3408.1293476057981 149.46568317260972 176.71722156643955 623.07280800482113 737.35835342172504 47.248513272657874
leaf_count=88229 14803 12820 49712 6438 5319 24053 8093 40286 33597 3524 15875 17421 7889 2860
internal_value=0 0.0746177 0.0462732 0.1063 0.10832 0.0986994 0.109113 0.0252729 0.104233 0.0725079 0.0473817 0.0858409 0.101202 0.00758956
internal_weight=0 2784.72 1279.15 5852.39 5658.37 1505.57 5612.63 710.45 4179.1 568.7 194.017 770.969 1470.29 439.927
internal_count=330919 229373 184611 101546 70868 44762 64430 131375 56337 53236 30678 22740 31942 91089
is_linear=0
shrinkage=0.1


Tree=10
num_leaves=15
num_cat=2
split_feature=11 156 17 238 13 163 156 13 10 86 238 239 257 257
split_gain=180.232 132.377 153.902 71.1551 57.0268 45.9684 35.4149 32.9459 29.049 26.1521 24.8604 24.26 23.874 21.7687
threshold=0.012371186632663013 0.11173533275723459 131.50000000000003 1.0000000180025095e-35 0.038293080404400832 0.06909805536270143 1.0000000180025095e-35 1.0000000180025095e-35 160.50000000000003 -1.1246774196624754 1.0000000180025095e-35 0.36666667461395269 0 1
decision_type=8 2 8 2 10 2 2 10 10 10 2 2 9 9
left_child=7 2 3 6 5 10 -2 -1 -6 12 -3 13 -5 -4
right_child=1 4 11 9 8 -7 -8 -9 -10 -11 -12 -13 -14 -15
leaf_value=-0.06685352263645393 -0.023956677561742776 0.077548276332741709 0.097291703786446568 -0.043494820076825834 0.09051975226107313 0.045587455447057973 0.036273054392588884 0.03069523592269055 0.11468161338274924 0.08110404656267052 0.10315810047576807 0.10978626986621642 0.058960575581659916 0.038005022353926936
leaf_weight=40.062226100420958 163.3215686859985 535.46255573422968 241.53995413435769 32.474742361635435 581.39675273354806 203.56048164669846 242.69988550672133 254.98396379504265 3451.8897087946752 364.77019326132722 1297.6276345949082 718.42373202632007 40.675256987888133 143.74602703577693
leaf_count=44235 41215 20073 15262 1402 18836 26937 42342 46852 17941 10086 17908 9752 1119 16677
internal_value=0 0.0970324 0.0743483 0.0422015 0.104311 0.0906708 0.0120457 0.0174498 0.111199 0.0701606 0.0956772 0.098929 0.01559 0.0786841
internal_weight=0 8017.59 1947.65 843.942 6069.94 2036.65 406.021 295.046 4033.29 437.92 1833.09 1103.71 73.15 385.286
internal_count=330637 239550 137855 96164 101695 64918 83557 91087 36777 12607 37981 41691 2521 31939
cat_boundaries=0 2 4
cat_threshold=947566864 1229602 184339683 1199184
is_linear=0
shrinkage=0.1


Tree=11
num_leaves=15
num_cat=2
split_feature=11 238 156 17 156 168 12 157 257 13 12 235 257 234
split_gain=144.124 109.435 111.333 56.8294 53.9003 39.7121 28.8953 28.8174 27.6566 26.7973 23.539 22.3197 22.14 20.9502
threshold=0.012371186632663013 1.0000000180025095e-35 0.18245838582515719 131.50000000000003 1.0000000180025095e-35 3.2785569429397587 477.00000000000006 0.58106496930122387 0 1.0000000180025095e-35 323.50000000000006 0.59918695688247692 1 1.0000000180025095e-35
decision_type=8 2 2 8 2 2 10 2 9 10 10 2 9 2
left_child=9 2 3 4 -2 10 11 -4 -6 -1 -3 13 -5 -7
right_child=1 5 7 12 8 6 -8 -9 -10 -11 -12 -13 -14 -15
leaf_value=-0.061259180293663312 -0.016288951231314158 0.069996840000585966 0.081969329668658997 0.024811537840790175 0.0084849625546955867 0.01664942005380594 0.13560530111751395 0.11003134021667567 0.06481715857919039 0.033410938090045285 0.10788705584416042 -0.16389764345404423 0.095212651946528365 0.10606024614971032
leaf_weight=34.351272471347329 150.8527514162015 493.64097541591036 693.80395638614209 81.62378420044115 130.95355647677934 26.366817400543368 339.83932663121959 774.40634180146299 378.17768980076653 230.71754630932992 245.49884177024069 3.0772073480184181 320.41355623311392 4307.2743619138128
leaf_count=44334 41315 29941 24163 12205 17650 3596 1513 7835 43085 46900 4434 122 22722 31171
internal_value=0 0.0960996 0.0789303 0.0542665 0.036212 0.104121 0.107526 0.0967706 0.0517677 0.0211423 0.0825817 0.105325 0.0839048 0.105516
internal_weight=0 7945.93 2530.23 1062.02 659.984 5415.7 4676.56 1468.21 509.131 265.069 739.14 4336.72 402.037 4333.64
internal_count=330986 239752 168975 136977 102050 70777 36402 31998 60735 91234 34375 34889 34927 34767
cat_boundaries=0 2 4
cat_threshold=67437064 1642763 576283403 6594308
is_linear=0
shrinkage=0.1


Tree=12
num_leaves=15
num_cat=1
split_feature=8 163 238 157 10 163 257 243 63 66 86 157 235 194
split_gain=148.838 109.26 68.9907 68.2154 39.0465 30.2587 26.8764 26.3614 24.5636 23.9236 22.023 21.229 20.6246 17.93
threshold=0.26174853742122656 0.24490482360124591 1.0000000180025095e-35 0.54692035913467418 154.00000000000003 -1.2329210042953489 0 0.79876914620399486 0.097465317696332945 4.6124520301818857 -0.8485949933528899 0.58106496930122387 0.49204507470130926 0.063486892729997649
decision_type=10 2 2 2 10 2 9 2 2 2 8 2 2 2
left_child=1 2 3 10 8 -4 -7 -3 -2 -10 -1 12 13 -6
right_child=4 7 5 -5 11 6 -8 -9 9 -11 -12 -13 -14 -15
leaf_value=0.021257473258244723 0.092923736995757469 0.030574931983322062 0.11065523749345577 0.089539168055723442 0.10932620090054429 0.062587212415512364 0.094824683529878037 -0.051064735016678478 0.07632144469611557 -0.0041839731833608939 0.057710141142980134 0.12001361133065716 0.023446184258895608 0.089544638683468625
leaf_weight=310.71856016307356 414.97209330782425 233.68577548829126 607.02258490988606 501.30376258636898 1753.2288691483518 592.15334845438701 1139.2451628267663 47.609926384249775 100.18419422848456 58.447721191529126 355.19814531720476 1069.4103930725687 32.089410259810393 620.3275414534146
leaf_count=46654 27163 69992 5578 14032 19565 17289 23043 29974 7041 8274 48065 2948 1986 9199
internal_value=0 0.0767211 0.0815326 0.0616764 0.104301 0.0914438 0.0847083 0.0167572 0.0801292 0.0466593 0.0407012 0.108291 0.10308 0.104156
internal_weight=0 3786.94 3505.64 1167.22 4048.66 2338.42 1731.4 281.296 573.604 158.632 665.917 3475.06 2405.65 2373.56
internal_count=330803 254627 154661 108751 76176 45910 40332 99966 42478 15315 94719 33698 30750 28764
cat_boundaries=0 2
cat_threshold=2519602690 2857870
is_linear=0
shrinkage=0.1


Tree=13
num_leaves=15
num_cat=1
split_feature=13 166 158 10 156 158 10 13 239 74 246 156 17 257
split_gain=136.593 95.2421 53.7844 52.5209 37.9927 31.0755 29.5961 28.1167 25.1611 21.7106 20.0468 19.8052 20.3014 19.7317
threshold=0.038293080404400832 0.81100705265998851 0.22500000149011615 116.50000000000001 0.2736185491085053 0.18333333730697635 479.50000000000006 0.01128691202029586 0.29166667163372045 0.33712121844291693 0.5900000035762788 0.14379699528217318 55.500000000000007 0
decision_type=10 2 2 10 2 2 8 8 2 2 2 2 8 9
left_child=1 2 13 8 5 -5 -3 -4 -2 10 -7 12 -9 -1
right_child=3 6 7 4 -6 9 -8 11 -10 -11 -12 -13 -14 -15
leaf_value=-0.012951246117280352 0.026988536594404717 0.065222667852808724 0.011195675347051322 0.064401123932844945 0.11227964799527346 0.039761700769670442 0.099346808580973764 0.023394126284206604 0.082920370452237421 0.058265289143120992 0.1027084095225565 0.083371002173308312 0.075039630329193946 0.036028390735877429
leaf_weight=108.36536725547194 126.63833559679915 337.41412262601443 82.796163131668436 306.54966977365984 2220.4713846174564 51.961007487057941 1030.096076517686 138.42731976640061 220.41762266190926 126.16396749034175 1923.1800322062481 560.6750974487295 169.08244580473547 316.39569462157306
leaf_count=22878 33135 18477 36808 19460 9903 1468 28389 17477 19257 3275 23071 22183 12233 62502
internal_value=0 0.0722382 0.0536611 0.100031 0.102845 0.0941444 0.0909272 0.0668754 0.0625112 0.0984835 0.101052 0.0721855 0.0517911 0.024076
internal_weight=0 2743.25 1375.74 4975.38 4628.33 2407.85 1367.51 950.981 347.056 2101.31 1975.14 868.185 307.51 424.761
internal_count=330516 220947 174081 109569 57177 47274 46866 88701 52392 27814 24539 51893 29710 85380
cat_boundaries=0 2
cat_threshold=2287158306 2164363
is_linear=0
shrinkage=0.1


Tree=14
num_leaves=15
num_cat=2
split_feature=248 13 163 10 251 83 10 241 86 257 157 63 257 157
split_gain=117.286 91.3586 59.3365 48.5101 34.6671 39.7889 31.6172 26.572 25.6063 19.6284 18.783 17.5857 17.1524 16.6556
threshold=1.0000000000000002 0.030360640957951549 -0.040197012946009629 116.50000000000001 0.36496080458164221 36.500000000000007 1099.5000000000002 0.22500000149011615 -1.0303306579589842 0 0.4467140287160874 -0.054384905844926827 1 0.62737560272216808
decision_type=2 10 2 10 2 8 10 2 8 9 2 2 9 2
left_child=1 2 4 11 5 9 7 8 10 -1 -5 -3 -4 -10
right_child=-2 3 12 6 -6 -7 -8 -9 13 -11 -12 -13 -14 -15
leaf_value=0.069219757308567595 -0.010828486547274599 0.084507444023031897 0.0014996671960435031 0.030985570755238764 0.10520527230009527 0.088653631632459179 0.12530544778629801 0.10428570828529185 0.090637557255257115 0.026839855604663454 0.079269999051915133 0.0400986930320315 0.049800367294816988 0.1167298718333315
leaf_weight=283.45409863305395 114.84484279138269 173.48012402027234 122.25551082239508 102.71148888914468 406.87176603074477 609.3955771691144 444.12013471055252 2606.8335048636218 1464.1809073524491 248.545184344679 373.6600918171971 183.48341076005818 210.3179069582402 293.72065145737724
leaf_count=17803 25259 24210 41041 6236 6071 32945 4090 25333 32031 22993 4355 33786 53634 1119
internal_value=0 0.0909972 0.0719107 0.0973598 0.0801427 0.0712087 0.0997695 0.0974269 0.0894243 0.0512259 0.0688593 0.0616808 0.0335873 0.0949972
internal_weight=0 7523.03 1880.84 5642.19 1548.27 1141.39 5285.23 4841.11 2234.27 531.999 476.372 356.964 332.573 1757.9
internal_count=330906 305647 174487 131160 79812 73741 73164 69074 43741 40796 10591 57996 94675 33150
cat_boundaries=0 2 4
cat_threshold=748476816 772656 2319364932 2704362
is_linear=0
shrinkage=0.1


Tree=15
num_leaves=15
num_cat=0
split_feature=11 239 251 246 168 246 2 248 86 168 55 235 10 157
split_gain=103.448 81.3693 72.3721 47.7214 45.1562 32.9613 34.1149 27.7345 27.1367 24.0082 19.2886 19.1241 18.9568 18.9316
threshold=0.012371186632663013 0.29166667163372045 1.0000000180025095e-35 0.5900000035762788 3.6399499177932744 0.5900000035762788 0.03488843888044358 1.0000000000000002 -0.87050437927246083 3.0417065620422368 1.0000000180025095e-35 0.51398262381553661 17.500000000000004 0.58106496930122387
decision_type=8 2 2 2 2 2 10 2 8 2 2 2 10 2
left_child=12 2 3 -2 8 6 -3 9 -5 -7 -8 -6 -1 -11
right_child=1 5 -4 4 11 7 10 -9 -10 13 -12 -13 -14 -15
leaf_value=-0.067204228379373912 -0.028913235200221904 -0.019012424242539142 0.099485977295727168 0.026009013439593349 0.084258510952521709 0.061918733791452497 0.11110594044693717 0.019305722092469117 0.064573606780829559 0.096177193840072547 -0.003353892921345455 -0.029554624031693306 0.031381819638437329 0.1102518697776094
leaf_weight=21.440837689076943 55.631415795585781 48.441471839891165 767.30464446850237 324.85764796661533 770.73210854874924 167.75351559012779 66.979145620018244 44.003955759253586 416.27814170384954 3152.0702622630633 18.87110815361666 15.052098348547586 215.96790290897479 1371.4985666167413
leaf_count=39672 7856 2776 8567 44360 38532 14543 926 7280 50948 52702 586 2718 51752 8048
internal_value=0 0.0895654 0.0742825 0.0620626 0.0653772 0.0969402 0.0480856 0.0983257 0.0476698 0.0990669 0.085946 0.0820784 0.0224783 0.100444
internal_weight=0 7219.47 2349.86 1582.55 1526.92 4869.62 134.292 4735.33 741.136 4691.32 85.8503 785.784 237.409 4523.57
internal_count=331266 239842 152981 144414 136558 86861 4288 82573 95308 75293 1512 41250 91424 60750
is_linear=0
shrinkage=0.1


Tree=16
num_leaves=15
num_cat=0
split_feature=156 83 13 156 234 238 168 239 251 85 11 251 85 122
split_gain=99.4989 116.606 53.2576 40.8465 35.6748 34.5482 25.2916 25.0127 28.2281 22.1792 21.0267 18.185 17.9385 16.6803
threshold=0.11173533275723459 44.500000000000007 0.021244358271360401 0.036038961261510856 0.75000000000000011 1.0000000180025095e-35 3.3294730186462407 0.29166667163372045 1.0000000180025095e-35 14.500000000000002 0.029672077856957916 0.33371244370937353 37.500000000000007 0.073077149689197554
decision_type=2 8 8 2 2 2 2 2 2 2 10 2 2 2
left_child=1 3 11 9 7 10 -5 8 -4 -1 12 -2 -3 -7
right_child=2 5 4 6 -6 13 -8 -9 -10 -11 -12 -13 -14 -15
leaf_value=0.041101141457967845 0.041770112676753325 0.016496571447400334 0.060859507048879373 0.012994697177971399 0.10681199532235136 0.099900789292221279 0.068594386067042296 0.095842665521098575 0.096057410228370083 -0.022782513796695408 0.079576055066016893 0.090344622113745526 0.088048061136751621 -0.013452757362682985
leaf_weight=84.029363966368692 247.20115010631343 126.22299213339284 524.6700460698994 115.86366131396426 2087.8397875741575 774.0607740869491 278.40248283806068 2114.3816077874872 402.75568016104808 153.84380265808068 316.51462405941493 111.98746393239708 48.5028331969188 13.203187406019422
leaf_count=14363 51204 29351 31107 24364 32146 15113 21860 26605 2997 39518 28057 2732 11025 590
internal_value=0 0.0676435 0.0941395 0.0325106 0.0967461 0.0850145 0.0522552 0.089837 0.076145 -0.000215433 0.0642044 0.0569146 0.0363588 0.0979997
internal_weight=0 1910.64 5488.84 632.139 5129.65 1278.5 394.266 3041.81 927.426 237.873 491.24 359.189 174.726 787.264
internal_count=331032 184241 146791 100105 92855 84136 46224 60709 34104 53881 68433 53936 40376 15703
is_linear=0
shrinkage=0.1


Tree=17
num_leaves=15
num_cat=0
split_feature=239 251 17 6 8 92 10 8 157 160 160 93 251 17
split_gain=84.819 70.7169 39.2435 32.8045 31.6964 25.412 24.2484 22.9494 19.8697 18.121 14.1343 14.0672 13.9891 18.3841
threshold=0.29166667163372045 1.0000000180025095e-35 48.500000000000007 1.0000000180025095e-35 0.14990550279617312 0.91731950640678417 1099.5000000000002 0.18803039938211444 0.49084857106208807 1.0000000000000002 1.0000000000000002 0.20311135053634646 0.33371244370937353 50.500000000000007
decision_type=2 2 8 8 10 2 10 8 2 2 2 2 2 8
left_child=1 2 4 -2 -1 9 7 10 11 -4 -5 -6 13 -9
right_child=3 -3 5 6 8 -7 -8 12 -10 -11 -12 -13 -14 -15
leaf_value=0.013986876027507545 0.035016428191221326 0.096694893914347893 0.083394199482777223 0.087123033557637841 0.049441529896197926 0.12760735179812946 0.11978453675859727 0.086489227912593392 0.074206523970218402 0.046550798815731612 0.053936110651277958 -0.0045802898193256988 0.10845825333968125 0.10201800382320536
leaf_weight=229.95007872080714 88.386639203774394 785.79232241797581 377.85676092912036 366.2431867306077 249.27171922542766 89.469130941646654 409.27823716876446 1591.6906954296974 332.89798800235076 206.42212592534997 197.5592929647064 59.757928499704576 845.96314194792649 1463.2064693062166
leaf_count=56817 35542 9487 40082 15824 36498 8059 4122 33643 18296 26142 12213 11120 3707 19543
internal_value=0 0.072269 0.059851 0.0953934 0.0458438 0.0779774 0.0964883 0.0943527 0.0572555 0.0703777 0.0754942 0.0389952 0.0970784 0.0939271
internal_weight=0 2331.42 1545.63 4962.33 871.878 673.748 4873.94 4464.66 641.928 584.279 563.802 309.03 3900.86 3054.9
internal_count=331095 206501 197014 124594 122731 74283 89052 84930 65914 66224 28037 47618 56893 53186
is_linear=0
shrinkage=0.1


Tree=18
num_leaves=15
num_cat=1
split_feature=13 246 239 163 156 86 56 86 156 2 10 234 257 235
split_gain=79.7028 55.1585 49.3459 38.9909 31.6329 30.4044 25.0051 24.3224 29.1608 22.662 20.2377 19.1734 18.8251 16.7318
threshold=0.055197246372699744 0.5900000035762788 0.29166667163372045 -0.65619859099388111 0.2736185491085053 -0.859868824481964 1.0000000180025095e-35 -0.97652161121368397 0.083920188248157515 0.030888491310179237 29.500000000000004 0.33333333581686025 0 0.31376735866069799
decision_type=10 2 2 2 2 10 2 8 2 8 10 2 9 2
left_child=1 6 3 -3 10 12 -1 8 -4 -8 -2 -9 -5 -12
right_child=4 2 7 5 -6 -7 9 11 -10 -11 13 -13 -14 -15
leaf_value=-0.065710574939821687 -0.010383752152557518 0.082583043165152012 0.018880915221420488 -0.0041111413985383035 0.108864340149688 0.072687340683020615 -0.062231096036946321 0.063795979236078951 0.080702433377479468 0.06940449796650866 0.097137164938566778 0.098671185150754182 0.043755640141227348 0.074370452502313861
leaf_weight=32.445023461368692 20.091483184420213 623.08543045019178 86.24702500798594 122.64929893926637 1727.2126474999968 284.22296957716753 16.925970209573279 175.36407834300553 661.51265382183556 57.531947749921528 1126.972689352071 1559.6803856072838 264.60419315271611 452.38649366076424
leaf_count=5365 14763 38115 11273 27875 14136 45830 4137 12446 17257 4305 24349 53911 40860 16163
internal_value=0 0.0783907 0.0803954 0.0645669 0.0994806 0.0478491 0.0075552 0.0886486 0.0735719 0.0394807 0.0893472 0.0951463 0.0296192 0.0906159
internal_weight=0 3884.27 3777.37 1294.56 3326.66 671.476 106.903 2482.8 747.76 74.4579 1599.45 1735.04 387.253 1579.36
internal_count=330785 261374 247567 152680 69411 114565 13807 94887 28530 8442 55275 66357 68735 40512
cat_boundaries=0 2
cat_threshold=311558950 3275916
is_linear=0
shrinkage=0.1


Tree=19
num_leaves=15
num_cat=1
split_feature=234 156 158 17 156 251 246 13 168 257 170 252 162 70
split_gain=68.5814 58.7102 61.6709 44.1917 51.8641 29.0348 23.9604 22.0861 19.8579 19.4497 14.8453 14.7949 17.5915 14.144
threshold=1.0000000180025095e-35 0.22295321524143222 1.0000000180025095e-35 44.500000000000007 0.045715779066085822 0.16430578380823138 0.5900000035762788 0.053384223952889449 3.4108241796493535 0 0.52297022938728344 19.052423477172855 37.313596725463874 7.5000000000000009
decision_type=2 2 2 8 2 2 2 8 2 9 2 2 2 2
left_child=-1 2 -2 4 9 8 -5 10 -6 -4 -3 -9 -13 -8
right_child=1 7 3 6 5 -7 13 11 -10 -11 -12 12 -14 -15
leaf_value=0.0051464587071301041 0.03643935058329003 0.095170728596944781 -0.023640789501249034 0.0053732525292078002 0.044872058004366028 0.10169669545612042 0.091453326880106586 0.10822070006271345 0.078714570620213573 0.042064328053536937 0.07285394673601879 -0.035449733669474126 0.093209943658885158 0.1137141006808792
leaf_weight=98.460663241037764 303.740192323472 819.94930412191934 58.881452282592363 29.143035600183794 254.36765765046948 374.10800535298767 1167.0092775018547 1743.295222613684 544.59349337525418 142.28321917355424 468.32713206710469 10.784715641493674 727.41147454637394 377.83471127839948
leaf_count=25211 59619 25981 13948 3515 35260 4346 50870 16246 16791 27736 21686 217 12424 17083
internal_value=0 0.0891883 0.0793432 0.0837634 0.0706607 0.0787055 0.0952032 0.0976811 0.06794 0.0237481 0.0870579 0.103196 0.0913303 0.0968978
internal_weight=0 7021.73 3251.96 2948.22 1374.23 1173.07 1573.99 3769.77 798.961 201.165 1288.28 2481.49 738.196 1544.84
internal_count=330933 305722 229168 169549 98081 56397 71468 76554 52051 41684 47667 28887 12641 67953
cat_boundaries=0 2
cat_threshold=2516666650 7348586
is_linear=0
shrinkage=0.1


Tree=20
num_leaves=15
num_cat=1
split_feature=10 234 238 157 241 16 252 86 257 246 55 93 163 63
split_gain=59.3521 51.0942 59.666 43.1611 25.0294 19.9189 19.3059 20.0997 19.303 18.9688 23.4723 17.6043 22.8426 17.5434
threshold=71.500000000000014 0.75000000000000011 1.0000000180025095e-35 0.51693385839462291 0.22500000149011615 1.0000000180025095e-35 87.49161529541017 -0.97652161121368397 0 0.5900000035762788 1.0000000180025095e-35 0.21716389805078509 -0.61485886573791493 0.079597778618335738
decision_type=8 2 2 2 2 2 2 8 9 2 2 2 2 2
left_child=13 2 3 5 6 -2 7 8 -4 10 -3 -11 -13 -1
right_child=1 9 4 -5 -6 -7 -8 -9 -10 11 -12 12 -14 -15
leaf_value=0.058413846029853382 0.0090063130939229043 0.083775173341880449 0.0036438084929015326 0.082380758704776735 0.10107065668577418 0.055281123179067998 0.0083853166934519888 0.092311394939521313 0.07313641053647546 0.10562555493460615 -0.044594834913231171 0.098281000720364164 0.047126583261606882 -0.00039465646271959355
leaf_weight=152.65642301378648 114.61163844991825 56.652949150644417 58.40699722347199 752.67813007263612 1435.490508345938 493.76425631592065 34.99785896344838 826.54947802880633 298.53414833400893 2352.5958993716631 19.027928847441217 302.37756403473759 122.72093502728239 75.970711695706996
leaf_count=69535 16693 2708 2168 19825 15950 58733 1690 17055 6116 60838 1830 5008 8842 43372
internal_value=0 0.0906646 0.0833936 0.0663708 0.0921235 0.0465634 0.0815828 0.0837474 0.0639163 0.100896 0.0515 0.102241 0.0835133 0.0388723
internal_weight=0 6868.41 4015.03 1361.05 2653.98 608.376 1218.49 1183.49 356.941 2853.38 75.6809 2777.69 425.098 228.627
internal_count=330363 217456 138230 95251 42979 75426 27029 25339 8284 79226 4538 74688 13850 112907
cat_boundaries=0 2
cat_threshold=11604762 3834144
is_linear=0
shrinkage=0.1


Tree=21
num_leaves=15
num_cat=2
split_feature=156 17 156 257 74 157 246 2 234 257 13 168 0 251
split_gain=61.6765 49.9553 48.6019 28.2471 28.0677 27.4346 18.9146 23.8215 17.7046 17.6051 16.8986 15.4963 14.8437 13.7018
threshold=0.20169491320848468 55.500000000000007 0.045715779066085822 0 0.22401433438062671 0.62737560272216808 0.5900000035762788 0.05115123093128205 0.33333333581686025 1 0.070988629013299956 3.189611673355103 0.12645348906517032 0.62041643261909496
decision_type=2 8 2 9 2 2 2 10 2 9 10 2 8 2
left_child=1 2 9 -4 5 8 7 -3 -2 -1 13 -6 -10 -8
right_child=4 6 3 -5 11 -7 10 -9 12 -11 -12 -13 -14 -15
leaf_value=-0.009037366478677103 0.066966502929168004 -0.091803046951917502 0.046934346078851302 0.084391482013371003 0.043507672498736556 0.11809202882388879 0.087066777151468114 0.090081414074352634 0.044617083841760621 0.044086685042392645 0.11318909438021191 0.085839691998896503 0.099668701160654086 -0.079798619711717603
leaf_weight=100.99616615552804 195.42228237157906 12.776579201716233 412.39507209094154 778.63077593726848 95.338252700910743 719.97891955304112 1125.4740405085213 16.499974391168507 50.138773674134427 154.77080889328499 295.66957881876078 930.14450105854303 2115.7789948768223 4.9425214610091635
leaf_count=29417 11578 3283 36852 47118 11890 7236 71780 1151 11619 36981 10628 11959 38985 108
internal_value=0 0.0771897 0.064031 0.0725245 0.0962344 0.101004 0.090271 0.0107052 0.0957934 0.0244796 0.0919044 0.0819041 0.0983943 0.0863372
internal_weight=0 2902.16 1446.79 1191.03 4106.8 3081.32 1455.36 29.2766 2361.34 255.767 1426.09 1025.48 2165.92 1130.42
internal_count=330585 237318 150368 83970 93267 69418 86950 4434 62182 66398 82516 23849 50604 71888
cat_boundaries=0 2 4
cat_threshold=2215592218 8067470 354540314 5448043
is_linear=0
shrinkage=0.1


Tree=22
num_leaves=15
num_cat=1
split_feature=86 166 239 7 234 238 11 252 157 133 163 257 246 206
split_gain=59.799 40.1894 36.5993 29.1559 25.1367 30.36 19.7732 19.7245 14.2833 14.982 13.3641 13.1621 13.103 13.0856
threshold=-0.92032676935195912 0.87331241369247448 0.29166667163372045 0.053342817351222045 0.75000000000000011 1.0000000180025095e-35 0.036602541804313667 11.825173377990724 0.35829284787178045 0.078291438519954695 -0.25117388367652888 0 0.5900000035762788 0.12842904776334765
decision_type=8 2 2 8 2 2 10 2 2 2 2 9 2 2
left_child=1 2 7 -2 5 12 -4 -1 9 -3 -6 -9 -5 -8
right_child=3 8 6 4 10 -7 13 11 -10 -11 -12 -13 -14 -15
leaf_value=0.060641297547271482 0.044611966929979423 0.013675891161146612 0.061360829915840104 0.0019550571592503222 0.11150685569308705 0.099162162421359279 0.096265879026583734 0.044804196571955876 0.092639146358006991 0.14059842923662647 0.091854936967632861 -0.0064135642480189665 0.077955772003192647 0.005414178040849653
leaf_weight=234.92734542992002 104.16631660485655 43.647743556175556 395.2312598135577 23.349504062069173 1450.7570095272531 1724.852424799752 397.12675967087125 82.456062393423053 1185.4587104847778 11.818382841476703 454.43720366497473 110.34096490878801 796.88925786386972 16.51273820035567
leaf_count=25123 46029 4680 28820 3872 25991 31878 8922 16156 19401 235 31147 23585 64269 649
internal_value=0 0.0776043 0.0648456 0.0969088 0.0981329 0.0916305 0.0773558 0.0411875 0.0903185 0.0407198 0.106819 0.0174827 0.0757923 0.092639
internal_weight=0 2477.52 1236.6 4554.45 4450.29 2545.09 808.871 427.724 1240.92 55.4661 1905.19 192.797 820.239 413.639
internal_count=330757 127571 103255 203186 157157 100019 38391 64864 24316 4915 57138 39741 68141 9571
cat_boundaries=0 2
cat_threshold=142626919 6283385
is_linear=0
shrinkage=0.1


Tree=23
num_leaves=15
num_cat=3
split_feature=86 156 8 12 13 160 160 67 85 158 257 257 257 158
split_gain=56.643 57.3816 28.2954 28.9351 24.6362 19.4433 17.547 19.0729 16.5782 16.2379 17.1872 15.672 14.8292 14.3295
threshold=-0.93824470043182362 0.077524039894342436 0.30752076208591467 275.00000000000006 0.014121899381279947 1.0000000000000002 1.0000000000000002 2.9677314758300786 67.500000000000014 0.18333333730697635 0 1 2 0.29166667163372045
decision_type=8 2 10 10 8 2 2 2 2 2 9 9 9 2
left_child=1 8 3 5 -3 -2 -6 9 12 10 -8 -7 -1 -13
right_child=2 4 -4 -5 6 11 7 -9 -10 -11 -12 13 -14 -15
leaf_value=-0.008268062553381415 0.088260343644077754 0.023886165623286989 0.1047356448678519 0.10122894055987378 0.090568439076097643 0.010293029161930875 -0.033205061786730911 0.0043578440383157694 0.12623449377039439 0.081226733960171424 0.058273276332941382 0.048771286157735794 0.042228694052562764 0.083956139084352635
leaf_weight=88.295030961682642 1145.0063871801885 71.37835668984917 1809.1491552694533 1128.1284491216102 1255.9495013836786 64.009237947651854 24.956284280720865 41.220508587073709 17.659681451985307 510.4065190017136 53.359705144648615 171.71701345826114 166.11955653700716 355.13535798654448
leaf_count=21052 91704 19428 29758 28598 26549 9814 2300 3797 2203 10296 2654 30682 29598 22180
internal_value=0 0.0755728 0.0949452 0.0887607 0.0815544 0.0806577 0.0837371 0.070117 0.032542 0.0747213 0.0323236 0.0659248 0.0260386 0.0711381
internal_weight=0 2229.35 4673.15 2864 1957.27 1735.87 1885.89 629.943 272.074 588.723 78.316 590.862 254.415 526.852
internal_count=330613 117877 212736 182978 65024 154380 45596 19047 52853 15250 4954 62676 50650 52862
cat_boundaries=0 2 4 6
cat_threshold=224200984 1589378 2151809042 6820236 2638958857 5402634
is_linear=0
shrinkage=0.1


Tree=24
num_leaves=15
num_cat=1
split_feature=86 156 156 65 235 168 168 161 158 257 173 8 164 68
split_gain=47.3561 46.739 26.843 21.559 21.1612 19.23 17.6182 16.2356 15.1367 14.0804 13.4998 15.4578 14.6503 13.0453
threshold=-0.93824470043182362 0.091507177799940123 0.33114035427570349 1.5000000000000002 0.51398262381553661 3.0213400125503544 3.2696473598480229 3.564003705978394 0.18333333730697635 0 -0.05521054379642009 0.26174853742122656 5.0782890319824228 37.616704940795906
decision_type=8 2 2 2 2 2 2 2 2 9 2 10 2 2
left_child=1 9 4 6 5 -2 -3 8 -7 -1 -5 12 -12 -11
right_child=2 3 -4 10 -6 7 -8 -9 -10 13 11 -13 -14 -15
leaf_value=0.0016350938342035708 0.054241486818490871 0.02572485599422622 0.10432765897872663 0.10420866759287178 0.013594051302316227 0.071812975061336548 0.07358105959176027 0.082309706491342199 0.1012601179393323 0.073523116687252005 0.05542793257903296 0.097004338017458114 0.089739061031693379 0.022799577731845749
leaf_weight=84.811759438904119 148.03619564033579 90.317923673572295 1643.2219766726939 413.24373461456526 37.313679789167509 198.72112163330348 518.90495660917077 1185.8835616673314 1435.7203557426583 135.41387308113917 279.16046343528069 402.74279644455237 224.54153118592512 81.051205975549237
leaf_count=21125 31662 16558 32832 8615 7301 26350 12976 64142 50514 21684 13989 3831 3930 15044
internal_value=0 0.0763249 0.0940507 0.0820462 0.0884323 0.089373 0.0664863 0.091217 0.0976798 0.0396944 0.0892292 0.0824002 0.0707232 0.0521228
internal_weight=0 2230.19 4648.9 1928.91 3005.67 2968.36 609.223 2820.33 1634.44 301.277 1319.69 906.445 503.702 216.465
internal_count=330553 117752 212801 59899 179969 172668 29534 141006 76864 57853 30365 21750 17919 36728
cat_boundaries=0 2
cat_threshold=2353664267 1994756
is_linear=0
shrinkage=0.1


Tree=25
num_leaves=15
num_cat=0
split_feature=246 93 55 12 168 235 163 10 160 1 8 63 5 95
split_gain=46.1712 35.5828 34.2116 29.2197 21.1447 20.7513 20.3295 19.2377 18.0363 17.9448 17.5009 17.4126 16.6491 12.9897
threshold=0.5900000035762788 0.20311135053634646 1.0000000180025095e-35 99.500000000000014 3.189611673355103 0.51398262381553661 0.74922382831573497 1099.5000000000002 1.0000000000000002 0.0078672047238796967 0.1828890144824982 0.097465317696332945 0.061711156740784652 -0.054122243076562875
decision_type=2 2 2 8 2 2 2 10 2 8 8 2 8 2
left_child=2 3 13 11 -3 6 7 8 -5 -4 -10 -2 -6 -1
right_child=1 4 9 5 12 -7 -8 -9 10 -11 -12 -13 -14 -15
leaf_value=0.017376158580567694 0.079396041008393439 0.03139767064570851 -0.14169693971584005 0.099093513318609716 0.036465663281657949 0.028756297824860479 -0.039722181876711581 0.11676209491997461 0.057753617049483001 0.0025022286307296755 0.089861062294995214 0.030387896364719787 0.082462746353119232 0.088201943936221452
leaf_weight=41.024177650346246 273.2360475260466 107.45188399291146 13.259536807614493 3061.0894609145835 86.68063359207008 46.323433690446109 11.016070303547165 421.112608471165 190.63228500961122 24.717617622762191 1550.9454572859067 98.681646106109838 853.82657365337218 70.217529889203433
leaf_count=5326 76359 21999 4176 69383 11177 6190 6262 9373 15506 2547 36153 36732 24442 5217
internal_value=0 0.0903469 0.0341055 0.0934844 0.0734222 0.0953923 0.0959819 0.0962681 0.0944711 -0.0478442 0.0863466 0.0663926 0.0782235 0.0620825
internal_weight=0 6701 149.219 5653.04 1047.96 5281.12 5234.8 5223.78 4802.67 37.9772 1741.58 371.918 940.507 111.242
internal_count=330842 313576 17266 255958 57618 142867 136677 130415 121042 6723 51659 113091 35619 10543
is_linear=0
shrinkage=0.1


Tree=26
num_leaves=15
num_cat=0
split_feature=86 156 238 156 234 158 10 17 253 175 12 17 241 148
split_gain=51.505 38.9263 21.9431 23.2495 23.0414 19.0555 15.7579 14.5785 16.1946 13.7256 12.9804 12.264 12.6248 14.3559
threshold=-0.93824470043182362 0.045715779066085822 1.0000000180025095e-35 0.39696970582008367 0.75000000000000011 1.0000000180025095e-35 453.00000000000006 50.500000000000007 0.47059109807014471 -0.13526341319084165 290.50000000000006 42.500000000000007 0.46428571641445165 -0.057388348504900925
decision_type=8 2 2 2 2 2 10 10 2 2 10 10 2 2
left_child=1 -1 3 4 -2 -3 7 8 -7 -6 11 12 -4 -14
right_child=2 5 10 -5 9 6 -8 -9 -10 -11 -12 -13 13 -15
leaf_value=0.028998795118096422 0.066933908422550425 0.048811906228045737 0.085941823548210547 0.11066943690517861 0.12671891512140457 0.080602808703196124 0.094625657493269677 0.0927027856586643 0.051721970277749801 0.086831479313116133 0.108160423377681 0.10719719669478334 -0.18626878908424138 0.11821459365222803
leaf_weight=163.6394280579334 693.60199305394599 181.50210677902214 1201.9325906353952 292.72738108064004 102.93403663122081 445.97246788052507 696.0901819326391 343.67246886379144 343.8551992421817 532.8908294965895 1112.563567975114 549.78445458217175 1.5631797013047606 164.5941982492368
leaf_count=41377 88087 17715 39569 6150 3732 15000 8672 12989 21983 48711 8218 15123 84 3234
internal_value=0 0.0759007 0.094543 0.0851564 0.0795387 0.079717 0.082783 0.0755103 0.0680294 0.0932889 0.0995675 0.0945828 0.0895135 0.11535
internal_weight=0 2174.73 4652.59 1622.15 1329.43 2011.09 1829.59 1133.5 789.828 635.825 3030.44 1917.87 1368.09 166.157
internal_count=330644 117736 212908 146680 140530 76359 58644 49972 36983 52443 66228 58010 42887 3318
is_linear=0
shrinkage=0.1


Tree=27
num_leaves=15
num_cat=0
split_feature=86 156 156 10 63 166 234 13 158 172 85 113 170 234
split_gain=51.1729 33.2136 23.363 24.8273 19.8071 19.4885 17.6721 15.6858 15.1385 13.4766 12.9302 12.9087 12.2826 15.831
threshold=-0.93824470043182362 0.077524039894342436 0.2869249433279038 154.00000000000003 0.051160620525479324 0.87331241369247448 0.75000000000000011 0.036542827263474471 0.55000001192092907 0.14802575111389163 61.500000000000007 0.03989811800420285 0.51753386855125438 0.33333333581686025
decision_type=8 2 2 8 2 2 2 10 2 2 2 2 2 2
left_child=1 10 3 4 -2 7 8 -3 12 -8 11 -1 -5 -14
right_child=2 5 -4 6 -6 -7 9 -9 -10 -11 -12 -13 13 -15
leaf_value=0.018222146998730145 0.076346830198365148 0.054468715713103216 0.10222234134891968 0.08738697280134855 0.019812281944628037 0.089130977502251699 0.094067860769269721 0.081035500954790396 0.11240671295693644 0.11958565205604879 0.10860617443076329 0.072943044106175636 0.019530219495546123 0.074000464024828169
leaf_weight=161.41151921655546 243.62196019980547 408.87369520861103 1942.8952354502617 701.2270104572417 83.113605741880747 1018.4097424125612 749.76875982392085 486.89790829996491 158.50847066762799 285.87723883097351 25.088435979381757 58.819419043447851 63.157152114516066 343.85633507949751
leaf_count=38172 58306 39592 39844 33449 27071 10511 26987 14920 2357 4931 3428 11268 4940 15268
internal_value=0 0.0752281 0.0939068 0.0877617 0.0619658 0.0796678 0.0914224 0.0689091 0.0835008 0.101112 0.0405858 0.032837 0.0793664 0.0655482
internal_weight=0 2159.5 4572.03 2629.13 326.736 1914.18 2302.39 895.772 1266.75 1035.65 245.319 220.231 1108.24 407.013
internal_count=331044 117891 213153 173309 85377 65023 87932 54512 56014 31918 52868 49440 53657 20208
is_linear=0
shrinkage=0.1


Tree=28
num_leaves=15
num_cat=0
split_feature=86 156 157 8 246 2 10 245 85 168 12 162 157 134
split_gain=46.0758 24.8027 19.4357 20.8007 16.8866 21.8592 16.2272 15.2662 13.9233 14.1068 13.6474 11.9913 11.6026 12.1386
threshold=-0.93824470043182362 0.091507177799940123 0.62737560272216808 0.30752076208591467 0.5900000035762788 0.067117117345333113 154.00000000000003 0.71208056807518016 67.500000000000014 3.4108241796493535 362.50000000000006 76.15512847900392 0.52151954174041759 -0.018549770116806027
decision_type=8 2 2 10 2 10 8 2 2 2 10 2 2 2
left_child=1 8 3 4 5 -2 7 -3 9 -1 -6 12 13 -8
right_child=2 6 -4 -5 10 -7 11 -9 -10 -11 -12 -13 -14 -15
leaf_value=0.0087837745754329715 -0.016444405744203746 0.018727002915307715 0.10955157336263417 0.10047782676128331 0.082455993617553625 0.1082650586182225 0.01542712781686933 0.077096067342240449 0.12544998160490994 0.058680496561267309 0.10025270379572362 0.091271583739645445 0.083073858150580826 0.068310574973814639
leaf_weight=86.810522923979079 35.730534630569309 78.370919741564649 687.42978081383262 1514.6164580639634 1752.9237021354238 23.169099074162659 55.29290977709752 104.63348548384056 21.369256857058645 163.14737425098792 571.33518437563907 901.35688582945295 500.54184405771957 201.8623565315138
leaf_count=29104 8568 18505 7731 28659 150007 1933 2445 10566 2326 26374 15940 14813 7540 6040
internal_value=0 0.0762019 0.0940486 0.0913144 0.0854907 0.032612 0.0803596 0.0520997 0.0479748 0.0413513 0.0868307 0.0834768 0.0742042 0.0569397
internal_weight=0 2113.39 4585.2 3897.77 2383.16 58.8996 1842.06 183.004 271.327 249.958 2324.26 1659.05 757.697 257.155
internal_count=330551 117713 212838 205107 176448 10501 59909 29071 57804 55478 165947 30838 16025 8485
is_linear=0
shrinkage=0.1


Tree=29
num_leaves=15
num_cat=0
split_feature=86 65 12 8 171 4 157 12 241 163 246 251 158 234
split_gain=54.1786 20.7028 18.025 16.9455 18.916 15.7213 14.3854 14.1414 11.9403 13.2417 11.6593 10.7231 11.1077 11.7513
threshold=-0.93824470043182362 1.5000000000000002 27.500000000000004 0.29066580533981329 0.40317600965499883 0.14174107462167743 0.62737560272216808 59.500000000000007 0.41428571939468389 -1.323850631713867 0.5900000035762788 1.120132625102997 0.45000000298023229 0.75000000000000011
decision_type=8 2 8 10 2 10 2 8 2 2 2 2 2 2
left_child=1 7 -2 4 6 10 8 -1 9 -4 -3 12 13 -12
right_child=2 5 3 -5 -6 -7 -8 -9 -10 -11 11 -13 -14 -15
leaf_value=-0.0079415824845444679 0.021816431952271086 0.0090681266833860102 0.10765014925941151 0.10141134753137278 0.060898687765249787 0.034473027379905305 0.11307785643786283 0.063109245156886026 0.11016513982007191 0.082364360127755942 0.066312438670943566 0.11147044513396509 0.09854290693073034 0.089276699194650699
leaf_weight=29.369615305498883 34.013094564052153 20.539062594914867 241.39155721522548 2122.5797883447158 215.52532033780517 67.700062364896439 280.91024927433318 606.30162523545732 231.47852041279111 1458.0820662337555 506.21905788571166 137.25883074168814 303.04428538971479 398.05568782858063
leaf_count=24488 45103 2306 8792 30919 13836 7286 3736 32454 9877 100751 27825 892 6029 16273
internal_value=0 0.0748464 0.094343 0.0948851 0.0891784 0.08151 0.091934 0.0598265 0.0888581 0.0859559 0.0838427 0.084985 0.0819738 0.0764212
internal_weight=0 2068.49 4583.98 4549.97 2427.39 1432.82 2211.86 635.671 1930.95 1699.47 1365.12 1344.58 1207.32 904.275
internal_count=330567 117553 213014 167911 136992 60611 123156 56942 119420 109543 53325 51019 50127 44098
is_linear=0
shrinkage=0.1


Tree=30
num_leaves=15
num_cat=1
split_feature=93 157 17 163 156 70 238 239 104 235 257 251 2 156
split_gain=33.249 27.0051 26.7793 25.1865 18.2324 17.5834 15.9461 14.0146 12.7626 11.8927 11.7434 11.3608 12.3686 11.2398
threshold=0.20311135053634646 0.58106496930122387 44.500000000000007 -0.38127163052558893 0.045715779066085822 7.5000000000000009 1.0000000180025095e-35 0.18333333730697635 -0.067554987967014299 0.30956727266311651 0 0.52402764558792125 0.074179895222187056 0.2869249433279038
decision_type=2 2 8 2 2 2 2 2 2 2 9 2 10 2
left_child=1 2 4 -2 9 6 13 -6 10 -1 -5 -7 -13 -4
right_child=3 -3 5 8 7 11 -8 -9 -10 -11 -12 12 -14 -15
leaf_value=0.069367654166486825 0.080504231026506459 0.10266665064476688 0.069005864465430222 0.045340898076800994 0.061127886950229741 0.11418405826836159 0.097709987242379642 0.085360635276693353 0.059930211504264842 0.011431005798164955 -0.02389986868139098 -0.1698015407470066 0.07667243291539233 0.11055608381056592
leaf_weight=85.337745310860555 802.76143285006401 1562.3010724772375 415.14067279306619 37.041509778409818 277.79867954355541 483.05670442610062 946.73615481345041 1693.8558561890277 157.92782453119253 60.582685483053865 42.856543304515071 2.846765644324476 7.1488117196058738 77.213564760997542
leaf_count=22670 20573 24189 52706 4866 32583 25990 20955 67309 23844 22241 9609 131 96 2714
internal_value=0 0.0914982 0.0871896 0.0720362 0.079422 0.0957027 0.0901188 0.0819463 0.0434532 0.0453137 0.0108844 0.112001 0.00647602 0.075522
internal_weight=0 5612.02 4049.72 1040.59 2117.57 1932.14 1439.09 1971.65 237.826 145.92 79.8981 493.052 9.99558 492.354
internal_count=330476 271584 247395 58892 144803 102592 76375 99892 38319 44911 14475 26217 227 55420
cat_boundaries=0 2
cat_threshold=39851600 5649482
is_linear=0
shrinkage=0.1


Tree=31
num_leaves=15
num_cat=1
split_feature=86 13 156 238 156 163 13 158 172 68 159 245 257 177
split_gain=58.4276 20.566 18.3305 20.3413 18.0978 16.0911 12.81 12.4703 12.0119 11.0094 10.9076 10.7082 13.6394 10.1536
threshold=-0.93824470043182362 0.012898496352136137 0.29777145385742193 1.0000000180025095e-35 0.091507177799940123 -0.040197012946009629 0.073539584875106825 0.18333333730697635 0.19107734411954883 37.616704940795906 1.3766795396804812 0.77537280321121227 0 0.39507992565631872
decision_type=8 8 2 2 2 2 10 2 2 2 2 2 9 2
left_child=1 -1 3 5 9 8 -5 11 10 -3 -2 12 -6 -7
right_child=2 4 -4 6 7 13 -8 -9 -10 -11 -12 -13 -14 -15
leaf_value=0.018793650054962384 0.073276523296182616 0.065942521201889523 0.10222680827309703 0.092461016486412528 -0.014851958483016495 0.049112698173770064 0.11661739617957952 0.083180319872462591 0.10761597183464054 0.021554699849443738 0.10797805989293806 0.079081742687426571 0.056242759661618347 0.22182177160360972
leaf_weight=64.731414788491747 603.26682431221343 163.88201080461658 1840.9172775605603 1360.4964241475845 37.119187484931899 186.955929585185 261.76310844694672 1494.0929575556002 176.83248479495523 84.786479801434325 106.58368925302057 137.51280118587601 91.466442705626832 3.467114303050038
leaf_count=29615 48680 28231 37674 36869 4291 67015 4420 28716 7756 17362 9572 5053 4664 990
internal_value=0 0.0742729 0.0945327 0.0892854 0.0760606 0.078632 0.0963588 0.0796282 0.0842962 0.050808 0.0784869 0.0596835 0.0389386 0.0522573
internal_weight=0 2073.59 4540.28 2699.37 2008.86 1077.11 1622.26 1760.19 886.683 248.668 709.851 266.098 128.586 190.423
internal_count=330908 117932 212976 175302 88317 134013 41289 42724 66008 45593 58252 14008 8955 68005
cat_boundaries=0 2
cat_threshold=259858528 1595649
is_linear=0
shrinkage=0.1


Tree=32
num_leaves=15
num_cat=1
split_feature=86 234 168 241 65 257 10 234 171 12 247 0 187 168
split_gain=56.8958 22.0914 17.852 14.207 13.8164 18.6234 13.2377 11.6606 10.5493 13.6046 13.5042 14.7803 12.472 11.1841
threshold=-0.87884920835494984 0.75000000000000011 3.702044010162354 0.41428571939468389 1.5000000000000002 0 21.500000000000004 1.0000000180025095e-35 0.40317600965499883 290.50000000000006 0.19369097799062732 0.24068287014961245 0.14407794177532199 4.1105282306671151
decision_type=8 2 2 2 2 9 8 2 2 10 2 8 2 2
left_child=1 2 4 6 5 -1 -2 -8 9 10 -9 12 -12 -10
right_child=3 -3 -4 -5 -6 -7 7 8 13 -11 11 -13 -14 -15
leaf_value=-0.0019676798014097866 0.00061403170982684196 0.086433208666762879 0.080346931668819621 0.10995346111850673 0.06706472801422142 0.056260250334474238 0.038268606884308172 0.092981614162046256 0.061072766066853371 0.10450917305222525 0.033218528728973434 0.083519960489553943 -0.15164864265576139 0.11799652623391402
leaf_weight=86.482900141210848 15.505325034206178 1160.9341534853811 638.26970549498947 564.39943429867162 537.48211096771956 173.68328239855873 38.160384997087021 1836.1222607555392 172.27206610762369 1063.757699368758 48.573697527914192 113.15682263820418 3.945813753452966 43.163701782563294
leaf_count=16170 28111 54116 19645 15064 37093 20085 10049 92981 10997 18486 2572 4448 343 759
internal_value=0 0.0761755 0.0678822 0.095281 0.0579081 0.0389913 0.0927976 0.0932282 0.0938675 0.0953706 0.0905144 0.0631715 0.0193294 0.0724777
internal_weight=0 2596.85 1435.92 3899.06 797.648 260.166 3334.66 3319.15 3280.99 3065.56 2001.8 165.676 52.5195 215.436
internal_count=330919 147109 92993 183810 73348 36255 168746 140635 130586 118830 100344 7363 2915 11756
cat_boundaries=0 2
cat_threshold=2991388267 606385
is_linear=0
shrinkage=0.1


Tree=33
num_leaves=15
num_cat=0
split_feature=86 234 251 156 238 234 246 239 173 92 110 63 168 17
split_gain=50.5331 18.7485 16.7422 16.3723 16.9852 16.7181 17.0009 15.3688 12.8852 15.6947 12.8307 11.4313 11.2123 10.3235
threshold=-0.93824470043182362 0.75000000000000011 1.1881788969039919 0.29777145385742193 1.0000000180025095e-35 0.33333333581686025 0.5900000035762788 0.45000000298023229 0.028304210864007476 0.92182064056396495 0.079037018120288863 -0.021106838248670098 3.6650491952896123 34.500000000000007
decision_type=8 2 2 2 2 2 2 2 2 2 2 2 2 8
left_child=1 2 7 4 5 -2 -7 -1 9 11 -10 -8 -9 -6
right_child=3 -3 -4 -5 13 6 8 12 10 -11 -12 -13 -14 -15
leaf_value=0.054875393657647958 0.037895993580719628 0.08550259772998263 0.11123922090219783 0.10136752501966176 0.085144239593740734 -0.0019133234998491217 0.099527744031418924 0.063389872003504821 0.075802243917431747 0.13030394935536202 0.0054394540614128338 0.068429360960080385 0.10109777671500138 0.1016387276151704
leaf_weight=717.58389597165478 89.313987393589741 941.84983256300984 77.221341059659608 1821.8372998561681 602.429614031862 22.980043840428152 291.09316076417053 165.66514379873661 340.05304911858002 100.3710800885965 28.053674694536312 199.01030505140989 150.48488750630713 1025.1470490951469
leaf_count=62604 19243 43755 543 37714 19939 7020 32045 8970 36714 8237 4123 26626 1836 21269
internal_value=0 0.0751233 0.0663239 0.0940431 0.0890981 0.0793172 0.0830862 0.0629687 0.0851238 0.094278 0.0704398 0.0869 0.0813385 0.0955335
internal_weight=0 2052.81 1110.96 4520.29 2698.45 1070.88 981.561 1033.73 958.581 590.475 368.107 490.103 316.15 1627.58
internal_count=330638 117708 73953 212930 175216 134008 114765 73410 107745 66908 40837 58671 10806 41208
is_linear=0
shrinkage=0.1


Tree=34
num_leaves=15
num_cat=0
split_feature=86 234 241 7 251 238 156 234 251 239 170 168 17 4
split_gain=48.6706 16.2769 16.2138 14.6466 13.6473 12.8948 12.5148 12.276 11.3742 11.4596 10.7073 11.1269 10.5161 10.5028
threshold=-0.93824470043182362 1.0000000180025095e-35 0.46428571641445165 0.11814556270837785 1.1881788969039919 1.0000000180025095e-35 0.47987118363380438 0.75000000000000011 1.1881788969039919 0.45000000298023229 0.52297022938728344 3.6155359745025639 11.500000000000002 0.14421338587999347
decision_type=8 2 2 8 2 2 2 2 2 2 2 2 8 10
left_child=1 -1 4 -3 5 6 10 8 9 -5 -2 -12 -13 -9
right_child=2 3 -4 7 -6 -7 -8 13 -10 -11 11 12 -14 -15
leaf_value=0.0021724083084135185 0.085931651714393875 0.053244354683122531 0.10834028250844537 0.060160700998375533 0.11802835707711666 0.094277133161453974 0.10905226256914383 0.090321387737478942 0.1083981703969526 0.085186276245135722 0.050858580380878697 0.029960098251570519 0.094468732288706683 0.029573789192645812
leaf_weight=30.010281796381605 639.19360303839858 241.02764572717388 664.66939657215698 572.6983716563318 183.29804456213606 2410.1274774232552 145.85605274013142 817.58932807154451 76.63277528679464 268.88932842732902 233.53257211932396 30.28309474157868 152.68316232219877 29.487269233468396
leaf_count=9149 83739 36157 17098 36891 1003 60847 3571 25575 432 5922 35615 2179 9095 3478
internal_value=0 0.0752739 0.0939326 0.0763673 0.0914092 0.0900582 0.0815956 0.0795245 0.0715149 0.0681564 0.0778022 0.065326 0.0837918 0.0882067
internal_weight=0 2036.34 4459.64 2006.32 3794.97 3611.68 1201.55 1765.3 918.22 841.588 1055.69 416.499 182.966 847.077
internal_count=330751 117604 213147 108455 196049 195046 134199 72298 43245 42813 130628 46889 11274 29053
is_linear=0
shrinkage=0.1


Tree=35
num_leaves=15
num_cat=0
split_feature=86 246 156 246 2 86 68 201 163 13 71 86 76 101
split_gain=55.8199 25.0265 14.2736 13.9982 24.3941 13.0093 12.4896 12.3351 11.9812 11.9763 11.7523 10.3554 10.3258 10.3168
threshold=-0.92719623446464527 0.5900000035762788 0.036038961261510856 0.5900000035762788 0.03488843888044358 -0.78337943553924549 41.332763671875007 0.12495120614767076 0.78721302747726452 0.070988629013299956 0.031009615398943428 -1.2622538208961485 0.22401433438062671 -0.24726808816194532
decision_type=8 2 2 2 8 10 2 2 2 10 2 10 2 2
left_child=1 -1 12 4 -2 -6 9 -8 11 -5 -9 -4 13 -3
right_child=3 2 8 6 5 -7 7 10 -10 -11 -12 -13 -14 -15
leaf_value=-0.01235789377442848 -0.035812191878421093 0.15699976666802004 0.06172488600140872 0.095356692253111233 0.023314230406240331 0.11011118530583285 0.089576842723479044 0.0092879708178595019 -0.022769806684530169 0.10909836257995142 0.092748709289461204 0.08235595013588462 0.14019256884601561 0.027832880341811628
leaf_weight=32.048710227136326 21.593606872769669 6.5600235868114387 284.65816169340906 2268.8534397460899 24.814785396876687 56.779971671003295 1047.8414302915371 38.57149267756904 11.555020484312989 880.30371303403808 29.989537233366718 1674.0755249896974 10.212573270513529 107.76492378574403
leaf_count=5383 6284 844 10052 125320 3185 2573 47983 2161 11236 19058 1444 59346 2869 33166
internal_value=0 0.0753417 0.0766835 0.0950958 0.0587017 0.0837143 0.0959762 0.0868881 0.0787587 0.099198 0.0457948 0.0793577 0.0438507 0.0352445
internal_weight=0 2126.87 2094.83 4368.75 103.188 81.5948 4265.56 1116.4 1970.29 3149.16 68.561 1958.73 124.538 114.325
internal_count=330904 122896 117513 208008 12042 5758 195966 51588 80634 144378 3605 69398 36879 34010
is_linear=0
shrinkage=0.1


Tree=36
num_leaves=15
num_cat=0
split_feature=86 246 234 252 86 159 67 10 13 162 234 218 166 100
split_gain=49.4116 19.9197 15.1027 14.1677 16.0887 11.9706 12.1432 11.9287 10.5129 10.7445 8.92364 8.5664 8.42155 8.93327
threshold=-0.92719623446464527 0.5900000035762788 0.75000000000000011 8.4201622009277362 -0.68975442647933949 1.5807985663414004 3.9862859249114995 116.50000000000001 0.035806082189083106 126.07434844970705 1.0000000180025095e-35 0.15544108301401141 0.86113974452018749 -0.10732772201299666
decision_type=8 2 2 2 10 2 2 8 10 2 2 2 2 2
left_child=1 -1 5 -2 7 6 8 -5 9 -3 -9 12 13 -4
right_child=3 2 11 4 -6 -7 -8 10 -10 -11 -12 -13 -14 -15
leaf_value=-0.0082925493253173371 0.10241760445228754 0.04306332680881008 0.039777728525653755 0.056207208155250238 0.10131933850299552 0.092926603639830477 0.0084766183265482156 0.012460925838426165 0.07467220246572949 0.093733652370484297 0.088069633578932077 -0.022135115583548401 0.094894113000042538 0.081990121940597543
leaf_weight=27.621163885693022 1531.5139232193451 248.55529391792516 57.874745057388282 131.60522922582277 924.96313207754429 176.25952101451185 37.158883600139234 15.748690877066108 581.36402302424176 50.320753440551925 1770.5058523277767 7.2665960603553676 563.40856335699209 374.82244177181201
leaf_count=5346 52188 31152 5074 52475 47049 5827 10708 3780 21346 5002 52208 617 8588 29337
internal_value=0 0.0760757 0.077187 0.0946639 0.0904868 0.0690584 0.0644726 0.0852623 0.0668364 0.0515945 0.087403 0.086047 0.0868362 0.0763441
internal_weight=0 2124.65 2097.03 4374.34 2842.82 1093.66 917.399 1917.86 880.24 298.876 1786.25 1003.37 996.106 432.697
internal_count=330697 122997 117651 207700 155512 74035 68208 108463 57500 36154 55988 43616 42999 34411
is_linear=0
shrinkage=0.1


Tree=37
num_leaves=15
num_cat=0
split_feature=86 241 234 235 10 8 173 10 157 168 246 225 94 184
split_gain=50.1937 18.9071 15.5712 13.2174 12.2006 13.7608 12.0397 11.3565 10.9092 11.678 9.68389 9.43922 9.3918 9.09278
threshold=-0.97652161121368397 0.41428571939468389 0.75000000000000011 0.46060159802436834 1099.5000000000002 0.14990550279617312 -0.042315179482102387 21.500000000000004 0.57297003269195568 3.7618322372436528 0.5900000035762788 0.05022713169455529 -0.10951624810695647 0.057468840852379806
decision_type=8 2 2 2 10 8 2 8 2 2 2 2 2 2
left_child=3 2 7 4 5 -1 -7 -2 9 -9 -4 -5 -11 -12
right_child=1 -3 10 11 -6 6 -8 8 -10 12 13 -13 -14 -15
leaf_value=0.046111653381577647 -0.020117080671084302 0.10870196810560687 0.047141477207576381 0.0045324767464143857 0.10079539210650074 0.088162657104523978 0.068642585088310198 0.074212450761969043 0.096155892320405278 0.043054867584011711 0.10326359746006837 0.083477269808741802 0.095359988703058007 0.086567762035434745
leaf_weight=172.49010297782934 10.140354992287028 708.62514886811005 36.663772257566961 45.680746119525793 172.11245940059598 512.31912505341643 824.47498046007786 934.44489272169085 713.80408696767336 36.580075859477802 1300.1556453671583 22.658118417277365 557.8288354543256 435.44716606162365
leaf_count=29688 22757 18428 4755 7684 4035 22886 36804 78218 12784 2083 48661 2241 17667 22003
internal_value=0 0.0936397 0.0909879 0.073818 0.0755702 0.0726936 0.0761235 0.0854712 0.0859486 0.081183 0.0980004 0.030707 0.0921411 0.0990748
internal_weight=0 4733.69 4025.06 1749.74 1681.4 1509.28 1336.79 2252.8 2242.66 1528.85 1772.27 68.3389 594.409 1735.6
internal_count=330694 227356 208928 103338 93413 89378 59690 133509 110752 97968 75419 9925 19750 70664
is_linear=0
shrinkage=0.1


Tree=38
num_leaves=15
num_cat=0
split_feature=86 252 251 83 235 85 147 102 157 170 86 110 242 63
split_gain=49.6645 14.1797 13.3227 18.4871 13.8947 11.3669 27.5135 11.295 10.6695 13.424 14.1132 12.6686 10.3233 12.0789
threshold=-0.93824470043182362 11.343987941741945 0.36496080458164221 50.500000000000007 0.30093747377395635 55.500000000000007 0.0075539634563028821 -0.06622938439249991 0.57297003269195568 0.52720874547958385 -1.2396698594093321 -0.10753254964947699 -0.023674623109400269 0.3332419246435166
decision_type=8 2 2 10 2 2 2 2 2 2 10 2 2 2
left_child=1 -1 3 4 -2 -4 -7 -5 9 10 11 -3 -11 -14
right_child=2 8 5 7 -6 6 -8 -9 -10 12 -12 -13 13 -15
leaf_value=0.082955896674419952 0.090537335985829775 0.3175411637055332 0.10475202356568909 0.074461693618057309 0.073179689811119927 0.079950122342244301 -0.20240076171531191 0.10724546728713441 0.079982362693582332 -0.018505691637272777 0.074026110659815431 0.022375888347447304 0.062365523503818888 -0.020692740768022955
leaf_weight=1021.5789351454896 1729.9794314188794 1.48164741025539 1109.778685437559 121.61880175853548 628.80096424896783 25.735984834871491 3.9856484928313867 773.34823203923133 349.57164438320524 32.35027205206552 391.3058800611434 78.233373721057433 87.703957906520372 21.876380675494147
leaf_count=45740 101643 130 8875 6957 57860 255 136 37363 8200 8616 34161 9181 9613 2021
internal_value=0 0.0747501 0.0938121 0.0905532 0.0859102 0.103118 0.0420871 0.10279 0.0660408 0.0580898 0.0662134 0.0278621 0.0311304 0.045784
internal_weight=0 1984.1 4393.25 3253.75 2358.78 1139.5 29.7216 894.967 962.523 612.952 471.021 79.715 141.931 109.58
internal_count=330751 117662 213089 203823 159503 9266 391 44320 71922 63722 43472 9311 20250 11634
is_linear=0
shrinkage=0.1


Tree=39
num_leaves=15
num_cat=0
split_feature=86 241 157 246 2 151 13 69 88 226 235 157 17 80
split_gain=55.3517 13.5044 13.4867 11.2647 20.1917 15.5294 11.8338 13.0991 15.1588 13.8719 11.5546 10.7576 13.4593 11.7451
threshold=-0.92032676935195912 0.22500000149011615 0.38332407176494604 0.80000001192092907 0.077254641801118865 0.037413286045193679 0.070988629013299956 2.1885257959365849 0.57965493202209484 0.0095887864008545893 0.40463660657405859 0.58106496930122387 48.500000000000007 0.11173533275723459
decision_type=8 2 2 2 10 2 10 2 8 2 2 2 10 2
left_child=1 11 -3 4 5 -2 10 8 9 -8 -5 12 -1 -14
right_child=3 2 -4 6 -6 -7 7 -9 -10 -11 -12 -13 13 -15
leaf_value=0.05220532790078726 0.011748808912301321 0.046579657194875841 0.088248463911405506 0.095764567785724772 0.1151960849894105 0.099528030242221177 0.13613011914893244 0.1104513406243945 0.085684834326456252 -0.14092696114974432 0.073607441007719238 0.08154397174353066 0.066078741375536543 0.11448241040580259
leaf_weight=490.53646763731558 62.467195558164349 84.652872395254235 942.41436223980509 2796.7375968592778 58.451163984438608 29.754573807142151 2.6422844880580652 919.75048496493037 126.19644366880675 5.7177975323247665 256.98323685315154 431.13726547670558 157.59510625374605 73.515124320069845
leaf_count=50499 9435 12678 36043 140869 2780 2266 189 19486 4456 172 23115 8971 14294 5096
internal_value=0 0.0764753 0.084814 0.0960686 0.069214 0.04007 0.0970536 0.106188 0.0770459 -0.0533604 0.0939 0.069046 0.0615793 0.0814757
internal_weight=0 2179.85 1027.07 4258.7 150.673 92.2218 4108.03 1054.31 134.557 8.36008 3053.72 1152.78 721.647 231.11
internal_count=330349 127581 48721 202768 14481 11701 188287 24303 4817 361 163984 78860 69889 19390
is_linear=0
shrinkage=0.1


Tree=40
num_leaves=15
num_cat=0
split_feature=86 166 241 85 156 12 234 30 86 188 114 92 68 167
split_gain=56.4515 16.0658 17.3496 17.9302 14.8814 11.1078 9.80344 11.41 11.1335 9.62192 14.2533 9.20395 9.13544 9.38989
threshold=-0.87050437927246083 0.87331241369247448 0.26785714924335485 47.500000000000007 0.2314560413360596 477.00000000000006 0.75000000000000011 1.0000000180025095e-35 -0.7922014296054839 0.090597599744796767 -0.017438344657421109 0.80684351921081554 41.332763671875007 3.5000000000000004
decision_type=8 2 2 2 2 8 2 2 8 2 2 2 2 2
left_child=1 2 3 4 -1 -3 7 12 9 10 -9 -5 13 -2
right_child=6 5 -4 11 -6 -7 -8 8 -10 -11 -12 -13 -14 -15
leaf_value=0.036554769158390961 0.09635925039903831 0.079259368761027627 0.08410980919784769 0.0088317609142309211 0.066791661326689886 0.099025478778563283 0.10223199123325505 -0.12853236927070907 0.082236142058940226 0.089953049047596656 0.03253308698602022 0.10008736698130638 0.082274570077044917 0.12776104712754874
leaf_weight=288.59106419329237 1318.0476038289453 938.34238927247316 512.32008370782478 12.057805139036644 373.32762027051467 407.88983684408959 1685.946490501412 7.1094461357861318 201.79516444821274 16.694669636315666 24.184152594818443 132.54645831886774 449.73434644293957 102.64063170149984
leaf_count=53965 62663 20526 34390 1575 20945 8380 64338 710 11804 682 1907 12106 26029 10788
internal_value=0 0.0775634 0.069719 0.0605777 0.0536086 0.0852482 0.0965407 0.092015 0.0719407 0.0286472 -0.00405862 0.092478 0.0946958 0.0986279
internal_weight=0 2665.08 1318.84 806.523 661.919 1346.23 3806.15 2120.21 249.783 47.9883 31.2936 144.604 1870.42 1420.69
internal_count=330808 151887 122981 88591 74910 28906 178921 114583 15103 3299 2617 13681 99480 73451
is_linear=0
shrinkage=0.1


Tree=41
num_leaves=15
num_cat=0
split_feature=86 7 251 17 235 158 246 221 86 86 64 166 30 247
split_gain=54.6815 15.3878 11.6968 19.7696 14.0725 12.2242 11.6078 11.1878 10.3889 10.0167 9.5823 14.6295 8.13155 7.77606
threshold=-0.93824470043182362 0.12144130468368532 0.36496080458164221 36.500000000000007 0.2966547310352326 0.18333333730697635 0.5900000035762788 -0.027807365171611306 -1.2088897824287412 -0.66499987244606007 7.5000000000000009 0.11630334332585336 1.0000000180025095e-35 -0.13574823737144467
decision_type=8 8 2 10 2 2 2 2 10 10 2 2 2 2
left_child=1 7 3 4 5 10 -3 -1 -8 -6 -2 -12 -5 -7
right_child=2 6 -4 12 9 13 8 -9 -10 -11 11 -13 -14 -15
leaf_value=0.01646067823275869 0.062037354797342473 0.0067118026346807179 0.10422150583124555 0.10567212071899 0.063598906198723798 0.10542256995508809 0.065399175433108317 0.064495757690715069 0.084124820963987851 0.091745446685492463 0.37690473101532218 0.013547699734692636 0.076647495206296934 0.089523006562602758
leaf_weight=63.927600382121454 162.78826523797579 22.027066535585618 1123.6657429465085 1043.8151934658244 371.8718193336008 451.34500870818738 385.67615613189264 200.74957546140649 1278.1421384042969 191.57086902348783 2.4201801191811674 2.0437866397842299 106.36055376237346 965.85395701879861
leaf_count=13982 27819 3608 9206 51237 38790 12839 19172 26828 53849 15733 81 585 6507 49909
internal_value=0 0.0753101 0.09541 0.0924079 0.0867423 0.0915692 0.0788294 0.0528938 0.0797842 0.0731687 0.066001 0.210545 0.102988 0.0945866
internal_weight=0 1950.52 4421.74 3298.07 2147.89 1584.45 1685.85 264.677 1663.82 563.443 167.252 4.46397 1150.18 1417.2
internal_count=330145 117439 212706 203500 145756 91233 76629 40810 73021 54523 28485 666 57744 62748
is_linear=0
shrinkage=0.1


Tree=42
num_leaves=15
num_cat=0
split_feature=86 10 17 251 86 17 74 171 81 111 251 228 121 4
split_gain=52.5643 12.2983 12.0743 17.2127 18.352 11.8265 11.7708 13.0676 11.714 10.3513 9.78841 12.0718 9.76759 9.12279
threshold=-0.93824470043182362 1099.5000000000002 44.500000000000007 0.36496080458164221 -0.69987148046493519 53.500000000000007 0.22401433438062671 0.007610822096467019 0.30602006614208227 -0.08641622960567473 0.59460794925689708 -0.035256681963801377 -0.029920126311480996 0.15411606431007388
decision_type=8 10 10 2 8 10 2 2 2 2 2 2 2 8
left_child=1 5 3 4 13 6 7 8 12 -7 -11 -12 -1 -2
right_child=2 -3 -4 -5 -6 9 -8 -9 -10 10 11 -13 -14 -15
leaf_value=0.06258980411789683 0.079408757014766823 0.097820490996617174 0.10338967303703557 0.10233107942424335 0.093504165550463342 0.03140324273971707 0.05415257773067933 0.048124570400072425 0.052259048302745005 0.090838885310962847 -0.23755548305878588 0.049443830288978925 0.094804888814609412 0.051282683311379196
leaf_weight=123.58528660505362 674.30667306489431 209.233419891214 1156.4054424445321 1003.2760814989815 1392.3448230729527 33.485892946271633 456.06951847081109 153.36298245165381 118.38118923369257 461.14755378016071 1.9485669077257624 5.9128415072336784 394.71514494679286 139.11260139042133
leaf_count=7043 51125 5365 51396 8004 83943 2257 33815 13821 7915 26751 39 79 20632 18616
internal_value=0 0.0749084 0.0946288 0.0914717 0.0865324 0.0721669 0.0669445 0.0743289 0.0806409 0.0851176 0.0889527 -0.0216932 0.0871234 0.0745986
internal_weight=0 1957.84 4365.45 3209.04 2205.76 1748.61 1246.11 790.045 636.682 502.495 469.009 7.86141 518.3 813.419
internal_count=330801 117717 213084 161688 153684 112352 83226 49411 35590 29126 26869 118 27675 69741
is_linear=0
shrinkage=0.1


Tree=43
num_leaves=15
num_cat=0
split_feature=86 157 248 7 17 251 235 86 168 93 80 162 235 2
split_gain=62.0357 13.6363 11.5884 10.7561 10.4219 12.9117 13.1654 10.7645 9.98589 9.74647 9.26177 8.59389 8.21184 8.18091
threshold=-0.93824470043182362 0.39395502209663397 2.0000000000000004 0.11814556270837785 32.500000000000007 0.33371244370937353 0.31800344586372381 -0.69987148046493519 3.3679230213165288 0.019267152063548568 0.062996033579111113 61.141962051391609 0.41182506084442144 0.08179993182420732
decision_type=8 2 2 8 10 2 2 10 2 2 2 2 2 10
left_child=1 12 4 -3 5 6 8 9 -2 -8 -11 -5 -1 -6
right_child=2 3 -4 11 13 -7 7 -9 -10 10 -12 -13 -14 -15
leaf_value=0.057408366989594978 0.078348829861153407 0.054117868438788831 -0.039954404883233235 0.067551815226650214 0.096796203134129552 0.10153090912917373 0.075861127790104552 0.090468770776379256 0.096403040801468193 -4.8239972162828798e-05 0.060190473000417882 0.084071255367306849 -0.00012613921738065316 0.11256071098504133
leaf_weight=165.12542087619659 414.39659932303039 188.31646705849835 6.3206212317272721 438.29828554896267 890.17471994568859 991.95717323754798 131.01799491362908 173.9135240394935 1175.0824763079199 43.927317215151561 60.921737661464249 1118.7334712091379 29.193407618808124 522.35007610194407
leaf_count=24767 55269 28643 2547 19364 45499 7826 14954 15565 39047 6895 6496 36482 8278 18244
internal_value=0 0.0738933 0.0953524 0.076691 0.0955466 0.0922036 0.0875758 0.0715937 0.0916961 0.0576764 0.034953 0.0794211 0.0487647 0.102626
internal_weight=0 1939.67 4410.06 1745.35 4403.74 2991.22 1999.26 409.781 1589.48 235.867 104.849 1557.03 194.319 1412.52
internal_count=329876 117534 212342 84489 209795 146052 138226 43910 94316 28345 13391 55846 33045 63743
is_linear=0
shrinkage=0.1


Tree=44
num_leaves=15
num_cat=0
split_feature=86 3 240 17 86 248 246 86 159 157 135 3 189 227
split_gain=55.7248 12.8608 12.2868 11.6252 15.2859 13.1993 10.3905 10.504 9.95359 9.82454 10.9699 11.2579 9.15678 8.90271
threshold=-0.93824470043182362 0.09175084158778192 2.5000000000000004 44.500000000000007 -0.68975442647933949 1.0000000000000002 0.5900000035762788 -1.2622538208961485 1.6779319643974306 0.43854895234107977 0.018152374774217609 0.20114503800868991 -0.1518803462386131 0.11881510168313981
decision_type=8 8 2 10 10 2 2 10 2 2 2 8 2 2
left_child=1 -1 3 4 5 8 -3 -8 13 10 -5 -12 -11 -2
right_child=2 6 -4 9 -6 -7 7 -9 -10 12 11 -13 -14 -15
leaf_value=0.025537421827753405 0.086162467706658682 0.01023835948016868 0.11690847843505998 0.095008168473485602 0.10143249082601291 0.012282313303037196 0.059180267864987382 0.079894204561496499 0.11512914590663476 0.06337385808085691 -0.031222900527268789 0.075448038472318679 0.10876654753174075 0.045822817518485208
leaf_weight=52.254008901483758 1960.9438800208245 23.845690467016539 238.51059390816044 127.41558256759527 888.10453399969447 24.118646114554394 289.9391810809575 1572.818453394515 116.25409946524269 46.809455582922965 15.604391564478645 27.035573619810748 877.79972915758299 56.279045179049717
leaf_count=25799 97254 4237 5541 12649 42263 8535 15456 72309 4558 2965 2696 2576 29017 4620
internal_value=0 0.074475 0.0948384 0.093567 0.0903903 0.0858451 0.0758304 0.0766701 0.0866768 0.102406 0.0803154 0.0364111 0.106468 0.085037
internal_weight=0 1938.86 4378.88 4140.36 3045.7 2157.6 1886.6 1862.76 2133.48 1094.66 170.056 42.64 924.609 2017.22
internal_count=330475 117801 212674 207133 157230 114967 92002 87765 106432 49903 17921 5272 31982 101874
is_linear=0
shrinkage=0.1


Tree=45
num_leaves=15
num_cat=0
split_feature=93 81 160 63 8 158 66 156 85 67 63 10 117 76
split_gain=35.8184 15.4057 11.8669 11.084 10.6666 10.288 10.3506 9.34516 13.5959 11.384 8.87357 8.55547 9.1655 8.50719
threshold=0.13219466060400012 0.26876173913478857 1.0000000000000002 -0.1860026270151138 0.25577446818351751 0.63333335518836986 7.9717586040496835 0.2869249433279038 72.500000000000014 6.6703209877014169 0.21021857112646106 530.50000000000011 -0.024496837519109246 0.056079665198922164
decision_type=2 2 2 2 10 2 2 2 2 2 2 10 2 2
left_child=1 2 7 -4 -2 6 -5 8 11 -9 -8 12 -1 -14
right_child=4 -3 3 5 -6 -7 10 9 -10 -11 -12 -13 13 -15
leaf_value=0.066561835546063833 0.066411806430219655 0.073394934936822018 0.099828879224625508 0.080841100978502833 0.083500126352318405 0.1170447642116173 0.054838451902364672 0.10480800521470722 0.14046029271980401 -0.15288689348576262 -0.055492187287868144 0.10267466038391025 0.082993975601023257 0.1023216778999349
leaf_weight=191.90213396539002 793.37158521587571 403.15749207313092 462.16541897074239 987.94156759125508 676.96976823923433 75.39318727873615 32.511624671897152 1185.3624107635951 57.835216120356563 1.716761572375616 9.3964891132563917 457.71386949064254 586.08094783786783 372.45858842843063
leaf_count=18847 66459 23745 25408 54779 20624 1728 8047 20741 3495 1026 3061 11665 43798 27583
internal_value=0 0.0921082 0.0938149 0.0868246 0.0742796 0.0813867 0.0787763 0.0976553 0.0928242 0.104435 0.0301005 0.0911111 0.0865104 0.0905041
internal_weight=0 4823.64 4420.48 1567.41 1470.34 1105.24 1029.85 2853.07 1665.99 1187.08 41.9081 1608.16 1150.44 958.54
internal_count=331006 243923 220178 93023 87083 67615 65887 127155 105388 21767 11108 101893 90228 71381
is_linear=0
shrinkage=0.1


Tree=46
num_leaves=15
num_cat=0
split_feature=86 13 167 86 159 156 9 110 99 246 16 157 17 148
split_gain=64.2289 17.2188 12.2017 11.8 14.4825 10.4124 10.4361 9.13729 11.3968 8.12352 8.05278 7.62782 9.89336 12.611
threshold=-0.93824470043182362 0.052282193675637252 3.5000000000000004 -1.1874148845672605 1.0361096262931826 0.027973395772278312 0.024742373265326027 0.063011024147272124 -0.097016066312789903 0.5900000035762788 1.0000000180025095e-35 0.55922695994377147 27.500000000000004 0.053018901497125633
decision_type=8 10 2 10 2 2 10 2 2 2 2 2 8 2
left_child=3 2 5 4 7 6 -2 8 -1 -7 -4 12 -3 -14
right_child=1 11 10 -5 -6 9 -8 -9 -10 -11 -12 -13 13 -15
leaf_value=-0.078632691796572299 0.077945744735477218 0.08510766997402594 -0.017908042870212422 0.078572252590088917 0.077603847822174943 0.035327904024402397 0.020397695181029355 0.069592055429565022 0.036723511403210771 0.091950109494678661 0.11933906179962624 0.10830786915134726 0.10449228793759323 0.003078318756135969
leaf_weight=9.047704520809928 421.25696055749768 475.79079015140815 4.3956241077667064 1407.8023992492681 262.6216712342848 25.791795131375693 34.059796512106914 92.865308651889791 160.35185777625338 1439.7882157960366 155.82866430333479 977.62971647360973 857.57901694430257 12.439676191228498
leaf_count=1282 43854 18914 2233 82761 9265 5562 8756 7737 16733 87664 14807 6902 23602 518
internal_value=0 0.0956678 0.0890614 0.0738011 0.0610044 0.0868499 0.0736409 0.0443823 0.0305623 0.0909537 0.115574 0.101585 0.0967018 0.103042
internal_weight=0 4404.56 2081.12 1932.69 524.887 1920.9 455.317 262.265 169.4 1465.58 160.224 2323.44 1345.81 870.019
internal_count=330590 212812 162876 117778 35017 145836 52610 25752 18015 93226 17040 49936 43034 24120
is_linear=0
shrinkage=0.1


Tree=47
num_leaves=15
num_cat=0
split_feature=86 86 245 104 74 83 151 159 83 10 215 246 6 66
split_gain=46.8652 16.0272 16.6302 10.2595 10.3121 10.1404 9.84169 9.52536 9.26619 9.16604 9.03332 8.17369 8.60706 8.69097
threshold=-0.93824470043182362 -0.68975442647933949 0.64888516068458568 -0.10522841662168501 0.21339286118745807 44.500000000000007 0.037413286045193679 0.036170180886983878 39.500000000000007 160.50000000000003 -0.075575437396764741 0.5900000035762788 0.030090497806668285 8.9657030105590838
decision_type=8 10 2 2 2 10 2 2 10 8 2 2 8 2
left_child=3 2 -2 7 -5 11 -7 -1 9 -9 -11 -4 13 -13
right_child=1 -3 5 4 -6 6 -8 8 -10 10 -12 12 -14 -15
leaf_value=-0.071683102974212654 0.080474073606403587 0.10389696598659481 0.035410142742629679 0.08706628887092635 0.07007514970482645 0.10278920641027789 0.14328222101398416 -0.0022231155857866639 0.081944125335019088 0.0066986165257918208 0.066072450347028786 0.045647464290961601 0.094397579149284372 0.31668239332594372
leaf_weight=5.1853184514766317 1033.6433628570176 1340.5154267622393 25.12635811085056 880.39382983283576 601.0501989637587 429.91156772208706 69.761612527459874 27.166837701815894 184.05261300000711 29.086236551775073 215.3100213260841 48.875828193759844 1397.9570479445174 1.2124384568669473
leaf_count=852 71026 61289 4034 49315 38940 16047 1827 8870 10240 1516 7905 13191 45092 317
internal_value=0 0.0948035 0.090749 0.0761192 0.0801727 0.0961324 0.108443 0.0630876 0.0646214 0.0528809 0.0590062 0.091957 0.0929382 0.0522081
internal_weight=0 4347 3006.49 1942.25 1481.44 1972.84 499.673 460.801 455.616 271.563 244.396 1473.17 1448.05 50.0883
internal_count=330461 212823 151534 117638 88255 80508 17874 29383 28531 18291 9421 62634 58600 13508
is_linear=0
shrinkage=0.1


Tree=48
num_leaves=15
num_cat=0
split_feature=86 85 251 251 99 234 171 221 232 253 76 63 66 179
split_gain=52.3998 19.6278 15.9107 15.445 16.1175 12.9899 12.3758 11.8567 10.9705 10.6895 9.22424 8.93001 11.8609 10.8228
threshold=-0.859868824481964 63.500000000000007 0.33371244370937353 0.11179282888770105 0.16887108981609347 1.0000000180025095e-35 0.40317600965499883 0.053918454796075828 -0.033930547535419457 0.38254553079605108 0.096998207271099104 0.17278607189655307 2.7950283288955693 0.019398883916437629
decision_type=8 2 2 2 2 2 2 2 2 2 2 2 2 2
left_child=1 2 5 -3 8 -1 10 -8 -5 -7 11 -2 -13 -14
right_child=6 3 -4 4 -6 9 7 -9 -10 -11 -12 12 13 -15
leaf_value=0.00644988205004549 0.09773864679878104 0.12093480736475277 0.087202071898540623 -0.16902007754126369 -0.16866342929507175 0.080166294718792039 0.08225623431246526 0.012030823227598245 0.089695568871846806 0.064011344273931764 0.1056974672795567 0.094966120395986356 0.077039844879119343 0.022698789788839616
leaf_weight=31.264283718917795 1845.8241065845577 160.69236064385223 834.38102230936056 1.789887157821801 3.3324514754785914 765.04333763835984 167.11948775862948 28.082255728491873 19.443209710370866 881.54839782425188 1078.0897248243273 306.35751067287129 146.29109735843849 48.902807928076072
leaf_count=11009 86659 8447 7972 81 110 44678 10880 3187 268 84256 46958 11506 8158 6635
internal_value=0 0.0782333 0.0759169 0.109645 0.0357973 0.0703049 0.0966446 0.0721534 0.0678866 0.0715173 0.0980403 0.0945235 0.0826911 0.0634255
internal_weight=0 2697.49 2512.24 185.258 24.5655 1677.86 3620.67 195.202 21.2331 1646.59 3425.47 2347.38 501.551 195.194
internal_count=330804 156821 147915 8906 459 139943 173983 14067 349 128934 159916 112958 26299 14793
is_linear=0
shrinkage=0.1


Tree=49
num_leaves=15
num_cat=0
split_feature=86 85 158 234 166 213 63 8 30 17 176 63 12 232
split_gain=48.053 20.703 12.982 11.0123 10.1323 9.16399 13.6441 13.5249 9.16182 9.05614 8.889 8.85675 13.7538 9.4502
threshold=-0.859868824481964 63.500000000000007 1.0000000180025095e-35 0.33333333581686025 0.87331241369247448 0.025065460242331031 0.6365908980369569 0.27771878242492681 1.0000000180025095e-35 11.500000000000002 -0.044809333980083459 -0.15620874613523481 341.00000000000006 0.087501477450132384
decision_type=8 2 2 2 2 2 2 10 2 10 2 2 10 2
left_child=1 2 -1 -4 5 6 8 -8 -5 11 -11 -2 13 -13
right_child=9 -3 3 4 -6 -7 7 -9 -10 10 -12 12 -14 -15
leaf_value=0.054863133022579662 0.09917163128320397 0.11064014336707964 0.055387031813650789 0.075257291860817921 0.087635961175301355 0.085823851998237319 0.032728544305694975 -0.14647688863584726 0.044324992881701115 0.1112542209164763 0.096589400743634549 0.07768383417994891 0.1027795435274944 0.02235540978086888
leaf_weight=256.89349939706881 607.45871788096156 187.13656219513905 187.12041767619758 476.72009065533348 1041.2388236918705 377.38028887574092 18.676148687369281 5.4376509596877431 119.82138743783253 557.15931052198721 1601.1721811510197 520.88473304736453 247.04592632251661 32.81537081946226
leaf_count=35638 28130 8943 18720 34118 16426 28604 2159 383 11698 33481 69739 34797 4862 3057
internal_value=0 0.0785656 0.0761485 0.0786045 0.0807349 0.0735352 0.0660632 -0.0076822 0.0690442 0.0963048 0.100375 0.0900664 0.0831589 0.0744048
internal_weight=0 2670.42 2483.29 2226.39 2039.27 998.036 620.655 24.1138 596.541 3566.54 2158.33 1408.2 800.746 553.7
internal_count=330755 156689 147746 112108 93388 76962 48358 2542 45816 174066 103220 70846 42716 37854
is_linear=0
shrinkage=0.1


Tree=50
num_leaves=15
num_cat=1
split_feature=86 86 74 257 85 246 63 12 3 235 242 252 172 12
split_gain=58.9863 12.4715 10.6348 10.5326 9.06709 9.53379 8.99496 12.0454 8.67438 8.49096 8.33224 7.79817 12.425 8.59551
threshold=-0.93824470043182362 -0.7922014296054839 0.49390244483947759 0 70.500000000000014 0.5900000035762788 -0.15620874613523481 127.50000000000001 0.09175084158778192 0.29236342012882238 -0.15163425356149671 77.417037963867202 0.041884193196892745 362.50000000000006
decision_type=8 10 2 9 2 2 2 8 8 2 2 2 2 10
left_child=2 6 4 -4 5 -1 -2 -8 -7 -3 -9 -12 13 -13
right_child=1 9 3 -5 -6 8 7 10 -10 -11 11 12 -14 -15
leaf_value=0.0048307885004542986 0.099543500094698464 0.10601227953669284 -0.0049910250837492277 0.062196945935231757 0.11380376355423505 0.030099035231352642 0.0569042882904967 -0.098190923757324036 0.078127615557205252 0.0936374280772206 0.090441778493118213 -0.047770952701381098 0.095816349690972538 0.081873025461015006
leaf_weight=18.560782002905398 683.44591379509257 1313.021086867031 32.609538659742611 238.86294165796062 66.397187777812178 38.566635250030231 132.74932657687168 2.3853555564237459 1507.2169330232282 959.76079559094524 1241.2688361623441 15.180260529949011 27.279164944309741 7.7122489424364167
leaf_count=4642 32691 51934 6323 12466 3416 20145 36324 1057 70806 53045 35596 1538 727 138
internal_value=0 0.0956468 0.0745594 0.0562335 0.0776101 0.0760739 0.0901105 0.0855913 0.0769293 0.100787 0.0885346 0.0888795 0.0502283 -0.00409524
internal_weight=0 4382.8 1902.21 271.472 1630.74 1564.34 2110.02 1426.58 1545.78 2272.78 1293.83 1291.44 50.1717 22.8925
internal_count=330848 213050 117798 18789 99009 95593 108071 75380 90951 104979 39056 37999 2403 1676
cat_boundaries=0 2
cat_threshold=768155919 176304
is_linear=0
shrinkage=0.1


Tree=51
num_leaves=15
num_cat=0
split_feature=86 17 86 158 166 74 144 227 85 5 69 150 235 158
split_gain=53.0411 15.3781 11.8695 13.9493 9.41358 9.55314 9.23091 8.82158 8.37853 8.32353 8.97024 9.10567 7.95256 7.50168
threshold=-0.93824470043182362 39.500000000000007 -0.68975442647933949 0.18333333730697635 0.87331241369247448 0.22401433438062671 -0.01684476155787706 0.11881510168313981 96.500000000000014 0.083683475852012648 2.1682704687118535 0.021582701243460182 0.51398262381553661 0.45000000298023229
decision_type=8 10 10 2 2 2 2 2 2 10 2 2 2 2
left_child=4 2 3 -2 5 8 -3 13 -1 10 -7 -12 -8 -6
right_child=1 6 -4 -5 7 9 12 -9 -10 -11 11 -13 -14 -15
leaf_value=0.072963442143961943 0.065688195555866732 0.1170071545488397 0.10029920740770848 0.089410337869842385 0.077336362338166778 -0.023369638727578884 0.098959419138093752 0.03386923641316808 0.21273358241917983 0.067486711978663724 0.031616659708091757 0.10109005033264584 0.0070112813515291646 0.097552292314416506
leaf_weight=583.20973133343887 284.58192676491308 354.0091369654474 843.23271617454157 1922.1139687059449 711.04485406494314 22.585343452126835 913.0772041909122 38.720355715675396 4.3206061692253561 164.51923591984269 95.189551605746601 23.529059032345685 9.504263555587384 247.43182070429248
leaf_count=55423 37654 14614 40767 77397 19476 4839 40735 991 497 14103 17033 3297 1851 2135
internal_value=0 0.0940645 0.0902074 0.0863511 0.0739858 0.0665306 0.10328 0.0806647 0.0739913 0.0521974 0.0343962 0.0453857 0.0980122 0.0825551
internal_weight=0 4326.52 3049.93 2206.7 1890.55 893.354 1276.59 997.197 587.53 305.823 141.304 118.719 922.581 958.477
internal_count=330812 213018 155818 115051 117794 95192 57200 22602 55920 39272 25169 20330 42586 21611
is_linear=0
shrinkage=0.1


Tree=52
num_leaves=15
num_cat=0
split_feature=93 81 157 85 76 235 157 3 219 82 63 159 118 11
split_gain=24.5153 20.8236 14.7072 15.0096 11.8541 12.4929 10.6006 10.1386 10.0367 9.39028 8.60544 11.0785 8.42518 8.31743
threshold=0.20311135053634646 0.32466214895248419 0.62737560272216808 72.500000000000014 0.077935222536325469 0.39787299931049352 0.38868516683578497 0.072077922523021712 -0.095261000096797929 0.1132478639483452 0.079597778618335738 1.5026658773422243 0.12400023266673089 0.079265873879194274
decision_type=2 2 2 2 2 2 2 8 2 2 2 2 2 8
left_child=1 2 3 4 5 7 -7 -1 13 -6 -9 12 -12 -5
right_child=-2 -3 -4 8 9 6 -8 10 -10 -11 11 -13 -14 -15
leaf_value=0.037150584799464509 0.074067273730953315 0.063565793496737896 0.1060506176640071 0.062364238556222112 0.095132653026345229 -0.0044490366826910027 0.070269874763052687 0.093034331148814556 0.125709743764674 0.13766543722038777 0.0751745672947772 0.10199316562230432 -0.16636979187396286 -0.18624019054882535
leaf_weight=39.101369277862432 957.75864443846694 254.80064856152967 724.46853822937373 7.9824300388281673 1405.2164854575676 20.758351954682439 222.58151224320136 1519.2064139185677 160.45192236757066 53.898541209000541 683.59229766306817 189.32906829567946 1.4471179567772186 1.6186658766746411
leaf_count=26940 58802 17045 7923 556 81173 6549 16182 63045 7489 2484 37478 4795 129 164
internal_value=0 0.0914557 0.0928686 0.0906503 0.0894529 0.0854994 0.0638959 0.0876604 0.119767 0.0967038 0.0884855 0.0805819 0.0746643 0.0204516
internal_weight=0 5284.45 5029.65 4305.18 4135.13 2676.02 243.34 2432.68 170.053 1459.12 2393.57 874.368 685.039 9.6011
internal_count=330754 271952 254907 246984 238775 155118 22731 132387 8209 83657 105447 42402 37607 720
is_linear=0
shrinkage=0.1


Tree=53
num_leaves=15
num_cat=0
split_feature=93 81 83 157 168 92 240 0 158 243 6 63 252 227
split_gain=25.3441 20.2276 13.2506 13.0011 13.0303 11.1273 9.94404 9.03741 8.79483 10.9685 15.2432 8.72927 14.9888 12.1636
threshold=0.20311135053634646 0.34057971835136419 32.500000000000007 0.6003931760787965 2.9933753013610844 0.88655000925064098 2.5000000000000004 0.37602458894252783 0.55000001192092907 0.032658854499459274 0.066391184926033034 -0.17180135101079938 112.36426925659181 0.11881510168313981
decision_type=2 2 10 2 2 2 2 8 2 2 10 2 2 2
left_child=1 2 3 4 7 -4 -2 -1 11 10 -10 13 -13 -6
right_child=6 -3 5 -5 8 -7 -8 -9 9 -11 -12 12 -14 -15
leaf_value=0.069928368294313453 0.071489048703624936 0.061103321572831729 0.092082305834651879 0.10091955784267598 0.096451916166283833 0.10817372983974477 0.12414011021143874 0.0099498564160153766 -0.22271607395255485 0.10580866346957306 0.1202861299060925 0.082065165572137333 -0.020214178346235429 -0.0098727358635831222
leaf_weight=119.71426376348154 897.43116933157762 210.91619526569775 890.5550974419175 726.28553337255289 667.68825348832615 830.47702067028877 37.364951349987678 31.793783623008494 2.4406621208399875 303.64885644123569 2.7616723171668127 1497.0026564804739 14.46665045436748 10.935782297921831
leaf_count=22009 57431 13929 44849 10051 37290 37739 1255 6996 80 5589 98 86975 4253 1857
internal_value=0 0.0914502 0.0927058 0.089066 0.0858179 0.0998472 0.0735936 0.0573419 0.0875444 0.103342 -0.0406325 0.0853165 0.0810862 0.0947385
internal_weight=0 5308.69 5097.77 3376.74 2650.45 1721.03 934.796 151.508 2498.94 308.851 5.20233 2190.09 1511.47 678.624
internal_count=330401 271715 257786 175198 165147 82588 58686 29005 136142 5767 178 130375 91228 39147
is_linear=0
shrinkage=0.1


Tree=54
num_leaves=15
num_cat=0
split_feature=86 86 246 2 158 17 245 247 163 245 151 194 67 86
split_gain=53.0619 14.9336 11.2559 11.3296 10.0767 9.80724 8.98593 10.3059 8.69891 8.62983 8.30056 11.5879 8.49798 8.03563
threshold=-0.93824470043182362 -0.68975442647933949 0.5900000035762788 0.074179895222187056 1.0000000180025095e-35 39.500000000000007 0.64888516068458568 -0.13574823737144467 0.78721302747726452 0.020378596149384979 0.037413286045193679 -0.15449239313602445 3.6968648433685307 -1.2622538208961485
decision_type=8 10 2 10 2 10 2 2 2 2 2 2 2 10
left_child=4 2 3 -2 -1 6 7 -4 13 -9 -7 -12 -13 -6
right_child=1 -3 5 -5 8 10 -8 9 -10 -11 11 12 -14 -15
leaf_value=0.053518405939849925 0.011351744914400115 0.10405112527927525 0.097656749219764583 0.10405519041024974 0.062307596103853446 0.098137284320224893 0.093521492467819115 -0.0080378328614605903 -0.02023106041431158 0.074536789815424775 -0.1481425599024552 0.13997015721768169 -0.084921562681789561 0.081173974859817893
leaf_weight=191.85656500633013 34.413984050908766 1338.9104453644213 234.3182332282031 21.369344118040317 267.91335747844641 699.41759901861224 1407.9971346227121 12.965865908876365 9.0250296277808939 530.20511635193179 1.4647604050551297 84.564690015802626 1.7142908749228798 1434.7756241813186
leaf_count=28765 7950 61378 8990 1686 13167 30627 56631 4382 12382 38034 230 2669 418 63232
internal_value=0 0.0952567 0.0913686 0.0468644 0.0752506 0.0922037 0.0887566 0.0801276 0.0776864 0.0725657 0.101774 0.130767 0.135502 0.0782054
internal_weight=0 4367.34 3028.43 55.7833 1903.57 2972.65 2185.49 777.489 1711.71 543.171 787.161 87.7437 86.279 1702.69
internal_count=330541 212995 151617 9636 117546 141981 108037 51406 88781 42416 33944 3317 3087 76399
is_linear=0
shrinkage=0.1


Tree=55
num_leaves=15
num_cat=0
split_feature=86 86 86 17 151 8 63 252 133 235 126 252 159 178
split_gain=53.4855 15.2964 10.2577 9.90269 12.0055 10.8037 8.90652 11.8153 11.3035 9.67457 9.2581 8.37986 8.67752 10.6524
threshold=-0.93824470043182362 -0.68975442647933949 -1.1874148845672605 46.500000000000007 0.037413286045193679 0.3912437111139298 -0.17180135101079938 77.417037963867202 -0.015451170038431881 0.28367710113525396 -0.018426728434860703 10.890835285186769 1.0361096262931826 -0.068317074328660951
decision_type=8 10 10 10 2 10 2 2 2 2 2 2 2 2
left_child=2 3 11 6 -5 -6 9 -8 10 -2 -9 -1 13 -13
right_child=1 -3 -4 4 5 -7 7 8 -10 -11 -12 12 -14 -15
leaf_value=0.075533607650743115 0.10568030874567576 0.10461222105344106 0.080153301824900922 0.097183999454397249 0.14025953781021694 -0.19637206983877598 0.086192608528641579 -0.15254538958359659 0.061296621178248245 0.079835617991757063 0.033218627572002848 0.084671433954122632 0.069084189844196606 0.015161500401890713
leaf_weight=279.31083939798191 488.267906147963 1344.02414166481 1363.0384122986488 616.67454237700804 87.436657685683713 0.96387948804476664 1524.3560308267574 4.9042064702698553 52.493249223800376 205.92619585489774 5.9231429738865682 28.789986822324863 122.02922488662261 94.137050596073095
leaf_count=13485 21024 61384 82881 29107 3098 109 76290 758 6164 13701 1125 3156 5000 13329
internal_value=0 0.0957527 0.0755811 0.0917662 0.102125 0.136589 0.0885655 0.0844344 0.042108 0.0980137 -0.0509225 0.0636939 0.0501936 0.031441
internal_weight=0 4330.97 1887.31 2986.95 705.075 88.4005 2281.87 1587.68 63.3206 694.194 10.8273 524.267 244.956 122.927
internal_count=330611 212760 117851 151376 32314 3207 119062 84337 8047 34725 1883 34970 21485 16485
is_linear=0
shrinkage=0.1


Tree=56
num_leaves=15
num_cat=0
split_feature=86 85 251 234 86 246 17 156 90 247 209 66 6 172
split_gain=52.4124 17.0065 13.4999 12.8037 10.7829 9.86357 8.91782 10.4791 9.39309 9.40874 9.00369 8.74124 8.87997 8.38901
threshold=-0.87884920835494984 77.500000000000014 1.1881788969039919 0.33333333581686025 -1.2622538208961485 0.5900000035762788 39.500000000000007 0.35450267791748052 2.3735464811325078 -0.011681171134114264 0.052425285801291473 2.1698025465011601 0.030090497806668285 -0.31269918382167811
decision_type=8 2 2 2 10 2 10 2 10 2 2 2 8 2
left_child=1 2 3 -1 -5 -6 7 8 9 11 -10 12 -2 -7
right_child=6 -3 -4 4 5 13 -8 -9 10 -11 -12 -13 -14 -15
leaf_value=0.047549888201094077 0.0029380719506772609 0.11667014880074916 0.10243610251928698 0.056668581539460333 0.0099847897196943883 0.10990212147062837 0.10418044873377584 0.10311041598695339 0.073670828427125287 0.082958692667589054 -0.0038710631186498565 0.10525002988208408 0.089173467401693143 0.077953191708479086
leaf_weight=173.18876377062224 12.277869894662215 106.49193981504959 175.89760167663917 253.84893141106295 20.610722381389678 86.599633758112759 1060.7644843541439 789.57037448642768 98.307657528721393 790.44894328759165 17.665123879225575 603.73296308509816 435.19393743301771 1612.5938695187497
leaf_count=21698 3602 5135 1142 16665 5232 3783 47409 16107 6904 53108 2025 38155 16374 93354
internal_value=0 0.0775937 0.0758022 0.07362 0.0759077 0.0787474 0.0963926 0.0933855 0.0894631 0.0912014 0.0618595 0.0973994 0.0868073 0.0795815
internal_weight=0 2429.23 2322.74 2146.84 1973.65 1719.8 3807.96 2747.2 1957.63 1841.65 115.973 1051.2 447.472 1699.19
internal_count=330693 147009 141874 140732 119034 102369 183684 136275 120168 111239 8929 58131 19976 97137
is_linear=0
shrinkage=0.1


Tree=57
num_leaves=15
num_cat=0
split_feature=74 81 156 156 63 245 66 158 244 13 154 120 120 11
split_gain=28.1557 17.2381 14.8316 11.5375 11.269 20.3451 11.0407 9.59755 8.71159 8.57402 8.36757 7.71359 7.70649 7.96995
threshold=0.22401433438062671 0.26876173913478857 1.0000000180025095e-35 0.36425061523914343 -0.044255405664443963 0.76710933446884166 2.1698025465011601 0.22500000149011615 0.1306654438376427 0.060243150219321258 0.029642323032021526 0.0050248589832335719 0.058853328227996833 0.066960677504539504
decision_type=2 2 2 2 2 2 2 2 2 10 2 2 2 8
left_child=1 3 -2 4 6 8 12 10 -6 -9 -4 -10 13 -1
right_child=2 -3 7 -5 5 -7 -8 9 11 -11 -12 -13 -14 -15
leaf_value=0.077918371357143357 0.027824522193105734 0.072769709361252141 0.05502312857472004 0.10235811855653723 0.075806282969300295 0.096414014950070001 0.10453990840656653 0.076757419907101332 -0.056616253280682961 0.098435994638436497 0.095688974656032974 0.08552315795566022 0.12603462413436284 0.10219774395534623
leaf_weight=467.17046050054978 61.892309755086899 406.99835919399811 251.99583351004367 1266.3188640098233 823.88126985667304 838.60363943509128 890.20676539835404 574.34889756657867 9.4276826456439249 267.37162325095414 63.311127127215514 6.4163534596045784 49.050209395301863 190.26463880109804
leaf_count=23538 20706 25192 22225 26380 58264 39326 61961 22273 8527 4023 5185 4072 1995 6732
internal_value=0 0.0924853 0.075518 0.0942522 0.091118 0.0853966 0.097132 0.0780693 0.0743938 0.0836436 0.0631885 0.000945892 0.0877977 0.0849449
internal_weight=0 4948.34 1218.92 4541.34 3275.02 1678.33 1596.69 1157.03 839.725 841.721 315.307 15.844 706.485 657.435
internal_count=330399 255987 74412 230795 204415 110189 94226 53706 70863 26296 27410 12599 32265 30270
is_linear=0
shrinkage=0.1


Tree=58
num_leaves=15
num_cat=0
split_feature=86 85 63 17 86 241 12 245 187 186 125 170 236 85
split_gain=52.2273 12.5241 11.1229 14.0282 8.64305 9.721 9.01593 8.48635 8.844 8.45356 8.12567 8.50226 7.82251 7.4841
threshold=-0.92719623446464527 77.500000000000014 -0.15620874613523481 19.500000000000004 -1.1874148845672605 0.18333333730697635 477.00000000000006 0.63752880692482006 0.25354062020778662 -0.084041275084018693 -0.0017582898726686833 0.48620508611202246 0.18405131250619891 88.500000000000014
decision_type=8 2 2 10 10 2 8 2 2 2 2 2 2 2
left_child=1 4 -2 7 5 6 -1 8 -4 -3 11 -6 -9 -5
right_child=2 9 3 13 10 -7 -8 12 -10 -11 -12 -13 -14 -15
leaf_value=0.030583683843768313 0.10175872829206661 0.0063013285893557874 0.068600530276067315 0.097492844326728001 0.086045191206321675 0.073682131008874524 0.076364230336971484 -0.063669675568718651 0.13093832397539762 0.12806081739952177 0.084055031749344256 0.058574544035623601 0.090060503916258194 0.14615149695007429
leaf_weight=132.25746308458838 1644.3581118737002 6.2637522698278181 393.50674765590247 1230.4526903380074 171.85849696389414 324.30498471253668 63.754569648550387 3.3224118643774991 24.155667209279272 63.590153818822728 866.61502171303709 327.12022168927069 886.01671096677728 32.4430946122975
leaf_count=13281 76869 760 30883 59519 11030 17728 3357 198 925 2569 52170 21733 38224 1494
internal_value=0 0.0755631 0.0953362 0.0912267 0.074023 0.0630557 0.0454742 0.0839641 0.0722059 0.117143 0.0782018 0.068036 0.0894862 0.0987429
internal_weight=0 1955.76 4214.26 2569.9 1885.91 520.317 196.012 1307 417.662 69.8539 1365.59 498.979 889.339 1262.9
internal_count=330740 122628 208112 131243 119299 34366 16638 70230 31808 3329 84933 32763 38422 61013
is_linear=0
shrinkage=0.1


Tree=59
num_leaves=15
num_cat=0
split_feature=86 86 85 7 253 163 110 136 170 80 83 151 235 231
split_gain=44.6678 15.2502 11.776 10.6864 10.5123 8.65536 10.0133 11.8499 7.6933 7.49844 7.38451 9.07027 7.92354 7.31742
threshold=-0.92032676935195912 -0.68975442647933949 67.500000000000014 0.084219858050346388 0.35207657516002661 -1.2329210042953489 0.01153736235573888 0.075870707631111159 0.61212351918220531 0.25290697813034063 44.500000000000007 0.039959596469998367 0.41182506084442144 0.042478993535041816
decision_type=8 10 2 8 2 2 2 2 2 2 10 2 2 2
left_child=2 3 4 -2 -1 -6 7 9 -4 -7 12 -12 -5 -14
right_child=1 -3 8 10 5 6 -8 -9 -10 -11 11 -13 13 -15
leaf_value=0.083132591761568814 0.059826141939793499 0.10399908207336656 0.11071859623105013 0.090676637351529435 0.085432986569715597 0.044498128451772742 0.072137938792555464 -0.10560478174171878 -0.22044209937556142 0.086339139170801105 0.097522661202913086 0.13736414214537898 0.046884155255530857 0.10268908878865041
leaf_weight=912.16396138985965 106.31755416385977 1308.3976219402207 111.22355479040652 1921.0655616357726 233.43535744600376 247.43064041352591 511.53153822009426 4.8641386273266098 0.70596443780595919 51.798479795686944 598.20870156899491 63.175743864734613 79.385697735193389 33.37575056298374
leaf_count=40349 36689 61172 5237 72558 5524 25377 46615 643 65 3870 21188 1909 7099 2138
internal_value=0 0.0950856 0.0770817 0.0909227 0.0752812 0.0684543 0.0635949 0.0492242 0.10863 0.0517411 0.0921494 0.101328 0.0891644 0.0634016
internal_weight=0 4109.93 2073.15 2801.53 1961.22 1049.06 815.625 304.093 111.93 299.229 2695.21 661.384 2033.83 112.761
internal_count=330433 202753 127680 141581 122378 82029 76505 29890 5302 29247 104892 23097 81795 9237
is_linear=0
shrinkage=0.1


Tree=60
num_leaves=15
num_cat=0
split_feature=93 81 156 85 3 63 17 218 252 78 172 128 204 251
split_gain=28.078 16.6366 12.9569 14.6719 11.7572 11.4148 10.4959 10.0406 9.67602 9.62231 9.61787 9.16951 8.59678 7.9611
threshold=0.20311135053634646 0.20227272808551791 0.29777145385742193 72.500000000000014 0.25121359527111059 -0.13925548642873761 44.500000000000007 -0.11216772720217703 8.0352172851562518 0.25403225421905523 0.13282307237386706 -0.003402104252018034 0.12889107316732409 0.42285859584808355
decision_type=2 2 2 2 10 2 10 2 2 2 2 2 2 2
left_child=1 2 3 4 5 11 7 -3 -7 -6 -8 -1 -2 -5
right_child=12 6 -4 13 9 8 10 -9 -10 -11 -12 -13 -14 -15
leaf_value=0.084279488648991832 0.074714269587337317 -0.034944851629856659 0.10034503712780032 0.13483818458994112 0.071971238205502927 0.096464477279886218 0.079881847060111089 0.06981083669895119 0.079450109758004733 -0.17730286185618641 0.12303935710035652 0.10714944801087341 0.024570781583030086 -0.0025964687275206932
leaf_weight=253.09748277630933 882.24005138187931 9.3557266938969388 1846.3343474460162 89.392365401856296 341.19912011347969 514.55421973771945 160.20335047002845 415.31620433320495 953.84622845303647 1.5556095280189755 76.198205581202274 570.44383716076209 35.569043542882355 4.4233951700662137
leaf_count=19265 54478 1300 40745 5232 35974 25551 10190 25370 74313 155 1978 31594 4439 174
internal_value=0 0.0917328 0.0938756 0.0894978 0.088114 0.0906974 0.0769042 0.067503 0.0854123 0.0708399 0.0937926 0.100121 0.072771 0.128358
internal_weight=0 5235.92 4574.85 2728.51 2634.7 2291.94 661.073 424.672 1468.4 342.755 236.402 823.541 917.809 93.8158
internal_count=330758 271841 233003 192258 186852 150723 38838 26670 99864 36129 12168 50859 58917 5406
is_linear=0
shrinkage=0.1


Tree=61
num_leaves=15
num_cat=0
split_feature=86 86 63 0 65 86 193 17 107 176 168 235 72 233
split_gain=46.2141 13.0868 13.0742 11.9388 10.0713 12.075 9.14625 8.3178 10.9539 8.73868 7.50451 7.36065 10.2568 7.29798
threshold=-0.859868824481964 -1.1619880199432371 0.097465317696332945 0.17799780517816546 2.5000000000000004 -0.7922014296054839 0.15138913691043857 55.500000000000007 -0.011043217964470385 0.36055700480937963 3.8844991922378544 0.37424996495246893 0.1630627438426018 0.060025604441761977
decision_type=8 10 2 8 2 10 2 10 2 2 2 2 2 2
left_child=1 6 -2 -4 -5 13 -1 10 9 -9 11 -3 -13 -6
right_child=2 7 3 4 5 -7 -8 8 -10 -11 -12 12 -14 -15
leaf_value=0.061211754917775169 0.099249300579639058 0.077735240147548706 0.052296065931191044 0.075397746011065955 0.087520049779174311 0.11600660912297778 0.10340915145280921 0.073579916540667298 0.10283399717406845 -0.14520919224513335 0.089501228564705021 0.06366151034097936 -0.014525996653430923 0.019219435666040105
leaf_weight=529.09419419200276 2770.7196297718488 873.5481618376898 99.327024818465361 298.14874433100249 173.69819280286538 212.87585512211081 56.888335489747988 152.08028747964636 359.45938692719028 1.8477338557131577 439.17257755810169 161.24007492410374 18.726390011917829 17.192678635383345
leaf_count=36704 130604 58799 12798 17072 6060 5956 3001 8408 18224 130 10983 18544 2282 1156
internal_value=0 0.0784553 0.0959959 0.0847455 0.0893373 0.0996306 0.0653084 0.0822956 0.0932754 0.0709536 0.0785193 0.0739413 0.0555257 0.0813685
internal_weight=0 2592.06 3571.96 801.242 701.915 403.767 585.983 2006.07 513.387 153.928 1492.69 1053.51 179.966 190.891
internal_count=330721 157075 173646 43042 30244 13172 39705 117370 26762 8538 90608 79625 20826 7216
is_linear=0
shrinkage=0.1


Tree=62
num_leaves=15
num_cat=0
split_feature=86 86 17 17 251 238 63 10 8 97 67 213 157 189
split_gain=54.0945 20.0793 14.412 9.83267 11.6512 8.55939 10.4052 10.1269 8.15061 6.71444 7.87757 7.28558 9.57724 7.55888
threshold=-0.97652161121368397 -0.68975442647933949 44.500000000000007 48.500000000000007 0.39532792568206793 1.0000000180025095e-35 -0.1860026270151138 1099.5000000000002 0.16069749742746356 -0.01144126709550619 0.91529881954193126 -0.10080471634864806 0.58997902274131786 0.13273658603429797
decision_type=8 10 10 10 2 2 2 10 10 2 2 2 2 2
left_child=3 2 5 4 8 6 -2 9 -1 -8 -11 12 -12 -13
right_child=1 -3 -4 -5 -6 -7 7 -9 -10 10 11 13 -14 -15
leaf_value=0.044846910376858395 0.095428872741091256 0.10494328134957139 0.10167906360433239 0.085324609009724398 0.082572488676877526 0.091022183658085176 0.078076053776367602 0.11040220123585459 0.067780897241894095 0.012773174616414402 0.02706698787212802 0.07384230698685916 -0.21665043668539508 0.0050144248813174721
leaf_weight=218.37473113934175 259.32934429964735 1350.5318854165239 841.75911987915333 487.67763947596177 381.73175892070867 1513.6012874125136 285.55010609584497 60.580806130379642 533.66748753550382 36.312363007933527 19.42492037704233 198.091211968675 1.7583297460951133 17.354027417432007
leaf_count=36478 24780 61350 37808 28498 4055 37279 29874 3083 34063 4900 2333 23198 38 2888
internal_value=0 0.0947024 0.0904254 0.0734511 0.0683438 0.0864652 0.0786128 0.0715685 0.0611214 0.0673562 0.0561411 0.0627962 0.00683706 0.0682982
internal_weight=0 4584.29 3233.76 1621.45 1133.77 2392 878.401 619.072 752.042 558.491 272.941 236.628 21.1833 215.445
internal_count=330625 227531 166181 103094 74596 128373 91094 66314 70541 63231 33357 28457 2371 26086
is_linear=0
shrinkage=0.1


Tree=63
num_leaves=15
num_cat=0
split_feature=86 17 156 171 86 176 160 5 85 158 93 206 65 136
split_gain=53.328 18.8274 16.1624 10.4127 9.18173 9.04457 8.02205 7.91423 7.84303 9.18307 7.61033 7.80868 7.34603 8.0253
threshold=-0.8485949933528899 53.500000000000007 0.22295321524143222 0.058147463947534568 -1.2972813844680784 0.1442012041807175 1.0000000000000002 0.059114735573530204 77.500000000000014 1.0000000180025095e-35 0.10972349718213083 -0.12128664925694464 1.5000000000000002 0.064718324691057219
decision_type=10 8 2 2 10 2 2 8 2 2 2 2 2 2
left_child=1 2 4 12 -1 6 -6 -8 9 -3 -2 -12 13 -4
right_child=10 8 3 -5 5 -7 7 -9 -10 -11 11 -13 -14 -15
leaf_value=0.023210274898448357 0.10190011493112627 0.056856594186108646 0.076859008955682775 0.06732574150418591 0.079416897801438846 0.041136394197967358 0.0082949950191195283 0.063317506885521777 0.11497534641862069 0.089335530367923521 0.026058563249928526 0.090419177460677083 0.094441854536158998 -0.036932651302881196
leaf_weight=53.564667433733121 2279.3998533428926 93.199422817966024 253.35985935988538 348.97155254599056 397.21177877324953 120.70310342840367 30.765597439170506 173.9199532033399 109.48938730663394 1320.024339740577 19.737387330158526 419.82202681767012 556.76167872170663 6.353259971481747
leaf_count=8613 106029 17593 11885 9563 39821 14076 9426 16943 4672 58180 1452 21631 10462 727
internal_value=0 0.0808667 0.0743382 0.0817839 0.0631583 0.0661195 0.0711296 0.0550473 0.0891912 0.0871936 0.0995768 0.0875292 0.0879635 0.0740754
internal_weight=0 3464.32 1941.61 1165.45 776.165 722.6 601.897 204.686 1522.71 1413.22 2718.96 439.559 816.475 259.713
internal_count=331073 201961 121516 32637 88879 80266 66190 26369 80445 75773 129112 23083 23074 12612
is_linear=0
shrinkage=0.1


Tree=64
num_leaves=15
num_cat=0
split_feature=93 81 156 63 245 10 181 117 168 68 63 17 184 216
split_gain=30.1386 18.785 12.6396 17.2676 11.5231 9.67842 8.85517 8.52848 8.00024 8.22954 7.75335 8.73657 8.09773 8.66533
threshold=0.20311135053634646 0.20227272808551791 0.36425061523914343 -0.044255405664443963 0.76710933446884166 356.50000000000006 0.23666864633560183 0.090649761259555831 4.1105282306671151 41.370975494384773 0.3332419246435166 20.500000000000004 -0.076659463346004472 -0.095013704150915132
decision_type=2 2 2 2 2 8 2 2 2 2 2 10 2 2
left_child=1 2 3 -1 5 10 -3 -6 9 -2 11 12 -5 -14
right_child=8 6 -4 4 7 -7 -8 -9 -10 -11 -12 -13 13 -15
leaf_value=0.0981350141847738 0.074998774084314851 0.080135694498975341 0.1025348762417691 0.090367299382351329 0.08941263641104373 0.084360072017538271 0.042853127512481951 0.13378757251133602 0.094518453703655386 0.052512410297281369 0.030482632311804089 0.088372087310216063 -0.059573133074130195 0.046303468449138081
leaf_weight=1627.2728275996751 552.16879756153321 581.65540948998751 1296.7262379060212 40.672508171513982 773.4477888069332 466.50560648652299 71.542539854524875 45.879919568213154 137.5741950371812 230.78045925173683 63.011189872680916 128.49233111490003 8.4106415286773863 95.534371056336568
leaf_count=96869 41126 35205 26782 5658 38006 20882 3718 1128 2542 15219 10931 17021 1584 13992
internal_value=0 0.0919096 0.0941881 0.090857 0.0835551 0.075039 0.0760523 0.0918975 0.0722786 0.0683707 0.0621022 0.0693974 0.0525385 0.0377365
internal_weight=0 5199.15 4545.95 3249.23 1621.95 802.627 653.198 819.328 920.523 782.949 336.121 273.11 144.618 103.945
internal_count=330663 271776 232853 206071 109202 70068 38923 39134 58887 56345 49186 38255 21234 15576
is_linear=0
shrinkage=0.1


Tree=65
num_leaves=15
num_cat=0
split_feature=86 86 85 235 127 238 63 64 69 10 240 143 86 17
split_gain=44.9654 15.7163 11.6974 10.9177 8.38429 8.09454 8.62621 18.5208 12.8137 7.45405 8.0401 7.61752 7.31229 8.47009
threshold=-0.859868824481964 -1.1619880199432371 63.500000000000007 0.37424996495246893 0.10576634481549264 1.0000000180025095e-35 -0.22017122060060498 6.5000000000000009 2.2546910047531132 453.00000000000006 2.5000000000000004 0.0076412633061409005 -0.68975442647933949 11.500000000000002
decision_type=10 8 2 2 2 2 2 2 2 10 2 2 10 10
left_child=1 4 3 5 -1 6 7 -3 -9 10 11 -8 13 -2
right_child=12 2 -4 -5 -6 -7 9 8 -10 -11 -12 -13 -14 -15
leaf_value=0.06506227304135033 0.079108039246372275 0.091889968685417295 0.11006301364825465 0.065305386689806913 0.1757135235005903 0.089693833681517163 0.049219504951355554 -0.0040867814878614321 0.3580528549602815 0.085846344809323627 0.10740053452687132 0.078611359247321447 0.10394062780604403 0.097620209799480759
leaf_weight=578.16454111796884 314.82215485558572 150.06550690767835 167.05339654681757 314.79069690296637 6.9299210619756186 1447.7071588443096 243.9931118949994 1.2594982878727012 4.3571926330332644 258.14452882865226 39.192853114025638 138.07894658171335 1302.2053083335954 1149.9406183959964
leaf_count=39362 16965 14102 7842 28911 205 36345 39399 320 358 10476 1541 17413 61116 55828
internal_value=0 0.0812622 0.0844133 0.0827638 0.0663728 0.0851712 0.0773309 0.0985628 0.276846 0.0724657 0.0642663 0.0598416 0.0984885 0.0936414
internal_weight=0 3349.74 2764.64 2597.59 585.094 2282.8 835.092 155.682 5.61669 679.409 421.265 382.072 2766.97 1464.76
internal_count=330183 196274 156707 148865 39567 119954 83609 14780 678 68829 58353 56812 133909 72793
is_linear=0
shrinkage=0.1


Tree=66
num_leaves=15
num_cat=0
split_feature=86 86 85 17 86 92 170 199 230 157 245 241 198 13
split_gain=47.4959 14.0142 11.8408 10.6464 8.9081 7.73564 7.06072 8.7858 7.27088 7.00372 7.07047 6.91022 6.88073 8.28876
threshold=-0.93824470043182362 -0.68975442647933949 67.500000000000014 26.500000000000004 -1.2622538208961485 0.92182064056396495 0.48207297921180731 0.098290726542472853 0.082183271646499648 0.44273319840431219 0.95399191975593578 0.18333333730697635 -0.070419389754533754 0.11785130575299264
decision_type=8 10 2 8 10 2 2 2 2 2 2 2 2 10
left_child=2 3 4 11 -1 12 7 -6 9 -8 -11 -2 13 -5
right_child=1 -3 -4 5 6 -7 8 -9 -10 10 -12 -13 -14 -15
leaf_value=0.05791663827551416 0.07397818731352046 0.10402894058456064 0.11067852934856839 0.082362846791380492 0.093175652505677137 0.11566983045886506 0.045480969146775629 0.04580564260152703 0.089864212668309906 0.07387687438815603 0.00025778019918250723 0.090055453203089719 0.097283014095568346 -0.06010890544692829
leaf_weight=272.76333451713981 424.27688230345848 1322.2831073284819 95.567175901936025 289.28550255927257 386.87125310732426 187.34619749569447 109.05648722295882 43.562652910331963 211.26917678988957 744.06014914983552 13.278511572934802 722.76661219832567 1318.8319881887533 4.1419645703535926
leaf_count=19253 29284 61294 4453 18265 24348 7929 21302 3541 6943 37349 595 33047 62667 626
internal_value=0 0.0954758 0.0763871 0.0916376 0.0745469 0.0964365 0.0775548 0.0883815 0.0732304 0.0691743 0.0725861 0.0841087 0.0942016 0.0803517
internal_weight=0 4268.93 1876.43 2946.65 1780.86 1799.61 1508.1 430.434 1077.66 866.395 757.339 1147.04 1612.26 293.427
internal_count=330896 213112 117784 151818 113331 89487 94078 27889 66189 59246 37944 62331 81558 18891
is_linear=0
shrinkage=0.1


Tree=67
num_leaves=15
num_cat=0
split_feature=86 86 17 246 2 63 65 81 156 223 90 9 86 144
split_gain=41.8191 16.309 9.11911 8.41456 8.6418 8.1961 8.78995 8.86062 8.50285 7.74549 8.25518 11.8404 7.58958 7.04781
threshold=-0.87884920835494984 -1.1874148845672605 32.500000000000007 0.5900000035762788 0.05115123093128205 -0.17180135101079938 76.500000000000014 0.031754031777381904 0.35450267791748052 -0.011442465241998432 2.037749290466309 0.0068610836751759061 -0.78337943553924549 0.035776011645793922
decision_type=8 10 10 2 8 2 2 2 2 2 10 10 8 2
left_child=1 -1 3 4 13 6 -5 -8 -7 -9 -11 -12 -6 -2
right_child=2 -3 -4 5 12 8 7 9 -10 10 11 -13 -14 -15
leaf_value=0.063426951542311649 -0.048990254421229486 0.083557318206893438 0.10345709630460559 0.10589305771647073 -0.041164903407988701 0.084429816776443886 0.098537855561746587 0.085622158775807797 0.10095682180660231 0.048832550241804801 -0.18851254532287767 0.04415485119257348 0.10409065956385273 0.14850479531085076
leaf_weight=511.17675328195764 11.390918994042748 1892.3532488106316 1182.6472492207849 743.38034624014472 4.2927975843776949 1110.6213646607102 124.38872128935509 38.992478309122816 432.53309738809003 26.516312242063577 4.0520516401120386 4.7526351633787272 22.195723847944468 2.1476056200699523
leaf_count=34952 4075 111965 53863 36362 912 69556 4386 1475 9012 1227 225 271 1945 332
internal_value=0 0.079276 0.0962104 0.0928167 0.0473315 0.0935492 0.100899 0.0822158 0.0890622 0.0548954 0.0209747 -0.0629222 0.0805502 -0.0176618
internal_weight=0 2403.53 3707.91 2525.26 40.027 2485.24 942.083 198.702 1543.15 74.3135 35.321 8.80469 26.4885 13.5385
internal_count=330558 146917 183641 129778 7264 122514 43946 7584 78568 3198 1723 496 2857 4407
is_linear=0
shrinkage=0.1


Tree=68
num_leaves=15
num_cat=0
split_feature=86 85 86 86 140 156 162 0 8 241 147 252 10 2
split_gain=45.258 22.1977 13.1299 11.1396 8.48843 7.47107 8.17107 7.62045 7.5748 7.18873 8.41487 7.41477 11.3511 9.16223
threshold=-0.859868824481964 63.500000000000007 -0.68975442647933949 -1.1874148845672605 0.019070335663855079 0.39696970582008367 151.2087097167969 0.22268135845661166 0.0499625001102686 0.22500000149011615 0.017435921356081966 11.825173377990724 379.50000000000006 0.077254641801118865
decision_type=8 2 10 10 2 2 2 10 8 2 2 2 8 10
left_child=1 3 -2 -1 -3 6 8 -7 -5 11 -11 -10 13 -13
right_child=2 4 -4 5 -6 7 -8 -9 9 10 -12 12 -14 -15
leaf_value=0.063575652361237273 0.092353639842795654 0.12458130244927823 0.10493231386071122 -0.040561728012970935 0.077990023881886014 0.077433283128020974 0.098176172241672438 0.1041994872789474 0.076930083686322301 0.073165157166397113 0.096452701663829937 0.051560846121012638 0.071593008809358524 -0.0082869305559283464
leaf_weight=489.69529447331115 2219.719267462991 143.77969936125101 1325.2923037812707 5.6970278962198782 53.711693120963901 194.18154784401122 163.84664788461123 235.20609594463895 378.1352962377623 386.33919650946336 259.31872547884996 74.447946568841417 175.38576755955728 38.970491481615682
leaf_count=33768 112383 6081 61398 2806 2776 5994 8488 3778 23212 23544 12175 17166 9535 7621
internal_value=0 0.0796831 0.0970561 0.0770326 0.11191 0.08048 0.077115 0.092095 0.0744974 0.0749968 0.0825182 0.0677153 0.0556503 0.0309972
internal_weight=0 2598.72 3545.01 2401.22 197.491 1911.53 1482.14 429.388 1318.29 1312.6 645.658 666.94 288.804 113.418
internal_count=330725 156944 173781 148087 8857 114319 104547 9772 96059 93253 35719 57534 34322 24787
is_linear=0
shrinkage=0.1


Tree=69
num_leaves=15
num_cat=0
split_feature=86 86 17 86 170 66 199 148 245 188 206 73 160 157
split_gain=44.0355 14.1556 13.1199 9.72057 7.40014 8.61085 7.41234 7.62926 7.17678 7.6774 6.83688 6.70304 6.60353 6.55124
threshold=-0.96479538083076466 -0.69987148046493519 44.500000000000007 -1.2622538208961485 0.48207297921180731 6.0089678764343271 0.093275770545005812 -0.079378187656402574 0.64888516068458568 0.17063026875257495 -0.086852960288524614 0.15075758099555972 1.0000000000000002 0.37176612019538885
decision_type=8 10 10 10 2 2 2 2 2 2 2 2 2 2
left_child=3 2 8 10 5 -5 7 -6 9 -2 -1 -11 -8 -9
right_child=1 -3 -4 4 6 -7 12 13 -10 11 -12 -13 -14 -15
leaf_value=0.086387713229813021 0.0829270137579457 0.10373469311827198 0.10284904453693161 0.095376957138716204 0.12270580770232598 0.043932785549389064 0.10236365316480706 0.013395740746252672 0.09188694508554375 0.053545167669901306 0.050639990065821441 -0.098647978369926614 0.061798752742123257 0.070429482043566347
leaf_weight=71.630139957596839 714.8712534325 1431.818427017442 781.75438500587279 387.61810694726773 27.263795976057736 35.518100982948454 155.90013485800409 20.712562437483939 1488.9852011184385 57.803052030908475 211.38722628284631 3.0464043976844541 54.04146279525412 728.60739250498409
leaf_count=4001 54126 66097 35676 19129 1127 6969 7061 5876 63586 2975 16132 322 4549 43360
internal_value=0 0.0955338 0.0916794 0.0766001 0.0799956 0.0910587 0.0752505 0.0707436 0.0878238 0.0800245 0.0596875 0.0459257 0.0919218 0.068853
internal_weight=0 4478.28 3046.46 1692.68 1409.66 423.136 986.525 776.584 2264.71 775.721 283.017 60.8495 209.942 749.32
internal_count=330986 222782 156685 108204 88071 26098 61973 50363 121009 57423 20133 3297 11610 49236
is_linear=0
shrinkage=0.1


Tree=70
num_leaves=15
num_cat=0
split_feature=86 83 85 86 86 68 63 76 0 82 132 235 63 185
split_gain=43.242 13.7469 12.3385 12.1356 9.71374 9.5813 9.38943 7.57589 9.55327 8.09729 7.87814 7.31406 10.9751 8.40903
threshold=-0.93824470043182362 39.500000000000007 67.500000000000014 -0.68975442647933949 -1.1874148845672605 37.616704940795906 -0.17180135101079938 0.024099883623421196 0.20057471096515658 0.1132478639483452 0.032536583021283157 0.35856750607490545 0.079597778618335738 0.2016713619232178
decision_type=8 10 2 10 10 2 2 2 10 2 2 2 2 2
left_child=2 3 4 6 -1 -3 -2 8 10 -9 -5 -7 13 -13
right_child=1 5 -4 7 -6 11 -8 9 -10 -11 -12 12 -14 -15
leaf_value=0.063106852836599628 0.097266880003520351 0.10865178288009691 0.11101474928575522 0.07257003081416076 0.079612485425847201 0.096030256011390369 0.083051594908177789 0.10605432165313125 0.10092843777771993 0.15909258453523245 -0.023864149859654255 0.079802535708181133 -0.065397297368056315 -0.12850060230015209
leaf_weight=493.72986977467372 676.40091535003376 977.3241308246179 100.66382406109187 85.685819559417723 1283.2935201385635 243.18148952262709 1484.2650919069292 483.99511827721108 221.57177603161108 30.604842453680249 9.4009723202361766 51.618666820795625 6.5224299585443068 2.0136016713986455
leaf_count=33856 33744 40749 4512 7420 79302 11514 81495 23474 7508 1478 1047 3840 663 188
internal_value=0 0.0951631 0.0769559 0.091452 0.0750265 0.103833 0.0875017 0.10172 0.08955 0.109209 0.0630358 0.0883072 0.0570862 0.0719819
internal_weight=0 4272.58 1877.69 2991.92 1777.02 1280.66 2160.67 831.259 316.659 514.6 95.0868 303.336 60.1547 53.6323
internal_count=330790 213120 117670 156166 113158 56954 115239 40927 15975 24952 8467 16205 4691 4028
is_linear=0
shrinkage=0.1


Tree=71
num_leaves=15
num_cat=0
split_feature=86 85 156 251 86 227 120 86 171 13 166 139 173 232
split_gain=39.0463 20.0976 10.6714 10.0619 10.0296 10.1596 13.0027 9.96396 8.36464 8.33486 8.19073 8.33944 7.93194 7.84314
threshold=-0.859868824481964 63.500000000000007 0.22295321524143222 0.9188651740550996 -0.68975442647933949 0.12649851292371753 -0.037374351173639291 -1.2972813844680784 0.27547176182270056 0.055197246372699744 0.88577347993850719 0.061792690306901939 -0.48783175647258753 -0.010943172033876179
decision_type=8 2 2 2 10 2 2 10 2 10 2 2 2 2
left_child=1 2 7 -3 5 9 13 -1 -4 -2 11 -9 -11 -7
right_child=4 3 8 -5 -6 6 -8 10 -10 12 -12 -13 -14 -15
leaf_value=0.033132145001515373 0.08769354718078741 0.11335846001218974 0.087880549699269284 -0.13643495944568801 0.10358192960754518 0.13231533057986375 0.065898935259538535 0.066180838361928077 0.070389592331766448 -0.13249603413665059 0.083043035477052218 -0.0076939845331687575 0.10041951158224356 -0.1569251679290512
leaf_weight=68.856861712760292 1162.2116892342474 194.38522933621698 1071.2869569631566 1.6260608500160731 1316.6693019163463 1.1820494661078553 34.160383586393436 461.18527401757046 367.1062854808024 1.4642232416172181 407.18170027209635 15.804378460943552 1017.1523100896848 4.5315117298487158
leaf_count=11042 85999 8821 30859 69 61345 183 2805 75609 9260 323 18185 2970 23163 273
internal_value=0 0.0805022 0.077979 0.111286 0.0966667 0.0925666 0.0425448 0.0697723 0.0834165 0.0934812 0.0726258 0.0637331 0.100085 -0.0970857
internal_weight=0 2587.43 2391.42 196.011 3537.37 2220.7 39.8739 953.028 1438.39 2180.83 884.171 476.99 1018.62 5.71356
internal_count=330906 156815 147925 8890 174091 112746 3261 107806 40119 109485 96764 78579 23486 456
is_linear=0
shrinkage=0.1


Tree=72
num_leaves=15
num_cat=0
split_feature=93 79 81 246 2 241 103 63 161 76 159 173 85 168
split_gain=25.4352 14.6364 11.5374 10.5143 10.6361 9.81134 11.6434 8.55244 8.13414 8.12083 8.78638 8.11792 8.09618 7.95196
threshold=0.13219466060400012 0.29459981620311743 0.34057971835136419 0.5900000035762788 0.067117117345333113 0.18333333730697635 0.080236461013555541 -0.066254820674657808 3.6454772949218754 0.091966174542903914 1.5026658773422243 0.25078030675649648 67.500000000000014 3.7341359853744511
decision_type=2 2 2 2 10 2 2 2 2 2 2 2 2 2
left_child=1 2 3 4 -1 6 13 -5 -3 10 12 -11 -9 -2
right_child=5 8 -4 7 -6 -7 -8 9 -10 11 -12 -13 -14 -15
leaf_value=0.0010666458086918552 0.059366103426912654 0.10414027636113721 0.065171929587608743 0.09787233997724093 0.097096687930349826 0.084252132833372823 0.032271787502085626 0.075490300412174194 0.08668773982019605 0.10199112871772631 0.10011042078380986 0.055456459472675412 0.11953686670356477 0.086648683452526534
leaf_weight=25.989577206501963 205.67238626042308 1367.7501575206297 188.52220927046619 1200.4303726476519 20.735758503933539 917.59181653122869 81.377023818144153 849.9003714321484 331.84298826435497 419.10014494614961 216.39739343186375 41.170571557611765 43.885549350645306 222.30366032109123
leaf_count=9422 27096 51750 12204 56519 2209 45297 7905 53018 28661 19013 5128 3663 2061 6591
internal_value=0 0.0933156 0.0891221 0.0907246 0.0436828 0.0780742 0.0669447 0.0915179 0.100733 0.0866606 0.0820304 0.0978287 0.077653 0.0735375
internal_weight=0 4705.73 3006.13 2817.61 46.7253 1426.94 509.353 2770.88 1699.59 1570.45 1110.18 460.271 893.786 427.976
internal_count=330537 243648 163237 151033 11631 86889 41592 139402 80411 82883 60207 22676 55079 33687
is_linear=0
shrinkage=0.1


Tree=73
num_leaves=15
num_cat=0
split_feature=86 86 17 187 234 104 85 241 234 189 203 122 4 156
split_gain=47.2599 13.6267 10.352 9.63486 9.19203 9.53597 9.04448 7.81959 7.2032 6.9054 8.10752 7.1907 6.71174 6.64486
threshold=-0.93824470043182362 -0.68975442647933949 44.500000000000007 0.17418337613344195 0.75000000000000011 -0.08895078673958777 63.500000000000007 0.46428571641445165 0.33333333581686025 0.0059427793603390464 -0.043599318712949746 0.07711558043956758 0.052770815789699561 0.055867666378617294
decision_type=8 10 10 2 2 2 2 2 2 2 2 2 8 2
left_child=4 2 3 7 5 9 -6 8 12 -1 -11 -12 -2 -3
right_child=1 13 -4 -5 6 -7 -8 -9 -10 10 11 -13 -14 -15
leaf_value=0.035643274099362451 -0.0020879749468639655 0.075820924852624164 0.1028853097477278 0.10655661056935095 0.082026088248846052 0.076675036876145339 0.12400813327990264 0.1014079643059816 0.086001779945918233 0.030466016647634809 0.091074962498275902 0.020983456772392106 0.069769208331753027 0.10642695875526015
leaf_weight=112.01967636054906 14.481303481542907 75.20474724081032 725.90488672074753 278.73313043390726 814.39839036718149 713.30862942079148 54.767422739934773 305.33047858465579 1526.5924344879413 42.743497613188083 103.44539271855865 17.048856692606932 126.94909159821054 1249.9672470595888
leaf_count=10607 5697 19131 33206 10818 41990 52701 1750 8811 83661 3584 5374 1635 9542 42335
internal_value=0 0.0962542 0.0925004 0.089153 0.0771696 0.0705739 0.0846714 0.0866948 0.0840016 0.0547633 0.0678841 0.0811576 0.0624116 0.10469
internal_weight=0 4303.16 2977.99 2252.09 1857.73 988.566 869.166 1973.35 1668.02 275.257 163.238 120.494 141.43 1325.17
internal_count=330842 213201 151735 118529 117641 73901 43740 107711 98900 21200 10593 7009 15239 61466
is_linear=0
shrinkage=0.1


Tree=74
num_leaves=15
num_cat=0
split_feature=86 86 104 17 245 247 195 200 85 207 8 52 249 205
split_gain=49.2634 14.712 11.6551 10.824 9.46416 9.9963 11.6491 9.8945 8.14094 7.2445 6.72891 6.57894 7.00581 7.5321
threshold=-0.93824470043182362 -0.68975442647933949 -0.08895078673958777 46.500000000000007 0.61366644501686107 -0.15213790535926816 -0.19592159986495969 0.18875046074390414 63.500000000000007 -0.030037824064493176 0.30752076208591467 1.0000000180025095e-35 -0.99999999999999989 -0.015956327319145199
decision_type=8 10 2 10 2 2 2 2 2 2 10 2 2 2
left_child=2 3 -1 4 5 6 10 -8 -4 -9 -2 12 -7 -14
right_child=1 -3 8 -5 -6 11 7 9 -10 -11 -12 -13 13 -15
leaf_value=0.063062428766341591 0.084885646636165227 0.10428332988474893 0.079031652194390248 0.10246613502739546 0.092506242967284907 -0.0025086410544828304 0.10314959071055643 0.073280129057591778 0.11381646088571061 -0.19673860481863606 -0.27880022128184562 0.075843497300784296 -0.00032112507737507153 0.083144621808311003
leaf_weight=506.39147878687163 0.84036169784667381 1333.5066550094648 1254.6744359519771 698.76794822056672 1549.3219501469366 22.713969066665868 190.18314343973361 2.0730909369594888 71.093795597424105 1.9082193009598984 1.2891686169605234 397.92027784218044 14.278588981856954 44.530958593839387
leaf_count=34339 74 61374 80392 32366 68799 5574 7389 104 3166 156 29 25775 4934 6264
internal_value=0 0.0955788 0.0759677 0.0916088 0.0881991 0.0783238 0.0973322 0.0998834 0.080897 -0.0561383 -0.135281 0.0705413 0.0446613 0.0628797
internal_weight=0 4257.33 1832.16 2923.83 2225.06 675.738 196.294 194.164 1325.77 3.98131 2.12953 479.444 81.5235 58.8095
internal_count=330735 212838 117897 151464 119098 50299 7752 7649 83558 260 103 42547 16772 11198
is_linear=0
shrinkage=0.1


Tree=75
num_leaves=15
num_cat=0
split_feature=93 63 17 156 253 163 81 68 237 235 17 85 241 205
split_gain=28.0922 15.6557 10.9186 10.1852 10.6845 10.914 11.7908 10.0541 9.39928 9.24951 8.86755 8.59282 11.8565 9.57357
threshold=0.061026617884635932 0.097465317696332945 18.500000000000004 0.39696970582008367 0.16827803105115893 -0.65619859099388111 0.34057971835136419 35.021123886108406 0.30694444477558142 0.16252876818180087 44.500000000000007 84.500000000000014 0.22500000149011615 -0.13305573910474774
decision_type=2 2 10 2 2 2 2 2 2 2 10 2 2 2
left_child=1 10 -2 4 -3 -6 7 9 -4 -7 -1 12 -10 -14
right_child=2 3 8 -5 5 6 -8 -9 11 -11 -12 -13 13 -15
leaf_value=0.096088574232457757 0.071583164702607949 0.10276056114384402 0.12868580649235165 0.10160570705619171 0.088427930397785126 0.054126664979781608 -0.0043473085994825047 0.058980537493192056 0.072484827880634942 0.11341335048482099 0.10879910755639309 0.12871652549149334 0.031956112751152621 0.095691515068552058
leaf_weight=2093.6904722491468 781.32920423405449 187.62770966879725 51.141078900336652 326.0654527373772 387.21485941671745 39.45355981015382 23.043181919822018 283.42075058831142 538.14245577882866 79.021448644872635 743.89713504768588 43.083194102962807 24.596135875762229 563.49259962865654
leaf_count=104732 50385 7511 3933 7029 13525 3799 3285 32235 39281 6386 32453 1406 1834 23251
internal_value=0 0.0952291 0.0808135 0.0862582 0.0812528 0.076284 0.0652181 0.0692067 0.0867228 0.0936702 0.0994207 0.0848875 0.0832108 0.0930259
internal_weight=0 4163.43 2001.78 1325.85 999.782 812.154 424.939 401.896 1220.46 118.475 2837.59 1169.31 1126.23 588.089
internal_count=331045 210955 120090 73770 66741 59230 45705 42420 69705 10185 137185 65772 64366 25085
is_linear=0
shrinkage=0.1


Tree=76
num_leaves=15
num_cat=1
split_feature=86 17 86 188 182 85 63 66 86 257 235 74 71 234
split_gain=48.9749 17.7361 15.9604 9.59906 8.85375 8.98404 11.2605 9.27039 8.48355 8.20904 7.99205 7.50818 8.1686 7.43549
threshold=-0.859868824481964 53.500000000000007 -1.1874148845672605 0.23295587301254275 -0.092603541910648332 63.500000000000007 -0.054384905844926827 9.7978043556213397 -1.4218188524246214 0 0.28367710113525396 0.10676291957497598 0.056079665198922164 0.75000000000000011
decision_type=10 8 10 2 2 2 2 2 8 9 2 2 2 2
left_child=1 2 9 4 8 6 -6 -8 -3 -1 13 -12 -13 -2
right_child=10 3 -4 -5 5 -7 7 -9 -10 -11 11 12 -14 -15
leaf_value=-0.020236056157867818 0.098375781551162986 -0.081630442734512421 0.079898345446396513 0.016337006506004947 0.10381834989038252 0.11605411029051758 0.084236454937239053 -0.026275434617253259 0.074747317647955822 0.05822937433447576 0.099562581258553065 0.071832325392958654 0.099481284479669127 0.11248441722985092
leaf_weight=14.626842457659221 808.44959172030985 3.5273175211332273 1505.0717443738472 17.432095776403003 419.13049893165044 163.26218788296683 674.65697648826654 7.6770410685498964 210.51339932643259 328.18068304303961 875.62999586447222 252.68848572659408 185.14617777662079 694.37665245035168
leaf_count=2204 39409 185 92646 1084 20144 6882 35877 3220 11717 22970 47230 15248 10840 21257
internal_value=0 0.0820161 0.075463 0.0901095 0.0909792 0.0941624 0.0909175 0.0829931 0.0721703 0.0559897 0.0999145 0.0942163 0.0835242 0.104895
internal_weight=0 3344.08 1847.88 1496.2 1478.77 1264.73 1101.46 682.334 214.041 342.808 2816.29 1313.46 437.835 1502.83
internal_count=330913 196929 117820 79109 78025 66123 59241 39097 11902 25174 133984 73318 26088 60666
cat_boundaries=0 2
cat_threshold=541589504 3104
is_linear=0
shrinkage=0.1


Tree=77
num_leaves=15
num_cat=0
split_feature=86 79 86 227 76 247 207 66 100 168 239 160 252 201
split_gain=49.0599 11.2414 9.3061 7.45187 6.82579 8.03412 6.94032 6.39777 8.01016 6.36186 6.35378 6.15717 5.9861 5.96574
threshold=-0.88837701082229603 0.2869249433279038 -1.2622538208961485 0.14651609212160113 0.10990338027477266 -0.02546725049614906 -0.13067883998155591 2.9852250814437871 -0.09735094383358954 3.6155359745025639 0.55000001192092907 2.0000000000000004 10.461883544921877 -0.17506073415279386
decision_type=8 2 10 2 2 2 2 2 2 2 2 2 2 2
left_child=2 3 -1 4 5 7 -6 -2 -9 11 -7 -3 -4 -12
right_child=1 9 12 -5 6 10 -8 8 -10 -11 13 -13 -14 -15
leaf_value=0.06141216169516428 0.087762184874770138 0.099361529002890997 0.086123404439050533 0.021975832785936358 0.12572411258028629 0.078161187067523952 0.097038107294403111 0.063055933857995447 0.11077921268240604 0.11037439675515673 -0.097829923426806908 0.05936181499768696 0.075142343799650471 0.10213403049464281
leaf_weight=289.82385403238004 403.13177721836837 753.50766730238593 985.94353339092049 14.955741308291179 98.683662211405135 673.05992648477695 580.30883303019618 39.221619908097637 340.5261505604085 704.26047216841835 1.506044678906618 40.553993363020709 999.8609250802283 159.67427958049302
leaf_count=20085 15051 47708 43440 1622 2273 46216 30956 3005 17081 16514 81 4835 78670 3034
internal_value=0 0.0967087 0.0781513 0.0923347 0.092793 0.08926 0.101207 0.0965361 0.10585 0.103455 0.0824319 0.0973187 0.0805944 0.100266
internal_weight=0 3809.39 2275.63 2311.07 2296.11 1617.12 678.992 782.88 379.748 1498.32 834.24 794.062 1985.8 161.18
internal_count=330571 188376 142195 119319 117697 84468 33229 35137 20086 69057 49331 52543 122110 3115
is_linear=0
shrinkage=0.1


Tree=78
num_leaves=15
num_cat=0
split_feature=86 85 93 156 247 81 176 47 213 174 72 140 184 248
split_gain=46.8548 12.9482 11.3805 10.0862 9.85508 9.61465 8.4529 8.44842 8.22835 7.56704 7.06424 6.93191 8.15143 6.78374
threshold=-0.859868824481964 63.500000000000007 0.20311135053634646 0.055867666378617294 -0.043451556935906403 0.20227272808551791 -0.044809333980083459 1.0000000180025095e-35 -0.04840497858822345 -0.31707450747489924 0.27525253593921667 0.019070335663855079 -0.24191462993621823 1.0000000000000002
decision_type=8 2 2 2 2 2 2 2 2 2 2 2 2 2
left_child=1 2 5 4 7 -1 -5 -2 9 -6 13 12 -3 -4
right_child=3 11 10 6 8 -7 -8 -9 -10 -11 -12 -13 -14 -15
leaf_value=0.086357170543726144 0.10347875357349788 -0.096043018593768667 0.06976215624707148 0.11052639909926239 -0.14474236079717864 0.068791626577836426 0.097351918802685483 0.029102118389300144 0.086211303975133394 0.059399099179023931 0.0094157457859657054 0.074878799451975828 0.12154616428458971 -0.014806576184473012
leaf_weight=1273.9839073660701 378.58707809257976 1.7461351146666846 642.8445698291498 649.36139739300006 1.844923117705547 412.50547166963952 1947.9206177591873 15.914218001909829 416.12653279045799 114.95820836679468 20.873095134713367 51.438383022330527 123.06796512025994 9.6273182319091557
leaf_count=73999 28205 205 41403 26799 177 26943 67289 2255 37053 12047 1894 2724 5869 3748
internal_value=0 0.0796255 0.0776727 0.0974492 0.0884972 0.0820607 0.100646 0.100478 0.0796281 0.0561747 0.0666823 0.105771 0.118502 0.0685143
internal_weight=0 2536.09 2359.83 3524.71 927.431 1686.49 2597.28 394.501 532.93 116.803 673.345 176.252 124.814 652.472
internal_count=330610 156785 147987 173825 79737 100942 94088 30460 49277 12224 47045 8798 6074 45151
is_linear=0
shrinkage=0.1


Tree=79
num_leaves=15
num_cat=0
split_feature=86 85 86 8 171 176 232 229 129 100 229 170 210 86
split_gain=45.672 18.3819 15.607 10.9539 10.0504 7.72812 7.6812 9.29466 10.3875 7.66061 7.35797 8.91094 6.84795 6.56208
threshold=-0.859868824481964 63.500000000000007 -1.2622538208961485 0.27771878242492681 0.40317600965499883 0.12549448758363727 -0.017724279314279553 0.031066869385540489 -0.01513431780040264 -0.09735094383358954 -0.041956111788749688 0.51922151446342479 -0.093839276582002626 -0.69987148046493519
decision_type=10 2 8 10 2 2 2 2 2 2 2 2 2 10
left_child=1 2 -1 4 12 9 7 8 -7 -2 11 -3 -4 -11
right_child=5 10 3 -5 -6 6 -8 -9 -10 13 -12 -13 -14 -15
leaf_value=0.057158374093306097 0.088031042862594971 0.10013443766769253 0.063848033502906895 0.090075106921381737 0.059788585027012592 0.083432975619799801 0.096777104729101823 0.098435971055107124 0.017809813844598125 0.098724550479094522 0.11925111466044336 -0.020164436207358249 0.083681659736394465 0.11057551110979665
leaf_weight=262.18985341288862 312.64521360765502 21.572969368666239 203.03777658961008 1172.9932640286906 269.35665912273998 49.32205674461693 440.64314890507103 74.051410647591183 47.208175659512563 890.85528029904435 175.19871923132087 8.6169221344889575 1220.712011321923 982.56944118064939
leaf_count=19442 15355 1473 14429 34030 16021 3816 18156 3306 4681 44601 6638 837 103965 44031
internal_value=0 0.0824141 0.0805114 0.0826478 0.0775021 0.0997425 0.0898022 0.0717848 0.0513399 0.102522 0.111394 0.0657982 0.0808532 0.10494
internal_weight=0 3333.68 3128.29 2866.1 1693.11 2797.29 611.225 170.582 96.5302 2186.07 205.389 30.1899 1423.75 1873.42
internal_count=330781 196835 187887 168445 134415 133946 29959 11803 8497 103987 8948 2310 118394 88632
is_linear=0
shrinkage=0.1


Tree=80
num_leaves=15
num_cat=0
split_feature=86 86 83 63 205 139 85 103 220 109 157 234 162 7
split_gain=42.1332 12.4718 11.3323 13.1968 8.83113 7.98142 8.24957 7.69063 6.87321 6.73415 8.24482 8.35614 6.64961 6.68149
threshold=-0.92032676935195912 -1.2088897824287412 39.500000000000007 -0.1860026270151138 0.023051260039210323 -0.034488895907998078 80.500000000000014 0.1201680935919285 0.084220409393310561 -0.030370789580047127 0.5036088526248933 0.75000000000000011 138.37730407714847 0.11814556270837785
decision_type=8 10 10 2 2 2 2 2 2 2 2 2 2 10
left_child=1 4 3 -2 -1 -3 12 -4 9 10 -8 -12 13 -7
right_child=2 5 7 -5 -6 6 8 -9 -10 -11 11 -13 -14 -15
leaf_value=0.073127689310277924 0.10144749426546394 0.065768400777465624 0.10637402743083951 0.087273942307478439 0.042757617834219608 0.067050756802713482 0.3336668802362166 0.079515842904087114 -0.049145587672599078 0.12228548782956442 0.2792679432066516 -0.32738093617697128 0.10287832685441277 0.085215943877857886
leaf_weight=282.02115189122378 1011.5300829947901 252.50839401139183 1095.5043551218278 1873.8504061680796 144.96185055652677 264.44651794457559 3.1558400021740445 118.10661786077253 2.1363423916336606 41.185915909336472 0.47970994449997295 0.43110404186336382 157.75787719447271 864.1938566475601
leaf_count=18332 49383 15322 48428 99403 11598 34803 246 5885 266 1707 74 62 8500 36558
internal_value=0 0.0779874 0.0956528 0.0922428 0.062817 0.0820709 0.0851572 0.10376 0.126132 0.134407 0.257173 -0.00786948 0.0836477 0.0809597
internal_weight=0 2013.28 4098.99 2885.38 426.983 1586.3 1333.79 1213.61 47.3889 45.2526 4.06665 0.910814 1286.4 1128.64
internal_count=330567 127468 203099 148786 29930 97538 82216 54313 2355 2089 382 136 79861 71361
is_linear=0
shrinkage=0.1


Tree=81
num_leaves=15
num_cat=0
split_feature=63 74 105 156 65 81 230 76 85 156 133 17 157 197
split_gain=25.4918 13.8976 10.1826 9.28219 9.70274 8.56373 8.8054 8.44698 9.6304 8.4287 8.79571 8.26336 12.3528 7.89669
threshold=-0.010310997255146502 0.20169491320848468 -0.17990255355834958 0.37590579688549047 1.0000000180025095e-35 0.34057971835136419 -0.074927117675542818 0.096998207271099104 77.500000000000014 0.041960094124078758 0.009276253171265127 32.500000000000007 0.6003931760787965 -0.081715971231460557
decision_type=2 2 2 2 2 2 2 2 2 2 2 8 2 2
left_child=5 2 -2 4 -4 11 -7 8 -6 10 -3 12 -1 -8
right_child=1 9 3 -5 7 6 13 -9 -10 -11 -12 -13 -14 -15
leaf_value=0.086796431384702055 0.051904702293904759 0.0097811797643007833 0.064785140073044159 0.099855924707851734 0.081098030514951083 -0.082303918221331818 -0.013983574736160426 0.10067033899791056 0.1240470157543202 0.07523785483328517 0.10085056530947237 0.10336480759564862 0.10573165507827841 0.08368195290783631
leaf_weight=1084.9705077399112 76.134788116716663 39.444299356402553 203.59684531886205 588.90134649425272 977.55741874999148 3.8320140619507574 9.3237741189041099 389.70362360992704 55.153731490065184 724.80960502712878 14.505453208934339 1390.1309450638346 504.83693585390574 73.859920834473087
leaf_count=76359 5693 13185 30979 12522 56978 683 1003 19348 2156 30498 4608 65674 6830 4125
internal_value=0 0.0839402 0.087863 0.089099 0.0852031 0.0968304 0.0659073 0.0881257 0.0833918 0.0723995 0.034267 0.0977334 0.0928092 0.072735
internal_weight=0 3069.81 2291.05 2214.91 1626.01 3066.95 87.0157 1422.41 1032.71 778.759 53.9498 2979.94 1589.81 83.1837
internal_count=330641 175967 127676 121983 109461 154674 5811 78482 59134 48291 17793 148863 83189 5128
is_linear=0
shrinkage=0.1


Tree=82
num_leaves=15
num_cat=0
split_feature=86 86 63 245 17 195 17 251 192 170 238 110 95 64
split_gain=46.7052 16.235 10.6139 13.0496 10.9982 10.4472 8.02256 8.67647 8.01439 7.83192 7.69696 8.24508 7.78898 7.60764
threshold=-0.859868824481964 -1.1874148845672605 -0.1860026270151138 0.048216134309768684 48.500000000000007 -0.086138259619474397 50.500000000000007 0.36496080458164221 -0.031499564647674554 0.51753386855125438 1.0000000180025095e-35 0.030703627504408363 0.025919698178768161 5.5000000000000009
decision_type=10 8 2 2 8 2 10 2 2 2 2 2 2 2
left_child=1 6 4 5 -3 13 7 8 -1 -2 11 -5 -13 -4
right_child=9 2 3 10 -6 -7 -8 -9 -10 -11 -12 12 -14 -15
leaf_value=0.016001030542569263 0.10480753590869014 0.079724419209961928 -0.087401719195400462 0.067957630652632328 0.10819963809887019 0.057260424779422774 0.083149907641919291 0.079483043196047834 0.057642193838733903 0.094187708690907326 0.087916304044000401 0.072818869917346291 0.10545410787491105 0.10364876576120668
leaf_weight=66.111171679687686 1481.073234095214 218.95629155327333 9.5608765880424453 510.21541229359855 356.46083771768554 50.547971200525353 173.75664768062416 110.32942687887407 153.61253901291639 1307.4837357314345 1398.6546909687877 147.35488315106977 145.18875866714006 2.6653045638795438
leaf_count=8775 75644 13787 2328 56178 16884 8501 10666 1111 14387 58487 35245 16641 11858 219
internal_value=0 0.0823016 0.0852367 0.0821547 0.0973643 0.0371971 0.0657581 0.0566022 0.0451131 0.0998282 0.0834366 0.0756317 0.0890157 -0.0457528
internal_weight=0 3343.41 2839.61 2264.19 575.417 62.7742 503.81 330.053 219.724 2788.56 2201.41 802.759 292.544 12.2262
internal_count=330711 196580 161641 130970 30671 11048 34939 24273 23162 134131 119922 84677 28499 2547
is_linear=0
shrinkage=0.1


Tree=83
num_leaves=15
num_cat=0
split_feature=74 81 79 63 234 209 117 10 76 17 186 142 171 17
split_gain=30.4871 21.2526 10.8968 9.73292 8.50883 7.86775 8.15885 8.11435 10.2751 7.76862 7.28591 7.1669 7.04002 6.85682
threshold=0.31339286267757421 0.26876173913478857 0.2869249433279038 0.051160620525479324 0.33333333581686025 0.091633617877960219 0.090649761259555831 137.50000000000003 0.024099883623421196 10.500000000000002 0.11745579168200494 0.040133398026227958 0.51525709033012401 2.5000000000000004
decision_type=2 2 2 2 2 2 2 8 2 8 2 2 2 8
left_child=1 2 3 9 -2 6 7 8 -5 -1 13 -3 -11 -7
right_child=4 11 -4 5 -6 10 -8 -9 -10 12 -12 -13 -14 -15
leaf_value=0.080335318398705946 0.028119572420375268 0.067738725488735926 0.10036480770121492 0.011892100644765084 0.073692458490214136 -0.14682851245806972 0.12204561300396713 0.086299433292437028 0.091166887879466196 0.099151918750813361 -0.02457995151015829 0.12547483532209544 0.06502677556458232 0.069229948704922023
leaf_weight=302.84005825330223 43.374856059146623 401.15011531941309 1798.1644049824936 34.084247718936695 738.67191675157119 1.491300108769791 59.550024021056743 956.72008955312049 31.423413128520679 1532.5338381033416 9.7591127898331234 22.717443981824545 62.936606243541974 97.61657059497611
leaf_count=16917 7244 25535 84834 15061 44557 104 2060 32821 11307 76189 1524 1253 4454 6987
internal_value=0 0.0923129 0.0941759 0.0905732 0.0711648 0.0834854 0.0860642 0.0839681 0.0499195 0.0950187 0.0578609 0.0708331 0.0978058 0.0659789
internal_weight=0 5310.99 4887.12 3088.96 782.047 1190.64 1081.78 1022.23 65.5077 1898.31 108.867 423.868 1595.47 99.1079
internal_count=330847 279046 252258 167424 51801 69864 61249 59189 26368 97560 8615 26788 80643 7091
is_linear=0
shrinkage=0.1


end of trees

feature_importances:
implicit_mean_localness=109
interact_category_affinity=62
explicit_days_remaining=49
xf_budget_fit=37
explicit_touristiness_pref=34
interact_cos_taste_poi=34
xf_prior_poi_engaged=34
implicit_interaction_count=33
behav_visit_rate=32
num_rating_shrunk=32
behav_impressions=31
xf_party_fit=29
cat_subcategory=29
xf_cos_dismissed=26
xf_interest_cat_hit=25
interact_interest_match=24
behav_ctr_smoothed=19
behav_unique_travelers=19
num_localness=17
xf_interest_cover=16
xf_interest_tag_ratio=16
implicit_taste_01=14
behav_archetype_affinity_02=13
implicit_category_dist_viewpoint=13
xf_travel_min=13
xf_mobility_fit=12
behav_save_rate=11
implicit_category_dist_historic_site=11
implicit_days_since_last_interaction=11
num_pop_pct=11
geo_dist_to_tourist_centroid_km=10
interact_price_gap=10
text_emb_00=10
implicit_category_dist_nature_park=9
interact_localness_gap=8
text_emb_01=8
behav_archetype_affinity_00=7
behav_archetype_affinity_07=7
geo_density_500m=7
geo_lat=7
xf_pop_x_pref=7
num_expected_duration_min=6
xf_price_over=6
behav_archetype_affinity_03=5
geo_dist_to_transit_km=5
implicit_taste_00=5
implicit_taste_18=5
implicit_taste_59=5
text_emb_02=5
text_emb_03=5
text_emb_06=5
text_emb_57=5
xf_interest_tag_hits=5
behav_archetype_affinity_04=4
behav_archetype_affinity_06=4
implicit_taste_12=4
text_emb_62=4
xf_travel_ratio=4
behav_archetype_affinity_05=3
explicit_interest_historic_site=3
explicit_party_family_teens=3
explicit_trip_duration_days=3
geo_lon=3
implicit_breadth_categories=3
implicit_category_dist_restaurant=3
implicit_category_dist_shopping=3
implicit_mean_price_level=3
implicit_taste_08=3
implicit_taste_25=3
implicit_taste_28=3
implicit_taste_41=3
implicit_taste_56=3
num_crowd_index=3
text_emb_14=3
text_emb_17=3
text_emb_18=3
text_emb_19=3
text_emb_35=3
text_emb_36=3
text_emb_43=3
behav_dismiss_rate=2
explicit_budget_ordinal=2
implicit_category_dist_cafe=2
implicit_category_dist_entertainment=2
implicit_category_dist_wellness_spa=2
implicit_mean_pop_pct=2
implicit_taste_03=2
implicit_taste_07=2
implicit_taste_11=2
implicit_taste_19=2
implicit_taste_30=2
implicit_taste_44=2
implicit_taste_47=2
implicit_taste_48=2
implicit_taste_52=2
implicit_taste_55=2
num_price_level=2
text_emb_07=2
text_emb_16=2
text_emb_24=2
text_emb_25=2
text_emb_29=2
text_emb_31=2
text_emb_37=2
text_emb_39=2
text_emb_48=2
text_emb_51=2
text_emb_59=2
text_emb_60=2
xf_loc_align=2
xf_loc_gap=2
behav_archetype_affinity_01=1
explicit_interest_viewpoint=1
explicit_mobility_walk=1
explicit_party_family_young_kids=1
implicit_category_dist_family_activity=1
implicit_category_dist_religious_site=1
implicit_taste_02=1
implicit_taste_05=1
implicit_taste_09=1
implicit_taste_10=1
implicit_taste_13=1
implicit_taste_15=1
implicit_taste_16=1
implicit_taste_17=1
implicit_taste_21=1
implicit_taste_22=1
implicit_taste_26=1
implicit_taste_29=1
implicit_taste_33=1
implicit_taste_34=1
implicit_taste_35=1
implicit_taste_36=1
implicit_taste_37=1
implicit_taste_40=1
implicit_taste_42=1
implicit_taste_43=1
implicit_taste_50=1
implicit_taste_51=1
implicit_taste_58=1
implicit_taste_62=1
num_log_review_count=1
text_emb_04=1
text_emb_05=1
text_emb_08=1
text_emb_09=1
text_emb_11=1
text_emb_12=1
text_emb_15=1
text_emb_22=1
text_emb_23=1
text_emb_27=1
text_emb_28=1
text_emb_30=1
text_emb_33=1
text_emb_34=1
text_emb_40=1
text_emb_45=1
text_emb_46=1
text_emb_49=1
text_emb_50=1
text_emb_53=1
text_emb_55=1
text_emb_56=1
text_emb_58=1
text_emb_61=1
text_emb_63=1
xf_duration_fit=1
xf_hours_fit=1
xf_loc_x_pref=1
xf_price_signed=1

parameters:
[boosting: gbdt]
[objective: lambdarank]
[metric: ndcg]
[tree_learner: serial]
[device_type: cpu]
[data_sample_strategy: bagging]
[data: ]
[valid: ]
[num_iterations: 84]
[learning_rate: 0.1]
[num_leaves: 15]
[num_threads: 16]
[seed: 203]
[deterministic: 1]
[force_col_wise: 0]
[force_row_wise: 1]
[histogram_pool_size: -1]
[max_depth: -1]
[min_data_in_leaf: 20]
[min_sum_hessian_in_leaf: 0.001]
[bagging_fraction: 0.8]
[pos_bagging_fraction: 1]
[neg_bagging_fraction: 1]
[bagging_freq: 1]
[bagging_seed: 203]
[feature_fraction: 0.8]
[feature_fraction_bynode: 1]
[feature_fraction_seed: 203]
[extra_trees: 0]
[extra_seed: 22491]
[early_stopping_round: 0]
[early_stopping_min_delta: 0]
[first_metric_only: 0]
[max_delta_step: 0]
[lambda_l1: 0]
[lambda_l2: 0]
[linear_lambda: 0]
[min_gain_to_split: 0]
[drop_rate: 0.1]
[max_drop: 50]
[skip_drop: 0.5]
[xgboost_dart_mode: 0]
[uniform_drop: 0]
[drop_seed: 10417]
[top_rate: 0.2]
[other_rate: 0.1]
[min_data_per_group: 100]
[max_cat_threshold: 32]
[cat_l2: 10]
[cat_smooth: 10]
[max_cat_to_onehot: 4]
[top_k: 20]
[monotone_constraints: ]
[monotone_constraints_method: basic]
[monotone_penalty: 0]
[feature_contri: ]
[forcedsplits_filename: ]
[refit_decay_rate: 0.9]
[cegb_tradeoff: 1]
[cegb_penalty_split: 0]
[cegb_penalty_feature_lazy: ]
[cegb_penalty_feature_coupled: ]
[path_smooth: 0]
[interaction_constraints: ]
[verbosity: -1]
[saved_feature_importance_type: 0]
[use_quantized_grad: 0]
[num_grad_quant_bins: 4]
[quant_train_renew_leaf: 0]
[stochastic_rounding: 1]
[linear_tree: 0]
[max_bin: 63]
[max_bin_by_feature: ]
[min_data_in_bin: 3]
[bin_construct_sample_cnt: 200000]
[data_random_seed: 203]
[is_enable_sparse: 1]
[enable_bundle: 1]
[use_missing: 1]
[zero_as_missing: 0]
[feature_pre_filter: 1]
[pre_partition: 0]
[two_round: 0]
[header: 0]
[label_column: ]
[weight_column: ]
[group_column: ]
[ignore_column: ]
[categorical_feature: 254,255,256,257]
[forcedbins_filename: ]
[precise_float_parser: 0]
[parser_config_file: ]
[objective_seed: 5561]
[num_class: 1]
[is_unbalance: 0]
[scale_pos_weight: 1]
[sigmoid: 1]
[boost_from_average: 1]
[reg_sqrt: 0]
[alpha: 0.9]
[fair_c: 1]
[poisson_max_delta_step: 0.7]
[tweedie_variance_power: 1.5]
[lambdarank_truncation_level: 20]
[lambdarank_norm: 1]
[label_gain: 0,1,2,3]
[lambdarank_position_bias_regularization: 0]
[eval_at: 10]
[multi_error_top_k: 1]
[auc_mu_weights: ]
[num_machines: 1]
[local_listen_port: 12400]
[time_out: 120]
[machine_list_filename: ]
[machines: ]
[gpu_platform_id: -1]
[gpu_device_id: -1]
[gpu_use_dp: 0]
[num_gpu: 1]

end of parameters

pandas_categorical:[["cafe", "entertainment", "family_activity", "historic_site", "museum", "nature_park", "nightlife", "religious_site", "restaurant", "shopping", "viewpoint", "wellness_spa"], ["indoor", "mixed", "outdoor"], ["1", "2", "3", "4"], ["amusement_park", "aquarium", "arcade", "art_museum", "artisan_shop", "bakery", "bar", "botanical_garden", "boutique", "cathedral", "cinema", "city_park", "club", "dessert_cafe", "escape_room", "fine_dining", "flea_market", "fortress", "fusion", "gallery", "garden", "hiking_trail", "history_museum", "interactive_museum", "live_music", "live_show", "local_eatery", "mall", "market", "massage", "monastery", "monument", "observation_deck", "old_town", "onsen", "palace", "playground", "riverside", "rooftop_bar", "rooftop_view", "scenic_overlook", "science_museum", "shrine", "spa", "speakeasy", "specialty_coffee", "street_food", "tea_house", "temple_site", "temple_worship", "theater", "tower", "traditional", "yoga_studio", "zoo"]]
