tree
version=v4
num_class=1
num_tree_per_iteration=1
label_index=0
max_feature_idx=237
objective=lambdarank
feature_names=behav_archetype_affinity_00 behav_archetype_affinity_01 behav_archetype_affinity_02 behav_archetype_affinity_03 behav_archetype_affinity_04 behav_archetype_affinity_05 behav_archetype_affinity_06 behav_archetype_affinity_07 behav_ctr_smoothed behav_dismiss_rate behav_impressions behav_save_rate behav_unique_travelers behav_visit_rate explicit_accessibility_stroller explicit_accessibility_wheelchair explicit_budget_ordinal explicit_days_remaining explicit_interest_adventurous explicit_interest_artsy explicit_interest_authentic explicit_interest_budget-friendly explicit_interest_cafe explicit_interest_cultural explicit_interest_entertainment explicit_interest_family-friendly explicit_interest_family_activity explicit_interest_foodie explicit_interest_hidden-gem explicit_interest_historic explicit_interest_historic_site explicit_interest_indoor explicit_interest_lively explicit_interest_local explicit_interest_luxury explicit_interest_museum explicit_interest_nature explicit_interest_nature_park explicit_interest_nightlife explicit_interest_outdoor explicit_interest_relaxing explicit_interest_religious_site explicit_interest_restaurant explicit_interest_romantic explicit_interest_shopping explicit_interest_touristy explicit_interest_trendy explicit_interest_viewpoint explicit_interest_wellness_spa explicit_mobility_car explicit_mobility_mixed explicit_mobility_public_transport explicit_mobility_walk explicit_pace_ordinal explicit_party_couple explicit_party_family_teens explicit_party_family_young_kids explicit_party_friends explicit_party_solo explicit_season_autumn explicit_season_spring explicit_season_summer explicit_season_winter explicit_touristiness_pref explicit_trip_duration_days geo_density_500m geo_dist_to_tourist_centroid_km geo_dist_to_transit_km geo_lat geo_lon implicit_breadth_categories implicit_category_dist_cafe implicit_category_dist_entertainment implicit_category_dist_family_activity implicit_category_dist_historic_site implicit_category_dist_museum implicit_category_dist_nature_park implicit_category_dist_nightlife implicit_category_dist_religious_site implicit_category_dist_restaurant implicit_category_dist_shopping implicit_category_dist_viewpoint implicit_category_dist_wellness_spa implicit_days_since_last_interaction implicit_days_since_last_interaction_was_missing implicit_interaction_count implicit_mean_localness implicit_mean_localness_was_missing implicit_mean_pop_pct implicit_mean_pop_pct_was_missing implicit_mean_price_level implicit_mean_price_level_was_missing implicit_taste_00 implicit_taste_01 implicit_taste_02 implicit_taste_03 implicit_taste_04 implicit_taste_05 implicit_taste_06 implicit_taste_07 implicit_taste_08 implicit_taste_09 implicit_taste_10 implicit_taste_11 implicit_taste_12 implicit_taste_13 implicit_taste_14 implicit_taste_15 implicit_taste_16 implicit_taste_17 implicit_taste_18 implicit_taste_19 implicit_taste_20 implicit_taste_21 implicit_taste_22 implicit_taste_23 implicit_taste_24 implicit_taste_25 implicit_taste_26 implicit_taste_27 implicit_taste_28 implicit_taste_29 implicit_taste_30 implicit_taste_31 implicit_taste_32 implicit_taste_33 implicit_taste_34 implicit_taste_35 implicit_taste_36 implicit_taste_37 implicit_taste_38 implicit_taste_39 implicit_taste_40 implicit_taste_41 implicit_taste_42 implicit_taste_43 implicit_taste_44 implicit_taste_45 implicit_taste_46 implicit_taste_47 implicit_taste_48 implicit_taste_49 implicit_taste_50 implicit_taste_51 implicit_taste_52 implicit_taste_53 implicit_taste_54 implicit_taste_55 implicit_taste_56 implicit_taste_57 implicit_taste_58 implicit_taste_59 implicit_taste_60 implicit_taste_61 implicit_taste_62 implicit_taste_63 interact_category_affinity interact_cos_taste_poi interact_interest_match interact_localness_gap interact_price_gap num_crowd_index num_expected_duration_min num_localness num_log_review_count num_open_hours_per_week num_pop_pct num_price_level num_rating_shrunk num_reservation_lead_days text_emb_00 text_emb_01 text_emb_02 text_emb_03 text_emb_04 text_emb_05 text_emb_06 text_emb_07 text_emb_08 text_emb_09 text_emb_10 text_emb_11 text_emb_12 text_emb_13 text_emb_14 text_emb_15 text_emb_16 text_emb_17 text_emb_18 text_emb_19 text_emb_20 text_emb_21 text_emb_22 text_emb_23 text_emb_24 text_emb_25 text_emb_26 text_emb_27 text_emb_28 text_emb_29 text_emb_30 text_emb_31 text_emb_32 text_emb_33 text_emb_34 text_emb_35 text_emb_36 text_emb_37 text_emb_38 text_emb_39 text_emb_40 text_emb_41 text_emb_42 text_emb_43 text_emb_44 text_emb_45 text_emb_46 text_emb_47 text_emb_48 text_emb_49 text_emb_50 text_emb_51 text_emb_52 text_emb_53 text_emb_54 text_emb_55 text_emb_56 text_emb_57 text_emb_58 text_emb_59 text_emb_60 text_emb_61 text_emb_62 text_emb_63 cat_category cat_indoor_outdoor cat_price_level cat_subcategory
feature_infos=[0:1] [0:1] [0:1] [0:1] [0:1] [0:1] [0:1] [0:1] [0.0055497223511338234:0.62498992681503296] [0:1] [0:6042] [0:0.5] [0:584] [0:1] [0:1] [0:1] [0:2] [1:164] [0:1] [0:1] [0:1] [0:1] [0:1] [0:1] [0:1] [0:1] [0:1] [0:1] [0:1] [0:1] [0:1] [0:1] [0:1] [0:1] [0:1] [0:1] [0:1] [0:1] [0:1] [0:1] [0:1] [0:1] [0:1] [0:1] [0:1] [0:1] [0:1] [0:1] [0:1] [0:1] [0:1] [0:1] [0:1] [0:2] [0:1] [0:1] [0:1] [0:1] [0:1] [0:1] [0:1] [0:1] [0:1] [-0.9655526876449585:1] [2:10] [0:116] [0.021191015839576721:21.412565231323242] [0.05207129567861557:15.534337997436523] [34.860679626464844:41.578414916992188] [2.0387704372406006:135.91542053222656] [1:12] [0:0.49019607901573181] [0:0.44999998807907104] [0:0.66666668653488159] [0:0.83333331346511841] [0:0.93103450536727905] [0:1] [0:0.6111111044883728] [0:0.46153846383094788] [0:0.81818181276321411] [0:0.72727274894714355] [0:0.66666668653488159] [0:0.25609755516052246] [1:164] none [2:151] [-1.7797163724899292:-0.26616141200065613] none [0.42279192805290222:0.95031058788299561] none [1:3.2241380214691162] none [0.59477716684341431:0.97488892078399658] [-0.43858450651168823:0.62415558099746704] [-0.31171634793281555:0.36904746294021606] [-0.42053014039993286:0.39036154747009277] [-0.34041944146156311:0.41415837407112122] [-0.25920736789703369:0.30391359329223633] [-0.2358517050743103:0.31770187616348267] [-0.29771414399147034:0.40380805730819702] [-0.36651107668876648:0.4388214647769928] [-0.30595335364341736:0.22217352688312531] [-0.20948196947574615:0.22131527960300446] [-0.24775315821170807:0.36996161937713623] [-0.2711048424243927:0.25207141041755676] [-0.28191685676574707:0.26110810041427612] [-0.20094713568687439:0.16626758873462677] [-0.16527366638183594:0.18616436421871185] [-0.16928394138813019:0.14132086932659149] [-0.20206160843372345:0.17175500094890594] [-0.19328296184539795:0.17563380300998688] [-0.14603090286254883:0.24440135061740875] [-0.13613225519657135:0.13954539597034454] [-0.16909117996692657:0.17941060662269592] [-0.13495446741580963:0.18130546808242798] [-0.15851303935050964:0.17463861405849457] [-0.17047809064388275:0.14725363254547119] [-0.15562349557876587:0.14453977346420288] [-0.14128944277763367:0.19179722666740417] [-0.19813212752342224:0.12314403057098389] [-0.14228041470050812:0.16201747953891754] [-0.13509683310985565:0.20208346843719482] [-0.13565665483474731:0.16597357392311096] [-0.11702318489551544:0.1132306382060051] [-0.11334942281246185:0.16350466012954712] [-0.1279589980840683:0.14252346754074097] [-0.13050307333469391:0.12186077237129211] [-0.13708750903606415:0.13468082249164581] [-0.11906753480434418:0.11088670045137405] [-0.13899222016334534:0.10267281532287598] [-0.1084619015455246:0.089178502559661865] [-0.11919090151786804:0.071580931544303894] [-0.11874961107969284:0.096414081752300262] [-0.11466296762228012:0.10284779220819473] [-0.095809221267700195:0.091158740222454071] [-0.10253777354955673:0.08225492388010025] [-0.10553955286741257:0.1180543377995491] [-0.12811583280563354:0.095268204808235168] [-0.10427157580852509:0.10017471760511398] [-0.092184342443943024:0.11072251945734024] [-0.12115511298179626:0.09478083997964859] [-0.092715971171855927:0.096345871686935425] [-0.086088024079799652:0.10565819591283798] [-0.10114496946334839:0.10056562721729279] [-0.13512273132801056:0.087142087519168854] [-0.073734365403652191:0.097973056137561798] [-0.10147803276777267:0.093480505049228668] [-0.086102209985256195:0.1023106575012207] [-0.11831405758857727:0.088953226804733276] [-0.10229801386594772:0.093699775636196136] [-0.090669639408588409:0.08360009640455246] [-0.11035910248756409:0.085057847201824188] [-0.099300086498260498:0.13352523744106293] [-0.085660234093666077:0.088212095201015472] [-0.10855717211961746:0.11362701654434204] [-0.072306267917156219:0.088762454688549042] [0:1] [0.014689238741993904:0.87181097269058228] [0:1] [1.3288994296090095e-06:3.0263745784759521] [0.5:2.5] [2.5485823154449463:5.3309640884399414] [15:300] [-2.2179117202758789:1.8724242448806763] [0.69314718246459961:8.0404472351074219] [36:105] [0.0020703934133052826:1] [1:4] [1.6120688915252686:4.5217084884643555] [0:14] [0.32416447997093201:0.65636014938354492] [-0.31660717725753784:0.71838390827178955] [-0.45795035362243652:0.68267017602920532] [-0.61014962196350098:0.50857901573181152] [-0.40947476029396057:0.52698755264282227] [-0.26005589962005615:0.79931795597076416] [-0.57793354988098145:0.46906685829162598] [-0.38699272274971008:0.5120316743850708] [-0.52089846134185791:0.51966255903244019] [-0.46495679020881653:0.4552294909954071] [-0.2977428138256073:0.44194278120994568] [-0.30275160074234009:0.55359691381454468] [-0.49580603837966919:0.5362810492515564] [-0.44251111149787903:0.46060755848884583] [-0.34212762117385864:0.36990499496459961] [-0.37616515159606934:0.3880174458026886] [-0.3147437572479248:0.3363058865070343] [-0.29219326376914978:0.39536005258560181] [-0.39982202649116516:0.31621810793876648] [-0.3834976851940155:0.41348108649253845] [-0.36725780367851257:0.3064713180065155] [-0.34936785697937012:0.38033422827720642] [-0.34510073065757751:0.38328292965888977] [-0.33057644963264465:0.33288359642028809] [-0.40244349837303162:0.37094253301620483] [-0.26097491383552551:0.40840733051300049] [-0.288188636302948:0.40808486938476562] [-0.31503972411155701:0.3266105055809021] [-0.31540456414222717:0.32317006587982178] [-0.29291972517967224:0.35593584179878235] [-0.31266158819198608:0.37510642409324646] [-0.33211511373519897:0.29312002658843994] [-0.31406748294830322:0.30381119251251221] [-0.2734890878200531:0.36704990267753601] [-0.34357258677482605:0.24741937220096588] [-0.26656851172447205:0.32804849743843079] [-0.20159848034381866:0.24319593608379364] [-0.28975421190261841:0.27648249268531799] [-0.33705943822860718:0.26798981428146362] [-0.32380011677742004:0.29791733622550964] [-0.25453466176986694:0.38841700553894043] [-0.30357715487480164:0.29289805889129639] [-0.29712143540382385:0.26045814156532288] [-0.25278228521347046:0.34213274717330933] [-0.33229947090148926:0.25091928243637085] [-0.22893556952476501:0.21988382935523987] [-0.23165377974510193:0.31832039356231689] [-0.20833024382591248:0.40913042426109314] [-0.26650699973106384:0.24067015945911407] [-0.29394838213920593:0.27541038393974304] [-0.27113410830497742:0.3310864269733429] [-0.24472339451313019:0.31705185770988464] [-0.24432000517845154:0.25000399351119995] [-0.24773885309696198:0.23663166165351868] [-0.23521457612514496:0.22563724219799042] [-0.21364669501781464:0.24460819363594055] [-0.21396258473396301:0.26981928944587708] [-0.22185257077217102:0.28129103779792786] [-0.23144182562828064:0.2175757884979248] [-0.27865231037139893:0.29086548089981079] [-0.22811342775821686:0.25541409850120544] [-0.27383169531822205:0.27264690399169922] [-0.23763503134250641:0.29348507523536682] [-0.17762419581413269:0.19497372210025787] -1:8:9:3:0:5:4:6:1:2:10:7:11 -1:0:2:1 -1:1:0:2:3 -1:52:26:15:46:18:47:4:45:31:8:33:28:11:48:16:22:37:13:35:17:27:41:5:19:21:40:7:44:12:20:2:3:6:36:24:0:50:54:32:10:25:39:38:9:51:23:14:49:29:42:34:43:1:30
tree_sizes=3545 3520 3546 3503 3517 3492 3510 3567 3565 3551 3540 3540 3564 3546 3513 3555 3556 3548 3558 3562 3545 3554 3559 3495 3525 3540 3564 3552 3535 3553 3523 3543 3513 3549 3540 3536 3533 3561 3546 3559 3561 3518 3565 3562 3536 3518 3555 3531 3510 3523 3525 3515 3527 3530 3556 3527 3548 3533 3523 3529 3508 3510 3508 3516 3489 3514 3553 3512 3519 3505 3507 3480 3507 3514 3502 3505 3510 3514 3506 3549 3559 3513 3557 3549 3502 3530 3527 3500 3484 3517 3513 3514 3494 3502 3493 3516 3504 3485 3510 3506 3505 3509 3518 3497 3528 3504 3507 3491 3503 3481 3510 3524 3506 3508 3502 3518 3516 3521 3524 3526 3493 3507 3502 3507 3517 3524 3510 3494 3502 3516 3510 3501 3498 3513 3522 3494 3505 3511 3502 3500 3488 3514 3511 3501 3514 3494 3513 3497 3532 3521 3510 3505 3485 3498 3515 3495 3507 3496 3516 3492 3507 3502 3510 3520 3509 3508 3511 3515 3507 3502 3519 3514 3514 3514 3503 3509 3491 3512 3498 3515 3507 3506 3510 3519 3474 3513 3522 3511 3517 3523 3511 3500 3515 3490 3515

Tree=0
num_leaves=31
num_cat=5
split_feature=156 157 13 13 157 168 11 237 237 197 190 182 142 237 157 237 237 157 168 160 190 118 108 149 100 159 185 180 209 157
split_gain=969.25 591.2 224.008 178.965 140.944 140.841 110.91 74.1402 69.8584 61.1513 58.4191 51.924 52.7966 50.8039 43.5749 42.4739 41.6773 38.9383 38.6955 36.7042 35.4521 39.1267 34.5739 38.6143 32.9023 31.6055 33.4827 31.4637 30.4381 28.8819
threshold=1.0000000180025095e-35 0.52558058500289928 1.0000000180025095e-35 0.0088890646584332007 0.41610345244407659 3.1673040390014653 0.014005712233483793 0 1 0.0238402308896184 0.10486269369721414 -0.13544713705778119 -0.025098504498600956 2 0.57498887181282055 3 4 0.62362465262413036 3.1908861398696904 1.0000000000000002 0.17116732150316241 -0.012424245476722716 -0.0065173758193850509 -0.051869807764887803 0.10103606060147287 0.23652779310941699 -0.060049856081604951 0.26518125832080847 0.022353359498083595 0.46475408971309667
decision_type=2 2 8 8 2 2 8 9 9 2 2 2 2 9 2 9 9 2 2 2 2 2 2 2 2 2 2 2 2 2
left_child=-1 3 13 15 8 9 11 10 27 16 -7 12 28 -3 18 -2 22 -14 -8 -9 -13 -22 23 -6 -19 26 -18 -5 -4 -21
right_child=1 2 6 4 5 7 14 19 -10 -11 -12 20 17 -15 -16 -17 25 24 -20 29 21 -23 -24 -25 -26 -27 -28 -29 -30 -31
leaf_value=-0.19791262869138596 0.023477861104039262 -0.092130633593668812 0.066407694490516631 0.08887867099541763 0.13787900165287179 0.066319705839952128 0.11063914481858939 0.13580891396899636 -0.01267504295239847 0.09983638716681853 -0.13996351383438788 0.14065301222533352 0.019450815306214626 0.048679761211805006 0.17054282659843065 -0.080175446454503224 -0.08593482661385235 0.14829653040243571 0.15677285704192895 0.058578879587376446 0.13261657017263212 -0.074084219223307948 0.021815104017680078 -0.14262037522105023 -0.15462006658913724 0.071257780626194686 0.080970368282804517 -0.13988969336335758 -0.14752490193946102 0.11638816644473148
leaf_weight=99.208840401616726 75.422871733642069 34.262665754743011 10.921162361340977 151.95054677391181 5.7005578494863576 42.956551467588724 265.78875867799388 725.2155944285613 196.36138618341965 162.66547973674369 20.177062757953536 321.18281881613689 49.829607162231696 51.580476158597548 1526.2330414822482 68.822235371184433 30.381530588708301 72.102199529464997 575.443140931779 126.59154332492824 19.814271786304744 17.027502124838065 47.38148397873556 35.289401343266036 3.7734137840088797 156.21086722561267 19.886889546034581 6.2596598170603093 17.007916505666799 272.36476728042544
leaf_count=22476 16892 9059 412 11669 34 3063 11263 41141 23437 11366 610 14929 1931 11922 28835 21368 1233 660 20262 12792 359 842 1609 1476 67 11094 1956 438 227 17790
internal_value=0 0.117675 0.1466 0.0776662 0.085427 0.0977543 0.151346 0.115919 0.0282421 0.0506151 0.000339287 0.109127 0.0604972 -0.0125837 0.160471 -0.0299079 0.0234603 0.0881291 0.142197 0.121328 0.129995 0.0370838 -0.0326657 -0.103611 0.133232 0.0467973 -0.0199048 0.0750817 -0.0638704 0.0980449
internal_weight=0 5108.61 2964.97 2143.64 1999.39 1644.82 2879.12 1187.31 354.572 457.516 63.1336 511.659 153.634 85.8431 2367.46 144.245 294.851 125.705 841.232 1124.17 358.025 36.8418 88.3714 40.99 75.8756 206.479 50.2684 158.21 27.9291 398.956
internal_count=301212 278736 100768 177968 139708 104164 79787 75396 35544 28768 3673 19427 3297 20981 60360 38260 17402 2658 31525 71723 16130 1201 3119 1510 727 14283 3189 12107 639 30582
cat_boundaries=0 2 4 6 8 10
cat_threshold=0 73730 1781560390 268400 3247245346 5449944 832187105 4634784 3758100864 82306
is_linear=0
shrinkage=0.1


Tree=1
num_leaves=31
num_cat=0
split_feature=156 166 11 171 156 166 67 11 88 158 168 92 213 119 163 10 118 8 160 136 199 10 129 160 161 4 186 145 113 160
split_gain=1182.63 454.638 378.895 185.723 177.261 141.034 118.68 91.3334 90.5035 78.9257 77.2484 69.152 62.9503 66.6849 59.7567 50.7578 54.1369 50.321 75.1247 50.1147 52.4314 46.7971 44.5397 42.232 41.5066 40.4246 39.8914 42.9068 39.6425 39.1689
threshold=0.097693528980016722 0.61307102441787731 0.0158312451094389 0.44739343225955969 0.044610282406210906 0.89823457598686229 1.3925047516822817 0.012007002253085377 0.76840013265609752 0.22500000149011615 3.4625769853591923 0.89638647437095653 0.090424619615077986 0.04763475991785527 0.98837465047836315 293.50000000000006 0.055863527581095702 0.17510279268026355 2.0000000000000004 0.037304300814867027 0.054361153393983848 95.500000000000014 -0.049012275412678712 1.0000000000000002 3.6300386190414433 1.0000000180025095e-35 0.073079314082860961 0.018244658596813682 -0.012450170703232287 1.0000000000000002
decision_type=2 2 10 2 2 2 2 8 2 2 2 2 2 2 2 10 2 10 2 2 2 10 2 2 2 8 2 2 2 2
left_child=4 2 3 7 11 6 -3 -2 17 19 24 -1 13 -5 23 16 -10 18 -4 29 -21 -19 -20 -9 -6 -11 -13 -28 -25 -8
right_child=1 5 8 12 10 -7 9 14 15 25 -12 26 -14 -15 -16 -17 -18 21 22 20 -22 -23 -24 28 -26 -27 27 -29 -30 -31
leaf_value=-0.081132960402650944 -0.0036344820615421057 0.13141474107411988 0.099929906604223503 -0.047460329922064615 0.028789506661603403 0.14322937085027773 0.099445505458039637 0.098164231908441174 0.034567721313079183 0.029088708407305854 0.064974436946225178 -0.030004461339444923 -0.14402495394980172 0.091908548656798081 -0.11293160116313383 0.09819009027408554 -0.15535371226954298 0.085508312119247171 0.089602898862936473 0.052329132277886686 -0.11370649370729216 0.1339758269904861 -0.096976084493785739 0.091940792343680008 -0.038493514295602348 0.11522711591454492 -0.0092171109358432889 0.14314769443198763 0.0057543017427754981 0.04985068551912613
leaf_weight=213.77763666389365 201.84443850528987 2056.3665140264966 634.14874162295382 163.89745112489618 260.94874285523838 2694.8364821435753 445.39389016548375 396.28298422485386 145.56424574672928 56.678029794289614 465.65573817744735 172.17539138951906 49.261226888869714 43.428811841276911 16.708160527246946 133.72840632616135 16.73421922356647 250.14600593944488 21.126043719312293 63.606393230438698 27.131804804841522 978.3867574956239 32.442276846562891 94.544264483061852 141.35195025181019 1406.0424266568734 42.320149814593606 32.812400914172031 122.53853513571084 247.86891116340848
leaf_count=38274 36160 20769 10627 6307 21101 21415 8559 8595 5440 3696 21568 21616 883 969 2512 1039 797 11219 135 1747 453 8340 1076 2099 14468 14407 5675 1306 3890 5964
internal_value=0 0.11086 0.0802676 0.0319667 0.010627 0.12529 0.114056 0.0549067 0.104033 0.0981676 0.0372452 -0.0394796 -0.0424105 -0.0182666 0.0736605 0.0525726 0.0149854 0.111983 0.0903239 0.0725666 0.0026825 0.124107 -0.0233939 0.0787432 0.00514901 0.111889 -0.00347373 0.0573247 0.0432904 0.0817134
internal_weight=0 10298.7 3300.78 1088.51 1329.04 6997.92 4303.09 831.918 2212.28 2246.72 867.956 461.086 256.587 207.326 630.074 296.027 162.298 1916.25 687.717 784.001 90.7382 1228.53 53.5683 613.366 402.301 1462.72 247.308 75.1326 217.083 693.263
internal_count=301106 177098 100088 61415 124008 77010 55595 53256 38673 34826 57137 66871 8159 7276 17096 7276 6237 31397 11838 16723 2200 19559 1211 14584 35569 18103 28597 6981 5989 14523
is_linear=0
shrinkage=0.1


Tree=2
num_leaves=31
num_cat=5
split_feature=157 157 168 13 157 170 171 157 157 170 170 11 166 237 4 237 13 166 160 90 237 67 170 13 237 237 121 2 160 67
split_gain=3711.13 562.886 248.511 216.403 165.221 162.519 151.56 153.081 136.299 135.512 119.095 82.0715 78.1078 52.3112 49.6492 48.0406 47.2498 42.5289 42.2117 53.3502 42.0407 39.4337 38.4165 35.255 32.6238 32.4617 29.9686 29.949 35.9593 36.3214
threshold=0.52558058500289928 0.56940105557441723 3.1908861398696904 0.010528649203479292 0.42969046533107763 0.48726831376552587 0.33477982878685003 0.62362465262413036 0.68542924523353588 0.54824271798133861 0.52633789181709301 0.026966428384184841 0.86321228742599498 0 0.12034482508897783 1 0.048980407416820533 0.91069564223289501 1.0000000000000002 1.5723809599876406 2 4.8022503852844247 0.52235314249992382 0.019769410602748397 3 4 0.0075638671405613431 0.10432213917374612 1.0000000000000002 2.9728167057037358
decision_type=2 2 2 8 2 2 2 2 2 2 2 8 2 9 8 9 10 2 2 2 9 2 2 8 9 9 2 10 2 2
left_child=4 2 22 24 -1 11 7 9 16 18 15 -6 -7 -14 -11 -4 27 25 -5 -20 -13 -21 -2 -17 -3 -12 -16 28 -8 -30
right_child=1 3 10 6 5 12 8 -9 -10 14 17 20 13 -15 26 23 -18 -19 19 21 -22 -23 -24 -25 -26 -27 -28 -29 29 -31
leaf_value=-0.10882412558795895 -0.005538408987710121 0.055573999253485433 0.032629372972734119 0.14343197551958273 -0.050664743930758149 -0.085459875138295102 0.087021618330973619 0.15329439851499604 0.13361032767882647 0.097540286648929025 0.032841271460866898 -0.01775127243713252 0.02477643847614646 -0.056362582301090862 0.07146743046595333 0.019342478637041364 0.10349061100710044 0.062966108572746635 -0.026767619642000723 0.12184629053089172 0.053857706982006814 -0.031489901263046183 -0.089688188852042466 0.11109672561741646 -0.045231792899520222 -0.03967403890657388 -0.0056913936824430607 -0.008883771383982492 0.051764550055629556 -0.051618357900489881
leaf_weight=379.83878515742981 118.48302299568604 40.561321334695094 146.91698523890227 1185.0654284312404 166.94440350460354 528.70475685362908 248.85694245922787 2185.3881712884177 561.30005688258098 539.87515906788758 120.91709136311692 114.69500083151797 133.98684562532435 174.41013515325903 123.82838333740074 44.744838328377227 268.3495803452679 186.08430527581368 26.180040827879566 747.74626139030443 268.26819305820391 17.156575259985402 100.07349709389382 653.2154777116084 79.290478833368979 106.84156185818574 84.817358695770963 70.126374458544888 168.40376624744385 42.57464184561104
leaf_count=73164 9840 2595 3293 6371 19473 70523 2609 8804 2197 4459 4690 8004 5454 10815 2354 2285 1181 2160 385 4451 11994 345 13829 6712 11832 5850 2356 879 1971 459
internal_value=0 0.109991 0.0543601 0.122853 -0.0503891 -0.0343864 0.125397 0.133579 0.0958508 0.117765 0.0714508 0.00784713 -0.0621303 -0.0221349 0.0815295 0.0929788 0.0693017 0.0275006 0.131491 0.113603 0.0333541 0.118407 -0.0440692 0.103728 -0.0102533 -0.00147565 0.0401013 0.0519899 0.0612733 0.0309023
internal_weight=0 7866.8 1477.28 6389.52 1766.85 1387.01 6269.67 4910.06 1359.61 2724.67 1258.72 549.908 837.102 308.397 748.521 844.877 798.311 413.843 1976.15 791.083 382.963 764.903 218.557 697.96 119.852 227.759 208.646 529.962 459.835 210.978
internal_count=301334 101907 48659 53248 199427 126263 38821 29525 9296 20721 24990 39471 86792 16269 9169 12290 7099 12700 11552 5181 19998 4796 23669 8997 14427 10540 4710 5918 5039 2430
cat_boundaries=0 2 4 6 8 10
cat_threshold=289450061 1048756 2685534496 739599 273400370 2007963 84414834 295168 5349792 581632
is_linear=0
shrinkage=0.1


Tree=3
num_leaves=31
num_cat=2
split_feature=157 157 170 13 13 157 170 157 170 11 74 13 168 166 10 166 170 13 168 147 170 234 157 166 156 234 12 157 13 12
split_gain=3286.6 459.878 222.935 220.735 135.862 119.398 150.731 102.169 140.83 67.3918 58.3741 51.5456 48.2719 43.5415 40.3007 38.416 35.0401 34.6847 34.2484 32.5686 29.7726 29.7514 28.9412 28.7672 27.9685 29.4534 27.0696 23.0177 22.9475 22.824
threshold=0.52558058500289928 0.56940105557441723 0.52633789181709301 0.010528649203479292 0.019769410602748397 0.45346119999885565 0.48726831376552587 0.62362465262413036 0.52838417887687694 0.027907580137252811 0.39471396803855902 0.032316081225872047 3.2755893468856816 0.8878503441810609 192.50000000000003 0.69948154687881481 0.52838417887687694 0.025105042383074764 3.0737138986587529 0.0049507718067616233 0.44583775103092199 0 0.42538760602474218 0.86321228742599498 0.25116822123527532 1 77.500000000000014 0.65620106458663952 0.0072203108575195083 147.50000000000003
decision_type=2 2 2 8 8 2 2 2 2 8 2 10 2 2 8 2 2 10 2 2 2 1 2 2 2 1 8 2 10 10
left_child=5 2 4 28 -2 20 9 8 18 -7 14 15 -6 -4 17 -10 23 19 29 -9 22 -14 -1 -8 26 -26 -20 -16 -3 -5
right_child=1 3 13 7 12 6 16 10 11 -11 -12 -13 21 -15 27 -17 -18 -19 24 -21 -22 -23 -24 -25 25 -27 -28 -29 -30 -31
leaf_value=-0.08658222753842712 -0.051801038723743337 -0.083918613709965187 -0.055494058991635981 0.031093686684255994 0.029224352911897053 -0.053478516895967089 -0.074800517615537868 -0.015053493663075266 -0.0029616884646360216 0.042387480389629827 0.09941276616223288 0.087305426363764038 0.0085216325739292508 0.026333736957217069 0.13041062272075576 0.072810598798352874 -0.10441564413023281 0.12111462278016519 0.013988044639382727 0.10542232332212793 -0.10778131355886651 0.10193600025199222 0.01400957453681655 -0.011352223096370871 0.06557509043999836 0.12397991252689287 0.14258526110530464 0.14853648915869042 0.025774393582748214 0.10512759829000316
leaf_weight=85.44574671817827 78.037170066607359 53.262459140431019 187.48135837815789 64.2903091594344 125.18120051144797 103.80015756400098 181.75209781071317 39.498404980637133 137.88360396679491 249.79996465359 544.65708654763876 549.68753682523675 50.034125409583794 99.561268153702258 1396.8576228001912 129.98930935695535 193.91424549436488 436.72539248675457 16.76593518559821 51.952788330090698 429.77047408075668 637.15146495886438 42.992989423539257 117.75798115926591 198.53744158189511 661.57470796030248 691.1661274866201 1405.5273801814183 29.70862018794287 118.20482601661934
leaf_count=17328 8876 12699 23092 1514 6093 14260 28667 526 5203 13067 3123 7235 1546 2699 3783 2071 33324 3218 456 492 80932 6235 3956 7682 1656 3561 2041 3091 1681 962
internal_value=0 0.107047 0.0495252 0.117425 0.074231 -0.0592495 -0.0355861 0.119512 0.104043 0.0142458 0.129763 0.069777 0.0863378 -0.0271119 0.134726 0.0338079 -0.0712969 0.109388 0.120047 0.053388 -0.0951561 0.0967419 -0.0529106 -0.0498546 0.124819 0.112702 0.13954 0.139502 -0.0446419 0.0790466
internal_weight=0 7703.74 1177.45 6526.29 890.404 1405.23 847.024 6443.32 2568.1 353.6 3875.22 817.56 812.367 287.043 3330.56 267.873 493.424 528.177 1750.54 91.4512 558.209 687.186 128.439 299.51 1568.04 860.112 707.932 2802.39 82.9711 182.495
internal_count=301069 101853 48541 53312 22750 199216 97000 38932 24699 27327 14233 14509 13874 25791 11110 7274 69673 4236 10190 1018 102216 7781 21284 36349 7714 5217 2497 6874 14380 2476
cat_boundaries=0 1 2
cat_threshold=3080 1178
is_linear=0
shrinkage=0.1


Tree=4
num_leaves=31
num_cat=3
split_feature=157 13 157 170 157 170 234 157 163 168 170 237 11 157 168 168 170 237 92 160 170 157 92 168 157 201 157 156 170 11
split_gain=2609.41 336.5 248.592 227.268 93.7927 101.35 74.4109 71.9545 69.7064 66.768 66.4333 51.771 41.2321 36.7218 36.3588 35.8001 30.0248 29.7481 28.9267 27.2075 25.8052 25.6523 25.3047 25.0439 24.5092 24.4367 22.0531 21.2096 20.8151 20.7609
threshold=0.52558058500289928 0.010528649203479292 0.57498887181282055 0.52633789181709301 0.45346119999885565 0.48726831376552587 0 0.65620106458663952 -0.5460316240787505 3.264127373695374 0.53138658404350292 1 0.012007002253085377 0.63753709197044384 3.3200446367263798 3.5031641721725468 0.47643180191516882 2 0.91001641750335704 1.0000000000000002 0.42745165526866918 0.55918172001838695 0.91727572679519664 3.9603996276855473 0.62362465262413036 -0.077195715159177766 0.62362465262413036 0.41421362757682806 0.53138658404350292 0.018561584874987606
decision_type=2 8 2 2 2 2 1 2 2 2 2 9 8 2 2 2 2 9 2 2 2 2 2 2 2 2 2 2 2 8
left_child=4 -2 3 9 20 11 8 10 13 17 18 -6 -12 23 -13 -5 -11 -3 29 -18 -1 -17 27 -4 -24 -21 -10 -14 -7 -8
right_child=1 2 6 15 5 28 7 -9 26 16 12 14 22 -15 -16 21 19 -19 -20 25 -22 -23 24 -25 -26 -27 -28 -29 -30 -31
leaf_value=-0.032641250598255608 -0.059737784502513692 -0.036675317920264273 0.023342124768027495 -0.048105081476146255 -0.04879239117429119 -0.046277131472074393 0.071146461406491696 0.13685035337668092 -0.058938573524300077 0.1223438154717524 -0.018876323796529954 -0.019036201351227258 0.092559841204834278 0.10734626832452557 0.06401533435154301 -0.019367467990938511 0.099454891772485232 0.052987845490753263 0.13490624627383282 -0.033163345235855214 -0.096600129919618055 0.069740076418164751 0.086125688480547677 0.092240697688516837 0.128510511771943 0.068274697108155355 0.040665182800624769 0.049936590049217973 -0.091510000767707322 0.11570260432247936
leaf_weight=74.24181001370016 126.06517599722429 48.156023402436404 99.204363603203092 147.59542339242762 95.995025257288944 279.68230147694703 115.75650548929116 1633.454301599646 27.647896309674252 313.5234285640181 32.643870650499593 79.012572880543303 406.72322730126325 719.7114937233855 158.36274920479627 66.438615846505854 404.26750434722635 103.38157827348914 929.4550174633041 27.313815913279541 419.65707332981401 62.886897850083187 239.26025153294904 112.68125840090215 317.43711891828571 181.95194641023409 113.41402606613701 163.746456790308 159.8979492791259 1082.673842497752
leaf_count=11579 27376 3758 1825 15505 10616 38234 1743 3613 1633 2332 2395 9171 3764 2580 7686 4016 4061 4383 3260 764 90276 1581 3856 475 1039 2588 2257 2556 31311 4477
internal_value=0 0.102257 0.105036 0.0663621 -0.0529468 -0.0311965 0.113782 0.119453 0.0858537 0.0871096 0.111172 0.0103842 0.0919179 0.0965737 0.0349006 -0.0144485 0.0971687 0.0255709 0.121667 0.0843039 -0.086986 0.0239627 0.0951267 0.0599825 0.110294 0.0550348 0.021143 0.0803253 -0.0627307 0.111399
internal_weight=0 7475.39 7349.32 1355.52 1266.85 772.951 5993.81 4921.15 1072.66 1078.59 3287.7 333.37 1159.81 931.597 237.375 276.921 927.057 151.538 2127.89 613.533 493.899 129.326 1127.17 211.886 556.697 209.266 141.062 570.47 439.58 1198.43
internal_count=300710 101837 74461 38988 198873 97018 35473 26703 8770 17886 23090 27473 13610 4880 16857 21102 9745 8141 9480 7413 101855 5597 11215 2300 4895 3352 3890 6320 69545 6220
cat_boundaries=0 1 3 5
cat_threshold=8 2154496552 2089867 2188280384 4927915
is_linear=0
shrinkage=0.1


Tree=5
num_leaves=31
num_cat=2
split_feature=157 13 157 157 168 171 168 166 166 171 157 157 157 234 157 163 79 181 9 234 86 10 10 168 188 1 10 222 162 86
split_gain=1934.19 282.763 176.435 85.3068 81.6002 78.0819 67.6607 66.5512 61.3669 49.32 41.9792 40.7331 27.582 25.7932 22.24 22.1221 21.3388 21.2384 33.1602 23.2477 20.624 20.216 19.9034 19.2799 18.9235 17.9819 17.9404 17.5849 17.5551 26.8578
threshold=0.52558058500289928 0.010528649203479292 0.58098056912422191 0.45346119999885565 3.264127373695374 0.44739343225955969 3.3200446367263798 0.85254395008087169 0.8878503441810609 0.33477982878685003 0.56940105557441723 0.61261695623397838 0.68542924523353588 0 0.63753709197044384 0.31647019088268286 0.53197279572486889 -0.090770930051803575 0.0311805559322238 1 -1.0848382115364072 192.50000000000003 355.50000000000006 3.047250628471375 -0.13350950926542279 0.012372449040412905 117.50000000000001 0.015346050262451174 47.887002944946296 -1.0273787379264829
decision_type=2 8 2 2 2 2 2 2 2 2 2 2 2 1 2 2 2 2 10 1 2 10 8 2 2 10 10 2 2 2
left_child=3 -2 4 -1 10 8 -5 12 11 17 -3 16 26 -8 -9 27 20 -6 19 -19 24 -12 -21 -22 -4 -11 -7 -13 29 -16
right_child=1 2 5 6 9 7 13 14 -10 25 21 15 -14 -15 28 -17 -18 18 -20 22 23 -23 -24 -25 -26 -27 -28 -29 -30 -31
leaf_value=-0.076162959224334137 -0.063536609598182303 -0.0068383811450627996 -0.15791082489263325 -0.058264544711331481 0.11016501253840499 -0.078792954524588663 0.027770647077337642 0.049032639571459015 0.12788127621694212 -0.054568348365510846 0.01225181193751781 0.10643989571198142 0.067798368423519648 -0.020110839046344267 0.077315649717727947 0.079849757922172693 0.012491613157501675 0.050328913709457981 -0.063040478541860942 0.074667072720210642 0.052746389806041107 0.089458680488332956 0.10989561611805149 0.099536139392255849 0.048674421179288198 0.045795485506472257 0.01677601371070547 0.12657511496024829 0.10460849692298116 -0.12798549900061162
leaf_weight=453.28952220887368 108.82793992367806 179.56924842741864 4.848638823372311 288.30400328638643 283.69487009823206 30.713956102612428 218.2328389121285 99.096572259091772 1701.8622341515147 32.139408194161661 50.325784732311149 971.26556533959229 67.796953213575762 212.48348275518219 31.260336742503569 194.05026362962963 37.866190549451858 280.89498608857684 16.162112533900654 290.23973107489292 101.18307799707691 103.99776841641869 358.43109741099761 679.27835608103487 51.858816160005517 40.156899796915241 54.492336018913193 783.72803609690163 567.08460465993267 8.0036647737724689
leaf_count=102198 27346 17902 114 52770 2971 1987 17556 1251 4096 1866 2513 4415 1126 26493 59 3111 1111 7737 506 4498 2514 1049 2707 6020 723 891 1342 2471 1590 51
internal_value=0 0.0964194 0.0988991 -0.0421884 0.0701349 0.107637 -0.02077 0.0799862 0.112881 0.0814472 0.0260327 0.103842 0.0201999 0.00432731 0.0929532 0.111889 0.0859181 0.0861674 0.0789687 0.0814378 0.0892393 0.0642811 0.0927039 0.0934701 0.0310108 0.00117863 -0.0176733 0.115432 0.100131 0.0354666
internal_weight=0 7128.83 7020 1172.31 1635.61 5384.39 719.02 858.448 4525.94 1301.72 333.893 2824.08 153.003 430.716 705.445 1949.04 875.035 1229.42 945.728 929.566 837.169 154.324 648.671 780.461 56.7075 72.2963 85.2063 1754.99 606.349 39.264
internal_count=300984 101967 74621 199017 42640 31981 96819 7406 24575 21176 21464 20479 4455 44049 2951 9997 10482 18419 15448 14942 9371 3562 7205 8534 837 2757 3329 6886 1700 110
cat_boundaries=0 1 2
cat_threshold=2662 1288
is_linear=0
shrinkage=0.1


Tree=6
num_leaves=31
num_cat=0
split_feature=13 10 13 163 158 86 160 163 86 158 13 10 66 158 168 171 107 86 217 10 171 86 143 161 168 164 10 13 10 171
split_gain=507.445 156.588 147.928 81.5182 61.1381 54.7368 40.7006 38.8255 55.472 36.3615 29.9887 28.4615 29.8666 27.7652 24.856 24.7336 24.0446 22.8783 21.232 21.0204 19.9561 19.9407 16.3256 17.0213 16.2343 23.6713 15.8768 17.1903 15.3694 21.8559
threshold=0.010528649203479292 117.50000000000001 0.040365440770983703 0.24891436845064166 0.29166667163372045 -0.79820320010185231 1.0000000000000002 -0.71915128827095021 -0.84780490398406971 0.29166667163372045 0.020654105581343177 1073.5000000000002 9.2156176567077654 0.22500000149011615 3.1908861398696904 0.33477982878685003 0.049174170941114433 -0.84780490398406971 -0.039705250412225716 567.50000000000011 0.52647387981414806 -1.2518978118896482 -0.021061802282929417 3.430776953697205 3.0737138986587529 4.8322978019714364 522.00000000000011 0.051021736115217216 730.50000000000011 0.62672722339630138
decision_type=8 8 10 2 2 2 2 2 2 2 8 8 2 2 2 2 2 2 2 10 2 2 2 2 2 2 10 10 10 2
left_child=-1 5 3 4 6 13 10 -8 -9 21 19 15 24 -2 -15 -6 -16 18 -5 -3 -12 -4 -10 -24 25 -13 27 -23 29 -11
right_child=1 2 9 17 11 -7 7 8 22 28 20 12 -14 14 16 -17 -18 -19 -20 -21 -22 26 23 -25 -26 -27 -28 -29 -30 -31
leaf_value=-0.07644739707126022 -0.022594321757547716 0.011072133790319906 0.030113203205644659 0.030033560816568279 0.083979695074233474 0.06574579700964836 0.064332019410930391 -0.032177200305494806 0.10619473102207717 0.10683962776394645 0.085970197308009089 -0.00032067057849396942 -0.028765953992026985 -0.022398687930385137 0.065831209248734965 0.041660708486000966 -0.052926457086134984 0.036235280073544311 -0.079029671790341829 0.077943344359591521 0.033271817880420426 0.058018492096552077 0.070175433192747147 0.00053716213961905025 0.11076215528432345 0.10349121896447773 0.10401909444906468 0.090269639479471156 0.12724654509008512 0.025636265489936284
leaf_weight=210.13308375093038 152.21046291843231 115.7969006011117 54.850785575225018 29.115953049040399 789.42169277221547 338.84923244503443 386.35976260497409 132.71141383465147 43.481925806889194 1424.7895500976592 833.78403244636138 33.968733096728101 17.00529074476799 60.634936186383129 149.23654563279706 167.39228018441645 19.247716463200049 99.560589962740778 46.130874890615814 79.128565320075722 78.6360360278195 207.00519014513702 71.676149902006728 68.780452737351879 667.32770456478465 62.155931097106077 621.40216658155259 819.72498426563106 392.32713179138955 33.934605087386444
leaf_count=72871 24991 5462 1643 2940 15007 26707 10634 7329 763 14321 22885 1691 543 9263 10064 2696 3051 9328 7692 2893 1913 5951 1825 3255 8305 1280 7131 16685 1752 77
internal_value=0 0.0809798 0.0853822 0.0714502 0.0747351 0.0364998 0.0618752 0.0430569 0.0170981 0.0999743 0.0738221 0.088136 0.102308 0.0105118 0.0325052 0.0765761 0.0522643 0.00478443 -0.0368288 0.038218 0.0814284 0.0894289 0.0526502 0.0360741 0.105228 0.066806 0.0914029 0.0837673 0.109676 0.104951
internal_weight=0 7996.65 7276.47 3722.43 3547.63 720.179 1810.36 703.01 316.65 3554.03 1107.35 1737.27 780.458 381.33 229.119 956.814 168.484 174.807 75.2468 194.925 912.42 1702.98 183.939 140.457 763.452 96.1247 1648.13 1026.73 1851.05 1458.72
internal_count=300948 228077 154001 106441 86481 74076 56959 23806 13172 47560 33153 29522 11819 47369 22378 17703 13115 19960 10632 8355 24798 31410 5843 5080 11276 2971 29767 22636 16150 14398
is_linear=0
shrinkage=0.1


Tree=7
num_leaves=31
num_cat=4
split_feature=156 13 168 156 10 10 237 13 171 163 10 237 13 92 6 163 8 156 86 237 156 6 237 166 96 155 131 10 170 218
split_gain=845.935 292.163 118.18 97.7414 88.8205 62.5541 53.8636 52.5791 34.6664 36.5972 30.9369 30.0437 24.7704 23.3217 21.9982 21.796 21.323 20.9464 20.5308 19.2606 18.2135 17.9801 15.9583 15.5534 14.8272 13.9632 13.7745 13.6184 13.2835 13.6655
threshold=0.097693528980016722 0.010528649203479292 3.047250628471375 0.025751547887921337 117.50000000000001 293.50000000000006 0 0.041281513869762428 0.33477982878685003 0.24891436845064166 567.50000000000011 1 0.020654105581343177 0.91445022821426403 1.0000000180025095e-35 -0.5460316240787505 0.19935282319784167 0.31726674735546118 -0.96707141399383534 2 0.41421362757682806 0.14222503453493121 3 0.8878503441810609 -0.005387040087953209 0.040585728362202651 -0.03858069330453872 730.50000000000011 0.47643180191516882 -0.10128793492913245
decision_type=2 8 2 2 8 10 9 10 2 2 8 9 10 2 10 2 8 2 2 9 2 10 9 2 2 2 2 10 2 2
left_child=3 -2 5 -1 14 11 23 8 9 10 12 -3 18 16 -4 -10 -8 22 -6 -11 -13 -16 -7 -5 -23 -14 -27 -9 -12 -30
right_child=1 2 4 6 7 17 13 27 15 19 28 20 25 -15 21 -17 -18 -19 -20 -21 -22 24 -24 -25 -26 26 -28 -29 29 -31
leaf_value=-0.090686331186420222 -0.059685431479898757 0.044536049349908582 -0.00012545325920641781 -0.051027088852563775 -0.025352344252804072 -0.036768757262080336 -0.043327183219686531 0.10094102993512376 0.06831820576919076 0.057848605103036334 0.11782950297794154 -0.045018954896977784 0.086482310557302586 0.054484315973829328 0.075202015295019173 0.00038985576933635904 0.025686260066818407 0.093747448508397294 0.064112855290984913 -0.031806277645422702 0.027133514033219674 0.05284957248870116 0.055439523088312508 -0.0015167011215462011 -0.019871017545054631 -0.17179195721889662 0.049482554568828691 0.11640913636803402 0.039930149063554944 0.098274826577529117
leaf_weight=166.43216396898788 135.53841478822869 151.70758657252009 73.745189210560056 208.02126659661008 38.57307389669586 17.78646432957612 69.674500001099659 2564.0115549672337 392.60349366470473 51.80057923780987 376.77352657320444 94.009154222876532 649.04371882678242 140.30194871402637 249.450703154027 53.696818994707428 125.24578080652282 240.51031461753882 76.565603940340225 32.925996427453356 55.72319898076239 85.516666003357386 121.20024078595452 91.297448637909838 41.714467735713697 4.0078916557831681 9.4384961237083171 731.59036644408479 41.771487409248948 1030.4065657195752
leaf_count=41726 45136 10029 10752 37550 1166 1120 12008 21837 4966 3132 5114 11318 9084 12667 10955 2241 11805 2449 1824 4617 2603 6075 3813 8370 4782 133 127 2892 676 10147
internal_value=0 0.0857676 0.0885116 -0.0224774 0.0926616 0.048875 -0.004587 0.0958494 0.0856608 0.0905877 0.0930423 0.0148673 0.0769522 0.0227174 0.0498206 0.0601454 0.00101732 0.0758879 0.0341408 0.0260811 -0.0170299 0.0595989 0.0449828 -0.0347641 0.0290071 0.0843927 -0.0164715 0.104375 0.101678 0.0960017
internal_weight=0 7320.11 7184.57 800.973 6503.64 680.937 634.541 6053.21 2757.61 2311.31 2226.58 301.44 777.629 335.222 450.427 446.3 194.92 379.497 115.139 84.7266 149.732 376.682 138.987 299.319 127.231 662.49 13.4464 3295.6 1448.95 1072.18
internal_count=301114 176988 131852 124126 100520 31332 82400 67956 43227 36020 28271 23950 12334 36480 32564 7207 23813 7382 2990 7749 13921 21812 4933 45920 10857 9344 260 24729 15937 10823
cat_boundaries=0 2 4 6 8
cat_threshold=2352976152 5890507 1503756347 4215908 21301636 4356096 2214985728 1126433
is_linear=0
shrinkage=0.1


Tree=8
num_leaves=31
num_cat=4
split_feature=157 157 170 157 170 171 168 168 157 237 170 237 170 157 157 160 157 168 237 93 170 163 11 170 157 167 92 49 237 157
split_gain=1414.97 184.642 144.95 108.996 110.309 61.5774 53.0841 50.6292 48.8775 48.3172 41.3735 38.1596 32.8512 28.5572 27.5668 27.3789 24.3831 22.1724 21.7214 21.6292 21.5504 26.2313 21.0064 18.9213 18.8783 18.8116 18.6222 17.4208 16.6023 15.8651
threshold=0.52938795089721691 0.59515219926834118 0.52633789181709301 0.45346119999885565 0.48147568106651312 0.33477982878685003 3.1861792802810673 3.4076601266860966 0.65620106458663952 0 0.53612041473388683 1 0.52633789181709301 0.65620106458663952 0.49699012935161596 1.0000000000000002 0.56414920091629039 3.1861792802810673 2 0.30615940690040594 0.47976209223270422 -0.095191031694412218 0.014846652746200563 0.45127125084400183 0.39967305958271032 2.5000000000000004 0.90852540731430065 1.0000000180025095e-35 3 0.62362465262413036
decision_type=2 2 2 2 2 2 2 2 2 9 2 9 2 2 2 2 2 2 9 2 2 2 10 2 2 2 2 2 9 2
left_child=3 2 9 23 11 8 29 22 10 -2 26 -5 14 19 -6 -12 -9 -13 -16 -8 -11 -22 -4 24 -1 -17 -3 -27 -23 -7
right_child=1 5 7 4 12 6 13 16 -10 20 15 17 -14 -15 18 25 -18 -19 -20 -21 21 28 -24 -25 -26 27 -28 -29 -30 -31
leaf_value=-0.067914727905892341 0.02114870070508032 0.10005314837078934 -0.0512156780040708 -0.014027077329385771 -0.039700792919272539 -0.091278680396148448 0.068635328536526291 0.0078426221579882046 0.12410505009070992 0.10455789306310544 0.095288342083404781 -0.012305807800233107 -0.063641029287323236 0.10058024773393731 0.044574136921832513 0.064762115521752248 0.068050776112507233 0.078670577559070184 -0.023331473528659732 -0.029248172682351182 0.086705386280262697 0.064846030848278141 0.011176903753963323 -0.075717810882856562 0.011351640457345623 -0.074392957476287339 0.12350271379792017 0.088204518725069708 -0.0052067101837537854 0.026782243796177552
leaf_weight=61.550633817809285 140.83845241961535 781.59726506524021 78.360393313545501 86.024212675125455 175.00286946486449 12.996071867120916 145.50695280884975 93.473606919753365 1376.3939907639287 560.30778133259446 482.71143633127213 30.856915076845326 185.71042959726765 507.0359761393338 99.506955408767681 239.08815251737542 239.88219484085857 203.20138281925756 75.942787147287163 26.720110313297482 844.34924553259043 84.314064538120874 173.30820751120336 321.5343711013702 58.700201235769782 19.63022074275068 597.58352416177513 9.9187984749441984 58.416052490734728 91.666384132200619
leaf_count=14821 6236 5452 14903 10389 24665 1569 2004 5684 4265 6023 5976 4556 37254 2509 8160 3607 3950 7974 8468 686 7172 3360 10189 77688 9311 984 2402 193 5446 4375
internal_value=0 0.0915455 0.0685032 -0.0227198 -0.0019051 0.103753 0.0784156 0.0256075 0.109417 0.083368 0.099928 0.0445489 -0.0296375 0.0886302 -0.0116185 0.0810478 0.0511683 0.0639448 0.0163922 0.0534492 0.0883235 0.080003 -0.00824986 -0.0630617 -0.029221 0.0554591 0.110214 -0.0198134 0.0403536 0.0121225
internal_weight=0 6564.1 2273.25 1298.03 856.246 4290.85 783.925 585.024 3506.92 1688.23 2130.53 320.083 536.163 679.263 350.453 751.349 333.356 234.058 175.45 172.227 1547.39 987.079 251.669 441.785 120.251 268.637 1379.18 29.549 142.73 104.662
internal_count=300271 96985 62963 203286 101466 34022 11143 34726 22879 28237 18614 22919 78547 5199 41293 10760 9634 12530 16628 2690 22001 15978 25092 101820 24132 4784 7854 1177 8806 5944
cat_boundaries=0 2 4 6 8
cat_threshold=2684485632 4800782 2169209384 6256011 1833265493 1090064 268558382 1085952
is_linear=0
shrinkage=0.1


Tree=9
num_leaves=31
num_cat=2
split_feature=157 157 170 157 170 157 171 171 168 13 237 11 157 157 8 1 171 157 168 170 170 8 237 66 193 168 170 92 127 157
split_gain=1100.37 160.19 116.592 101.993 107.626 64.0245 61.4871 56.1959 40.362 38.2016 36.1651 32.2581 26.1475 23.9478 23.8462 23.4567 22.2937 22.2599 20.3742 25.3171 20.2649 19.9644 18.5962 18.4801 18.357 17.8017 17.5685 17.0224 16.4 16.1341
threshold=0.52938795089721691 0.61261695623397838 0.53612041473388683 0.45346119999885565 0.48147568106651312 0.56414920091629039 0.33477982878685003 0.33477982878685003 3.1285945177078252 0.020654105581343177 0 0.014846652746200563 0.68542924523353588 0.49699012935161596 0.21150211989879611 0.14434523880481723 0.06923586875200273 0.56414920091629039 3.4447120428085332 0.51890456676483165 0.42745165526866918 0.19935282319784167 1 1.573546350002289 -0.055846193805336945 3.1908861398696904 0.54584556818008434 0.89767503738403331 -0.066854141652584062 0.42538760602474218
decision_type=2 2 2 2 2 2 2 2 2 8 9 8 2 2 10 10 2 2 2 2 2 10 9 2 2 2 2 2 2 2
left_child=3 2 7 20 10 -4 12 9 -8 22 25 -7 18 -6 -9 17 -13 -11 19 -3 29 -15 -2 -21 28 -5 -23 -19 -10 -1
right_child=1 6 5 4 13 11 8 14 24 15 -12 16 -14 21 -16 -17 -18 27 -20 23 -22 26 -24 -25 -26 -27 -28 -29 -30 -31
leaf_value=-0.032024657790296333 -0.0062585746286757411 0.11462470701948087 -0.026079718046843177 0.0015594187322207432 -0.045418375850481592 -0.053613787929499251 0.0017264296588891444 -0.035844412673526796 -0.14891267357069118 0.078066406500044191 0.0025975066966053032 0.065309363482354513 0.12954037200377716 -0.029650921017487692 0.064785938782644215 0.020855731211085936 -0.0011367150035826504 0.085257935960491527 0.11547050726584376 0.10216515562132844 -0.063175766015163559 0.046251885861164972 0.063100835854409801 0.069012615427597609 0.094318735629087685 0.086749536644614322 -0.044919102484474532 0.10930454037837296 0.059533507309939185 0.081856680553283448
leaf_weight=46.909617603676452 61.402047411116655 462.08668014680734 134.15992336666386 28.059525972043048 237.27053127546969 27.622982545377454 62.744794664962683 53.47598313477647 3.8797782849287605 696.54773028133786 119.47683513395896 428.57862329040654 597.88693763699848 123.49714086481254 42.077392756589688 46.911413190391613 57.238254729338223 469.20260039210552 1144.8326659249433 311.35322822676972 343.55766869218496 99.515335756339482 113.42501513261232 365.54332529730164 522.28120694216341 194.96196955911 26.835480908499449 790.10178510457627 139.07458004742512 16.930631530092796
leaf_count=9902 6188 2776 17410 4120 43022 6397 4514 4517 19 11255 12774 9404 1526 22551 686 1390 1965 3393 3680 1602 90744 7958 5875 5320 3267 6334 5110 4403 1526 1668
internal_value=0 0.0902751 0.0728637 -0.0125858 0.00753605 0.0354313 0.104363 0.0835279 0.0783965 0.0868215 0.0504906 0.0515039 0.110923 -0.0226657 0.00846865 0.0907348 0.0574808 0.0924108 0.106049 0.0965801 -0.0535616 -0.00105847 0.041992 0.0842618 0.0856279 0.0727685 0.0268882 0.100345 0.0538763 -0.00182297
internal_weight=0 6530.43 2920.74 1237.01 829.617 647.6 3609.68 2273.14 727.98 2177.59 342.498 513.44 2881.7 487.118 95.5534 2002.76 485.817 1955.85 2283.82 1138.98 407.398 249.848 174.827 676.897 665.236 223.021 126.351 1259.3 142.954 63.8402
internal_count=301296 97113 72883 204183 101869 35176 24230 37707 9326 32504 23228 17766 14904 78641 5203 20441 11369 19051 13378 9698 102314 35619 12063 6922 4812 10454 13068 7796 1545 11570
cat_boundaries=0 2 4
cat_threshold=1588870613 34884 217884814 1573040
is_linear=0
shrinkage=0.1


Tree=10
num_leaves=31
num_cat=5
split_feature=157 157 170 170 157 11 157 170 237 171 237 13 171 157 157 237 92 170 157 121 170 160 168 166 237 170 65 74 237 219
split_gain=823.351 153.81 108.774 90.5767 81.0352 61.3592 52.2258 68.0182 44.5675 39.8213 37.4613 32.6791 30.6735 28.6886 27.1424 26.2753 25.3158 21.8803 19.9072 19.4252 19.4044 18.818 17.6549 17.441 17.104 17.0897 19.6859 16.5617 15.8905 15.7897
threshold=0.51805251836776745 0.56414920091629039 0.52633789181709301 0.48147568106651312 0.41610345244407659 0.0072781592607498178 0.62362465262413036 0.52633789181709301 0 0.44739343225955969 1 0.057443765923380859 0.33477982878685003 0.47572375833988195 0.68542924523353588 2 0.90688160061836254 0.47976209223270422 0.68542924523353588 -0.072521593421697603 0.48147568106651312 1.0000000000000002 3.3200446367263798 0.59378194808959972 3 0.54824271798133861 4.5000000000000009 0.43614129722118383 4 -0.003813373856246471
decision_type=2 2 2 2 2 8 2 2 9 2 9 10 2 2 2 9 2 2 2 2 2 2 2 2 9 2 2 2 9 2
left_child=3 2 8 4 -1 15 7 12 -2 14 22 21 16 -5 25 -3 20 -10 27 -13 -7 -9 -6 -19 -23 -8 29 -11 -15 -27
right_child=1 5 -4 13 10 6 9 11 17 18 -12 19 -14 28 -16 -17 -18 23 -20 -21 -22 24 -24 -25 -26 26 -28 -29 -30 -31
leaf_value=-0.054698211468485795 -0.013866076072761689 -0.039897781908429839 -0.019717156061707149 -0.061573060626582146 0.0095643360222443796 0.10232515873486508 0.10910082034852511 0.057984163183637541 0.09250180567737451 0.0657068098471075 0.0023549153661020809 -0.1670562223955403 0.022833512102535439 0.023997441458368129 0.12555535290981712 0.054799322807199374 0.10960888123302755 0.014400837581425675 0.092235277958663778 0.088929516488466795 0.06941618746769436 0.062586009143510743 0.08349372918131541 0.067323428928536808 -0.0032246703043594667 0.094626633130089843 0.10498153367061701 -0.013769418103883569 -0.029794303252172322 0.046855829885136771
leaf_weight=111.28688659286126 69.060256483062403 43.254887847666396 180.12157859363651 277.6773239539325 39.244563847052632 318.87664751891862 1172.4346491597389 277.17675477292505 330.65191594893986 153.29211503392435 155.82485762261786 2.9991188388084984 57.34725968746352 70.350313751318026 678.1070043479267 57.419126795626653 799.80650253687054 74.27640137608978 373.28570813330589 255.97988208054448 408.96542676258832 46.232226688051014 182.59856377805409 385.2832554304332 136.6525259095215 128.31233369361144 329.54934510320891 31.630045672820415 178.31863732523198 150.1652010421094
leaf_count=33103 5291 10463 27450 73722 6876 1849 3756 7195 5817 2076 22039 92 2179 10007 1497 4812 3960 8226 2228 3013 3541 816 8150 6590 5801 1013 1258 846 35497 1943
internal_value=0 0.086178 0.0509397 -0.010692 0.0202974 0.0929338 0.0943972 0.0830606 0.0657509 0.103055 0.0423962 0.0575509 0.0946332 -0.0394798 0.10853 0.0155926 0.0973285 0.0719736 0.0789436 0.0859651 0.083834 0.041556 0.0673782 0.0587698 0.0166577 0.102045 0.088441 0.0521128 -0.0148093 0.0688669
internal_weight=0 6460.88 1039.39 1015.3 488.955 5421.49 5320.81 2304.04 859.272 3016.78 377.668 719.041 1585 526.346 2458.57 100.674 1527.65 790.212 558.208 258.979 727.842 460.062 221.843 459.56 182.885 1780.46 608.027 184.922 248.669 278.478
internal_count=301106 111712 53374 189394 70168 58338 43063 28446 25924 14617 37065 16917 11529 119226 9467 15275 9350 20633 5150 3105 5390 13812 15026 14816 6617 7970 4214 2922 45504 2956
cat_boundaries=0 2 4 6 8 10
cat_threshold=2147615240 590222 1050967233 34912 3568453814 1135274 134744353 40992 1776298181 34868
is_linear=0
shrinkage=0.1


Tree=11
num_leaves=31
num_cat=4
split_feature=157 157 170 13 157 170 170 171 237 156 237 157 170 166 237 237 157 170 157 156 73 13 90 13 200 195 156 163 159 163
split_gain=664.843 131.551 87.6403 75.8903 61.1318 65.4558 50.3726 45.5911 44.4693 36.6936 49.5919 35.9433 25.1569 24.5641 24.3333 23.6316 17.6863 17.4058 17.0365 18.1908 16.5297 16.3069 14.9381 14.9937 14.8266 13.9945 12.8244 12.1417 12.0413 11.8882
threshold=0.54565876722335827 0.48638814687728887 0.52633789181709301 0.010528649203479292 0.61261695623397838 0.53364601731300365 0.48147568106651312 0.33477982878685003 0 0.25116822123527532 1 0.41610345244407659 0.48542138934135443 0.8878503441810609 2 3 0.58757847547531139 0.47513593733310705 0.68542924523353588 0.49683544039726263 0.45095694065094 0.020654105581343177 1.3917306065559389 0.046006407588720329 0.069112427532672896 -0.066672239452600465 0.22287581861019137 0.24891436845064166 0.61677163839340221 0.76437002420425426
decision_type=2 2 2 8 2 2 2 2 9 2 9 2 2 2 9 9 2 2 2 2 2 10 2 10 2 2 2 2 2 2
left_child=1 6 8 -2 5 9 11 18 -3 17 -11 -1 27 -9 -7 -13 -16 -5 19 25 22 -14 23 -20 -21 -6 -23 -10 -22 -12
right_child=3 2 -4 4 7 14 -8 13 12 10 29 15 21 -15 16 -17 -18 -19 20 24 28 26 -24 -25 -26 -27 -28 -29 -30 -31
leaf_value=-0.041567290489058766 -0.015988424687589892 0.010094200031595661 -0.025598908855694338 0.12315422030093869 0.12217756930643445 -0.00072743755482690279 -0.047955089528419051 0.047797095693958264 0.095462959434600314 0.012088686657437467 0.084747516881662141 -0.019734938237555448 -0.00060090310104016741 0.08879586030924147 0.036209799040560112 0.04761094245956056 0.07722767257093037 0.09267910887906998 0.10643194026942765 0.089653247918806286 -0.067147897070006179 0.077341100362580489 0.12700757173510843 -0.050410497466440357 0.033581838329415713 0.10071066466251431 0.022957559189841849 0.02517010222973743 0.086427252680846028 -0.091933272195100918
leaf_weight=102.66154571896186 67.032559363346081 187.23271315243619 163.8290084061955 258.77519334192039 394.8502423488535 97.531020676513435 303.30250459507079 206.14456691392115 279.26462159180664 135.21842517063487 687.27715472219279 70.272452769451775 56.492609227861976 502.02118097245693 195.50591111976246 170.39934219641145 227.38115029380424 679.62125571198703 16.9818624323234 357.93582222319674 7.4297101998236057 137.65500250867626 553.98051130701788 9.5075809457339329 54.314487277530134 1315.2231751302606 63.30075623767334 26.943752213075641 16.319842060329393 3.8295788259711108
leaf_count=33225 21055 16772 34386 1256 1360 5852 84799 4048 5914 2784 7186 12736 8062 2097 9942 15421 4174 6469 50 2408 47 5502 1135 21 724 5858 3354 3637 52 1011
internal_value=0 0.0162634 0.0406686 0.0897956 0.0910354 0.0783609 -0.0182598 0.0994678 0.0551269 0.0875517 0.0721852 0.00797315 0.0686879 0.0768613 0.047195 0.0291052 0.0569186 0.101083 0.105339 0.101122 0.120154 0.0468664 0.1235 0.0501381 0.0822658 0.105667 0.0602104 0.0892778 0.0383834 0.0825737
internal_weight=0 1561.35 914.718 5786.88 5719.85 2285.14 646.636 3434.71 750.889 1764.72 826.325 343.333 563.657 708.166 520.418 240.672 422.887 938.396 2726.54 2122.32 604.22 257.448 580.47 26.4894 412.25 1710.07 200.956 306.208 23.7496 691.107
internal_count=301337 223808 77627 77529 56474 38674 146181 17800 43241 18706 10981 61382 26469 6145 19968 28157 14116 7725 11655 10350 1305 16918 1206 71 3132 7218 8856 9551 99 8197
cat_boundaries=0 2 4 6 8
cat_threshold=3228173096 4936591 2185888811 5047481 2164663836 70402 3764109844 6124427
is_linear=0
shrinkage=0.1


Tree=12
num_leaves=31
num_cat=4
split_feature=157 157 170 157 171 170 168 171 160 167 156 237 237 156 237 178 237 8 168 168 8 157 156 12 157 156 170 173 170 8
split_gain=519.039 104.491 87.2753 82.6272 75.521 53.9972 50.4669 45.3773 34.5447 26.7635 25.2049 23.6124 23.5528 22.8671 22.3097 21.612 21.1596 20.3508 20.2952 19.1803 18.3377 17.8086 17.2579 16.9239 16.2522 16.0339 15.2782 14.666 13.8624 13.7848
threshold=0.54565876722335827 0.45346119999885565 0.52235314249992382 0.63753709197044384 0.33477982878685003 0.57068678736686718 3.2875741720199589 0.33477982878685003 1.0000000000000002 2.5000000000000004 0.025751547887921337 0 1 1.0000000180025095e-35 2 -0.0023993925424292679 3 0.25745992362499243 2.8686604499816899 3.1861792802810673 0.17955233156681064 0.61261695623397838 0.27311578392982488 22.500000000000004 0.68542924523353588 0.2327174320816994 0.46522785723209387 -0.098347470164298997 0.42745165526866918 0.27338010072708135
decision_type=2 2 2 2 2 2 2 2 2 2 2 9 9 2 9 2 9 10 2 2 8 2 2 8 2 2 2 2 2 10
left_child=1 13 6 4 5 8 11 24 23 18 -8 -3 -11 -1 -15 -7 -12 -17 -10 -9 -6 22 -20 -2 -5 -25 -18 -27 -16 -4
right_child=3 2 29 7 20 15 10 19 9 12 16 -13 -14 14 28 17 26 -19 21 -21 -22 -23 -24 25 -26 27 -28 -29 -30 -31
leaf_value=-0.11076490607986821 -0.043347489173305886 -0.025041784193946495 -0.035262875625781724 0.10313807122222829 -0.030441421756758083 0.068084142619199567 -0.05579853624476605 0.029129228677669147 0.0084953716005105769 0.068741102325950543 0.0087070932100098333 0.03689534877968445 -0.020256422718416361 -0.045283455769251052 0.063749742097461648 -0.021234261155775938 0.093122135371761255 0.051437229025122745 0.083503719948479715 0.084880974936588027 0.037295920921848129 0.10266828567681657 0.048561233918661406 0.10714752296870696 0.122887778864681 0.062626848790278022 0.06057140838491254 0.093229808661265623 -0.0080849120725717937 0.014679636038057088
leaf_weight=30.442104226218362 8.8368523110839288 104.72820720529853 156.1671444334952 1197.0536216114706 59.359238673587242 158.76969803856991 17.368357981913505 69.704692116749357 41.368454508847208 46.219688137687626 74.470909883566492 124.67296102098771 58.684642464191711 148.03836065778705 35.661425905123906 76.195169248596358 234.00745893991552 77.964801832815283 396.56893672401202 537.84776088758372 122.32780302340689 250.5650268374302 219.62355438894883 691.41877741143981 639.14179839307326 193.37763443212316 375.70122134625126 823.35048097452091 108.89551373787071 85.536817542906647
leaf_count=17231 4042 16902 39583 6031 6642 4378 3185 3718 2856 1336 8012 17607 2199 45522 5985 5639 5040 2343 5470 3232 3727 1485 4991 6458 1534 2433 18579 8921 33748 12519
internal_value=0 0.0220791 0.0359518 0.0883052 0.0777948 0.0815343 0.0498526 0.102174 0.0860443 0.0713996 0.0631666 0.00913599 0.0235767 -0.0282798 -0.0196979 0.0421885 0.0661866 0.0155186 0.076924 0.0784846 0.0151654 0.08019 0.0710495 0.0946848 0.110013 0.0953988 0.0718854 0.0874092 0.00901283 -0.0175887
internal_weight=0 1495.69 1172.65 5668.38 3224.63 3042.94 930.949 2443.75 2730.01 1013.03 701.548 229.401 104.904 323.037 292.595 312.93 684.18 154.16 908.126 607.552 181.687 866.758 616.192 1716.98 1836.2 1708.15 609.709 1016.73 144.557 241.704
internal_count=301348 223913 121427 77435 62920 52551 69325 14515 40191 18337 34816 34509 3535 102486 85255 12360 31631 7982 14802 6950 10369 11946 10461 21854 7565 17812 23619 11354 39733 52102
cat_boundaries=0 2 4 6 8
cat_threshold=2590661328 726987 142951684 25124 2489174825 1921923 2148155944 4800911
is_linear=0
shrinkage=0.1


Tree=13
num_leaves=31
num_cat=3
split_feature=157 157 157 168 168 171 237 237 163 171 156 12 237 157 156 92 94 86 107 10 13 0 156 157 3 85 156 163 133 175
split_gain=391.549 82.5673 64.4787 64.1318 48.4273 46.6056 37.3451 32.6312 29.2072 24.3425 23.3933 22.875 21.5633 20.0667 18.3203 15.569 15.0594 15.0106 15.0994 14.6124 14.4468 14.2396 14.0889 13.2836 13.2517 11.8708 11.8069 11.2153 11.4766 11.1885
threshold=0.54565876722335827 0.42969046533107763 0.61261695623397838 3.3010346889495854 3.264127373695374 0.44739343225955969 0 1 -0.6692233383655547 0.33477982878685003 1.0000000180025095e-35 77.500000000000014 2 0.68542924523353588 0.25116822123527532 0.93964862823486339 -0.067972708493471132 -1.135358929634094 0.0044751435052603492 89.500000000000014 0.01197647722437978 0.10811688378453256 1.0000000180025095e-35 0.68542924523353588 0.086335405707359328 68.500000000000014 0.39602987468242651 0.10616483911871911 0.014307165052741768 0.61647737026214611
decision_type=2 2 2 2 2 2 9 9 2 2 2 8 9 2 2 2 2 2 2 8 10 8 2 2 8 2 2 2 2 2
left_child=1 22 4 12 7 13 25 21 23 14 -8 -12 -3 16 -6 27 -4 18 -18 -14 -9 -2 -1 26 -19 -5 -7 -16 -29 -24
right_child=2 3 5 6 9 8 10 20 -10 -11 11 -13 19 -15 15 -17 17 24 -20 -21 -22 -23 29 -25 -26 -27 -28 28 -30 -31
leaf_value=-0.10870963009059248 -0.038980181153914058 -0.033219073951275067 0.081261945903069704 -0.020082407949186379 0.094549294134376238 0.067802625813954423 -0.11008846816687157 -0.01881112218121811 0.0090092731780941314 0.026540289966493352 -0.0022032172308844053 0.068856844430533692 -0.03241293010366094 0.11646362982084593 0.071797051279907029 0.1095339644800286 -0.027988216730912514 0.038344394756464173 0.080241318232594797 0.0300792606407813 0.034581561175657229 0.074492541170285129 -0.028108483471970966 0.089229017447405426 0.10475708530483813 0.036704228283640228 -0.00029915000950149365 0.045422047837041846 -0.071045044412721539 0.10179618619360629
leaf_weight=21.523690790145338 11.45261180854868 108.16645274069742 501.95265301095787 84.553827217081562 888.40783612022642 134.05998582439497 7.7954888507010756 72.165460427735525 69.095961270766566 74.305956869655347 48.56975344260718 673.16750840732129 45.578779402385408 651.23827321376302 499.95196159079205 97.906753029135871 15.693167090008499 30.662410090779304 72.17662943189498 208.95534499231144 170.18617731801351 321.72274917371396 164.89429741991626 351.59221072762739 1491.6812441246875 65.196148861330585 31.425213658774737 65.073068367084488 9.7251896589732478 6.9078642333333837
leaf_count=14676 3439 27074 4872 13175 8516 1635 2968 10592 4253 3456 15962 29902 25439 1692 5215 992 287 1853 400 26875 7934 9144 56420 1693 6704 9029 796 2895 1029 2056
internal_value=0 0.0283513 0.0869358 0.037814 0.0736813 0.0956844 0.0524085 0.0487333 0.070073 0.0824611 0.0613725 0.0640748 0.00243314 0.101117 0.0851229 0.072673 0.0963854 0.1011 0.060912 0.0181749 0.0179424 0.068535 -0.0324404 0.0782329 0.103419 0.00435011 0.0548703 0.0663939 0.0302791 -0.0228852
internal_weight=0 1435.31 5560.48 1241.98 2210.9 3349.58 879.283 575.527 586.173 1635.37 729.533 721.737 362.701 2763.4 1561.06 672.657 2112.17 1610.21 87.8698 254.534 242.352 333.175 193.326 517.077 1522.34 149.75 165.485 574.75 74.7983 171.802
internal_count=300973 223576 77397 150424 53212 24185 71036 31109 8377 22103 48832 45864 79388 15808 18647 10131 14116 9244 687 52314 18526 12583 73152 4124 8557 22204 2431 9139 3924 58476
cat_boundaries=0 2 4 6
cat_threshold=2148205320 5198219 499749281 45168 2286815808 739210
is_linear=0
shrinkage=0.1


Tree=14
num_leaves=31
num_cat=0
split_feature=157 157 170 170 171 157 170 157 157 170 11 13 13 173 171 81 166 170 171 129 160 99 159 156 203 55 7 149 195 8
split_gain=302.34 72.6841 61.7133 59.808 48.5506 46.4273 34.4466 33.3854 31.6592 31.7428 30.9358 23.5091 21.1651 21.0553 18.9814 18.5493 18.3224 18.2531 17.6518 17.557 16.8633 16.6047 15.2597 13.9228 17.2695 13.764 13.1913 14.6934 12.5913 12.4589
threshold=0.50741708278656017 0.56940105557441723 0.49810701608657842 0.52235314249992382 0.33477982878685003 0.41610345244407659 0.60105058550834667 0.63753709197044384 0.65620106458663952 0.53612041473388683 0.016658554784953598 0.061539044603705413 0.010528649203479292 -0.098347470164298997 0.083927519619464888 0.27924077212810522 0.8878503441810609 0.47976209223270422 0.06923586875200273 0.0081555866636335867 1.0000000000000002 -0.16721098870038983 0.16341300308704379 0.25116822123527532 0.070389229804277434 1.0000000180025095e-35 0.10084745660424234 -0.029721062630414959 0.080053452402353301 0.18482562899589541
decision_type=2 2 2 2 2 2 2 2 2 2 8 10 8 2 2 2 2 2 2 2 2 2 2 2 2 2 10 2 2 10
left_child=2 3 5 12 6 -1 8 29 9 13 -7 -5 -2 21 20 -15 -9 -14 23 22 -11 -3 -8 24 -19 -24 27 28 -10 -6
right_child=1 4 -4 11 7 10 19 16 26 14 -12 -13 17 15 -16 -17 -18 18 -20 -21 -22 -23 25 -25 -26 -27 -28 -29 -30 -31
leaf_value=-0.024227404876498826 -0.01593924498439157 -0.080109596400409031 -0.022498222993852259 -0.0014729462968435456 -0.01381849222021922 -0.015088620540939599 -0.027953322798175757 0.046805105902476558 -0.058839778108783325 0.085259358773656799 0.062968176575764784 0.061366927446535581 0.090530127653922071 0.10407131920437969 -0.013209718890659717 0.052641518172507631 0.086031582805045775 0.092376479347727081 0.0098139117665279382 -0.010805398363014675 0.05354070717855236 0.080915521033530835 0.080692543172461231 0.042699399775619498 0.036580563353348639 -0.20225618304267573 0.11417723776097342 0.095442392655820399 0.10057229980441221 0.047522866094771514
leaf_weight=100.12091976895681 26.247060896486801 6.4747446225665035 266.66463418184139 179.63854675016773 62.185660482078674 59.334121177424095 15.533657653635599 168.9027314230043 11.99120689451229 478.67431852565642 351.9330113769538 89.044016268264386 423.72302071466402 1397.3585788138589 25.739330225871527 73.834601556212874 403.63891096954467 256.4719986829441 56.47880621967488 37.731229485827498 257.93462929139787 585.29099314651103 128.47508105641464 140.77737420375342 70.78129973099567 1.7425259255105618 883.23632325197104 234.54296982704545 8.4438737012096663 70.819495767296758
leaf_count=42294 9082 130 80572 32387 5877 17948 365 5229 102 8014 34485 6779 7367 9410 1001 895 1659 5895 4205 1193 6816 5177 2394 5270 1811 109 2285 1200 51 1338
internal_value=0 0.0826984 0.0165029 0.0611245 0.0882254 0.0368402 0.0923512 0.0639751 0.0943121 0.0886394 0.0517068 0.0193528 0.0726418 0.0950829 0.071203 0.10149 0.0744596 0.0750937 0.0626234 0.0499918 0.0741526 0.0791537 0.0657307 0.0689961 0.0803084 0.0769062 0.108393 0.0883566 0.00703006 0.0188431
internal_weight=0 6095.71 778.053 1243.16 4852.55 511.388 4147 705.547 3963.52 2825.31 411.267 268.683 974.48 2062.96 762.348 1471.19 572.542 948.232 524.509 183.482 736.609 591.766 145.751 468.031 327.253 130.218 1138.21 254.978 20.4351 133.005
internal_count=301340 126041 175299 72796 53245 94727 39142 14103 35081 31443 52433 39166 33630 15612 15831 10305 6888 24548 17181 4061 14830 5307 2868 12976 7706 2503 3638 1353 153 7215
is_linear=0
shrinkage=0.1


Tree=15
num_leaves=31
num_cat=5
split_feature=157 156 168 237 157 157 12 163 237 237 86 237 157 168 8 121 156 237 156 188 173 161 72 157 195 182 5 157 156 168
split_gain=249.27 78.3868 59.4163 44.6459 39.265 29.1227 23.9475 23.2252 22.111 21.5583 20.475 19.6453 19.6154 18.7187 14.2143 14.7905 14.0041 13.9772 13.5208 12.6991 20.8511 12.4326 16.977 11.7196 11.4506 11.433 11.8194 11.5454 18.9297 11.3541
threshold=0.56414920091629039 0.022347066551446918 3.2875741720199589 0 0.63753709197044384 0.48638814687728887 43.500000000000007 -0.49441806972026819 1 2 -1.135358929634094 3 0.50049304962158214 3.5292483568191533 0.1218552812933922 -0.037980105727910989 0.31726674735546118 4 1.0000000180025095e-35 -0.049518279731273644 0.18625929206609729 2.7361341714859013 0.014599318150430919 0.58098056912422191 -0.086281888186931596 0.028662937693297866 0.13079115748405459 0.68542924523353588 0.39602987468242651 3.3010346889495854
decision_type=2 2 2 9 2 2 8 2 9 9 2 9 2 2 10 2 2 9 2 2 2 2 2 2 2 2 10 2 2 2
left_child=1 18 9 7 6 11 -5 25 -7 -3 29 -4 17 19 15 -12 -10 -11 -1 20 -8 22 -6 -21 -15 27 -27 28 -2 -9
right_child=3 2 5 4 21 8 13 10 16 12 14 -13 -14 24 -16 -17 -18 -19 -20 23 -22 -23 -24 -25 -26 26 -28 -29 -30 -31
leaf_value=-0.10739754635003584 0.070595265680989894 -0.017930948006202246 -0.0034899916736068856 -0.0028361237774164744 -0.077425751416063684 0.021108463197977836 0.076196289007258153 -0.078792920728022631 0.080924317051578917 -0.021808535130859945 0.090573873100193381 0.049776016546956382 0.051444141661212278 0.11651400825369103 0.071444416136036012 -0.0041064350246629916 0.043757815319949558 0.036870273133707859 -0.019839868275566552 0.061082109452535331 0.017001120741502996 0.10765830268507644 0.10879528149046339 0.090555657040108373 0.091093265048342476 0.1086683836637429 0.043207327668150809 0.085256905046573406 0.017809423847569172 0.033054905151968905
leaf_weight=31.091276181523426 371.58776609119377 119.1265960544697 103.37145155469625 30.12805963538267 8.6331218669365644 116.21868178674049 228.52111544259242 19.059707304724725 705.17735884900321 86.11138626049069 22.506722805032041 232.8076221275187 202.69496284186607 226.99059618369211 168.76757620317221 61.814023818515125 118.40236168426054 60.454875074014126 40.75484529712412 169.56471406995843 80.455464657803532 1496.7796013920597 11.307944330008466 660.14006183395395 807.73520878021372 169.35119447353645 32.948470837902278 342.39520495466422 83.137326312280493 17.327090293576475
leaf_count=22285 5438 32169 29396 8526 54 9517 3527 1549 24223 28676 954 33302 27776 770 4072 4080 5519 16249 14365 3714 2444 6261 74 6981 4940 697 338 1838 1621 477
internal_value=0 0.0446356 0.0488518 0.0878803 0.0939777 0.0600337 0.085707 0.0690159 0.0690694 0.0183902 0.0446089 0.0347741 0.0304211 0.0869344 0.0546931 0.0211654 0.0746744 0.00342263 -0.0577303 0.0780878 0.0607823 0.106613 0.0281743 0.0845322 0.0966699 0.0767758 0.0980068 0.0713876 0.0609444 -0.0255319
internal_weight=0 1816.21 1744.37 5009.15 3720.26 1275.98 2203.54 1288.9 939.798 468.388 289.475 336.179 349.261 2173.41 253.088 84.3207 823.58 146.566 71.8461 1138.68 308.977 1516.72 19.9411 829.705 1034.73 999.42 202.3 797.12 454.725 36.3868
internal_count=301832 243477 206827 58355 37291 101957 30902 21064 39259 104870 11132 62698 72701 22376 9106 5034 29742 44925 36650 16666 5971 6389 128 10695 5710 9932 1035 8897 7059 2026
cat_boundaries=0 2 4 6 8 10
cat_threshold=2721195535 4786574 2684502280 4916110 2187739720 737675 2169226018 6153099 471440420 1316416
is_linear=0
shrinkage=0.1


Tree=16
num_leaves=31
num_cat=4
split_feature=157 157 170 171 170 237 13 157 160 170 157 170 173 166 237 237 93 168 170 237 7 139 11 156 11 156 173 144 159 202
split_gain=185.784 69.2546 71.3026 48.503 38.8706 32.2961 29.7595 27.4319 21.8686 22.1696 19.7359 19.1897 18.495 18.0862 17.8885 16.9709 16.1474 15.2371 22.0939 14.5872 14.3853 14.2023 13.5936 13.5506 13.0025 12.5839 14.8912 12.257 12.7057 16.0424
threshold=0.48638814687728887 0.59515219926834118 0.52838417887687694 0.44739343225955969 0.47205519676208502 0 0.05279884114861489 0.68542924523353588 1.0000000000000002 0.45447091758251196 0.38645555078983312 0.52633789181709301 -0.16232840716838834 0.8878503441810609 1 2 0.26758758723735815 3.6190155744552617 0.61243727803230297 3 0.11189358308911325 -0.0052284831181168548 0.0088107436895370501 0.39602987468242651 0.0158312451094389 0.22287581861019137 -0.088945932686328874 -0.014155475888401268 0.61677163839340221 -0.0264413533732295
decision_type=2 2 2 2 2 9 10 2 2 2 2 2 2 2 9 9 2 2 2 9 8 2 8 2 8 2 2 2 2 2
left_child=4 2 5 7 10 -2 14 11 22 -10 -1 12 27 -5 -4 -11 17 18 -13 -6 21 -19 -7 -17 -12 -24 -27 28 29 -3
right_child=1 3 6 13 19 8 -8 -9 9 15 24 16 -14 -15 -16 23 -18 20 -20 -21 -22 -23 25 -25 -26 26 -28 -29 -30 -31
leaf_value=-0.017235048222469924 0.032925301864481407 0.047649865472230296 0.048196874945300186 0.031638376084788818 -0.03073748688061851 0.025769513073530953 0.063946591066323263 0.11327704763261698 0.10045930513067121 0.019520399020850135 -0.0040332141755628891 0.07740080735715775 0.10274030724595373 0.073077975122718866 -0.0032057849159083103 0.075558449386560866 0.0058857317821368388 -0.094789680334846346 -0.022215119731756744 0.013717084969727018 0.10602962389508663 0.06831579139857101 0.10241887813322917 0.01072847346449133 0.071505897867926854 0.046816021351364576 0.089873580096255803 0.089040546614692934 0.067987886725313057 -0.11124933580645652
leaf_weight=37.961320323400287 200.76679457699356 15.339598494058011 92.035929187040892 141.19628201930027 122.35139613246429 31.414301108045038 203.17612822068622 628.83207837771624 154.75065802146855 126.5875361309154 26.27433583974198 754.7989653555851 1180.7305301353772 414.51903970871354 204.50629034114536 338.00647645360004 28.244303102634149 6.303401742479763 22.941264532579225 158.78151824866291 330.29732640599832 34.875685741368216 575.36824853156577 35.640413447734318 171.67445688430234 103.33236221293919 360.68854086357169 126.53952320042299 49.429703768459149 10.846212884061968
leaf_count=18169 15230 201 10364 7595 47816 7491 11744 1737 2640 6640 10199 10398 5895 2422 34752 10122 612 321 1143 49734 1712 420 11498 1784 19923 2139 7149 1039 418 217
internal_value=0 0.0812854 0.0681243 0.0898123 0.0188815 0.0768551 0.0344646 0.0945629 0.0813037 0.0673817 0.0488131 0.0899666 0.0979551 0.062549 0.0142649 0.0571489 0.0805844 0.0824203 0.0744624 -0.00623534 0.0990813 0.0433488 0.0905788 0.0675663 0.0614794 0.0925376 0.0802851 0.070006 0.0381524 -0.0181665
internal_weight=0 6171.17 2426.27 3744.89 517.043 1926.56 499.718 3189.18 1725.79 654.985 235.91 2560.35 1382.89 555.715 296.542 500.234 1177.46 1149.22 777.74 281.133 371.476 41.1791 1070.8 373.647 197.949 1039.39 464.021 202.155 75.6155 26.1858
internal_count=301524 155683 121553 34130 145841 64693 56860 24113 49463 21186 48291 22376 7770 10017 45116 18546 14606 13994 11541 97550 2453 741 28277 11906 30122 20786 9288 1875 836 418
cat_boundaries=0 2 4 6 8
cat_threshold=2149712384 4800910 239086113 41056 738739226 398944 3291599722 2052867
is_linear=0
shrinkage=0.1


Tree=17
num_leaves=31
num_cat=4
split_feature=157 170 171 157 157 157 170 166 170 160 237 237 156 237 157 8 163 156 170 157 171 63 237 149 215 180 170 170 1 160
split_gain=149.313 60.8395 46.3968 50.8179 33.7681 33.5022 33.4456 27.208 25.9242 17.68 19.6525 15.5672 15.2303 17.68 13.5165 16.7923 14.9949 13.2887 13.2234 12.7931 12.7013 11.9478 17.5804 11.808 12.6536 11.5911 11.3706 11.1719 11.4319 12.3832
threshold=0.55457308888435375 0.48542138934135443 0.44739343225955969 0.62362465262413036 0.47572375833988195 0.39967305958271032 0.57068678736686718 0.85254395008087169 0.54398375749588024 1.0000000000000002 0 1 0.20483683049678805 2 0.68542924523353588 0.17510279268026355 -0.095191031694412218 0.24305019527673724 0.50058853626251232 0.68542924523353588 0.007610822096467019 0.33389289677143102 3 -0.014303928241133688 0.13055375963449481 -0.17340207099914548 0.58950042724609386 0.50697025656700145 0.0097674862481653708 1.0000000000000002
decision_type=2 2 2 2 2 2 2 2 2 2 9 9 2 9 2 8 2 2 2 2 2 2 9 2 2 2 2 2 8 2
left_child=1 5 3 6 -3 -1 12 19 11 -7 -11 -6 21 18 15 16 23 -13 -14 -4 -8 -2 -23 24 25 -5 -17 -15 -29 -30
right_child=2 4 7 14 8 9 20 -9 -10 10 -12 17 13 27 -16 26 -18 -19 -20 -21 -22 22 -24 -25 -26 -27 -28 28 29 -31
leaf_value=-0.0060156285840872528 0.098685547776237184 -0.011810881895060618 -0.01350963639055407 -0.057308609698995573 0.012587261489933874 0.087406702623401056 0.045819279304294643 0.06964750321081091 -0.0035200506757110217 0.0018877360291748172 0.068323631733239409 0.071917428439427 0.059733275870766135 0.091799368398095049 0.11154623122269912 0.10317524684924258 0.016727020478680649 0.029279479954623086 0.0040562590485600227 0.051885079109434157 -0.051809921309240864 -0.032589278181706392 0.075036332887881654 0.092320712393391041 -0.14106292359758713 0.075549525782068125 0.077662283958163866 0.043817474005076636 0.090418242783466676 0.057094770042512004
leaf_weight=55.217599903560767 606.58675859327195 157.06550242439334 65.530040169862332 7.9709501993493168 112.8959548740022 441.28083050996793 184.69916119999834 465.30396189587191 110.58189141727053 66.204434276485699 227.86639342931085 281.4990477340325 133.40611671764054 535.09460412475164 635.96259152621496 1111.8537974480423 41.053939267381793 98.732990193806472 62.708599925099406 55.042301428184146 14.361858737080182 16.89218361992971 67.226212898865924 206.22648999412195 3.6642848148476324 37.27493397181388 207.24914237848134 116.50892971529538 316.47861597726296 172.18643787274777
leaf_count=28024 7464 68630 7843 66 17427 33026 8586 4059 30210 9602 14209 21666 2369 6008 1731 4381 2118 10594 1592 2183 1520 192 905 1404 25 359 1813 6375 3634 3363
internal_value=0 0.0496812 0.0851406 0.0886033 0.0294938 0.0691078 0.0778898 0.0586777 0.0402399 0.0747488 0.0557544 0.0500529 0.0817309 0.0754993 0.0991973 0.0943354 0.0728183 0.0592866 0.039896 0.0163436 0.0387755 0.0937878 0.0584697 0.0818439 0.0376692 0.052144 0.0991668 0.0805663 0.0719653 0.0786764
internal_weight=0 1551.34 5063.28 4477.41 760.775 790.569 2226.15 585.876 603.71 735.352 294.071 493.128 2027.09 1336.38 2251.26 1615.29 296.191 380.232 196.115 120.572 199.061 690.705 84.1184 255.137 48.9102 45.2459 1319.1 1140.27 605.174 488.665
internal_count=301378 233388 67990 53905 148527 84861 42008 14085 79897 56837 23811 49687 31902 23341 11897 10166 3972 32260 3961 10026 10106 8561 1097 1854 450 425 6194 19380 13372 6997
cat_boundaries=0 2 4 6 8
cat_threshold=2706047031 5075871 3401189128 4917195 3258983970 5181329 1140901893 48
is_linear=0
shrinkage=0.1


Tree=18
num_leaves=31
num_cat=1
split_feature=156 12 237 163 86 10 160 16 168 158 180 156 2 66 112 151 163 170 86 208 56 86 168 182 212 150 227 146 223 170
split_gain=87.7408 68.8494 45.8467 45.2914 26.8242 24.4014 23.5155 24.4505 19.3103 18.6155 15.7604 15.6408 13.579 12.7426 21.0597 11.7717 11.6224 10.7927 10.6604 12.0202 10.1977 10.0351 13.7932 13.9342 12.2188 11.332 9.94725 10.5264 9.57802 9.50524
threshold=0.022347066551446918 22.500000000000004 0 0.20525266975164416 -1.0467774868011472 1073.5000000000002 1.0000000000000002 1.0000000180025095e-35 2.5827236175537114 0.18333333730697635 -0.20279803127050397 1.0000000180025095e-35 0.024845679290592674 9.2156176567077654 -0.069320041686296449 -0.0138221881352365 -0.85011205077171315 0.61243727803230297 -0.96707141399383534 -0.13607330620288846 1.0000000180025095e-35 -0.83693176507949818 3.0961004495620732 -0.087197083979845033 0.16501245647668841 0.0039930595085024842 0.098286934196949019 0.016352596692740921 0.16293354332447055 0.59576183557510387
decision_type=2 8 9 2 2 10 2 2 2 2 2 2 8 2 2 2 2 2 2 2 2 2 2 2 2 2 2 2 2 2
left_child=11 -2 5 6 -5 8 16 10 -3 -9 -8 -1 20 26 -15 -16 17 -4 19 -18 -10 22 -11 25 -25 -24 -14 -28 29 -20
right_child=1 2 3 4 -6 -7 7 9 12 21 -12 -13 13 14 15 -17 18 -19 28 -21 -22 -23 23 24 -26 -27 27 -29 -30 -31
leaf_value=-0.10228252498950421 -0.029273107571739395 -0.022380690525731904 0.10460773951275347 -0.012001368329878664 0.064651213566471966 0.092891937375443143 -0.098621654261377922 0.059340716989555259 0.04031389174683353 0.025254788219373034 0.04209661925298875 0.0001160511883385455 0.070623636678048232 -0.1860363745218272 -0.090786350517889136 0.053143154464969901 -0.047634139509981147 -0.05422404119478047 0.096432670286401068 0.077959950575627379 -0.11217538220345272 0.094440242729713533 0.040378253637584405 0.087536908445873363 -0.046178044819636194 -0.13519675836105696 0.052657089350498537 -0.032614610793063978 -0.014737855726846816 0.064213972220827975
leaf_weight=24.613299761615053 58.363311120134313 29.919698888254061 834.00336869891908 50.409536358449259 483.87932674896001 223.35883740022109 8.8245192269387172 299.34825508758513 231.39775611420191 47.524427885880868 81.161165830824757 37.863546632608632 818.97731449458661 4.5946685162925851 6.4174573496420626 49.616832681029337 7.7628918251430141 4.3002115069539277 1365.3073221773884 414.91747757457051 4.470264129471615 760.24393467252958 24.448218504127002 475.12667827317637 6.9336379924789062 4.3265855084900968 73.525380690582097 18.0258857087465 8.1048316624510317 98.151547053304967
leaf_count=22543 48445 4110 12340 10096 48376 6670 423 12091 13329 3073 3677 14572 25933 135 419 1206 549 269 29433 14779 762 12848 651 9513 295 269 1718 630 579 1420
internal_value=0 0.0788503 0.0798309 0.0847561 0.0574191 0.062047 0.0882362 0.0790315 0.0569789 0.0818532 0.028297 -0.0402248 0.058946 0.0641732 0.0197827 0.0366593 0.0939895 0.103793 0.0896509 0.0756533 0.0374239 0.086964 0.0767846 0.0815785 0.0856136 0.0139788 0.067129 0.0358676 0.0936714 0.0942718
internal_weight=0 6493.44 6435.08 4974.77 534.289 1460.3 4440.49 1707.94 1236.95 1617.95 89.9857 62.4768 1207.03 971.158 60.629 56.0343 2732.55 838.304 1894.24 422.68 235.868 1318.6 558.36 510.835 482.06 28.7748 910.529 91.5513 1471.56 1463.46
internal_count=301153 264038 215593 160681 58472 54912 102209 42840 48242 38740 4100 37115 44132 30041 1760 1625 59369 12609 46760 15328 14091 26649 13801 10728 9808 920 28281 2348 31432 30853
cat_boundaries=0 2
cat_threshold=2692940296 4785035
is_linear=0
shrinkage=0.1


Tree=19
num_leaves=31
num_cat=5
split_feature=13 156 86 10 5 168 171 170 237 160 156 10 158 237 67 11 160 237 79 13 228 93 237 237 12 172 143 102 222 168
split_gain=81.8102 57.894 42.6277 29.1449 25.3663 25.2434 24.1699 21.3346 18.5307 17.8841 17.6396 17.4549 15.744 15.46 14.2006 13.1692 13.1201 16.2306 13.9256 12.5209 11.1637 11.0331 13.8001 10.7205 10.5062 10.1055 11.4899 10.3016 9.98215 9.86947
threshold=0.0088890646584332007 0.025751547887921337 -0.87488579750061024 169.50000000000003 0.055867666378617294 3.0737138986587529 -0.017047430388629433 0.51076805591583263 0 1.0000000000000002 1.0000000180025095e-35 567.50000000000011 0.36666667461395269 1 3.558653831481934 1.0000000180025095e-35 1.0000000000000002 2 0.36425061523914343 0.019769410602748397 0.012093628756701948 0.30615940690040594 3 4 289.50000000000006 -0.12537833303213117 0.0014362468500621619 -0.070853546261787401 0.094793085008859648 3.4447120428085332
decision_type=8 2 2 10 8 2 2 2 9 2 2 10 2 9 2 10 2 9 2 10 2 2 9 9 10 2 2 2 2 2
left_child=15 10 3 4 8 13 9 28 -3 -5 -2 19 16 -6 21 -1 18 -18 -9 -8 29 -7 -23 -16 -21 26 -22 -28 -4 -19
right_child=1 2 7 6 5 14 11 12 -10 -11 -12 -13 -14 -15 23 -17 17 20 -20 24 25 22 -24 -25 -26 -27 27 -29 -30 -31
leaf_value=-0.057277004822185784 -0.10034369943246663 0.042032104288412656 0.097209979870002183 0.0955756385475975 0.042546529291807925 0.076900917312796913 0.010630899699201089 0.067538908866189476 -0.032266279576021427 0.068654451398315969 0.016268842001339063 0.078398946118561519 0.089719121865349194 -0.03690459784169086 0.041013214395285214 0.01575240879301968 -0.0039392446226204974 0.018216448931618886 0.095797286803634141 0.066669776177737158 -0.060827956459821808 -0.018868015694240719 0.061134843254940813 -0.048091415110639912 0.027298006025657347 0.096126000348259133 -0.12375475577510642 0.083929713139998308 0.059306606487558582 0.064879218261739202
leaf_weight=37.315414618024079 18.153497165070803 67.484701397515892 1409.4225245064372 712.65837013533746 44.047002146500745 517.64748553389654 68.63675653511018 387.61473008710891 50.423467664564669 377.4592336942369 45.444804661165108 419.18551271225442 861.78164020064287 35.316738507492119 22.947412219436956 72.994609785571811 46.103435307617474 67.337236740087974 317.01386961029493 280.02553490644641 8.8703044451685837 30.173095943813678 59.180626184679568 13.08738935489964 89.418128196091857 142.86923368815769 2.5938073497090945 30.149622861834359 73.084272331456305 138.66747396970459
leaf_count=43079 16804 8071 43974 12890 3578 22115 3274 15134 10155 8856 15453 6817 15368 5720 2290 26660 3011 4386 7038 6043 617 1854 2713 2746 1181 3845 128 806 3806 3013
internal_value=0 0.077913 0.0788754 0.0696579 0.0540923 0.0611116 0.0763746 0.0862475 0.0110866 0.086254 -0.017017 0.0638116 0.0795167 0.0079018 0.0676788 -0.00895181 0.0718124 0.0581909 0.0802524 0.0498535 0.0639885 0.0712996 0.0388496 0.00668726 0.0571404 0.0834946 0.0401284 0.0674778 0.0953414 0.0496265
internal_weight=0 6336.8 6273.2 2787.69 840.308 722.4 1947.38 3485.51 117.908 1090.12 63.5983 857.266 2003 79.3637 643.036 110.31 1141.22 436.591 704.629 438.08 390.488 607.001 89.3537 36.0348 369.444 184.483 41.6137 32.7434 1482.51 206.005
internal_count=301425 231686 199429 98303 59242 41016 39061 101126 18226 21746 32257 17315 53346 9298 31718 69739 37978 15806 22172 10498 12795 26682 4567 5036 7224 5396 1551 934 47780 7399
cat_boundaries=0 2 4 6 8 10
cat_threshold=723474039 51267 1521755419 800866 53035528 1048721 1159825256 1409122 104880552 1192028
is_linear=0
shrinkage=0.1


Tree=20
num_leaves=31
num_cat=1
split_feature=157 170 171 157 157 170 237 157 92 170 11 93 81 170 157 156 13 171 145 13 170 11 156 66 136 140 205 13 131 3
split_gain=127.561 47.4454 41.5122 38.6529 36.2104 30.8168 25.1105 24.4633 19.798 16.8204 15.7407 13.418 11.6336 11.4307 15.8867 11.7141 11.312 11.1107 11.0347 10.5317 10.106 9.96745 9.82924 9.73305 13.4028 9.69047 14.4658 9.60832 10.2254 9.44496
threshold=0.56414920091629039 0.5236792564392091 0.33477982878685003 0.65620106458663952 0.42538760602474218 0.57068678736686718 0 0.68542924523353588 0.91001641750335704 0.45447091758251196 1.0000000180025095e-35 0.36477671563625341 0.29944230616092687 0.48147568106651312 0.60324698686599743 0.18237251043319705 0.057443765923380859 0.013746987096965315 -0.032416857779026025 0.020654105581343177 0.41605599224567419 0.0072781592607498178 0.27311578392982488 7.0111730098724374 -0.045977095142006867 0.041415698826313026 -0.012131427414715288 0.08631784096360208 -0.031739747151732438 0.26568628847599035
decision_type=2 2 2 2 2 2 9 2 2 2 8 2 2 2 2 2 10 2 2 8 2 10 2 2 2 2 2 10 2 8
left_child=1 4 3 5 20 8 21 11 12 -8 -11 -4 19 -10 15 -15 -3 -7 -12 -2 -1 -6 -21 -5 -25 29 -27 -17 -29 -24
right_child=2 16 7 23 6 17 9 -9 13 10 18 -13 -14 14 -16 27 -18 -19 -20 22 -22 -23 25 24 -26 26 -28 28 -30 -31
leaf_value=0.068354465997806202 0.0535241872101637 0.0021961879425241161 0.04828242461436582 0.10744527495998187 -0.0056499478698785327 0.058010210060533474 0.092457489460888831 0.079242750444760313 0.11738726756985143 -0.03252242406618238 0.095731921977463649 -0.015869351963986058 0.04524087803347579 0.099052710640355937 0.10342123199104324 0.060107801898436675 0.04489857777370334 -0.036138805791726514 0.062241527647801768 0.094892605197701096 -0.0074472337597130955 0.043587828162781873 0.087524169750171257 -0.15444962697105225 0.078042875277867546 -0.026775547450387818 0.071372842155369376 -0.065058804643927534 0.12576768717273945 0.058056126593378068
leaf_weight=21.711583925605737 125.56323178956518 188.82077223077067 245.35995449700567 1044.9805612010823 52.294200501404703 315.92448297477677 308.90228895785549 352.23545920137258 206.40327133952815 16.20040096030425 114.83605502035789 37.600412477419013 97.971240054612281 178.3223326352454 541.78530334193056 271.79732377493201 92.387406734153046 13.052464621236139 686.67850862010528 481.6599705767876 92.608129893451405 192.30155839130384 442.97602579160593 2.5681594685884184 71.886373037588783 21.748934497940354 48.512872218037955 3.0296306600212111 38.391908194113057 144.16488685403601
leaf_count=7132 5521 60844 9614 3525 11725 9497 11724 3356 1038 13565 5361 1893 1406 1900 3335 5542 16733 854 42870 2918 52236 20433 3559 61 720 309 507 147 432 2098
internal_value=0 0.0538905 0.085422 0.0891491 0.0610204 0.0831125 0.0655284 0.0616534 0.0867581 0.0719388 0.0650673 0.0397578 0.0784383 0.0959024 0.0916108 0.0785932 0.0162255 0.0542748 0.0670398 0.0810102 0.00694901 0.0317623 0.0840401 0.104956 0.0700235 0.0760887 0.0409919 0.0669452 0.11181 0.0802887
internal_weight=0 1766.74 4685.93 4050.74 1485.53 2931.3 1371.21 635.196 2602.33 1126.62 817.715 282.96 1362.6 1239.73 1033.33 491.541 281.208 328.977 801.515 1264.63 114.32 244.596 1139.06 1119.44 74.4545 657.403 70.2618 313.219 41.4215 587.141
internal_count=300855 242623 58232 43369 165046 39063 105678 14863 28712 73520 61796 11507 16318 12394 11356 8021 77577 10351 48231 14912 59368 32158 9391 4306 781 6473 816 6121 579 5657
cat_boundaries=0 2
cat_threshold=2147697408 5198731
is_linear=0
shrinkage=0.1


Tree=21
num_leaves=31
num_cat=4
split_feature=157 156 237 160 170 167 170 157 170 237 157 170 168 156 168 156 6 157 157 163 86 173 93 237 207 157 100 168 237 135
split_gain=90.4506 42.2278 39.3179 37.2451 33.3598 26.02 23.0542 25.7549 24.3053 19.7365 18.4394 16.0365 15.3457 14.4631 13.9843 13.1303 13.0737 12.9171 11.8566 11.6092 11.3573 11.2846 11.3902 11.0083 10.9061 10.8971 10.8117 10.4047 10.0985 9.98983
threshold=0.56940105557441723 1.0000000180025095e-35 0 1.0000000000000002 0.45447091758251196 2.5000000000000004 0.47976209223270422 0.63753709197044384 0.57068678736686718 1 0.42538760602474218 0.54584556818008434 3.1970797777175908 0.16749174892902377 3.4846907854080205 0.49683544039726263 0.11845116689801218 0.49699012935161596 0.65620106458663952 -1.575348377227783 -0.93589836359024037 0.42309133708477026 0.30615940690040594 2 -0.0021793521009385581 0.46475408971309667 0.2274129539728165 2.8365429639816289 3 0.040230400860309608
decision_type=2 2 9 2 2 2 2 2 2 9 2 2 2 2 2 2 10 2 2 2 2 2 2 9 2 2 2 2 9 2
left_child=1 -1 12 9 25 17 -4 8 14 -3 -11 27 19 -14 15 21 24 28 -18 -2 -21 22 29 -19 -15 -5 -9 -12 -6 -8
right_child=2 3 6 4 5 -7 7 26 -10 10 11 -13 13 16 -16 -17 18 23 -20 20 -22 -23 -24 -25 -26 -27 -28 -29 -30 -31
leaf_value=-0.10213982907080557 0.12351287050003185 0.017814999217583945 0.11067849007527016 0.032104086355146444 0.032777512336481927 -0.029317890350430281 0.085303252286130671 0.099229815609226571 0.048881270069268956 0.024806689274203871 0.03440472795174318 0.037131397266930065 0.10548165840241296 0.087071342864390763 0.095095145482761406 0.034966062441126912 0.019770186862494626 0.012657654042564769 0.066750071038407841 0.013609545680481581 0.060977083787929515 -0.0035650722536374976 -0.040447856255574482 0.058282753097400365 0.059541801503055047 0.090299782419378929 -0.009495248559859993 0.084582679246632528 -0.022171820727703719 0.01391409640034366
leaf_weight=16.195630670859828 16.384741093497723 90.83162153727244 508.33264398905158 41.086145083172596 63.305383661267115 67.418684036187187 587.13848692973261 1208.879198458133 228.65483020414831 68.296596758191299 43.326667275643558 85.947866981980042 112.98372322368232 330.08152675320162 623.17272042285185 74.939154163999774 94.701624464854831 94.270146606038907 124.13695584371453 107.0450261154765 96.02824589190277 16.039306497827056 7.5772344864381003 236.21830205603328 255.13015678057855 148.36640058335615 9.2157866901252401 894.09409508877798 52.956274782394757 20.278708333717077
leaf_count=22348 275 16981 2581 9351 15948 14709 9170 5957 8288 31586 8028 21135 1058 2188 3477 3074 1597 10555 783 6073 4473 377 219 17413 3072 4287 65 56913 18557 544
internal_value=0 0.0586444 0.0847228 0.060025 0.0418079 0.0285907 0.0908231 0.0875143 0.0789968 0.0708648 0.0744338 0.0784731 0.0657168 0.0719795 0.0841776 0.0745406 0.0672719 0.0373296 0.0464197 0.0425415 0.0360085 0.0792403 0.0813999 0.047415 0.0750695 0.077679 0.0984072 0.0822635 0.00866075 0.0829199
internal_weight=0 1902.31 4420.72 1886.12 703.621 514.169 3284.23 2775.9 1557.8 1182.5 1091.67 1023.37 1136.49 917.034 1329.15 705.973 804.05 446.75 218.839 219.458 203.073 631.034 614.994 330.488 585.212 189.453 1218.09 937.421 116.262 607.417
internal_count=301082 247811 53271 225463 90820 77182 33752 31171 25149 134643 117662 86076 19519 8698 16861 13384 7640 62473 2380 10821 10546 10310 9933 27968 5260 13638 6022 64941 34505 9714
cat_boundaries=0 2 4 6 8
cat_threshold=2729051142 4918158 3221373440 722187 711590664 5060586 4169325477 4293688
is_linear=0
shrinkage=0.1


Tree=22
num_leaves=31
num_cat=4
split_feature=157 171 168 156 157 237 168 10 156 74 157 181 237 3 185 104 86 166 237 11 141 237 195 168 200 10 193 88 115 213
split_gain=80.8361 39.294 38.2907 30.0405 25.7503 23.0785 17.0382 15.8735 14.8886 15.2827 13.5155 12.6309 16.2936 12.5305 12.4015 11.8075 11.7904 14.3147 11.5477 11.5098 10.4816 15.1824 10.2038 9.25186 9.17992 8.64364 8.62055 8.58302 8.55675 8.2225
threshold=0.58757847547531139 0.44739343225955969 3.1908861398696904 1.0000000180025095e-35 0.68542924523353588 0 3.9279012680053715 68.500000000000014 0.27311578392982488 0.43614129722118383 0.38645555078983312 -0.02842360362410545 1 0.086335405707359328 0.14382489025592807 -0.096389226615428911 -0.83693176507949818 0.57305654883384716 2 0.051061308011412627 0.017658135853707794 3 -0.13675260543823239 3.0302597284317021 0.047642037272453315 57.500000000000007 0.17890020459890368 0.75386101007461559 0.010708865243941547 0.058733563870191581
decision_type=2 2 2 2 2 9 2 8 2 2 2 2 9 8 2 2 2 2 9 10 2 9 2 2 2 10 2 2 2 2
left_child=2 4 5 -4 8 27 -3 18 23 13 -9 14 -13 -10 19 -11 17 25 -5 -12 -14 -22 -15 -2 26 -7 -24 -1 -16 -26
right_child=1 6 3 7 -6 16 -8 10 9 15 11 12 20 22 28 -17 -18 -19 -20 -21 21 -23 24 -25 29 -27 -28 -29 -30 -31
leaf_value=0.016459246775249872 0.059440851933279706 0.04251225752225038 -0.096876699757504028 -0.018345747522144389 0.11002206033694779 -0.042992615265651464 0.079668239007428268 0.0069783513378379102 0.018790733793121326 0.086092759078003456 0.068325445352375613 0.010003961963788555 0.075017726960177014 0.10539223830048335 0.12130175422349827 -0.071644447137494072 0.071347413505592358 0.060308950570281877 0.051482373175692979 0.092650412308735441 -0.0090155144519280788 0.061244606746066757 0.08317293803934489 0.10023100127389094 0.058317616482781109 0.02520092861190272 0.12142706056392455 -0.041660500997797639 0.069418935986986161 0.092281401382450945
leaf_weight=73.699344022186779 59.686812510990421 251.14043307536485 10.77854775781452 33.224976422578038 586.0989245592209 25.84654516927003 242.66450415062718 31.128728903495357 30.400725345876708 8.0878316093294433 587.254240152688 68.325543074206507 687.45081785032016 189.9290402768238 113.86796508057887 11.483794600790132 159.84737399042206 103.07484924307209 60.317608349898364 290.86396610496013 42.115815108423703 153.03363754763996 1042.8867744831077 813.22136406776553 274.22497217037017 66.176686127670109 62.435334932350088 38.779165914816986 44.098662890617561 96.31675882700074
leaf_count=19867 1871 9513 16296 21444 1722 18140 1139 11931 4226 80 28621 7346 29229 1128 2940 264 29534 9180 25285 8987 3437 6402 9193 5049 3375 12124 276 9885 1728 920
internal_value=0 0.0870131 0.0639378 0.069644 0.0910948 0.0380276 0.0607714 0.0704939 0.0868095 0.0814001 0.0723605 0.0733848 0.0650625 0.0824139 0.081023 -0.0064607 0.0498089 0.034715 0.0302228 0.0763827 0.0684361 0.0487579 0.0835751 0.0974419 0.0807674 0.00604742 0.0853338 -0.00328649 0.106818 0.067146
internal_weight=0 3668.58 2589.88 2122.46 3174.77 467.424 493.805 2111.68 2588.67 1715.77 2018.14 1987.01 950.926 1696.19 1036.08 19.5716 354.945 195.098 93.5426 878.118 882.6 195.149 1665.79 872.908 1475.86 92.0232 1105.32 112.479 157.967 370.542
internal_count=301132 38756 262376 163646 28104 98730 10652 147350 26382 19462 100621 88690 46414 19118 42276 344 68978 39444 46729 37608 39068 9839 14892 6920 13764 30264 9469 29752 4668 4295
cat_boundaries=0 2 4 6 8
cat_threshold=2287356172 722571 553845120 589850 2352365839 6235371 1343488000 148321
is_linear=0
shrinkage=0.1


Tree=23
num_leaves=31
num_cat=0
split_feature=157 171 170 157 170 160 157 81 157 8 170 157 156 92 156 93 206 228 111 66 86 69 67 180 139 200 204 95 135 67
split_gain=59.2462 34.0861 32.0881 23.8136 26.1855 20.7233 20.1892 15.3686 13.8685 13.7921 13.714 13.3412 12.957 11.48 11.4393 10.286 10.1912 10.1381 15.4946 9.98757 12.0346 11.005 8.87289 8.84009 9.38233 10.3136 8.34977 12.3536 10.1402 9.37086
threshold=0.55457308888435375 0.44739343225955969 0.47643180191516882 0.65620106458663952 0.53612041473388683 1.0000000000000002 0.47217315435409551 0.42340287566185003 0.63753709197044384 0.17955233156681064 0.54398375749588024 0.33262132108211523 0.12838828563690188 0.88596472144126903 0.20483683049678805 0.18084443360567096 0.15251560509204867 -0.0031109465053305026 0.10781383514404298 5.4312329292297372 -0.84780490398406971 2.1861568689346318 4.8022503852844247 -0.13073661178350446 0.0070416945964097985 0.019716755487024788 -0.15701593458652494 -0.082656625658273683 0.016346984542906288 4.3346226215362558
decision_type=2 2 2 2 2 2 2 2 2 8 2 2 2 2 2 2 2 2 2 2 2 2 2 2 2 2 2 2 2 2
left_child=2 3 11 4 7 17 -4 13 15 -7 12 -1 -8 14 -2 -3 -14 22 -19 21 -21 -13 -6 24 25 -10 27 -5 -29 -28
right_child=1 8 6 26 5 9 10 -9 23 -11 -12 19 16 -15 -16 -17 -18 18 -20 20 -22 -23 -24 -25 -26 -27 29 28 -30 -31
leaf_value=-0.04351784902488854 0.1003296056392889 0.05731427674342026 0.016160524338360942 -0.099454975123674988 0.091451728763040099 -0.01526150553396363 0.080852533230128615 0.012465399100848616 0.059513689867399279 0.053625643978472026 0.020357453016272717 0.065073674314261962 0.045480589472676913 0.09352659578221055 0.069333466722335549 -0.0051909978353198716 0.10956348694771199 0.068122812408641403 -0.063951477331586334 0.025073876402022102 0.083222074010438823 0.096169827772669886 -0.052862293855891244 0.075202299640509396 0.081305881823137152 -0.028165965615525798 0.10274802921316124 0.089640334452635334 -0.051561478454639958 0.056121501897413099
leaf_weight=8.9966052979143551 160.89126334278262 54.56972253575077 161.09655820678563 4.3670014482340767 338.12173587340658 32.655812493096164 213.7668621398152 26.640385298553156 25.611554992559832 264.23549441112846 95.571753288048058 171.93937224257024 349.82706440822221 1533.5707202207705 458.01012199855177 50.870449764319346 26.711557468821411 251.08495084037713 9.2084188259832427 67.520423053010745 75.269893303357094 336.62301979730455 4.3147419071028699 330.69582387404807 33.018068931880407 28.173175697913393 1052.3479178560083 49.83118216539151 5.6639715335913925 44.944492612106842
leaf_count=6474 1264 3792 76110 39 6080 4661 24609 598 530 7251 30891 10459 32130 14511 6347 3913 1337 7254 426 12197 10722 28084 740 4864 508 399 3711 295 72 674
internal_value=0 0.0836504 0.0609006 0.086624 0.0820273 0.0676739 0.0480175 0.0879529 0.0595632 0.0460486 0.0554999 0.0774246 0.0611896 0.0888872 0.0773913 0.0271581 0.0500266 0.0783261 0.0634504 0.0790951 0.0557259 0.0856566 0.0896334 0.0677472 0.0393452 0.0135859 0.0988542 0.0624856 0.0752289 0.100838
internal_weight=0 4758.83 1507.32 4235.89 3078.73 899.621 846.974 2179.11 522.939 296.891 685.877 660.349 590.305 2152.47 618.901 105.44 376.539 602.73 260.293 651.353 142.79 508.562 342.436 417.499 86.8028 53.7847 1157.15 59.8622 55.4952 1097.29
internal_count=300942 67929 233013 53923 49132 26412 165077 22720 14006 11912 88967 67936 58076 22122 7611 7705 33467 14500 7680 61462 22919 38543 6820 6301 1437 929 4791 406 367 4385
is_linear=0
shrinkage=0.1


Tree=24
num_leaves=31
num_cat=0
split_feature=157 160 171 170 167 170 157 157 181 228 170 168 86 2 170 86 163 207 183 104 187 101 157 93 13 156 158 119 143 157
split_gain=50.5171 35.6896 28.3334 25.4004 18.8645 18.6373 17.0235 15.9955 15.4787 15.2217 13.6862 12.1602 11.5929 10.6881 10.9644 10.4286 15.4703 11.0633 10.0946 9.70782 10.054 11.1654 8.94287 16.1024 8.75389 10.9769 9.39007 8.94234 8.64449 8.64441
threshold=0.58757847547531139 1.0000000000000002 0.33477982878685003 0.45447091758251196 2.5000000000000004 0.48147568106651312 0.68542924523353588 0.42969046533107763 -0.1123819127678871 0.15191275626420978 0.47976209223270422 3.0737138986587529 -1.0848382115364072 0.019900989718735222 0.54824271798133861 -1.1529442071914671 -0.43543335795402521 -0.140033483505249 -0.18851256370544431 -0.079982116818428026 0.047951694577932365 -0.0033104422036558385 0.65620106458663952 0.13020090758800509 0.025105042383074764 0.13367697596549991 1.0000000180025095e-35 0.075398515909910216 0.051526252180337913 0.46475408971309667
decision_type=2 2 2 2 2 2 2 2 2 2 2 2 2 8 2 2 2 2 2 2 2 2 2 2 8 2 2 2 2 2
left_child=1 5 6 29 11 12 10 -7 -9 -6 -2 -5 -1 14 -10 16 -12 -17 -14 -13 21 -21 23 -4 28 -26 -27 -28 -19 -3
right_child=2 3 22 4 9 7 -8 8 13 -11 15 19 18 -15 -16 17 -18 24 -20 20 -22 -23 -24 -25 25 26 27 -29 -30 -31
leaf_value=0.056754724380166412 0.10350829093569983 0.0388838689760337 0.10367949020946306 0.0032525937410376286 -0.015815714435581548 -0.0034062458321384168 0.10616002423373017 0.098572987841926696 0.05233651056873171 0.11535903036439564 0.065854369837031912 0.026844787536802934 0.033611166896308269 0.06847546434413089 -0.028313347549996794 0.11283412488468794 -0.061191577969624135 0.067295525652743243 0.097418871370130208 0.064242297920266311 0.078660165419594918 0.022796596166218031 0.07313630693066113 0.026508113395419239 0.11621170661362908 0.059217803241137713 0.08698904111413143 0.039347769556813392 -0.079883127447181401 0.089347168463649082
leaf_weight=93.991826797133399 398.59070109899039 41.113925038733214 35.411554369988153 53.448733082141189 77.499617698927977 30.570800287507154 532.94197969016386 158.76715620731557 65.216111108336918 9.9862398371515138 62.847398932673968 111.77470409205853 25.943935821613195 700.21056379137735 22.732807148157008 130.44639755533717 11.309393802308476 233.8889993174962 559.23277338532353 163.9907155124165 172.93626179017519 107.68209676692277 429.30047366597864 114.34849863724958 107.37174136389513 148.32558145158691 1396.7086051117221 40.542564417351969 4.0599799838091704 194.69688139786012
leaf_count=8274 2573 11646 1060 16500 17894 21261 1547 10386 17317 610 399 12466 3259 48403 9604 846 429 8040 35184 18009 14773 11926 5433 5611 568 1333 10450 335 237 4657
internal_value=0 0.067819 0.086084 0.0521772 0.0425829 0.0766293 0.0899144 0.0677882 0.0700867 -0.000842523 0.0864978 0.0488126 0.0893538 0.0643484 0.0314903 0.0833228 0.046479 0.0846482 0.0945899 0.0531893 0.0598124 0.0478146 0.0657963 0.0447557 0.0827441 0.0852684 0.083173 0.0856452 0.0647843 0.0805488
internal_weight=0 2589.8 3646.09 933.129 697.318 1656.67 3067.03 977.497 946.927 87.4859 2534.09 609.833 679.169 788.159 87.9489 2135.5 74.1568 2061.34 585.177 556.384 444.609 271.673 579.061 149.76 1930.9 1692.95 1585.58 1437.25 237.949 235.811
internal_count=301030 262169 38861 108481 92178 153688 26757 106971 85710 18504 25210 73674 46717 75324 26921 22637 828 21809 38443 57174 44708 29935 12104 6671 20963 12686 12118 10785 8277 16303
is_linear=0
shrinkage=0.1


Tree=25
num_leaves=31
num_cat=2
split_feature=157 93 160 237 156 170 182 168 5 86 93 65 4 86 158 10 127 127 168 159 63 148 105 230 157 237 175 181 13 170
split_gain=49.2475 34.4656 33.6986 26.146 15.4805 13.6172 15.5142 15.4293 13.4105 11.9537 11.4529 11.0745 11.0351 11.0262 10.8008 10.538 9.42213 9.41495 9.32892 10.222 13.7283 11.8099 12.7824 9.97942 9.02735 8.98962 8.97778 9.67521 8.94823 8.89525
threshold=0.61261695623397838 0.30615940690040594 1.0000000000000002 0 1.0000000180025095e-35 0.48147568106651312 -0.12246640026569365 3.7656363248825078 0.091094873845577254 -1.0273787379264829 0.18084443360567096 109.50000000000001 0.13506756722927096 -1.0127057433128355 0.18333333730697635 199.50000000000003 -0.038605816662311547 0.021963830105960373 3.1560511589050297 0.59428077936172496 0.2193035036325455 -0.039213977754116051 0.041077651083469398 0.029923612251877788 0.46092028915882116 1 0.065255325287580504 0.019970572553575042 0.017637178301811222 0.44100475311279302
decision_type=2 2 2 9 2 2 2 2 10 2 2 2 8 2 2 8 2 2 2 2 2 2 2 2 2 9 2 2 10 2
left_child=2 13 4 8 -1 9 -7 12 14 -6 26 -9 24 15 29 16 -2 -18 19 20 21 22 -15 -22 -8 -17 27 28 -5 -4
right_child=1 -3 3 10 5 6 7 11 -10 -11 -12 -13 -14 18 -16 25 17 -19 -20 -21 23 -23 -24 -25 -26 -27 -28 -29 -30 -31
leaf_value=-0.085594765188739055 -0.12429554995300528 0.06115781765885564 0.09219933921755645 -0.012963143138254828 0.06682760032132963 0.038185996607614903 0.021520242779739081 0.096304305267259485 0.08880636860647749 0.096707062666236313 0.0045252165982789753 0.02198824598354358 0.051726021237629552 0.048018158375631316 0.069150322186682919 0.012784142873593163 0.07232684191489662 -0.061714245647663472 0.10046329315139793 0.10030067649122749 -0.073005402175652698 0.08299048851606268 -0.14515327192668867 0.1095364808832795 0.079141037856337706 0.088502415856073435 0.08673354622930439 0.05898073005889122 0.037021918567316861 0.01721879359113835
leaf_weight=5.6897263983137227 3.7732890774350372 368.29853773048671 19.702835840298576 46.685726807892934 171.56744300124046 113.26103560825868 28.515046309123136 397.66906165266846 280.35366623844129 609.73203116500372 83.873198116605636 21.116851762650185 255.44113794165969 13.575181110500127 358.46080028096912 34.488885290746111 24.062645233818333 6.6989642724802243 1582.3153043456623 227.78650401209597 10.703527650592148 234.29808028493426 4.5816358323500017 4.158429465169319 584.91267091775808 265.57084919737827 46.004599316762324 149.70834940117493 153.79933739006992 80.327197029442686
leaf_count=11337 183 5705 1154 13728 11000 9753 16537 12829 16648 32248 11501 989 27873 159 27914 249 731 348 9061 3056 418 2445 87 101 39113 1676 5444 13637 14334 10926
internal_value=0 0.0896507 0.0717151 0.0583904 0.0791385 0.079568 0.0736688 0.0767898 0.0706216 0.0901458 0.0373177 0.092557 0.0691902 0.0940014 0.0610425 0.0771542 0.024843 0.0431367 0.0967148 0.0847349 0.071471 0.0769695 -0.000726131 -0.0219295 0.0764625 0.0831749 0.0452016 0.0397456 0.0253822 0.0319877
internal_weight=0 2780.31 3406.82 1218.92 2187.91 2182.22 1400.92 1287.65 738.844 781.299 480.071 418.786 868.869 2412.01 458.491 334.595 34.5349 30.7616 2077.42 495.103 267.317 252.455 18.1568 14.862 613.428 300.06 396.198 350.193 200.485 100.03
internal_count=301184 24219 276965 115286 161679 150342 107094 97341 56642 43248 58644 13818 83523 18514 39994 3187 1262 1079 15327 6266 3210 2691 246 519 55650 1925 47143 41699 28062 12080
cat_boundaries=0 2 4
cat_threshold=1469328613 58481 67108997 524416
is_linear=0
shrinkage=0.1


Tree=26
num_leaves=31
num_cat=2
split_feature=86 13 65 168 10 86 156 166 171 237 156 63 13 92 156 163 11 170 134 165 179 158 170 177 85 237 148 156 199 191
split_gain=49.5412 28.1155 22.3227 21.4663 19.2306 14.9542 14.5276 12.7777 12.3092 11.625 11.0778 10.4723 12.8802 10.3974 10.0208 8.80489 9.5903 8.74936 11.3197 10.6122 19.5469 9.44014 8.89338 11.8782 8.6649 11.4063 9.63492 8.48657 8.45482 8.43531
threshold=-0.93589836359024037 0.0072203108575195083 1.5000000000000002 3.2875741720199589 14.500000000000002 -1.1817154288291929 1.0000000180025095e-35 0.8878503441810609 0.44739343225955969 0 0.044610282406210906 0.40118452906608587 0.08631784096360208 0.94231101870536815 0.57259953022003185 0.31647019088268286 0.062370331957936294 0.47976209223270422 -0.010092944372445343 103.50000000000001 0.027116273529827598 0.29166667163372045 0.5820605754852296 -0.014727727975696324 49.500000000000007 1 0.021650709211826328 0.048980407416820533 -0.028134910389780995 0.13431488722562793
decision_type=2 8 2 2 8 2 2 2 2 9 2 2 8 2 2 2 8 2 2 2 2 2 2 2 2 9 2 2 2 2
left_child=1 -1 3 11 -2 7 -6 9 17 -4 -5 12 -3 -13 27 24 -17 18 -8 -20 -21 -19 -23 29 -12 26 -26 -7 -29 -24
right_child=4 2 5 10 6 14 8 -9 -10 -11 15 13 -14 -15 -16 16 -18 21 19 20 -22 22 23 -25 25 -27 -28 28 -30 -31
leaf_value=-0.020334624626331815 -0.027772508441834168 0.046064427903635539 0.054763386401300566 -0.019091059436427218 -0.092095463157439175 0.034048047965563481 0.10851584100932264 0.074043548984641508 0.062147607056183655 -0.0063934344822313173 0.085750081212386475 -0.059309533079892167 -0.032331803553433604 0.17572424118430199 0.03833728003746787 0.063028611381948887 -0.067254921940426884 0.077803413963513465 0.090117286523008822 0.079653118279037941 -0.073393267288586431 0.092168951387392062 0.014931757811627014 0.086280278039600936 -0.012914784436577993 0.066096999136162765 0.10414317258036276 0.094872201432521591 0.07617899468045547 0.099341133964006206
leaf_weight=37.176240999700894 15.070443706243166 111.40191564309498 61.848023069887859 16.005516236531548 4.6059316589526125 35.674609468893323 383.78868580765266 134.47128862955287 211.91971811595067 58.15978144921246 177.3508214372705 22.473726490698031 25.813299723751697 2.0542278988577882 55.40540322047309 12.695223612085103 10.181290718086528 1281.045254055105 492.10465817397198 30.460221826811903 11.494141005845448 1401.2993675625985 50.207947351886105 141.64287264284212 42.180595377431018 211.5534492185252 8.4380968940095027 404.04747952607431 603.12882207556686 15.492213513338355
leaf_count=26324 24729 10171 3201 7373 10420 10807 14052 2624 11819 4929 3430 3008 5080 64 570 2077 2570 60219 19638 1239 814 35463 1818 2574 1855 5243 217 10592 17905 210
internal_value=0 0.0658295 0.0674369 0.0520518 0.0849787 0.0747175 0.085401 0.0528751 0.0856044 0.0291553 0.0626995 0.0205582 0.0313163 -0.0396253 0.0797786 0.0655306 0.00504537 0.0869099 0.0954156 0.0860013 0.0377233 0.0842083 0.0893088 0.0699792 0.0686787 0.0571305 0.00551013 0.0819803 0.0836781 0.0348356
internal_weight=0 2030.06 1992.88 640.148 4039.13 1352.74 4024.06 254.479 4019.46 120.008 478.405 161.743 137.215 24.528 1098.26 462.399 22.8765 3807.54 917.848 534.059 41.9544 2889.69 1608.64 207.343 439.523 262.172 50.6187 1042.85 1007.18 65.7002
internal_count=301035 118040 91716 41088 182995 50628 158266 10754 147846 8130 22765 18323 15251 3072 39874 15392 4647 136027 35743 21691 2053 100284 40065 4602 10745 7315 2072 39304 28497 2028
cat_boundaries=0 2 4
cat_threshold=2752516321 1462691 39935360 395545
is_linear=0
shrinkage=0.1


Tree=27
num_leaves=31
num_cat=3
split_feature=86 166 88 7 237 12 12 158 8 207 237 182 171 170 160 16 129 194 173 198 144 173 171 119 207 136 139 115 66 237
split_gain=41.5702 33.1035 29.2565 23.2929 17.7551 14.5012 13.798 12.5782 10.9717 10.6445 10.2545 10.1565 10.0478 9.61224 13.9925 11.3209 9.57996 9.43281 8.66733 8.59025 8.4486 9.62774 7.88961 9.11707 9.387 7.98776 7.86839 7.84342 7.82986 11.8911
threshold=-0.87488579750061024 0.59378194808959972 0.81008261442184459 0.10084745660424234 0 77.500000000000014 14.500000000000002 0.18333333730697635 0.21764726936817172 -0.12978826463222501 1 -0.080040879547595964 -0.017047430388629433 0.51491400599479686 2.0000000000000004 1.5000000000000002 -0.013059482909739016 -0.098018985241651521 -0.16232840716838834 0.19951036572456363 0.025335629470646385 0.38819348812103277 0.044439973309636123 0.040356865152716644 0.051771970465779311 0.00097616488346830021 0.018013386055827144 -0.059385808184742921 5.4312329292297372 2
decision_type=2 2 2 10 9 8 8 2 10 2 9 2 2 2 2 2 2 2 2 2 2 2 2 2 2 2 2 2 2 9
left_child=1 2 3 4 -1 10 -2 28 12 16 -3 19 -5 18 -15 -16 -8 -18 27 -9 21 -17 -13 24 -24 26 -26 -11 -7 -30
right_child=6 5 -4 8 -6 7 9 11 -10 13 -12 22 -14 14 15 20 17 -19 -20 -21 -22 -23 23 -25 25 -27 -28 -29 29 -31
leaf_value=-0.028812974564235417 -0.020539936846802366 -0.028433797501189819 -0.021853330946438529 0.072089946380953937 0.042969145548598583 0.068449053786489494 0.11947411723236384 0.067254958226708697 0.085180196902372968 -0.019522150276802489 0.049325269804910053 0.090741291086448017 0.02932251463759715 0.082903639855954725 -0.10391888682242729 0.06950230465188148 -0.018142457224951315 0.090498855750535137 0.094872676415462681 -0.15018669203332569 -0.029171764898314273 -0.060659691164057616 0.075290424529445413 0.1060865639299359 0.091909521880207318 0.0010441844043779008 -0.059336932608743009 0.077738822084431503 0.052291128186682911 -0.031487885838547461
leaf_weight=44.631662904435871 11.925889368629212 19.070528314143303 52.163070566453825 122.25973701362818 95.280370822883924 408.44493728078123 182.10149325610291 318.3417023949969 199.64973880261095 8.5877936555098113 46.989718535274733 923.36379710960136 99.7582283822303 1486.4409446826867 4.7042474637037222 105.11570201740506 8.7438453375561931 92.934531677985433 1211.4525191220146 1.8272832089678548 11.06256559579924 6.0074916270677923 205.31405629951951 66.412331021629143 25.059857861899221 36.897859062133648 3.9868895141844396 240.24673956935294 45.668014626944569 18.912594003939375
leaf_count=17490 21210 6869 10635 12929 17496 17187 3517 8024 9505 497 10730 21830 8812 51654 706 3979 897 3681 51784 225 687 273 4389 1422 377 865 80 9841 1977 1967
internal_value=0 0.0702366 0.0497844 0.0564386 0.0210826 0.0761567 0.0868326 0.0776398 0.0681699 0.087214 0.03004 0.0819197 0.0528735 0.0855031 0.0801827 0.048308 0.105745 0.0811562 0.0913811 0.066014 0.0541688 0.0624655 0.085958 0.0728781 0.0647477 0.0319237 0.0711498 0.0743821 0.0633332 0.0309775
internal_weight=0 2734.03 613.743 561.58 139.912 2120.29 3369.32 2054.23 421.668 3357.4 66.0602 1581.2 222.018 3073.62 1613.33 126.89 283.78 101.678 1460.29 320.169 122.186 111.123 1261.03 337.671 271.259 65.9446 29.0467 248.835 473.026 64.5806
internal_count=301535 152809 76867 66232 34986 75942 148726 58343 31246 127516 17599 37212 21741 119421 57299 5645 8095 4578 62122 8249 4939 4252 28963 7133 5711 1322 457 10338 21131 3944
cat_boundaries=0 2 4 6
cat_threshold=2767252994 5333148 2310094108 468388 1478017292 1118266
is_linear=0
shrinkage=0.1


Tree=28
num_leaves=31
num_cat=0
split_feature=86 157 3 158 170 166 0 88 170 171 168 13 160 90 109 186 206 0 144 138 100 156 182 99 92 118 179 88 206 128
split_gain=51.803 31.4386 22.258 19.535 17.5845 13.7401 12.8517 11.6691 11.4157 11.2154 10.9916 9.98525 9.82178 13.6065 9.65124 9.23022 9.22968 9.09641 8.86977 8.44947 8.1782 7.81292 8.08661 8.86735 8.15826 7.53761 7.52681 7.51962 7.26082 7.91692
threshold=-0.87488579750061024 0.61261695623397838 0.09175084158778192 0.22500000149011615 0.57068678736686718 0.81516075134277355 0.15412896126508716 0.81008261442184459 0.41605599224567419 -0.0079704159870743734 2.8686604499816899 0.044623587280511863 1.0000000000000002 1.6742346882820132 0.025962376035749916 -0.07848722860217093 0.071678724139928832 0.35857143998146063 -0.027194430120289322 0.0069024357944726953 0.2274129539728165 0.029557367786765102 -0.019379682838916775 -0.025313702411949631 0.85686516761779796 0.022733108140528206 0.16019584983587268 0.61550182104110729 0.057565374299883849 -0.0039437266532331696
decision_type=2 2 8 2 2 2 10 2 2 2 2 10 2 2 2 2 2 10 2 2 2 2 2 2 2 2 2 2 2 2
left_child=2 4 6 5 8 7 -1 11 -2 16 26 -4 14 -14 20 -9 28 -3 -6 -16 -12 -7 24 -24 25 -23 -10 -19 29 -5
right_child=1 17 3 9 18 21 -8 15 10 -11 12 -13 13 -15 19 -17 -18 27 -20 -21 -22 22 23 -25 -26 -27 -28 -29 -30 -31
leaf_value=-0.050173758425543606 0.12042219488731032 0.098773084110760204 0.039819723527279402 0.089416425213720618 0.094823406020723852 -0.013088767568455409 0.040363285849967206 -0.089121049302964522 0.037952298488947239 0.067181869166129934 0.09378057179956617 0.073900577224069647 0.0076421674733653591 0.074112002704966914 0.084512562893610976 0.021234785171790897 0.1012528486636451 -0.067447076117262444 0.019634395538084465 0.048534341324281388 -0.099940003613324335 0.054015450784890152 0.10966978584941839 0.071855685486606355 0.068785224491441616 -0.013699145160150764 0.14552686620396144 0.066202524053612252 0.041828532060087249 0.066169228862537066
leaf_weight=20.385905676870607 69.042442420523003 1565.823426160845 242.66462813364524 425.96267038752376 20.007710487016084 11.230879450333303 67.899284841381814 9.4408918575172702 87.989757657669543 629.62283734018274 697.61239549173297 133.13300025162971 32.837845699703394 495.32006467597876 176.55156055189582 38.434378140354966 242.07459211146488 4.8238436364626969 72.690565938983127 103.56661009310665 2.1860736923517825 44.72719716069696 84.270896491063468 234.79545425272954 194.67460452811792 25.991524560813559 7.0233312805230517 33.07096747741889 49.876217739554704 223.28057322537097
leaf_count=20198 4721 10758 27235 12967 1930 4807 14254 1622 13329 19397 41635 8635 5098 40608 10181 4556 10915 209 10629 7806 242 1173 2054 6680 5512 885 1051 827 2133 8981
internal_value=0 0.0874671 0.068834 0.070517 0.0782578 0.0597365 0.0194574 0.0459699 0.0806081 0.0775129 0.0788934 0.0518935 0.0809718 0.0699793 0.0868965 -0.000527129 0.084424 0.0976015 0.035863 0.0712105 0.0931754 0.0695277 0.0711152 0.081843 0.0582179 0.029128 0.0459042 0.0491895 0.0785969 0.0814215
internal_weight=0 3368.55 2678.47 2590.18 1764.83 1019.36 88.2852 423.673 1672.13 1570.82 1603.09 375.798 1508.07 528.158 979.917 47.8753 941.194 1603.72 92.6983 280.118 699.798 595.691 584.46 319.066 265.393 70.7187 95.0131 37.8948 699.119 649.243
internal_count=301028 149024 152004 117552 137230 63159 34452 42048 124671 54393 119950 35870 105570 45706 59864 6178 34996 11794 12559 17987 41877 21111 16304 8734 7570 2058 14380 1036 24081 21948
is_linear=0
shrinkage=0.1


Tree=29
num_leaves=31
num_cat=1
split_feature=237 163 170 156 156 63 158 13 10 186 13 0 132 145 114 130 74 153 176 192 88 160 90 93 171 145 13 121 187 168
split_gain=28.7692 18.5564 15.3824 16.9505 14.8346 14.2004 13.0948 10.4924 10.0736 10.0611 9.87688 9.009 10.6329 10.7261 9.03434 9.87206 8.72119 8.63172 8.50172 8.15128 8.13761 7.83923 9.62349 9.29052 11.2955 11.516 9.13274 8.81249 7.80879 7.79051
threshold=0 0.35440000891685491 0.47643180191516882 0.044610282406210906 0.27311578392982488 0.29273687303066259 0.29166667163372045 0.026141942478716377 567.50000000000011 0.16578824818134311 0.038546442985534675 0.26138716936111456 0.0087239183485507982 -0.025725523009896275 -0.029886689037084576 0.033724039793014533 0.017392619512975219 -0.021505132317543026 -0.22244351357221601 -0.12402356043457984 0.8045029640197755 1.0000000000000002 2.6496554613113408 -0.057782564312219613 -0.022041983902454373 0.010050130076706411 0.057443765923380859 0.065809894353151335 -0.013434386812150477 3.1970797777175908
decision_type=9 2 2 2 2 2 2 8 10 2 8 10 2 2 2 2 2 2 2 2 2 2 2 2 2 2 10 2 2 2
left_child=4 2 16 -4 6 -3 9 -5 10 29 -6 12 14 -14 19 -16 17 -2 -9 -12 -8 27 23 28 -25 -26 -24 -20 -23 -1
right_child=1 5 3 7 8 -7 20 18 -10 -11 11 -13 13 -15 15 -17 -18 -19 21 -21 -22 22 26 24 25 -27 -28 -29 -30 -31
leaf_value=0.038430746213805753 -0.011135893769137949 0.068655830173243115 0.022013651029092359 0.066615897736531579 0.033869045436998813 -0.0020300065239261468 0.090314981878929362 0.11176694559632015 0.072918754998554977 0.10646655062028072 0.13917146886095177 0.091587302451329067 -0.064496920724109383 0.037424009233344643 0.08013918452022345 -0.070667713135820348 0.10367976245369739 0.084126415443930666 0.092867389223773966 0.012890568483896038 0.040385953829680736 0.070909183220326286 -0.065537524082833892 0.074789391823431736 0.045075323143919731 -0.082800171551763738 0.063160174173787442 0.070760285235373255 0.099942127067859154 0.067581391417676162
leaf_weight=111.56872363427647 10.106856025588057 260.98529181065715 44.224830104480134 293.76586119247804 220.26102005366556 31.893849670795134 492.86703607338313 127.55025330006902 309.83184868807439 56.44521388717294 5.7819426026544525 74.801288410380948 11.926009861315832 76.944966102411854 161.27455377888691 4.4608203201787537 697.56919117057805 161.50783569713894 1227.3670142845003 44.083777124324115 34.958364585190793 143.91901777264138 8.92259355512215 312.13325884249207 44.001622924624826 8.3844021976838103 14.433246340748154 211.36927416884282 260.00772114477877 514.25902114334622
leaf_count=21212 493 63204 15961 20950 10457 11181 26310 2737 3268 3822 75 878 351 1454 2460 162 21044 5005 21868 760 2791 2808 495 9481 1282 521 302 3484 4106 42031
internal_value=0 0.084935 0.0871429 0.0834134 0.0676098 0.0609583 0.0751812 0.0844373 0.0582779 0.0660315 0.0507117 0.060493 0.0528538 0.0237468 0.0648518 0.0760802 0.0987114 0.0785162 0.0866575 0.0275329 0.0870081 0.0852216 0.0772304 0.0791524 0.0675778 0.0246088 0.013994 0.0896196 0.0895977 0.0623846
internal_weight=0 3858.14 3565.26 2696.08 2119.46 292.879 1210.1 2651.85 909.366 682.273 599.534 379.273 304.472 88.871 215.601 165.735 869.184 171.615 2358.09 49.8657 527.825 2230.54 791.802 768.446 364.519 52.386 23.3558 1438.74 403.927 625.828
internal_count=300953 184922 110537 83995 116031 74385 96166 68034 19865 67065 16597 6140 5262 1805 3457 2622 26542 5498 47084 835 29101 44347 18995 18198 11284 1803 797 25352 6914 63243
cat_boundaries=0 2
cat_threshold=2189100559 5178287
is_linear=0
shrinkage=0.1


Tree=30
num_leaves=31
num_cat=0
split_feature=86 6 157 170 171 157 194 12 168 157 156 160 86 157 160 176 168 210 180 150 161 99 13 157 161 159 75 204 107 65
split_gain=48.0248 23.2523 22.1022 21.8848 19.489 17.1113 12.7644 11.7143 13.031 11.3534 12.6281 10.8347 10.5607 10.6066 10.0757 9.8342 9.39768 9.39149 9.34349 10.3696 10.233 8.51138 8.12005 8.09774 9.49422 8.07672 8.02928 9.42961 8.68102 7.98965
threshold=-0.87488579750061024 1.0000000180025095e-35 0.65620106458663952 0.51710355281829845 -0.0079704159870743734 0.37869377434253698 0.06364197283983232 341.00000000000006 3.1285945177078252 0.50392878055572521 0.13367697596549991 1.0000000000000002 -1.1817154288291929 0.63753709197044384 1.0000000000000002 0.18997595459222796 2.7420567274093632 -0.099271245300769792 -0.20279803127050397 0.018439221195876602 2.7361341714859013 0.19127815216779712 0.020654105581343177 0.65620106458663952 3.4914170503616337 0.035799929872155196 0.033060109242796905 0.15601544082164767 0.01887079514563084 4.5000000000000009
decision_type=2 8 2 2 2 2 2 10 2 2 2 2 2 2 2 2 2 2 2 2 2 2 8 2 2 2 2 2 2 2
left_child=1 14 3 9 5 -3 16 8 -6 10 -2 18 -13 17 23 21 -5 -14 19 -7 -20 -8 -10 24 -1 -19 27 -18 -29 -22
right_child=2 4 -4 6 7 11 15 -9 22 -11 -12 12 13 -15 -16 -17 26 25 20 -21 29 -23 -24 -25 -26 -27 -28 28 -30 -31
leaf_value=0.074845404057097401 0.091082240471035164 -0.013136775227453566 0.10103529120895377 0.030228079869909958 0.013502027872466391 0.060902063193566419 0.057301582066726066 0.073289275054715872 0.018511298502925124 0.093730420107122084 0.04734278966830674 0.02145698933185999 0.021035412857637919 0.098233923928269143 -0.037360062102020343 -0.039653146312977346 0.073585784742452545 -0.069166158643701486 0.037453028445003637 -0.079326208032507131 0.080962710925877701 -0.092683708533166986 0.060245813609615541 0.10114504083796337 -0.022086357149796454 0.070902953805501739 0.089757976440262122 0.049391430724309959 -0.071393498316078996 0.10035339402380666
leaf_weight=16.734636879133177 143.09763846660462 20.718370965967551 782.8320435382775 41.552977406610808 80.374587343931125 62.703052591528831 212.24622406628805 380.23456270830684 51.208525711024777 1214.1960964673854 122.52395423901908 46.436729787375953 46.069604128599167 113.11421454051742 24.768474047059499 11.660409711734244 380.92659394198563 4.168237367332039 39.172506598024484 5.7576205279838168 470.65387789703618 3.8522509470385549 520.22816524918926 15.339615673481601 25.505815362108478 333.01084531807101 368.09178857528786 20.488962358545908 8.385772159572296 387.39147020414384
leaf_count=10390 40475 10878 3635 4178 9244 2594 15702 8195 4346 23729 16035 2993 2669 532 16371 1448 22174 662 1420 384 20694 485 19780 684 13126 17312 19223 893 580 10078
internal_value=0 0.0682768 0.0863533 0.0818051 0.0699585 0.0771246 0.0707425 0.0593402 0.051203 0.0896336 0.0709064 0.0783643 0.0670603 0.0713266 0.015973 0.049801 0.0765631 0.0633851 0.0847183 0.0491087 0.0874354 0.0546279 0.0565058 0.0389146 0.0163156 0.0691714 0.0790382 0.0694094 0.0143132 0.0897172
internal_weight=0 2643.59 3309.85 2527.02 2561.24 1529.2 1047.2 1032.05 651.811 1479.82 265.622 1508.48 542.8 496.363 82.3485 227.759 819.446 383.249 965.679 68.4607 897.218 216.098 571.437 57.5801 42.2405 337.179 777.893 409.801 28.8747 858.045
internal_count=300909 152352 148557 144922 111781 70216 64683 41565 33370 80239 56510 59338 24168 21175 40571 17635 47048 20643 35170 2978 32192 16187 24126 24200 23516 17974 42870 23647 1473 30772
is_linear=0
shrinkage=0.1


Tree=31
num_leaves=31
num_cat=0
split_feature=86 157 166 86 160 12 179 121 168 201 7 120 51 3 152 156 156 228 8 157 66 194 201 66 158 228 153 106 157 184
split_gain=47.3964 20.7781 19.2492 21.6453 13.1592 12.9149 11.724 10.9701 8.94208 9.06728 11.9412 8.12411 8.1028 8.09352 7.32558 7.23974 7.89594 7.62413 8.87436 7.23798 7.76836 7.08913 7.86315 7.01316 6.94443 8.68502 6.86131 7.14597 6.83099 6.81322
threshold=-0.84780490398406971 0.59515219926834118 0.89823457598686229 -1.1817154288291929 1.0000000000000002 269.00000000000006 0.29804916679859167 0.051499282941222198 3.1163240671157841 -0.14296221733093259 0.12403846159577371 0.068125806748867049 1.0000000180025095e-35 1.0000000180025095e-35 0.064821813255548491 0.15821565687656405 1.0000000180025095e-35 -0.02800409588962793 0.29283060133457189 0.62362465262413036 6.3889720439910898 -0.10953824967145918 0.010286363773047926 3.4181959629058842 1.0000000180025095e-35 0.064778786152601256 0.019567628391087059 -0.0061696360353380433 0.39333544671535497 -0.11136342585086821
decision_type=2 2 2 2 2 10 2 2 2 2 10 2 2 8 2 2 2 2 8 2 2 2 2 2 2 2 2 2 2 2
left_child=2 6 3 5 13 11 7 14 23 10 -10 12 -1 -5 15 16 -2 -17 29 20 21 -11 -23 -6 25 -18 -22 -28 -4 -19
right_child=1 -3 28 4 8 -7 -8 -9 9 19 -12 -13 -14 -15 -16 17 24 18 -20 -21 26 22 -24 -25 -26 -27 27 -29 -30 -31
leaf_value=0.029131119773263305 -0.10039945109912976 0.095176656867160314 -0.0053169690463572457 -0.0034065344468243806 0.046485758121170749 0.064334259977888927 0.12727611436776745 0.051736522669828477 -0.071361925702065107 0.096548589891932379 0.052897007970253457 0.10706272210208374 -0.023374832684768993 0.07564399985976715 0.029072196707223941 0.058639608851919572 0.081178599871766191 0.094743500002933773 0.093956974498062201 0.082287498663942638 -0.030705542328718072 0.071261937122764477 0.033923135722460147 -0.012165649114946255 0.10126859133237383 -0.01328723549744623 0.1258506445025693 -0.076842403662641057 0.08138484388044219 0.054896622408152657
leaf_weight=72.048599737536279 2.1057005321135867 1731.8704348779793 9.163354563435858 13.116653567160027 63.071230543240745 86.055469742801506 47.179038244144976 156.39146826212891 11.476351613189761 46.533010860552167 23.715583548968425 8.8277216539463534 49.642031289353326 1030.1197075428072 27.426629269406476 195.70781447505942 72.292630367217498 60.552377520572918 271.74565949440512 159.10189220950269 18.103148874537514 119.86406733151307 106.52068619322563 30.124692730407332 283.38397280920071 11.246498692937164 6.9464262049405079 2.3203310738244891 1092.646417430331 147.2825779793784
leaf_count=9765 6900 16057 4927 14608 6930 2511 6424 16187 1229 2739 987 728 8016 55743 2780 12757 11502 3193 8352 1614 6466 9721 9275 8425 35101 1875 1086 1109 21277 13023
internal_value=0 0.0880436 0.0702024 0.0639638 0.0679079 0.0342605 0.078357 0.0764778 0.0559413 0.0612955 0.0123752 0.0144317 0.00771203 0.0746501 0.0800881 0.0814279 0.092691 0.0752729 0.0820606 0.0650431 0.0559064 0.0609999 0.0536929 0.0275273 0.0937992 0.0684611 0.00511677 0.0750977 0.0806638 0.0665059
internal_weight=0 3007.18 2949.4 1847.59 1631.01 216.574 1275.31 1228.14 587.777 494.581 35.1919 130.518 121.691 1043.24 1071.74 1044.32 369.029 675.288 479.581 459.39 300.288 272.918 226.385 93.1959 366.923 83.5391 27.3699 9.26676 1101.81 207.835
internal_count=301307 134151 167156 140952 119932 21020 118094 111670 49581 34226 2216 18509 17781 70351 95483 92703 55378 37325 24568 32010 30396 21735 18996 15355 48478 13377 8661 2195 26204 16216
is_linear=0
shrinkage=0.1


Tree=32
num_leaves=31
num_cat=0
split_feature=86 86 163 170 160 13 161 213 16 199 170 85 100 159 160 144 213 233 86 208 230 138 161 223 145 12 99 213 197 150
split_gain=46.3055 17.2911 14.8746 12.7689 11.2045 10.9601 10.6847 10.4957 11.8298 10.8686 8.78725 9.42869 8.69945 8.0974 8.31071 7.79366 13.3871 7.63609 7.3714 8.50433 10.1153 7.29255 7.23087 7.55239 7.94445 6.9535 6.61682 7.49242 6.80413 12.6079
threshold=-0.91503310203552235 -1.1817154288291929 -0.40082867443561548 0.51491400599479686 1.0000000000000002 0.013311184942722322 2.7361341714859013 -0.12990547716617581 1.0000000180025095e-35 0.032338645309209831 0.61243727803230297 47.500000000000007 0.074506476521492018 1.6626530885696413 1.0000000000000002 0.035021260380744941 0.042333602905273444 0.0828261934220791 -0.59688934683799733 -0.035049147903919213 -0.10742967203259467 0.034902662038803108 3.6510230302810673 0.096807148307561888 -0.0084644337184727175 31.500000000000004 0.045614790171384818 0.15209884196519854 0.13227168470621112 0.032756431028246887
decision_type=2 2 2 2 2 8 2 2 2 2 2 2 2 2 2 2 2 2 2 2 2 2 2 2 2 8 2 2 2 2
left_child=1 2 -1 6 10 -3 12 -6 9 -9 18 -12 -2 14 -7 21 -17 -4 19 26 -21 -10 -22 -24 -25 -8 27 28 -5 -30
right_child=3 5 17 4 7 13 25 8 15 -11 11 -13 -14 -15 -16 16 -18 -19 -20 20 22 -23 23 24 -26 -27 -28 -29 29 -31
leaf_value=0.058947051810647202 0.041821343010843171 0.030678960317842719 -0.0011668648962678944 0.066882082642090099 0.11795105931590395 0.076497034707915537 0.030926747817330208 -0.068292744478854611 0.075301192790716676 0.059165577120978287 -0.077666020022296139 0.060033670318642374 0.11135290902383127 0.093286705358926192 0.061293953782965108 -0.056405716985440682 0.097708157514500765 0.083167491725918086 0.1029530282770037 0.017245260718721993 0.10007053787518004 0.035794114648618459 0.083190458969261583 -0.087624206292860857 0.056469781288502156 0.09424511769850448 0.090890057704773625 -0.10548059559278818 0.036550769125498692 -0.20648036745308104
leaf_weight=285.3002793574924 71.557556948127967 62.728435882817394 72.529701026338444 172.50067467559711 43.005844050834639 975.18832174612635 17.51597310971465 12.09265507006876 548.60005150222787 14.975003882935196 5.8059506646168293 34.645151445696683 24.038860153970745 180.29185421487637 569.57014392927158 12.628331057831021 10.180093917137127 12.601925340790329 248.38969693721629 18.504273827220459 401.89451801743326 51.072588227036249 183.28739577943543 5.2382904484202326 14.194217019870846 1764.4554293831434 94.739167307698153 2.7434057377176932 14.247797321131658 2.5107700365333576
leaf_count=8835 3268 27674 14626 8029 888 41537 20491 2087 25936 1447 417 1156 656 4732 29129 1223 505 1546 7246 1581 14299 2798 8128 368 585 67485 3488 182 808 74
internal_value=0 0.0676646 0.0480009 0.0860336 0.080234 0.071739 0.0918755 0.0701078 0.0669401 0.00222273 0.0860845 0.0402696 0.0593059 0.0732321 0.0708915 0.0697543 0.01238 0.011317 0.0876846 0.0835164 0.0900747 0.0719365 0.0923036 0.0769056 0.0176273 0.0936227 0.0692645 0.0585938 0.0609722 0.000139823
internal_weight=0 2158.21 370.432 3768.82 1891.26 1787.78 1877.57 692.555 649.549 27.0677 1198.7 40.4511 95.5964 1725.05 1544.76 622.481 22.8084 85.1316 1158.25 909.861 623.119 599.673 604.614 202.72 19.4325 1781.97 286.742 192.003 189.259 16.7586
internal_count=301224 128079 25007 173145 81245 103072 91900 34884 33996 3534 46361 1573 3924 75398 70666 30462 1728 16172 44788 37542 24961 28734 23380 9081 953 87976 12581 9093 8911 882
is_linear=0
shrinkage=0.1


Tree=33
num_leaves=31
num_cat=2
split_feature=157 171 156 237 175 157 156 237 157 212 166 88 170 157 101 92 170 156 17 136 224 170 157 122 190 168 199 230 125 0
split_gain=33.725 29.8113 23.2577 19.4276 17.0819 16.9425 12.6147 18.7294 16.2281 11.1108 10.7044 11.6119 10.6279 10.4942 8.5033 8.34633 9.12214 8.17371 9.00106 7.69743 7.6055 7.45664 8.71806 10.5587 10.0844 7.32069 8.52407 8.272 7.74815 7.67177
threshold=0.61261695623397838 0.44739343225955969 1.0000000180025095e-35 0 0.61647737026214611 0.40558752417564398 0.17480158805847171 1 0.50049304962158214 0.093936275690794005 0.68431949615478527 0.75689083337783825 0.42745165526866918 0.68542924523353588 0.046020885929465301 0.88800364732742321 0.53138658404350292 0.27311578392982488 14.500000000000002 0.0046088201925158509 -0.13352238386869428 0.60105058550834667 0.58098056912422191 -0.039886567741632455 0.1115320846438408 3.0302597284317021 -0.018023256212472912 -0.096067078411579118 0.010976326186209919 0.33480826020240789
decision_type=2 2 2 9 2 2 2 9 2 2 2 2 2 2 2 2 2 2 2 2 2 2 2 2 2 2 2 2 2 10
left_child=2 13 -1 10 5 -5 8 17 12 21 11 -4 -7 15 -13 25 -17 18 -8 -6 -18 22 23 -9 -25 -2 29 28 -28 -27
right_child=1 -3 3 4 19 6 7 9 -10 -11 -12 14 -14 -15 -16 16 20 -19 -20 -21 -22 -23 -24 24 -26 26 27 -29 -30 -31
leaf_value=-0.092266333073543191 0.046834698357951093 0.06307457626631599 0.080811662240856091 -0.0018642518300779861 0.12949113049550062 0.11173208335037606 0.047663095754715577 0.017502825451308279 0.085692560232050977 0.028562037311110927 0.092646709670430594 0.01428826566246052 0.045633971804946119 0.10511410953410445 0.092972848223989796 0.10277050974190315 0.041547958087622294 0.00079826295207318558 -0.12267279005184564 0.29470063066172525 0.087802427205609018 0.008794702060694267 0.080405081244439042 0.058745840730225131 0.091522126081562905 0.098410754925165739 0.044129151904685505 0.074043159279566936 -0.12076685917984745 -0.01377107820691276
leaf_weight=8.5611271984471369 64.013989027473144 417.51703855998494 273.2203976277051 37.223663082164421 9.9743755298841261 27.746499922970543 123.18185133542647 49.26258856259301 545.92756232846295 74.630164819602214 786.06391243300459 51.579978089244833 197.32900775179041 490.65941090151318 18.718616417118028 547.52094043609395 38.0573886026541 70.112886738599627 3.1824319269653634 3.9318813255886189 539.21909931448317 20.5283430454474 437.57954538219929 435.59118947360548 119.65794870703758 248.57289730611956 9.2235456725466047 243.06558262283215 4.1234834022470741 6.2493352340825359
leaf_count=22484 1619 8349 34146 22180 1082 1900 8410 4567 30628 5217 27691 10245 52925 1714 2809 2248 388 5172 240 779 6065 2224 7569 29713 7066 1301 104 2130 70 160
internal_value=0 0.0875637 0.0723424 0.0727714 0.0654259 0.0650121 0.0661949 0.0603087 0.0763771 0.0652853 0.0854549 0.0714857 0.0537823 0.0922309 0.0352398 0.0885127 0.0935235 0.0268156 0.0433733 0.176203 0.0847531 0.0684788 0.0696545 0.0618727 0.0658092 0.0787149 0.0827068 0.0698343 -0.00681447 0.0956596
internal_weight=0 2608.22 3294 3285.44 2155.86 2141.95 2104.73 1333.73 771.003 1137.25 1129.58 343.519 225.076 2190.71 70.2986 1700.05 1124.8 196.477 126.364 13.9063 577.276 1062.62 1042.09 604.512 555.249 575.249 511.235 256.413 13.347 254.822
internal_count=301195 24148 277047 254563 179672 177811 155631 70178 85453 56356 74891 47200 54825 15799 13054 14085 8701 13822 8650 1861 6453 51139 48915 41346 36779 5384 3765 2304 174 1461
cat_boundaries=0 2 4
cat_threshold=151008486 1091664 3758227977 722826
is_linear=0
shrinkage=0.1


Tree=34
num_leaves=31
num_cat=3
split_feature=86 157 170 171 175 163 237 157 157 11 170 170 160 156 168 156 237 74 237 199 172 121 127 79 174 152 150 98 156 179
split_gain=40.2867 24.9361 18.3875 16.4739 14.0298 12.7648 16.7852 11.6693 11.3476 12.5663 11.018 10.1125 9.90578 9.81298 10.3161 9.58587 9.17805 8.22036 8.13538 8.12471 10.6833 9.36436 9.97264 8.08726 7.96211 8.16747 7.86327 9.82908 7.83471 9.36807
threshold=-1.135358929634094 0.58757847547531139 0.56793779134750377 0.44739343225955969 0.23086272925138476 -0.40082867443561548 0 0.68542924523353588 0.48638814687728887 0.0158312451094389 0.47976209223270422 0.49810701608657842 2.0000000000000004 0.14564393460750583 3.7656363248825078 0.20483683049678805 1 0.26695403456687933 2 -0.021419037133455273 0.60387092828750621 -0.065802484750747667 0.032233815640211112 0.22888453304767611 -0.27805669605731959 0.054344249889254577 -0.017999557778239247 -0.011424743104726074 0.24305019527673724 0.021815574727952484
decision_type=2 2 2 2 2 2 9 2 2 8 2 2 2 2 2 2 9 2 9 2 2 2 2 2 2 2 2 2 2 2
left_child=5 2 4 7 8 -1 17 15 9 -2 23 -11 13 -12 16 -3 -15 -7 -14 20 -17 22 -21 28 25 26 27 -23 -10 -30
right_child=1 3 -4 -5 -6 6 -8 -9 10 11 12 -13 18 14 -16 19 -18 -19 -20 21 -22 24 -24 -25 -26 -27 -28 -29 29 -31
leaf_value=0.061074589148535065 0.004460592160891637 0.10090118457653925 0.033660661532322528 0.066144246734556378 0.12512466559677918 0.07886003236280896 -0.021658192373188254 0.1046322353218254 0.088502192037419103 0.07324607670024566 0.088225938123816058 0.032512332886262686 0.055113081100911503 0.011407098553682965 0.083779002135176459 0.0920435311252841 0.06315046781349036 0.0098070795530067114 -0.012715767157202055 0.054215095937124202 -0.052562253744939884 0.04299286348254449 -0.082292128417026267 0.10124124874427123 0.08184968479675514 -0.11006887508994989 0.07017214846515353 -0.17090837789084409 0.076562193758078129 0.01553149706213168
leaf_weight=391.41803566645831 37.987120301895629 404.481685018196 110.51858328558228 328.62357700721623 55.464842605158083 52.063505484671623 48.402110796198031 446.27885672001867 245.44347065929469 295.34548434128101 329.99974691319767 76.793802641898765 44.558452924136873 58.733339723868994 237.20458651878289 841.15727173362393 362.58220406199325 25.774006646654016 26.80894889125193 23.812490621596229 5.1401923461817196 6.346916901122313 6.9032749251200576 272.19371047478126 931.34024124917778 3.2564202015637411 45.710740383081429 3.2474186278705002 77.999896237553912 37.120243362092879
leaf_count=12166 32134 3342 22654 8047 7908 6233 10950 1511 5628 48088 26241 33302 3626 7017 4171 8298 27740 5277 3578 424 155 96 220 6362 11868 90 499 116 2010 1453
internal_value=0 0.0813808 0.0734438 0.0872919 0.0754811 0.0521567 0.0245059 0.0898491 0.0741716 0.0592478 0.0777876 0.0648404 0.0715538 0.0741514 0.0670983 0.0869445 0.0577068 0.04962 0.0355741 0.0839207 0.0911652 0.0779135 0.0235355 0.0882295 0.0796008 0.0438351 0.0528972 -0.0294068 0.0784069 0.056883
internal_weight=0 5315.05 2268.75 3046.3 2158.24 517.658 126.24 2717.68 2102.77 410.126 1692.64 372.139 1059.89 988.52 658.52 2271.4 421.316 77.8375 71.3674 1866.91 846.297 1020.62 30.7158 632.757 989.902 58.5615 55.3051 9.59434 360.564 115.12
internal_count=301204 266578 231912 34666 209258 34626 22460 26619 201350 113524 87826 81390 72373 65169 38928 25108 34757 11510 7204 21766 8453 13313 644 15453 12669 801 711 212 9091 3463
cat_boundaries=0 2 4 6
cat_threshold=638228704 1242407 3360836161 4916379 190153376 2024833
is_linear=0
shrinkage=0.1


Tree=35
num_leaves=31
num_cat=2
split_feature=86 86 157 12 170 160 237 182 208 93 163 66 237 127 199 157 5 170 13 74 157 150 170 109 170 232 162 227 12 194
split_gain=44.207 23.093 14.811 12.3501 11.3426 11.83 12.135 12.0936 11.5817 11.2917 10.7995 9.54886 9.03956 8.82934 8.26822 8.14447 8.05715 7.85898 7.77791 7.6385 7.15513 9.88915 9.09424 6.95663 10.2278 6.84195 6.79642 6.78674 6.42802 6.2416
threshold=-1.1529442071914671 -0.79820320010185231 0.63753709197044384 39.500000000000007 0.48147568106651312 1.0000000000000002 0 -0.13544713705778119 -0.080037344247102724 0.36477671563625341 0.20525266975164416 0.44292262196540838 1 -0.038605816662311547 -0.15531393140554425 0.39967305958271032 0.075853470712900176 0.57068678736686718 0.054079741239547736 0.13759297132492068 0.50392878055572521 -0.036765856668353074 0.42745165526866918 0.10031425207853319 0.45793916285038 0.12207562848925592 86.916435241699233 -0.014777863398194311 14.500000000000002 -0.13191440701484677
decision_type=2 2 2 8 2 2 9 2 2 2 2 2 9 2 2 2 8 2 10 2 2 2 2 2 2 2 2 2 8 2
left_child=10 2 3 -2 20 7 17 -6 11 29 12 -9 13 14 -1 -14 -11 25 -8 -13 21 -5 -23 -22 -25 -7 -24 -21 -3 -4
right_child=1 28 9 4 5 6 18 8 -10 16 -12 19 15 -15 -16 -17 -18 -19 -20 27 23 22 26 24 -26 -27 -28 -29 -30 -31
leaf_value=0.37081962154351655 0.011316636752058531 -0.0071311564408543613 0.12168413922445956 0.11996655675912166 0.029999247909370003 0.07517615935296984 0.016200312269470166 -0.076156270260097816 0.080902469595692653 -0.034771634182138238 -0.023083230843863364 0.078005580166497057 -0.036163365960599984 0.027442779450439693 -0.094429622069059124 0.062370952048652797 0.067087384652980267 0.01737121554926976 0.069085152156794213 0.080275907383323852 0.092229633838629699 0.096303063573758063 0.06712912762648969 -0.10069045091684332 0.080575857297832718 -0.054393324206917219 0.025233980920888157 -0.012258286681361214 0.089684622598383057 0.089463950416657431
leaf_weight=0.39817919824417813 33.162965086746226 6.8776228013334721 66.279532158223446 33.108552424881054 58.317326057573155 283.24099536472659 124.92562740857284 6.237601539845854 791.98544344385118 8.2791224012325966 19.876397074182023 48.531334128732851 8.600174074779714 56.014722389118106 9.389038399087438 340.9367762163638 125.23436915001366 27.518620672335601 35.773615583158971 11.665044832589045 463.92394634081575 54.814223994177155 89.593646189927313 4.6395027479738919 9.4592794087366183 4.13493707476482 68.194647864756917 24.72792261448194 2379.8750804731985 647.25697453203611
leaf_count=33 40516 15003 373 2705 3900 15794 13924 529 38362 654 10698 3148 3922 3318 535 11380 1679 2743 1999 1126 6812 5132 9875 114 150 681 9293 1772 90113 5130
internal_value=0 0.0820537 0.0762452 0.0718746 0.0728127 0.0676107 0.0547554 0.0741048 0.0770172 0.0874625 0.0489252 0.0432635 0.0523712 0.0105307 -0.0755016 0.0582792 0.0607711 0.0663172 0.0263344 0.0520348 0.082998 0.0691294 0.0612126 0.0901266 0.0209263 0.0733118 0.0490224 0.0174017 0.0894056 0.0924568
internal_weight=0 5407.76 3021.01 2173.96 2140.79 1417.06 475.594 941.465 883.147 847.05 435.215 91.1619 415.339 65.8019 9.78722 349.537 133.513 314.895 160.699 84.9243 723.734 245.711 212.603 478.023 14.0988 287.376 157.788 36.393 2386.75 713.537
internal_count=301413 271527 166411 158575 118059 83978 35141 48837 44937 7836 29886 6575 19188 3886 568 15302 2333 19218 15923 6046 34081 27005 24300 7076 264 16475 19168 2898 105116 5503
cat_boundaries=0 2 4
cat_threshold=2791619493 25635 3504948740 2048
is_linear=0
shrinkage=0.1


Tree=36
num_leaves=31
num_cat=2
split_feature=79 157 237 170 115 157 157 63 175 170 67 191 156 230 170 209 76 233 85 10 237 216 2 76 157 218 122 170 156 208
split_gain=23.1326 16.5608 15.6062 13.0758 14.9918 14.9047 13.0114 12.7607 11.9499 9.30166 9.20151 11.9309 8.63845 9.36319 8.31078 8.18678 8.15955 8.92249 8.12221 8.76809 8.1067 8.00136 7.69861 7.56751 7.89698 7.17543 16.2344 7.27415 7.16215 7.14889
threshold=0.3081014752388001 0.48638814687728887 0 0.47976209223270422 0.079612292349338545 0.65620106458663952 0.65620106458663952 0.1987668722867966 0.13636808842420581 0.57068678736686718 2.5605614185333256 0.09817159548401834 0.2327174320816994 0.072856105864048018 0.57068678736686718 0.022353359498083595 0.19423715025186541 -0.10177950933575629 109.50000000000001 312.50000000000006 1 0.11841206252574922 0.3390804678201676 0.30210618674755102 0.53734791278839122 -0.089620254933834062 -0.031011695042252537 0.53612041473388683 0.49683544039726263 0.066006064414978041
decision_type=2 2 9 2 2 2 2 2 2 2 2 2 2 2 2 2 2 2 2 10 9 2 10 2 2 2 2 2 2 2
left_child=1 8 7 4 23 9 12 16 20 15 -9 -12 13 14 -4 29 22 -18 25 -20 -1 -19 -3 24 28 26 -7 -28 -2 -5
right_child=3 2 6 5 -6 18 -8 10 -10 -11 11 -13 -14 -15 -16 -17 17 21 19 -21 -22 -23 -24 -25 -26 -27 27 -29 -30 -31
leaf_value=0.063357699150416044 0.096176165101503397 0.069861790370360652 0.096837545827868451 0.079346842533268458 -0.023896909251818425 -0.089783241691094612 0.10672874292979678 0.059073648569897691 0.11457405172127387 0.055019269072369141 0.032957903896219866 -0.10686636724674395 0.073599163615784655 0.064894556918364765 0.062484182924709641 0.092458272291819202 -0.054527561540930206 0.095756334059082376 -0.19846119685999025 0.083464112275011798 0.026036363103837026 -0.079681952327391808 -0.042117151511278705 -0.092742702897434595 0.12298876697584921 0.10349244559752979 -0.06341305705245609 0.10061427832179809 -0.03928101328432284 0.050764117783762754
leaf_weight=210.29169470310944 145.51699518221585 934.6821517922217 662.56175831649853 451.54416023833983 8.7246720845023429 6.1691000297141718 252.32729238872707 373.43509722387535 31.464126516162651 151.82612601931578 56.776793795317644 6.8373865747889786 661.60583973756366 138.89449570893339 78.79614176904397 405.95090246199197 4.1481938214565153 208.37651615475625 1.8970844945142733 2.6359821980586275 149.85139708480074 2.6324929537204289 6.1801875929304506 1.8528815666977596 197.99919955436781 459.72451019343862 2.9593328625196582 31.291981713031419 4.0109566515820907 108.53841562329944
leaf_count=48865 18996 26864 23833 26704 479 77 827 10558 8363 9203 2613 593 18519 4937 8878 21330 174 5272 67 22 51045 250 532 154 1664 2218 48 180 514 7339
internal_value=0 0.0749439 0.0771948 0.0882859 0.105581 0.0844688 0.085203 0.0672188 0.0554742 0.0780289 0.0530849 0.0179293 0.0822329 0.0887221 0.0931863 0.0816452 0.0731438 0.0907124 0.0987331 -0.0345214 0.0503109 0.0935676 0.0691262 0.108814 0.109889 0.0999408 0.0595461 0.0864422 0.0925426 0.0738078
internal_weight=0 3778.86 3387.25 1980.64 358.105 1622.54 1794.19 1593.07 391.607 1117.86 437.049 63.6142 1541.86 880.252 741.358 966.033 1156.02 215.157 504.678 4.53307 360.143 211.009 940.862 349.38 347.527 500.145 40.4204 34.2513 149.528 560.083
internal_count=301118 212123 103850 88995 21807 67188 56994 46856 108273 64576 13764 3206 56167 37648 32711 55373 33092 5696 2612 89 99910 5522 27396 21328 21174 2523 305 228 19510 34043
cat_boundaries=0 2 4
cat_threshold=3806986777 4918207 128203925 45616
is_linear=0
shrinkage=0.1


Tree=37
num_leaves=31
num_cat=3
split_feature=86 13 157 156 86 237 164 170 184 66 113 237 170 223 157 156 156 76 159 237 170 5 86 120 128 188 3 201 225 130
split_gain=41.6391 17.1912 14.3401 13.5154 12.7813 12.5217 11.3152 10.8282 9.92435 9.44326 8.61097 9.03818 8.27114 11.9424 8.00738 7.94547 7.84297 7.8418 7.82134 9.69362 7.56954 7.55639 9.90323 8.75099 7.96664 8.40966 7.4083 7.48372 7.3257 7.865
threshold=-0.92568716406822193 0.054079741239547736 0.61261695623397838 0.15821565687656405 -1.1817154288291929 0 5.3589394092559823 0.53138658404350292 -0.27397856116294855 5.9913921356201181 0.022221636027097705 1 0.47976209223270422 -0.0023350033443421121 0.48638814687728887 0.5317540466785432 1.0000000180025095e-35 0.17555713653564456 1.0285773873329165 2 0.61243727803230297 0.13079115748405459 -0.59688934683799733 -0.013259246014058588 0.0066101830452680596 0.0087543642148375529 0.19797514379024508 -0.083663523197174058 -0.020190075039863583 -0.012912605423480271
decision_type=2 10 2 2 2 9 2 2 2 2 2 9 2 2 2 2 2 2 2 9 2 10 2 2 2 2 8 2 2 2
left_child=1 4 3 16 5 28 -7 -4 -9 18 11 -11 14 -14 17 -15 -2 -5 19 -6 -18 23 24 -10 -23 -26 -16 -28 29 -1
right_child=2 -3 7 12 9 6 -8 8 21 10 -12 -13 13 15 26 -17 20 -19 -20 -21 -22 22 -24 -25 25 -27 27 -29 -30 -31
leaf_value=-0.023161596434633523 -0.08075992607215865 0.081230708563733378 0.10043070892411202 0.065628800778290419 0.0021659239254689824 -0.0089284211299757981 0.065532663893804563 -0.012773724089100706 0.10140430351282104 0.043928591543525346 0.072946564743736689 -0.017055130962470161 0.079202943150533917 0.058501637180815226 0.10268254796815873 -0.0069726957590710258 0.092043699164763917 -0.032121307867102121 0.079840209032250753 0.064657772552033962 -0.072392157634909096 0.071167212992106307 0.10060622301145124 0.079148017307604873 0.038345553045842251 -0.066159697624587135 0.10495890930486484 0.065449243482468722 0.074140062380710178 0.059160410797914204
leaf_weight=18.51541204541536 2.6570221762867723 604.0747242923062 787.89850161046343 47.001006204576697 37.477966539354384 76.889463587238424 27.78204630170876 10.424254392739384 333.06215035633068 53.839212412571214 55.173611038085255 35.504347935840087 430.7077689763355 395.76404984282999 198.68620114552687 19.445005595414841 690.23608660678474 9.9431368546393042 408.62676582188124 538.57130597475316 2.8108726891841789 51.304667473305017 48.941564451721206 376.22638124030345 30.498802274116315 10.300933472375617 66.602359992510173 171.10661857432569 119.68343029451717 31.097996505281117
leaf_count=1685 11800 24655 4598 4722 3963 9411 1028 137 2786 7266 6979 7613 24683 25656 4231 1762 84904 1342 14685 37746 665 846 422 4388 474 268 1066 3153 6043 2065
internal_value=0 0.0671261 0.0850281 0.0794121 0.0610539 0.0416778 0.00989025 0.09196 0.0842064 0.065755 0.0418844 0.0227021 0.0735384 0.0675369 0.083829 0.0554354 0.0907194 0.0485604 0.0692584 0.0617521 0.0913768 0.0853953 0.0642558 0.0895989 0.0449403 0.0119605 0.0884311 0.0765192 0.0573589 0.0284384
internal_weight=0 2007.24 3683.62 2034.96 1403.16 273.968 104.672 1648.66 860.759 1129.19 144.517 89.3436 1339.26 845.917 493.339 415.209 695.704 56.9441 984.676 576.049 693.047 850.334 141.046 709.289 92.1044 40.7997 436.395 237.709 169.297 49.6134
internal_count=301042 123139 177903 163984 98484 20232 10439 13919 9321 78252 21858 14879 66615 52101 14514 27418 97369 6064 56394 41709 85569 9184 2010 7174 1588 742 8450 4219 9793 3750
cat_boundaries=0 2 4 6
cat_threshold=4012919280 4560426 2564753300 1267972 11534848 329728
is_linear=0
shrinkage=0.1


Tree=38
num_leaves=31
num_cat=1
split_feature=86 86 157 93 183 163 156 207 237 157 156 67 63 12 65 153 4 183 176 182 129 85 185 160 16 167 188 157 107 140
split_gain=42.5496 22.6567 12.1754 12.9038 9.90827 9.5552 9.34565 9.19392 8.94344 8.69449 12.6857 8.43148 10.3994 9.99614 9.85708 8.00118 7.93232 7.75504 7.49239 7.47294 7.4662 7.50512 6.77673 6.7291 10.6262 7.29247 12.7712 11.095 6.50147 7.2242
threshold=-1.1817154288291929 -0.77072203159332264 0.63753709197044384 0.36477671563625341 0.056314880028367049 -0.63036558032035817 1.0000000180025095e-35 -0.11556084826588629 0 0.63753709197044384 0.15821565687656405 2.4691101312637334 0.079597778618335738 72.500000000000014 1.5000000000000002 0.025204016827046875 0.18350168317556384 0.10957991704344751 -0.07439191639423369 -0.12246640026569365 0.0081555866636335867 130.50000000000003 0.15441073477268222 1.0000000000000002 1.5000000000000002 2.5000000000000004 0.03413634933531285 0.54990360140800487 -0.019060571677982804 0.003752280725166202
decision_type=2 2 2 2 2 2 2 2 9 2 2 2 2 10 2 2 10 2 2 2 2 2 2 2 2 2 2 2 2 2
left_child=5 2 6 -4 -5 17 -2 20 -7 10 -9 16 15 14 -14 -13 22 19 -12 -1 21 -3 23 24 -8 -25 27 -27 29 -24
right_child=1 7 3 4 -6 8 11 9 -10 -11 18 12 13 -15 -16 -17 -18 -19 -20 -21 -22 -23 28 25 -26 26 -28 -29 -30 -31
leaf_value=0.03059033747440263 -0.080057504923536527 0.11737681339063062 0.092009965755471046 0.083286720548691823 0.031883402116043361 -0.02282051638470314 0.07482780350090637 0.099897287360696294 0.03672518383431711 0.097415402723001462 0.092717549526086185 0.080828105665087066 -0.038423327893473073 0.055785363636002505 0.06155825432554371 0.031134506270100649 0.029719721220171386 0.020452494706827345 0.071015364887115975 0.078424751153469446 0.070186116550877961 -0.19915158036302477 -0.042582129782327512 0.07079325243257982 0.0978942844449157 -0.011930461994951624 -0.041214729111421024 0.096341516737268387 0.10214392239707747 0.10069084223677426
leaf_weight=42.097958950504108 3.9615053355737464 207.36615799392075 783.48991539983399 83.225864775420632 68.249455372802913 27.82400408682588 852.2406915828069 317.75074470745949 102.2989727191798 634.03513114491216 212.3953700372258 242.0979247482137 25.291198150474884 156.52816065435036 16.162115674578672 37.406884792813798 35.450809302517882 42.625547589654161 633.72375147102139 145.67103126362781 42.382967269347319 0.75180295833342725 6.8282019402759015 561.02670384576595 260.84369628741115 13.806332856351217 16.363835041609491 30.095193142649805 158.50631937212165 7.2625489807978738
leaf_count=1442 13176 6140 5999 1076 1480 7496 45867 43766 10816 3856 6555 22890 13382 7771 1707 4266 8130 1157 27294 3966 2783 36 750 32849 11472 3439 2854 1046 6897 870
internal_value=0 0.0822054 0.0771504 0.0868444 0.0601262 0.0467241 0.0734111 0.0904943 0.0250612 0.0879936 0.0828609 0.0736623 0.0617569 0.0442219 0.000558209 0.0741775 0.0765889 0.0589589 0.0764631 0.0677002 0.108443 0.116233 0.0774602 0.0755797 0.0802333 0.0672424 0.0341866 0.0622917 0.0963572 0.0312625
internal_weight=0 5407.24 3358.84 934.965 151.475 360.518 2423.87 2048.41 130.123 1797.9 1163.87 2419.91 477.486 197.981 41.4533 279.505 1942.42 230.395 846.119 187.769 250.501 208.118 1906.97 1734.38 1113.08 621.292 60.2654 43.9015 172.597 14.0908
internal_count=301228 276351 185921 8555 2556 24877 177366 90430 18312 81471 77615 164190 50016 22860 15089 27156 114174 6565 33849 5408 8959 6176 106044 97527 57339 40188 7339 4485 8517 1620
cat_boundaries=0 2
cat_threshold=1386720777 107472
is_linear=0
shrinkage=0.1


Tree=39
num_leaves=31
num_cat=1
split_feature=86 86 157 171 157 5 156 95 198 163 237 158 203 81 136 198 148 170 156 151 113 190 101 193 86 66 208 133 129 170
split_gain=40.337 21.2343 10.198 9.9779 8.95002 8.81522 8.61663 10.7506 9.67942 7.95182 10.1401 7.2084 7.99206 7.18974 7.29411 7.87822 8.2702 6.94114 6.92938 7.264 6.61624 6.60377 6.35812 6.26379 7.2611 6.19282 6.59571 6.48139 5.96823 5.83428
threshold=-0.83693176507949818 -1.1529442071914671 0.59515219926834118 0.013746987096965315 0.60324698686599743 0.026334026828408245 0.15821565687656405 0.1053474433720112 0.066791582852602019 -1.0765681862831114 0 0.18333333730697635 0.1329021826386452 0.15569985657930377 -0.0097621320746839029 0.0087036751210689562 -0.056964011862874024 0.50697025656700145 0.025751547887921337 -0.010797154158353804 -0.033858673647046082 0.074177145957946791 -0.12409685924649237 0.090894352644681944 -0.57369077205657948 7.9405052661895761 0.1316390931606293 -0.0091193309053778631 0.0010348954237997534 0.49342371523380285
decision_type=2 2 2 2 2 8 2 2 2 2 9 2 2 2 2 2 2 2 2 2 2 2 2 2 2 2 2 2 2 2
left_child=1 9 6 5 11 -3 7 -2 13 -1 21 22 17 14 -8 25 -17 -13 -12 -20 -15 28 -5 24 29 26 -16 -28 -11 -4
right_child=2 3 23 4 -6 -7 8 -9 -10 10 18 12 -14 20 15 16 -18 -19 19 -21 -22 -23 -24 -25 -26 -27 27 -29 -30 -31
leaf_value=0.068369594769572481 0.083220019013072397 0.048728352511063854 0.10128102569849569 0.10000312484860828 0.074538223978936988 0.081015559867295375 0.089417606094943813 0.11772701183242928 0.091716631640638632 -0.044903285464745209 -0.070580864249611075 0.081392465395534075 -0.0040817443608047168 -0.044277067937727302 0.079723007161633413 0.13134178992899509 0.025651258067527785 0.042391996087298656 0.034413222745822057 0.073684410761313893 0.04866994378715811 0.061575946285802111 0.019139903107434211 0.10607830878643905 0.1036812441798723 -0.0036715108210540331 0.052505124820079935 -0.10189275093169239 0.022202971809661853 0.082109746393995431
leaf_weight=162.54239688237067 351.40474917772963 89.159700475882346 201.17553246128227 11.063461101811297 457.03399934200206 1639.6152408940607 147.72780781796246 121.50258559745953 233.70929447076196 28.420680521036047 4.4127005826876475 131.85334474619049 16.705032035587465 9.4161001805441611 209.7594840061065 8.2147110793521261 74.983139368159755 69.787695969113884 85.002238533572381 105.63343511033236 41.02771039518484 14.964643295621498 80.288563414312193 323.94609438316547 314.2280521567227 10.352768518216179 9.0601908143544261 3.8845599939777449 24.833597550510603 752.53129281302245
leaf_count=3983 46013 31476 1215 1617 7553 68483 9057 23051 11122 3573 3818 9002 2148 892 10501 245 5403 10265 6786 7213 3335 1725 11748 2470 2869 2872 589 391 2567 8971
internal_value=0 0.0716176 0.0883948 0.0751393 0.0656445 0.0793504 0.0815199 0.0920858 0.0748411 0.0509779 0.0402403 0.0525196 0.0623878 0.0671743 0.0710724 0.062503 0.0360868 0.0678945 0.0507065 0.0561738 0.03132 0.00251422 0.0289331 0.0936682 0.0904975 0.0719332 0.0754478 0.00617223 -0.0136102 0.0861537
internal_weight=0 2921.32 2812.92 2495.51 766.732 1728.77 1221.04 472.907 748.136 425.81 263.267 309.698 218.346 514.426 463.983 316.255 83.1979 201.641 195.048 190.636 50.4438 68.2189 91.352 1591.88 1267.93 233.057 222.704 12.9448 53.2543 953.707
internal_count=300953 171957 128996 142292 42333 99959 113471 69064 44407 29665 25682 34780 21415 33285 29058 20001 5648 19267 17817 13999 4227 7865 13365 15525 13055 14353 11481 980 6140 10186
cat_boundaries=0 2
cat_threshold=3918728974 2637
is_linear=0
shrinkage=0.1


Tree=40
num_leaves=31
num_cat=4
split_feature=86 86 158 190 170 8 157 170 100 230 126 220 163 164 182 237 208 123 5 158 237 152 237 88 128 143 237 177 152 81
split_gain=43.6462 21.569 10.0329 13.1057 11.1566 9.77007 8.95652 9.29988 9.77976 8.21643 7.92537 7.32931 7.29532 7.24578 8.37916 10.9606 8.73682 7.94201 7.59823 6.34904 8.6235 6.94464 8.61184 6.19144 7.83239 6.11724 7.60656 6.09401 7.22072 10.537
threshold=-1.135358929634094 -0.82166236639022816 0.29166667163372045 0.074177145957946791 0.42745165526866918 0.26662607491016393 0.65620106458663952 0.53364601731300365 0.063769090920686736 -0.11824175342917441 -0.023053967393934723 -0.059587260708212846 0.20525266975164416 5.1503930091857919 -0.015723429620265957 0 0.0045171470846980819 -0.035702440887689584 0.16568627953529361 0.22500000149011615 1 0.021839060820639137 2 0.83426240086555492 0.0052526271902024755 0.016148126684129242 3 0.021623682230710987 0.01139104086905718 0.10968749970197679
decision_type=2 2 2 2 2 10 2 2 2 2 2 2 2 2 2 9 2 2 10 2 9 2 9 2 2 2 9 2 2 2
left_child=12 2 4 23 -2 13 7 -3 10 -10 -9 -7 19 14 15 -6 25 -18 -15 20 -1 22 -21 -4 -25 -16 -27 -13 29 -29
right_child=1 6 3 -5 5 11 -8 8 9 -11 -12 27 -14 18 16 -17 17 -19 -20 21 -22 -23 -24 24 -26 26 -28 28 -30 -31
leaf_value=-0.02077959956879465 0.10592203417128797 0.089499044028423527 0.077063643020116396 0.098947078158860696 -0.0017603365300885396 0.098319291446642046 0.099340937945814223 0.039146940868240769 -0.14064379118738288 0.10131875953371115 0.073694526028233301 0.078486380370091841 -0.003550932625014401 0.079073907066244509 0.061379950916550866 0.051432177000834384 -0.0030307826065850674 0.08543909865930939 -0.037343650365295383 -0.017689309940957184 0.045926555677145132 0.079010805735503037 0.055043082607098497 0.051898164516928948 -0.14583703027421235 0.040797023889558588 -0.028014817930980374 0.03786607543684762 0.066746719189517939 -0.11765678643352528
leaf_weight=20.242380523643078 81.32336300480074 1505.9054177899025 922.77809460601657 348.00726306456454 58.441696333348773 138.92358092565701 623.35229680355405 86.824081574665797 1.4202537213168387 118.38916725991385 282.31546185549905 259.9619983306211 23.044875733750814 217.64570152639317 112.00250580120564 160.63841553439079 10.808296377505938 165.85374155892532 5.7545161110101608 19.251805633695767 176.08708461100832 144.22732235759395 112.0366107269183 7.4385368002658634 2.7414970610443561 35.970673505804371 17.842764135808466 18.578824214376258 55.752172678861825 5.690792090523245
leaf_count=2651 5471 80032 38471 12852 9706 4627 2999 7784 405 7611 20535 10279 12556 9320 11141 15682 1742 14725 511 1036 9782 4446 4284 338 178 3537 2951 1364 3527 655
internal_value=0 0.0824551 0.0760517 0.0823857 0.0700201 0.06771 0.0888779 0.0856084 0.0736259 0.0984505 0.0655687 0.0789663 0.051388 0.0608425 0.0547826 0.0395099 0.0645525 0.0800265 0.0760751 0.0540712 0.0403297 0.0638633 0.047223 0.076208 -0.00135219 0.0480663 0.0203566 0.0710584 0.0469275 0.00139874
internal_weight=0 5244.36 2626.15 1280.97 1345.19 1263.87 2618.21 1994.85 488.949 119.809 369.14 478.907 494.89 784.958 561.558 219.08 342.478 176.662 223.4 471.845 196.329 275.516 131.288 932.958 10.18 165.816 53.8134 339.984 80.0218 24.2696
internal_count=301198 266443 147077 51839 95238 89767 119366 116367 36335 8016 28319 20452 34755 69315 59484 25388 34096 16467 9831 22199 12433 9766 5320 38987 516 17629 6488 15825 5546 2019
cat_boundaries=0 2 4 6 8
cat_threshold=702546392 4575753 565996544 5242944 15237633 16408 4269593660 278560
is_linear=0
shrinkage=0.1


Tree=41
num_leaves=31
num_cat=0
split_feature=86 171 157 160 86 157 170 211 160 159 114 221 207 157 170 158 130 173 183 157 94 11 163 197 72 178 92 184 117 106
split_gain=43.4777 15.7695 16.3276 9.81387 9.46394 8.66817 10.5439 8.89349 11.1887 8.54318 8.16232 8.92472 8.10336 7.44451 7.69734 6.99635 7.04393 8.34212 7.00669 6.89233 7.84736 6.52627 6.48766 6.38956 7.25024 9.09937 6.1069 6.74848 6.30878 6.08659
threshold=-0.87488579750061024 0.06923586875200273 0.38645555078983312 1.0000000000000002 -1.135358929634094 0.68542924523353588 0.53934586048126232 -0.080316074192523942 1.0000000000000002 0.46691174805164343 -0.062606658786535249 -0.038722369819879525 -0.015606265049427746 0.50392878055572521 0.47976209223270422 1.0000000180025095e-35 0.006947166984900833 -0.010514223948121069 0.070894714444875731 0.65620106458663952 -0.10029762238264082 0.054857686161994941 -0.43543335795402521 0.075182337313890471 0.012270400300621988 0.007203073240816594 0.93598592281341564 0.080363605171442046 0.05434571951627732 -0.067660335451364503
decision_type=2 2 2 2 2 2 2 2 2 2 2 2 2 2 2 2 2 2 2 2 2 10 2 2 2 2 2 2 2 2
left_child=1 2 -1 -4 12 6 13 9 -9 -8 11 -7 -5 21 -15 16 22 -18 19 20 -17 -2 -3 24 25 -22 -16 -28 -29 -10
right_child=5 15 3 4 -6 10 7 8 29 -11 -12 -13 -14 14 26 18 17 -19 -20 -21 23 -23 -24 -25 -26 -27 27 28 -30 -31
leaf_value=-0.0040133676636995019 0.0662235126343938 0.030495307616030389 0.081335136835391772 0.065519060743737478 0.070688682036236641 0.10948354692532312 0.1135604983312643 0.079796522919229215 -0.033457162273833198 0.0636147564662949 0.10507937517946685 -0.061382346444788551 0.0025331402383681491 0.10138705117803576 0.08354231764303402 0.11535330837308502 0.12199248921536601 0.012471310734675115 0.045776336910240627 0.083250319420094615 0.03541243768020897 0.10057341877630294 -0.046983468040039278 0.083353818662803392 0.056781787003042164 -0.05965409237969474 0.10751790707909442 0.072697961841926131 -0.14449355299311392 0.054198099911645106
leaf_weight=25.761174365719853 221.65864337338144 58.367880252298164 1214.4159782470542 40.918166268642381 519.83733121084197 5.9699334385513794 103.1153638126425 389.47118861662875 8.2709203984895776 51.277393839873184 351.48327157065796 6.2648452422581595 40.785083159111309 581.77094740418033 938.86793132648745 20.69908626549568 16.211581470703099 12.179848956235217 192.05378912109154 183.60296849290899 38.224341363865278 73.702625238231576 13.263258017314 45.449280652178913 95.810906397514373 13.668604503889581 230.83578045365175 47.353214819420828 1.3762657159240905 187.61665680576334
leaf_count=19505 56691 2831 58504 3114 32001 14 3642 19866 1210 3290 1226 30 4196 7623 23071 1665 770 1324 9510 2135 2313 11102 3590 2318 6901 1493 5150 1616 79 13872
internal_value=0 0.0702103 0.0750398 0.0761613 0.065716 0.0877509 0.0858865 0.0756227 0.0699916 0.0969724 0.102284 0.0219913 0.0340774 0.0895097 0.0919239 0.0573107 0.0328564 0.0750082 0.0614599 0.0690383 0.0568366 0.074795 0.0161493 0.0505657 0.0404766 0.0103719 0.0874055 0.100379 0.0665638 0.0504971
internal_weight=0 2531.25 1841.72 1815.96 601.541 3199.03 2835.32 739.752 585.359 154.393 363.718 12.2348 81.7032 2095.57 1800.2 689.532 100.023 28.3914 589.509 397.455 213.852 295.361 71.6311 193.153 147.704 51.8929 1218.43 279.565 48.7295 195.888
internal_count=300652 152170 117320 97815 39311 148482 147212 41880 34948 6932 1270 44 7310 105332 37539 34850 8515 2094 26335 16825 14690 67793 6421 13025 10707 3806 29916 6845 1695 15082
is_linear=0
shrinkage=0.1


Tree=42
num_leaves=31
num_cat=1
split_feature=86 93 157 170 10 237 156 157 175 152 13 190 93 141 170 200 156 180 168 202 156 69 109 79 88 113 120 177 195 173
split_gain=38.1609 19.5342 15.2307 11.4736 10.9809 12.2448 9.68314 10.528 9.78132 8.45785 7.95474 8.2888 7.66601 7.96505 7.50188 7.04885 6.8889 6.11757 6.07549 6.02579 6.74668 11.435 8.35907 7.82429 7.73196 7.13222 6.64154 6.51171 7.35382 6.65423
threshold=-1.1817154288291929 0.18084443360567096 0.61261695623397838 0.57068678736686718 374.00000000000006 0 0.12838828563690188 0.49344387650489813 0.23086272925138476 0.039469746872782714 0.041281513869762428 0.083727337419986739 1.0000000180025095e-35 0.025592929683625702 0.59576183557510387 -0.14506799727678296 1.0000000180025095e-35 0.059921892359852798 3.0737138986587529 0.17769841104745868 0.41421362757682806 135.77068328857425 -0.034021228551864617 0.3081014752388001 0.77847048640251171 0.035123165696859367 0.021580570377409462 -0.082565434277057634 0.062896169722080245 -0.088945932686328874
decision_type=2 2 2 2 10 9 2 2 2 2 8 2 2 2 2 2 2 2 2 2 2 2 2 2 2 2 2 2 2 2
left_child=4 2 3 6 5 -1 8 12 9 15 11 14 13 -8 17 -2 -17 -3 -12 20 23 22 25 27 -24 -22 -23 28 -9 -29
right_child=1 10 -4 -5 -6 -7 7 19 -10 -11 18 -13 -14 -15 -16 16 -18 -19 -20 -21 21 26 24 -25 -26 -27 -28 29 -30 -31
leaf_value=-0.016997264423208449 0.036258924947959535 0.04209561596712337 0.091690264568006025 0.048998484233886565 0.064561716759712701 0.043191273402190304 0.083136205225370352 0.095753637267085343 0.14812614410712491 0.066578800504541624 0.018153310471569675 0.087531510775416141 0.0286177538379364 0.0042855436554398657 -0.08808897011371418 -0.10108241634157644 0.098741880824950404 0.07569176063045116 0.077873080141817458 0.11364389623501679 0.047086311230407359 -0.046710651824487102 0.083747300844801364 0.092354553315217469 -0.0015819039740422971 -0.075612104099635688 0.078155814712346686 0.056681283437824359 0.060319353539258019 0.077950223284916437
leaf_weight=43.307277886007796 19.307303018257244 203.86859739928423 1805.0073637900132 116.01332952095527 182.75205559898313 121.50164570604829 86.992774826352615 258.23524562188686 29.506628793048094 129.94962669831148 17.594427753358104 70.020032906708366 70.360805986301784 15.02322151064436 3.931139900643756 1.731949800762776 446.3274259016398 73.827785604481505 535.88034896375575 51.47338440270687 18.594626550897377 14.178366890366307 154.87738698324392 445.63081723058349 11.400969874041037 6.3571163874803451 6.0890442852978586 225.99306206571055 75.748774285340915 421.35645411520454
leaf_count=7560 3951 16839 14547 19075 4361 12936 13857 7464 5978 21465 3170 6270 11958 3624 853 8865 57916 6958 20002 2043 1007 1125 6572 15543 578 514 307 7264 2603 16073
internal_value=0 0.0818838 0.0846302 0.0797385 0.0476821 0.0289647 0.0811712 0.0775527 0.091922 0.0891456 0.0685022 0.0567409 0.0540107 0.0715244 0.0490855 0.0954202 0.0979695 0.0510274 0.0759746 0.0799541 0.0788957 0.0622278 0.0697976 0.0813661 0.0778967 0.0158256 -0.00919637 0.0763762 0.087717 0.0705251
internal_weight=0 5315.28 4410.16 2605.15 347.561 164.809 2489.13 1862.31 626.823 597.316 905.122 351.648 172.377 102.016 281.628 467.367 448.059 277.696 553.475 1689.94 1638.46 211.498 191.23 1426.96 166.278 24.9517 20.2674 981.334 333.984 647.35
internal_count=301278 276421 222329 207782 24857 20496 188707 90532 98175 92197 54092 30920 29439 17481 24650 70732 66781 23797 23172 61093 59050 10103 8671 48947 7150 1521 1432 33404 10067 23337
cat_boundaries=0 2
cat_threshold=361827335 509144
is_linear=0
shrinkage=0.1


Tree=43
num_leaves=31
num_cat=1
split_feature=171 157 156 63 66 237 93 157 11 156 157 175 177 133 193 124 137 201 224 166 172 179 109 94 127 193 149 156 90 176
split_gain=26.3273 20.9394 11.7437 10.718 21.0877 14.1988 8.92161 25.4306 8.44604 9.31959 9.71397 11.4607 9.20126 7.74024 7.46495 7.9858 7.38932 6.90954 6.93113 6.80968 6.86888 6.56673 6.51793 6.51667 6.44582 6.38806 6.06953 6.05387 7.00149 5.96251
threshold=0.25447581708431249 0.59515219926834118 1.0000000180025095e-35 0.33389289677143102 4.2164962291717538 0 0.13020090758800509 0.65620106458663952 0.049631856381893165 0.25116822123527532 0.49344387650489813 0.23086272925138476 0.33803024888038641 0.028836926445364956 0.090894352644681944 0.085941251367330565 1.0000000180025095e-35 0.031484976410865791 -0.037330197170376771 0.89823457598686229 -0.23472427576780316 0.16019584983587268 0.089061770588159575 0.05838917754590512 -0.012049950659275053 0.0083782989531755465 0.028820197097957138 0.056710978969931609 2.102357149124146 0.017431709915399555
decision_type=2 2 2 2 2 9 2 2 10 2 2 2 2 2 2 2 2 2 2 2 2 2 2 2 2 2 2 2 2 2
left_child=1 2 -1 8 -5 -6 25 26 9 10 11 21 16 23 15 19 17 -11 -19 20 -3 -4 -18 -10 -23 -2 -8 28 -12 -17
right_child=6 14 3 4 5 -7 7 -9 13 12 27 -13 -14 -15 -16 29 22 18 -20 -21 -22 24 -24 -25 -26 -27 -28 -29 -30 -31
leaf_value=-0.084279413404257902 0.059930042454457003 0.062398213062081632 0.055099528010924617 0.074491089052363665 0.04106189777312777 -0.039302207227440475 0.030889209663391277 0.071336686898350488 0.09345381540864095 0.088592304239614603 0.07460986463881529 0.13735618738636129 -0.0028683995760585834 0.12006429833944715 0.10093967630511752 0.054569400751840857 0.052841459472454624 0.086991087901777175 0.032800435410860584 0.097561495285839642 0.086529504566756871 0.15356145400398991 -0.072743102436864104 0.071039638683801559 0.062798675610252749 0.1066702801483369 -0.0290275055979696 0.088359163223156414 -0.008170684429163173 -0.077952012880270941
leaf_weight=4.4884347916377001 51.016311483202571 130.21007863329578 255.59746273756537 274.88145895307025 53.892264154883378 24.97977342941158 146.00871649938017 360.5484620291536 381.09967020923068 176.98179897251975 41.009645278030803 20.761515739326569 19.7030393298337 74.542585351686284 509.76846404133539 13.341546085095617 147.38509231327043 40.480100903900166 56.608534610513743 533.04338923929026 1253.529166833785 14.154066041020998 4.2519561808221615 196.64148798082533 17.497561133224735 68.505355930524729 19.120759754716346 828.01425319264672 13.607425577054526 4.5540441171033299
leaf_count=20042 9829 1736 65717 16658 6516 6592 10268 5356 23914 11048 4774 3718 887 3752 3876 146 11537 2336 4704 2274 14299 3022 478 11571 6377 9315 1613 36008 2017 83
internal_value=0 0.0835009 0.0773374 0.0776119 0.0614127 0.0158327 0.0620588 0.0564517 0.0801161 0.0762801 0.0808963 0.0656061 0.0639402 0.0897377 0.090174 0.0873374 0.0670323 0.0768321 0.0553947 0.0879581 0.0842587 0.0604202 0.04932 0.0858249 0.103386 0.0867198 0.0239513 0.0862321 0.0539857 0.0208455
internal_weight=0 5091.02 2646.58 2642.09 353.753 78.872 645.2 525.678 2288.34 1636.05 1190.64 308.011 445.411 652.284 2444.45 1934.68 425.707 274.07 97.0886 1916.78 1383.74 287.249 151.637 577.741 31.6516 119.522 165.129 882.631 54.6171 17.8956
internal_count=300463 264082 241668 221626 29766 13108 36381 17237 191860 152623 121633 78834 30990 39237 22414 18538 30103 18088 7040 18309 16035 75116 12015 35485 9399 19144 11881 42799 6791 229
cat_boundaries=0 2
cat_threshold=311202612 1316980
is_linear=0
shrinkage=0.1


Tree=44
num_leaves=31
num_cat=0
split_feature=86 86 170 160 13 143 160 168 163 202 176 216 189 67 6 198 150 101 183 140 165 92 197 230 108 93 231 201 113 190
split_gain=41.1051 24.477 9.7518 9.16726 8.41652 8.23817 7.49856 8.37008 7.26189 6.97883 8.49676 7.0432 7.44555 6.63042 7.36493 6.37646 6.71204 6.4563 6.47443 6.15854 6.09286 6.82985 6.46978 6.38059 7.93148 5.93672 5.79046 6.62693 6.80772 5.99012
threshold=-1.1817154288291929 -0.83693176507949818 0.47205519676208502 1.0000000000000002 0.025105042383074764 -0.0058554506395012132 1.0000000000000002 3.9947420358657841 -0.71915128827095021 0.015434639994055034 -0.10887399315834044 -0.028152477927505967 0.037329716607928283 2.5605614185333256 0.042743777856230743 -0.067557662725448595 -0.00079246642417274405 -0.1698595732450485 0.34980857372283941 -0.019703445024788376 96.500000000000014 0.91142413020133983 -0.07683053612709044 0.047112446278333671 -0.06326111406087874 0.077083554118871703 0.0028422841569408779 -0.11459277197718619 -0.080144491046667085 -0.099878516048192964
decision_type=2 2 2 2 10 2 2 2 2 2 2 2 2 2 10 2 2 2 2 2 2 2 2 2 2 2 2 2 2 2
left_child=6 2 -2 -3 9 -4 -1 8 -8 10 -5 -12 -13 20 -15 16 -11 -17 -19 -10 21 22 -7 -22 -25 -6 27 -24 -29 -30
right_child=1 3 5 4 25 13 7 -9 19 15 11 12 -14 14 -16 17 -18 18 -20 -21 23 -23 26 24 -26 -27 -28 28 29 -31
leaf_value=0.057396572392626737 0.087572460638774621 0.093750609768977936 0.062465926139858963 0.095189752189808075 0.091275214079541631 0.09350618578513685 0.035380252118055039 0.072988486744381742 0.034779928600852959 -0.029120770288200256 -0.013818189813434141 0.067117858426337829 -0.0010264240643885942 0.023047799571685547 0.069618612721538797 -0.053899027580926621 0.085528556099388503 0.097737424564125791 -0.1462413674914283 -0.054605215448983273 0.070753022573849536 0.092168564938032244 0.0093044263964789098 0.12618287455328439 -0.014890890774429394 0.066580427607897674 0.081484102359944646 -0.030096707846648821 0.01602210444856017 0.0726007956289456
leaf_weight=234.62899875709172 558.63282212689046 1790.6934478774815 570.01904315944012 33.988497573340737 632.16179272194904 158.78485854099699 46.261847322337417 27.808965042306227 11.512091701984899 9.6692332535849363 21.1960803900256 65.652634599349767 21.215039402478851 41.884005188547235 179.44501884791089 2.9674904530857011 10.82094945758581 116.2903780764359 1.0979396181446635 23.32708485898911 74.411843991008027 402.25979065889624 23.091943086113815 4.9527928859915873 20.401707407036156 115.07024484483009 253.02274329544707 7.2806779053253186 20.369979571998101 229.95813527568521
leaf_count=15456 31826 74403 35055 3506 21012 8189 1976 738 1520 1656 3718 5617 2907 11983 9732 412 1293 9354 98 5365 3574 15973 1374 137 1109 5122 14086 724 1882 11298
internal_value=0 0.0830118 0.0759002 0.0894268 0.0819106 0.0726168 0.0473309 0.0256459 0.00941252 0.0672203 0.0515807 0.0378647 0.0504755 0.0767035 0.0608056 0.0829938 0.031426 0.091773 0.0954555 -0.0250692 0.0796492 0.0818051 0.0757853 0.055991 0.0126667 0.0874723 0.0705133 0.0606242 0.0652244 0.0679968
internal_weight=0 5365.34 2544.52 2820.82 1030.13 1985.88 343.539 108.91 81.101 282.898 142.052 108.064 86.8677 1415.86 221.329 140.846 20.4902 120.356 117.388 34.8392 1194.53 1094.77 692.508 99.7663 25.3545 747.232 533.723 280.701 257.609 250.328
internal_count=301095 276040 146942 129098 54695 115116 25055 9599 8861 28561 15748 12242 8524 80061 21715 12813 2949 9864 9452 6885 58346 53526 37553 4820 1246 26134 29364 15278 13904 13180
is_linear=0
shrinkage=0.1


Tree=45
num_leaves=31
num_cat=0
split_feature=86 86 160 13 194 11 129 170 176 207 183 188 167 135 187 208 126 188 158 6 227 233 53 92 121 207 106 147 195 76
split_gain=37.9367 20.9931 10.2087 11.1834 7.13007 6.8132 6.3291 9.25937 6.9489 6.75721 6.23558 7.82498 7.81838 7.90901 6.83319 6.25894 6.16847 6.11271 5.56081 5.60665 6.01362 5.82026 7.79157 5.546 5.9695 5.54265 5.86792 5.34345 5.34449 5.32327
threshold=-0.83693176507949818 -1.1817154288291929 1.0000000000000002 0.017637178301811222 -0.0801076404750347 0.011184378061443569 0.0063378438353538522 0.61243727803230297 -0.19846734404563901 0.056394327431917197 0.018370210193097595 0.12874503433704379 2.5000000000000004 0.01391319837421179 0.08433168008923532 -0.031838035210967057 0.0013174639316275718 0.03848864138126374 0.29166667163372045 0.022991543635725979 -0.043863687664270394 0.13801034539937976 1.0000000180025095e-35 0.83642965555191051 -0.084776312112808214 -0.140033483505249 -0.075874142348766313 -0.014305274002254008 -0.16113173961639402 0.060790836811065681
decision_type=2 2 2 8 2 8 2 2 2 2 2 2 2 2 2 2 2 2 2 10 2 2 2 2 2 2 2 2 2 2
left_child=1 5 18 17 -5 -1 8 9 -2 -8 12 14 23 -14 -12 -15 -9 -4 19 20 -3 -21 -23 -6 -25 26 -10 28 -11 -19
right_child=6 2 3 4 10 -7 7 16 25 27 11 -13 13 15 -16 -17 -18 29 -20 21 -22 22 -24 24 -26 -27 -28 -29 -30 -31
leaf_value=-0.0034546802476496507 0.11470963597164525 0.024225391486663802 0.051974340792705791 0.087618444968818987 0.11288764380921884 0.054015255042819336 0.077724976436240212 -0.095661461300803732 -0.0086497749000319438 0.22143895877122333 0.050410280861553129 -0.00065657183656231779 -0.016479379844704229 0.13294622691988209 0.090089418424440404 -0.012977090780442083 0.061776572722747031 -0.049900334731494578 0.087265616564290507 0.080642329255970646 0.069579412856768871 0.098624617262034767 -0.06240896933733571 -0.092634006335997887 0.074999958757945698 0.089509948178825072 0.11316807695825165 0.10323617732175641 0.06541399526801793 0.045067409403259942
leaf_weight=21.998456315387557 135.86384725916264 38.298085902108596 39.549174145044617 197.55717890482583 41.23019363954063 331.27497541927005 601.46892072171113 4.7418311300680198 4.0666734278402137 2.2747223563210346 188.28118692563567 23.670116301605049 18.174146337394635 8.9387220079897798 56.402246088838638 4.3794693299560086 5.2372248131305241 14.625308045119711 778.70479987766112 703.10243425694898 123.54018397947266 5.5060611333246907 6.6137248547729541 2.1391223278806129 306.34738886511195 1591.0522874772505 143.0135645770772 232.61187977344707 62.974283728088267 9.896186750071136
leaf_count=7422 8918 6330 12075 8698 1392 17734 30471 412 283 99 11029 1277 2322 269 2833 575 169 4496 28068 32404 17775 176 357 157 13861 74072 3650 8621 2463 2977
internal_value=0 0.0732917 0.0764371 0.0679361 0.0709828 0.0504366 0.0896077 0.0827619 0.0929294 0.0838249 0.0659233 0.0542456 0.0741438 0.0264203 0.0595568 0.0849617 -0.0130346 0.0276527 0.0811153 0.0756547 0.0588466 0.079458 0.0107492 0.0784414 0.0738375 0.0912269 0.1098 0.0961424 0.0708534 -0.011574
internal_weight=0 2920.23 2566.96 911.19 847.12 353.273 2783.31 909.309 1874 899.33 649.563 268.354 381.209 31.4923 244.683 13.3182 9.97906 64.0707 1655.77 877.06 161.838 715.222 12.1198 349.717 308.487 1738.13 147.08 297.861 65.249 24.5215
internal_count=301385 172227 147071 61961 42413 25156 129158 42235 86923 41654 33715 15139 18576 3166 13862 844 581 19548 85110 57042 24105 32937 533 15410 14018 78005 3933 11183 2562 7473
is_linear=0
shrinkage=0.1


Tree=46
num_leaves=31
num_cat=1
split_feature=86 86 157 170 13 164 74 10 231 237 213 17 66 17 177 129 12 184 186 115 175 191 0 75 175 73 157 177 145 121
split_gain=43.2673 20.5236 7.35941 9.54526 7.52678 10.5552 7.08102 7.00539 6.43007 6.52553 6.06556 5.95132 5.84987 6.34636 5.82927 5.73481 6.25969 5.80794 6.24114 5.72457 5.59426 8.74846 6.22999 5.4942 5.51896 5.73167 5.35614 5.76637 5.35501 5.91209
threshold=-1.1529442071914671 -0.82166236639022816 0.59515219926834118 0.44583775103092199 0.054079741239547736 4.7405652999877939 0.33602151274681097 214.00000000000003 0.0048332423903048047 0 -0.15375690907239911 8.5000000000000018 5.8207831382751474 31.500000000000004 0.039558826014399535 0.0081555866636335867 22.500000000000004 0.080363605171442046 1.0000000180025095e-35 0.02845112327486277 -0.14935446530580518 0.10707959905266763 0.13714733719825747 0.22514811903238299 0.083884656429290785 1.0000000180025095e-35 0.62362465262413036 -0.27416829764842982 -0.013543903827667235 0.065809894353151335
decision_type=2 2 2 2 10 2 2 8 2 9 2 2 2 2 2 2 8 2 2 2 2 2 8 2 2 2 2 2 2 2
left_child=8 2 3 10 5 12 7 -4 9 -1 -2 15 13 14 23 16 -3 20 -19 26 21 22 -18 24 -5 -26 27 -17 -6 -30
right_child=1 11 6 4 28 -7 -8 -9 -10 -11 -12 -13 -14 -15 -16 19 17 18 -20 -21 -22 -23 -24 -25 25 -27 -28 -29 29 -31
leaf_value=-0.0095875732491077087 -0.021099631975646127 -0.0010424754021391813 0.068799069578521929 0.055514321604987073 0.092817896888527429 0.07611566695858224 0.066779073236093306 0.090049404220536741 0.061242302329913068 0.042273932679103586 0.095047907234900031 0.099505177445115139 0.024295092079374157 0.44501743484821943 0.038867466608673518 0.14830683758658952 -0.045343489119344084 0.063262352819926024 0.092594072367396099 0.098014062852651726 0.096077867286687407 -0.049447500004635214 0.083680700554678966 0.10426959514259436 -0.039710274636858271 0.1391711459809821 0.086714684542088 0.063872885037328769 0.076313217551870483 0.035049959041390459
leaf_weight=30.467002898521969 4.6068665734046581 7.4688491933845844 192.81753451167242 214.16946836737588 167.1340636451614 323.49275054321834 241.11054822855658 793.7248291588221 203.95042366405687 169.76041820259979 187.26366078005276 448.80586425590718 63.449190006885146 0.42117970809067529 125.03107921695891 8.3087024756696319 3.8820448048045355 143.815496609094 146.37444405647921 127.66571229703413 1071.5682669328985 5.5731063443290614 104.00400987497642 31.521708372834837 2.0539011432338183 14.006025924333697 211.13236250886985 305.20248056877745 227.67727875476112 40.97116219637428
leaf_count=3222 484 13290 5733 28374 9232 19810 4572 5516 14337 12264 14472 18708 24047 117 17094 482 165 7089 7006 5685 39205 473 2039 3489 853 1581 1615 23454 13731 2953
internal_value=0 0.082708 0.0764883 0.0715374 0.0682513 0.0623337 0.0821415 0.0858961 0.0487449 0.036015 0.0922592 0.0890376 0.0524406 0.0570526 0.0566302 0.0868372 0.0902748 0.0907372 0.0780575 0.0790234 0.0938421 0.0727268 0.079038 0.0651149 0.0597541 0.116294 0.0744023 0.0661106 0.0787637 0.0700202
internal_weight=0 5213.25 2629.45 1401.8 1209.93 774.145 1227.65 986.542 404.178 200.227 191.871 2583.8 450.653 387.203 386.782 2135 1482.69 1475.22 290.19 652.309 1185.03 113.459 107.886 261.751 230.229 16.0599 524.644 313.511 435.783 268.648
internal_count=301092 271269 152058 136237 121281 95365 15821 11249 29823 15486 14956 119211 75555 51508 51391 100503 69267 55977 14095 31236 41882 2677 2204 34297 30808 2434 25551 23936 25916 16684
cat_boundaries=0 2
cat_threshold=1792017505 73776
is_linear=0
shrinkage=0.1


Tree=47
num_leaves=31
num_cat=0
split_feature=86 86 171 17 86 175 157 158 157 121 92 157 198 223 157 173 131 156 168 213 172 183 155 145 123 85 106 131 159 217
split_gain=42.2087 22.2674 8.80375 7.31699 7.84807 7.27592 7.97759 7.20282 9.01966 7.10942 6.86638 6.62471 6.40445 13.1556 6.23376 6.90416 7.1205 6.41673 7.09631 7.0748 9.62013 8.97644 8.66525 7.08118 7.58938 8.07586 6.70818 6.49712 6.24767 6.92351
threshold=-0.82166236639022816 -1.1529442071914671 0.06923586875200273 9.5000000000000018 -0.57369077205657948 0.043344594538211829 0.56940105557441723 0.18333333730697635 0.59515219926834118 0.034695874899625785 0.81442841887474071 0.38645555078983312 -0.15928218513727185 0.063483688980340972 0.65620106458663952 0.42309133708477026 0.0016641488764435055 0.14564393460750583 3.1560511589050297 0.058733563870191581 -0.15285439044237134 -0.03967048600316047 -0.011312508489936588 -0.0069287267979234448 0.02159347198903561 51.500000000000007 -0.016101073473691937 -0.040405131876468652 0.78932681679725658 0.033183246850967414
decision_type=2 2 2 2 2 2 2 2 2 2 2 2 2 2 2 2 2 2 2 2 2 2 2 2 2 2 2 2 2 2
left_child=1 11 14 4 5 6 9 8 -4 -2 -10 -1 13 -8 15 17 -17 18 -3 20 23 22 28 24 25 -19 -23 -21 29 -22
right_child=3 2 7 -5 -6 -7 12 -9 10 -11 -12 -13 -14 -15 -16 16 -18 19 -20 27 21 26 -24 -25 -26 -27 -28 -29 -30 -31
leaf_value=-0.038039093281457659 0.078227002700029843 0.055557493018213638 0.013213945713437503 0.1032732466921948 0.099214581903182719 0.10464233425027565 0.073426908260087506 0.071733752902294681 -0.046995584896249686 0.048105950265267899 0.071460150298890635 0.05298078498660426 0.088882765493750626 -0.077566185006622282 0.09363330892665378 0.0017322458193943483 0.10695558749943153 -0.072662248477789834 0.092169264616399738 0.0433027943444345 -0.030124893681636955 0.066547556094371574 0.074508320184688503 0.065798604137660754 0.068232052962209064 0.024606496227073237 0.089394780667485019 0.09352699964976563 0.059102797182415207 0.047753830651512161
leaf_weight=8.1581009590072409 352.97592460024657 60.330360216883491 52.979205134718086 366.67566964648267 487.14117341416454 167.25177649759326 36.954026615727344 446.63384590000169 5.1812509712763122 100.71945145185373 88.098887414802448 403.41751382256052 1047.9333683558743 6.8380353128486595 262.95072703502956 23.047289590192126 8.9202155908455989 11.243906071103991 432.22653649444601 28.71582730807495 22.708750907044305 193.20552131967997 145.85899148669887 107.01181138318498 26.440002382085368 35.439477208612516 383.78203359194413 249.97379747645391 54.818144907820169 22.953905399026553
leaf_count=6608 44329 17072 9918 14914 20586 10479 768 20768 188 14184 1963 23147 13537 285 1473 1367 383 667 50458 1907 1581 7127 6034 3861 1025 1650 12581 9671 1400 897
internal_value=0 0.0728236 0.0761699 0.090195 0.0880151 0.0848296 0.0826854 0.0654264 0.0461654 0.0715402 0.0648805 0.0511766 0.087317 0.0498497 0.0792476 0.0771538 0.0310938 0.0779835 0.0876849 0.0742566 0.0703419 0.0749217 0.0589416 0.0494091 0.025424 0.00117887 0.0817443 0.088352 0.0363447 0.00902353
internal_weight=0 3074.1 2662.52 2566.49 2199.81 1712.67 1545.42 592.893 146.259 453.695 93.2801 411.576 1091.73 43.7921 2069.63 1806.68 31.9675 1774.71 492.557 1282.15 1003.46 823.327 246.34 180.135 73.1234 46.6834 576.988 278.69 100.481 45.6627
internal_count=300828 181746 151991 119082 104168 83582 73103 32837 12069 58513 2151 29755 14590 1053 119154 117681 1750 115931 67530 48401 36823 29620 9912 7203 3342 2317 19708 11578 3878 2478
is_linear=0
shrinkage=0.1


Tree=48
num_leaves=31
num_cat=0
split_feature=88 79 157 156 157 44 104 168 166 181 179 88 123 106 233 1 55 0 202 93 181 69 232 221 166 68 148 68 157 207
split_gain=22.6796 11.8742 9.33541 9.41071 8.35938 9.19487 7.96818 7.47485 7.4082 7.44509 7.32858 8.9039 8.71093 6.59757 6.54593 6.27594 8.28423 7.09673 6.02833 5.61594 5.93911 5.57671 5.89142 5.56732 5.77787 5.53611 5.47571 8.01457 6.54973 5.75855
threshold=0.72252488136291515 0.32799692451953893 0.37869377434253698 0.35097050666809088 0.68542924523353588 1.0000000180025095e-35 -0.085044816136360155 3.4076601266860966 0.55647623538970958 0.31376664340496069 0.074703574180603041 0.76840013265609752 -0.033041950315237038 0.090954683721065535 0.0047523281536996373 0.018874644301831726 1.0000000180025095e-35 inf -0.086564410477876649 0.33565798401832586 0.28242957592010504 135.76808166503909 -0.084747709333896623 -0.10343456640839575 0.066459055989980712 41.397239685058601 0.015691777225583795 35.00396919250489 0.54990360140800487 -0.039605977013707154
decision_type=2 2 2 2 2 2 2 2 2 2 2 2 2 2 2 10 2 8 2 2 2 2 2 2 2 2 2 2 2 2
left_child=6 2 -2 7 5 -5 15 10 9 14 11 -4 -13 -6 -3 16 -1 -18 -15 23 -21 22 -7 -8 -25 -14 29 28 -28 -26
right_child=1 8 3 4 13 21 19 -9 -10 -11 -12 12 25 18 -16 -17 17 -19 -20 20 -22 -23 -24 24 26 -27 27 -29 -30 -31
leaf_value=0.067372262254150356 -0.0045749597040411162 0.030005108914406706 0.071274663125467319 0.026605101082848432 0.077351998998247642 -0.024372790718749985 0.10431616769087282 0.080025265915384475 0.091115593015683768 -0.12212432540876668 0.088138412584059231 -0.022745032606900709 0.04229926547305965 -0.1162170833743474 0.085333613099047523 0.085911466439209661 -0.17773411676689499 0.057020762322238017 0.039974941219353841 0.057686574540740311 0.23618280002616623 0.0047192343243923802 0.084315027700326617 0.10602354357291813 0.096911790389731911 0.10219606112302931 0.09630279054271787 0.076059368691822393 -0.15667737062556075 0.084981681282700713
leaf_weight=262.59961391443971 16.595037875676553 33.949612872736679 237.87238640602209 126.58893987996998 192.53021929922397 5.3341954512070506 242.71328736228679 923.21296023759396 501.94152390763861 2.1801700879204864 107.94376909747916 18.901525848886195 131.82365286986806 3.0071923639043261 57.769581693229156 303.59555140854968 2.5826679443794083 2.5683384712965562 13.859553392452652 73.454129273969556 1.9126116400238959 12.176365071187318 76.669868177290482 171.68058111696701 605.91169197074078 17.476970904005611 1.6482541179625503 276.20848676501828 2.6996293039992452 1217.7622141183124
leaf_count=20695 13837 6839 23769 4439 2057 164 8300 36460 14446 427 11690 2950 16517 45 5822 10778 652 223 173 5344 304 344 1683 7791 28286 1962 259 15822 97 59155
internal_value=0 0.0739883 0.0700968 0.0707604 0.0577845 0.0442081 0.0867596 0.0746441 0.0862928 0.0605126 0.0649791 0.0588229 0.0412135 0.0720982 0.0648539 0.0760689 0.0649087 -0.0606832 0.0121273 0.0891143 0.0622163 0.0678684 0.0772451 0.0899192 0.0883838 0.0493107 0.0869446 0.0739388 -0.0607742 0.0889454
internal_weight=0 2479.83 1883.99 1867.4 430.166 220.769 3165.34 1437.23 595.841 93.8994 514.018 406.075 168.202 209.397 91.7192 571.346 267.751 5.15101 16.8667 2593.99 75.3667 94.1804 82.0041 2518.62 2275.91 149.301 2104.23 280.556 4.34788 1823.67
internal_count=301330 143624 116090 102253 8905 6630 157706 93348 27534 13088 56888 45198 21429 2275 12661 32348 21570 875 218 125358 5648 2191 1847 119710 111410 18479 103619 16178 356 87441
is_linear=0
shrinkage=0.1


Tree=49
num_leaves=31
num_cat=0
split_feature=86 86 170 171 93 157 156 168 157 96 170 141 73 127 67 163 157 126 156 158 198 185 157 85 1 141 10 5 99 136
split_gain=39.6485 16.2124 8.72668 7.52366 8.91411 7.72907 7.53981 7.99015 6.84258 8.47226 6.73945 7.97861 6.67098 6.6172 5.88469 5.76665 5.75182 6.38323 5.74099 5.83624 5.66337 6.03161 5.56285 5.93092 5.7628 5.89217 5.52957 6.95524 5.51615 5.55084
threshold=-1.1529442071914671 -0.79820320010185231 0.51076805591583263 0.013746987096965315 0.056992594152688987 0.60324698686599743 0.22287581861019137 2.9112170934677128 0.50392878055572521 -0.18138262629508969 0.45447091758251196 -0.0091656344011425955 0.073350071907043471 0.046086275950074203 1.0910909771919253 0.06909805536270143 0.47217315435409551 -0.050943562760949128 0.3352713286876679 0.18333333730697635 0.075481764972209944 -0.032283248379826539 0.56940105557441723 48.500000000000007 0.13161150366067889 -0.031725710257887833 127.50000000000001 0.097913432866334929 -0.16721098870038983 -0.0072097843512892714
decision_type=2 2 2 2 2 2 2 2 2 2 2 2 2 2 2 2 2 2 2 2 2 2 2 2 10 2 8 10 2 2
left_child=15 3 22 8 -5 6 7 -6 9 12 11 14 -2 20 -11 18 -9 -18 19 -1 -12 -22 23 24 25 -3 -10 -28 -24 -30
right_child=1 2 -4 4 5 -7 -8 16 26 10 13 -13 -14 -15 -16 -17 17 -19 -20 -21 21 -23 28 -25 -26 -27 27 -29 29 -31
leaf_value=0.037912097801931582 0.060862094771186592 0.035252062231943299 0.084312269779341684 0.089670470353698753 -0.043456345636013166 0.073216005215188049 0.018154839778494615 0.012233308592656892 0.066759747107871859 -0.023017884963299651 0.048217186597423536 0.10168534141463588 0.17761760518005443 -0.00099947377311766154 0.068249237559970075 0.0058781621869086545 0.11933515581244854 0.062590368479954972 0.037926436042427097 0.073341956495131658 0.11932270676208308 0.052100089031274555 0.0087563088969637212 0.0956441470887687 -0.054880836888561151 0.08597503144117799 0.082539396040530927 0.097917909673057954 0.11634164567338075 0.096074152100834698
leaf_weight=63.951571207843699 8.1031390758987545 29.745655983269899 1241.9425572304817 194.38389527767367 7.0732477830870257 429.38375622159947 54.894129444232021 18.356280960225831 160.00632143783059 9.2529886355541731 125.99926335389273 80.755166846851353 12.355338636737086 19.891581566725108 29.87290482617118 26.512003296948933 23.545247966463648 125.42640167658556 137.45137487285683 170.31523074493452 27.808368975388248 25.667609304142843 6.0818023821193483 352.92688903158842 3.5478523068732093 99.534757486360377 1217.5014626993852 387.75626952747371 231.51493674109224 324.59179765966837
leaf_count=5851 2471 3112 52904 19733 2604 7627 4519 5411 21838 1594 36395 7912 2437 6776 4347 12656 1054 7732 2683 8460 5631 6259 67 33932 895 9925 17920 4319 1573 2575
internal_value=0 0.0836658 0.089983 0.0787755 0.0708533 0.0653001 0.0504765 0.0606501 0.081986 0.0689891 0.0649913 0.0837283 0.131373 0.0537246 0.0466652 0.0509371 0.0650508 0.071559 0.0541508 0.0636701 0.0597898 0.0870569 0.0967034 0.0888653 0.0708538 0.0743044 0.0844871 0.0862541 0.103476 0.104512
internal_weight=0 5247.92 2289.89 2958.03 853.063 658.679 229.295 174.401 2104.97 339.706 319.248 119.881 20.4585 199.367 39.1259 398.23 167.328 148.972 371.718 234.267 179.475 53.476 1047.94 485.755 132.828 129.28 1765.26 1605.26 562.189 556.107
internal_count=301212 271562 104983 166579 48680 28947 21320 16801 117899 73822 68914 13853 4908 55061 5941 29650 14197 8786 16994 14311 48285 11890 52079 47864 13932 13037 44077 22239 4215 4148
is_linear=0
shrinkage=0.1


Tree=50
num_leaves=31
num_cat=0
split_feature=86 86 171 11 86 170 206 170 160 157 186 106 94 147 186 11 142 226 157 170 219 119 129 207 105 189 227 170 76 190
split_gain=38.7302 19.6691 9.58201 7.76506 7.32891 7.21652 7.85976 7.79633 7.60287 6.7341 6.10372 6.75626 6.09519 6.48743 7.70426 5.89389 6.0127 5.6938 5.6874 7.30609 6.79038 8.14646 6.87546 6.52428 6.35217 6.75906 6.66442 6.24598 5.73107 5.38022
threshold=-0.82948100566864003 -1.1817154288291929 0.044439973309636123 0.011184378061443569 -0.6793040633201598 0.47205519676208502 0.091853566467762007 0.60105058550834667 2.0000000000000004 0.33262132108211523 0.11084849759936334 -0.075874142348766313 -0.10029762238264082 0.019735918380320076 0.017824368551373485 0.033520599827170379 -0.039761330932378762 0.066231604665517821 0.54140940308570873 0.48147568106651312 0.036756984889507301 0.040356865152716644 0.011010193265974523 0.086173482239246382 -0.0403811577707529 -0.096181910485029207 0.12605731189250949 0.45127125084400183 0.35805861651897436 0.067053757607936873
decision_type=2 2 2 8 2 2 2 2 2 2 2 2 2 2 2 8 2 2 2 2 2 2 2 2 2 2 2 2 2 2
left_child=1 3 5 -1 18 9 8 10 -7 -3 -8 -12 -4 14 15 -14 -17 -10 24 -20 -21 23 -23 28 25 26 -2 -27 -22 -6
right_child=4 2 12 -5 29 6 7 -9 17 -11 11 -13 13 -15 -16 16 -18 -19 19 20 21 22 -24 -25 -26 27 -28 -29 -30 -31
leaf_value=-0.01044379134203972 0.096152631553394971 -0.038891637195151874 0.09957489572206718 0.054281051717895393 0.091465016855259609 0.07492493116468868 0.10171082658468407 0.0057059117750378448 0.051036817229455037 0.09155417534939278 -0.15272056763790243 0.068130019433253072 0.059395372315061402 0.079336719130897654 0.069528004902745952 -0.10183920676643471 0.030545223251698558 -0.048863129066990925 0.10389627930166204 0.089813253282531882 0.082619714401715824 0.049433984602415548 -0.058196561115451788 -0.0080806411129379797 0.082941653156520412 0.082524689307684446 0.74317320582510304 0.021138410759462864 -0.065800152966336428 0.10644202369661092
leaf_weight=19.680273060580021 22.886737441896916 3.9913295968224238 49.044834205521511 318.63121357359341 850.78850038549535 1118.7276002800534 218.81269492562296 10.188107669961935 77.639052950991299 466.68384006595443 1.431514147974666 42.804911873084166 106.84680634857204 172.13805279121152 219.43855366423986 3.5497395914371728 102.39311095585026 6.1576988155620702 242.18463641679409 667.10533901592134 223.04913018592197 26.597856009184397 7.6399449794917009 8.5548442105882696 224.81950201256905 23.474257671675332 0.16030883082566916 56.397326492195134 2.6323696635154183 334.02427466860945
leaf_count=7429 3163 2898 4206 17575 37528 64001 13571 1590 5721 22871 142 2360 8294 10281 10245 240 4599 788 2169 13672 3602 611 283 621 34760 2161 58 11491 71 14287
internal_value=0 0.0731973 0.0761487 0.0505159 0.0898039 0.0796662 0.0762275 0.0915374 0.0727488 0.090448 0.0948617 0.0609832 0.0656707 0.0629193 0.056381 0.0428232 0.0261095 0.0436958 0.0851737 0.0884159 0.0844087 0.0709794 0.0254169 0.0776392 0.0735222 0.0529458 0.100653 0.0391798 0.0808885 0.0956874
internal_weight=0 2938.16 2599.85 338.311 2690.32 1946.44 1475.76 273.237 1202.52 470.675 263.049 44.2364 653.411 604.366 432.228 212.79 105.943 83.7968 1505.5 1177.76 935.579 268.474 34.2378 234.236 327.738 102.919 23.047 79.8716 225.681 1184.81
internal_count=301288 176811 151807 25004 124477 113942 88173 17663 70510 25769 16073 2502 37865 33659 23378 13133 4839 6509 72662 21029 18860 5188 894 4294 51633 16873 3221 13652 3673 51815
is_linear=0
shrinkage=0.1


Tree=51
num_leaves=31
num_cat=0
split_feature=86 86 157 163 182 171 42 212 175 137 136 86 3 208 157 73 170 13 170 128 101 168 170 82 38 205 110 222 142 7
split_gain=38.7074 15.7208 7.56847 7.26026 11.7255 6.73764 8.34353 7.80592 6.47653 6.74248 6.16987 5.78066 5.65422 5.62444 5.59771 6.88013 6.02171 5.57952 7.76893 6.97699 6.60076 6.3178 6.07218 7.50066 6.88676 5.37813 8.07561 7.19631 5.41758 5.13969
threshold=-1.1157679557800291 -0.83693176507949818 0.68542924523353588 -0.77014034986495961 -0.048380067571997636 -0.075702868402004228 1.0000000180025095e-35 -0.089557152241468416 0.61647737026214611 -0.027767409570515152 -0.019269801676273342 -1.3393942117691038 0.18502956628799441 0.015143837779760362 0.42969046533107763 0.27539464831352239 0.42745165526866918 0.089163407683372511 0.48147568106651312 0.023560565896332267 0.035718483850359924 3.0961004495620732 0.60105058550834667 0.013245614245533945 1.0000000180025095e-35 -0.13305573910474774 0.046058895066380508 -0.08064402267336844 0.052942739799618728 0.11814556270837785
decision_type=2 2 2 2 2 2 2 2 2 2 2 2 10 2 2 2 2 10 2 2 2 2 2 2 2 2 2 2 2 8
left_child=3 8 17 4 10 11 7 -7 14 -10 -1 -5 -8 -6 15 -2 -16 18 25 20 -19 -22 -20 24 -24 26 27 -3 -29 -9
right_child=1 2 -4 5 13 6 12 29 9 -11 -12 -13 -14 -15 16 -17 -18 19 22 -21 21 -23 23 -25 -26 -27 -28 28 -30 -31
leaf_value=0.094590849644264619 0.03650265622975099 0.46799932481760331 0.10360222366199612 -0.026667398708145242 0.070228680360121851 -0.058362037096651775 -0.080309632267704045 -0.0088854692067283254 0.3189821158105014 0.11726784272540157 0.035039617064990827 0.068433584440972695 0.021612620677303473 0.10755531486705382 0.10401811061544129 0.18931369224950531 0.077310040340592384 0.11652893163621639 0.08290283265570067 0.059433222680648483 0.37838697924976622 -0.017417303927898541 0.078158399994111546 -0.060735023997445486 -0.11254990060479855 0.097175625272132748 -0.0009868860680962157 0.078510782679546198 0.42013604508586805 0.054114047471524866
leaf_weight=20.68964120709461 49.985174163511601 0.4925849194305546 323.70471713702136 6.7956055667818864 106.95704519857281 7.5514314523525163 10.325356069716692 14.747564056954614 1.852111300473555 15.737389087812515 109.34800764227657 107.49989140535854 11.510809575001984 64.841134297705139 87.855510632769438 3.1309228136310585 2157.4888759263554 150.36545340266275 1517.0363000642908 29.589646720539804 0.43403303724062325 5.6914176371810754 23.156785413752011 6.1337816847599234 2.0621701933559953 644.62744731613043 14.110433127457325 34.554007598993849 0.4705212094113439 106.2295541324338
leaf_count=570 29188 112 1181 1803 2763 1751 1723 4625 465 1361 3315 12792 1152 1734 2071 2279 97025 5515 82895 2311 100 858 1507 948 323 31323 600 1443 13 7535
internal_value=0 0.08413 0.0892387 0.0565683 0.067169 0.0444785 0.0305677 0.0402771 0.0780586 0.138508 0.0445145 0.0627792 -0.0265819 0.0843167 0.077596 0.0455101 0.0783551 0.0873243 0.0859437 0.103964 0.112384 0.0106283 0.0820026 0.0384421 0.0625641 0.0947335 0.0630124 0.0884383 0.0831002 0.0464342
internal_weight=0 5068.48 2752.43 566.496 301.836 264.66 150.365 128.529 2316.05 17.5895 130.038 114.295 21.8362 171.798 2298.46 53.1161 2245.34 2428.72 2242.64 186.081 156.491 6.12545 1548.39 31.3527 25.219 694.255 49.6275 35.5171 35.0245 120.977
internal_count=301281 261518 129129 39763 8382 31381 16786 13911 132389 1826 3885 14595 2875 4497 130563 31467 99096 127948 119164 8784 6473 958 85673 2778 1830 33491 2168 1568 1456 12160
is_linear=0
shrinkage=0.1


Tree=52
num_leaves=31
num_cat=0
split_feature=86 86 11 65 13 197 136 81 174 145 68 121 185 228 150 93 112 188 207 12 201 98 139 95 156 170 77 12 183 143
split_gain=38.261 20.6249 8.59998 7.61126 7.01899 6.72315 6.49426 6.42639 8.14267 8.13516 6.40733 6.37818 6.30772 6.42418 6.06113 7.45115 5.77702 5.80665 5.65977 5.51384 5.44643 5.39877 5.3312 5.31146 5.21762 5.20903 5.18608 5.15138 5.13179 5.69405
threshold=-0.81289151310920704 -1.1157679557800291 0.010349444113671781 1.5000000000000002 0.044623587280511863 0.038263749331235893 0.056513013318181045 0.031498016789555557 0.28809465467929846 0.024353610351681713 41.406105041503913 -0.022196702659130093 0.2010464742779732 0.041056385263800628 -0.0054266557563096276 0.077083554118871703 0.010359609499573709 0.15487509965896609 -0.0067780390381813041 126.50000000000001 -0.12999195605516431 -0.085028894245624528 0.010370192583650352 0.082322571426630034 0.49683544039726263 0.39896512031555181 0.019419306889176372 5.5000000000000009 0.028898946009576324 0.0014362468500621619
decision_type=2 2 8 2 8 2 2 2 2 2 2 2 2 2 2 2 2 2 2 8 2 2 2 2 2 2 2 8 2 2
left_child=1 2 -1 4 16 12 -7 -6 9 19 -4 -12 13 26 15 -15 17 -3 -17 -9 -11 -16 -19 -10 -20 -2 28 -27 -5 -30
right_child=25 3 10 5 7 6 -8 8 23 20 11 -13 -14 14 21 18 -18 22 24 -21 -22 -23 -24 -25 -26 27 -28 -29 29 -31
leaf_value=0.00067938127762381245 0.13280157399943171 0.051227061406633058 0.0605340696168985 0.077649038266172477 0.088884062750668902 0.090485216370712121 0.012406955414670936 0.029288578668365775 0.11232606528643473 -0.15892039043008885 0.065066921637372738 -0.091959408464242859 0.10670009736555826 0.062886849217568694 -0.0055225468039622637 -0.058664665928207495 0.077934319736114116 -0.071911497246746656 0.041459005854009384 0.071922501119161555 0.021208729013214498 0.080078189457401805 0.074438414878539083 -0.049619952922491009 -0.10373633419090054 -0.07205156774038364 0.085431738688359363 0.089881481042908037 0.021870462735751033 0.072552629986055148
leaf_weight=26.5571166665909 28.432941728739479 179.51267439855133 522.26017831347326 185.20449228411348 231.02806892486524 644.37046653931156 10.832010951135997 34.796924483674502 46.583297828394279 1.7951641799136293 4.8457811833914093 5.5486969738194585 64.391425259217613 80.313144872457997 7.8054603355449208 9.0992309793855366 87.263814169926263 7.4512441333240513 31.545987192122084 236.56983658368154 25.848305199457172 131.41066500305942 3.7376441444444026 2.117273172613749 2.685659333568764 1.9660793579901099 476.94177815487774 2446.8169932335777 42.321912883880032 46.547818221785747
leaf_count=11085 1821 28101 26725 8713 12326 27515 666 7466 1250 161 495 1260 1635 3710 481 842 10053 1342 1414 8952 2315 4438 699 335 39 8247 19554 104278 2350 2985
internal_value=0 0.0736342 0.0562177 0.0773944 0.0696834 0.0812052 0.0891944 0.0759564 0.067367 0.0611911 0.0589868 -0.0187556 0.0763506 0.0744231 0.0609683 0.0448554 0.0566227 0.0468706 0.0114344 0.0664556 0.00951116 0.0752788 -0.0230234 0.105285 0.0300676 0.0902456 0.0791324 0.0897515 0.0681703 0.0484166
internal_weight=0 3149.39 559.212 2590.17 856.704 1733.47 655.202 578.739 347.711 299.01 532.655 10.3945 1078.27 1013.88 262.86 123.644 277.965 190.702 43.3309 271.367 27.6435 139.216 11.1889 48.7006 34.2316 2477.22 751.016 2448.78 274.074 88.8697
internal_count=301253 186907 39565 147342 73000 74342 28181 32805 20479 18894 28480 1755 46161 44526 10924 6005 40195 30142 2295 16418 2476 4919 2041 1585 1453 114346 33602 112525 14048 5335
is_linear=0
shrinkage=0.1


Tree=53
num_leaves=31
num_cat=0
split_feature=86 86 160 90 167 96 159 86 83 158 182 109 186 158 13 202 106 145 174 158 206 213 153 231 223 227 178 69 166 178
split_gain=37.0542 15.9508 7.24964 7.42658 6.0772 9.50271 6.24481 5.75657 5.86296 5.67692 5.33224 5.52533 5.471 6.09984 5.45487 5.28879 5.49759 6.64781 5.21359 6.77925 6.23136 6.53754 6.12088 7.83658 6.11834 6.10085 5.77924 7.20519 5.58744 6.15957
threshold=-1.1157679557800291 -0.83693176507949818 1.0000000000000002 1.9560386538505556 2.5000000000000004 0.056573923677206046 0.33072219789028173 -0.57369077205657948 8.5000000000000018 0.22500000149011615 -0.080040879547595964 -0.0042921919375658027 -0.047999983653426163 0.18333333730697635 0.057443765923380859 -0.093727413564920412 -0.057500796392559998 0.010050130076706411 -0.13903615623712537 0.18333333730697635 0.10829206183552743 -0.10132885351777075 -0.0062897698953747741 0.099513258785009398 -0.071506325155496583 -0.098732497543096528 0.37573242187500006 127.014949798584 0.85254395008087169 0.072399966418743147
decision_type=2 2 2 2 2 2 2 2 2 2 2 2 2 2 8 2 2 2 2 2 2 2 2 2 2 2 2 2 2 2
left_child=9 2 3 -2 10 -6 -7 8 18 -1 11 14 13 -12 -4 16 17 -11 19 24 21 -21 23 28 -3 -23 -24 -28 29 -20
right_child=1 7 4 -5 5 6 -8 -9 -10 15 12 -13 -14 -15 -16 -17 -18 -19 22 20 -22 25 26 -25 -26 -27 27 -29 -30 -31
leaf_value=0.044497500539167206 0.076307981960821669 -0.012070768431866174 0.042956219667158471 0.090782541283202137 0.0128528520070035 0.12533299504546977 0.032647065075902114 0.098239614597355279 0.097835862646573804 0.075089493788710118 0.019775486739712234 0.067173334636508972 0.082500175622425356 0.069879902277799485 -0.049119300466727085 0.069095868372145527 0.014498737834660401 0.43987521479404434 0.077653241404460782 0.10816434352075306 0.11209903300252851 -0.0011613279091463257 0.094529014481111145 -0.015528070328978742 0.06350158732899723 0.075874558938457584 0.074874178965077379 -0.069106214444374453 0.096281699502606455 0.031959169382090979
leaf_weight=222.58816031681999 910.10967461597397 11.860205031332496 24.002486138150743 580.60102755992966 43.408223896291702 17.212886303960662 12.583518287065543 551.57469248289226 395.21475801421593 2.0892899608679723 28.949967386681237 78.235497862902776 442.49397785862993 151.20199785377145 8.7907055377772831 308.04057877929972 30.071114986178145 0.65657266192647501 149.20382834069255 64.336937306806249 61.822712651281108 10.537794493073759 782.03215350511641 8.9351949714236962 110.74635027750264 420.65160494047723 13.284999436201362 4.7071804105653419 120.2103734898933 36.770906119258598
leaf_count=21670 49504 1174 2226 27431 8178 850 1709 22887 17199 181 3730 5483 23878 8364 1003 15257 2420 49 10965 1034 2194 650 42251 1215 6709 14315 1051 531 3644 3118
internal_value=0 0.0839588 0.0778129 0.0819455 0.0701778 0.0427033 0.0861902 0.0891088 0.0868095 0.0569188 0.0729191 0.0527305 0.0765191 0.0618282 0.018274 0.0650302 0.0268668 0.162315 0.0843819 0.0774803 0.0821635 0.0784287 0.0885901 0.0767854 0.0561912 0.0739919 0.0932398 0.0372055 0.0794793 0.0686186
internal_weight=0 5039.48 2297.59 1490.71 806.879 73.2046 29.7964 2741.89 2190.31 563.446 733.675 111.029 622.646 180.152 32.7932 340.858 32.817 2.74586 1795.1 679.956 557.349 495.526 1115.14 315.12 122.607 431.189 800.024 17.9922 306.185 185.975
internal_count=300870 261293 132356 76935 55421 10737 2559 128937 106050 39577 44684 8712 35972 12094 3229 17907 2650 230 88851 26076 18193 15999 62775 18942 7883 14965 43833 1582 17727 14083
is_linear=0
shrinkage=0.1


Tree=54
num_leaves=31
num_cat=1
split_feature=86 86 170 157 73 150 12 113 157 173 129 188 146 79 157 110 129 113 237 6 190 171 170 147 231 190 181 156 170 147
split_gain=37.156 16.8816 7.13657 7.72523 7.348 6.70578 6.28379 6.18672 6.13481 6.10919 9.32192 6.9789 6.47471 6.4291 6.11434 11.0423 6.09993 5.96077 5.95039 5.88102 5.83081 5.71206 6.08159 7.19511 5.71832 6.44934 8.11142 8.04351 5.75385 5.62375
threshold=-1.1529442071914671 -0.82166236639022816 0.42745165526866918 0.46475408971309667 0.021054964512586597 -0.048954783007502549 269.00000000000006 -0.059433942660689347 0.68542924523353588 0.31048737466335302 0.043140865862369544 -0.071322940289974199 0.017567067407071594 0.35424837470054632 0.59515219926834118 -0.019824919290840622 -0.01699417736381292 0.073303990066051497 0 0.06273148208856584 0.083727337419986739 -0.0079704159870743734 0.54824271798133861 0.03236453793942929 -0.044915230944752686 0.037729151546955116 -0.068391866981983171 0.63818180561065685 0.61243727803230297 0.017584219574928287
decision_type=2 2 2 2 2 2 10 2 2 2 2 2 2 2 2 2 2 2 9 8 2 2 2 2 2 2 2 2 2 2
left_child=6 2 -2 4 17 -6 7 19 9 13 11 12 -11 -3 15 -13 -17 -4 -9 -1 -12 24 -23 -24 -5 27 -27 28 -26 -15
right_child=1 8 3 21 5 -7 -8 18 -10 10 20 14 -14 29 -16 16 -18 -19 -20 -21 -22 22 23 -25 25 26 -28 -29 -30 -31
leaf_value=-0.075359996118378555 0.1005824760417786 0.08596263692456374 0.01551070143931195 0.092571099202960763 0.1857484805500727 0.064862763061543011 0.064103584573510342 -0.024816104063911198 0.10230803071239861 0.057692272092417299 0.017068782520028091 0.0030113413964435267 -0.067657648418050748 0.10455533572524021 0.093954261128823088 0.11917019675833124 0.058962309498136981 0.15694418330932736 0.035983703947328506 0.09086496984419562 -0.18048426521362482 0.075167118066870264 0.040854987579169603 0.095664009441983819 0.073791301870849507 0.10551952904729461 0.078230544324711604 -0.077357245156550444 -0.0047229818448283733 0.080889785767819855
leaf_weight=2.2892764587832053 131.3301670268952 1290.5497089906221 49.348788453981115 360.95985120650721 4.8993691853559076 72.390280808340776 213.65869383449171 13.998298055755638 315.2607246528205 63.439665044896174 8.6985106668771532 22.844178114970418 4.4069622191054796 418.12393924828962 221.32331576693105 28.063659118497981 42.02836684791373 3.1713761722071458 151.0747099719506 30.293745902754381 1.803865340327319 692.56828054197081 112.57970053029931 30.424400222854274 677.96222703623039 158.70053260525401 347.27484826069667 3.5903264368935188 9.4641585116260085 132.14991563880608
leaf_count=1157 7687 66206 23912 12399 1649 27386 4935 4040 1099 2408 404 2813 505 28113 2325 2285 3390 1444 18100 1636 106 26790 7553 1266 25488 4430 10737 91 1140 9538
internal_value=0 0.0834364 0.0778553 0.0766724 0.0529132 0.0725257 0.0522153 0.0393646 0.0892495 0.0874063 0.0760814 0.078636 0.0495502 0.0898216 0.0849155 0.0633901 0.0830685 0.024051 0.0315044 0.079186 -0.0168625 0.077961 0.0712904 0.0525157 0.0815386 0.0782117 0.0867898 0.0719306 0.0727104 0.098872
internal_weight=0 5203.36 2654.66 2523.33 129.81 77.2896 411.315 197.656 2548.69 2233.43 392.609 382.106 67.8466 1840.82 314.26 92.9362 70.092 52.5202 165.073 32.583 10.5024 2393.52 835.572 143.004 1557.95 1196.99 505.975 691.017 687.426 550.274
internal_count=301032 271164 151972 144285 54391 29035 29868 24933 119192 118093 14236 13726 2913 103857 10813 8488 5675 25356 22140 2793 510 89894 35609 8819 54285 41886 15167 26719 26628 37651
cat_boundaries=0 2
cat_threshold=1151403047 32772
is_linear=0
shrinkage=0.1


Tree=55
num_leaves=31
num_cat=0
split_feature=86 86 175 157 156 200 123 158 170 7 102 95 98 184 175 113 233 156 171 145 115 229 219 70 148 226 161 139 13 8
split_gain=40.6231 18.3305 6.57624 6.46585 6.49937 6.20854 6.5397 5.89362 5.55543 5.53567 4.99871 4.89674 5.98994 4.74894 6.07236 5.36184 5.05118 4.67512 4.63077 11.902 5.74728 4.55343 5.90901 5.24511 4.96074 6.15201 4.55202 6.07815 4.53944 6.54423
threshold=-1.1157679557800291 -0.82166236639022816 0.61647737026214611 0.68542924523353588 0.5317540466785432 0.052462045103311546 0.051791086792945869 0.22500000149011615 0.49552305042743688 0.078461539000272765 0.043710153549909599 0.16344449669122699 0.075263798236846938 -0.10461028665304183 -0.16873402148485181 0.073303990066051497 -0.11854244023561476 0.025751547887921337 0.55702176690101635 0.024353610351681713 -0.041575789451599114 -0.042422691360115998 0.044030135497450835 4.5000000000000009 -0.00096741606830619265 -0.0091853309422731382 2.6733570098876958 0.029001474380493168 1.0000000180025095e-35 0.16850133985280993
decision_type=2 2 2 2 2 2 2 2 2 8 2 2 2 2 2 2 2 2 2 2 2 2 2 2 2 2 2 2 8 10
left_child=7 2 3 4 17 6 -6 9 13 -1 -7 12 -11 14 -3 26 -17 -2 -10 20 -20 22 23 -9 -25 -26 27 -15 29 -19
right_child=1 8 -4 -5 5 10 -8 21 18 11 -12 -13 -14 15 -16 16 -18 28 19 -21 -22 -23 -24 24 25 -27 -28 -29 -30 -31
leaf_value=-0.041282746249787804 0.029894299511900292 0.0037226798794830285 0.13406542667653507 0.092235637028511008 0.067297297557947916 -0.069500741077356362 -0.080125755074926724 -0.062977913085211598 0.087567947611778552 0.048092178187665688 0.070509770498134935 0.1119995831915333 -0.012032803154358368 0.066454213989059888 0.11080238514312522 0.19200417600034114 0.03800069962180587 -0.028000979483954455 -0.031354882778808504 -0.13348743361772089 0.08613800457547216 0.070779986447487717 -0.0094698578393692476 0.079638055867136875 -0.075489057401177603 0.058655577886094892 0.095383573511330699 -0.10955443423665245 0.077768127474470636 0.12612385988136268
leaf_weight=7.4948608504755603 20.916159163542034 5.4162326700425174 20.924551706973489 274.8117687953054 53.940233837551204 7.4956921034099633 3.186810551724192 3.4460285782515703 1607.0853973283247 183.38035510491773 3.8647325417186948 10.726353561771246 18.215499921479022 14.269082948733969 238.46300778962541 2.3132516290170342 26.850555830773374 9.1070911905762824 4.8668103431182308 3.1714292444648882 28.802110835832536 256.85714978194392 16.620284138825809 47.818486435327941 5.0954006466672572 10.389934285974958 637.52286388042035 2.2748098563042722 2109.4806187721952 3.9497785364310394
leaf_count=5308 18341 775 1937 2306 1363 331 154 242 70056 14225 104 400 1772 833 10016 61 1860 16729 450 386 2254 13437 1253 1938 468 603 32373 221 94602 6363
internal_value=0 0.084322 0.0782388 0.0777691 0.0759717 0.0456468 0.0590734 0.0559434 0.0902552 0.043181 -0.0218702 0.0461625 0.0426595 0.0964451 0.108424 0.0921691 0.0502161 0.0769407 0.0867644 0.0517099 0.0691545 0.0641891 0.0438831 0.0571676 0.0637079 0.0145157 0.0940397 0.0422528 0.0774043 0.0186227
internal_weight=0 5078.71 2507.68 2486.75 2211.94 68.4875 57.127 560.044 2571.04 219.817 11.3604 212.322 201.596 927.11 243.879 683.231 29.1638 2143.45 1643.93 36.8404 33.6689 340.227 83.3701 66.7498 63.3038 15.4853 654.067 16.5439 2122.54 13.0569
internal_count=301161 261515 142230 140293 137987 1952 1517 39646 119285 21705 435 16397 15997 46139 10791 35348 1921 136035 73146 3090 2704 17941 4504 3251 3009 1071 33427 1054 117694 23092
is_linear=0
shrinkage=0.1


Tree=56
num_leaves=31
num_cat=1
split_feature=86 86 170 134 86 158 190 21 85 205 127 223 9 135 106 129 79 164 170 212 5 137 9 214 160 167 237 67 156 211
split_gain=40.1052 14.6961 6.75482 6.96002 6.19462 6.08777 6.5457 6.01621 6.80617 5.68779 6.83324 6.16522 7.46321 6.35373 7.11268 5.79283 6.43593 5.93015 5.48831 6.55085 6.34935 7.99497 5.92545 5.81538 5.46676 7.85301 6.28158 5.67784 6.09591 5.33323
threshold=-1.1157679557800291 -0.82948100566864003 0.58950042724609386 0.025831722654402259 -0.66616135835647572 0.29166667163372045 0.059456242248415954 1.0000000180025095e-35 105.50000000000001 0.050814747810363776 0.0074331727810204038 0.039138935506343848 0.0095511768013238924 -0.018668282777070996 -0.030457580462098118 -0.00094776693731546391 0.33549784123897558 5.0782890319824228 0.50845614075660717 0.1234898865222931 0.091094873845577254 -0.070886764675378786 0.023022701963782314 0.025887410156428817 1.0000000000000002 2.5000000000000004 0 3.558653831481934 0.49683544039726263 0.08227195963263513
decision_type=2 2 2 2 2 2 2 2 2 2 2 2 10 2 2 2 2 2 2 2 10 2 10 2 2 2 9 2 2 2
left_child=24 5 4 7 9 18 -7 -4 -9 -3 11 12 13 14 -11 -12 -17 29 20 22 21 23 -20 -2 -1 26 -26 -28 -29 -18
right_child=1 2 3 -5 -6 6 -8 8 -10 10 15 -13 -14 -15 -16 16 17 -19 19 -21 -22 -23 -24 -25 25 -27 27 28 -30 -31
leaf_value=0.062802134290026027 0.036187943320090538 0.090580477310118646 0.085091761521627715 0.014953294982214323 0.097045192154663007 0.078611111174725509 0.094661590654374808 0.044249227615921059 -0.17585959397222883 0.078433647615870725 0.10106255738009132 0.090930247807175527 0.0058384293983186003 0.073989200541994302 -0.1006149681115177 0.08950636161339677 0.036768964890757198 0.10510132910218627 0.071251723230453617 0.0091325631274096243 0.091949444498309968 0.073941285454410699 0.029770801167111935 -0.13870036915918765 -0.016246087522070306 -0.020124419771936568 0.061126330638911465 -0.11127269116915564 0.075642730742229589 -0.089313216289252748
leaf_weight=375.51245351974103 5.4454280250599805 1088.406420496603 146.26719981258248 19.749252245423122 959.5215320966131 797.83103934870542 372.81696161907257 20.920919137121931 1.5059687898574328 4.2168507124970347 135.76645205360091 46.0142615155155 31.07544208377567 69.279495734910597 4.6821280723379441 77.847705810430398 35.008302261260724 12.016526748372597 515.33866401802607 19.247541090543109 261.90344139238005 382.10770031822904 36.90292280005383 2.9213387509498716 15.446225521930499 18.493105102942536 138.77900201702323 4.0374554367426745 3.0726936977298465 3.7105121812937787
leaf_count=23915 487 52632 5475 1337 43724 34098 14281 1027 31 226 4820 2878 2553 3543 443 3033 1700 328 33996 2157 14085 31294 6724 313 2952 3995 7325 1373 72 252
internal_value=0 0.0842483 0.0893702 0.0711214 0.0907639 0.0785672 0.0837227 0.077697 0.0294689 0.0867672 0.0768763 0.0602255 0.0472937 0.0637718 -0.0157714 0.0866563 0.0714452 0.0437323 0.0736358 0.066481 0.0799035 0.0718239 0.0684798 -0.024876 0.0559362 0.0415988 0.0486739 0.0530263 -0.0304961 0.0246862
internal_weight=0 5050.5 2655.99 188.443 2467.55 2394.52 1170.65 168.694 22.4269 1508.02 419.618 155.268 109.254 78.1785 8.89898 264.349 128.583 50.7353 1223.87 571.489 652.378 390.474 552.242 8.36677 555.341 179.828 161.335 145.889 7.11015 38.7188
internal_count=301069 261437 124002 7870 116132 137435 48379 6533 1058 72408 19776 9643 6765 4212 669 10133 5313 2280 89056 42877 46179 32094 40720 800 39632 15717 11722 8770 1445 1952
cat_boundaries=0 2
cat_threshold=94183433 4218960
is_linear=0
shrinkage=0.1


Tree=57
num_leaves=31
num_cat=0
split_feature=86 86 156 194 164 163 170 156 170 119 225 148 13 97 120 175 214 150 171 173 139 138 130 71 113 227 184 187 92 221
split_gain=35.0485 16.3218 6.32224 5.7934 6.05406 5.7652 5.19128 5.80983 5.06094 4.77195 4.75261 4.68319 4.65373 5.27915 8.71983 5.08835 7.57967 4.84779 4.76578 5.1693 5.16598 5.32546 7.62521 5.82058 8.71052 5.61498 4.62277 5.95975 6.78297 5.10657
threshold=-1.1529442071914671 -0.81289151310920704 1.0000000180025095e-35 -0.13191440701484677 3.8606742620468144 0.35440000891685491 0.49810701608657842 0.63818180561065685 0.42745165526866918 -0.069013185799121843 0.10649481788277627 0.0048456450458616027 0.054079741239547736 -0.0080103673972189409 -0.020341134630143639 -0.16873402148485181 0.0020962315611541276 0.032756431028246887 0.59260571002960216 0.31048737466335302 0.025263716466724876 -0.0038292884128168221 -0.010369136463850735 0.098476104438304915 0.014187979046255352 -0.0096391984261572344 0.080363605171442046 0.047951694577932365 0.95047336816787731 0.082855314016342177
decision_type=2 2 2 2 2 2 2 2 2 2 2 2 10 2 2 2 2 2 2 2 2 2 2 2 2 2 2 2 2 2
left_child=-1 2 -2 4 5 -4 7 -5 -3 -8 -11 -9 13 15 -15 16 -10 -16 19 26 21 22 25 -23 -25 -21 -17 -28 29 -29
right_child=1 8 3 6 -6 -7 9 11 12 10 -12 -13 -14 14 17 18 -18 -19 -20 20 -22 23 -24 24 -26 -27 27 28 -30 -31
leaf_value=0.052652307188633431 -0.097268372892372001 0.11125864849547736 0.12129818458044489 0.082890915290787959 0.081761015526810338 0.037499755022289208 0.099692635518079969 -0.091435611143297985 -0.15498166861588536 0.070140153693035306 0.09329833465874636 0.13092912547531479 0.094131744660280792 0.11789944383252748 0.088704074829786775 0.090350995664648284 0.053689520976571481 0.035690316027368309 0.021593611221340878 0.023207506248713133 0.11388409096096053 0.079519050480493847 0.055415084961559807 -0.12956826344395964 0.055835405186768522 -0.13216269990227339 0.085478665634077119 0.061168718490320267 -0.16903896762291948 -0.047033182536895451
leaf_weight=395.95138795462026 2.0516288349917877 102.24210790130473 82.719748003181849 982.46943720161289 191.91250188284175 9.1146154403641031 63.836575908977693 3.3617932090419336 1.8575941843464558 1291.3370284163127 95.147772712165533 1.3186365944857241 905.31290012020213 117.09102264170224 210.90542124366289 676.68608152651223 27.663535872841294 18.785499236793385 12.6269018572234 4.8014280382649304 20.334053420472173 93.193348577228335 22.671337828318428 3.3869026923857737 10.062678962418884 4.5116582898945143 130.45387632305074 61.619925585906458 1.3984038536673313 4.6940014484844133
leaf_count=29757 11177 5445 2954 51818 7503 4371 2906 95 459 71271 4659 46 23481 5076 11838 40482 1195 1445 1662 415 731 3555 1151 352 491 389 10916 4370 197 698
internal_value=0 0.0835259 0.0782096 0.0783419 0.0918654 0.112981 0.0767676 0.0823614 0.0894832 0.0729602 0.0717294 -0.0287879 0.0885268 0.0849604 0.0956901 0.0815022 0.040559 0.0843683 0.0826572 0.0834031 0.0668142 0.0599099 0.0241208 0.0706438 0.00914665 -0.0520605 0.0864173 0.0729846 0.0489136 0.0535097
internal_weight=0 5153.57 2723.27 2721.22 283.747 91.8344 2437.47 987.15 2430.3 1450.32 1386.48 4.68043 2328.06 1422.74 346.782 1075.96 29.5211 229.691 1046.44 1033.81 158.961 138.627 31.9844 106.643 13.4496 9.31309 874.852 198.166 67.7123 66.3139
internal_count=300905 271148 156800 145623 14828 7325 130795 51959 114348 78836 75930 141 108903 85422 18359 67063 1654 13283 65409 63747 7084 6353 1955 4398 843 804 56663 16181 5265 5068
is_linear=0
shrinkage=0.1


Tree=58
num_leaves=31
num_cat=0
split_feature=86 86 160 160 90 167 96 232 63 176 157 170 92 202 227 81 103 120 225 224 164 157 202 232 153 203 94 2 205 124
split_gain=40.9237 20.4157 6.8017 5.86865 8.80231 5.95786 5.95016 5.30084 5.22827 5.19317 5.944 10.3051 5.85934 8.33248 6.16885 6.71917 6.74097 5.64324 6.98154 7.26465 5.45931 6.69055 8.03074 5.3823 7.15724 5.14114 5.10225 6.11034 5.05204 5.04998
threshold=-0.79820320010185231 -1.1529442071914671 2.0000000000000004 1.0000000000000002 2.077524065971375 3.5000000000000004 0.063498508185148253 0.029056211002171043 -0.13925548642873761 -0.22244351357221601 0.65620106458663952 0.51710355281829845 0.8913094997406007 0.063691582530736937 -0.073844913393259035 0.19462481886148456 0.10245418176054956 -0.0062123814132064572 0.028859061188995842 -0.022177989594638344 4.3372693061828622 0.57498887181282055 0.068022936582565321 -0.032480312511324876 -0.019659618847072121 0.19652505218982699 -0.0026661887532100077 0.022857889533042911 0.026210790500044826 0.023755731992423538
decision_type=2 2 2 2 2 2 2 2 2 2 2 2 2 2 2 2 2 2 2 2 2 2 2 2 2 2 2 8 2 2
left_child=1 2 -1 4 -3 -5 8 -8 -7 -2 11 20 13 26 -14 17 -17 18 -16 -20 -11 22 23 -22 -25 -23 27 -13 -4 -21
right_child=9 3 28 5 -6 6 7 -9 -10 10 -12 12 14 -15 15 16 -18 -19 19 29 21 25 -24 24 -26 -27 -28 -29 -30 -31
leaf_value=0.056094269258926355 0.10913210686448067 0.07610465407505923 -0.039696482253721826 0.072414562210037461 0.091869796983182303 -0.071628471573927752 0.10413757660120111 -0.052379503324763758 0.030772794917360593 0.10057406160475416 0.099337987198581834 -0.073960312255727703 0.10448172160063895 0.098088663624471939 0.10204402694852262 -0.092895597985052369 0.057538991748464635 0.066805652714625421 0.004507740296377705 0.097987505848625436 0.034350472990861101 0.099642788295377607 0.10203316984841848 -0.0015820860161635095 0.080278542750863338 -0.0089721887564198476 0.064072054574557821 0.031917202781432501 0.050033464060349558 -0.072481155477502932
leaf_weight=375.2800824928463 152.01852675041846 1377.4572395191476 13.368676452294496 950.28184109680183 476.73539778024178 6.2186422808667912 15.612018818020262 2.5119773002134016 25.152868047459151 507.65317804695474 518.72346670621482 6.4247402386754393 95.997027913455895 35.765086438368598 141.64773591036851 4.5204008355558463 8.7338321680608697 196.46438380254403 16.677163989857036 27.434865282252762 46.892568422449585 244.66243331281294 77.077745930317178 11.647450580695475 128.66718976219317 4.4369585850217836 45.561515396018422 35.955623249525161 11.824701552981422 1.8553234193213928
leaf_count=27190 8990 74101 1633 61866 22565 1725 1335 522 4500 32749 2619 1684 3940 2604 7473 597 738 14467 1545 1540 3300 1399 3956 1211 8012 45 4571 3040 1024 264
internal_value=0 0.0738613 0.0527176 0.0768283 0.0801581 0.0706528 0.0368279 0.0824444 0.0104742 0.0912681 0.090009 0.0870548 0.076852 0.0573921 0.0817317 0.0762352 0.00623277 0.0786509 0.0910549 0.0571922 0.0932207 0.0859494 0.0748664 0.0636811 0.0734833 0.0977081 0.0408411 0.0158665 0.00241894 0.0871895
internal_weight=0 3254.44 400.473 2853.97 1854.19 999.777 49.4955 18.124 31.3715 2308.82 2156.8 1638.08 617.038 123.707 493.331 397.334 13.2542 384.079 187.615 45.9674 1021.04 513.384 264.285 187.207 140.315 249.099 87.9419 42.3804 25.1934 29.2902
internal_count=301205 196461 29847 166614 96666 69948 8082 1857 6225 104744 95754 93135 42463 11899 30564 26624 1335 25289 10822 3349 50672 17923 16479 12523 9223 1444 9295 4724 2657 1804
is_linear=0
shrinkage=0.1


Tree=59
num_leaves=31
num_cat=0
split_feature=93 103 207 129 173 170 100 216 183 178 196 218 0 71 63 210 213 164 170 63 109 103 202 108 163 186 124 132 4 212
split_gain=23.1947 11.5777 6.36162 8.75801 10.3341 6.18461 7.82782 6.1583 8.67194 6.50539 5.81185 6.36833 5.75982 5.81548 6.91409 6.23678 5.69445 7.17962 6.32214 5.97248 5.6455 5.23294 5.19674 5.04276 6.60233 5.98971 6.38312 5.72142 5.40407 6.22735
threshold=0.18084443360567096 0.10245418176054956 -0.055326448753476136 0.0081555866636335867 -0.098347470164298997 0.61243727803230297 0.043711122125387199 0.040971664711833007 0.035274421796202667 0.12621936947107318 0.10197849199175836 0.072868756949901595 0.2408523038029671 0.034286834299564369 -0.010310997255146502 0.072294004261493697 0.003176250029355288 0.89587974548339855 0.42745165526866918 0.1987668722867966 -0.08024048805236815 -0.019878706894814965 -0.14857511222362516 0.040659986436367042 0.35440000891685491 -0.032576598227024071 0.065712474286556258 -0.014032116625458 0.034683240577578552 0.022059040144085888
decision_type=2 2 2 2 2 2 2 2 2 2 2 2 10 2 2 2 2 2 2 2 2 2 2 2 2 2 2 2 10 2
left_child=1 2 3 4 21 23 -7 12 9 -9 20 -12 13 14 15 -2 17 -3 -19 -18 -5 -1 -15 28 25 26 -25 -26 29 -4
right_child=7 16 5 10 -6 6 -8 8 -10 -11 11 -13 -14 22 -16 -17 19 18 -20 -21 -22 -23 -24 24 27 -27 -28 -29 -30 -31
leaf_value=0.10201824700379024 0.079420910867032873 -0.036267412416903476 0.086710884463102308 -0.060521141385602474 0.10473292735829542 -0.061725897900058446 0.079798652769057357 0.10519180179616794 0.06193747743250691 0.041510429935638103 -0.015622724678301923 0.11085779785182462 0.075431507711731918 -0.0087769520921218338 0.038449626891599697 -0.0011252736401933005 0.088235795739557976 0.11843682317023965 0.064182536959739231 0.057969016260112242 0.082955219629291088 0.065388239737328907 0.073240805731746697 0.059622721534097062 0.071908906223433031 0.084813300521107721 -0.11162870564138111 -0.023382714448741106 0.089229747380201993 0.063615960553938325
leaf_weight=57.886799741841969 87.787630925086887 6.8141506024685432 286.61708820707827 2.7826469101628382 615.21389454521932 6.5309576710888022 9.7318855590169715 131.59801235606756 127.33883076987149 18.26854419299616 13.137387697276155 5.7115915415515692 279.25789433062619 8.02284223157403 208.04206092529785 10.79541560943562 327.01579216198661 22.761675865919642 380.8707849119819 81.43079734749881 189.93344117541278 119.53879769931132 208.29988378888174 88.524796736798635 12.807560278693474 292.97384894111815 2.2313925833159365 12.402078074506106 1771.7393303314025 197.00274930184651
leaf_count=2159 4741 408 31722 249 26611 826 407 8951 7405 1314 1949 402 16426 748 14273 1030 17783 1224 23562 5824 11737 6138 11912 4867 2701 8123 288 3923 62148 21221
internal_value=0 0.0845975 0.0869877 0.0937763 0.0986011 0.0844445 0.0229641 0.0682762 0.0811255 0.0974291 0.0757001 0.0227032 0.063836 0.057644 0.0487865 0.0706006 0.0738422 0.0655236 0.067242 0.0822016 0.0808836 0.0773391 0.070199 0.0848198 0.0746028 0.0778596 0.0554122 0.0250295 0.0866723 0.0773032
internal_weight=0 4503.66 3684.77 1004.2 792.639 2680.56 16.2628 1079.41 277.205 149.867 211.565 18.849 802.206 522.948 306.625 98.583 818.893 410.447 403.632 408.447 192.716 177.426 216.323 2664.3 408.94 383.73 90.7562 25.2096 2255.36 483.62
internal_count=301072 234272 185471 49245 34908 136226 1233 66800 17670 10265 14337 2351 49130 32704 20044 5771 48801 25194 24786 23607 11986 8297 12660 134993 19902 13278 5155 6624 115091 52943
is_linear=0
shrinkage=0.1


Tree=60
num_leaves=31
num_cat=0
split_feature=86 86 156 157 74 170 182 171 157 117 171 198 225 147 76 171 73 122 208 183 96 189 73 227 6 136 113 104 175 88
split_gain=43.7305 15.2526 6.69952 5.96822 8.40965 6.3887 5.82085 6.1624 7.18604 6.40516 5.72429 5.39144 7.71931 7.67514 6.2877 9.0173 7.26331 6.60481 9.84329 6.13008 5.50521 7.43588 5.5974 5.40768 5.12828 5.11989 7.18631 6.32322 13.6471 5.5084
threshold=-1.1157679557800291 -0.79820320010185231 0.044610282406210906 0.63753709197044384 0.33602151274681097 0.48147568106651312 0.11535584926605226 0.06923586875200273 0.65620106458663952 0.062471732497215278 0.62672722339630138 0.066791582852602019 0.017930196598172191 1.0000000180025095e-35 0.13383085280656817 -0.085541959851980195 0.30129671096801763 0.0081262122839689272 0.15275599807500842 -0.153634138405323 0.022329764440655712 0.10956604033708574 0.025158228352665905 -0.098732497543096528 0.11554354801774026 0.0083689671009778994 -0.0096972412429749948 0.12792598456144336 -0.13670733571052548 0.62905034422874462
decision_type=2 2 2 2 2 2 2 2 2 2 2 2 2 2 2 2 2 2 2 2 2 2 2 2 8 2 2 2 2 2
left_child=2 3 -1 5 -5 -2 7 -4 9 10 -9 12 14 25 15 -7 -17 19 -19 -16 21 23 -23 -15 -6 26 -14 -28 -29 -27
right_child=1 -3 6 4 24 11 -8 8 -10 -11 -12 -13 13 20 17 16 -18 18 -20 -21 -22 22 -24 -25 -26 29 27 28 -30 -31
leaf_value=-0.00042772663507063 0.084022260673082425 0.090320022179938605 0.062323843410439533 0.093494507723817497 0.084707236728381805 0.080407570277747309 0.085427234856028239 0.029514410091380033 0.055238966883738021 -0.094162601560393938 -0.098413388046369288 0.083620194373731638 0.0055009761081598382 -0.022767455878428395 -0.05928126892458873 0.048017971281964791 0.16356087542208436 0.029189136549244755 -0.11226337320143483 0.07129840737763414 0.10545861441026293 0.068767082738163995 -0.039584189817588482 0.086999650334114512 0.051046738665807459 -0.14800820215121729 0.089442263157760507 0.88773760812469638 -0.02689602411103837 0.043755533749311536
leaf_weight=21.299361356327609 718.7900426224644 2313.3677752708495 277.55502452936344 530.1495245874903 94.274679183952685 218.66487640614127 62.493265248547686 67.156426716994247 108.58538926018809 5.0086501666373797 3.6899628808532716 314.67925459586218 11.25095918116949 4.6167061233663835 3.8371927382004278 198.57522577532222 5.5938741567679235 51.390321928981166 5.4402619078400667 56.99174607313148 109.01881028615844 10.202695065961963 8.9503958907093857 161.17000220330647 87.059173820067372 1.532629922399791 55.10941967380586 0.30716140582808293 0.34791436210980364 66.167212666729483
leaf_count=11769 43348 104864 18097 3923 1609 17914 2084 4765 1927 488 367 26060 1528 507 367 19813 1030 5912 227 4589 6198 760 1037 10587 1572 241 3359 5 71 6098
internal_value=0 0.084354 0.054551 0.0792688 0.0871361 0.0764738 0.0567836 0.0529091 0.0387413 0.0151251 0.0228514 0.0722476 0.068555 0.0785762 0.060607 0.0662965 0.0511836 0.0401603 0.0156482 0.0630612 0.0876345 0.0771275 0.0181336 0.0839429 0.0685467 0.0588104 0.0784047 0.0931136 0.401971 0.0394143
internal_weight=0 5027.49 545.788 2714.12 711.483 2002.64 524.489 461.995 184.44 75.855 70.8464 1283.85 969.167 428.674 540.493 422.834 204.169 117.66 56.8306 60.8289 293.959 184.94 19.1531 165.787 181.334 134.715 67.0155 55.7645 0.655076 67.6998
internal_count=301116 261619 39497 156755 7104 149651 27728 25644 7547 5620 5132 106303 80243 30391 49852 38757 20843 11095 6139 4956 19089 12891 1797 11094 3181 11302 4963 3435 76 6339
is_linear=0
shrinkage=0.1


Tree=61
num_leaves=31
num_cat=0
split_feature=86 86 176 157 157 6 10 144 147 225 3 138 186 5 185 170 103 107 198 13 170 129 160 183 148 178 175 10 77 3
split_gain=37.9823 15.1593 7.087 5.87935 5.80166 5.54415 5.32901 5.30301 5.28829 6.12168 8.5132 5.8652 10.0704 7.15559 4.92974 4.83384 5.91073 5.37855 5.00456 4.76659 5.70992 7.37263 7.553 5.73341 5.93312 5.46836 5.22887 4.90548 4.70355 4.70294
threshold=-1.1157679557800291 -0.79820320010185231 -0.049658991396427148 0.39967305958271032 0.65620106458663952 0.16754386574029925 2.5000000000000004 -0.030007329769432541 -0.0027060040738433595 0.028859061188995842 0.26568628847599035 -0.051512876525521271 -0.072402834892272935 0.10042016953229906 0.24067456275224688 0.46884198486804968 0.0051891463808715352 -0.021903046406805512 -0.14311569184064862 0.019769410602748397 0.54398375749588024 -0.030134068801999089 2.0000000000000004 0.10957991704344751 0.0037642701063305144 0.036490499973297126 0.23086272925138476 522.00000000000011 0.021054964512586597 0.086335405707359328
decision_type=2 2 2 2 2 10 8 2 2 2 8 2 2 8 2 2 2 2 2 8 2 2 2 2 2 2 2 10 2 8
left_child=3 6 5 -1 8 14 -2 -7 9 -4 -11 12 -10 -14 -3 16 -13 29 -18 26 23 28 -23 -21 25 -25 27 -5 -22 -17
right_child=1 2 4 19 -6 7 -8 -9 11 10 -12 15 13 -15 -16 17 18 -19 -20 20 21 22 -24 24 -26 -27 -28 -29 -30 -31
leaf_value=-0.012315323853554367 -0.09305624450737196 0.099024458230402679 0.099127746087232668 0.0018444568446933105 0.097381373132251314 -0.088617039633746994 0.079955673017058443 0.069123364922758834 0.095646404222950954 0.083372409643484136 0.0021403628679002354 0.065332261581049156 -0.11784017620877517 0.057138781260842292 0.13655684415081121 -0.051911302149838717 -0.10614371821131548 0.069875632474196467 0.10801593289595993 0.072352598721667147 0.024582548037580722 0.059974311542950909 -0.088846813579049416 0.065102853437338279 -0.018925612339124757 -0.15436151813552496 0.19697088974697671 0.056734290055808302 -0.085003958130484628 0.094526563589128199
leaf_weight=11.878361184904859 1.7814542972864718 632.47415514536033 325.76170884226667 32.84323621997919 411.93555463421217 2.3138590328308082 2763.6351688013451 27.007125717717827 9.9049118179800661 81.008520809353286 15.34534314458733 49.524731296811751 5.8223035320629579 3.9042562582317268 37.045174334097283 2.2276035030913581 1.1008310579563829 422.46805758275423 124.27948616024651 335.23336961753284 9.288989247070278 72.304215620050854 3.5790914244844307 34.076105883319542 14.118836002289752 1.1744783922458726 1.9088484827871059 32.287964141767588 6.7719624765322797 141.68367201765204
leaf_count=9810 9227 28161 16825 9259 2185 440 147356 3080 320 5734 2492 2712 630 303 846 1848 138 27910 4844 11341 647 3845 367 1182 517 126 175 1564 737 6453
internal_value=0 0.0848296 0.0908399 0.057282 0.0871606 0.0992372 0.0798442 0.0566753 0.0836017 0.0925783 0.0704354 0.078622 0.0246722 -0.0476033 0.101101 0.0800507 0.0945821 0.0755632 0.106136 0.0588028 0.0623151 0.0399275 0.0529551 0.0676671 0.0358511 0.0577907 0.0338365 0.0290554 -0.0216237 0.0922599
internal_weight=0 5059.22 2293.81 555.465 1594.97 698.84 2765.42 29.321 1183.03 422.116 96.3539 760.916 19.6315 9.72656 669.519 741.284 174.905 566.379 125.38 543.587 476.547 91.9443 75.8833 384.603 49.3694 35.2506 67.04 65.1312 16.061 143.911
internal_count=301074 261504 104921 39570 72394 32527 156583 3520 70209 25051 8226 45158 1253 933 29007 43905 7694 36211 4982 29760 18762 5596 4212 13166 1825 1308 10998 10823 1384 8301
is_linear=0
shrinkage=0.1


Tree=62
num_leaves=31
num_cat=0
split_feature=86 86 86 17 113 190 156 168 113 210 10 17 195 199 156 97 128 187 99 85 217 15 218 140 8 218 104 123 114 202
split_gain=32.6962 19.091 6.07001 5.86005 5.84249 6.96217 5.84073 6.96637 5.7633 5.76217 5.72703 5.51675 5.29341 6.02816 4.70038 4.69524 6.99105 4.63359 4.62983 4.43757 4.48327 4.39094 4.87652 7.06552 5.96698 7.17409 5.33638 5.67246 4.39639 4.34644
threshold=-1.1817154288291929 -0.82948100566864003 -0.59688934683799733 8.5000000000000018 0.068040810525417342 -0.14982230961322782 0.12838828563690188 3.1908861398696904 0.031912833452224738 -0.13837371766567227 624.00000000000011 2.5000000000000004 -0.11022472754120825 0.10067941248416902 0.052911534905433662 0.054568016901612289 0.060827864333987243 -0.21620426326990125 0.12545340508222583 30.500000000000004 -0.079289592802524553 1.0000000180025095e-35 -0.044724283739924424 0.012376664672046902 0.29283060133457189 -0.089620254933834062 -0.085044816136360155 -0.020464920438826081 0.010044527705758812 0.11545259878039361
decision_type=2 2 2 2 2 2 2 2 2 2 10 2 2 2 2 2 2 2 2 2 2 2 2 2 8 2 2 2 2 2
left_child=29 6 3 21 10 -6 7 8 15 -9 -4 18 13 14 -13 -2 -17 -5 -11 -14 -21 22 23 -3 25 28 27 -26 -25 -1
right_child=1 2 4 17 5 -7 -8 9 -10 11 -12 12 19 -15 -16 16 -18 -19 -20 20 -22 -23 -24 24 26 -27 -28 -29 -30 -31
leaf_value=0.055428505185381852 0.02898649239732061 0.099701372718661252 0.10454712538784101 -0.044917313314833507 -0.096269197906305906 0.073484234621219682 0.075271169203632346 0.0033689298911654397 0.1033689384748213 0.082212406603308433 0.07816882691173152 -0.0072049213984953023 0.043027061755727576 -0.051929086742009002 0.098305924669363137 0.11245673131175396 0.80489153970109273 0.099154928419462898 0.013405769223307005 0.070870426329851466 0.11281878169411547 0.11769478290189338 0.080054767206464636 0.025749462565069971 -0.1112217533007791 0.070020065127834971 0.10498951164254088 0.06967415439632646 -0.088728327034067273 0.018727796492186904
leaf_weight=296.0893921973402 44.327584939126609 336.74394730573522 531.34607043881169 2.2459483986076512 2.5477215657811021 46.752066521784855 2073.8611431991676 7.3056980936237315 19.40347955550601 143.66889346234279 97.393377429109933 5.1752076695811438 10.924079817814343 4.0281577616390214 22.92826438022621 4.4455433739958599 0.15075365147640685 367.96043713048221 10.493497261576065 28.699705117987605 226.9608090777208 38.560847161935271 1142.4928106484206 11.109742800498223 2.3728451729944027 42.005091743422327 53.044063816699008 6.4330965911049116 4.8058848816208402 36.215911140583557
leaf_count=22278 17680 13615 23443 301 178 1896 73942 1754 5558 16792 2320 1710 1701 879 1389 934 31 15740 2672 2681 24218 1556 57698 1095 140 2962 2113 387 798 2724
internal_value=0 0.0837668 0.0896811 0.0869185 0.0978617 0.0647117 0.0776628 0.0870473 0.0572522 0.0914712 0.100461 0.0928924 0.100821 0.062478 0.0788763 0.038962 0.135168 0.0982809 0.0775289 0.105443 0.10811 0.0843497 0.0835456 0.0922819 0.0714217 0.0483566 0.0930215 0.02093 -0.00881826 0.0514287
internal_weight=0 5288.19 2685.81 2007.77 678.039 49.2998 2602.37 528.512 68.3274 460.184 628.739 452.879 298.716 32.1316 28.1035 48.9239 4.5963 370.206 154.162 266.585 255.661 1637.57 1599.01 456.515 119.771 57.9207 61.85 8.80594 15.9156 332.305
internal_count=301185 276183 124242 96405 27837 2074 151941 77999 24203 53796 25763 52042 32578 3978 3099 18645 965 16041 19464 28600 26899 80364 78808 21110 7495 4855 2640 527 1893 25002
is_linear=0
shrinkage=0.1


Tree=63
num_leaves=31
num_cat=0
split_feature=86 86 157 171 216 120 226 106 74 133 186 158 124 215 114 145 155 170 165 133 177 106 183 11 77 88 155 202 92 75
split_gain=33.1425 14.0205 6.18008 6.18316 5.57554 7.12914 5.84133 6.38107 5.70985 7.19182 5.8437 5.14651 4.988 4.96353 6.86483 7.7534 5.03857 4.77965 5.69879 5.31398 4.7569 5.60719 4.55642 5.62842 6.03429 5.60804 5.16185 5.04368 4.80824 5.96982
threshold=-1.0720092654228208 -0.79820320010185231 0.68542924523353588 0.06923586875200273 0.095697410404682173 -0.024897125549614426 -0.076568938791751848 -0.048843782395124428 0.33602151274681097 0.003906692494638265 -0.085119288414716707 0.18333333730697635 -0.0031022763578221198 0.13055375963449481 0.019173454493284229 0.024353610351681713 -0.031575102359056466 0.46884198486804968 86.500000000000014 -0.028106586076319214 -0.16287597268819806 0.03612842038273812 0.031834581866860397 0.042114414274692542 0.19859155267477038 0.81008261442184459 0.013552197720855476 0.12613314390182498 0.7883264720439912 0.028370221145451072
decision_type=2 2 2 2 2 2 2 2 2 2 2 2 2 2 2 2 2 2 2 2 2 2 2 10 2 2 2 2 2 2
left_child=11 2 3 13 6 12 7 -5 -8 10 -10 -1 -6 17 16 -16 -15 19 -19 -2 21 -3 25 27 28 26 -13 -24 29 -25
right_child=1 20 -4 4 5 -7 8 -9 9 -11 -12 22 -14 14 15 -17 -18 18 -20 -21 -22 -23 23 24 -26 -27 -28 -29 -30 -31
leaf_value=0.047328656767383272 0.068645406748770552 0.10903619568020483 0.093962271151277948 -0.053641682226357346 -0.087370938553296543 -0.03468015954692024 0.081443563973878336 0.051371029655483395 -0.055306165512742367 -0.018203478688052874 0.075585014195118372 0.08970982445930617 0.1093354158051314 -0.096564351008048235 -0.026091470654293836 0.090598111147470767 0.078980337103548584 0.081145963659930792 0.06357151325777996 0.096833741134164597 0.088713356480365449 0.063207707872374522 0.049960983238432954 0.096820888014855 -0.061649928234084134 0.053847795276196632 0.05368286977576147 -0.034041681552064711 0.088317429194380626 -0.067964538878162714
leaf_weight=173.49378512654357 84.934287560631219 216.63431880768485 265.10638044604275 6.9319540227561438 1.5203369143000589 12.110473456358703 221.00461336789158 35.01507250567397 3.706028489077652 13.307804777150066 42.829780056690652 197.2254361500195 8.4760090691443128 1.678464874511518 16.910935360984016 8.5847252658550115 63.215747400623513 1210.7669759402595 217.68250099168699 314.57762119934591 2083.1819841338274 30.450366919145381 165.68939238236044 4.2066162698756653 3.0626111516285155 94.922615533287626 49.814263874941389 7.4698562243020197 84.647911752487744 4.6053737575730338
leaf_count=19956 5369 10841 2025 470 206 1436 19154 2739 527 863 2199 9870 280 263 1670 240 3020 75004 9756 16558 91838 2220 10408 129 238 6324 4220 612 2836 138
internal_value=0 0.0846739 0.0795167 0.0778246 0.0654977 0.0169134 0.068825 0.0340172 0.0740239 0.0466228 0.0651611 0.0625303 0.0794185 0.0800409 0.0571662 0.0131995 0.0744399 0.081172 0.0784678 0.090841 0.0902694 0.103388 0.0668423 0.0571232 0.076473 0.0745071 0.0824452 0.0463372 0.0809991 0.0106998
internal_weight=0 4858.63 2528.36 2263.25 344.902 22.1068 322.795 41.947 280.848 59.8436 46.5358 785.138 9.99635 1918.35 90.3899 25.4957 64.8942 1827.96 1428.45 399.512 2330.27 247.085 611.644 269.682 96.5225 341.962 247.04 173.159 93.4599 8.81199
internal_count=301409 246678 141779 139754 27874 1922 25952 3209 22743 3589 2726 54731 486 111880 5193 1910 3283 106687 84760 21927 104899 13061 34775 14361 3341 20414 14090 11020 3103 267
is_linear=0
shrinkage=0.1


Tree=64
num_leaves=31
num_cat=0
split_feature=86 86 170 163 160 81 186 149 150 63 126 226 95 69 183 79 157 228 168 120 164 158 2 98 162 143 170 120 201 159
split_gain=38.57 13.1533 7.17802 6.4814 5.44351 6.12714 5.8003 10.2921 6.72595 5.76352 5.27549 5.5153 5.25578 5.05978 5.03875 4.92352 4.844 4.64619 4.56648 5.75489 5.21654 4.74345 4.89027 6.63782 5.0369 4.86822 4.83444 4.70959 4.52928 4.51849
threshold=-1.1157679557800291 -0.763666272163391 0.47205519676208502 1.0506368875503542 1.0000000000000002 0.045804196968674667 -0.11175362393260001 -0.024491964839398857 -0.011437612585723398 -0.65142691135406483 -0.054185826331377022 -0.049731027334928506 -0.14178029447793958 2.1617896556854252 -0.088666625320911394 0.53197279572486889 0.33262132108211523 0.11285353824496271 3.9279012680053715 -0.044399743899703019 1.8688347935676577 0.70833334326744091 0.049071207642555244 -0.021445890888571736 93.382614135742202 -0.0058554506395012132 0.60105058550834667 0.050592867657542236 -0.097500421106815324 0.55057463049888622
decision_type=2 2 2 2 2 2 2 2 2 2 2 2 2 2 2 2 2 2 2 2 2 2 10 2 2 2 2 2 2 2
left_child=15 3 13 16 5 10 7 -6 12 -10 -4 14 -9 28 -12 -1 -2 -11 20 -20 -8 22 23 24 25 -22 -25 -26 -3 -7
right_child=1 2 4 -5 6 29 18 8 9 17 11 -13 -14 -15 -16 -17 -18 -19 19 -21 21 -23 -24 26 27 -27 -28 -29 -30 -31
leaf_value=0.054808568691022325 -0.015065703236619833 0.12419757895362205 0.023665660139378143 -0.017829694504019375 -0.068016510642251754 0.071285616357077516 0.10678248783309806 -0.067890956343186135 0.14051265508739802 0.026772339988612639 0.02152361997137435 0.10438833190431906 0.10736377886080531 0.10512256954604493 0.087441604814918444 0.14497677047358631 0.080565303079583039 -0.13338863350750749 -0.051136917192215761 0.10852715974880003 0.10823997818837959 0.12201320358575159 0.082517237070148283 0.068904641957126464 -0.11000839191534387 -0.0023300126097686217 -0.14805710294367683 0.081832181850876692 0.012670077386730691 0.094267180978282461
leaf_weight=526.97580663804274 5.3057045284513142 5.384280240808951 9.3119417706939185 6.7311042613332566 6.4241048062067412 190.98495842897364 56.182772277106324 1.814975200982192 4.2513237666662489 25.430068126275277 13.07361632732909 465.73184838966517 29.924321562949899 379.1482592867842 102.61248302497552 6.1261591322454469 3126.8595150166302 1.9501752898504481 2.3197330217672052 84.109718234647971 6.2760837768637492 19.088456758687244 158.69893112346608 111.49277066797322 5.2210894338727476 10.893421557148484 1.0365708727094887 1.6951640030274573 11.249096277828356 154.974652169612
leaf_count=39357 4646 180 536 13694 563 7047 2454 117 116 2133 610 18113 1240 16365 4413 186 158260 92 222 1965 482 359 6975 8978 699 1683 330 79 1019 8283
internal_value=0 0.0841408 0.0908063 0.0801927 0.0875751 0.0921488 0.0794428 0.0525923 0.0648188 0.0321848 0.0983382 0.0995342 0.097342 0.102754 0.0799923 0.0558447 0.0804033 0.0153648 0.0835433 0.104242 0.078716 0.0737005 0.0705777 0.0567082 0.00906331 0.0380874 0.0669061 -0.0629885 0.0487719 0.0815803
internal_weight=0 4998.18 1859.28 3138.9 1463.5 936.69 526.81 69.795 63.3709 31.6316 590.73 581.418 31.7393 395.782 115.686 533.102 3132.17 27.3802 457.015 86.4295 370.585 314.402 295.314 136.615 24.0858 17.1695 112.529 6.91625 16.6334 345.96
internal_count=301196 261653 85053 176600 67489 39002 28487 4261 3698 2341 23672 23136 1357 17564 5023 39543 162906 2225 24226 2187 22039 19585 19226 12251 2943 2165 9308 778 1199 15330
is_linear=0
shrinkage=0.1


Tree=65
num_leaves=31
num_cat=0
split_feature=88 88 171 170 79 172 164 208 158 185 103 92 104 232 163 157 163 220 11 93 123 227 155 114 209 131 79 90 90 215
split_gain=18.7554 10.298 8.91226 7.97852 7.20954 7.83451 6.50028 6.08534 6.3777 5.9997 5.8914 5.75176 5.64476 5.55811 5.19876 5.04566 5.87231 5.25387 4.94072 6.22755 7.73465 5.09396 5.09278 5.15704 4.86431 6.58012 6.29942 7.02398 5.01523 4.94117
threshold=0.72252488136291515 0.81454268097877514 0.44739343225955969 0.44100475311279302 0.33549784123897558 -0.3718093186616897 3.6762205362319951 0.15275599807500842 0.55000001192092907 0.16451390832662585 0.14750040322542193 0.82420936226844799 -0.062389565631747239 -0.015037004835903643 0.67625898122787487 0.52938795089721691 0.76437002420425426 -0.030579251237213608 0.049631856381893165 0.056992594152688987 0.044097596779465682 -0.034615168347954743 0.045676246285438545 0.066402859985828414 0.003587097162380815 -0.027973135933279988 0.3450328409671784 2.4122537374496464 1.4275210499763491 0.17154660075902942
decision_type=2 2 2 2 2 2 2 2 2 2 2 2 2 2 2 2 2 2 10 2 2 2 2 2 2 2 2 2 2 2
left_child=2 3 12 -2 7 -6 -3 8 11 -4 -9 -5 -1 -10 -7 -13 17 -17 19 22 -21 -22 23 -19 -14 26 27 29 -28 -26
right_child=1 6 9 4 5 14 -8 10 13 -11 -12 15 24 -15 -16 16 -18 18 -20 20 21 -23 -24 -25 25 -27 28 -29 -30 -31
leaf_value=0.080349291945726875 0.097328662235248817 0.0068070889541232433 0.067575903981869287 0.047456533041517382 -0.084456911376641242 0.088180514184711359 0.061167859675223125 0.1140169186317201 0.057006382553508261 -0.042834959391194791 -0.10998354754359724 0.058899138894407788 0.085935213748311062 0.10608792006022108 0.006110974426215162 0.083486054392384726 -0.04979838163924849 0.080566715314258144 0.084301308006094325 0.05549787697915938 -0.12838861421126538 0.017122619619567347 -0.15399626964333499 0.013283162090103133 0.059661830157360707 0.10012653394960913 -0.11116310562116256 0.10824939637604097 0.099554601015405725 -0.12063292137973972
leaf_weight=727.78232831079822 181.20668170088629 24.32727103905745 161.40883239222012 113.77492360691326 2.6837487089896959 482.57916816329907 229.62861233034482 44.236250069809103 31.339699944746826 5.0763792453271881 1.2061569472161853 271.98774202254094 1137.5948696800381 87.461635157479577 7.8440143976335994 404.93319881264688 3.7981587769090757 191.92548341082875 147.67842400135123 203.37035470974297 3.6000582157103054 7.2523490317253145 0.96248854826262586 12.11035048420308 119.39194263303989 781.82527552882607 1.1386049859593175 34.975422836782855 141.33590415278968 1.5396716767245369
leaf_count=39841 10657 7331 11912 8848 256 17388 11119 2393 1456 536 239 52696 54046 2262 4519 7378 3021 4367 1932 6690 124 276 27 312 8550 34707 73 1760 5922 145
internal_value=0 0.0750271 0.0867189 0.0772281 0.0754238 0.0859354 0.0559605 0.0720263 0.0709198 0.0642093 0.108071 0.0689807 0.0879911 0.0931402 0.0868679 0.0709436 0.0743013 0.0747863 0.0685722 0.0630313 0.0511085 -0.0311477 0.0754906 0.0765732 0.0904988 0.0953049 0.0826711 0.0687812 0.0978706 0.0573664
internal_weight=0 2453.91 3112.07 2199.95 2018.74 493.107 253.956 1525.64 1480.19 166.485 45.4424 1361.39 2945.58 118.801 490.423 1247.62 975.631 971.833 566.9 419.221 214.223 10.8524 204.998 204.036 2217.8 1080.21 298.382 155.907 142.475 120.932
internal_count=300783 143291 157492 124841 114184 22163 18450 92021 89389 12448 2632 85671 145044 3718 21907 76823 24127 21106 13728 11796 7090 400 4706 4679 105203 51157 16450 10455 5995 8695
is_linear=0
shrinkage=0.1


Tree=66
num_leaves=31
num_cat=1
split_feature=86 86 17 79 180 219 8 237 104 107 156 157 73 66 157 221 230 119 170 201 135 140 231 94 6 168 103 186 192 73
split_gain=37.1576 17.3796 7.15085 7.05081 6.45744 9.02431 6.25274 7.34702 6.2146 5.54487 5.3543 7.86161 7.19881 6.34256 6.299 8.16273 6.8777 6.1386 6.02699 5.51253 5.31257 5.17878 6.99069 5.34554 5.97253 5.05193 6.35271 6.93265 6.22962 5.57596
threshold=-1.1817154288291929 -0.82166236639022816 8.5000000000000018 0.3081014752388001 -0.13073661178350446 -0.1549253314733505 0.19552785903215411 0 -0.023217806592583653 0.053632967174053199 0.24305019527673724 0.55457308888435375 0.25820106267929083 8.9517459869384783 0.63753709197044384 0.033632384613156326 0.072856105864048018 -0.055914543569087975 0.56566891074180614 -0.12999195605516431 -0.020343216136097905 -0.045720506459474557 0.0048332423903048047 0.13005865365266803 0.16754386574029925 3.2092742919921879 0.084005475044250502 -0.023594715632498261 0.0043682700488716373 0.04095610789954663
decision_type=2 2 2 2 2 2 10 9 2 2 2 2 2 2 2 2 2 2 2 2 2 2 2 2 8 2 2 2 2 2
left_child=6 3 8 10 -5 -6 7 9 -3 -1 11 12 13 17 15 16 21 20 19 -19 -2 22 -12 25 -25 -23 27 -27 -28 -29
right_child=1 2 -4 4 5 -7 -8 -9 -10 -11 14 -13 -14 -15 -16 -17 -18 18 -20 -21 -22 23 -24 24 -26 26 28 29 -30 -31
leaf_value=0.0015674147891071772 0.15683148083302598 0.080856246372711368 0.10096774223544576 0.10139048732555861 -0.06701534450906671 0.08157818093480243 0.061848255406328649 0.041330862178005551 0.091840341836626704 -0.11391658048213399 0.088207643196801064 0.089187568426420394 0.12478312086246786 0.007405908680298833 0.078364229131590177 0.078689118255952137 0.082414860184078231 0.033915235187579461 0.018099744871099274 0.074106775777042055 0.082832040550739228 0.062392562309532031 -0.13511591336157019 0.095516121106276067 -0.0091950092205509339 -0.0030617364020267962 -0.060835038077728658 0.026510333242835443 0.025114338853721576 0.083762805067233326
leaf_weight=17.295834989705785 14.758477493724511 879.62325917644534 466.04663702580319 219.68932461417626 4.1298631429053776 394.61824066582449 169.98499793876454 125.97189119351015 1242.9276390965263 5.4733592677503102 2.2952333000139324 515.26037824230343 25.168444967402365 15.672405888684919 449.86182066336187 181.42653056047493 59.204488633455185 36.812064968997902 22.343850441271343 467.64027087931038 28.314884983841239 65.619724080283049 3.6004874361060502 35.115110109224588 6.4473212260127175 25.037595418601995 13.586577215442956 30.562712626830034 22.231434267194345 38.364576710902838
leaf_count=2428 1483 43795 18732 6764 381 23783 8816 12951 56865 814 192 9709 6170 10269 5635 6254 1530 5178 7501 56681 3558 5474 184 1266 467 1337 563 1015 654 855
internal_value=0 0.0839084 0.0897512 0.0782602 0.0876239 0.0800392 0.0487463 0.033773 0.0872883 -0.0181999 0.0754481 0.0800906 0.0724154 0.0701645 0.0698476 0.0619234 0.0518535 0.0718905 0.0689227 0.0711738 0.108187 0.0444033 -0.0481749 0.0467066 0.0792729 0.0397797 0.0283464 0.0420061 -0.00748819 0.0583768
internal_weight=0 5266.36 2588.6 2677.76 618.437 398.748 318.726 148.741 2122.55 22.7692 2059.32 1125.97 610.71 585.542 933.354 483.492 302.065 569.87 526.796 504.452 43.0734 242.861 5.89572 236.965 41.5624 195.403 129.783 93.9649 35.818 68.9273
internal_count=301304 276295 119392 156903 30928 24164 25009 16193 100660 3242 125975 100549 90840 84670 25426 19791 13537 74401 69360 61859 5041 12007 376 11631 1733 9898 4424 3207 1217 1870
cat_boundaries=0 2
cat_threshold=228721669 266292
is_linear=0
shrinkage=0.1


Tree=67
num_leaves=31
num_cat=0
split_feature=86 86 129 182 152 180 156 101 196 174 93 157 194 159 2 231 85 156 85 96 208 180 97 159 139 11 9 157 144 5
split_gain=31.6588 15.7742 5.04519 5.77472 7.938 5.67796 5.55223 5.54048 8.06085 5.02181 4.99405 5.70595 5.20193 5.05442 5.79491 7.5245 10.4086 4.92107 6.7974 6.02381 5.71815 7.48005 5.61643 4.87324 6.46538 4.86726 4.76154 4.68204 6.31248 4.94707
threshold=-1.1157679557800291 -0.82948100566864003 0.0096004488877952116 -0.026734092272818085 0.061105912551283843 0.31405688822269445 0.15266007184982303 0.02360150404274464 -0.06047347001731395 -0.17987935245037076 0.36477671563625341 0.63753709197044384 -0.098018985241651521 0.99445000290870678 0.14365079998970035 0.015572781208902599 43.500000000000007 0.12838828563690188 27.500000000000004 -0.16888193786144254 -0.00352455663960427 0.017601503059268001 -0.013542537111788986 0.71212619543075573 0.035832561552524574 0.011184378061443569 0.038535788655281074 0.48269094526767736 -0.051004987210035317 0.16568627953529361
decision_type=2 2 2 2 2 2 2 2 2 2 2 2 2 2 10 2 2 2 2 2 2 2 2 2 2 8 10 2 2 10
left_child=27 10 3 4 -3 6 7 -5 26 -6 11 17 -13 14 -14 16 -16 18 -2 -20 -19 25 23 24 -21 -22 -9 28 29 -1
right_child=1 2 -4 5 9 -7 -8 8 -10 -11 -12 12 13 -15 15 -17 -18 20 19 22 21 -23 -24 -25 -26 -27 -28 -29 -30 -31
leaf_value=0.12658428996559376 0.0072174766394760212 0.1013352287444941 0.082767118266639642 0.10951348197189391 -0.082772052979798019 0.026189750314201066 0.085288409186198677 -0.048401235776938445 0.089034683674796805 0.058872530697651804 0.061210289823918122 0.11154972708742994 0.080230833257935008 0.096584682382685749 0.089823107031518717 0.056250057666106849 -0.20183885025048856 0.066976843559918134 0.13678187355016108 0.067142056745668366 0.035315506144310636 0.063992803259686606 0.099976867489205701 0.089011293472438135 -0.024074404633221674 0.08963358423810984 0.25550372831596257 0.06303897758782169 0.03019249455353288 0.7817204168128139
leaf_weight=5.4388221932249499 10.635836863962707 696.58771038675786 761.85055014094496 199.23696152784419 2.8797641265173324 14.632799067574977 917.27264890023616 6.7385262959721777 40.485710817523795 19.131358205405377 157.61394587274708 84.893262600366143 204.69689891891903 188.02558944916382 2.1071381480433073 21.712969988526311 2.9180417884199414 630.04525793051835 24.025001935751561 102.62734082567806 17.157999956159074 193.56694176262317 155.15266728762458 125.22857553851895 8.4070240578535032 427.99081750834739 0.5582628742995438 467.20678198107453 78.870393506936125 0.11775719739034674
leaf_count=852 2681 30360 36386 23245 277 1400 25362 1455 4184 1076 11401 578 2221 1402 17 195 99 28815 4735 18192 5613 10686 20133 14852 2525 13347 205 16599 22120 99
internal_value=0 0.084362 0.0896411 0.092401 0.0994669 0.088094 0.088872 0.102179 0.0715977 0.0403409 0.0784052 0.0796375 0.088975 0.0844061 0.0745119 0.0307295 -0.0795403 0.0768588 0.0861573 0.0881783 0.0737362 0.0804038 0.085195 0.0754878 0.0602356 0.0875399 -0.0251501 0.0591227 0.0374503 0.140468
internal_weight=0 5016.18 2659.37 1897.52 718.599 1178.92 1164.29 247.019 47.7825 22.0111 2356.81 2199.19 504.354 419.461 231.435 26.7381 5.02518 1694.84 426.076 415.441 1268.76 638.716 391.416 236.263 111.034 445.149 7.29679 551.634 84.427 5.55658
internal_count=301112 261442 123950 87564 31713 55851 54451 29089 5844 1353 137492 126091 4512 3934 2532 311 116 121579 63118 60437 58461 29646 55702 35569 20717 18960 1660 39670 23071 951
is_linear=0
shrinkage=0.1


Tree=68
num_leaves=31
num_cat=0
split_feature=86 86 157 170 175 60 124 93 157 137 145 73 102 156 170 106 123 195 170 214 150 207 2 157 104 156 122 0 95 41
split_gain=30.822 17.4765 5.5158 5.91486 5.96912 5.56154 6.0211 5.30427 6.04666 8.06098 9.26458 7.27421 7.25455 5.96828 6.63837 6.12089 6.27095 8.10229 5.87463 5.59655 5.53606 5.48651 5.92247 5.64541 5.52368 5.14226 5.12069 5.0641 7.52835 4.98204
threshold=-1.1817154288291929 -0.82948100566864003 0.43377348780632025 0.47513593733310705 -0.14935446530580518 1.0000000180025095e-35 -0.027024772018194195 0.36477671563625341 0.50741708278656017 -0.056832728907465928 -0.032416857779026025 0.30129671096801763 0.15168116241693499 0.10733487084507944 0.54225957393646251 -0.11044267937541007 0.0084389094263315218 0.25630165636539465 0.47976209223270422 0.18619229644536975 0.0090171294286847132 0.028848329558968547 0.3390804678201676 0.63753709197044384 0.041123254224658019 0.63818180561065685 0.094085514545440688 0.21551268547773364 0.013449336402118208 1.0000000180025095e-35
decision_type=2 2 2 2 2 2 2 2 2 2 2 2 2 2 2 2 2 2 2 2 2 2 10 2 2 2 2 10 2 2
left_child=-1 7 -3 4 5 6 -4 8 9 -2 20 12 13 14 15 -12 -17 29 25 21 -11 22 23 -20 -24 -10 -15 28 -9 -18
right_child=1 2 3 -5 -6 -7 -8 27 18 10 11 -13 -14 26 -16 16 17 -19 19 -21 -22 -23 24 -25 -26 -27 -28 -29 -30 -31
leaf_value=0.051951003805886124 0.0063442340209086644 0.055013170157482229 -0.026210650877271303 0.087442192794685611 0.10277683724550464 0.025654849973866856 0.098105317572702536 0.076807131563466732 0.092133879528668083 0.12057398351404523 0.27783845196218354 0.14057126055160293 0.15301305669331094 0.049489068326640323 -0.013862997319746179 0.054973774827281163 0.085713722294468483 0.46000420155406296 0.076832698736191751 0.11976768764536756 0.035727692194527302 0.069400210443631732 -0.020046642126662895 0.093520455238380984 0.55552700966312141 -0.07901827593700636 -0.039603713144690751 0.077887454320716504 0.022748795107640205 0.17323817681380527
leaf_weight=324.62024536756689 20.182925027232386 45.980936899808512 4.2224876122636479 2060.9891471299507 504.0033395151986 18.97861541723978 50.392082768027649 46.645037583795329 449.58311533165033 50.074895644221215 1.5409252603456014 12.071989095272782 8.4099192154581015 153.55997188198398 8.0532079202633877 63.067241536141296 55.71986437850137 0.61724207282622856 672.97013988169783 32.134532563408357 9.085427586383501 528.51981529167597 0.25046049703268991 290.11306528046407 0.49877984695285704 1.7623349306304579 6.7341552971629417 107.51952733650796 57.541279859130555 7.3629043994540089
leaf_count=24974 5275 26619 283 83289 12384 639 991 3737 7559 7597 524 3524 1420 21829 5785 17418 12574 83 27078 438 1715 18661 305 2715 51 44 919 5806 5147 1737
internal_value=0 0.0836997 0.0893503 0.0899487 0.0988922 0.0722886 0.0884939 0.0778293 0.0791828 0.0679125 0.0712147 0.0644377 0.0614249 0.0588285 0.0742069 0.0797346 0.0773265 0.0994572 0.0814443 0.0784774 0.107544 0.0775883 0.0820783 0.0818596 0.363121 0.0914656 0.0457462 0.0626628 0.0469511 0.0959294
internal_weight=0 5268.59 2684.57 2638.59 577.597 73.5932 54.6146 2584.02 2372.31 396.481 376.298 317.137 305.065 296.656 136.361 128.308 126.767 63.7 1975.83 1524.49 59.1603 1492.35 963.832 963.083 0.74924 451.345 160.294 211.706 104.186 63.0828
internal_count=301120 276146 124205 97586 14297 1913 1274 151941 137251 80400 75125 65813 62289 60869 38121 32336 31812 14394 56851 49248 9312 48810 30149 29793 356 7603 22748 14690 8884 14311
is_linear=0
shrinkage=0.1


Tree=69
num_leaves=31
num_cat=0
split_feature=86 86 17 170 157 94 76 119 222 67 2 56 2 136 214 158 140 106 210 163 165 79 156 154 115 134 74 85 157 204
split_gain=32.8739 14.0274 6.37238 5.80225 5.61734 7.5521 6.65719 5.95257 5.58143 5.25793 5.90676 6.94319 10.6986 5.56706 6.64872 7.94928 7.44356 6.67228 5.72181 5.28504 5.22557 5.10632 5.11313 5.01467 5.00859 5.74085 5.78284 4.90168 4.86428 4.76864
threshold=-1.0720092654228208 -0.79820320010185231 8.5000000000000018 0.44583775103092199 0.49699012935161596 -0.048796566203236573 0.056873315945267684 0.04763475991785527 -0.073320284485816942 1.8080103397369387 0.22474747896194461 1.0000000180025095e-35 0.022857889533042911 0.020300623029470447 -0.04825854301452636 1.0000000180025095e-35 -0.045720506459474557 -0.027780440635979172 -0.099271245300769792 0.38797463476657873 86.500000000000014 0.020620748400688175 0.044610282406210906 -0.02487131021916866 0.054819846525788314 -0.0073587920051068059 0.019419306889176372 95.500000000000014 0.60324698686599743 0.15601544082164767
decision_type=2 2 2 2 2 2 2 2 2 2 10 2 8 2 2 2 2 2 2 2 2 2 2 2 2 2 2 2 2 2
left_child=8 3 -3 -2 5 6 23 -7 -1 -6 11 13 -13 -11 15 -15 -16 -17 -18 27 -14 22 -10 -5 25 26 -12 -20 -22 -8
right_child=1 2 -4 4 9 7 29 -9 21 10 24 12 20 14 16 17 18 -19 19 -21 28 -23 -24 -25 -26 -27 -28 -29 -30 -31
leaf_value=0.033061400907969857 0.09429214850145351 0.088283478152985928 0.10217874939382512 0.11107740182002579 0.084084197019556023 0.042411828206774298 0.1275391913578654 0.098421065531221263 -0.038158316820104517 0.083148680271311559 -0.12566246303780867 -0.15715752694530558 0.065538686528258436 -0.14353669718947334 -0.071798707193470077 -0.05217731635863751 0.0059982397382906377 0.061351117375351844 0.086599221832035278 -0.0060163371939848248 -0.096543676123624786 0.070051178789159785 0.053632800657316293 0.046063059135374819 0.1269723129694687 -0.059354663188486007 0.067289790121043511 0.0033983753451828622 0.071933412241351066 0.3839159168789828
leaf_weight=58.486377158013056 251.83599726527518 1910.5528492843459 398.95919078353381 18.840470022195404 1225.3501683464369 129.70212182185969 20.752640715202237 22.226885872049479 6.2971783083107757 527.1579186346321 1.7516463751126181 2.6748048765857666 34.026965538760123 2.631443624356506 3.5483008117262207 6.5565577852994492 11.433403504901433 24.600841030739502 154.2584741374294 6.9927135211678424 4.252652304898219 533.56206566917672 167.15469234798366 32.038155426530011 4.3416720957829957 7.8978636161227778 13.713619981364898 7.4215930218724671 2.8704089300008491 0.75178128798961452
leaf_count=7619 14177 88766 16273 4059 33284 39440 3976 6443 5068 18429 80 948 1234 397 139 442 382 1274 3221 2230 140 34051 7920 9632 118 627 466 336 18 143
internal_value=0 0.0850555 0.0906838 0.0798924 0.078292 0.0632709 0.0898542 0.0506059 0.0627498 0.0799424 0.0737239 0.0753187 0.0366374 0.0775953 0.0641322 0.023365 0.0716325 0.0374609 0.0744583 0.0790988 0.0492343 0.0652057 0.0503003 0.070138 0.0283405 0.0100113 0.0454354 0.0827801 -0.0286518 0.136502
internal_weight=0 4827.14 2309.51 2517.63 2265.79 224.312 72.383 151.929 765.5 2041.48 816.131 788.426 43.8248 744.601 217.443 33.7888 183.654 31.1574 180.106 168.673 41.15 707.014 173.452 50.8786 27.7048 23.3631 15.4653 161.68 7.12306 21.5044
internal_count=301332 246674 105039 141635 127458 63693 17810 45883 54658 63765 30481 29190 2340 26850 8421 2113 6308 1716 6169 5787 1392 47039 12988 13691 1291 1173 546 3557 158 4119
is_linear=0
shrinkage=0.1


Tree=70
num_leaves=31
num_cat=0
split_feature=86 86 157 93 119 173 109 156 12 83 137 109 90 6 168 199 230 174 13 177 229 123 233 157 156 186 90 115 217 165
split_gain=35.1587 13.2964 6.25834 6.12572 5.99903 6.07605 5.70603 5.66506 6.29455 10.6362 7.99047 5.33343 7.53531 5.71802 5.27609 5.11798 4.96791 4.97078 4.93321 5.0202 4.63506 4.57564 4.35193 4.11691 5.1704 4.39747 4.88834 4.35921 4.32148 5.64428
threshold=-1.1157679557800291 -0.83693176507949818 0.49699012935161596 0.0091877947561442869 0.050318809226155288 0.18625929206609729 -0.040528848767280572 0.39602987468242651 190.50000000000003 6.5000000000000009 -0.049990065395832055 0.010900740977376701 2.1334841251373295 0.077143486589193358 2.6608984470367436 0.022052907384932045 -0.06613729894161223 -0.2913565188646316 0.054079741239547736 -0.23893986642360684 -0.03868457302451133 0.015536530409008266 0.063601747155189528 0.68542924523353588 0.49683544039726263 -0.089863859117031084 2.191250324249268 -0.050628425553441041 -0.012147698551416395 76.500000000000014
decision_type=2 2 2 2 2 2 2 2 8 2 2 2 2 10 2 2 2 2 10 2 2 2 2 2 2 2 2 2 2 2
left_child=7 18 3 11 5 -5 20 8 9 -1 -11 21 13 -13 -10 -15 -17 -18 -2 -20 -6 -3 -12 24 -4 -26 28 -28 29 -27
right_child=1 2 23 4 6 -7 -8 -9 14 10 22 12 -14 15 -16 16 17 -19 19 -21 -22 -23 -24 -25 25 26 27 -29 -30 -31
leaf_value=0.014545287118943588 0.075500645681931752 0.086260309285889125 0.091185800555592333 0.05451101963975831 -0.10423639785068946 -0.028959261744627776 0.085516017956192361 0.039892722243132388 -0.0082191467247298821 -0.11588369603749596 0.11471961084968428 -0.001796042105332207 0.11475060717582519 0.03725983255809813 0.072243569606590119 0.28873051111419962 0.67429418547564457 0.084853613865005839 -0.096723271338511219 0.085728948869059254 0.2990945472400165 0.13508376765908556 -0.071054127715144924 0.10172006242626846 0.094150697002621103 0.09139699204586646 -0.086504813882337078 0.049344131617871982 0.093072681734894289 0.032422153297947495
leaf_weight=56.559268616139889 1471.9418698685547 53.346187287130533 1915.8797453985685 76.955170927600193 0.32620894620231444 9.8354138391618999 13.327353617721654 134.94277769439577 8.3725555196597252 1.7511643869074784 24.04114268739659 18.005464783735761 20.468051004265817 14.791600669858783 305.67454530693749 1.6734290974541179 0.14609647718771146 6.9035217071973403 1.5110314126350193 770.23085915306569 2.2514477500271814 29.984425198412282 1.330796904240741 300.81824139774835 102.20790618263709 29.409660245895793 2.4735495629320203 52.415903202196205 84.353719465769245 36.208168655528425
leaf_count=16503 105149 13891 56847 16896 114 3702 3108 3369 1340 553 4002 7781 5531 3344 13137 316 66 1924 775 26701 330 6070 728 1171 1680 581 164 1919 2204 1404
internal_value=0 0.0846187 0.0892512 0.0740934 0.0553984 0.0450519 0.111858 0.0575975 0.0636045 0.0392337 0.090716 0.087305 0.0650928 0.0406132 0.0700984 0.0730865 0.133837 0.0970692 0.0788959 0.0853717 0.248052 0.103828 0.104975 0.0907408 0.089255 0.0772085 0.0687557 0.0432222 0.078101 0.0588545
internal_weight=0 5015.47 2771.78 248.014 102.696 86.7906 15.905 532.672 397.729 83.6824 27.1231 145.319 61.9882 41.5201 314.047 23.5146 8.72305 7.04962 2243.68 771.742 2.57766 83.3306 25.3719 2523.77 2222.95 307.069 204.861 54.8895 149.972 65.6178
internal_count=301300 261668 129043 63073 24150 20598 3552 39632 36263 21786 5283 38923 18962 13431 14477 5650 2306 1990 132625 27476 444 19961 4730 65970 64799 7952 6272 2083 4189 1985
is_linear=0
shrinkage=0.1


Tree=71
num_leaves=31
num_cat=0
split_feature=93 104 156 157 117 208 107 156 157 170 13 162 200 210 165 162 2 3 7 74 170 95 157 0 156 111 5 181 157 85
split_gain=15.6815 8.19242 7.48923 8.80523 9.32373 10.5605 7.12043 8.65737 6.66431 7.01134 7.2462 8.14195 6.78847 6.45842 6.3419 5.93316 5.92118 5.61364 5.36157 6.54439 5.3427 5.73662 5.44553 7.27227 5.46966 9.46878 11.5868 6.71586 5.95039 8.32479
threshold=0.18084443360567096 -0.054226616397500031 0.15821565687656405 0.57498887181282055 0.05434571951627732 0.10304988920688631 0.0084050437435507792 0.26209992170333868 0.40558752417564398 0.49165606498718267 0.048980407416820533 144.43465423583987 0.090459249913692488 0.11999123916029932 86.500000000000014 129.0442810058594 0.55000001192092907 0.072077922523021712 0.40454545617103582 0.57259953022003185 0.42745165526866918 0.23520361632108691 0.62362465262413036 0.35857143998146063 0.35097050666809088 -0.014981056563556193 0.083683475852012648 -0.038649039342999451 0.51445031166076671 116.50000000000001
decision_type=2 2 2 2 2 2 2 2 2 2 8 2 2 2 2 2 10 8 10 2 2 2 2 10 2 2 10 2 2 2
left_child=1 20 -3 4 5 6 7 16 18 12 -11 13 -10 -12 -8 -6 -4 -16 -2 -20 21 -1 24 -24 28 26 27 -26 29 -22
right_child=8 2 3 -5 15 -7 14 -9 9 10 11 -13 -14 -15 17 -17 -18 -19 19 -21 22 -23 23 -25 25 -27 -28 -29 -30 -31
leaf_value=0.10094629697284957 0.013699982321610982 0.095747982007057419 0.068216116767769244 0.088075176632859853 0.11864030997623903 0.10503682312691838 0.07921283731136658 0.026092712865057724 0.089926095849724941 0.055274372802278204 0.072531759336110391 0.12360291398496998 0.05302348988753941 -0.062929841613803328 0.21485553796673396 0.01913773082823414 0.50315878600811725 0.03063399089787975 0.027459726626591543 1.0937379090593102 0.056189950444670081 0.35168081213320684 0.087673023121799698 -0.016985480817871646 0.094536373578226307 0.076798472850440877 -0.033251569504322905 0.017555365025992042 0.08068371310514498 0.20500140666598465
leaf_weight=70.484805922214491 23.515861940781637 748.226492938516 99.712493555623951 1724.710571210524 63.163763685606682 77.579096199335254 299.0162210372564 84.399641184450047 289.8054768251086 324.3407731740258 347.56604588173104 32.330199160690427 60.204938099702304 3.5556109562057818 1.723523983870108 6.6207741077960227 0.3139854539767829 41.06968214630615 0.13128426898219814 0.10250283780078462 172.58163007577741 0.92445811791276256 382.26978149848583 6.7566315907679373 22.208577518023958 83.462751332650441 21.951894218895177 23.141544464564504 520.21596936326932 3.8429554789295244
leaf_count=3859 16396 88599 8023 22917 3565 5183 20950 8164 10607 22482 12529 645 3068 564 587 491 53 1585 395 134 40536 198 2638 266 650 3509 840 1685 19090 998
internal_value=0 0.0842486 0.0870135 0.0842885 0.0745929 0.0705932 0.0655155 0.0496795 0.0708249 0.0720011 0.066276 0.0755817 0.0835785 0.07116 0.0740599 0.1092 0.0695814 0.0380536 0.0184375 0.494964 0.0775966 0.104192 0.0760606 0.0858553 0.0715641 0.0542942 0.0263862 0.055254 0.0753016 0.0594314
internal_weight=0 4454.38 3146.54 2398.31 673.599 603.815 526.236 184.426 1081.55 1057.8 707.793 383.452 350.01 351.122 341.809 69.7845 100.026 42.7932 23.7496 0.233787 1307.84 71.4093 1236.43 389.026 847.405 150.765 67.302 45.3501 696.641 176.425
internal_count=301206 234386 160117 71518 48601 44545 39362 16240 66820 49895 36220 13738 13675 13093 23122 4056 8076 2172 16925 529 74269 4057 70212 2904 67308 6684 3175 2335 60624 41534
is_linear=0
shrinkage=0.1


Tree=72
num_leaves=31
num_cat=0
split_feature=86 86 171 73 170 191 71 209 141 190 131 151 79 183 168 80 8 88 93 214 138 150 184 129 141 219 135 68 196 122
split_gain=33.6968 9.90061 6.27991 6.01743 5.43999 6.43056 7.9706 5.17734 6.8689 4.93194 4.72783 4.79057 4.52522 4.36302 3.86487 5.39367 8.65736 3.88779 3.85585 3.75188 6.91432 7.56998 4.05425 4.14768 4.62488 7.15729 6.96133 5.15704 5.08692 6.19421
threshold=-1.1157679557800291 -0.6793040633201598 -0.0079704159870743734 0.30129671096801763 0.48147568106651312 -0.19852689653635022 1.0000000180025095e-35 0.13885572552680972 0.045919261872768409 0.067053757607936873 -0.012682986445724962 0.025107465684413913 0.53197279572486889 -0.18851256370544431 3.1285945177078252 0.31339286267757421 0.14417526125907901 0.74251422286033641 0.11249604448676111 0.18619229644536975 -0.047544689849019044 -0.013333312701433895 0.08679459244012834 -0.070902135223150239 -0.033996248617768281 0.060508809983730323 0.040230400860309608 35.00396919250489 0.055422669276595123 0.053015004843473441
decision_type=2 2 2 2 2 2 2 2 2 2 2 2 2 2 2 2 8 2 2 2 2 2 2 2 2 2 2 2 2 2
left_child=12 2 7 4 14 6 18 19 10 -3 11 -9 -1 -11 15 16 17 -4 -6 22 21 -21 -2 -24 25 26 -25 -26 -29 -30
right_child=1 9 3 -5 5 -7 -8 8 -10 13 -12 -13 -14 -15 -16 -17 -18 -19 -20 20 -22 -23 23 24 27 -27 -28 28 29 -31
leaf_value=0.057673390918475079 0.085558693445190417 0.08871051383924787 0.091774876745569722 0.15869211417483084 0.11490995381441392 0.072181253555139643 -0.084965875977389915 0.086533604935156938 -0.029653270678304131 0.017030188761419891 0.12823524515205911 -0.12534884885630365 0.14306242076299389 0.10464912098933619 0.089546373927102949 0.11676824006431348 -0.058228259421943374 -0.0014365208300770056 -0.11079750071366577 -0.20144370934550915 0.11906180699251462 0.11844426593239238 0.12192754646829536 0.071651325822293069 0.034500587273991572 -0.039155306938750745 -0.076991533658856165 0.086773691524953511 0.042966489179438933 0.1088768227179755
leaf_weight=541.1670700889772 2059.0654958255191 792.19156751178843 16.179974155657426 8.7957205995899113 4.9302422084942901 794.77936873102499 5.854431332538752 24.335676946286188 3.4742089140645467 5.7822754797043663 63.661645783457971 1.1160157458780293 6.2783480457937904 331.6252237302424 320.87837163260247 10.993629926384981 7.4884838893412953 6.1853139563286268 0.89414959861278465 1.4493188501746774 50.702466625416946 1.5110645562235721 18.204858581349527 45.169201670499888 26.371782210269657 8.3090589122302827 3.3869252828380914 276.03184654378674 61.77779947085628 18.537139456459045
leaf_count=39384 101046 37557 1829 2041 292 46613 1227 2983 318 867 2942 366 191 13380 13933 343 726 1326 221 118 2446 70 844 2982 3371 1293 291 16564 4653 758
internal_value=0 0.0847933 0.0823725 0.0762895 0.0756691 0.0710988 -0.00256554 0.0850609 0.108293 0.0930228 0.113671 0.0772429 0.0586527 0.103148 0.0858584 0.0568872 0.0348361 0.0659965 0.0802598 0.0842241 0.110388 -0.0381637 0.0836662 0.0751543 0.0732172 0.0466072 0.0612831 0.077171 0.0803289 0.058179
internal_weight=0 4969.68 3840.08 1176.98 1168.18 806.458 11.6788 2663.1 92.5875 1129.6 89.1133 25.4517 547.445 337.407 361.726 40.8474 29.8538 22.3653 5.82439 2570.52 53.6629 2.96038 2516.85 457.789 439.584 56.8652 48.5561 382.719 356.347 80.3149
internal_count=300975 261400 209596 68551 66510 48353 1740 141045 6609 51804 6291 3349 39575 14247 18157 4224 3881 3155 513 134436 2634 188 131802 30756 29912 4566 3273 25346 21975 5411
is_linear=0
shrinkage=0.1


Tree=73
num_leaves=31
num_cat=0
split_feature=86 86 171 94 189 150 228 156 121 217 158 224 126 6 57 187 193 210 163 205 74 132 120 1 195 104 17 193 104 156
split_gain=33.5322 14.8376 5.96608 6.19386 4.7636 6.59643 5.12108 5.49409 6.19705 7.81389 5.77194 5.30986 5.11269 5.05143 5.62646 4.91375 6.06701 5.25345 4.98842 4.7122 5.28358 4.77366 4.68211 6.67382 5.31429 5.1396 4.52197 5.18274 5.62531 4.51624
threshold=-1.1157679557800291 -0.79820320010185231 0.013746987096965315 -0.10029762238264082 0.15722425282001498 0.0078632042277604359 -0.0074492851272225371 0.18237251043319705 -0.065802484750747667 -0.085904654115438447 0.45000000298023229 0.065824743360281004 0.057405347004532821 0.16754386574029925 1.0000000180025095e-35 0.20867251604795459 -0.0042687547393143168 -0.049458179622888558 0.17022356390953067 -0.036204578354954713 0.23431372642517093 0.02199896797537804 1.0000000180025095e-35 0.018874644301831726 -0.017126223072409626 -0.035032292827963822 8.5000000000000018 0.098252408206462874 -0.032602559775114053 0.57259953022003185
decision_type=2 2 2 2 2 2 2 2 2 2 2 2 2 10 2 2 2 2 2 2 2 2 2 10 2 2 2 2 2 2
left_child=29 2 -2 -4 5 26 15 13 9 10 -9 -11 -6 -8 -15 17 -17 18 -7 20 21 -10 24 -24 -19 -25 27 -3 -29 -1
right_child=1 4 3 -5 12 6 7 8 19 11 -12 -13 -14 14 -16 16 -18 22 -20 -21 -22 -23 23 25 -26 -27 -28 28 -30 -31
leaf_value=0.060592437267675527 0.081653055244652231 0.086421000234105164 0.10154794885065935 0.068403820793236036 0.10572079943892194 0.095376874829625924 0.10859534020921574 -0.16093933358702983 0.076372439070735723 0.073872721587371404 0.10642037172378026 -0.042182650098746818 -0.079326725975165324 -0.076776489661580016 0.12442507722513235 0.08574265013354293 -0.13928981352721612 0.098584836529760869 0.019151334678763121 0.091522787135214875 -0.027271791586123868 -0.086822416389383317 0.063912699987807603 -0.094652572233614715 0.051564977800542311 0.019878480257379882 0.10604008280128946 0.077070041590430793 0.11131172784278004 0.029465490445972155
leaf_weight=494.43021342636075 1976.4068817766176 919.18326611372754 61.464801768605639 681.95862227226098 201.47087164475306 93.941786192486234 122.57819460925657 2.9987152083631363 45.162300371117453 27.928465237826458 1.1050334461251621 4.5902847174074841 1.5042282059903289 3.1569357261917039 2.4830396636334626 2.3080682054314821 2.4912276955219559 42.495209435522156 9.4489765867629085 215.36933280351514 6.3519771979808857 1.866494763708032 31.338122468692291 5.260470345836441 55.339624476779136 15.355216750642738 204.0096969876181 64.373326309225376 188.36652996903649 51.464543200570915
leaf_count=38428 111373 43863 5465 39773 8167 2547 9760 103 1976 710 20 193 138 840 542 239 313 2484 1595 4613 304 123 2732 420 3855 957 8511 3179 6869 1170
internal_value=0 0.0837626 0.0787806 0.0711441 0.0897307 0.0882955 0.0803282 0.0869658 0.0796718 0.0410815 -0.0889463 0.0574906 0.104349 0.104338 0.0118039 0.0691721 -0.0310676 0.0710722 0.0884106 0.0849305 0.0583332 0.0698955 0.0591046 0.034843 0.0719884 -0.00934622 0.0923 0.0899081 0.10259 0.0576579
internal_weight=0 4990.31 2719.83 743.423 2270.48 2067.5 691.569 433.591 305.373 36.6225 4.10375 32.5187 202.975 128.218 5.63998 257.979 4.7993 253.179 103.391 268.75 53.3808 47.0288 149.789 51.9538 97.8348 20.6157 1375.93 1171.92 252.74 545.895
internal_count=301262 261664 156611 45238 105053 96748 34326 19184 8042 1026 123 903 8305 11142 1382 15142 552 14590 4142 7016 2403 2099 10448 4109 6339 1377 62422 53911 10048 39598
is_linear=0
shrinkage=0.1


Tree=74
num_leaves=31
num_cat=0
split_feature=86 86 93 157 222 144 0 116 177 75 66 187 4 182 10 171 145 174 157 95 4 129 176 10 200 171 157 191 190 158
split_gain=40.8359 16.9982 6.05732 7.22727 5.30513 6.33206 5.21448 4.74613 4.66114 4.44654 5.58053 4.36581 5.68735 4.28528 4.63734 4.76733 5.2295 4.60533 4.34569 4.843 4.19196 5.63598 4.1716 4.1648 4.06414 4.43697 6.20967 5.55674 4.81269 4.15892
threshold=-1.1157679557800291 -0.727817803621292 0.16779790818691256 0.68542924523353588 0.054400494322180755 -0.0093547659926116449 0.31530213356018072 0.036152880638837821 0.079071406275033965 0.016530054621398452 8.5052585601806658 -0.15447387844324109 0.034683240577578552 0.11535584926605226 26.500000000000004 0.056541282683610923 -0.0097296978347003443 0.15439302474260333 0.65620106458663952 -0.22605256736278531 0.28991597890853887 -0.046237660571932786 -0.049658991396427148 85.500000000000014 -0.080693058669567094 -0.061978345736861222 0.63753709197044384 0.03091573249548674 -0.13900135457515714 0.22500000149011615
decision_type=2 2 2 2 2 2 8 2 2 2 2 2 10 2 8 2 2 2 2 2 10 2 2 8 2 2 2 2 2 2
left_child=13 2 3 9 8 6 7 -6 24 10 -2 12 22 14 -1 -16 -17 -15 19 -18 -11 -22 -3 -5 -4 -26 27 28 -27 -30
right_child=1 11 4 23 5 -7 -8 -9 -10 20 -12 -13 -14 17 15 16 18 -19 -20 -21 21 -23 -24 -25 25 26 -28 -29 29 -31
leaf_value=-0.091067851727467106 0.078071102143586368 0.15604182812331163 0.050177931454853178 0.007602026483848604 0.064467880576374023 0.069993508464499574 -0.034633134882667574 -0.04108941327735266 0.092578229427627057 0.085413182009603128 0.026032605257816845 0.092281327471618685 0.094868127972780228 0.094235292859173522 0.062030392583242867 0.021764083813196559 0.41193581263052348 0.020647552152554829 0.073055440398559351 0.028082241371862784 0.41353083533570301 0.13087382535751263 0.10894839751251206 0.10615534536414917 0.091504160382116492 -0.038425926676172228 0.080748342085604149 0.0075785593322121635 0.041336377354600891 0.086900222686398659
leaf_weight=2.214061943311207 806.33784775573668 33.388205149663918 66.606543192864592 4.3978828770341343 23.746546480763758 100.74237035383203 11.275300094251177 5.190605303702795 164.34727958680151 1628.9595735519295 21.148019545109946 1395.801106812034 124.62188116451853 49.836016805090367 286.09808435637251 78.007975501423061 0.33133066795562527 10.254444247505033 61.181693131438806 41.204273401416685 0.80208191172414434 5.8536784919858738 43.078673545977836 171.56968763191253 138.49104450636196 4.4743129242224304 192.20495984045192 23.271848288491128 34.158014897255043 48.44354887910572
leaf_count=6863 41811 694 5703 212 1545 6649 976 689 9086 89657 6804 64557 3707 3095 20896 3714 75 758 879 3308 343 2347 1955 555 12611 573 2523 2948 3166 2460
internal_value=0 0.0857349 0.0817885 0.0841134 0.0742411 0.0566027 0.0230553 0.0455335 0.0779408 0.0827147 0.0767412 0.0942659 0.108042 0.0565349 0.0533138 0.0539986 0.0412838 0.0816775 0.0561079 0.0311443 0.0857368 0.164937 0.129511 0.103692 0.0732021 0.0766792 0.0698933 0.0509857 0.0625867 0.0680583
internal_weight=0 5048.91 3452.02 2639.07 812.952 140.955 40.2125 28.9372 671.998 2463.1 827.486 1596.89 201.089 529.128 469.037 466.823 180.725 60.0905 102.717 41.5356 1635.62 6.65576 76.4669 175.968 507.65 441.044 302.553 110.348 87.0759 82.6016
internal_count=301159 261571 190658 141729 48929 9859 3210 2234 39070 140962 48615 70913 6356 39588 35735 28872 7976 3853 4262 3383 92347 2690 2649 767 29984 24281 11670 9147 6199 5626
is_linear=0
shrinkage=0.1


Tree=75
num_leaves=31
num_cat=0
split_feature=86 86 17 205 128 170 157 218 103 189 232 113 174 191 103 5 133 3 99 206 193 213 125 209 123 219 88 136 188 143
split_gain=31.3565 12.526 5.48927 6.91268 5.55934 5.05195 7.3004 4.98726 6.32688 6.56273 7.08971 5.15141 4.90061 5.44357 7.53546 5.10035 4.90126 4.78532 5.00713 4.71493 4.66008 4.63775 4.61339 4.36103 4.89099 4.6662 4.35924 4.3517 4.3445 4.63955
threshold=-1.1157679557800291 -0.79820320010185231 8.5000000000000018 -0.14293886721134183 0.045790137723088271 0.47643180191516882 0.47572375833988195 0.017964113503694538 0.084005475044250502 -0.050576116889715188 -0.0058402474969625464 0.068040810525417342 -0.082987863570451723 0.09817159548401834 -0.0038437232142314311 0.1605084761977196 0.028836926445364956 0.22053033858537677 -0.025313702411949631 0.13482258468866351 -0.22743408381938932 0.1016453765332699 0.0074968275148421535 0.003587097162380815 -0.054475989192724221 0.13938095420598987 0.8045029640197755 0.056513013318181045 0.11493663489818574 0.035771699622273452
decision_type=2 2 2 2 2 2 2 2 2 2 2 2 2 2 2 10 2 8 2 2 2 2 2 2 2 2 2 2 2 2
left_child=-1 5 4 -4 7 6 26 20 12 10 11 -10 13 27 15 -15 -14 -6 -19 -18 22 -16 -3 28 -25 -26 -2 -9 -5 -30
right_child=1 2 3 23 17 -7 -8 8 9 -11 -12 -13 16 14 21 -17 19 18 -20 -21 -22 -23 -24 24 25 -27 -28 -29 29 -31
leaf_value=0.060115564684765435 0.073331829306068116 0.07264372717000632 -0.011408643509343761 0.082250745965549932 0.082783363824275216 0.078175936399954432 0.093114454196759358 0.085095941168311331 0.072484670258462211 0.075770503745434092 -0.047455513800576943 -0.23972732028162921 0.093247866349024031 -0.049593624626899306 0.083740939792930458 0.10154178325575146 0.13330976201281183 -0.015127433538225288 0.061660926082307492 0.33717466988075051 0.095177035351262221 -0.11514737705409871 -0.10370959964277704 0.00064058581202705556 0.11690305226192217 -0.057153288178026666 0.0034815142371050832 -0.030505346969946858 0.11958318471958246 -0.091853721483531825
leaf_weight=545.22419585731677 156.92478368501065 4.1842358340627461 5.3411326885297958 131.59838200993408 110.30154859449704 1991.9354738008324 580.37205155335505 262.05509099120991 13.895633473350472 63.362273673627442 10.471910576861317 0.54937201175926098 277.140431187991 10.472015370585721 25.636575160870056 2.8380318709214398 16.796233175968613 10.642441776781196 42.020849627104326 1.2166388256227936 1030.7842781956203 1.2286236943618849 2.2980958759762871 3.7762912314638006 195.52196752323152 1.5524531838682367 9.4739866139973383 3.2973460864677682 54.648207150017242 1.057892188194727
leaf_count=39649 24757 324 825 6819 5351 117913 12035 9363 782 3305 809 46 14370 819 1202 50 1524 1183 2373 115 46554 172 292 278 6903 142 1952 207 1208 45
internal_value=0 0.0853655 0.0908362 0.101581 0.0885981 0.0808057 0.0878202 0.0902649 0.0836697 0.0586725 0.0151933 0.0606106 0.0873434 0.0784657 0.0441613 -0.0173678 0.0965331 0.0709428 0.0461432 0.147079 0.0946455 0.0746452 0.0101235 0.103136 0.113372 0.115532 0.0693549 0.0836594 0.0921596 0.115568
internal_weight=0 5021.39 2282.69 393.496 1889.19 2738.71 746.771 1726.23 688.96 88.2792 24.9169 14.445 600.681 305.528 40.1752 13.31 295.153 162.965 52.6633 18.0129 1037.27 26.8652 6.48233 388.155 200.851 197.074 166.399 265.352 187.304 55.7061
internal_count=301367 261718 105061 16220 88841 156657 38744 79934 32764 4942 1637 828 27822 11813 2243 869 16009 8907 3556 1639 47170 1374 616 15395 7323 7045 26709 9570 8072 1253
is_linear=0
shrinkage=0.1


Tree=76
num_leaves=31
num_cat=0
split_feature=86 86 160 167 96 93 17 119 66 4 157 200 171 192 0 205 197 210 160 152 196 130 129 141 198 180 228 203 166 85
split_gain=31.8873 14.1099 7.85421 7.5046 7.70929 8.9217 7.38634 6.95636 7.79794 6.14085 6.10697 6.04265 6.91648 5.73591 5.7132 6.76343 5.67977 5.66099 5.4508 7.29955 5.85059 5.43295 5.18015 6.12467 6.66289 4.76652 4.75515 5.27217 4.836 7.49384
threshold=-1.1529442071914671 -0.6793040633201598 1.0000000000000002 2.5000000000000004 0.056573923677206046 0.067136626690626158 15.500000000000002 -0.0050126865971833459 0.58947679400444042 0.03809869475662709 0.48638814687728887 -0.018639186397194859 0.007610822096467019 0.13520813733339312 0.23598007857799533 -0.14293886721134183 0.19945939630270007 0.052705572918057449 2.0000000000000004 0.021195362322032455 -0.020928676240146157 -0.035846116021275513 0.0031163588864728813 -0.053554899990558617 -0.14311569184064862 0.0078768013045191782 0.029834612272679809 -0.059527775272727006 0.81516075134277355 41.500000000000007
decision_type=2 2 2 2 2 2 2 2 2 10 2 2 2 2 10 2 2 2 2 2 2 2 2 2 2 2 2 2 2 2
left_child=-1 2 6 10 5 7 16 9 -9 -5 -4 -6 -13 -8 22 -16 -2 -15 -3 20 -20 -18 26 -24 -25 -7 28 -28 29 -12
right_child=1 18 3 4 11 25 13 8 -10 -11 14 12 -14 17 15 -17 21 -19 19 -21 -22 -23 23 24 -26 -27 27 -29 -30 -31
leaf_value=0.054668854722104393 0.082685160012115386 0.095851188937945753 0.056527976919314438 -0.03807275662960892 0.11593171147056676 -0.055623908284371873 0.11649259716840683 0.088607349526100568 -0.015405799736160759 0.12110358508809754 -0.0061878163613898881 0.066057906522535723 -0.11235209964685938 -0.071051334966040824 0.0032197209454856699 0.090416485239115219 0.044887013952294393 0.13490235585907537 -0.023839854597789895 0.098468390533789835 0.061966136093504147 0.11606861111878403 0.14643710487298098 -0.052017018696159906 0.060237543612628286 0.028554894497203609 0.12409758015222055 0.083499549250470206 0.082271310574466502 0.066468369049937484
leaf_weight=391.00549560221316 2392.737094226497 1083.4005324591146 123.09401937016219 2.7812411341005854 26.125585542576573 13.476620121568432 98.097862845186683 12.023570641857079 17.995841571192727 18.851059642122891 16.188693515530758 14.667998884514306 2.5508159511482509 3.3109320758940148 9.0758445832761918 447.46277035610092 12.247756592355016 2.2358598587379674 10.902599793050738 41.54819115826831 29.305160160281275 86.108037617187165 7.9828452938745604 5.4431923164547689 184.91894150861572 13.429880751775725 40.855081753292325 147.37226264399578 197.64557920589868 115.31410622183967
leaf_count=29814 120131 46900 33653 1142 1808 3897 3096 984 4076 1102 1638 1691 524 352 497 13545 693 115 1326 1780 1796 2868 139 621 7723 2648 1266 4388 2882 8316
internal_value=0 0.0842849 0.0814716 0.0754848 0.0517641 0.0330843 0.0847416 0.0574072 0.0262542 0.100638 0.0777171 0.0856196 0.039628 0.110899 0.079942 0.088683 0.0836533 0.0119667 0.0939723 0.0690738 0.0386993 0.107205 0.0743664 0.0606262 0.0570277 -0.0136076 0.0796339 0.0923114 0.0723842 0.057524
internal_weight=0 5177.15 4011.99 1417.26 121.903 78.5582 2594.74 51.6517 30.0194 21.6323 1295.35 43.3444 17.2188 103.645 1172.26 456.539 2491.09 5.54679 1165.16 81.756 40.2078 98.3558 715.721 198.345 190.362 26.9065 517.376 188.227 329.148 131.503
internal_count=301411 271597 219795 92540 17872 13849 127255 7304 5060 2244 74668 4023 2215 3563 41015 14042 123692 467 51802 4902 3122 3561 26973 8483 8344 6545 18490 5654 12836 9954
is_linear=0
shrinkage=0.1


Tree=77
num_leaves=31
num_cat=0
split_feature=93 88 171 81 181 179 138 156 171 230 228 128 206 13 68 209 166 121 227 166 9 73 199 76 9 71 109 219 63 153
split_gain=19.6985 12.4997 9.30553 7.93554 6.00766 7.51007 6.84385 5.7226 6.43332 7.49279 6.51396 5.44053 5.47681 5.43784 5.4344 5.27979 5.76561 5.16151 6.50466 4.90906 4.87435 4.81941 5.11773 5.43893 4.52896 5.10705 4.82504 4.59896 6.13256 4.78075
threshold=0.18084443360567096 0.81454268097877514 -0.03639672510325908 0.06138147599995137 -0.019463031552731987 -0.029489954933524128 0.048673631623387344 0.22287581861019137 -0.19234291464090345 0.011643273755908014 -0.11080576851963995 -0.010400799568742512 -0.048814721405506127 0.066902238875627532 41.449935913085945 -0.059600109234452241 0.77202048897743236 -0.065802484750747667 -0.019940565340220925 0.6323983669281007 0.015649490989744667 0.014389234129339458 0.04981550574302674 0.018019480630755428 0.0031720877159386878 0.04089996591210366 -0.037435052916407578 0.053454138338565833 -0.25903829932212824 -0.021505132317543026
decision_type=2 2 2 2 2 2 2 2 2 2 2 2 2 10 2 2 2 2 2 2 8 2 2 2 8 2 2 2 2 2
left_child=1 3 -2 7 -5 6 21 8 9 10 -1 12 -10 -9 19 -13 -17 18 -15 -3 -8 22 23 -6 25 26 -23 -26 -29 -30
right_child=2 14 -4 4 5 -7 20 13 11 -11 -12 15 -14 17 -16 16 -18 -19 -20 -21 -22 24 -24 -25 27 -27 -28 28 29 -31
leaf_value=0.25049232815597894 0.08438240232334164 0.015378102562046162 0.06393092031294681 0.086937074499991773 -0.0043569793141546376 0.081529349388482386 0.039871087394244081 0.083346741757958948 0.10307009169340123 0.099430667345853208 0.01457246806618194 0.084073076851840942 0.07779164514976275 -0.12150759522181974 0.23411289052285797 0.12304623431106998 0.098753351701294123 0.099521218017743399 0.067099864769055662 0.063700373720453701 -0.08801337357681388 -0.082854737488702895 0.1029714800326041 0.074931005398443495 0.072148839869041692 -0.057886731034023579 0.056305677164464066 0.090437669183808536 -0.14816970460945419 0.0075346333120536527
leaf_weight=1.2267183464746292 319.94460865715973 24.890381401276045 730.33260949970918 948.98439090500756 10.718863691179648 619.27276157566871 7.5010022276164792 1237.3428609269358 155.75442441897258 28.041222613416267 25.470530044755378 92.328261912866765 190.58493517257739 2.1886762321955748 1.7353291657577745 191.62486291331152 199.31983158024104 353.03063087465125 11.113065276316773 135.32116078134004 4.9454818160484146 2.8113277758529938 53.485538642768915 44.86007047687599 91.983210389674696 6.7117936986837767 21.904570123578651 8.0550906607536508 2.3840050584062729 11.408772039776521
leaf_count=398 34316 6160 32313 52875 1058 35194 420 34056 11232 3087 4268 9891 18576 161 161 21679 10723 6043 298 5604 422 287 1458 2426 4160 1118 1586 270 137 684
internal_value=0 0.0853753 0.070161 0.0863971 0.0814083 0.0754868 0.0614597 0.0900766 0.0965349 0.0633304 0.0254128 0.0987257 0.0891598 0.0865152 0.0580995 0.105581 0.110661 0.0972171 0.0360663 0.0561931 -0.0109425 0.065003 0.0808897 0.0596397 0.0530748 0.01947 0.0404768 0.0623528 0.0211099 -0.019378
internal_weight=0 4485 1050.28 4323.05 1835.03 886.042 266.77 2488.03 884.351 54.7385 26.6972 829.612 346.339 1603.68 161.947 483.273 390.945 366.332 13.3017 160.212 12.4465 254.323 109.064 55.5789 145.259 31.4277 24.7159 113.831 21.8479 13.7928
internal_count=301061 234432 66629 222507 102095 49220 14026 120412 79854 7753 4666 72101 29808 40558 11925 42293 32402 6502 459 11764 842 13184 4942 3484 8242 2991 1873 5251 1091 821
is_linear=0
shrinkage=0.1


Tree=78
num_leaves=31
num_cat=0
split_feature=86 86 83 156 175 103 219 222 112 101 66 209 143 117 156 12 152 205 154 217 230 94 191 125 187 85 132 215 132 189
split_gain=37.131 17.6247 4.94988 4.39059 4.13002 4.0917 6.01801 6.78001 6.81551 5.5325 5.16277 4.62471 4.85281 4.60346 4.28719 6.87062 4.79704 4.92091 4.01263 5.39602 4.21468 5.31362 3.94085 3.85648 3.81717 4.15315 4.62643 4.21112 3.88862 4.80787
threshold=-1.1529442071914671 -0.83693176507949818 8.5000000000000018 1.0000000180025095e-35 0.61647737026214611 0.068980894982814803 -0.003813373856246471 0.051075553521513946 0.014600885566323997 -0.20731339603662488 2.1839227676391606 0.13885572552680972 0.0053560284432023772 0.044163247570395477 0.24305019527673724 121.50000000000001 0.026826790533959869 0.096724849194288268 0.035321604460477836 -0.093061622232198701 0.082183271646499648 0.1397645100951195 0.13431488722562793 -0.035467427223920815 0.15526424348354342 65.500000000000014 -0.022337911650538441 -0.096907150000333772 -0.014032116625458 -0.20403436571359632
decision_type=2 2 2 2 2 2 2 2 2 2 2 2 2 2 2 10 2 2 2 2 2 2 2 2 2 2 2 2 2 2
left_child=24 3 5 -2 -5 -3 -7 9 -9 10 -8 14 -13 -10 -11 16 17 -16 20 -20 -4 23 -21 -22 28 26 -26 -28 29 -1
right_child=1 2 18 4 -6 6 7 8 13 11 -12 12 -14 -15 15 -17 -18 -19 19 22 21 -23 -24 -25 25 -27 27 -29 -30 -31
leaf_value=0.23306390091209314 -0.094391977881495684 0.089891178490284163 0.099265751052351192 0.077442140233634826 0.11711485678232958 0.090161912773470285 0.092450607023334547 -0.0098731540939516749 0.078826871698236989 0.094605988680456235 -0.12402060124425691 0.077340605149776046 -0.13102797463342578 -0.12147582704452933 0.053538367102863138 0.083616627013049435 -0.068672847943155632 -0.14069933102682125 -0.098650463778958489 0.14255202234993333 -0.16287375073631127 -0.078766552079633706 0.016443350783115818 0.078914962545577963 -0.029099957797112178 0.01689735485636501 -0.08351443319612345 0.10676875978850914 0.042817917850120998 0.065284890488269298
leaf_weight=1.7534731773866941 1.4802736925435045 1748.5401395198376 395.54302307300713 2354.4976604349695 26.536012273951201 271.47290460967361 1.8993228439121583 20.082785833703156 23.077546727319262 106.87307750364516 2.6236779540795396 2.3499427992210249 2.1315416493725934 1.2074209766096817 23.099793132763814 63.683548511486151 4.6055472874177203 1.3823557563882776 1.0199187084635912 37.662292711449936 0.66988243800733371 2.3613267153805273 2.6525118056233614 43.221365746283027 2.9573422559942619 9.163124113822958 1.2010156371106848 36.787033256151517 270.42362624034649 65.802746773181752
leaf_count=175 10203 82079 16846 130547 1238 12398 114 2040 827 7365 248 196 318 134 1300 935 596 160 151 1413 71 251 179 1618 240 1055 158 1708 21897 4586
internal_value=0 0.0840762 0.0895213 0.0777772 0.0778843 0.0875675 0.0798207 0.0687252 0.0332263 0.0762738 -0.0331188 0.0786978 -0.0217664 0.068868 0.0809529 0.0652245 0.0249574 0.042571 0.0987134 0.128508 0.0959258 0.067363 0.134255 0.0752247 0.0519978 0.0777548 0.091374 0.100753 0.0481791 0.0696397
internal_weight=0 5138.67 2756.16 2382.51 2381.03 2273.03 524.489 253.017 44.3678 208.649 4.523 204.126 4.48148 24.285 199.644 92.7712 29.0877 24.4821 483.13 41.3347 441.796 46.2526 40.3148 43.8912 388.088 50.1085 40.9454 37.988 337.98 67.5562
internal_count=301046 271227 129239 141988 131785 108710 26631 14233 3001 11232 362 10870 514 961 10356 2991 2056 1460 20529 1743 18786 1940 1592 1689 29819 3161 2106 1866 26658 4761
is_linear=0
shrinkage=0.1


Tree=79
num_leaves=31
num_cat=1
split_feature=86 86 17 103 201 141 170 182 81 1 106 184 66 117 66 237 202 184 150 140 202 10 221 153 200 196 180 145 170 193
split_gain=38.324 13.6959 5.62713 5.92258 5.35258 5.18053 5.16697 4.80166 5.23411 5.44172 4.73754 4.97319 8.79985 4.90413 4.66473 8.99251 4.94927 4.88946 5.14746 4.8358 5.57402 4.64263 4.63464 4.56591 5.26672 4.53828 4.52871 4.37187 4.39185 4.35355
threshold=-1.1529442071914671 -0.82166236639022816 9.5000000000000018 0.080946877598762526 0.064182024449110045 -0.036106884479522698 0.45793916285038 -0.044490316882729523 0.17607313394546512 0.0050808819942176351 -0.010006627067923544 0.063909649848938002 5.0653138160705575 0.0047274373937398204 3.1763501167297368 0 0.078457489609718337 0.13101802766323092 0.013359316159039738 -0.018256857991218563 -0.075109444558620439 177.50000000000003 -0.014030983671545981 0.011811671778559686 0.090459249913692488 -0.024829802103340622 -0.20279803127050397 0.0066352996509522208 0.60105058550834667 -0.085872687399387346
decision_type=2 2 2 2 2 2 2 2 2 8 2 2 2 2 2 9 2 2 2 2 2 10 2 2 2 2 2 2 2 2
left_child=6 7 3 -3 25 22 -1 8 29 -10 11 -9 23 -14 16 19 17 26 -19 20 -16 -7 -6 -13 -25 -5 -8 28 -23 -2
right_child=1 2 -4 4 5 21 14 10 9 -11 -12 12 13 -15 15 -17 -18 18 -20 -21 -22 27 -24 24 -26 -27 -28 -29 -30 -31
leaf_value=0.0758532288944581 0.096350325529804826 0.090067090847560635 0.10115753774593544 0.097494994678776176 -0.10057705370098512 0.024757651405420227 -0.084023189722110508 0.079522412116990876 0.08305458416656096 0.045932002461231997 0.086157018025801557 0.082855578134929442 0.027596057326019632 -0.089686558369054037 0.12830496295980684 0.0402992470731122 0.017675920157163509 0.0013630814035524173 0.097841440079026232 -0.075715812582911879 -0.079273718128526294 0.063243450721881034 0.037088956931639203 0.053185655824896011 -0.063779880488633173 0.072327403754216618 0.068424273791363996 0.12045944524223091 -0.18246699786169285 0.073338243231672567
leaf_weight=71.803910899587891 99.183581496628449 1828.1050202413221 362.68221117201665 119.06285820692915 3.7949537779331877 21.34607608465808 1.9725201211199408 595.63563174665592 58.076359844064427 123.3692339095619 1117.2012322928304 69.654791921828519 10.619185784654972 5.3673060537530537 2.9450245183661536 65.474561100642404 32.881927579990588 24.160070442719192 7.1716531574229512 13.716402843989043 2.3069334782831019 26.918503088650144 6.8770232831279809 32.600430756822789 4.365139731976341 179.91831154046395 161.04761581015873 17.505888243206755 0.74764987554954032 480.43290814356783
leaf_count=4875 6356 85012 14925 5491 370 2669 302 30221 5265 5537 62809 4424 2431 2110 221 7772 2335 1408 247 3428 950 828 530 2730 542 9050 8394 338 27 29640
internal_value=0 0.0844352 0.0896149 0.0877158 0.0762888 0.0528125 0.0516694 0.0793143 0.0726361 0.057814 0.0820834 0.0757471 0.0574065 -0.0117804 0.046098 0.0260294 0.0535557 0.0596261 0.0234464 -0.0291203 0.0371256 0.0631892 -0.0118651 0.0677803 0.0393736 0.0823499 0.0665797 0.08135 0.0566034 0.0772761
internal_weight=0 5163.46 2566.96 2204.28 376.171 77.1901 383.481 2596.51 761.062 181.446 1835.44 718.242 122.607 15.9865 311.677 84.4429 227.234 194.352 31.3317 18.9684 5.25196 66.5181 10.672 106.62 36.9656 298.981 163.02 45.172 27.6662 579.616
internal_count=301237 271305 119240 104315 19303 4762 29932 152065 46798 10802 105267 42458 12237 4541 25057 12371 12686 10351 1655 4599 1171 3862 900 7696 3272 14541 8696 1193 855 35996
cat_boundaries=0 2
cat_threshold=1871918541 13848
is_linear=0
shrinkage=0.1


Tree=80
num_leaves=31
num_cat=1
split_feature=86 86 212 237 196 206 104 209 131 135 209 5 119 175 216 123 201 159 105 213 203 140 192 197 181 226 93 124 25 163
split_gain=33.0497 17.4189 5.19504 7.36589 5.10922 5.10183 4.88049 5.14718 7.06101 7.4838 6.89061 6.91128 5.90588 7.06691 5.43079 5.33571 6.00264 5.4524 5.33079 8.3203 5.3183 5.26412 5.1736 5.13428 6.37182 4.95301 4.94359 4.85058 4.77776 4.57834
threshold=-1.1817154288291929 -0.82948100566864003 -0.023234994150698181 0 -0.13471273332834241 0.085310447961092009 -0.062389565631747239 0.003587097162380815 -0.0089972764253616316 0.024186192080378536 -0.085605353116989122 0.077193934470415129 -0.0016236737719736991 0.61647737026214611 0.14498304575681689 0.028762380592525009 -0.019014440476894375 0.33072219789028173 0.070588272064924254 -0.11905763670802115 -0.12154254689812659 0.041415698826313026 -0.015773597173392769 0.047927429899573333 0.41402682662010198 -0.011801612097769974 0.2839281708002091 -0.0014766230015084145 1.0000000180025095e-35 0.76437002420425426
decision_type=2 2 2 9 2 2 2 2 2 2 2 10 2 2 2 2 2 2 2 2 2 2 2 2 2 2 2 2 2 2
left_child=2 5 4 -4 -1 29 -3 8 22 10 28 12 -12 14 20 16 17 -11 -9 -20 -14 23 -8 24 25 -21 -25 -6 -10 -2
right_child=1 6 3 -5 27 -7 7 18 9 15 11 -13 13 -15 -16 -17 -18 -19 19 21 -22 -23 -24 26 -26 -27 -28 -29 -30 -31
leaf_value=-0.04842714564024006 0.075729609235997142 0.08102029422347462 -1.7155653929184149e-05 0.049806064767275289 0.051358396682278484 0.086206661067253817 0.10290832046609809 0.099466901223804374 0.063048812686848893 -0.03970546141748281 0.11793072771620575 0.066403869612565836 -0.082338927689791161 -0.13015879711655923 -0.10133281979845431 0.096693006966892453 -0.010164896725891845 0.095926551499249321 -0.10631788486231336 0.098118708826540085 0.09269690212448696 -0.001269523501356528 0.085366469156776814 0.11041048342380272 -0.10582245912573129 0.039998338699648951 -0.161672791994 0.09100571192868806 -0.01544652016063198 0.016079460088393595
leaf_weight=3.7497804115432691 1970.7586614211696 558.65650713688001 46.274687467856438 152.70740465065001 65.436767399972268 552.37102700673222 289.25826998924117 878.89066133285746 53.566828855705808 3.7615048226052776 90.869506094849839 90.88276656740868 1.7781037949453082 1.5618180448909686 1.5373180690448851 13.127229585443272 23.119580505929662 13.977752954975584 2.4095180483272989 32.671258218677849 73.094073341504554 7.2889194461868092 401.49318861112783 58.371989322313311 2.0851480721630642 26.601047851066596 0.67551649042525141 58.395280857583657 9.0666602656783635 12.951788085190399
leaf_count=662 102330 28394 5347 10590 4237 32016 13444 39829 3730 254 3359 4283 264 105 138 672 1394 681 251 1570 3627 374 16660 1828 102 2333 60 4097 862 17545
internal_value=0 0.0836228 0.050821 0.0407215 0.0665725 0.0777069 0.0893171 0.0915497 0.086708 0.0756875 0.0814583 0.0886381 0.100606 0.0804158 0.0847199 0.0412289 0.0234093 0.0671666 0.0966703 0.0777785 0.0885401 0.0812523 0.0927123 0.0862479 0.0659904 0.0720346 0.107298 0.0700548 0.051686 0.0753401
internal_weight=0 5170.83 326.564 198.982 127.582 2536.08 2634.75 2076.09 1067.09 376.343 322.357 259.724 168.841 77.9713 76.4095 53.9861 40.8588 17.7393 1008.99 130.103 74.8722 127.694 690.751 120.405 61.3575 59.2723 59.0475 123.832 62.6335 1983.71
internal_count=301038 276105 24933 15937 8996 151891 124214 95820 49473 19369 16368 11776 7493 4134 4029 3001 2329 935 46347 6518 3891 6267 30104 5893 4005 3903 1888 8334 4592 119875
cat_boundaries=0 2
cat_threshold=1370687049 4629397
is_linear=0
shrinkage=0.1


Tree=81
num_leaves=31
num_cat=0
split_feature=86 86 157 192 156 192 175 170 157 195 152 230 53 191 0 106 115 204 140 230 99 79 6 230 186 20 161 12 170 127
split_gain=35.9785 14.4147 6.07605 7.79168 6.9606 6.67163 5.63209 5.37397 6.51689 5.63467 5.29068 6.63342 6.6483 5.25926 5.16969 5.30386 5.63522 5.41712 5.14343 5.41548 5.1249 5.12377 5.05333 5.01923 5.04227 4.94296 4.80249 5.82144 4.64518 4.63477
threshold=-1.1529442071914671 -0.6793040633201598 0.49699012935161596 -0.038433955982327454 0.14564393460750583 0.14420440793037417 0.61647737026214611 0.48147568106651312 0.59515219926834118 0.096605032682418837 0.069893911480903639 0.021613610908389095 1.5000000000000002 0.12588681280612948 0.11882352828979494 0.03612842038273812 0.079612292349338545 0.14318364858627322 0.036162743344902999 0.0083139687776565569 0.0058942846953868875 0.025478741154074672 0.022991543635725979 0.032798819243907935 -0.23533786088228223 1.0000000180025095e-35 4.2624988555908212 306.00000000000006 0.60105058550834667 0.0010253494256176057
decision_type=2 2 2 2 2 2 2 2 2 2 2 2 2 2 8 2 2 2 2 2 2 2 8 2 2 2 2 10 2 2
left_child=21 2 3 6 5 23 18 10 9 28 14 12 -12 -10 20 -16 17 -17 -2 -20 -6 26 -5 24 -4 -22 27 -1 -9 -15
right_child=1 -3 4 22 7 -7 -8 8 13 -11 11 -13 -14 29 15 16 -18 -19 19 -21 25 -23 -24 -25 -26 -27 -28 -29 -30 -31
leaf_value=-0.0039502370715725869 0.042352290164351797 0.093893224643501513 -0.018700772970068211 0.024314374775450259 0.08115039322386941 0.11788682808427618 0.14163242012475039 0.074563191711248603 0.079620612898565785 0.048182193154985384 0.023782062381293434 0.085118222960742382 -0.17059287599614537 0.073724640552592022 0.09522936777614642 0.078770453895640524 -0.075702796170920517 -0.059664480049953894 0.0059748938740723382 0.13104314174383305 -0.063064620497054011 0.060149400079184678 0.082031621613875311 0.073047148839842632 0.095600385930500756 0.10955223886226753 0.068921833262989882 0.048306680372057847 -0.030090283991327904 0.10936340660848426
leaf_weight=41.418805162923945 136.82057713753318 1159.923281404288 3.9001509252373117 15.886728384600586 13.006094210144513 87.767951331078621 6.8523111137149035 564.68499907235037 1247.7648532409839 101.33077937187409 9.581145357864445 17.623731172716361 2.1555536764353738 52.84693001069536 568.82136084311787 118.4816977832088 2.5170410803693803 2.8957703647756707 4.6552483012696966 13.508249890750447 6.3888321269259887 280.48663876946512 335.91883450678142 155.9065327465305 369.77213888546089 2.2407177911081817 30.962341279259817 43.926200758442064 4.2733557003139131 117.90210919482342
leaf_count=6623 34740 51596 508 20381 1316 2559 1125 31148 17457 8131 216 219 63 958 6972 1695 92 110 1982 1651 1298 19906 57160 7782 19945 220 2121 1109 1026 1086
internal_value=0 0.0840882 0.0812188 0.0710717 0.0827295 0.0923511 0.0529124 0.0806325 0.0780335 0.0699078 0.0879323 0.046329 -0.0119167 0.0818731 0.0896422 0.0911456 0.0723966 0.0754677 0.0489898 0.0989885 0.0415063 0.0528319 0.0794252 0.088119 0.0944074 -0.0182435 0.0351852 0.0229459 0.0737772 0.0983332
internal_weight=0 5123.43 3963.5 513.642 3449.86 617.347 161.836 2832.51 2088.8 670.289 743.712 29.3604 11.7367 1418.51 714.352 692.716 123.895 121.377 154.984 18.1635 21.6356 396.794 351.806 529.579 373.672 8.62955 116.307 85.345 568.958 170.749
internal_count=301195 271436 219840 117039 102801 30794 39498 72007 59806 40305 12201 498 279 19501 11703 8869 1897 1805 38373 3633 2834 29759 77541 28235 20453 1518 9853 7732 32174 2044
is_linear=0
shrinkage=0.1


Tree=82
num_leaves=31
num_cat=1
split_feature=86 86 157 145 121 171 148 162 116 212 153 86 172 122 197 10 237 135 213 4 161 76 163 115 106 180 116 195 197 163
split_gain=34.9924 17.3871 7.56119 9.78492 10.6217 8.26613 6.2676 6.26819 5.93556 10.1107 6.15602 5.77037 5.88887 6.65015 5.70848 6.0429 6.77728 5.33627 9.88946 6.76865 6.01324 5.2065 5.17381 5.15925 5.09922 5.50619 5.05286 4.92708 6.08566 4.88169
threshold=-1.1817154288291929 -0.6793040633201598 0.55457308888435375 -0.0287176389247179 0.055171333253383643 0.44739343225955969 0.010016109328716995 144.43465423583987 0.060952384024858482 0.03474488481879235 0.0031194649636745457 -0.93589836359024037 0.52249667048454296 0.063695486634969725 0.008136386517435314 1264.0000000000002 0 -0.034023622050881379 -0.01108119450509548 0.074304118752479567 3.0947800874710087 0.32495285570621496 -0.07214829325675963 -0.041575789451599114 -0.012487258296459912 0.19447496533393863 -0.067582961171865449 0.09194712340831758 0.0040110831614583739 0.67625898122787487
decision_type=2 2 2 2 2 2 2 2 2 2 2 2 2 2 2 8 9 2 2 8 2 2 2 2 2 2 2 2 2 2
left_child=14 2 3 24 17 11 7 -6 -7 -10 -11 29 -13 -14 15 16 -1 18 -5 -19 23 -22 -23 -21 25 -2 -25 28 -20 -4
right_child=1 -3 5 4 6 8 -8 -9 9 10 -12 12 13 -15 -16 -17 -18 19 27 20 21 22 -24 26 -26 -27 -28 -29 -30 -31
leaf_value=-0.020487403476985525 0.080487988416294121 0.09534787012169911 0.079970408904145113 0.12395971655313449 0.031048885494457914 0.073714200413977624 0.089369424383075213 0.081863266013328148 0.074567028252386647 0.088134429804215431 -0.089571480245041427 0.091218459913746858 0.069825341997199405 -0.080753410006934936 0.063221987978725788 0.068559245375304015 0.035228543236195474 0.084919782789617912 0.075513430000501369 -0.069469666024024393 0.06875960306353858 0.069346792476285044 0.21092096702309304 -0.063484458440022373 0.10308513211953595 -0.015163504830217382 0.052660402176828575 0.14400924898007719 -0.024820245672749111 -0.017077395192181193
leaf_weight=24.033123897710993 82.77280135805654 1179.5089823768503 749.9113984560845 56.53499134312915 123.54005087853932 298.67143735693662 32.496814028833569 30.212248743625878 16.623212542148398 2.5283131507858334 8.5132891899011138 1589.9451686167813 84.763702747550269 3.0380650445440542 177.82409083930042 42.989348920338671 84.741044829514067 304.64833049529443 14.964867291315505 4.1180366675134783 414.56939954590985 5.125503495185967 5.2003416997706591 3.9801374049711731 168.82265925983302 6.490088796838335 63.603692738122845 4.9645934126281182 10.14239057618988 5.2192835736877887
leaf_count=2386 9060 51593 10728 4539 22049 9995 3990 2427 757 77 226 23928 1050 119 11767 2337 8469 49988 2267 618 48437 1017 881 317 18764 1189 6416 1006 2307 2359
internal_value=0 0.084651 0.0815672 0.0753804 0.0711793 0.0845543 0.0494675 0.0410339 0.0696097 0.0252966 -0.0488803 0.0865589 0.0898262 0.0646151 0.051064 0.0368182 0.0242736 0.0757339 0.0993146 0.0731851 0.0659862 0.0705066 0.140647 0.039199 0.0928642 0.0735334 0.0458204 0.0529817 0.0349824 0.0792996
internal_weight=0 5270.91 4091.4 1332.19 1074.1 2759.21 186.249 153.752 326.336 27.6648 11.0416 2432.88 1677.75 87.8018 329.588 151.764 108.774 887.852 86.6068 801.245 496.597 424.895 10.3258 71.7019 258.086 89.2629 67.5838 30.0719 25.1073 755.131
internal_count=301063 276104 224511 175272 146259 49239 28466 24476 11055 1060 303 38184 25097 1169 24959 13192 10855 117793 10119 107674 57686 50335 1898 7351 29013 10249 6733 5580 4574 13087
cat_boundaries=0 2
cat_threshold=1354369601 4194753
is_linear=0
shrinkage=0.1


Tree=83
num_leaves=31
num_cat=1
split_feature=86 86 121 65 226 144 175 216 183 189 196 183 132 237 4 158 127 198 0 188 134 190 74 74 222 144 163 192 122 193
split_gain=35.3817 14.9381 5.38488 5.37519 6.08227 5.9919 5.47874 5.16038 4.84447 4.83266 7.83357 4.78301 4.74438 6.14545 5.02623 4.81727 4.56995 5.28251 4.50162 4.4757 4.46938 6.097 4.44939 4.36878 4.20965 4.92253 4.16602 4.1631 6.95381 4.59167
threshold=-0.92568716406822193 -1.1817154288291929 0.0623261146247387 1.5000000000000002 0.10611053928732873 -0.018045534379780289 0.026439788751304153 -0.086634557694196687 -0.03967048600316047 -0.0073282527737319461 -0.087496511638164506 -0.048332510516047471 -0.010878978762775658 0 0.11814556270837785 0.22500000149011615 0.01319655077531934 -0.12613502144813535 1.0000000180025095e-35 -0.23359211534261701 0.010429709684103729 -0.2089479714632034 0.60397014021873485 0.54465711116790783 -0.037926925346255295 -0.041848951950669282 -0.63036558032035817 -0.015773597173392769 0.0029770545661449437 0.12316504493355752
decision_type=2 2 2 2 2 2 2 2 2 2 2 2 2 9 10 2 2 2 10 2 2 2 2 2 2 2 2 2 2 2
left_child=1 12 -2 4 5 7 20 11 9 -4 -11 -3 14 16 27 -15 17 -14 22 -5 21 -7 -16 -8 -9 26 -26 28 29 -1
right_child=2 3 8 19 -6 6 23 24 -10 10 -12 -13 13 15 18 -17 -18 -19 -20 -21 -22 -23 -24 -25 25 -27 -28 -29 -30 -31
leaf_value=-0.042915167488557497 0.089085452151403705 0.13237644207142538 0.038448756627391584 0.029664035199072448 0.13942844687557412 0.15917539345096643 0.089643150739630251 0.10873388856786169 0.084316807190858822 -0.035381076609384714 0.08784216586484335 -0.057954277901425259 -0.087474499061818645 -0.011051805378448821 -0.11317460544110861 0.035859291624500099 0.079871365750351878 0.049163395545031401 -0.023748428346956615 0.07951396882408171 0.065170868023428669 0.034882641531872573 0.88764291792781236 -0.10626432253987722 0.065329579815139815 0.084543244340605811 -0.029197605047778231 0.098416529430536748 0.08758646811620116 0.17437926154148706
leaf_weight=8.6705803398854204 3247.2304198705374 1.823288621409574 55.540484222575287 18.31871773123612 10.953579775529532 4.0613817817775262 51.883927988654932 48.410481933135543 265.38296218211462 5.6089388291943569 64.328247183775147 4.786387614509521 2.9440776821484169 34.342732375395371 0.075191900048593108 60.370788904398978 65.887978314742668 72.653663231469636 6.587723108251339 1071.3291875185585 110.0888850938984 139.66183209623136 0.10854877057863632 1.1638368860285471 11.683736829619194 69.364223666270391 7.7583495438930177 45.308151484051905 16.783714755366418 1.0953104285331381
leaf_count=710 157485 309 2940 1714 1898 669 4275 3298 14346 671 2836 1219 576 5234 142 4319 4310 5194 954 48194 11809 16598 7 406 313 5774 1621 2387 942 101
internal_value=0 0.0708139 0.0877507 0.0748445 0.0658009 0.0640114 0.0561175 0.0808535 0.0766616 0.0604709 0.0779597 -0.00545128 0.0509536 0.0438707 0.07223 0.0170494 0.0566187 0.0438422 -0.0101315 0.0786759 0.0500088 0.038395 0.47808 0.0853451 0.0850108 0.0720787 0.0276086 0.0799913 0.0485479 -0.0185441
internal_weight=0 1866.12 3638.09 1551.29 461.64 450.686 306.86 143.826 390.861 125.478 69.9372 6.60968 314.828 236.199 78.6292 94.7135 141.486 75.5977 6.77146 1089.65 253.812 143.723 0.183741 53.0478 137.217 88.8063 19.4421 71.8578 26.5496 9.76589
internal_count=301251 122973 178278 98097 48189 46291 33757 12534 20793 6447 3507 1528 24876 19633 5243 9553 10080 5770 1103 49908 29076 17267 149 4681 11006 7708 1934 4140 1753 811
cat_boundaries=0 2
cat_threshold=693164528 1353275
is_linear=0
shrinkage=0.1


Tree=84
num_leaves=31
num_cat=0
split_feature=86 86 170 152 206 157 132 7 93 206 128 156 136 170 192 159 50 17 85 185 205 79 92 95 103 99 67 128 163 229
split_gain=31.9912 10.3571 6.93842 7.38485 10.4023 5.34575 5.91257 5.9156 5.23554 5.90873 9.12745 7.79672 6.42033 5.70301 5.35416 5.33646 6.82559 5.25113 5.20976 5.06803 4.93504 4.9046 4.72149 4.65749 4.55757 4.4145 4.36008 4.35886 4.30429 5.56396
threshold=-1.1157679557800291 -0.6793040633201598 0.48147568106651312 0.069893911480903639 0.12280151993036272 0.53734791278839122 -0.032265162095427506 0.11814556270837785 -0.18261068314313886 -0.027050190605223175 0.011542259715497495 0.29198718070983892 -0.016093481332063671 0.61243727803230297 0.11618836969137193 0.34941963851451879 1.0000000180025095e-35 31.500000000000004 116.50000000000001 -0.081338498741388307 0.076352812349796309 0.020620748400688175 0.89767503738403331 0.23520361632108691 0.084005475044250502 -0.16721098870038983 1.7338067293167116 -0.013208745978772638 0.47833544015884405 0.050996720790863044
decision_type=2 2 2 2 2 2 2 8 2 2 2 2 2 2 2 2 2 2 2 2 2 2 2 2 2 2 2 2 2 2
left_child=21 2 3 5 27 6 7 -2 18 10 -10 12 -12 14 -11 16 -13 25 -4 -8 -18 -1 -7 -16 -25 -14 -27 -5 -24 -30
right_child=1 -3 8 4 -6 22 19 -9 9 13 11 15 17 -15 23 -17 20 -19 -20 -21 -22 -23 28 24 -26 26 -28 -29 29 -31
leaf_value=0.043631324794784439 -0.047618930730311516 0.093321752437632355 0.094981381476222149 0.086934087866385026 -0.11613103303556022 0.088087543865111931 0.10675243334363992 0.06384202878967013 0.078129757912919318 0.08081073820117296 0.10528044768648788 -0.041564005756323623 0.20051428964187648 -0.0044097901012895057 0.1007014437188706 0.047405884816482648 0.11946445071515398 0.33407540040736095 0.23737820537113941 0.081525808914675368 -0.10236724906810282 0.065202560131631185 0.10755040822413996 -0.054583405116632046 0.25528098738342514 0.067481340708836476 0.02536525362729234 0.015245652637315275 -0.070287550287174927 0.09881118095134496
leaf_weight=143.47656477049395 5.160029582031938 1169.3703036272382 155.74146849407316 25.170621701748587 3.5541270156154487 312.81073513111005 101.91998296605948 61.668269439774576 829.56713459496962 1184.3360020197536 39.385630729354943 16.655921473298807 2.1046744655877765 7.4429780084331005 194.92625593509615 75.001486493978518 5.4094476483296594 0.68802915708374612 2.6124119862397484 364.27314459827448 1.2311051300493998 397.20463013734252 296.89305452411645 3.310760693963402 0.55411142642060429 78.923435084963899 35.699675300190393 12.791940419758701 3.1457473550290143 5.1012090928416001
leaf_count=11917 2368 51704 8371 1600 231 3923 8257 5023 44330 63571 4204 1126 252 1635 10769 2770 210 104 129 33432 73 27728 2363 324 58 6664 6845 825 539 137
internal_value=0 0.0850855 0.0825682 0.0888967 0.0474619 0.0903913 0.0830533 0.0552358 0.0797026 0.0785749 0.0730428 0.0565005 0.0703425 0.08289 0.0833598 0.0344202 -0.00738631 0.058623 0.0973305 0.0870409 0.0783386 0.0594784 0.0967207 0.0985461 -0.0101578 0.0569993 0.0543642 0.0627778 0.105571 0.0343096
internal_weight=0 4995.45 3826.08 1192.49 41.5167 1150.97 533.021 66.8283 2633.59 2475.24 1084.67 255.099 156.801 1390.57 1383.13 98.298 23.2965 117.416 158.354 466.193 6.64055 540.681 617.951 198.791 3.86487 116.728 114.623 37.9626 305.14 8.24696
internal_count=301482 261837 210133 58698 2656 56042 49080 7391 151435 142935 66578 22248 18069 76357 74722 4179 1409 13865 8500 41689 283 39645 6962 11151 382 13761 13509 2425 3039 676
is_linear=0
shrinkage=0.1


Tree=85
num_leaves=31
num_cat=1
split_feature=86 86 17 12 12 17 183 235 208 229 93 157 65 204 126 169 165 164 171 63 101 182 107 95 177 174 134 228 68 192
split_gain=31.344 13.2308 5.59626 7.59287 5.18007 5.98034 6.66087 6.15996 6.75654 5.72724 5.17521 6.60534 6.22935 7.08347 6.67421 7.3294 6.27884 6.18075 6.14399 5.89989 5.63414 5.62617 6.10346 5.12772 5.01221 4.91857 4.8163 4.81434 4.61644 5.81028
threshold=-1.1157679557800291 -0.79820320010185231 8.5000000000000018 64.500000000000014 190.50000000000003 5.5000000000000009 -0.083043854683637605 0 -0.070323191583156572 -0.045715138316154473 0.16779790818691256 0.65620106458663952 76.500000000000014 0.044229073449969299 -0.038089830428361886 8.5000000000000018 61.000000000000007 0.89587974548339855 0.007610822096467019 -0.11469702795147894 -0.20731339603662488 -0.1114361174404621 -0.034129504114389413 -0.11829098686575888 0.079071406275033965 -0.15543737262487409 -0.02230548299849033 0.068078592419624342 37.553770065307624 0.26124556362628942
decision_type=2 2 2 8 8 2 2 1 2 2 2 2 2 2 2 2 2 2 2 2 2 2 2 2 2 2 2 2 2 2
left_child=4 10 -3 -4 5 6 9 -7 -9 -1 11 12 13 17 16 21 -15 -2 27 20 -14 -16 -23 -8 -21 -22 -18 -12 29 -24
right_child=1 2 3 -5 -6 7 23 8 -10 -11 18 -13 19 14 15 -17 26 -19 -20 24 25 22 28 -25 -26 -27 -28 -29 -30 -31
leaf_value=-0.08236329034855791 -0.058175029672743808 0.088288139665897103 0.023806915919777946 0.1038190286553175 0.064294214326885049 -0.032617656244340133 0.059848664499067408 -0.061886159988964365 0.098882633858645819 0.10314073784525893 0.088186905827154438 0.097549685059183114 0.20160501179445298 -0.091965734064842153 -0.0075258980693638754 0.0012902233002294919 -0.07014687915259421 0.081773521406229677 0.0653330538818781 0.10261744900538557 0.015542159720007796 0.024305430663785023 0.094602222064625208 -0.015348686303170243 0.075757959673670355 0.074948088539683197 0.050313884091255139 0.050215481902665185 0.067363926628374204 0.42658139327898531
leaf_weight=1.9099049420387917 3.1667928066002551 1877.0358222044547 12.237304950288943 384.9472645463984 432.04316715271625 5.0770267321918254 11.974861390070144 2.8525572480671135 31.269861696502176 12.943701087443058 280.58828632979203 266.8293458620501 3.1231899303184028 3.9362024150145762 8.193811525271256 14.688794495299701 3.6284383398960918 905.86796407526333 428.84483597144913 285.60106557601193 16.655345347813181 20.344721961163259 108.44702931946347 37.358509658759431 91.80953964406126 85.404499318573016 38.933979943088389 37.900766113060399 112.91818234295374 0.52977582121820788
leaf_count=683 1069 88864 5688 10532 16363 1352 1857 997 5003 1802 24130 1666 104 834 1395 1525 699 59612 17691 11602 1278 2106 7212 11531 4638 3986 4081 3899 9046 183
internal_value=0 0.0849423 0.09057 0.101354 0.0594827 0.0393756 0.0205804 0.0701518 0.0854427 0.0792883 0.0802324 0.0829202 0.0806284 0.0768258 0.0638151 0.069944 0.0288697 0.081286 0.0731469 0.0902465 0.0693022 0.0739708 0.0767274 0.00290423 0.0960836 0.0652535 0.0400446 0.0836682 0.0815338 0.0962161
internal_weight=0 4991.63 2274.22 397.185 535.43 103.386 64.187 39.1994 34.1224 14.8536 2717.41 1970.08 1703.25 1220.66 311.621 265.122 46.4986 909.035 747.334 482.594 105.183 250.434 242.24 49.3334 377.411 102.06 42.5624 318.489 221.895 108.977
internal_count=301428 261840 105084 16220 39588 23225 15873 7352 6000 2485 156756 111036 109370 87762 27081 21467 5614 60681 45720 21608 5368 19942 18547 13388 16240 5264 4780 28029 16441 7395
cat_boundaries=0 1
cat_threshold=2
is_linear=0
shrinkage=0.1


Tree=86
num_leaves=31
num_cat=0
split_feature=171 88 17 103 63 166 158 154 168 231 153 153 164 190 197 231 154 12 97 210 145 223 206 90 106 94 233 115 77 201
split_gain=18.653 10.4141 7.85832 6.74115 6.39659 5.53419 5.24383 5.09137 5.06781 5.04966 10.7205 6.62006 7.73 7.41377 5.48893 5.34948 6.1706 5.17434 6.1104 4.82165 4.70943 6.48006 4.67402 4.62974 6.28404 4.59693 4.65334 5.44467 4.57451 4.48465
threshold=0.33477982878685003 0.81454268097877514 8.5000000000000018 0.10245418176054956 0.5599481761455537 0.34163999557495123 0.22500000149011615 -0.046362698078155511 2.8365429639816289 -0.029939825646579262 -0.019659618847072121 0.00095078357844613503 4.1190040111541757 -0.02960582077503204 -0.0068716546520590773 -0.08040610700845717 0.02045251335948706 200.50000000000003 -0.035959344357252114 0.091444209218025221 -0.034386139363050454 0.096807148307561888 -0.021082663908600804 1.6092258691787722 -0.017656313255429264 0.12161566317081453 0.059886116534471519 0.065189588814973845 0.26939800381660467 -0.14296221733093259
decision_type=2 2 2 2 2 2 2 2 2 2 2 2 2 2 2 2 2 8 2 2 2 2 2 2 2 2 2 2 2 2
left_child=1 2 3 9 -4 -3 8 -2 -5 11 19 -1 13 -13 -12 16 17 18 -14 -11 21 -16 25 24 -15 26 -8 -28 -17 -10
right_child=7 5 4 6 -6 -7 22 -9 29 10 14 12 15 23 20 28 -18 -19 -20 -21 -22 -23 -24 -25 -26 -27 27 -29 -30 -31
leaf_value=0.098902592596536637 0.038112743563868519 -0.00098309523036353534 0.096561636512830784 -0.0060653001738009762 0.053620016196985268 0.067430377372404537 0.068894445732737924 0.06855703595299531 -0.001097951686746769 0.067641332425337972 0.079445192210447352 0.062151407022238342 0.064791772295394373 -0.014905055341544635 0.11098150767978102 0.084742398856327866 0.0051872674864271327 0.08026723702017817 -0.056981480110993181 0.021412149313526387 0.087639275182406773 -0.042351918509128034 0.091657533803666105 0.11290589826285846 0.10553400224202324 0.10263168694698009 -0.016859987257422694 0.11022543004773255 0.0054945996697634038 0.069144226614862664
leaf_weight=560.7504067686391 62.386858091715112 12.535464222541576 784.60761574407024 9.9936963137016601 36.293611459406748 208.38510155779068 127.25348701984399 459.68615480381595 9.4402466381020513 204.82256042058953 872.81424220446502 45.605213722240705 10.961937955692976 6.9729172265401784 129.98621321849248 233.34462286870439 20.033088130540818 64.218138076580544 6.6026063476190293 25.354010271400284 960.53517715655983 2.815874234209331 221.49266959629767 158.12103441494037 11.439036423286323 34.762892307519223 13.588836578244356 4.4834364494590764 7.5187035749577253 244.53079655697354
leaf_count=22746 3923 4833 35474 2048 2178 11086 6135 27985 1169 12957 51849 6490 1018 907 4867 8461 1187 2323 950 1789 49949 372 9971 9166 817 1260 1035 272 371 17911
internal_value=0 0.0847779 0.0857533 0.083919 0.0946631 0.0635485 0.0747331 0.064919 0.0637847 0.0857594 0.0829683 0.0912057 0.0835643 0.0980943 0.0853588 0.0741453 0.0549281 0.0671124 0.0190166 0.0625492 0.0900796 0.10773 0.0819296 0.10738 0.0599217 0.0699651 0.062151 0.0146678 0.0822686 0.0665333
internal_weight=0 5029.26 4808.34 3987.44 820.901 220.921 665.546 522.073 263.965 3321.9 2196.33 1125.57 564.817 222.138 1966.15 342.679 101.816 81.7827 17.5645 230.177 1093.34 132.802 401.581 176.533 18.412 180.089 145.326 18.0723 240.863 253.971
internal_count=301499 269591 253672 216020 37652 15919 39801 31908 21128 176219 121783 54436 31690 17380 107037 14310 5478 4291 1968 14746 55188 5239 18673 10890 1724 8702 7442 1307 8832 19080
is_linear=0
shrinkage=0.1


Tree=87
num_leaves=31
num_cat=0
split_feature=86 86 17 157 194 159 157 128 155 0 66 104 201 162 202 120 224 131 175 118 233 214 221 157 93 224 102 214 117 174
split_gain=33.4104 11.7135 6.06997 5.30183 5.0507 4.91847 4.81313 4.60644 4.26924 4.17007 4.19677 4.2002 4.23076 4.16892 4.26941 4.11867 4.12444 5.2636 4.10869 4.04487 3.78187 3.87044 4.11793 3.73923 6.75967 3.89022 4.16701 3.73067 3.75267 3.7056
threshold=-1.1157679557800291 -0.82948100566864003 8.5000000000000018 0.38645555078983312 -0.13191440701484677 1.0632061958312991 0.68542924523353588 0.045790137723088271 0.027843085117638115 0.25658351182937628 0.12846396118402484 -0.13627317547798154 0.010286363773047926 31.315922737121586 -0.16740599274635312 -0.018766416236758229 0.10277116298675538 -0.014683414250612257 0.61647737026214611 -0.0044575864449143401 -0.027872744016349312 -0.09007264673709868 0.070648822933435454 0.51096853613853466 0.2839281708002091 0.025286278687417511 0.012487550731748344 0.089223988354206099 -0.050963189452886574 -0.31608724594116205
decision_type=2 2 2 2 2 2 2 2 2 10 2 2 2 2 2 2 2 2 2 2 2 2 2 2 2 2 2 2 2 2
left_child=-1 3 6 -2 5 27 9 -8 29 10 -3 12 -12 -10 -15 -11 23 -18 -6 -7 -16 22 -22 25 -25 -17 -27 28 -5 -4
right_child=1 2 8 4 18 19 7 -9 13 15 11 -13 -14 14 20 16 17 -19 -20 -21 21 -23 -24 24 -26 26 -28 -29 -30 -31
leaf_value=0.058365909924108152 0.027943258268528316 0.017728362923258977 0.024545547382035897 0.13352474066849718 0.077768527791542946 0.011007098520493383 0.10359260030358815 0.044750384652284224 -0.13743829723775924 0.1033918029248132 0.073749017520636742 0.083573588415496627 0.0076444121374808416 -0.13068464568153243 0.0020623298465710371 0.046557065535609711 -0.044353171138306446 0.073874010311136815 0.12907529099502599 0.080058678165275732 -0.12787996206314953 0.10251535908962398 0.094903042208224875 0.093714307107078343 -0.16126174143945135 0.12502705381888449 -0.0033676871448427184 0.12657918511759789 0.087297959495470007 0.10304406745851669
leaf_weight=542.02246343035313 19.890880698468209 10.071502086388362 6.0967264453365706 20.099952342922279 2044.386504529529 10.828266021428133 226.13991031514888 14.135789492836919 0.96268284330653742 209.83341772342169 29.638341769550607 1276.3564005757262 14.378830577197276 1.001664828455431 5.5594757988287702 38.152169609963948 5.3102336367655907 12.947073182933307 15.728338799715173 39.169714017052456 1.5839215155538071 29.975486938839371 1.7423806166334541 290.19542896975327 1.0434832059290773 14.808282411735492 3.0480129345041851 42.204522405930675 139.03232536770042 441.1599591752456
leaf_count=39529 15454 1108 317 668 109023 784 910 82 90 9853 1748 69841 1632 116 512 7372 681 695 766 1614 165 1028 20 7459 94 2003 818 1531 7400 17791
internal_value=0 0.0845133 0.0890826 0.0793506 0.079793 0.0931759 0.0867933 0.100131 0.0991484 0.0851118 0.0820357 0.0825262 0.052155 0.0681927 0.0731586 0.0922251 0.0858143 0.039487 0.0781602 0.0651039 0.0784128 0.0911589 -0.011182 0.0882501 0.0928008 0.0645871 0.10311 0.100147 0.0931369 0.101974
internal_weight=0 4965.48 2634.14 2331.34 2311.45 251.335 2146.06 240.276 488.082 1905.78 1330.45 1320.37 44.0172 40.8256 39.8629 575.338 365.505 18.2573 2060.11 49.998 38.8613 33.3018 3.3263 347.247 291.239 56.0085 17.8563 201.337 159.132 447.257
internal_count=301104 261575 124335 137240 121786 11997 104296 992 20039 103304 74329 73221 3380 1931 1841 28975 19122 1376 109789 2398 1725 1213 185 17746 7553 10193 2821 9599 8068 18108
is_linear=0
shrinkage=0.1


Tree=88
num_leaves=31
num_cat=0
split_feature=86 86 86 132 199 147 227 12 13 170 129 156 162 71 66 205 130 101 157 170 77 154 212 66 194 113 125 133 111 0
split_gain=34.3867 11.56 5.89221 6.80897 4.7043 4.86023 4.7285 4.45081 4.19765 4.9605 4.12949 4.68221 4.49304 4.78971 5.21893 6.01161 4.10789 4.06721 4.02988 4.73461 5.07664 5.80989 5.51587 5.16597 6.02695 8.08677 6.13142 5.651 7.65739 5.79182
threshold=-1.0720092654228208 -0.81289151310920704 -1.1817154288291929 -0.010878978762775658 -0.0094763822853565199 -0.0128570687957108 0.038958327844738967 27.500000000000004 0.019769410602748397 0.51710355281829845 0.0063378438353538522 0.15266007184982303 82.367805480957045 0.15590278059244159 6.3889720439910898 0.045599946752190597 -0.041466334834694855 0.076305728405714049 0.54140940308570873 0.46188353002071386 0.095695972442626967 0.04607451148331166 0.060902539640665061 0.44292262196540838 -0.033792302012443536 0.092086352407932295 -0.041673500090837472 -0.017398085445165631 0.037910327315330512 0.19664435833692553
decision_type=2 2 2 2 2 2 2 8 10 2 2 2 2 2 2 2 2 2 2 2 2 2 2 2 2 2 2 2 2 8
left_child=2 -2 3 4 -1 -6 -7 -4 -9 -10 11 17 -13 18 15 -15 -11 -3 -14 -20 21 23 -23 -21 26 -26 -25 -28 29 -29
right_child=1 10 7 -5 5 6 -8 8 9 16 -12 12 13 14 -16 -17 -18 -19 19 20 -22 22 -24 24 25 -27 27 28 -30 -31
leaf_value=0.10197862048782831 0.080514120356185104 0.10601875126035763 -0.0827847280794895 0.043883397188792056 -0.08047061149820342 0.076517552894536933 -0.024800392569303359 0.054191263509292077 0.086527712593665096 -0.0057242496191053744 0.084533703574086821 0.095427665389028832 0.061197487455412626 0.048239191750670013 0.11345011795069766 -0.076203205258980389 0.066116844354828161 0.061261912106556106 0.11432463674293863 0.032489094303772954 0.10055517974616948 -0.10943012618664881 0.10002750921801483 -0.14672970025933077 0.099273626510349711 -0.11354081606380112 0.093772575970835603 -0.12490176139843523 0.078564307583477905 0.02002636087345382
leaf_weight=39.779603692572891 2275.2949700354361 339.2965509840019 1.8929731141658965 238.1289049213683 2.5307561355120916 33.438410381992071 5.3421921541043949 112.3438224487727 198.63564112679933 8.5152649525291491 804.33459296057663 754.050402585337 59.227848004770749 15.952416902389819 7.855557803548435 5.1304815265684729 121.89930132746395 21.596162895863927 63.173239543481031 22.081201562308706 133.22416495538891 3.2109646873395823 2.0663155949732754 1.3747364823866508 133.59330299640715 1.8097417670942366 39.871975131471117 3.2789613516069975 26.024203834851505 17.337817893887404
leaf_count=2402 131991 38532 5975 19637 308 1888 677 10557 7037 674 37284 20705 6381 561 396 239 5451 2707 548 378 1953 170 29 67 2822 54 547 205 368 562
internal_value=0 0.0856489 0.062765 0.0524061 0.0774335 0.0537984 0.0625606 0.0702247 0.0708809 0.076579 0.0904088 0.0932724 0.0904542 0.0834471 0.0438789 0.0179564 0.0614261 0.10334 0.0857088 0.0889562 0.0847814 0.0763974 -0.0274171 0.0786301 0.083193 0.0964292 0.0628009 0.0661304 0.0424999 -0.00302349
internal_weight=0 4729.79 762.507 319.22 81.091 41.3114 38.7806 443.287 441.394 329.05 2454.49 1650.16 1289.26 535.213 28.9385 21.0829 130.415 360.893 506.274 447.047 383.873 250.649 5.27728 245.372 223.291 135.403 87.8877 86.513 46.641 20.6168
internal_count=301105 246499 54606 24912 5275 2873 2565 29694 23719 13162 114508 77224 35985 15280 1196 800 6125 41239 14084 7703 7155 5202 199 5003 4625 2876 1749 1682 1135 767
is_linear=0
shrinkage=0.1


Tree=89
num_leaves=31
num_cat=0
split_feature=86 86 158 149 227 145 114 170 93 191 125 108 12 12 208 13 122 85 157 113 227 17 158 161 148 157 2 103 233 123
split_gain=34.7449 15.1321 4.97301 7.87341 5.05917 4.94358 4.73635 4.54863 9.13945 6.39785 5.00277 4.9046 6.19085 8.55762 5.24485 4.38282 4.46546 5.15018 5.45662 4.44955 4.27203 5.56475 4.81047 4.86734 4.36816 4.22955 5.40769 5.06717 4.98221 5.42815
threshold=-1.1529442071914671 -0.82948100566864003 0.29166667163372045 -0.025784237310290333 0.038958327844738967 0.016729770228266719 0.01419672602787614 0.54225957393646251 0.30615940690040594 0.047380724921822555 0.028631368651986126 -0.04474773816764354 245.50000000000003 474.50000000000006 -0.11076712235808371 0.078278187662363066 0.039265802130103118 116.50000000000001 0.68542924523353588 0.092086352407932295 -0.098732497543096528 6.5000000000000009 1.0000000180025095e-35 3.7715096473693852 -0.016601190902292725 0.50392878055572521 1.0000000180025095e-35 0.031487405300140388 0.053489506244659431 0.016824462451040748
decision_type=2 2 2 2 2 2 2 2 2 2 2 2 8 10 2 10 2 2 2 2 2 2 2 2 2 2 8 2 2 2
left_child=-1 2 3 4 -2 6 -6 25 10 -10 15 -12 -13 14 -14 16 17 18 19 -9 21 22 -5 -24 -23 -3 27 -27 29 -29
right_child=1 7 -4 20 5 -7 -8 8 9 -11 11 12 13 -15 -16 -17 -18 -19 -20 -21 -22 24 23 -25 -26 26 -28 28 -30 -31
leaf_value=0.053817711479202571 0.10065458682969666 0.080769170226346457 0.083674759373272817 -0.0050459655299597691 0.091338512829828716 -0.099525302821570336 0.0025211948886011935 0.073765790955183458 -0.12467462119205613 0.073466139839269168 0.09893558232224578 0.07926885286061347 -0.14458448952264116 0.093763474115267059 0.018884454829008711 0.10759724102282489 0.11205397852473156 0.14639989849937823 0.099662558304036586 -0.029940081599099801 0.072662484050209239 0.04169981431339196 0.097414781126092045 -0.023252409191904404 -0.11786837705939107 0.12667925143007616 0.092488248366590142 0.083387576133117425 0.12682047572877353 -0.021024856230917197
leaf_weight=394.3917026087438 159.75839815046129 269.43898839804524 1176.7105836704168 9.3651400805524627 21.881608687401926 1.8954993678369181 8.2745783973602993 288.21983193023516 3.5717215237636983 2.9970345987130713 42.745670986854293 73.763208198148277 2.0669647701697604 17.748624422656576 38.923927541783542 101.93255706920809 52.567769924592085 11.709820774211947 96.859030395702575 4.1974790573040073 1056.9205795647044 3.265343952367175 21.594633878864219 3.9550582821420894 3.6146308200288777 93.373903214668644 1512.2398645696176 28.103086615071334 20.961755019417978 6.0511502656881921
leaf_count=29803 10633 57118 51394 1601 1866 328 1117 17276 486 287 2066 5172 135 344 1642 2730 2590 415 373 555 76465 479 1682 1060 572 5611 22703 2750 1040 965
internal_value=0 0.0846177 0.0789731 0.0746861 0.0933802 0.0571217 0.0669679 0.0898386 0.0831573 -0.0342717 0.0842129 0.0694818 0.0599799 0.0357575 0.0106415 0.0888603 0.0846494 0.0810567 0.0790911 0.0722772 0.0714225 0.0400655 0.0562631 0.0787357 -0.0421348 0.0923908 0.0942764 0.112487 0.0884426 0.0648887
internal_weight=0 5134.71 2467.24 1290.53 191.81 32.0517 30.1562 2667.47 737.304 6.56876 730.735 175.248 132.503 58.7395 40.9909 555.486 453.554 400.986 389.276 292.417 1098.72 41.7948 34.9148 25.5497 6.87997 1930.17 1660.73 148.49 55.116 34.1542
internal_count=301258 271455 147197 95803 13944 3311 2983 124258 34071 773 33298 9359 7293 2121 1777 23939 21209 18619 18204 17831 81859 5394 4343 2742 1051 90187 33069 10366 4755 3715
is_linear=0
shrinkage=0.1


Tree=90
num_leaves=31
num_cat=0
split_feature=88 171 88 104 157 76 8 171 185 65 107 66 3 6 157 135 94 73 2 134 114 231 178 154 109 156 17 175 159 181
split_gain=14.6605 8.28477 5.79924 5.69582 5.20017 7.88268 7.0327 5.4791 5.21842 5.19132 5.12253 5.29487 4.85893 4.80419 4.79473 4.61268 5.22706 5.77129 4.65448 4.59586 5.01759 5.07593 4.51903 4.92245 5.30692 5.68084 5.14569 4.40677 5.92313 4.36962
threshold=0.72487875819206249 -0.0723384954035282 0.81454268097877514 -0.037864819169044488 0.42071738839149481 0.40270270407199865 1.0000000180025095e-35 0.44739343225955969 0.1279983073472977 84.500000000000014 -0.071118749678134904 0.28723900020122534 0.17411248385906222 0.19399641454219821 0.65620106458663952 -0.025785712525248524 -0.11437755078077315 0.056258901953697212 0.040312498807907111 -0.011142661795020102 0.041354032233357436 0.0069611656945198783 -0.062907107174396501 -0.01940247323364019 -0.037435052916407578 0.27311578392982488 5.5000000000000009 -0.069113355129957185 0.21847082674503329 -0.03488322161138057
decision_type=2 2 2 2 2 2 10 2 2 2 2 2 8 10 2 2 2 2 8 2 2 2 2 2 2 2 2 2 2 2
left_child=4 2 12 15 5 -1 -7 8 14 -9 11 -10 -2 -14 -6 18 17 -17 -3 -18 -21 -22 -5 26 25 -25 -24 28 -26 -20
right_child=1 3 -4 22 7 6 -8 9 10 -11 -12 -13 13 -15 -16 16 19 -19 29 20 21 -23 23 24 27 -27 -28 -29 -30 -31
leaf_value=0.05020117777219512 0.071707856442176796 0.093320670818145893 0.058869266892363263 0.089992084626438457 0.08430269138026418 1.3847270119188264 0.23695816429756303 0.082641677905550659 0.12166901793682004 0.046707330653159254 0.099173526042352328 -0.089106612761798251 0.087256731666321558 0.15909146298210619 0.095308606703558021 0.0079163414451633683 0.039789519705530761 0.13266863548090635 0.089004951143739797 0.05565777003246819 0.043873721355982997 0.11546878786362479 0.073383831232297886 0.052869151338260423 -0.069028187281253914 -0.050608070441934029 0.10912248169491848 0.072633208021051193 0.050691709229205885 0.036001694824060154
leaf_weight=45.299048448563781 232.0585846608634 84.423995213096305 96.19596531729394 185.51638174353445 2004.2830379893176 0.080908327413452663 0.15692558317255134 116.03709195033662 2.0110958225068307 61.516382040263579 454.47517630460197 2.9256568445625817 824.49585166407394 9.416362433456241 493.24531749304879 4.7615474768963422 136.10851282145472 16.764691791595169 26.27260940673159 186.22870650530535 14.531633606218746 31.086744751833521 138.17896206624482 15.673345534540092 4.7445262558403547 8.0203627872142516 56.867384077122097 220.88660839674685 32.039265173447802 38.12392362618084
leaf_count=30821 23505 5071 8276 9753 100024 47 298 8339 40 3366 16645 515 34398 1363 2709 315 9111 1437 1825 11636 1341 1355 7551 1445 754 332 2352 11762 2479 2440
internal_value=0 0.0763662 0.0823843 0.0705389 0.0867661 0.0532159 0.627416 0.0872535 0.088278 0.0701916 0.098073 -0.00324248 0.0845063 0.0880679 0.0864763 0.0628998 0.0571778 0.105074 0.0778752 0.0543758 0.0629388 0.0926623 0.0767512 0.0715951 0.0631319 0.0178419 0.0838037 0.0672965 0.0352497 0.0576261
internal_weight=0 2362.4 1162.17 1200.23 3180.03 45.5369 0.237834 3134.49 2956.94 177.553 459.412 4.93675 1065.97 833.912 2497.53 538.302 389.482 21.5262 148.821 367.956 231.847 45.6184 661.927 476.41 281.364 23.6937 195.046 257.67 36.7838 64.3965
internal_count=301305 138501 67542 70959 162804 31166 345 131638 119933 11705 17200 555 59266 35761 102733 34531 25195 1752 9336 23443 14332 2696 36428 26675 16772 1777 9903 14995 3233 4265
is_linear=0
shrinkage=0.1


Tree=91
num_leaves=31
num_cat=0
split_feature=86 86 120 67 158 7 210 136 171 86 223 145 129 173 111 133 12 103 74 86 7 15 211 196 144 172 219 85 219 171
split_gain=38.6648 17.4442 5.08089 6.78449 5.60332 5.0206 4.61317 4.34783 4.65248 4.15836 4.63627 8.08854 4.49058 4.44847 4.32073 4.31117 4.82895 4.2081 4.06165 3.95268 3.9907 3.94179 5.04678 4.94074 3.93479 5.19205 5.0309 4.21986 5.52869 4.34472
threshold=-1.1157679557800291 -0.82948100566864003 0.029140494763851169 4.0031672716140756 0.18333333730697635 0.15201287716627124 0.039929306134581573 0.019172642379999164 0.25447581708431249 -0.57369077205657948 -0.058734931051731103 0.002507409313693643 0.0063378438353538522 0.31048737466335302 0.065261241048574462 0.032688260078430183 22.500000000000004 0.084005475044250502 0.6557319462299348 -1.1817154288291929 0.091372914612293257 1.0000000180025095e-35 1.0000000180025095e-35 -0.093395482748746858 -0.0070935827679932109 -0.037200786173343652 0.063560996204614653 24.500000000000004 0.12666144222021106 -0.12420679256319998
decision_type=2 2 2 2 2 8 2 2 2 2 2 2 2 2 2 2 8 2 2 2 8 2 2 2 2 2 2 2 2 2
left_child=2 18 4 6 5 7 -4 -1 -9 12 11 13 15 -11 -13 16 -3 -12 -2 20 -6 22 23 -17 27 26 -26 28 -22 -29
right_child=1 9 3 -5 19 -7 -8 8 -10 10 17 14 -14 -15 -16 21 -18 -19 -20 -21 24 -23 -24 -25 25 -27 -28 29 -30 -31
leaf_value=-0.046382908940413692 0.079026133532645676 -0.00042942276645914788 0.094339959830059661 -0.090786184470179859 -0.016513626931831279 0.04753974147824299 0.038862441555633509 0.045719966702481817 -0.10609759657881064 0.11088728159770359 0.10562230635586892 0.054534704493194031 0.082164217076226537 0.036244185924792061 -0.060605438686107571 -0.054265279707158047 0.090737611620563374 0.070417921252399054 0.0091306962973918496 0.071648446246148786 -0.075522234209293215 0.19587715263076041 0.12335760332702075 0.086849168882697531 0.015718154331306404 0.049761213850873308 -0.11451502678931483 0.10308594292044458 0.17651975261297953 0.05729380369105426
leaf_weight=12.883420575768467 2328.3213759195287 5.8365567631710737 70.152625922795778 2.3184506238885652 8.7463705174759507 60.034938131232366 19.061367153927677 17.534051162555901 2.2811694790261745 58.954342534606894 414.34135707462156 37.020589911060142 719.21730245292497 9.2348841488510498 3.573760243232754 2.7009228197703115 1277.2700921784931 36.984958506694966 8.3436850340704023 132.07141565150846 4.1348633998068172 5.2650106808787305 64.482893179198982 30.488745846826532 16.699444553923062 72.903745223095939 3.6068798697051525 28.233228630239864 1.1023371550254522 77.854916334863447
leaf_count=2865 136501 11841 3524 813 3873 6296 1304 2504 290 2034 16212 2204 34728 299 337 373 50127 1807 807 8128 369 181 2297 1777 1482 2649 282 1437 18 3688
internal_value=0 0.0850837 0.0566699 0.0780978 0.0521928 0.0303677 0.0824867 -0.00116032 0.0282424 0.090613 0.0982707 0.0797392 0.0885757 0.100778 0.0443982 0.0919026 0.0903229 0.102737 0.0787766 0.0580532 0.0496346 0.111593 0.10705 0.0753655 0.0524632 0.0373052 -0.00741432 0.0651546 -0.0224719 0.0694805
internal_weight=0 5002.04 529.619 91.5324 438.087 92.7336 89.214 32.6986 19.8152 2665.37 560.11 108.784 2105.26 68.1892 40.5944 1386.04 1283.11 451.326 2336.67 345.353 213.282 102.938 97.6726 33.1897 204.535 93.2101 20.3063 111.325 5.2372 106.088
internal_count=301047 261525 39522 5641 33881 11955 4828 5659 2794 124217 22893 4874 101324 2333 2541 66596 61968 18019 137308 21926 13798 4628 4447 2150 9925 4413 1764 5512 387 5125
is_linear=0
shrinkage=0.1


Tree=92
num_leaves=31
num_cat=0
split_feature=86 86 86 88 103 163 105 0 17 213 135 134 113 0 191 3 86 181 153 12 66 231 180 230 190 88 63 6 121 135
split_gain=37.8004 11.5338 5.58635 5.12859 4.7607 5.25813 4.70044 5.79493 4.67105 4.67709 5.65044 6.02398 4.62697 6.19053 5.30272 4.37913 4.31141 4.33774 4.27585 4.23694 4.12305 4.05173 4.01707 3.95308 3.9365 4.39469 3.80804 4.20198 3.89345 3.80418
threshold=-1.0720092654228208 -0.79820320010185231 -1.1817154288291929 0.67721292376518261 0.072982136160135283 -0.77014034986495961 0.18300449848175052 0.16282923519611361 15.500000000000002 0.042333602905273444 0.0081804823130369204 0.037931431084871299 0.047671629115939147 0.20550528168678286 -0.10550474002957343 0.3647450208663941 -0.75255382061004628 -0.041988259181380265 -0.029532106593251225 341.00000000000006 0.40247765183448797 0.0093692904338240641 0.24076420813798907 0.10478006303310396 -0.19195268303155896 0.78880721330642711 0.019811251200735572 0.13373984396457675 0.079121366143226637 -0.023645249195396897
decision_type=2 2 2 2 2 2 2 10 2 2 2 2 2 8 2 10 2 2 2 10 2 2 2 2 2 2 2 10 2 2
left_child=2 8 21 20 5 15 22 -8 9 -2 11 26 -7 14 -14 -3 17 -15 -16 -9 -4 -1 -5 -10 25 -23 27 29 -29 -11
right_child=1 4 3 6 -6 12 7 19 23 10 -12 -13 13 16 18 -17 -18 -19 -20 -21 -22 24 -24 -25 -26 -27 -28 28 -30 -31
leaf_value=0.041800694544393557 0.077801125537812557 0.084400630462196535 0.093024934024374256 0.070554273119772581 0.082566875238480622 0.099002200529522633 0.08893400859825816 -0.12476495275972294 0.10716563959960167 0.00925663685427504 0.098141461665173957 0.11124618840274794 -0.070017808871271583 -0.03416612416332606 -0.04177004371275847 -0.040406436218392079 0.076366441634272988 0.066806778406884801 0.11164495311065258 0.033730309493228236 -0.01045069474537156 0.14952685628473802 0.1054586379936501 -0.0042147401600446102 0.059367447620599346 0.0018276854017796305 0.083194754464244791 0.10721278928783358 -0.079764774223802848 0.06033894368054063
leaf_weight=175.2454047282481 1731.7782276142941 394.55819068990149 5.3642981385665989 360.56274888563939 495.4078165751157 1174.3164935017051 5.2769441275331683 3.6154059530272207 90.531178084741441 17.849155172761584 289.50031526023599 50.263692119078087 1.7076030361972687 7.5608865710491981 1.8599984655402284 2.8314910527387829 110.07276073113144 9.7292635906151173 78.06982586505751 3.1615115319873439 13.647469707472395 9.636740601528798 36.291078022011561 3.3027807887001464 138.81746658455631 2.5469495257320878 176.26743139737778 22.495207316503187 1.1716747908712921 79.567395936435787
leaf_count=13864 98179 12823 242 24999 23559 57290 460 419 4196 2419 14471 2149 606 687 221 307 5181 753 3675 87 1499 293 2002 264 10381 317 12423 1659 249 5732
internal_value=0 0.0861059 0.0620022 0.0695171 0.0912376 0.0936498 0.0718776 0.0103587 0.081363 0.0804962 0.087822 0.0792278 0.0965623 0.0828533 0.10435 0.0835114 0.0690744 0.0226519 0.108075 -0.0508251 0.0187456 0.0521453 0.0737462 0.103245 0.0641508 0.118651 0.0738154 0.0601614 0.0979561 0.0509794
internal_weight=0 4738.84 754.166 427.919 2276.11 1780.71 408.908 12.0539 2462.73 2368.89 637.115 347.615 1383.32 209 81.6374 397.39 127.363 17.2902 79.9298 6.77692 19.0118 326.247 396.854 93.834 151.001 12.1837 297.351 121.083 23.6669 97.4166
internal_count=301406 246843 54563 29708 105102 81543 27967 966 141741 137281 39102 24631 68413 11123 4502 13130 6621 1440 3896 506 1741 24855 27001 4460 10991 610 22482 10059 1908 8151
is_linear=0
shrinkage=0.1


Tree=93
num_leaves=31
num_cat=0
split_feature=86 86 157 156 208 8 178 160 90 166 130 4 184 175 17 197 178 65 149 157 93 119 233 213 204 11 81 156 8 66
split_gain=32.307 10.3427 5.0427 5.50883 8.65512 5.65074 5.61699 5.36433 5.81059 5.36263 5.9069 5.08887 4.90368 4.7658 4.76281 4.73168 4.39293 5.62622 4.28818 4.27563 4.79453 4.48577 5.69817 5.33339 4.73587 4.30157 4.23655 5.0565 6.06946 4.86296
threshold=-1.0720092654228208 -0.82166236639022816 0.42538760602474218 0.17480158805847171 -0.0098420460708439333 0.073368888348341002 0.076549075543880477 1.0000000000000002 1.5524578690528872 0.89823457598686229 -0.0083079319447278959 0.11149961128830911 0.0062282029539346704 0.61647737026214611 8.5000000000000018 0.13227168470621112 0.37573242187500006 103.50000000000001 -0.025784237310290333 0.55918172001838695 0.30615940690040594 -0.022275821305811402 -0.027872744016349312 0.1016453765332699 0.10213652253150941 0.035386415198445327 0.06138147599995137 0.24305019527673724 0.18482562899589541 7.9405052661895761
decision_type=2 2 2 2 2 10 2 2 2 2 2 8 2 2 2 2 2 2 2 2 2 2 2 2 2 10 2 2 10 2
left_child=2 13 -1 4 9 6 -6 19 -9 10 -4 -12 15 18 16 -10 26 -18 -2 21 -21 23 -23 24 -5 -22 27 -3 29 -29
right_child=1 14 3 7 5 -7 -8 8 12 -11 11 -13 -14 -15 -16 -17 17 -19 -20 20 25 22 -24 -25 -26 -27 -28 28 -30 -31
leaf_value=0.022965195476619776 0.090892140429360793 0.099933584970188769 0.062353772519256223 -0.046935509330811517 -0.0090964621586936533 0.10315438139896582 0.10883182605781652 -0.028843812509045049 0.038063851450565817 0.087929900441166539 0.034591452181149 -0.060271179900888365 0.067824559166366968 0.12387334129968725 0.099558713270962773 -0.065112294807696716 0.05965127428266024 -0.12803663357318004 0.0784842266893927 0.082680262136224772 0.069685180767112803 0.011139076930046052 0.078182596167166996 0.11836874295162854 0.11281543902325596 0.024638948907226656 0.082316779607336285 0.078715410240539033 0.092790119043942132 0.029046733242371794
leaf_weight=29.279626953771412 326.88534566134081 497.75666271648061 41.968487161562734 12.555574350037206 9.5806428595965389 113.22442713338182 6.9826336013775281 10.155640703627794 72.83847146329208 34.920772310772918 15.803825780149511 8.8059647243862837 73.413404454428019 25.412675029111597 443.09826142786051 4.7337178025918538 24.322603723204342 1.7093918996497439 1882.9900065254712 169.57225082920559 63.514809315594903 17.771972790078507 44.221151396463029 3.2408243642275911 2.177567657083272 31.818503342350596 698.32933462738538 245.01258002904979 614.5561970086892 21.436888103624369
leaf_count=18225 18362 41962 4395 1001 1812 7878 450 1140 3035 1252 2231 1524 2729 1757 18665 363 2157 165 107006 2685 1702 1252 2442 93 172 364 34656 8564 10051 2850
internal_value=0 0.0857786 0.063665 0.0652813 0.0780667 0.0951737 0.0406189 0.0594374 0.0443747 0.0561917 0.0395448 0.00064736 0.0492995 0.0808148 0.0901362 0.0317677 0.088151 0.0473267 0.0803196 0.0664754 0.072593 0.0462098 0.0589628 0.00222395 -0.0233242 0.0546505 0.0886627 0.0918768 0.0873248 0.0747194
internal_weight=0 4781.51 766.58 737.301 231.287 129.788 16.5633 506.014 161.141 101.499 66.5783 24.6098 150.986 2235.29 2546.22 77.5722 2103.12 26.032 2209.88 344.873 264.906 79.9671 61.9931 17.974 14.7331 95.3333 2077.09 1378.76 881.006 266.449
internal_count=300940 246195 54745 36520 19542 10140 2262 16978 7267 9402 8150 3755 6127 127125 119070 3398 100405 2322 125368 9711 4751 4960 3694 1266 1173 2066 98083 63427 21465 11414
is_linear=0
shrinkage=0.1


Tree=94
num_leaves=31
num_cat=0
split_feature=86 86 86 170 129 157 83 210 44 6 78 199 156 193 68 189 124 193 0 105 66 188 223 204 72 115 125 226 63 66
split_gain=31.893 12.4271 7.83224 4.64184 5.15934 5.4802 4.49391 6.13349 6.71546 5.09233 5.01095 5.22589 4.7316 5.25759 4.45275 6.51025 4.95651 4.85398 4.80333 4.65924 4.6573 4.43771 5.16245 4.36269 4.43684 4.41548 4.27878 4.20919 4.14548 4.09191
threshold=-1.0720092654228208 -0.81289151310920704 -1.2518978118896482 0.45127125084400183 0.0063378438353538522 0.63753709197044384 12.500000000000002 -0.093064270913600908 1.0000000180025095e-35 0.037749288603663451 0.033615820109844215 0.20268961042165759 0.03347339108586312 0.07264945283532144 37.568582534790046 0.10956604033708574 0.052928147837519653 -0.072320897132158266 0.51315790414810192 -0.019191683270037171 9.2156176567077654 -0.15395978838205335 -0.062509104609489427 0.063179127871990218 0.066228073090314879 0.0079894009977579134 -0.020666251890361306 0.15423259139060977 0.20995767414569858 4.2164962291717538
decision_type=2 2 2 2 2 2 2 2 2 8 2 2 2 2 2 2 2 2 10 2 2 2 2 2 2 2 2 2 2 2
left_child=2 6 29 -3 -5 -6 10 8 -8 21 27 -12 13 -11 15 17 -16 23 19 -19 -21 22 -9 25 -25 -4 -17 -2 -23 -1
right_child=1 3 14 4 5 -7 7 9 -10 12 11 -13 -14 -15 16 26 -18 18 -20 20 -22 28 -24 24 -26 -27 -28 -29 -30 -31
leaf_value=0.052172870310003561 0.080988218943662815 0.10315204768269928 0.07918722863628988 0.092026395275434172 0.075435694475179477 0.094294716862414904 -0.090221856599942973 0.5696083842536821 0.073827765175619994 0.1552947706401541 0.072108074899581057 0.0084145734305574541 0.093469009109805837 0.53867789225445784 0.062272051053229416 -0.021831026665552242 -0.013402495043859104 0.097132148570429566 0.30415763611898688 0.068357028658000626 -0.14303387127024073 0.15458795903424191 -0.03237328440888005 -0.097257201136856514 0.06038521645911115 -0.0080281355148503798 0.058300985253238326 0.12273977026463304 -0.12604981985709032 0.013324560723385188
leaf_weight=143.1724074969552 1548.1826982616508 247.94994049516026 39.890442697907474 1499.2936415550093 469.63604196098186 229.32368760204554 3.3606436700615605 0.50860580655375998 9.690949765971709 1.3953637903525749 543.22183066720982 13.194484053693939 113.42259338153963 0.48100761084651811 281.99945732981269 9.4715848798614406 8.929237730455041 155.26632966098987 1.0315823639864437 61.234647396711807 1.060272160866133 14.991100234782603 0.19788600531683442 3.5254624555709588 3.6171922257590268 6.7934428736368764 22.476661781812709 24.529036709556294 0.54551344056608364 33.4473151804591
leaf_count=8717 89320 12688 2896 68393 31672 1534 558 60 330 486 32998 934 3833 179 20100 1075 773 7044 293 3389 376 1421 176 837 217 859 1907 1311 345 6323
internal_value=0 0.0852346 0.0633089 0.0901816 0.0887186 0.0816232 0.0799124 0.096972 0.0315868 0.10346 0.0787538 0.0705977 0.0960746 0.253575 0.0687956 0.0772511 0.0599494 0.0822596 0.0888834 0.0878627 0.0647591 0.15588 0.400995 0.0553597 -0.0174237 0.0664956 0.0345445 0.0816394 0.144734 0.044816
internal_weight=0 4719.93 771.916 2446.2 2198.25 698.96 2273.72 144.594 13.0516 131.542 2129.13 556.416 115.299 1.87637 595.296 304.368 290.929 272.419 218.593 217.561 62.2949 16.2431 0.706492 53.8265 7.14265 46.6839 31.9482 1572.71 15.5366 176.62
internal_count=301044 246238 54806 114287 101599 33206 131951 7388 888 6500 124563 33932 4498 665 39766 18893 20873 15911 11102 10809 3765 2002 236 4809 1054 3755 2982 90631 1766 15040
is_linear=0
shrinkage=0.1


Tree=95
num_leaves=31
num_cat=0
split_feature=86 86 156 179 83 94 83 135 81 170 212 227 4 203 22 116 222 204 132 86 222 181 200 13 197 9 85 26 4 135
split_gain=40.4673 15.8127 4.74789 6.20358 6.06091 5.97258 4.93462 4.81832 4.92295 4.45602 5.11964 4.39779 5.5865 4.85596 4.80076 4.45855 4.4927 4.01445 4.00725 5.87325 4.83825 4.77958 7.68428 4.6225 4.43735 4.33788 4.73624 4.40313 3.9493 3.85252
threshold=-1.1157679557800291 -0.81289151310920704 0.17480158805847171 -0.28957907855510706 31.500000000000004 -0.14931194484233853 14.500000000000002 0.012174426112324001 0.35355392098426824 0.49810701608657842 0.16501245647668841 -0.0018650579731911419 1.0000000180025095e-35 -0.10750665143132208 1.0000000180025095e-35 0.021961756981909279 0.088484913110733046 0.16974046826362613 -0.011933322530239819 -1.1817154288291929 0.037786515429615981 0.049760222434997566 -0.097553979605436311 0.11785130575299264 -0.2095474302768707 0.0053769657388329515 51.500000000000007 1.0000000180025095e-35 0.050396826118230827 0.026949792169034485
decision_type=2 2 2 2 2 2 2 2 2 2 2 2 8 2 2 2 2 2 2 2 2 2 2 10 2 10 2 2 8 2
left_child=18 2 3 7 -4 17 9 8 -2 -7 11 12 -11 -13 -14 -15 -17 -5 21 20 -20 22 -1 25 -23 -22 27 -27 -26 -3
right_child=1 29 4 5 -6 6 -8 -9 -10 10 -12 13 14 15 -16 16 -18 -19 19 -21 23 24 -24 -25 28 26 -28 -29 -30 -31
leaf_value=-0.038918372793179418 0.076226861974961702 0.092800600507164099 0.077161670946238076 0.12253784994409118 -0.21718952753745105 0.092928406435214467 0.12748220211574837 -0.0079765632424147991 -0.17233885629996315 -0.019557323794630949 -0.044435484698121891 0.0040068741864664045 0.095142927370322983 0.082241286607259489 0.050094783669021516 0.051927499020105329 -0.071241796930354581 0.3556562387576454 0.050192113731085508 0.066294763166704712 -0.016380235254611932 0.4313884078673727 0.068361201396316851 0.39104590347040591 -0.091897709054018575 -0.046688133160109141 0.062615389655297699 0.090066292883368107 0.10467923245802002 0.080994376373915378
leaf_weight=7.2579678744441471 28.747084923523634 2140.53635590874 1719.5128154510867 36.849387206643428 0.69981459334667206 340.01745234242401 28.040924499170842 11.082241360538545 0.81950229299036337 4.8086307918076718 3.4391423539043435 12.173597846445317 186.65638197845033 90.174372411920672 27.090240775326947 35.191595843333744 3.2335470292910022 0.75381941733303293 178.58129761922373 164.53023476967439 24.934344647619127 0.4060127996999644 83.385342065445343 0.33029242288102878 1.0527404615581861 9.4485375852059388 24.986843156935265 3.13576334361096 35.009546010096074 317.36964814187877
leaf_count=871 3822 99430 55651 4729 144 34959 2672 1689 132 5370 848 2844 13912 10908 2329 6110 591 111 14183 11587 2936 23 5613 125 563 813 1453 205 1261 15044
internal_value=0 0.0855641 0.0800133 0.0863308 0.0770419 0.0883448 0.086345 0.048259 0.0693373 0.0847036 0.0769946 0.0781568 0.0870355 0.0643723 0.0894335 0.0700866 0.0415626 0.127211 0.0565763 0.0517246 0.0417947 0.0720708 0.0597711 0.017929 0.102642 0.0159574 0.0374184 -0.0126116 0.0989407 0.0912762
internal_weight=0 4987.2 2529.29 809.078 1720.21 768.429 730.826 40.6488 29.5666 702.785 362.768 359.328 218.555 140.773 213.747 128.6 38.4251 37.6032 533.059 405.947 241.417 127.112 90.6433 62.8358 36.4683 62.5055 37.5711 12.5843 36.0623 2457.91
internal_count=300928 261295 146821 91026 55795 85383 80543 5643 3954 77871 42912 42064 21611 20453 16241 17609 6701 4840 39633 31302 19715 8331 6484 5532 1847 5407 2471 1018 1824 114474
is_linear=0
shrinkage=0.1


Tree=96
num_leaves=31
num_cat=0
split_feature=86 86 12 132 159 218 175 160 90 167 67 121 130 4 161 123 197 143 2 113 165 171 134 17 196 88 131 105 68 74
split_gain=35.0429 16.309 3.99739 3.86693 4.94274 4.90632 4.12049 3.75345 5.03514 5.25918 5.21365 5.47382 5.07175 5.06187 4.7647 4.71671 4.59392 5.34987 4.56573 4.55641 4.43883 4.73129 5.27403 5.76579 4.47279 4.9819 4.36746 4.3239 4.26488 4.25829
threshold=-1.1529442071914671 -0.81289151310920704 5.5000000000000009 -0.013143938034772871 0.16341300308704379 0.05228551663458348 -0.080405119806528078 1.0000000000000002 1.9560386538505556 1.5000000000000002 2.3538570404052739 0.055171333253383643 -0.04444440267980098 0.065272010862827315 3.5518722534179692 -0.033041950315237038 -0.0068716546520590773 -0.021061802282929417 0.29212120175361639 0.029169755987823013 99.500000000000014 -0.0723384954035282 0.0064803606364876041 16.500000000000004 0.018686398863792423 0.74251422286033641 0.025174555368721489 -0.044501924887299531 34.969526290893562 0.33602151274681097
decision_type=2 2 8 2 2 2 2 2 2 2 2 2 2 10 2 2 2 2 10 2 2 2 2 2 2 2 2 2 2 2
left_child=3 7 -3 4 -1 -6 -5 8 9 15 20 12 -12 -13 28 -2 -14 -18 26 -15 21 22 23 24 -11 -26 -17 -22 -10 -9
right_child=1 2 -4 6 5 -7 -8 29 14 10 11 13 16 19 -16 18 17 -19 -20 -21 27 -23 -24 -25 25 -27 -28 -29 -30 -31
leaf_value=-0.086326983721852268 0.040545540833216411 -0.075991683916459662 0.090664011280716911 0.068248356187634696 0.059105789606582616 0.11123940765959953 0.040819269413464032 0.076820667583226698 0.18116291548682922 0.091970535596927278 0.019844038235065337 -0.031431910206059857 0.051036108873774688 0.013183775731484141 0.081981357540114499 0.08805110951857914 -0.056768954802356386 0.10033758572516099 0.27391270196077894 0.10411502559117843 0.074548840376157652 0.071010358985504854 0.10426501112948645 -0.12197007001277765 0.012191542381361768 0.080113428010108623 0.14262166635405976 -0.010614602491386377 0.097420076026226432 0.056825800613099477
leaf_weight=1.9316332866960682 19.118269409053028 1.4400896445638398 2463.0993042094378 73.013418915609009 57.512299880223964 26.309843539189387 219.16608709410934 841.99996503423745 6.2292579778127211 77.143125505121134 19.176554409190203 11.764221089920282 42.676414160969102 13.916817054606328 389.86447506517311 275.46717210262477 2.254959803834935 55.870133060578837 1.3704279815203779 9.1229287730707238 12.98276997012181 303.53117121621528 123.45114229499336 1.4681252749655858 18.338048057804826 26.266423613532424 15.49073390439912 11.023831177703867 256.41509196036986 121.93677811386942
leaf_count=799 1247 8427 106093 5861 3683 1203 18212 56794 389 3969 1541 1917 4221 957 18412 12969 453 3596 537 465 478 15395 5625 163 1732 1519 605 759 13578 9422
internal_value=0 0.0847075 0.0905666 0.0531535 0.0718248 0.0754693 0.0476736 0.0792725 0.0821086 0.0777897 0.0731426 0.056854 0.0669826 0.0219383 0.0889951 0.088667 0.0759503 0.0942426 0.0918142 0.0491894 0.0775334 0.0793699 0.0896566 0.0750204 0.0773958 0.052189 0.0909565 0.0354418 0.0994062 0.0742913
internal_weight=0 5121.42 2464.54 377.933 85.7538 83.8221 292.18 2656.88 1692.94 1040.43 728.987 154.782 119.978 34.804 652.509 311.447 100.802 58.1251 292.328 23.0397 574.205 550.198 246.667 123.216 121.748 44.6045 290.958 24.0066 262.644 963.937
internal_count=301021 271263 114520 29758 5685 4886 24073 156743 90527 58148 42790 13150 9811 3339 32379 15358 8270 4049 14111 1422 29640 28403 13008 7383 7220 3251 13574 1237 13967 66216
is_linear=0
shrinkage=0.1


Tree=97
num_leaves=31
num_cat=0
split_feature=86 86 17 86 173 17 233 185 8 85 93 3 215 213 3 156 107 119 170 88 212 93 4 93 219 172 171 172 133 7
split_gain=28.8653 10.5851 5.38595 5.22839 6.2116 4.56098 4.32954 7.37212 4.25371 5.5984 4.1702 4.52496 4.34487 4.11034 4.07744 4.01062 4.10283 4.02501 5.26017 4.59862 3.99058 4.25867 4.58079 3.96009 4.53933 12.7338 5.95299 5.55045 4.66144 4.26287
threshold=-1.0720092654228208 -0.763666272163391 15.500000000000002 -1.1817154288291929 0.42309133708477026 8.5000000000000018 0.053489506244659431 0.03693159110844136 0.19552785903215411 50.500000000000007 0.14785698801279071 0.072077922523021712 0.063130982220172896 -0.016713482327759262 0.23876593261957171 0.2327174320816994 0.01887079514563084 0.03390768729150296 0.45127125084400183 0.73184823989868175 0.16501245647668841 0.36477671563625341 0.065272010862827315 0.16779790818691256 0.063560996204614653 0.46331852674484258 -0.13830250501632688 0.60387092828750621 -0.016174809075891968 0.28919860720634466
decision_type=2 2 2 2 2 2 2 2 10 2 2 8 2 2 8 2 2 2 2 2 2 2 10 2 2 2 2 2 2 10
left_child=3 2 23 8 20 10 -4 13 -1 -10 15 -12 -13 -8 -14 16 -3 -18 -19 -20 21 -5 -23 -2 26 -26 29 28 -28 -25
right_child=1 5 6 4 -6 -7 7 -9 9 -11 11 12 14 -15 -16 -17 17 18 19 -21 -22 22 -24 24 25 -27 27 -29 -30 -31
leaf_value=0.042070278383140924 0.082303977459695365 0.10473832945734723 0.11132834393777256 0.077008736620659823 -0.082967414848426471 0.10138158992990923 0.1259152509665111 -0.11862989022293656 0.083256904977692989 0.04708790684754121 -0.10346133611844609 0.079079150910971896 0.044699045762295053 -0.012365608467814964 -0.09896246401065667 0.085922152567404514 0.094644421702373846 0.11239291189303538 0.055821366526436815 -0.054451434332339711 -0.070174782101903477 0.017163182181858389 0.069215172716946868 0.10378636122883289 0.06223759942005052 -0.094861722501364751 0.061524547707705594 -0.067904549903894981 0.081609159967344386 -0.096864679769450582
leaf_weight=152.15846133218224 2099.6157919777024 288.55663090720782 89.128508613110625 361.65788408278763 2.605229441463961 328.38803636969783 7.0817262465116064 2.1820660670318821 85.011495535323775 86.175637030837152 1.5140701551722475 80.932042745360377 9.2678375953637406 3.0864319168431384 2.5108825192514823 954.42653650714874 157.27460764256102 15.761213395606772 36.007617680508474 4.2255214888195942 1.9679950029665167 26.299277205693443 47.341002690282494 83.669438646666094 88.998352538383187 5.4770569459951721 196.75295528252695 2.7992830184875848 280.01069170647702 1.0723832347116502
leaf_count=16088 117154 25758 3682 23463 292 13344 233 344 3735 4984 1066 3266 390 373 316 22964 13584 663 3531 452 439 3143 2410 7504 6060 348 10863 126 14054 687
internal_value=0 0.0848448 0.081014 0.0638896 0.0709859 0.0906758 0.103639 0.0481508 0.054236 0.0650494 0.0884083 0.06802 0.0708204 0.0839416 0.0140746 0.0897275 0.0969649 0.0864473 0.0634235 0.0442399 0.0719031 0.0725455 0.0506258 0.0801816 0.0734173 0.05313 0.0768137 0.0724962 0.0733206 0.101247
internal_weight=0 4738.74 2859.87 763.217 439.871 1878.86 101.479 12.3502 323.346 171.187 1550.48 94.2248 92.7108 10.1682 11.7787 1456.25 501.826 213.269 55.9944 40.2331 437.266 435.298 73.6403 2758.4 658.78 94.4754 564.305 479.563 476.764 84.7418
internal_count=301316 246762 161428 54554 29747 85334 4632 950 24807 8719 71990 5038 3972 606 706 66952 43988 18230 4646 3983 29455 29016 5553 156796 39642 6408 33234 25043 24917 8191
is_linear=0
shrinkage=0.1


Tree=98
num_leaves=31
num_cat=0
split_feature=86 86 86 74 212 135 213 226 157 159 155 213 17 225 142 178 210 132 65 188 170 80 216 67 140 132 159 156 180 163
split_gain=31.7459 12.6346 6.17582 4.60121 4.61928 4.48138 5.76972 5.23373 4.31334 4.20956 5.15214 4.64093 5.50012 4.70451 4.41557 5.89367 4.23219 5.653 4.21975 6.44005 4.31703 4.44182 8.3145 5.60938 4.18306 4.06695 4.22598 4.0615 5.13071 5.01181
threshold=-1.0720092654228208 -0.79820320010185231 -1.1817154288291929 0.33602151274681097 -0.09449391812086104 0.024186192080378536 -0.032074706628918641 -0.0091853309422731382 0.68542924523353588 0.52942425012588512 0.0065532601438462743 -0.11905763670802115 3.5000000000000004 0.074385546147823348 -0.012220452073961495 0.28696183860301977 -0.11230182275176047 -0.034409549087285989 112.50000000000001 0.096315756440162673 0.58950042724609386 0.14854215830564502 -0.12714811414480207 2.6548472642898564 0.02275874745100737 -0.010878978762775658 0.36879007518291479 0.12838828563690188 0.31405688822269445 -0.71915128827095021
decision_type=2 2 2 2 2 2 2 2 2 2 2 2 2 2 2 2 2 2 2 2 2 2 2 2 2 2 2 2 2 2
left_child=2 3 25 8 -5 -3 7 -7 9 10 11 12 -2 14 15 16 17 -13 20 -20 21 -12 -23 -24 -9 26 -1 -11 -29 -30
right_child=1 5 -4 4 -6 6 -8 24 -10 27 18 13 -14 -15 -16 -17 -18 -19 19 -21 -22 22 23 -25 -26 -27 -28 28 29 -31
leaf_value=-0.021185531770091959 0.074336083564290514 0.092435952122271181 0.070949701748406244 0.017553329870886324 0.071611490824047275 0.075310435259655695 0.087165333216640856 0.030740146583868668 0.099174638495113127 0.087628644853565446 0.10634693929263579 0.38665265310163 -0.023077452534651956 0.1020010474862062 0.084363109750791726 -0.049438277772613205 0.070737912346858292 -0.036857449362306706 -0.060000453167957428 0.18531168076059801 0.043252092908068654 -0.10707168160742404 0.092159199293636918 -0.021727895042301593 -0.1404613177392984 0.046190900453803654 0.077778318311886419 0.074467890393114064 0.04992293457310433 -0.069203348815815455
leaf_weight=4.5752820249335846 15.450340673917255 1939.2064475710113 431.6785991429324 16.755712940955618 279.20663967913242 51.242454070934855 260.74734640548877 26.38266830608973 134.68604625832813 254.5976746219053 235.78243074055763 0.33318191355101578 9.2758271529560243 97.934820155327998 329.88036670425436 4.4777069661754458 136.43533570462591 5.8316872344562389 3.8704279120138372 1.4791461817494562 14.073821143091434 2.3646785780567816 59.418336986564555 4.6642909677582329 1.5087998055114429 242.19563049387216 75.830769689637236 832.93481443961082 16.472924474106552 4.4954556922621114
leaf_count=1702 976 89016 29708 1857 17448 2195 10942 2593 755 33068 11981 22 928 4535 20820 654 9222 691 517 60 1136 286 3055 1044 174 19647 3613 31955 353 362
internal_value=0 0.0852149 0.0631274 0.0802457 0.068551 0.0905795 0.0799876 0.056337 0.0818448 0.0806949 0.0856902 0.0802131 0.0377922 0.0820376 0.0779385 0.0635287 0.0670759 -0.0139687 0.0959007 0.00782784 0.0973902 0.0999113 0.0770748 0.0838699 0.0214789 0.0526603 0.0721471 0.0765432 0.073238 0.0243832
internal_weight=0 4739.51 754.28 2460.42 295.962 2279.09 339.881 79.1339 2164.46 2029.77 921.272 599.619 24.7262 574.893 476.958 147.078 142.6 6.16487 321.653 5.34957 316.304 302.23 66.4473 64.0826 27.8915 322.602 80.4061 1108.5 853.903 20.9684
internal_count=301315 246645 54670 141725 19305 104920 15904 4962 122420 121665 55927 37848 1904 35944 31409 10589 9935 713 18079 577 17502 16366 4385 4099 2767 24962 5315 65738 32670 715
is_linear=0
shrinkage=0.1


Tree=99
num_leaves=31
num_cat=0
split_feature=86 86 132 17 185 214 11 178 17 103 65 86 146 11 189 106 224 99 227 63 179 126 26 210 197 210 103 9 226 93
split_gain=27.7468 12.3333 5.02594 4.58885 4.78358 5.66035 4.67596 5.10478 4.46067 4.2791 4.51335 4.27149 4.23476 5.15134 4.53924 5.17966 4.88447 6.78249 6.10613 5.84135 4.52723 4.20203 4.25074 4.05557 3.97866 3.947 5.31724 4.01171 3.94289 4.80423
threshold=-1.1157679557800291 -0.79820320010185231 -0.014032116625458 15.500000000000002 -0.0027559313457459207 0.096455954015254988 0.042114414274692542 0.042840924113988883 8.5000000000000018 0.068980894982814803 112.50000000000001 -1.1817154288291929 -0.019360291771590706 0.0072781592607498178 0.17118614166975024 0.052439307793974883 0.013684919569641353 -0.072664022445678697 -0.040179315954446786 0.04206040874123574 -0.38999183475971216 -0.042700558900833123 1.0000000180025095e-35 -0.045565688982605927 0.047927429899573333 -0.028948424383997914 0.031487405300140388 0.0024580176686868076 0.15423259139060977 0.36477671563625341
decision_type=2 2 2 2 2 2 8 2 2 2 2 2 2 8 2 2 2 2 2 2 2 2 2 2 2 2 2 8 2 2
left_child=2 3 25 28 5 -5 7 -6 9 12 24 -4 13 -3 16 -16 -15 -18 19 -19 -20 -22 -23 -21 -11 -1 -27 -28 29 -2
right_child=1 8 11 4 6 -7 -8 -9 -10 10 -12 -13 -14 14 15 -17 17 18 20 23 21 22 -24 -25 -26 26 27 -29 -30 -31
leaf_value=0.096870679516359887 0.0803069651437259 -0.0035956051979250943 0.048076538607288992 0.12385595096302271 -0.035605265470040219 -0.10952705316975853 0.10429437514117135 0.08853717752570564 0.10002923642242348 0.07285726968122036 0.0019650355552985237 0.068420346023348774 0.094310973226161138 0.088007044312954474 0.12205502343178741 -0.084934302732571923 -0.0052524278733787535 -0.010856205926210687 -0.15979768565156882 -0.064795020263184622 0.016358882540681942 0.099866068195404084 -0.049991487058288271 0.11227616540281138 0.0931778169952759 0.090060223983327983 -0.070765186372371988 0.043175629119267964 0.11155805968056492 0.063283921184361699
leaf_weight=62.00358652185605 2408.5295113256352 6.840061037948316 258.52084597894964 57.075190030964222 6.6739770358192363 1.0584868621090198 17.985722478312255 6.5761532538797383 393.66245466583268 248.22276398963868 7.4049343815677267 171.79227658456398 1037.0292781315964 264.60466224828042 39.314612730032422 1.2472958030357393 12.800447813032404 14.923308523659218 0.74364126690488674 1.5124275688394853 7.3804401439365384 68.002177218217639 1.9470039698244352 8.9344740492924721 157.48441535218899 28.471110924665254 3.5719886694610095 22.904818236690971 38.058929112322858 178.04172892373708
leaf_count=2858 138449 4881 20259 2088 953 171 856 414 16202 13694 476 11965 47586 8607 944 85 973 866 48 176 333 3116 171 304 6644 2284 782 1494 2169 11745
internal_value=0 0.0849147 0.0611943 0.0803641 0.102648 0.119607 0.0710855 0.0260077 0.0903504 0.088322 0.079333 0.0561983 0.0908563 0.0824906 0.0838879 0.11569 0.0805009 0.0634146 0.0719117 0.0292911 0.0857615 0.0881229 0.0956949 0.0866411 0.0807451 0.0795766 0.0600618 0.0278039 0.0796054 0.0791352
internal_weight=0 4986.05 547.265 2714 89.3695 58.1337 31.2359 13.2501 2272.05 1878.39 413.112 430.313 1465.28 428.251 421.41 40.5619 380.849 116.244 103.443 25.3702 78.0733 77.3296 69.9492 10.4469 405.707 116.952 54.9479 26.4768 2624.63 2586.57
internal_count=301593 261951 39642 156845 4482 2259 2223 1367 105106 88904 20814 32224 68090 20504 15623 1029 14594 5987 5014 1346 3668 3620 3287 480 20338 7418 4560 2276 152363 150194
is_linear=0
shrinkage=0.1


Tree=100
num_leaves=31
num_cat=0
split_feature=86 86 93 157 96 80 90 170 170 177 157 157 67 231 223 214 228 150 135 160 131 215 135 176 196 69 156 155 205 170
split_gain=31.1903 17.8721 6.30252 5.07676 4.99723 4.93725 4.51557 5.76437 4.51659 5.75225 5.18373 4.93121 5.31041 4.78956 4.44303 4.35384 4.33073 8.10868 8.46013 5.10624 4.88108 4.32263 7.59431 4.18377 4.0661 4.5107 5.59758 5.71187 4.72109 4.02778
threshold=-0.82948100566864003 -1.1817154288291929 0.36477671563625341 0.62362465262413036 -0.16888193786144254 0.026846847496926788 1.9321838617324831 0.61243727803230297 0.47976209223270422 -0.2008966729044914 0.46092028915882116 0.48638814687728887 1.9097036123275759 -0.08040610700845717 0.028979693539440635 0.10337210074067117 0.045386489480733878 -0.016541557386517521 -0.010953383054584263 1.0000000000000002 -0.027973135933279988 0.075031805783510222 0.033374926075339324 -0.14962334930896756 0.25180062651634222 2.1861568689346318 0.17480158805847171 -0.027151953428983685 0.045599946752190597 0.54584556818008434
decision_type=2 2 2 2 2 2 2 2 2 2 2 2 2 2 2 2 2 2 2 2 2 2 2 2 2 2 2 2 2 2
left_child=1 16 3 4 5 -3 7 8 11 21 -11 12 -6 -12 -7 -4 19 18 -18 -1 -21 -10 -23 -17 25 26 -13 28 -28 -8
right_child=-2 2 15 -5 6 14 29 -9 9 10 13 24 -14 -15 -16 23 17 -19 -20 20 -22 22 -24 -25 -26 -27 27 -29 -30 -31
leaf_value=0.06941996976644875 0.090783414747840699 0.11331946623565919 0.065367280647439671 0.08749909864731735 0.037852516417093196 0.086729578271943608 0.083770908929736945 -0.080504302063693273 0.090442399325182929 0.0091970755999208412 0.03051095205376016 0.10985643406198294 0.089311721723238827 0.067115138181400288 -0.0013455321912254849 0.15712653060726145 0.04831276089169901 0.052548433755453178 -0.082356697081858624 0.078971799824832212 0.022607025165591571 0.16745318298950149 0.76442633451218611 -0.023152346400655194 -0.0003634157584443598 0.10211230816981698 0.02444317278287831 0.065988727068106628 -0.14650352911163428 0.063992026733021054
leaf_weight=169.84581906496533 2655.5623930984539 70.433552829197652 199.95039160990336 655.33729159060749 46.986784668497648 23.984530311565553 706.40531842980192 2.5285174249593174 37.528536186612428 18.260807884411065 39.502269664660048 24.479230765580724 34.986255490270878 375.97732487098722 7.5244875019659494 1.4864833022575119 9.1659767911760373 52.607560269268106 10.784682375169721 21.292571097930704 55.178349460221852 3.3670097161054851 0.22749595020832192 9.6067369999600452 4.9930218127410617 130.12852765900789 5.1750902573548947 40.322484014359361 2.3487978075499996 120.52501140518302
leaf_count=11833 124285 5246 13479 6999 7228 2553 46712 702 2737 12093 2946 338 5259 25295 1332 180 732 3580 1381 1454 5951 545 34 1090 197 3016 139 753 64 13225
internal_value=0 0.0757595 0.0785382 0.0800242 0.0771354 0.0986 0.0757624 0.0702348 0.0707335 0.064732 0.0613431 0.0805803 0.0598154 0.0636349 0.0656969 0.0619842 0.0534338 0.0319618 -0.0223229 0.0597589 0.0383012 0.100476 0.205236 0.00100489 0.0887856 0.0909843 0.0709627 0.0510638 -0.0289228 0.0808881
internal_weight=0 2880.94 2562.07 2351.02 1695.69 101.943 1593.74 766.812 764.284 474.863 433.74 289.42 81.973 415.48 31.509 211.044 318.875 72.5582 19.9507 246.317 76.4709 41.123 3.59451 11.0932 207.447 202.454 72.3256 47.8464 7.52389 826.93
internal_count=301378 177093 152162 137413 130414 9131 121283 61346 60644 43650 40334 16994 12487 28241 3885 14749 24931 5693 2113 19238 7405 3316 579 1270 4507 4310 1294 956 203 59937
is_linear=0
shrinkage=0.1


Tree=101
num_leaves=31
num_cat=0
split_feature=86 86 93 157 112 193 204 135 109 139 111 153 66 103 191 126 138 152 184 170 214 116 117 204 81 73 45 191 132 154
split_gain=35.515 17.0659 4.82648 4.55531 6.1898 5.57954 5.41451 5.44361 5.80831 6.41986 5.41469 5.62692 5.37388 4.76553 5.3971 4.74891 4.68815 6.98232 5.7275 4.64564 5.16703 8.55433 4.48878 4.44776 5.75956 5.45761 4.38281 6.14148 4.31202 4.26018
threshold=-1.1529442071914671 -0.82166236639022816 0.33565798401832586 0.54990360140800487 -0.081343308091163621 0.0083782989531755465 0.10876209288835527 0.026949792169034485 -0.0029431888833642002 0.022886153310537342 -0.08291588723659514 0.029466914944350723 0.55833369493484508 0.068980894982814803 0.10229522734880449 1.0000000180025095e-35 0.026335945352911953 0.049644889310002334 -0.15561594069004056 0.47205519676208502 -0.10607003420591353 0.021961756981909279 0.016007201746106151 -0.17213649302721021 0.01835016813129187 0.021054964512586597 1.0000000180025095e-35 -0.084305413067340837 -0.010878978762775658 0.039768274873495109
decision_type=2 2 2 2 2 2 2 2 2 2 2 2 2 2 2 2 2 2 2 2 2 2 2 2 2 2 2 2 2 2
left_child=28 2 -2 4 5 26 7 8 9 13 -10 12 -12 -6 -15 -8 29 -18 -19 20 21 -5 -11 24 25 -21 -3 -28 -1 -14
right_child=1 3 -4 19 6 -7 15 -9 10 22 11 -13 16 14 -16 -17 17 18 -20 23 -22 -23 -24 -25 -26 -27 27 -29 -30 -31
leaf_value=0.073843001686088691 0.081405251764432487 0.063850866538679024 0.066331648487672423 0.090863879506945425 0.10661637924940259 -0.036646964809091569 0.018978379629887607 0.0629990624074592 -0.044054065221341844 0.18794039490825068 0.057171725679810007 0.035756378162432961 0.10620152067182134 0.082827201647814819 -0.018887917509091887 0.084595209100065183 0.051914220774377864 1.0004431348470664 0.17947264507824665 -0.14802093212866968 0.10891006178010004 -0.12952191310690409 0.11084798069568068 0.09265979310949006 0.08293560150099577 0.031900762567205462 1.4837969625346259 0.24784793157630927 0.048452074958008587 0.03359558043482995
leaf_weight=86.376204540145181 2375.5681658740382 10.448312429475209 233.27990057730722 6.556391049816737 141.81675816233883 7.8817956902898905 21.850016417753295 72.596068049086171 3.3502314827692308 14.256719199823012 44.372986228493573 22.162150416724899 152.69030127140377 40.402160147298673 5.9900352787030888 22.272835866082687 27.163378912803186 0.1383051695602262 0.22039716924882569 2.2650074715747923 253.96252063889551 2.408140272134915 16.061744457038913 1657.1088349006623 19.761181161273271 6.5941217373219843 0.049006679355443339 0.22383408497444257 296.38963310950135 8.5329620731231426
leaf_count=5984 136286 1376 16010 50 16511 1389 5551 10010 1088 1739 5389 4121 21102 5150 1089 3324 4961 25 175 187 1786 41 1887 29446 630 253 20 67 23753 1736
internal_value=0 0.08575 0.0800574 0.0915487 0.0840261 0.0272259 0.0858054 0.0885104 0.0923918 0.104395 0.0822502 0.0839078 0.0884854 0.0975153 0.069694 0.0521012 0.0958471 0.0577023 0.496015 0.0939131 0.106276 0.0316617 0.147099 0.0919847 0.0528993 -0.0140997 0.0741829 0.469845 0.0541819 0.102359
internal_weight=0 5169.98 2608.85 2561.14 612.48 18.6029 593.877 549.754 477.158 218.527 258.631 255.28 233.118 188.209 46.3922 44.1229 188.745 27.5221 0.358702 1948.66 262.927 8.96453 30.3185 1685.73 28.6203 8.85913 10.7212 0.272841 382.766 161.223
internal_count=301136 271399 152296 119103 86710 2852 83858 74983 64973 26376 38597 37509 33388 22750 6239 8875 27999 5161 200 32393 1877 91 3626 30516 1070 440 1463 87 29737 22838
is_linear=0
shrinkage=0.1


Tree=102
num_leaves=31
num_cat=0
split_feature=86 86 93 156 182 106 223 214 111 94 74 103 163 146 179 175 1 170 132 9 136 204 79 81 11 223 159 11 157 156
split_gain=36.7969 14.2397 6.58676 5.02747 4.67725 7.39095 4.4053 4.3379 4.5566 4.12842 4.08294 3.90613 4.84367 4.96062 5.93118 4.68224 6.70413 6.29895 5.94105 4.68403 4.96488 4.6262 5.4649 4.33791 4.21294 4.98638 4.09586 4.17826 3.89103 4.28555
threshold=-1.1157679557800291 -0.82166236639022816 0.36477671563625341 0.025751547887921337 -0.026734092272818085 -0.038488078862428658 0.03616027161478997 -0.098196804523468004 -0.098479911684989915 -0.067972708493471132 0.60397014021873485 0.068980894982814803 -0.58623117208480824 -0.027888534590601918 0.29804916679859167 -0.12263175845146178 0.13161150366067889 0.58950042724609386 -0.065266307443380342 0.02867420390248299 -0.031569804996252053 -0.14767780154943463 0.19264507293701175 0.052911534905433662 0.027907580137252811 -0.02544729225337505 0.71212619543075573 0.076359353959560408 0.68542924523353588 0.17480158805847171
decision_type=2 2 2 2 2 2 2 2 2 2 2 2 2 2 2 2 8 2 2 8 2 2 2 2 8 2 2 10 2 2
left_child=3 2 10 -1 5 9 -4 8 -6 -5 28 12 -3 14 24 16 18 -17 -15 20 -19 22 -20 -21 25 -14 -26 -28 29 -2
right_child=1 11 6 4 7 -7 -8 -9 -10 -11 -12 -13 13 15 -16 17 -18 19 21 23 -22 -23 -24 -25 26 -27 27 -29 -30 -31
leaf_value=-0.024082072919961641 0.08553414929197406 0.085668326628524971 0.067999485733485659 -0.023697208597986116 0.26921914407118364 0.03956383956096951 0.026824828594670769 0.069605927000908036 -0.012662969576334261 0.091301911276656211 0.1534000725545927 0.082888953095022186 -0.014190955651814078 -0.15095126482823126 0.15360586755911185 0.10390184018653673 0.032744971677050837 -0.029859589583324821 -0.16320376359237013 -0.084229200549045022 0.088603743220140363 0.098674570833505448 0.067899841433313943 0.074795058290553648 0.088505284241892787 0.070905232189736697 -0.014215419970115446 0.13711917137722696 0.096297788790042249 0.076026448556853213
leaf_weight=7.5540799206564762 723.58128231324372 719.87384702282543 134.49862108293382 3.3560368651524177 0.60906817119030066 198.21449651871353 32.206804637187815 262.8178502959272 9.8100558164642262 44.712035917507819 7.6871312910325278 595.28005243519192 9.973537149308866 0.99868602165679377 10.824764930715444 811.30595205822533 23.400796980003179 3.793083424523501 1.4564720417283741 3.5251072083519821 52.579898626926024 101.48324981089911 3.4397624882813034 3.3412262897581968 146.25521948971618 22.243179433874161 7.5678583633302861 2.40391102248077 143.9947731992288 1374.9201264035801
leaf_count=7952 80361 20145 7891 290 73 11540 3613 16260 1555 2041 192 29502 1935 91 717 46869 1918 423 128 710 2516 4589 229 292 4281 3116 1343 439 1027 49341
internal_value=0 0.0847082 0.0792244 0.0569112 0.0580889 0.0480947 0.0600447 0.0670972 0.00381494 0.0832729 0.0806453 0.0899682 0.092158 0.0960363 0.0816224 0.0988933 0.0812453 0.101532 0.0918149 0.0711346 0.0806329 0.094094 -0.000846036 -0.00684641 0.0774875 0.0445615 0.0842774 0.0222671 0.0803959 0.0793048
internal_weight=0 4936.64 2416.89 527.074 519.52 246.283 166.705 273.237 10.4191 48.0681 2250.18 2519.75 1924.47 1204.59 199.268 1005.32 130.779 874.545 107.378 63.2393 56.373 106.379 4.89623 6.86633 188.444 32.2167 156.227 9.97177 2242.5 2098.5
internal_count=301379 261668 142425 39711 31759 13871 11504 17888 1628 2331 130921 119243 89741 69596 11831 57765 6955 50810 5037 3941 2939 4946 357 1002 11114 5051 6063 1782 130729 129702
is_linear=0
shrinkage=0.1


Tree=103
num_leaves=31
num_cat=0
split_feature=86 86 86 93 74 198 168 129 134 185 122 136 191 113 176 217 94 145 88 179 212 76 210 110 68 102 175 174 138 188
split_gain=29.2293 12.3438 6.14143 5.88063 5.84877 5.35956 4.60668 5.01789 4.56078 3.8776 4.43167 5.13277 3.86917 4.6168 3.77942 4.43409 4.82147 4.82436 4.80228 4.7585 4.53028 4.36996 4.36996 4.34236 5.51921 4.12144 4.47643 4.60032 4.08324 3.90801
threshold=-0.92568716406822193 -1.1817154288291929 -0.57369077205657948 0.36477671563625341 0.60397014021873485 0.23547430336475375 4.0472400188446054 -0.02497085370123386 0.016401992179453376 0.14382489025592807 0.019163049757480625 0.048480613157153137 0.10229522734880449 -0.0016933267470449207 0.049386069178581245 -0.054633270949125283 0.21038968861103061 -0.037028519436717026 0.75689083337783825 0.34043772518634802 0.16501245647668841 0.027587519027292732 0.013411635067313911 0.098270323127508177 35.040599822998054 -0.051247755065560334 -0.14935446530580518 -0.16976237297058103 0.028550512157380584 -0.13350950926542279
decision_type=2 2 2 2 2 2 2 2 2 2 2 2 2 2 2 2 2 2 2 2 2 2 2 2 2 2 2 2 2 2
left_child=1 -1 9 4 14 -4 12 8 -8 -2 -11 -12 -5 -14 15 18 17 22 25 20 -19 -22 -17 28 -25 29 -27 -28 -20 -3
right_child=2 3 5 6 -6 -7 7 -9 -10 10 11 -13 13 -15 -16 16 -18 19 23 -21 21 -23 -24 24 -26 26 27 -29 -30 -31
leaf_value=0.054329884635421703 0.08442805395816376 -0.075496520966868444 0.097924862271875773 0.043390040428546633 0.16296643060558658 -0.035200710313061358 -0.16213460350328973 0.10411731936094411 0.067686016323200135 0.10228261185282457 0.083659361673056321 -0.013636943706164823 0.016122010131369477 0.10771643086410261 0.084126691956461164 0.11242957648540791 0.11209934685840379 0.070898738987792809 0.086626516386415886 0.12210789336271988 0.080732741319606435 -0.098303889495957641 0.058644921450550072 0.14258857932963556 -0.11900311640673472 0.11074146219705401 -0.053293575928974615 0.031374419687227095 0.019990717265684351 0.08965128673000404
leaf_weight=321.90237778375831 2684.2747846315888 1.5355747247467686 552.67414436266063 119.67589317897773 8.0706739849447313 3.0408068973788422 1.3899411797447094 31.901374165315247 2.279841144891634 266.81502463890729 110.52813591730001 5.7016970859103813 7.4043873223886321 21.430399841447525 536.56639862991346 57.560396512576176 37.362781008448337 509.02240971712774 81.92407016619245 18.085462083413859 2.42264837394191 3.1178030885851058 20.481659330768707 1.2068646157058531 2.4315339187387508 6.0663849506308898 7.3766360009603877 49.342121399833331 10.358515297740722 21.425742567999805
leaf_count=25103 138789 98 22493 10084 196 338 84 612 52 10668 5420 350 1065 1274 32482 2540 1722 33280 3683 1730 313 465 1595 70 329 101 627 3968 948 841
internal_value=0 0.0721573 0.0875236 0.0758397 0.0780878 0.0971964 0.0590551 0.0913786 -0.0193592 0.0857712 0.0951834 0.0788865 0.051313 0.0841962 0.0775864 0.0733569 0.0772275 0.075094 0.0595498 0.0716918 0.0699198 -0.0200173 0.0983141 0.074922 -0.0322326 0.0423536 0.0290953 0.0203628 0.0791468 0.0786068
internal_weight=0 1880.34 3623.03 1558.44 1374.36 555.715 184.082 35.5712 3.66978 3067.32 383.045 116.23 148.511 28.8348 1366.29 829.721 648.053 610.69 181.667 532.648 514.563 5.54045 78.0421 95.921 3.6384 85.7465 62.7851 56.7188 92.2826 22.9613
internal_count=301320 123262 178058 98159 84988 22831 13171 748 136 155227 16438 5770 12423 2339 84792 52310 41645 39923 10665 35788 34058 778 4135 5030 399 5635 4696 4595 4631 939
is_linear=0
shrinkage=0.1


Tree=104
num_leaves=31
num_cat=0
split_feature=86 86 86 93 200 122 171 157 153 107 85 153 185 172 94 172 206 227 104 85 11 175 192 150 147 148 12 68 186 128
split_gain=35.215 13.7733 9.49066 7.02047 5.51428 5.21063 4.55938 4.43782 4.51661 4.61223 4.75203 4.63173 4.75447 4.43312 7.04397 5.87395 4.30758 5.02364 5.1266 4.15603 5.39653 6.04088 4.52294 4.40164 4.19198 4.13719 4.87879 5.61356 4.80145 4.72716
threshold=-0.96707141399383534 -1.1817154288291929 -0.6793040633201598 0.36477671563625341 -0.0040372745133936397 -0.026566825807094571 -0.11751042678952216 0.48638814687728887 -0.04438930191099643 0.017384096980094913 130.50000000000003 0.0061060988809913406 -0.24920026212930677 -0.017159350216388699 -0.028989502228796479 -0.11945137381553649 0.074745632708072676 -0.10787834972143172 -0.18476030975580213 53.500000000000007 0.052770815789699561 -0.036833979189395898 1.0000000180025095e-35 -0.012336951214820145 -0.010308253578841685 -0.046208322048187249 93.500000000000014 34.969526290893562 -1.0000000180025095e-35 0.055807622149586684
decision_type=2 2 2 2 2 2 2 2 2 2 2 2 2 2 2 2 2 2 2 2 10 2 2 2 2 2 8 2 2 2
left_child=1 6 4 16 -2 19 -1 8 -7 10 11 12 -10 14 -5 -16 17 18 -3 -6 21 23 24 -21 -22 26 -19 -28 -27 -30
right_child=2 3 -4 13 5 7 -8 -9 9 -11 -12 -13 -14 -15 15 -17 -18 25 -20 20 22 -23 -24 -25 -26 28 27 -29 29 -31
leaf_value=0.071788699894153318 0.088967677537319545 -0.11206082366732309 0.095222980757800904 0.068054795134033286 0.080615341248689243 0.231123314659505 0.044316004505074218 0.084549893013089517 0.42883099418358972 0.081491588051075148 0.35348804012613955 0.06568685268199434 0.00334242526897373 0.07029883572878419 0.071674996744889252 -0.020837132002505494 0.087948964334483182 -0.010802905165668557 0.10568353323198768 0.042443025426903674 0.10643378893407018 0.062666457144194762 0.10219432940268575 -0.032764606915517344 -0.0094174601937222734 0.059321246939724161 -0.15007592602244976 0.098082243338027383 0.07830092344223713 -0.010364735958559891
leaf_weight=81.102730511376876 1385.9707758422012 1.1016990310718018 1170.1334706172834 34.091115064926271 94.27609098598009 1.5911714333724365 236.75853219370106 1086.7819058994992 0.26531765583695488 56.857230009286923 0.48243607176482228 29.120175329360904 25.822541587612363 80.408128196031839 9.39856018944465 25.443244727446881 288.16574058036338 4.5186871515562634 58.319756093636329 14.531846104952821 4.8730309974221191 34.935745825402137 28.81939445705757 16.753906690865961 8.698688652488725 301.30892528374898 0.92071438039147224 91.5964465776201 331.16138796627649 6.1241683049183839
leaf_count=7558 71586 121 51710 2098 5534 450 17253 33053 109 13501 155 6378 7828 5485 1311 2332 17465 1938 2621 1060 139 2818 900 1908 456 21310 106 2659 20313 775
internal_value=0 0.0698857 0.0876638 0.0746721 0.0844933 0.0800757 0.0513257 0.0825799 0.0638221 0.0614568 0.0410022 0.0382716 0.00766971 0.0543463 0.0357382 0.00411797 0.0774744 0.0736779 0.101646 0.0652533 0.051919 0.0340847 0.0797788 0.00216841 0.0321798 0.0714187 0.0906571 0.0956126 0.0684954 0.076691
internal_weight=0 1550.42 3959.91 1232.56 2789.78 1403.81 317.861 1200.92 114.139 112.548 55.6905 55.208 26.0879 149.341 68.9329 34.8418 1083.22 795.052 59.4215 202.889 108.613 66.2215 42.3911 31.2858 13.5717 735.63 97.0358 92.5172 638.594 337.286
internal_count=300930 103345 197585 78534 145875 74289 24811 61474 28421 27971 14470 14315 7937 11226 5741 3643 67308 49843 2742 12815 7281 5786 1495 2968 595 47101 4703 2765 42398 21088
is_linear=0
shrinkage=0.1


Tree=105
num_leaves=31
num_cat=0
split_feature=86 86 68 157 17 161 17 128 3 114 97 209 93 213 205 171 157 166 164 116 204 113 157 76 198 155 231 12 171 41
split_gain=30.2576 15.8225 5.55937 6.50283 4.51811 4.62131 4.4781 4.70495 5.59421 4.86091 4.33225 4.20251 4.05985 6.44779 6.65754 5.94176 6.8796 5.2086 4.71555 4.43486 5.44668 4.38818 5.17838 4.27126 4.11553 4.03676 5.20788 3.74417 3.73728 3.97475
threshold=-1.1157679557800291 -0.79820320010185231 37.568582534790046 0.48638814687728887 12.500000000000002 2.8336995840072636 8.5000000000000018 0.045790137723088271 0.18801229447126391 -0.062606658786535249 0.078967597335577025 -0.051237914711236947 0.19220163673162463 0.058733563870191581 -0.083292666822671876 0.10039363056421281 0.61261695623397838 0.15145293623209002 0.89587974548339855 0.04028862155973912 0.068452779203653349 0.031912833452224738 0.62362465262413036 0.025158228352665905 -0.10260066762566565 0.025760063901543621 -0.10592322424054144 64.500000000000014 -0.19234291464090345 1.0000000180025095e-35
decision_type=2 2 2 2 2 2 2 2 8 2 2 2 2 2 2 2 2 2 2 2 2 2 2 2 2 2 2 8 2 2
left_child=2 4 -1 -4 12 -6 7 -3 10 11 -9 -10 13 14 17 -14 -17 -2 -16 24 -21 22 23 -15 -18 27 -27 -8 -11 -30
right_child=1 6 3 -5 5 -7 25 8 9 28 -12 -13 15 21 18 16 19 -19 -20 20 -22 -23 -24 -25 -26 26 -28 -29 29 -31
leaf_value=0.069887976355233125 0.12740050291280638 0.090872033667273325 0.013647099172059413 0.056715776603133927 0.029632024222198561 0.099436663132719885 0.044480696558678805 0.097018091186654332 0.076053110032126739 0.0043119686388147791 -0.01458378784417899 -0.050113416772775657 0.081035241720884263 0.05148663705356224 -0.0038033471246978548 0.025098573352269501 0.018787741549074959 0.087041475092698259 0.075764786068897264 0.054997743032716755 -0.04095492877294532 0.10760574748500047 0.10626886754609809 0.084905845721025719 0.079145518616964172 -0.12896136429000726 0.078227915520837243 0.10613685850377352 0.077019686578423174 -0.14029247756373872
leaf_weight=286.55455335334216 37.276233804211643 1725.337353984808 42.077592248668338 210.12505667451569 10.047184909599535 169.22873989000141 10.132017871756032 73.11149706818037 4.0568490657110488 8.9979097966788668 3.6520815722533362 7.5598971126737506 314.30943453731084 49.481546550312487 7.4916428800722761 45.039108001971726 12.128913626398569 224.94119702516855 1285.701609699249 35.950494396922295 7.0810917935159514 127.84084033920476 86.221983278344851 168.39728888764375 164.68579593873073 1.2485941502181948 42.777472946487705 352.88534738524777 55.431203346671964 0.8546470162946197
leaf_count=20093 1807 80028 11673 7854 546 8153 4998 3875 294 611 365 760 26078 5518 1119 4675 341 13016 71892 712 224 6228 505 12414 3460 115 1843 9307 2862 93
internal_value=0 0.085293 0.0603581 0.0495302 0.0801764 0.0955246 0.0914387 0.0893787 0.0726113 0.0535481 0.0917086 -0.00605301 0.0791044 0.0812515 0.0782498 0.0717371 0.0607041 0.0927788 0.0753038 0.0679985 0.0392082 0.0920603 0.0855251 0.0773161 0.0750052 0.100948 0.072352 0.104416 0.0641537 0.07372
internal_weight=0 5031.87 538.757 252.203 2745.82 179.276 2286.04 1879 153.664 76.9005 76.7636 11.6167 2566.55 1987.35 1555.41 579.195 264.885 262.217 1293.19 219.846 43.0316 431.942 304.101 217.879 176.815 407.043 44.0261 363.017 65.2838 56.2859
internal_count=301459 261839 39620 19527 156688 8699 105151 88888 8860 4620 4240 1054 147989 112499 87834 35490 9412 14823 73011 4737 936 24665 18437 17932 3801 16263 1958 14305 3566 2955
is_linear=0
shrinkage=0.1


Tree=106
num_leaves=31
num_cat=0
split_feature=86 86 68 93 106 192 6 201 158 88 162 5 86 6 95 88 205 225 147 147 226 128 188 222 227 120 100 11 3 121
split_gain=33.9877 11.5855 5.47796 4.84133 4.2966 4.99983 5.8082 5.23251 4.25235 5.13056 4.15089 4.06472 3.99618 3.97778 4.98347 3.89823 4.16286 3.82769 7.7011 4.92659 4.93254 7.27059 5.80533 4.73079 8.0875 6.15322 5.7757 5.57559 4.55957 4.49716
threshold=-1.1157679557800291 -0.763666272163391 37.568582534790046 0.41272683441638952 -0.027780440635979172 -0.013440274633467196 0.104491263628006 -0.077195715159177766 0.55000001192092907 0.85708317160606395 42.859212875366218 0.12097560986876489 -0.57369077205657948 0.15504807978868487 -0.12861789017915723 0.7993055284023286 0.089461512863636031 0.047522023320198066 0.01266398746520281 0.021891037933528427 0.043109567835927017 0.019936508499085907 -0.08184212818741797 -0.051029143854975693 -0.056917248293757432 -0.036490727216005318 0.13905163854360583 0.079057015478611006 0.086335405707359328 0.065809894353151335
decision_type=2 2 2 2 2 2 8 2 2 2 2 8 2 10 2 2 2 2 2 2 2 2 2 2 2 2 2 10 10 2
left_child=2 3 4 17 5 6 -1 -7 11 -10 -5 13 -3 -4 -15 -13 -17 19 29 28 23 -22 -23 24 26 -26 -21 -25 -2 -19
right_child=1 12 8 10 -6 7 -8 -9 9 -11 -12 15 -14 14 -16 16 -18 18 -20 20 21 22 -24 27 25 -27 -28 -29 -30 -31
leaf_value=-0.048174494126978253 0.072429417650219957 0.089352433325472838 0.058871291702792143 -0.019272365181326998 0.063853161011140885 -0.032350265779638121 0.093516823547147035 0.13090116670702948 0.10142523772531785 -0.14907694412277703 0.065769448393048671 0.0087676842516916081 0.099443879785845249 0.12334598880843373 -0.081569968950414282 0.061086163303870358 -0.053370485104745236 0.084337792889846774 0.098525250249015428 -0.096631980680577406 0.065585440965591033 0.079975553828342219 -0.037138942749931063 0.086025315139651268 -0.019524601840794197 0.07684739549788186 0.11663547074927555 -0.0071139196320204531 0.085941321759354858 0.057872767545733783
leaf_weight=4.36548798106696 303.3810790974278 1324.5688171521008 135.02700631976688 6.1296511251630355 240.06352777658446 2.1070863986819885 8.5772540293282873 28.78022088157536 20.538559654954046 0.851498326123873 90.17918586866881 48.035409523200315 557.59923917513038 1.6412851200479961 4.2859942698978548 36.346333872101241 3.4821133198652197 336.61175101935896 416.57283347023986 5.3614100083732401 121.15429312750121 6.1903479547186206 13.383212776700928 295.32585195666866 7.4224937335482073 61.680740854239957 1.6639735350818226 6.5702393087831288 1412.5166822170779 79.3434531591206
leaf_count=566 35754 62174 10160 967 17620 259 445 1150 656 55 5832 4212 22994 215 1479 2250 442 18696 16953 861 7445 349 1437 18545 772 3338 90 1197 59558 4708
internal_value=0 0.0861298 0.0596022 0.0824337 0.0691098 0.0979011 0.0457254 0.119764 0.0488146 0.0914532 0.0603569 0.0448287 0.0923421 0.0553516 -0.024828 0.0279475 0.0510795 0.0831269 0.0889146 0.0809707 0.0724311 0.0564493 -0.00010023 0.0783807 0.0561034 0.0664959 -0.0461192 0.0839983 0.0835523 0.0792896
internal_weight=0 5045.66 534.102 3163.49 283.894 43.83 12.9427 30.8873 250.208 21.3901 96.3088 228.818 1882.17 140.954 5.92728 87.8639 39.8284 3067.18 832.528 2234.65 518.753 140.728 19.5736 378.025 76.1286 69.1032 7.02538 301.896 1715.9 415.955
internal_count=301179 261670 39509 176502 20040 2420 1011 1409 19469 711 6799 18758 85168 11854 1694 6904 2692 169703 40357 129346 34034 9231 1786 24803 5061 4110 951 19742 95312 23404
is_linear=0
shrinkage=0.1


Tree=107
num_leaves=31
num_cat=0
split_feature=74 88 157 164 95 225 17 195 179 171 8 68 103 97 230 161 156 202 63 106 160 17 176 157 101 66 176 156 170 158
split_gain=14.0091 10.5637 8.5875 8.916 7.81036 6.52272 5.82541 9.06823 6.02069 5.40099 5.49944 5.2435 5.1304 5.91051 5.4863 5.34345 5.67014 6.7865 5.6534 4.98634 4.84446 4.81142 5.12687 4.70722 6.25458 9.80206 5.3536 5.0632 6.60951 4.55856
threshold=0.33602151274681097 0.81454268097877514 0.65620106458663952 4.3372693061828622 0.074919242411851897 0.16359712183475497 15.500000000000002 0.027349095791578296 -0.073082413524389253 -0.18633998930454251 0.21764726936817172 41.401605606079109 0.068980894982814803 -0.023208786733448502 -0.032972304150462144 3.6300386190414433 0.37807808816432958 -0.011053357273340223 -0.17180135101079938 0.060861667618155486 2.0000000000000004 18.500000000000004 -0.10049777105450629 0.58757847547531139 -0.1478207930922508 0.44292262196540838 -0.10049777105450629 0.20483683049678805 0.52838417887687694 0.18333333730697635
decision_type=2 2 2 2 2 2 2 2 2 2 10 2 2 2 2 2 2 2 2 2 2 2 2 2 2 2 2 2 2 2
left_child=1 2 3 6 23 9 12 -8 -9 10 -2 -3 15 14 -14 -1 18 -18 -17 -20 -6 29 -23 -5 25 -25 -27 -26 -29 -11
right_child=5 11 -4 4 20 -7 7 8 -10 21 -12 -13 13 -15 -16 16 17 -19 19 -21 -22 22 -24 24 27 26 -28 28 -30 -31
leaf_value=0.096440940430612077 0.0030308196991117621 0.056401954862072279 0.094628301259558401 0.069547268568055209 0.08886445536554971 -0.07885075028538599 0.12651286061783712 0.11230755650274626 -0.052296737667381743 0.049098430132034354 0.1243605452432324 0.11193138682916387 0.041777108241351918 0.090222893852994285 0.076146713453550494 0.10417938989566045 0.082352296508488729 0.012455331215488306 0.082048111680506894 0.02592554794453112 0.056288521295784537 -0.16621793878417418 0.13281116047462183 -0.099135019872842733 0.10069965720596988 0.00495457622585914 0.085118485007467909 0.087129947342602904 0.054553208682931724 0.069986135830794299
leaf_weight=678.53944143717672 4.3066221196570487 183.8893317041593 754.19473399436538 858.109932205625 702.29820346131987 3.0147247326603965 71.095091238734085 3.965657147377442 5.0540881942119977 138.32544626491654 28.185298229703221 18.737676336950244 57.151853561806206 260.2285249377062 247.89181657460938 126.09530141336836 33.015703039576692 23.980180176737122 257.0875305942709 16.869736935136643 48.824871641794743 0.59627120903405639 14.920213162367871 4.2210605968721202 144.648165831808 11.885979318227326 27.852584124237183 223.11642396916432 86.398002839934634 427.05997589091999
leaf_count=59403 2229 13370 4739 49732 26219 641 2895 313 1373 13174 2668 1159 8411 23221 20940 11369 1411 1282 24143 2098 3167 159 657 75 1132 191 313 1781 1570 21468
internal_value=0 0.0838873 0.0848628 0.0829686 0.0785665 0.0678816 0.0881775 0.114529 0.0200738 0.0686027 0.108279 0.061537 0.0869362 0.0791519 0.0697074 0.0908111 0.082453 0.0529442 0.0866572 0.0785922 0.0867469 0.0663835 0.12132 0.0740359 0.0817684 0.0457512 0.0611411 0.0852546 0.0780365 0.0648758
internal_weight=0 4845.15 4642.52 3888.33 2107.36 616.409 1780.97 80.1148 9.01975 613.394 32.4919 202.627 1700.86 565.272 305.044 1135.59 457.048 56.9959 400.053 273.957 751.123 580.902 15.5165 1356.23 498.122 43.9596 39.7386 454.163 309.514 565.385
internal_count=301303 260307 245778 241039 84180 40996 156859 4581 1686 40355 4897 14529 152278 52572 29351 99706 40303 2693 37610 26241 29386 35458 816 54794 5062 579 504 4483 3351 34642
is_linear=0
shrinkage=0.1


Tree=108
num_leaves=31
num_cat=0
split_feature=93 63 103 171 5 66 166 143 152 17 63 66 7 135 171 1 85 156 6 68 1 6 121 112 124 199 4 202 139 184
split_gain=17.3487 10.0137 6.2739 6.08888 5.4632 4.9883 10.3916 5.78982 4.95083 4.90774 5.10654 7.62007 5.70203 4.88785 6.03485 4.87913 5.09027 4.62713 5.18994 4.64772 4.41765 6.40004 4.95734 4.52186 4.65594 5.78711 4.34472 4.30635 4.87137 4.25538
threshold=0.18084443360567096 0.33389289677143102 0.1238304376602173 -0.0723384954035282 0.25462962687015539 3.9601714611053471 0.53530639410018932 -0.012769471388310192 0.01139104086905718 15.500000000000002 -0.17180135101079938 2.4778977632522587 0.27543103694915777 0.0038996873190626506 -0.061978345736861222 0.077296491712331786 27.500000000000004 0.28232999145984655 0.083602152764797225 41.381212234497077 0.097524154931306853 0.16754386574029925 0.058500502258539207 -0.015167011879384516 -0.020235418342053887 0.20268961042165759 0.13771551847457889 -0.14857511222362516 0.013326031155884268 -0.14596603065729138
decision_type=2 2 2 2 10 2 2 2 2 2 2 2 10 2 2 10 2 2 10 2 8 10 2 2 2 2 10 2 2 2
left_child=1 2 9 27 -4 17 -7 -8 -9 10 11 -1 -13 26 -15 -5 -17 -3 19 -19 22 23 -12 24 -22 -26 -10 28 -2 -25
right_child=3 5 4 15 -6 6 7 8 13 -11 20 12 -14 14 -16 16 -18 18 -20 -21 21 -23 -24 29 25 -27 -28 -29 -30 -31
leaf_value=0.08454626394408582 -0.036630563122623312 0.086853719236610699 0.075291631044434398 0.069743571253227971 0.13874554334871703 -0.017429976639098826 -0.0021572596332803404 0.099292890199415201 0.081681387548098644 0.10769860088816996 0.090328299496907072 0.098603497261526063 0.14140019295290859 -0.082667532846375791 0.059204316648039226 0.11096799684914123 0.035371794079188466 0.090484016533963624 0.038765118268871378 0.030997537598281319 0.10172282589516878 -0.059646887466382428 0.074508975343282727 0.025043193355188738 0.078454377612825976 -0.085985157239929819 -0.070100903403977038 0.086582394380017386 0.10055765247976629 0.072737783800347816
leaf_weight=526.92051584842727 6.0982707138064125 215.63865079056586 500.41783738898539 710.95770334551275 13.946600024558391 17.402931428203601 10.93339390390747 42.796088750772469 29.959146867115809 132.8798798464868 1321.1195619930768 600.85638937809949 32.833362595009362 5.2893698741056596 6.9221155182797229 10.11179401875779 74.77001222243689 67.079356104966791 52.769830183369777 16.332022848862835 125.05105648526023 3.3731004172991552 233.037352046465 20.201094866429685 170.74616129376818 2.1673415085197112 2.0125950119559084 271.33421003863782 4.496998669943423 252.90124972456897
leaf_count=20937 1365 12986 30147 33486 1105 6475 1063 1561 1711 4831 68368 32156 3811 905 571 236 4680 1218 1128 443 5577 972 13373 1840 9005 249 345 26685 620 13887
internal_value=0 0.0856668 0.0873095 0.0715118 0.0770121 0.071824 0.0537742 0.06643 0.0750515 0.0888573 0.0880961 0.0934322 0.100821 0.0515712 -0.00224707 0.0670381 0.0443774 0.0777401 0.063309 0.0788365 0.0851866 0.0776933 0.0879563 0.0785045 0.0870237 0.0763933 0.0721268 0.0841402 0.0215969 0.0692099
internal_weight=0 4403.59 3936.45 1077.77 514.364 467.136 115.316 97.9127 86.9793 3422.09 3289.21 1160.61 633.69 44.1832 12.2115 795.84 84.8818 351.82 136.181 83.4114 2128.6 574.44 1554.16 571.067 297.965 172.914 31.9717 281.929 10.5953 273.102
internal_count=301736 234664 206258 67072 31252 28406 12631 6156 5093 175006 170175 56904 35967 3532 1476 38402 4916 15775 2789 1661 113271 31530 81741 30558 14831 9254 2056 28670 1985 15727
is_linear=0
shrinkage=0.1


Tree=109
num_leaves=31
num_cat=0
split_feature=86 86 17 74 17 233 217 70 86 170 74 125 171 163 167 223 72 80 92 129 207 12 2 77 181 206 160 202 67 97
split_gain=36.8326 15.2253 5.67476 5.58764 5.00535 4.8114 4.67428 4.57311 4.46456 5.64497 5.39213 5.38692 4.16385 4.13148 4.7351 4.28526 5.60826 4.1663 4.12327 4.04812 5.79604 4.68958 4.18322 5.2786 4.53171 4.00565 3.97671 4.76022 4.63201 3.88808
threshold=-1.1817154288291929 -0.81289151310920704 15.500000000000002 0.33602151274681097 8.5000000000000018 0.056159006431698806 0.0048560693394392737 2.5000000000000004 -0.57369077205657948 0.57619032263755809 0.20112359523773196 -0.020666251890361306 0.55702176690101635 -0.26946805417537684 2.5000000000000004 -0.12317391857504843 0.041960094124078758 0.10119470953941347 0.85686516761779796 0.0063378438353538522 0.048751434311270721 51.500000000000007 0.11718410998582841 0.10432213917374612 0.19511502236127856 0.091853566467762007 1.0000000000000002 -0.14857511222362516 1.6894953250885012 0.0020736609585583214
decision_type=2 2 2 2 2 2 2 2 2 2 2 2 2 2 2 2 2 2 2 2 2 8 8 2 2 2 2 2 2 2
left_child=13 2 3 7 8 -4 -7 -2 9 19 -11 -12 29 15 -15 16 17 -1 -5 -3 -21 -22 -23 -24 -25 -10 27 -20 -28 -6
right_child=1 4 5 18 12 6 -8 -9 25 10 11 -13 -14 14 -16 -17 -18 -19 26 20 21 22 23 24 -26 -27 28 -29 -30 -31
leaf_value=-0.12436176479380333 -0.10037199138437243 0.091800790879150995 0.10991164913172771 0.055675367049473762 0.096580903238055071 0.081348874615611591 -0.074116291589303121 0.081121008590957625 0.1012408461407899 0.0729931342406928 -0.14385133189235444 0.032952220218163381 0.014820249892950811 0.035346488995189697 -0.055394958366928732 0.056290917526529365 0.094886205199527673 0.068297775606381617 -0.0052350522985565385 0.072579273532587751 0.16454850090184236 0.10155488568423475 0.07945159720836513 -0.08231104926826735 0.093865090423914194 0.075166238322388113 0.023771844107340703 0.08673627350973126 0.077632401460417264 0.11957969462631138
leaf_weight=4.2065348213527596 1.3891951082050571 942.839245574899 92.667048900833379 158.67753060844666 325.90462472464492 6.3114255526797916 2.7883951127441833 2220.109213027516 393.52064947278473 117.6513187921264 2.0469005111845044 10.900131192412569 5.5808282999801113 32.862751660577032 6.9704145616287851 260.43067618684063 3.0487432327354327 1.5309759576630311 5.8111302604420407 317.41640832786334 9.2704508943793353 116.42365448702003 40.158531764533109 4.0490609698117614 2.2834363867623324 69.290460300158884 27.393081700287667 178.17518497412311 38.280456534048881 94.913818276192615
leaf_count=233 180 45768 3623 11430 14231 425 418 130227 15797 6230 237 792 634 10339 4011 10192 95 49 695 17138 1985 3074 1586 318 56 3882 2431 9310 3011 2725
internal_value=0 0.0850628 0.0799279 0.0790313 0.0907826 0.103098 0.0337108 0.0810075 0.0887099 0.0861554 0.0662525 0.00499992 0.10063 0.0495261 0.0194676 0.0539736 -0.0147146 -0.0729532 0.0682799 0.08797 0.0805929 0.0953656 0.0914289 0.0660711 -0.0187837 0.097337 0.0762911 0.0838314 0.0551666 0.101768
internal_weight=0 5183.85 2731.6 2629.84 2452.25 101.767 9.09982 2221.5 2025.85 1563.04 130.598 12.947 426.399 309.05 39.8332 269.217 8.78625 5.73751 408.337 1432.44 489.602 172.185 162.915 46.491 6.3325 462.811 249.66 183.986 65.6735 420.818
internal_count=301122 276203 161750 157284 114453 4466 843 130407 96863 77184 7259 1029 17590 24919 14350 10569 377 282 26877 69925 24157 7019 5034 1960 374 19679 15447 10005 5442 16956
is_linear=0
shrinkage=0.1


Tree=110
num_leaves=31
num_cat=0
split_feature=86 86 206 159 149 7 209 104 160 177 151 215 149 203 135 146 170 105 210 184 7 3 180 138 127 158 182 135 86 186
split_gain=43.3949 12.7476 5.94153 4.11014 4.73549 6.39318 5.37074 4.00156 4.07563 4.45284 7.05606 6.75869 5.38932 4.97795 4.44994 4.24765 4.38151 4.70077 6.38713 4.1191 3.99316 4.26903 3.97227 4.45631 4.08827 4.07803 3.93817 4.0743 4.44705 4.21738
threshold=-1.1157679557800291 -0.83693176507949818 0.13482258468866351 1.7880823612213137 0.032627735286951072 0.11814556270837785 0.016777638345956806 -0.054226616397500031 1.0000000000000002 -0.15509576350450513 -0.018708723597228524 -0.059682304039597504 -0.032903954386711114 -0.15948425978422162 -0.045664543285965913 -0.011484586633741854 0.45793916285038 0.048400618135929115 0.039929306134581573 -0.10461028665304183 0.12129970267415048 0.16152751445770266 0.20824687927961352 0.031162411905825142 0.038426790386438377 0.36666667461395269 0.077435567975044264 -0.0030023509170860048 -1.3393942117691038 0.16578824818134311
decision_type=2 2 2 2 2 8 2 2 2 2 2 2 2 2 2 2 2 2 2 2 10 10 2 2 2 2 2 2 2 2
left_child=3 2 -2 4 22 -6 -7 -3 19 13 11 20 -13 -10 -15 -12 -17 -18 -19 -9 -11 -22 25 24 -24 -1 27 29 -29 -27
right_child=1 7 -4 -5 5 6 -8 8 9 10 15 12 -14 14 -16 16 17 18 -20 -21 21 -23 23 -25 -26 26 -28 28 -30 -31
leaf_value=0.042464279950226475 0.078910038376111949 0.083459049550476339 0.10816289740919155 0.075349361298025538 -0.11636413058866445 0.060429593980820928 -0.031523177004838379 0.10741950637528497 -0.03698142512555657 0.044656678701255219 0.076103133153130068 -0.081597901628440411 0.072392595317100156 -0.055724649809585018 0.11115396807931828 0.11612468007513554 0.095153832366465796 0.07370745573647064 -0.040159652717218206 0.092969913238276539 0.060506407605049412 -0.12843630644275433 0.10023002713586937 0.011418912457659112 -0.082145514875729103 0.082485340036141497 0.10056305500189991 -0.081564433256255731 0.041952318098404245 -0.051658565909903788
leaf_weight=232.81055225544037 2158.7655876233066 685.28382867920209 71.739627405922874 80.887042265410855 3.3832481758743169 18.638622606865741 9.635699822573768 243.88335587965412 2.4039274305569043 5.8064401441342834 202.85652055742094 2.3409965260743766 77.927941995605579 1.6231003249213234 102.96483014797241 72.844949210379809 214.46795630383463 49.234748311139356 5.4738475943124731 1032.5010489454946 1.6941505013910498 4.0654563348643933 38.452935732270134 7.7311979773317026 1.2697402886442422 44.981182843292117 25.092333686526217 3.163118696635137 37.141516560312311 2.4725201724941135
leaf_count=24040 126813 34323 5706 2361 1167 1386 956 9888 179 504 11735 289 4729 243 5609 2458 11764 2430 906 43602 158 337 2456 720 315 2160 926 417 2527 233
internal_value=0 0.0854477 0.0798509 0.054689 0.0507548 0.0135477 0.0290927 0.0900622 0.0923022 0.0864178 0.0832459 0.0576037 0.0679016 0.105294 0.108564 0.0875677 0.0943674 0.0884794 0.0623145 0.0957308 -0.0138638 -0.07286 0.053751 0.080881 0.0944004 0.0500265 0.0656274 0.0556384 0.0322587 0.0754959
internal_weight=0 4935.88 2230.51 505.66 424.773 31.6576 28.2743 2705.37 2020.09 743.705 636.713 91.835 80.2689 106.992 104.588 544.878 342.022 269.177 54.7086 1276.38 11.566 5.75961 393.115 47.4539 39.7227 345.661 112.851 87.7583 40.3046 47.4537
internal_count=301337 261673 132519 39664 37303 3509 2342 129154 94831 41341 35310 6017 5018 6031 5852 29293 17558 15100 3336 53490 999 495 33794 3491 2771 30303 6263 5337 2944 2393
is_linear=0
shrinkage=0.1


Tree=111
num_leaves=31
num_cat=0
split_feature=86 86 171 157 170 22 7 189 88 138 216 212 199 118 157 11 120 231 153 2 176 170 79 198 71 144 116 153 139 90
split_gain=31.3113 12.2412 4.56096 3.9393 4.99318 4.45089 5.84184 4.0974 6.67924 4.62831 4.77639 4.21143 3.93057 4.8359 3.87924 3.8685 5.59902 4.4859 9.9758 7.28349 4.96169 4.44337 5.24475 4.39384 5.21995 4.78239 4.57665 4.20208 6.17955 5.76763
threshold=-1.1157679557800291 -0.82948100566864003 0.083927519619464888 0.65620106458663952 0.45127125084400183 1.0000000180025095e-35 0.15815528482198718 -0.088902097195386873 0.75386101007461559 0.022440326400101188 -0.028152477927505967 0.031440380960702903 0.20268961042165759 0.030016342177987102 0.38645555078983312 0.072795797139406218 -0.088510572910308824 -0.038352757692337029 0.011811671778559686 0.16491228342056277 0.066228091716766371 0.48147568106651312 0.35424837470054632 0.011749878060072662 0.17033365368843081 1.0000000180025095e-35 0.060952384024858482 -0.017781806178390976 0.014953477308154108 1.7661458253860476
decision_type=2 2 2 2 2 2 10 2 2 2 2 2 2 2 2 10 2 2 2 10 2 2 2 2 2 2 2 2 2 2
left_child=2 14 -1 4 5 -3 -7 8 9 -6 11 -11 -9 -14 -2 17 -17 18 -16 20 23 22 -19 24 26 -25 -20 29 -29 -23
right_child=1 3 -4 -5 7 6 -8 12 -10 10 -12 -13 13 -15 15 16 -18 21 19 -21 -22 27 -24 25 -26 -27 -28 28 -30 -31
leaf_value=0.06715547081692981 0.036222219765758276 0.10547366602504296 0.04769818896293853 0.098053107528739969 0.10608758333905384 0.091357625773625772 -0.016879041357519234 0.08508279431376313 0.038853462847272494 -0.052261826409922323 0.086796512777275847 0.090506421789915359 0.064149721219906516 -0.057250648870117452 0.09530570086795552 -0.03132803487711891 0.096307471263528177 0.081055664990658971 0.073854276770613181 0.13704611555543342 0.084841195683758169 0.022769474100523834 0.11353965300171087 -0.031781030507472011 -0.074241322911829624 0.049636168716499007 -0.033192140759572032 0.06996613160855758 0.087661715452276176 0.071076813480682996
leaf_weight=340.71710822434216 19.475084592318126 242.28064717766756 186.37282787531785 555.61462676926749 256.53223760393735 17.700912601782878 6.9422880006113692 1455.862565970762 18.981859558673023 4.9882322274397648 61.356406440644605 3.5271419936962047 19.928003310532862 3.9279921223214833 420.92393723806276 3.4963543032190492 202.16584584734392 470.63547577156487 56.521592311968107 13.063419341493043 48.738539173665686 37.302287799369424 55.572301412104252 13.023099471171465 2.763221596155744 16.175720291431617 4.2976349572495556 642.35373469830802 284.86135148198287 73.248050019088623
leaf_count=30151 15525 11851 9527 3102 15458 1347 674 83179 1527 1023 3468 627 1574 569 18078 254 9606 16893 3556 730 3068 3088 2668 1428 377 1297 400 40380 15176 5054
internal_value=0 0.085898 0.0602756 0.0905684 0.0885805 0.101355 0.060866 0.0867122 0.0965194 0.099873 0.0770562 0.00687402 0.084423 0.0441606 0.0806687 0.0810378 0.0941376 0.0797786 0.0873271 0.0656016 0.0590067 0.0770009 0.0844863 0.0454357 0.0601828 0.0133229 0.0662901 0.0732054 0.0754026 0.0547768
internal_weight=0 5012.26 527.09 2647.64 2092.03 266.924 24.6432 1825.1 345.386 326.404 69.8718 8.51537 1479.72 23.856 2364.62 2345.14 205.662 2139.48 575.507 154.583 141.52 1563.97 526.208 92.7813 63.5824 29.1988 60.8192 1037.77 927.215 110.55
internal_count=301655 261977 39678 124399 121297 13872 2021 107425 22103 20576 5118 1650 85322 2143 137578 122053 9860 112193 28934 10856 10126 83259 19561 7058 4333 2725 3956 63698 55556 8142
is_linear=0
shrinkage=0.1


Tree=112
num_leaves=31
num_cat=0
split_feature=74 63 104 66 171 178 121 170 146 149 198 212 119 5 197 216 213 135 195 95 164 219 66 183 120 182 12 6 12 160
split_gain=17.7451 9.66333 7.81147 6.24739 5.945 6.83459 5.57539 6.99036 5.10694 5.95329 5.41026 5.4598 5.07838 4.95638 4.64646 4.58487 4.52771 5.93673 5.52716 4.45491 4.13145 4.66171 4.05346 6.45293 5.08559 4.19439 4.54845 4.30218 4.04092 4.73948
threshold=0.27622890472412115 0.33389289677143102 -0.085044816136360155 3.9601714611053471 0.031562097370624549 -0.41542993485927576 0.051499282941222198 0.55722075700759899 -0.0056483102962374679 -0.019679726101458069 0.044963395223021514 0.089746031910181059 0.04763475991785527 0.18286311626434329 0.008136386517435314 -0.11351570114493369 -0.063174605369567857 0.01513751642778516 0.096605032682418837 -0.1859767064452171 4.7405652999877939 0.090445328503847136 0.44292262196540838 -0.056526971980929368 -0.049451503902673714 0.083772294223308577 306.00000000000006 0.25657895207405096 182.50000000000003 1.0000000000000002
decision_type=2 2 2 2 2 2 2 2 2 2 2 2 2 10 2 2 2 2 2 2 2 2 2 2 2 2 8 8 10 2
left_child=1 2 22 13 12 -6 -4 -8 9 -5 11 19 15 16 -14 -2 17 18 -3 -11 21 -10 23 24 -1 -24 27 -27 -17 -30
right_child=4 3 6 8 5 -7 7 -9 20 10 -12 -13 14 -15 -16 28 -18 -19 -20 -21 -22 -23 25 -25 -26 26 -28 -29 29 -31
leaf_value=-0.038091593522718889 0.029243504285312995 0.081260467616621646 0.091735200666008807 -0.024106205850742572 -0.16073117206462695 0.064255202411380552 0.085296517399395949 0.05275413246342512 0.011725526967293929 -0.072516935943506153 0.017243319097161706 -0.11917202879062423 0.05507229813309155 -0.013961325610269469 0.12548727370565124 0.089425443765348306 0.085279950977454874 -0.0097646306765546576 -0.027993261014399098 0.1049287705848448 0.05604490803676139 -0.14322250401181194 0.084034642027929374 0.078213821393766772 0.047977643395136493 0.0081279720854122352 0.085309807432756665 0.44986047095729403 0.077030985293953372 0.037143998889263521
leaf_weight=8.6544717125589141 20.059780266054076 46.447856504702713 2838.0967207408949 6.0211782745093378 1.3538930077083922 495.77448465738757 458.43803233355607 77.111684687610477 20.794578802824166 1.4590278801251759 11.148834388144335 1.1689143282226258 12.223583563292321 5.6197506154644534 40.15813808991561 166.07335475846344 331.76374221301796 11.263815589573595 5.1432591355569448 46.719209241081671 24.96822251352296 2.1416322909672081 573.32469896912585 84.305883391722773 33.20330666282166 17.899779862233576 17.24875206374395 0.22322972502070015 120.29152862451701 39.595573400370995
leaf_count=478 2401 2102 141689 918 150 19536 22716 5233 5344 271 1649 296 2160 1116 2077 23239 12803 712 219 2966 1298 625 33997 3414 1384 3439 1370 70 4470 2900
internal_value=0 0.0863161 0.0879342 0.0733987 0.0709364 0.0636425 0.0899693 0.0806109 0.0527926 0.0707213 0.0801595 0.0943739 0.0800378 0.0792896 0.109056 0.075645 0.0806176 0.0560085 0.0703687 0.099555 0.027898 -0.0027425 0.0785915 0.0622781 0.0301821 0.0819728 0.0485528 0.013569 0.0785006 0.0671531
internal_weight=0 4623.17 4108.51 514.66 895.53 497.128 3373.65 535.55 114.422 66.5172 60.496 49.3472 398.402 400.238 52.3817 346.02 394.619 62.8549 51.5911 48.1782 47.9044 22.9362 734.86 126.164 41.8578 608.696 35.3718 18.123 325.96 159.887
internal_count=301042 244109 213790 30319 56933 19686 169638 27949 13367 6100 5182 3533 37247 16952 4237 33010 15836 3033 2321 3237 7267 5969 44152 5276 1862 38876 4879 3509 30609 7370
is_linear=0
shrinkage=0.1


Tree=113
num_leaves=31
num_cat=0
split_feature=93 171 121 157 182 63 157 175 98 63 171 93 109 17 178 162 162 209 189 2 192 202 195 4 229 211 6 17 157 232
split_gain=22.1697 9.63726 9.2624 8.65967 8.22603 6.96203 6.5928 6.06221 4.96898 4.48528 4.99267 5.06878 5.52357 4.43477 4.26939 4.23 4.11969 5.46755 4.07493 5.07092 4.94588 4.03209 3.98188 3.92099 3.8253 3.87422 3.81625 3.8026 3.79248 4.50658
threshold=0.077083554118871703 -0.0079704159870743734 0.079121366143226637 0.47923383116722112 -0.044490316882729523 -0.010310997255146502 0.48269094526767736 -0.017612827010452744 0.20070208609104159 0.33389289677143102 0.12227170169353486 -0.15474949777126309 0.06873937696218492 13.500000000000002 -0.12964142858982083 203.13194274902347 74.273273468017592 -0.078856542706489549 0.056117258965969093 0.0089832418598234671 0.13520813733339312 0.15780281275510791 -0.02070347964763641 0.18350168317556384 -0.10544941201806067 -0.022112962789833542 0.050252525135874755 31.500000000000004 0.38645555078983312 -0.028924751095473763
decision_type=2 2 2 2 2 2 2 2 2 2 2 2 2 2 2 2 2 2 2 8 2 2 2 10 2 2 10 2 2 2
left_child=2 6 9 -3 -4 18 7 16 -9 10 13 12 -12 23 -7 27 -2 -18 19 -5 -21 26 -14 -1 -6 -26 28 -16 29 -15
right_child=1 3 4 5 24 14 -8 8 -10 -11 11 -13 22 21 15 -17 17 -19 -20 20 -22 -23 -24 -25 25 -27 -28 -29 -30 -31
leaf_value=0.088225857632001997 0.025459076832470853 0.028047732213478185 0.045994176630391327 0.10083253414165552 -0.043682336363792561 0.087720831392550269 0.085830745816420931 0.08772373130041855 0.45454239633866966 0.077357072583543102 0.19279367358690502 0.10872059274425246 1.0018746098744857 0.56107530404221551 0.058668479836942428 -0.15180359232937651 -0.016287895054005821 0.073551004964063957 0.092000013121074808 0.054771618064316255 0.099782706983064226 -0.098198645178004779 0.3201500874172119 0.10807625583592027 0.096966592175371236 0.071442497484522277 0.094414363785555566 0.13581370963044684 0.12547555749172554 -0.043906296121586613
leaf_weight=2648.3640951451553 40.673539267240358 52.606876058012745 89.188001320815829 44.787606235970998 2.4170444779633717 59.461515681477067 756.81065483378916 61.158692244964755 0.37153089080356849 278.7160947882835 2.289613709677496 99.522351339620627 0.15320071381484013 0.41287092466700415 468.30561737697963 0.94729160028509696 7.5054930940507338 69.535532925629241 164.79875192162581 135.29526299108056 29.786624395799663 0.94857677422987663 0.19439336065624946 103.39266010249867 106.76502928768423 134.23893947779948 79.570109453767145 6.4778102090040184 58.052562370868145 0.17545534404234686
leaf_count=117625 12133 13046 6615 3913 658 1425 24059 15494 110 16463 1305 13784 97 80 18936 34 2141 14964 4237 4496 618 243 94 10842 5432 7470 2470 77 2199 188
internal_value=0 0.0745219 0.0878741 0.0674956 0.0719751 0.0697764 0.0817465 0.0645018 0.0899387 0.0894904 0.0906203 0.112347 0.249182 0.0898525 0.0624575 0.0592998 0.0512058 0.0647987 0.0802312 0.0709897 0.0628932 0.107269 0.620617 0.0889717 0.0814943 0.0827497 0.108679 0.059721 0.128036 0.380653
internal_weight=0 1898.52 3604.4 962.467 332.609 909.86 936.055 179.245 61.5302 3271.79 2993.08 102.16 2.63721 2890.92 535.192 475.731 117.715 77.041 374.668 209.869 165.082 139.16 0.347594 2751.76 243.421 241.004 138.211 474.783 58.6409 0.588326
internal_count=301248 115683 185565 46782 20175 33736 68901 44842 15604 165390 148927 15280 1496 133647 20472 19047 29238 17105 13264 9027 5114 5180 191 128467 13560 12902 4937 19013 2467 268
is_linear=0
shrinkage=0.1


Tree=114
num_leaves=31
num_cat=0
split_feature=86 86 93 8 81 164 160 144 4 93 151 138 221 109 85 206 95 111 157 208 77 223 99 188 79 167 147 72 188 184
split_gain=34.6258 14.2711 5.44587 5.1829 5.03486 5.33384 5.9046 7.38804 4.6794 4.60177 4.43491 4.68853 4.8645 4.83339 4.41922 4.50819 4.34152 4.32171 5.1064 4.17241 5.92224 4.12253 4.07943 3.9837 4.71743 4.33453 3.9783 3.90909 3.87213 3.82508
threshold=-1.1157679557800291 -0.82948100566864003 0.30615940690040594 0.20423918217420581 0.06138147599995137 5.0782890319824228 1.0000000000000002 -0.0024654393782839175 0.099773757159709944 0.38426664471626287 -0.049667725339531892 0.022440326400101188 -0.030779079534113404 -0.08024048805236815 51.500000000000007 -0.071033537387847887 0.03084543347358704 0.058338128030300147 0.61261695623397838 0.066006064414978041 0.22915057837963107 0.083512455224990859 -0.14047756791114804 0.041501546278595931 0.020620748400688175 3.5000000000000004 0.0076030080672353515 0.062996033579111113 0.051216265186667449 0.18235703557729724
decision_type=2 2 2 10 2 2 2 2 8 2 2 2 2 2 2 2 2 2 2 2 2 2 2 2 2 2 2 2 2 2
left_child=-1 2 -2 29 5 9 -7 26 22 -3 -10 13 28 -12 21 -16 -5 -18 -19 23 -21 -14 -6 -15 -25 -26 -8 -24 -13 -4
right_child=1 4 3 16 8 6 7 -9 10 -11 11 12 14 19 15 -17 17 18 -20 20 -22 -23 27 24 25 -27 -28 -29 -30 -31
leaf_value=0.058924425460340671 0.081981515533143035 0.097167452981646904 0.05425499643307416 0.094071349717738714 0.012469815003889119 0.092986104446931783 0.1036172412005046 0.036991484189848121 -0.059669984246201194 0.0030594028776536044 -0.045203820124865908 0.036630998135437236 0.11030133084208893 0.098618719176621822 -0.047100754373944877 0.061382794365827331 0.067161455395270006 0.052789021479306121 -0.13962145382434196 0.066834762138780854 -0.090527299163963959 -0.0096467070791974602 0.098504133114710096 -0.035420659371505632 0.081698668001966554 -0.03608638601798303 0.054817237825032006 0.0780624071709526 -0.0690153642102352 -0.041976368940670201
leaf_weight=519.80037524450108 2082.8081799968622 1421.2503043536551 109.74927613572186 81.001807564292903 6.3988368199870811 213.05322497504335 46.87972484257125 52.404247609743379 2.3501394743311712 5.215086882396462 2.9283418711765981 14.206619986623084 25.032322705861592 171.44226735826987 4.9650338388019035 16.766481257453506 43.703459591568389 3.3999345272759447 2.320809954253491 61.450966767669797 2.4884302342406945 3.2357255995993901 338.75766531289935 3.7726781610440403 107.81471611064535 3.2176056862017495 25.954135548767681 129.2392113314296 4.5902425910826414 4.2920795546085619
leaf_count=39576 121021 68870 10169 2978 617 5423 1323 2565 169 711 339 946 1005 7283 433 1086 1957 390 30 3057 220 139 17130 293 3801 321 984 7076 412 701
internal_value=0 0.0860449 0.0803242 0.0662046 0.0910435 0.0941461 0.0828569 0.0656253 0.0849507 0.0968234 0.0773202 0.0780833 0.0542006 0.0827362 0.0705046 0.0365974 0.0798198 0.0564629 -0.0252687 0.0838061 0.0607105 0.0965714 0.0917747 0.088965 0.0745488 0.0782854 0.0862275 0.0928591 0.0108319 0.0506332
internal_weight=0 4990.69 2327.28 244.467 2663.41 1764.76 338.291 125.238 898.657 1426.47 424.262 421.911 68.7964 353.115 49.9996 21.7315 130.426 49.4242 5.72074 350.187 63.9394 28.268 474.396 286.247 114.805 111.032 72.8339 467.997 18.7969 114.041
internal_count=301025 261449 137246 16225 124203 79876 10295 4872 44327 69581 19504 19335 4021 15314 2663 1519 5355 2377 420 14975 3277 1144 24823 11698 4415 4122 2307 24206 1358 10870
is_linear=0
shrinkage=0.1


Tree=115
num_leaves=31
num_cat=0
split_feature=88 93 93 103 186 182 172 101 202 159 159 98 163 65 179 189 199 170 148 83 191 63 174 4 194 152 208 107 136 157
split_gain=16.842 8.77238 7.65268 6.78337 5.91071 5.79065 5.25644 5.10047 4.99528 4.83786 6.47111 5.24016 4.82994 4.71961 4.66363 4.56505 4.50454 4.48506 4.38807 4.30269 5.12622 5.62935 5.21368 4.29574 4.07225 4.5138 5.63303 4.09157 4.99339 4.02096
threshold=0.72487875819206249 0.077083554118871703 0.30615940690040594 0.10245418176054956 0.14409029483795169 -0.033262830227613442 -0.14683860540390012 -0.12409685924649237 0.15780281275510791 0.46691174805164343 0.05378686077892781 -0.085028894245624528 -0.095191031694412218 110.50000000000001 0.10937350988388063 -0.14531102776527402 0.022052907384932045 0.44100475311279302 -0.0075013951864093533 10.500000000000002 0.062463195994496352 -0.17180135101079938 0.19042502343654635 0.028991596773266796 0.10624305531382562 0.051856007426977165 -0.0098420460708439333 -0.0099279228597879392 0.00097616488346830021 0.52938795089721691
decision_type=2 2 2 2 2 2 2 2 2 2 2 2 2 2 2 2 2 2 2 2 2 2 2 8 2 2 2 2 2 2
left_child=1 6 3 17 24 9 7 23 -9 10 12 -12 -5 14 -3 -13 -15 -2 -18 20 21 22 -19 -1 25 -4 -27 28 -26 -11
right_child=2 13 4 5 -6 -7 -8 8 -10 29 11 15 -14 16 -16 -17 18 19 -20 -21 -22 -23 -24 -25 27 26 -28 -29 -30 -31
leaf_value=0.00058902226421751074 0.099072570240623908 0.079421524517726244 0.063987580473238839 -0.16937786256998907 0.0064264058869539543 0.076866723530130243 0.093855678961482711 0.089089708668928333 -0.0046349983856070753 0.0048272619251047708 -0.036445944289163458 -0.027930870686674766 0.04397922320210796 0.068626136652843173 0.11061525421846373 0.11022363062671388 -0.09899493298578621 0.089820402935754051 0.033328078315963343 0.093779181752962709 0.06732561032919708 0.077643918687152341 0.13447957153465892 0.069826827815291925 0.1160639988385796 -0.046112535340398282 0.070543913437222772 0.10561835500623873 0.00063333519548227084 0.051256583029790373
leaf_weight=9.786995656848374 144.95313210999211 691.32372093621848 228.7204471500022 1.6666046591071788 17.621862320746004 269.53391746130887 1829.6195686475523 400.75422550898509 5.7684352155189336 24.170540029095491 2.97465456808004 2.5585368108813773 2.9200559954620067 51.84698011913224 51.498336022245667 36.689098138017016 3.0795617080984838 203.14798571697793 13.458818400636572 212.78865855142067 313.43857631187836 705.48717716232989 30.001678683025602 106.162703728716 6.1729268756243973 8.6122654503074063 7.9697433011094736 42.986849069379105 9.5383592395414762 81.710150405899185
leaf_count=1431 7616 38231 15479 150 2283 17283 94670 16606 721 4202 415 405 325 1588 4801 2375 276 9631 1096 10019 20872 39094 1476 3136 286 750 898 1883 870 2204
internal_value=0 0.0882368 0.0770655 0.079334 0.0627328 0.0680524 0.0913295 0.082483 0.0877598 0.0524929 0.079264 0.0915187 -0.033546 0.0792698 0.0815841 0.101217 0.0541308 0.082293 0.00868861 0.0806326 0.0783984 0.0820959 0.0955671 0.0639827 0.0659967 0.0603351 0.00995558 0.089657 0.0459858 0.0406577
internal_weight=0 3163.3 2353.66 2032.04 321.622 422.224 2352.09 522.472 406.523 152.69 46.809 42.2223 4.58666 811.207 742.822 39.2476 68.3854 1609.82 16.5384 1464.86 1252.08 938.637 233.15 115.95 304.001 245.302 16.582 58.6981 15.7113 105.881
internal_count=301072 162556 138516 116067 22449 27359 116564 21894 17327 10076 3670 3195 475 45992 43032 2780 2960 88708 1372 81092 71073 50201 11107 4567 20166 17127 1648 3039 1156 6406
is_linear=0
shrinkage=0.1


Tree=116
num_leaves=31
num_cat=0
split_feature=93 81 181 222 170 81 1 88 152 206 161 113 216 218 180 170 179 133 124 127 2 159 149 214 174 105 137 191 9 166
split_gain=19.6687 10.5274 6.42739 5.26097 4.6697 5.27287 4.78708 4.84934 4.77588 6.39951 4.96582 4.71802 4.63317 4.58541 4.42031 5.25167 5.11884 5.17972 5.14236 4.31733 4.26149 4.16658 4.73605 5.77753 3.90616 4.88481 3.90146 3.89466 3.92268 5.14704
threshold=0.18084443360567096 0.29944230616092687 -0.02842360362410545 0.094793085008859648 0.41605599224567419 0.06138147599995137 0.13161150366067889 0.77847048640251171 0.051856007426977165 -0.10907873138785361 2.6733570098876958 0.073303990066051497 0.12994600087404254 -0.132128931581974 1.0000000180025095e-35 0.50845614075660717 0.047787234187126167 0.0058056535199284562 -0.0078339842148125154 0.014666924253106119 0.15815528482198718 0.66298621892929088 0.021297107450664047 -0.06914783269166945 -0.27805669605731959 -0.094599328935146318 -0.062761675566434846 0.10707959905266763 0.016181399114429954 0.8018685281276704
decision_type=2 2 2 2 2 2 8 2 2 2 2 2 2 2 2 2 2 2 2 2 10 2 2 2 2 2 2 2 8 2
left_child=1 4 3 12 6 8 -1 -8 11 -10 -11 24 -3 -13 15 19 20 -18 -19 -2 -17 -16 -23 -24 25 -6 -27 28 -15 -30
right_child=14 2 -4 -5 5 -7 7 -9 9 10 -12 13 -14 27 21 16 17 18 -20 -21 -22 22 23 -25 -26 26 -28 -29 29 -31
leaf_value=0.11191124227945592 0.064971228904891778 0.093439116678871476 0.053329575544771482 -0.04682514250279677 -0.093978289321214895 0.082300173805860799 0.076665741922162092 -0.08947257317409385 0.10662766164353046 -0.088951765632702379 0.070818480604200873 -0.017380721706204184 -0.046126013245752447 0.080653169319451767 0.087908046765187958 0.06140485495232121 -0.020337561679422654 -0.10407570195590424 0.1183090602111096 0.091719208543976 -0.028934275516930598 0.075662454417751157 -0.082612581444600416 0.050897602658723423 0.093765747465830399 -0.13881723295458723 0.079881294289994381 0.1002251641750071 0.0022070547227117493 0.076970479330484468
leaf_weight=131.8704303859563 155.60922803995368 94.896478447759819 151.09646857975144 2.8963029033609464 1.6592843857733885 1602.7996546515196 22.478527914408918 1.9058397154826696 58.516011429553373 1.9630527668964521 215.78525581369991 5.1813440976793563 2.4397697636259172 74.834167893669019 225.28958677862101 264.5248117000499 16.301853548190596 1.2520561938081298 6.1337771278303981 98.567362221972644 5.3268258762259384 227.48829850682159 3.4897408806800732 45.520731035690687 1887.3488582697501 0.82048778433181624 140.08073268009935 53.918387323343495 17.837255820316841 19.034840497087771
leaf_count=5454 12693 7403 10147 531 145 88212 1416 262 1547 260 12664 296 469 4301 16344 13683 2385 306 584 6112 864 10538 477 2817 91663 141 4821 1642 2615 663
internal_value=0 0.0862393 0.0663544 0.0859889 0.0874191 0.0867693 0.104385 0.0636807 0.0896612 0.077268 0.0693781 0.091217 0.0899409 0.0752551 0.0710327 0.0648209 0.0557091 0.011138 0.0806101 0.0753439 0.0596216 0.0778131 0.0695877 0.0413911 0.0925601 0.076599 0.0786078 0.0781531 0.0674994 0.0408029
internal_weight=0 4487.36 251.329 100.233 4236.03 4079.78 156.255 24.3844 2476.98 276.264 217.748 2200.72 97.3362 170.806 1049.5 547.716 293.539 23.6877 7.38583 254.177 269.852 501.788 276.499 49.0105 2029.91 142.561 140.901 165.625 111.706 36.8721
internal_count=301455 234652 18550 8403 216102 208970 7132 1678 120758 14471 12924 106287 7872 9517 66803 36627 17822 3275 890 18805 14547 30176 13832 3294 96770 5107 4962 9221 7579 3278
is_linear=0
shrinkage=0.1


Tree=117
num_leaves=31
num_cat=0
split_feature=86 86 160 194 138 77 157 170 142 156 210 209 113 151 224 184 153 170 66 129 137 207 215 118 157 171 97 104 153 163
split_gain=31.0486 11.4576 5.47129 5.20448 6.04016 6.43507 4.7194 7.09303 6.00525 4.813 5.00024 4.80091 5.48381 4.55401 5.01109 4.72262 4.46807 4.8672 4.40767 4.39719 4.37304 4.35904 4.24927 4.22453 4.13557 5.05898 4.83101 4.28471 4.059 4.81805
threshold=-1.0720092654228208 -0.6793040633201598 1.0000000000000002 -0.01039012800902128 -0.024953392334282395 0.019419306889176372 0.49699012935161596 0.49810701608657842 0.0050980211235582837 0.2327174320816994 0.20375477522611621 0.12291605025529863 -0.097955655306577669 -0.010797154158353804 -0.0082586882635951025 -0.09811310842633246 -0.04438930191099643 0.58950042724609386 0.53280648589134227 0.019285777583718303 -0.070886764675378786 1.0000000180025095e-35 0.087015066295862212 0.070579815655946745 0.68542924523353588 0.55702176690101635 -0.015564252622425554 -0.14311362057924268 0.029466914944350723 0.58700639009475719
decision_type=2 2 2 2 2 2 2 2 2 2 2 2 2 2 2 2 2 2 2 2 2 2 2 2 2 2 2 2 2 2
left_child=2 6 -1 13 -5 22 7 8 11 -8 24 -2 -13 15 -15 -4 17 -9 -7 20 -10 -21 -6 -16 25 27 -27 -11 -29 -30
right_child=1 -3 3 4 5 18 9 16 19 10 -12 12 -14 14 23 -17 -18 -19 -20 21 -22 -23 -24 -25 -26 26 -28 28 29 -31
leaf_value=0.070202220663833734 0.073190359223891041 0.09494280602745879 0.068651186188175353 0.097718100605096656 0.085748430914270812 0.064642464611308292 0.089729507228386143 0.13367132962089612 -0.025127900299725808 0.052284291343085848 0.12291659566517087 0.36648722872468459 -0.020805220515272567 0.017490625435415505 0.082502548307154144 -0.016059957184004443 0.045320753674274433 0.74283536518700777 0.0030478457447343094 0.0047492565109545047 0.10562149896209903 0.09592894732836052 -0.029957592368198262 -0.069471267044617827 0.09155578129707051 0.015848553241585364 0.08882313957103935 0.082652060893685653 0.066947687879664972 -0.081341748569548164
leaf_weight=509.57321467930717 228.63782723846731 1171.2561502449444 8.7913003850319438 38.870925315663271 44.05895733648822 18.4919899901397 1267.9633369435942 3.7299836139989107 2.6110226473513185 54.269431563638136 29.029959704348585 0.38284655121606093 8.115062335501305 26.90263243377899 34.411982518386367 26.177770030532429 90.774771530643818 0.13594303946774733 31.252555670250217 9.7660276191822977 126.01007219169492 11.321406145859553 3.4203649812006907 1.9317939876887056 312.83525849331636 24.173434742117024 14.521457018151521 1288.052566258134 134.52947596210652 2.2273192948705391
leaf_count=32803 34702 51500 1010 2472 3391 982 47803 784 485 1741 461 45 2653 2722 2803 3339 43811 50 4199 1912 15556 1792 602 292 2366 1660 857 33903 3114 862
internal_value=0 0.0863489 0.0643868 0.0517394 0.0644002 0.0510794 0.0835599 0.0743436 0.0803469 0.0849787 0.0817395 0.0704472 -0.00335698 0.0341956 0.0502071 0.00523661 0.0498047 0.155092 0.025945 0.0960279 0.102967 0.0537017 0.0774131 0.0744246 0.0810865 0.0789287 0.0432345 0.0798625 0.0809129 0.0645325
internal_weight=0 4780.34 743.883 234.31 136.095 97.2239 3609.09 481.485 386.844 3127.6 1859.64 237.136 8.49791 98.2155 63.2464 34.9691 94.6407 3.86593 49.7445 149.709 128.621 21.0874 47.4793 36.3438 1830.61 1517.77 38.6949 1479.08 1424.81 136.757
internal_count=300672 246057 54615 21812 11646 9174 194557 101790 57145 92767 44964 37400 2698 10166 5817 4349 44645 834 5181 19745 16041 3704 3993 3095 44503 42137 2517 39620 37879 3976
is_linear=0
shrinkage=0.1


Tree=118
num_leaves=31
num_cat=0
split_feature=74 81 182 157 63 102 12 82 99 17 197 156 170 168 148 157 107 224 156 157 187 174 108 13 152 226 181 63 211 200
split_gain=13.5707 10.2157 9.09028 6.62496 5.59669 5.44227 5.36261 5.8676 6.32501 5.07469 5.02046 6.07901 4.95852 5.40297 5.90396 4.8705 5.12541 4.31725 4.22246 5.49642 4.98913 5.35378 6.96848 6.17411 5.38986 5.09845 4.41422 4.38564 4.35347 4.4232
threshold=0.33602151274681097 0.15569985657930377 -0.080040879547595964 0.60324698686599743 0.5599481761455537 0.15168116241693499 126.50000000000001 0.023532669059932235 0.10381183028221132 26.500000000000004 0.051219927147030837 0.17480158805847171 0.54398375749588024 2.9806162118911748 0.021650709211826328 0.55457308888435375 0.096937179565429701 -0.060696939006447785 0.13367697596549991 0.47923383116722112 -0.15447387844324109 -0.13903615623712537 -0.053655957803130143 0.066902238875627532 -0.033715577796101563 -0.049731027334928506 0.05949723161756993 -0.33885401487350458 -0.051690213382244103 0.14265307784080508
decision_type=2 2 2 2 2 2 10 2 2 2 2 2 2 2 2 2 2 2 2 2 2 2 2 10 2 2 2 2 2 2
left_child=1 3 6 4 9 -4 7 8 -3 12 -2 -12 18 -14 -15 16 -8 -9 27 26 -21 22 -22 -24 25 -23 -20 -1 -26 -30
right_child=10 2 5 -5 -6 -7 15 17 -10 -11 11 -13 13 14 -16 -17 -18 -19 19 20 21 24 23 -25 28 -27 -28 -29 29 -31
leaf_value=0.11275345400775734 0.06185836018800759 -0.01358763060067775 0.078675779855796255 0.091517170017562877 0.057163942740974028 0.11764275559704121 0.024203475744014838 -0.1204883517295286 0.074289150487361538 0.13282998045953179 0.10180492217831649 0.068239165689357298 0.025568051375598706 0.079124917745951331 0.0086875773918778185 0.075273702840817594 0.16646521202292577 0.099010793123522609 0.067772259937900134 0.10290595894123356 0.022494074613199366 0.097906696699011198 0.064753559156445012 0.095943797964705257 0.098236648461597881 -0.063740312479640307 0.0042538842320913551 0.088825457568690022 0.079147970466249801 0.11040935506195411
leaf_weight=91.041075773090711 388.08740039561167 29.17037074812265 680.76729141313012 1680.2714924949532 79.539518990771739 37.833389761723311 34.759408795614036 0.9583501203180721 11.388152383555733 21.224292337384213 84.683586459184653 148.70010003993229 24.082981044716007 220.37991646097248 12.578957202923673 136.12251893462235 2.7315336872093203 13.788146719055019 88.306392695618342 127.65250752317661 27.178355209753136 3.3845377529432881 183.78353443719243 96.942011967345024 246.19731502084596 4.6074007606839578 12.488199096576862 482.85079005361979 475.60773931352287 50.020735692409289
leaf_count=10655 28542 4746 44399 18306 7082 2181 3622 194 1207 834 8181 4297 8517 27738 2598 1997 87 1104 14356 3910 1718 102 8507 1932 7490 299 2585 64695 17777 1589
internal_value=0 0.0845191 0.075199 0.0867672 0.0832166 0.0807273 0.0578451 0.0307271 0.0110867 0.0841722 0.0688283 0.0804185 0.0836912 0.07066 0.0753215 0.0664836 0.0345685 0.0847459 0.0854634 0.0823424 0.0842034 0.0820085 0.0708435 0.0755244 0.0864169 0.00471622 0.0599025 0.0926213 0.0872629 0.0821229
internal_weight=0 4875.66 947.519 3928.14 2247.87 718.601 228.918 55.305 40.5585 2168.33 621.471 233.384 2147.1 257.042 232.959 173.613 37.4909 14.7465 1890.06 1316.17 1215.37 1087.72 307.904 280.726 779.818 7.99194 100.795 573.892 771.826 525.628
internal_count=301247 260227 59537 200690 182384 46580 12957 7251 5953 175302 41020 12478 174468 38853 30336 5706 3709 1298 135615 60265 43324 39414 12157 10439 27257 401 16941 75350 26856 19366
is_linear=0
shrinkage=0.1


Tree=119
num_leaves=31
num_cat=0
split_feature=93 157 159 121 171 74 179 157 171 178 17 231 154 171 170 67 11 225 92 88 166 226 216 227 79 208 170 179 127 2
split_gain=15.6126 9.07613 8.56291 8.39042 8.19888 6.88329 5.50607 4.82596 5.4089 5.32576 4.6153 4.5824 4.53308 4.83233 4.82616 4.68655 4.36325 4.3145 4.19503 4.05657 5.0936 4.02049 3.99722 5.0315 5.51448 5.59649 5.35103 4.88662 5.12402 4.03564
threshold=0.067136626690626158 0.47217315435409551 0.68773260712623607 0.072767451405525221 -0.022041983902454373 0.60397014021873485 -0.012783250305801628 0.68542924523353588 0.12227170169353486 0.28696183860301977 15.500000000000002 -0.097089011222124086 0.072225950658321394 -0.14353854209184644 0.61243727803230297 5.3208491802215585 0.084039550274610533 0.035880984738469131 0.92719596624374401 0.81454268097877514 0.20850496739149096 -0.049731027334928506 -0.065565422177314744 -0.13576593250036237 0.10241841524839403 0.083662547171115889 0.42745165526866918 0.16019584983587268 -0.019894088618457314 0.055996472015976913
decision_type=2 2 2 2 2 2 2 2 2 2 2 2 2 2 2 2 10 2 2 2 2 2 2 2 2 2 2 2 2 10
left_child=3 4 19 7 6 12 17 8 9 10 22 -12 13 14 15 -4 -6 -2 -8 -3 -21 -7 -1 -24 25 27 -26 29 -29 -25
right_child=1 2 5 -5 16 21 18 -9 -10 -11 11 -13 -14 -15 -16 -17 -18 -19 -20 20 -22 -23 23 24 26 -27 -28 28 -30 -31
leaf_value=0.095156149389734462 0.056301271691946056 0.087431647163797435 0.097468906592521845 0.073282068008446943 0.016231873763316397 -0.029347641043543479 0.069888491228893082 0.10175234346402291 0.10988583946661229 0.061017688461894606 -0.016193500609846544 0.11254490045362545 -0.053088908431428633 0.071352233439399615 -0.027824249055416157 -0.14064570442315091 0.25346620092280814 -0.013560127673532691 0.11724468466575931 -0.062398422181982494 0.066814843270954077 0.048009415365623156 0.13238969525481548 0.06232304839218681 0.11066768832019661 0.040569488010118129 0.085879902865454147 0.18063291329305295 0.084719491430720981 0.084559225356640066
leaf_weight=502.8288034773359 42.790165868825397 856.93823550668367 120.51927416446142 362.70674046947306 46.576354078811164 8.4186887669893604 76.985631738089296 285.0474031145277 109.6860501793326 75.326075028447576 2.8448486046668213 98.363983118946635 2.7986825965381277 749.73075501580547 3.2403140555488781 0.83228090825150403 0.7883966541423878 11.141893090718893 24.710073482019652 3.2515646171032122 49.405485534553918 33.270124485606175 22.368818339505196 140.18844387854847 92.244312594732946 44.032486985960077 1558.1923395748749 9.2096771895896854 14.093787372193672 195.35992829773295
leaf_count=25647 11123 32745 3647 22224 13666 209 22777 1222 16126 6886 291 3677 125 23964 410 593 585 4278 2866 700 2407 703 1737 11119 4439 3529 74712 623 1573 6660
internal_value=0 0.076671 0.0788982 0.0876849 0.0566102 0.0720892 0.0676974 0.0893434 0.0881087 0.0872417 0.0879788 0.108926 0.0739761 0.0743829 0.0926197 0.0958358 0.0201807 0.0418685 0.0813951 0.0857762 0.0588359 0.0323878 0.0871566 0.0852188 0.0847049 0.0742159 0.0872653 0.0783444 0.122625 0.0752692
internal_weight=0 2031.4 1828.41 3512.49 202.993 918.81 155.628 3149.79 2864.74 2755.05 2679.73 101.209 877.121 874.323 124.592 121.352 47.3648 53.9321 101.696 909.595 52.6571 41.6888 2578.52 2075.69 2053.32 402.884 1650.44 358.852 23.3035 335.548
internal_count=301263 120798 65503 180465 55295 29651 41044 158241 157019 140893 134007 3968 28739 28614 4650 4240 14251 15401 25643 35852 3107 912 130039 104392 102655 23504 79151 19975 2196 17779
is_linear=0
shrinkage=0.1


Tree=120
num_leaves=31
num_cat=0
split_feature=86 86 103 171 107 157 103 157 175 210 178 88 187 124 8 190 197 99 129 215 78 108 77 63 72 171 124 150 88 68
split_gain=28.9912 9.47571 5.51998 5.09784 4.39292 4.0713 4.04094 4.72298 6.30175 4.65699 4.38941 4.20608 4.32658 4.12068 4.87964 5.54839 4.6051 6.30474 3.69869 3.77776 4.55943 3.91089 4.06992 3.67943 3.55971 3.44391 4.98852 3.86298 3.42545 3.32295
threshold=-1.0720092654228208 -0.79820320010185231 0.068980894982814803 0.083927519619464888 0.0864560902118683 0.37011556327342993 0.1238304376602173 0.47217315435409551 -0.014187901746481655 0.11999123916029932 0.031244091689586643 0.7738037407398225 -0.17750654369592664 -0.070509348064661012 0.16457153856754306 -0.059307958930730813 -0.14950198680162427 -0.14047756791114804 0.014397588092833759 0.13055375963449481 0.14434523880481723 0.098295852541923537 0.027973395772278312 0.6365908980369569 0.12403846159577371 0.52647387981414806 0.032746871933341033 0.029524542391300205 0.7738037407398225 34.969526290893562
decision_type=2 2 2 2 2 2 2 2 2 2 2 2 2 2 8 2 2 2 2 2 2 2 2 2 2 2 2 2 2 2
left_child=3 5 25 6 -5 -2 7 8 -1 -8 11 23 -13 -10 -15 -16 17 -17 19 -7 21 22 24 -9 -21 -3 27 -27 -24 -20
right_child=1 2 -4 4 -6 18 9 10 13 -11 -12 12 -14 14 15 16 -18 -19 29 20 -22 -23 28 -25 -26 26 -28 -29 -30 -31
leaf_value=0.02619351713850392 0.024772741163102061 0.093774801012122544 0.081332236305015057 0.054697556349964718 -0.051731580054853156 0.084729632831830715 0.061120539272044042 0.1125796516360706 0.38125777091253554 -0.01828481236126556 0.066778433248569607 -0.12255795632234839 0.079311437406215018 -0.010001887266798834 -0.032644836920292179 2.2860090102780197 0.13342499426475485 0.39727997869704312 0.10934175045365382 0.048389298038837278 -0.11524751012192949 -0.14365900775749255 0.097489904321553855 0.001719818635249806 -0.10580495803462819 0.088668474922547535 -0.086228599318040944 -0.0057272351281902638 -0.030361587472438861 0.072895352964775992
leaf_weight=37.398642876086683 12.586951149298327 1694.3768339669473 510.19353071224714 249.09137023196809 3.9395579670322141 1851.9432197920169 149.33332105594718 78.807638715725261 0.49348305376520585 7.7702486785012743 115.09624543242626 1.074926961582604 86.31035710843139 3.9836154878665893 2.2044043903843002 0.022358907386660576 13.061600623630957 0.084343374466700705 26.253581207362004 28.838132132641821 1.4372916808378011 0.88889777787744506 34.723752683693419 3.1120914720668216 1.5791823829715657 23.302267014521483 2.167806786052096 5.3262062295366368 2.2301781815867789 530.59229879697159
leaf_count=12014 10202 75943 25112 12534 347 97171 11536 2499 194 1015 4451 193 3413 2663 918 1 2714 78 2037 1744 213 67 1782 265 220 2765 408 404 298 27769
internal_value=0 0.0857434 0.0904701 0.0646017 0.0530405 0.0815019 0.070467 0.0765708 0.0503648 0.0571932 0.081846 0.0920891 0.0768282 0.0959054 0.0886304 0.11419 0.13877 0.793053 0.08179 0.0838695 0.0610142 0.0647256 0.067475 0.108368 0.040384 0.0931724 0.0600314 0.0711066 0.089774 0.0746137
internal_weight=0 4726.44 2235.37 751.784 253.031 2491.07 498.753 341.65 57.2484 157.104 284.401 169.305 87.3853 19.8498 19.3563 15.3727 13.1683 0.106702 2478.49 1921.64 69.6974 68.2601 67.3712 81.9197 30.4173 1725.17 30.7963 28.6285 36.9539 556.846
internal_count=300970 246135 104632 54835 12881 141503 41954 29403 18582 12551 10821 6370 3606 6568 6374 3711 2793 79 131301 101495 4324 4111 4044 2764 1964 79520 3577 3169 2080 29806
is_linear=0
shrinkage=0.1


Tree=121
num_leaves=31
num_cat=0
split_feature=86 86 93 227 86 151 211 222 126 120 156 156 157 128 92 160 139 205 4 197 12 180 149 115 206 170 105 173 7 76
split_gain=28.5865 12.4987 7.12949 5.58024 5.53748 4.74916 3.93764 3.50131 4.88785 3.50113 3.48227 3.36094 4.96205 4.91708 4.90621 4.14147 4.78966 4.71228 4.58406 4.43191 4.45144 4.13897 4.26261 4.17451 4.94187 4.50573 4.11321 4.0097 5.16072 3.97337
threshold=-0.93589836359024037 -1.1817154288291929 0.36477671563625341 0.052527258172631271 -0.79820320010185231 0.03064774535596371 -0.025002077221870419 0.01953467354178429 1.0000000180025095e-35 -0.02367440145462751 1.0000000180025095e-35 0.13367697596549991 0.58098056912422191 -0.0012269793660379944 0.94437411427497875 1.0000000000000002 0.033510949462652213 -0.091275203973054872 0.063733074814081206 0.1115829646587372 322.50000000000006 0.31405688822269445 0.0042328983545303353 0.054819846525788314 1.0000000180025095e-35 0.50845614075660717 0.075535748153924956 -0.43803067505359644 0.12580749392509463 0.13383085280656817
decision_type=2 2 2 2 2 2 2 2 2 2 2 2 2 2 2 2 2 2 10 2 8 2 2 2 2 2 2 2 10 2
left_child=1 -1 -3 6 -2 -5 -4 -8 -9 -10 -6 13 15 -12 26 17 19 -13 -18 20 21 23 -23 -17 29 -26 27 28 -15 -25
right_child=4 2 3 5 10 -7 7 8 9 -11 11 12 -14 14 -16 16 18 -19 -20 -21 -22 22 -24 24 25 -27 -28 -29 -30 -31
leaf_value=0.055356766243858359 0.083910523020743991 0.079740552243512966 0.066496205188134108 0.093206686456092244 -0.10166656773698385 -0.091449517502558281 0.00924351240514713 0.079846861251684775 0.057869095424876352 -0.065497163072310405 0.086578687260494502 0.056535573993921541 0.093716156558161345 0.13122739864338057 0.14658864215762102 0.099894201628067739 -0.080612483641835209 0.092158667255669416 0.050502575824719467 0.030191749924844514 0.053154541720904475 -0.1550903917183008 0.080809405821270885 -0.12827851225716433 0.011859627028735165 0.1708903391481893 0.025838804894595904 0.10403306896481834 0.34387156436589167 0.096245847767938292
leaf_weight=316.29645004347731 1427.9730520256662 1315.8316125859308 56.053664237995463 45.122058287150594 0.92927210423476836 1.4371625918702182 35.876397642319034 22.59725840528677 4.4055421281791496 4.8144620997582006 153.05125168071936 41.443330338716237 1272.6730684624872 4.2427809477812835 31.175815371969293 102.56936562381088 3.8033476690688977 357.09287632190046 8.921105875673673 19.828678754374778 43.875629257003311 1.3717051993426133 1.7346440058681762 2.5598971752924613 3.9799103987534181 3.2253803901567153 6.5241247590292906 187.16795585151249 1.5613010765991928 1.1388395580288486
leaf_count=24971 78032 80810 3956 2276 7161 152 3882 1452 247 532 17429 3517 16201 565 2133 8555 754 18757 680 1780 3182 117 76 418 291 286 1007 21453 328 128
internal_value=0 0.0734071 0.0772487 0.0579964 0.0887807 0.0875068 0.0468932 0.030661 0.0548109 -0.00654977 0.0918731 0.0919531 0.0901988 0.100476 0.109697 0.0826314 0.0706079 0.0884543 0.0113122 0.074793 0.0803047 0.0905229 -0.0233595 0.0936405 0.0348142 0.0830482 0.103931 0.106571 0.188429 -0.0591476
internal_weight=0 1802.43 1486.14 170.307 3676.84 46.5592 123.747 67.6937 31.8173 9.22 2248.87 2247.94 1864.22 383.723 230.672 591.545 193.009 398.536 12.7245 180.284 160.455 116.58 3.10635 113.473 10.904 7.20529 199.496 192.972 5.80408 3.69874
internal_count=301128 118278 93307 12497 182850 2428 10069 6113 2231 779 104818 97657 54742 42915 25486 38541 16267 22274 1434 14833 13053 9871 193 9678 1123 577 23353 22346 893 546
is_linear=0
shrinkage=0.1


Tree=122
num_leaves=31
num_cat=0
split_feature=86 86 93 129 207 68 75 165 124 204 17 156 181 4 227 154 182 233 81 131 230 153 144 189 109 224 171 192 141 131
split_gain=24.713 12.9678 5.69792 4.85418 4.34292 4.16497 4.42179 4.12362 5.08465 6.86003 4.11633 3.94461 6.39994 4.47399 5.65793 5.67369 4.17598 4.171 6.26983 3.8837 5.08582 3.65202 3.63969 3.73266 3.51024 6.97202 4.55489 4.83679 4.02959 3.89051
threshold=-1.1157679557800291 -0.763666272163391 0.30615940690040594 0.014397588092833759 -0.012747729197144507 34.994052886962898 0.13397436589002612 99.500000000000014 0.021116351708769802 -0.14767780154943463 12.500000000000002 0.13976744562387469 0.19511502236127856 0.12456896528601648 0.025073800235986713 0.02045251335948706 -0.056616898626089089 -0.070269770920276628 0.16213235259056094 -0.0079839290119707567 0.0022782834712415938 -0.0076356220524758092 0.035021260380744941 0.25762490928173071 -0.037435052916407578 0.11916305497288705 0.007610822096467019 -0.05110607482492923 -0.043853214010596268 -0.0079839290119707567
decision_type=2 2 2 2 2 2 2 2 2 2 2 2 2 10 2 2 2 2 2 2 2 2 2 2 2 2 2 2 2 2
left_child=-1 2 3 7 22 6 -4 10 9 -9 -2 17 13 -13 15 16 -15 18 -6 -17 -21 -18 23 -5 25 26 -3 29 -27 -28
right_child=1 24 5 4 11 -7 -8 8 -10 -11 -12 12 -14 14 -16 19 21 -19 -20 20 -22 -23 -24 -25 -26 28 27 -29 -30 -31
leaf_value=0.062584723812681528 0.084764698506226879 0.08893916423762592 -0.041919427956875761 0.058542707155006347 -0.069894921021749573 0.069986061571911812 0.094580635960818726 -0.094418863774355807 0.09770775020317464 0.061252809045400175 0.10195805832057483 0.085030010085706251 0.021550989981845112 0.093355523872524937 0.09549173881595184 0.071661220141386026 0.0061806632972764286 0.1048500764443018 0.10784632621589146 0.067737230546039723 -0.12976780483734474 -0.15059866839633054 0.10397449232546457 0.31287848425168602 0.093437313473707359 0.1418943295188638 0.10421273482326064 0.003251423536000143 -0.063037431319965573 -0.043867146506033988
leaf_weight=532.95847779952601 1855.5088486501161 178.85481871414845 6.8119565973918252 196.3982241207384 3.5421126681458173 265.41548690888249 3.6420184367050297 2.9111747421939063 43.143209502141872 102.51076026826331 150.54566198668658 238.24775699959901 20.572711781889666 1.6543301253550451 19.071866116655656 18.920861208704089 2.5352241652799421 88.573542929952509 4.5135572390311154 2.7560866579642562 2.4742294673196739 3.5893298706196246 20.087379419018816 0.57873665420174703 1637.0026650511677 1.1836204658911809 13.459944746468862 13.768268713346059 5.0671029265977259 2.0436317977976186
leaf_count=39659 107895 7550 883 14544 793 16601 224 210 1659 5991 6659 6719 968 114 785 497 108 9413 599 163 115 283 1049 90 74935 46 559 1687 462 257
internal_value=0 0.0852579 0.0812547 0.0826158 0.0748454 0.0675475 0.00563528 0.0848645 0.0687889 0.056954 0.086055 0.0809444 0.0754427 0.0792757 0.0523955 0.0266541 -0.047621 0.0985844 0.0296927 0.0505775 -0.0256936 -0.0857008 0.0634251 0.05929 0.0918616 0.0798291 0.0829544 0.0463864 -0.0242321 0.0846933
internal_weight=0 4905.39 3054.01 2778.14 623.516 275.869 10.454 2154.62 148.565 105.422 2006.05 406.452 309.822 289.25 51.0019 31.9301 7.77888 96.6292 8.05567 24.1512 5.23032 6.12455 217.064 196.977 1851.38 214.377 208.127 29.2718 6.25072 15.5036
internal_count=301517 261858 176362 158654 36240 17708 1107 122414 7860 6201 114554 20557 9752 8784 2065 1280 505 10805 1392 775 278 391 15683 14634 85496 10561 10053 2503 508 816
is_linear=0
shrinkage=0.1


Tree=123
num_leaves=31
num_cat=0
split_feature=86 86 85 83 86 161 65 138 83 198 231 83 88 178 131 93 227 8 180 120 156 209 115 174 142 68 121 5 127 186
split_gain=31.2323 12.3305 4.94339 4.9074 6.17932 4.55592 3.69389 3.60141 3.97017 4.26377 3.61069 4.13025 3.89661 4.14815 3.66712 4.69535 4.20343 4.64554 3.97564 4.77134 3.83384 4.48384 3.63233 3.58706 4.78597 3.45878 3.41044 6.12495 4.46594 3.75055
threshold=-1.1157679557800291 -0.83693176507949818 27.500000000000004 8.5000000000000018 -0.57369077205657948 3.0947800874710087 86.500000000000014 -0.010814380366355179 21.500000000000004 0.047201545909047134 0.023005359806120399 8.5000000000000018 0.69658255577087413 0.090255919843912139 -0.0023809081176295872 0.11249604448676111 0.091092623770236983 0.39571090042591101 -0.20279803127050397 0.021580570377409462 0.11853256076574327 0.080335900187492384 0.11587803438305856 0.37383860349655157 0.0015038637793622913 41.406105041503913 0.034695874899625785 0.094044812023639693 0.04282751493155957 -0.11175362393260001
decision_type=2 2 2 2 2 2 2 2 2 2 2 2 2 2 2 2 2 10 2 2 2 2 2 2 2 2 2 8 2 2
left_child=2 7 5 4 -3 -1 -7 -2 10 -10 14 23 13 -13 15 20 17 22 19 -16 21 -9 -17 26 -25 -4 -12 -28 -29 -30
right_child=1 3 25 -5 -6 6 -8 8 9 -11 11 12 -14 -15 18 16 -18 -19 -20 -21 -22 -23 -24 24 -26 -27 27 28 29 -31
leaf_value=-0.0069331728082954449 0.085424356706350596 0.085521318026847704 0.057883569559740146 0.099370553664761926 0.098563311456987573 0.10884899613363658 0.020475678828456967 0.10924017748421255 0.12973784882948158 0.0051115491188531295 0.071931921203293864 -0.040856297019220278 0.099363748923684894 0.13644886216404176 0.060927295897099568 0.062968333119267444 0.10278172257672101 -0.0712956361625907 0.090091187860751987 -0.10467911429206939 0.077286605565166838 -0.0049877804727027648 -0.059122397275865428 -0.093852532122023768 0.068045021424637253 -0.0084921426493170128 0.071434844646589904 0.041053355117697476 0.10649893708836244 -0.057322232982322169
leaf_weight=4.4713765858149364 819.82886396274557 1764.7744296214198 464.79524665706583 478.48152074630661 457.46018704634002 41.321159959481747 5.3411526667114222 66.937711848677509 23.637655875613522 3.1059108945123617 282.51359641771114 4.1520507661584807 61.621229783472472 1.9341868142964811 9.517909359142207 212.19005650850977 25.595992618141736 2.6643623633640336 334.22164595806078 2.1288775354213376 279.20608311861088 3.6223789595295548 2.4651104134454718 3.2874771775529998 4.1072094818021014 7.9854995194837093 56.160562528096307 28.833953511497839 1.6368622796840089 9.5571525461118636
leaf_count=407 46868 88858 33927 20461 19603 2037 257 7682 779 387 17368 553 3051 79 798 14117 1510 424 17531 405 11240 1268 212 468 335 2696 3950 2354 138 921
internal_value=0 0.085635 0.059957 0.0901841 0.0882061 0.0894934 0.0987334 0.0801477 0.0770993 0.115264 0.0763662 0.0690428 0.0918244 0.0154907 0.0799072 0.0751322 0.0644518 0.0599373 0.0880898 0.0306566 0.0825498 0.103376 0.0615662 0.0650477 -0.00393024 0.0567625 0.0663946 0.0501311 0.0202413 -0.0333672
internal_weight=0 4939.64 523.914 2700.72 2222.23 51.1337 46.6623 2238.93 1419.1 26.7436 1392.35 453.804 67.7075 6.08624 938.55 592.682 242.916 217.32 345.868 11.6468 349.766 70.5601 214.655 386.097 7.39469 472.781 378.702 96.1885 40.028 11.194
internal_count=300684 261360 39324 128922 108461 2701 2294 132438 85570 1166 84404 29217 3683 632 55187 36453 16263 14753 18734 1203 20190 8950 14329 25534 803 36623 24731 7363 3413 1059
is_linear=0
shrinkage=0.1


Tree=124
num_leaves=31
num_cat=0
split_feature=86 86 156 129 138 83 190 179 220 201 147 193 86 227 153 111 142 53 112 7 132 183 93 158 156 186 75 8 203 164
split_gain=35.2562 13.7118 5.32173 4.52285 4.27223 4.69977 4.84911 4.71508 5.66523 4.85373 4.57404 4.45215 4.26419 4.07528 4.06683 3.98039 3.95881 5.52073 4.51871 4.01714 4.19832 3.81281 4.2278 5.33108 4.18462 4.10106 3.78742 3.73409 3.72921 3.70042
threshold=-1.0848382115364072 -0.82166236639022816 0.16749174892902377 0.0063378438353538522 -0.010814380366355179 14.500000000000002 0.030514271929860119 0.033661698922514922 -0.0091812731698155386 0.072491578757762923 -0.033366307616233819 -0.055846193805336945 -1.1157679557800291 0.045905219390988357 0.01674791052937508 0.061486849561333663 0.00059980989317409705 1.5000000000000002 -0.035185227170586579 0.19274475425481799 1.0000000180025095e-35 0.14192783087491992 0.48583912849426275 0.45000000298023229 0.27311578392982488 -0.23533786088228223 0.2806250005960465 0.073368888348341002 -0.054384235292673104 4.5379471778869638
decision_type=2 2 2 2 2 2 2 2 2 2 2 2 2 2 2 2 2 2 2 8 2 2 2 2 2 2 2 8 2 2
left_child=2 4 12 -3 21 6 7 9 -9 10 -6 13 27 14 -11 -13 17 19 -19 -10 29 24 23 28 25 -2 -12 -1 -23 -21
right_child=1 3 -4 -5 5 -7 -8 8 16 11 26 15 -14 -15 -16 -17 -18 18 -20 20 -22 22 -24 -25 -26 -27 -28 -29 -30 -31
leaf_value=-0.049389044731669829 0.011418323905855907 0.094171090265271873 0.054708057785324365 0.085143054237213467 0.017326060338196541 0.10154801999901567 0.082826899467628404 0.067269213265659628 0.10455098162811183 0.043799501182079918 0.067308806945856184 0.039286091407480711 0.099611925595695025 -0.1540795026781604 -0.070393125922857333 0.11985192707765989 0.10849833808481962 0.09542721900994483 -0.014069538061683257 -0.084352692145845495 0.091975690067730376 0.078989521558874246 -0.20612854018465041 0.11482515137208099 0.080238808002825512 0.096117757021152037 0.10462728704282276 0.068270099406831333 0.010739999703958917 0.054753811479600283
leaf_weight=2.738566877266293 5.7990007244636663 1699.6365224815506 422.11732141573884 823.9122545991379 17.056039024276458 75.444658520161283 583.57038530110208 180.83250301823261 50.544646236635344 10.447254595833671 340.06861550167753 32.0114202859275 49.467344466636746 1.6916335544576657 4.4459703761722258 7.585417631656127 81.943176794780811 5.8972654434135192 10.442650973011835 3.3870681004145835 10.077673001368337 14.048822807833853 0.59593971833964943 13.488746055701084 371.04747547693296 402.15398864176768 29.559281535113087 179.10207693040832 18.613128846140857 4.3919543541924213
leaf_count=1732 601 80011 16868 39009 933 3325 33785 9185 2818 1040 20258 3494 6399 682 482 384 4500 326 1078 743 943 1198 29 504 10784 30873 1517 24534 2616 281
internal_value=0 0.086148 0.0613885 0.0912235 0.0805182 0.0772475 0.0759131 0.0708084 0.0795275 0.0639664 0.0679569 0.0365013 0.0735798 -0.00699598 0.00971037 0.0547198 0.0928263 0.0776717 0.0254491 0.0901468 0.0493747 0.0862593 0.0585202 0.0619376 0.0879239 0.0949138 0.0702932 0.0664981 0.040096 -0.00581462
internal_weight=0 4798.69 653.425 2523.55 2275.14 1449.4 1373.95 790.383 347.517 442.866 386.684 56.1817 231.308 16.5849 14.8932 39.5968 166.684 84.7413 16.3399 68.4013 17.8567 825.747 46.7466 46.1507 779 407.953 369.628 181.841 32.662 7.77902
internal_count=300932 251399 49533 119020 132379 85774 82449 48664 19874 28790 22708 6082 32665 2204 1522 3878 10689 6189 1404 4785 1967 46605 4347 4318 42258 31474 21775 26266 3814 1024
is_linear=0
shrinkage=0.1


Tree=125
num_leaves=31
num_cat=0
split_feature=86 86 104 17 161 177 151 227 170 132 210 198 117 93 77 72 174 159 161 170 184 130 157 159 150 228 100 190 104 143
split_gain=33.8354 13.6881 5.05175 4.37512 6.00553 4.36133 4.99934 4.25196 3.92728 4.50233 6.06604 4.6658 3.88184 3.85136 3.57127 4.84679 4.32061 4.33314 3.42003 3.38836 3.37537 4.05262 3.3732 3.33434 5.39 6.29084 5.11831 4.15817 4.13869 4.09902
threshold=-1.1529442071914671 -0.81289151310920704 -0.062389565631747239 12.500000000000002 2.7361341714859013 -0.16287597268819806 0.021586993709206585 0.060994589701294906 0.47643180191516882 -0.0061793148051947347 -0.0214631138369441 0.14741887897253039 -0.028330614790320393 0.30615940690040594 0.014815627597272398 0.075235851109027876 -0.16976237297058103 1.4908379912376406 2.7981818914413457 0.41605599224567419 -0.24122363328933713 -0.020192490890622136 0.68542924523353588 0.33072219789028173 -0.0096047241240739805 -0.02800409588962793 -0.079730864614248262 0.055711219087243087 -0.13627317547798154 -0.033799391239881509
decision_type=2 2 2 2 2 2 2 2 2 2 2 2 2 2 2 2 2 2 2 2 2 2 2 2 2 2 2 2 2 2
left_child=8 3 -3 13 -5 6 -4 12 -1 10 -10 14 -8 19 15 18 17 -16 -11 -2 21 -12 23 24 27 26 -26 29 -25 -21
right_child=1 2 5 4 -6 -7 7 -9 9 11 20 -13 -14 -15 16 -17 -18 -19 -20 22 -22 -23 -24 28 25 -27 -28 -29 -30 -31
leaf_value=0.071316880269962649 0.098375504174312137 0.082265963934183395 0.11291010698960216 -0.039077594817414851 0.098933233898239575 0.091631113613281079 -0.074460612918926181 -0.079400125318635578 0.091117899457944754 -0.10661702109977539 0.38127991173915371 0.080286373501124636 0.087385998077527088 0.068587131837885784 -0.064118640847137684 0.083396704855904169 0.03104345271251556 0.040035524893347135 0.036202594148338228 0.14588772663851063 0.032180783669041146 -0.040068800954459971 0.095709416323934704 0.055102912126623521 0.088609582903107317 0.083310730617234527 0.025414860774081297 0.11176811964957307 0.077826634490696669 0.083284042810752412
leaf_weight=102.8562960998795 106.12567452794974 523.15323188463617 186.80830623155384 3.2150397306338609 163.41225973042424 1672.2934256870992 1.5622572717957179 1.7931731230783032 47.939638615513104 1.7364372262727545 0.60122187284923712 25.071476744114079 28.824540771609009 284.76467297548606 10.603465179000525 27.618253095626187 73.473819191617849 6.4084943033467416 48.736376159458587 11.048757004624802 35.87231710872652 0.36799121146122971 129.40971301203535 85.256761362941006 19.037459170981265 204.67923034686544 39.219884914877753 96.452340214505966 1338.1145002880596 195.86156552719581
leaf_count=7853 4605 25587 9779 273 8021 77449 178 295 2578 170 34 1254 1065 18818 1567 2019 6599 186 4157 316 3283 71 884 6770 1573 12279 4739 5135 80872 12901
internal_value=0 0.0855036 0.0909631 0.0805788 0.0962703 0.0933689 0.106639 0.0702349 0.0546189 0.0484505 0.0676689 0.0400364 0.0790651 0.0795371 0.0340503 0.0497179 0.0205288 -0.0248832 0.0312891 0.0809384 0.0371561 0.221302 0.0800652 0.0790477 0.0855378 0.0750586 0.0460658 0.0946205 0.0764655 0.086627
internal_weight=0 5091.03 2414.43 2676.6 166.627 1891.28 218.988 32.18 381.286 278.429 84.7812 193.648 30.3868 2509.97 168.577 78.0911 90.4858 17.012 50.4728 2225.21 36.8415 0.969213 2119.08 1989.67 566.299 262.937 58.2573 303.363 1423.37 206.91
internal_count=301310 271539 114353 157186 8294 88766 11317 1538 29771 21918 5966 15952 1243 148892 14698 6346 8352 1753 4327 130074 3388 105 125469 124585 36943 18591 6312 18352 87642 13217
is_linear=0
shrinkage=0.1


Tree=126
num_leaves=31
num_cat=0
split_feature=86 86 93 86 212 156 129 157 218 145 231 182 97 105 183 209 170 131 142 85 189 11 95 0 121 196 192 66 212 187
split_gain=31.1942 11.9506 5.81545 5.11676 4.33446 4.50899 4.12667 4.48879 4.9363 5.20647 7.29005 4.349 4.03945 5.18895 5.18051 4.03882 4.6169 3.89476 4.65416 4.18974 3.86354 3.73418 4.57428 3.69871 4.7416 3.58221 3.69472 4.31227 3.47004 4.28203
threshold=-1.0848382115364072 -0.83693176507949818 0.26758758723735815 -1.1817154288291929 -0.033658334985375397 0.57259953022003185 0.0063378438353538522 0.55457308888435375 0.0079218405298888701 -0.0044353115372359744 -0.064426243305206285 -0.056616898626089089 0.10138264670968057 -0.060999145731329911 -0.088666625320911394 -0.11534746363759039 0.5820605754852296 -0.031739747151732438 0.025610798038542274 30.500000000000004 -0.056019313633441918 0.0088107436895370501 -0.20160484313964841 0.19276452064514163 -0.05580280348658561 -0.047553118318319314 -0.027089277282357212 0.87263381481170665 -0.066896162927150712 0.10308035463094713
decision_type=2 2 2 2 2 2 2 2 2 2 2 2 2 2 2 2 2 2 2 2 2 8 2 8 2 2 2 2 2 2
left_child=2 -2 3 4 5 -1 12 8 9 10 -8 -10 -3 20 -15 -5 23 18 -11 -19 -14 22 -13 -17 -25 -6 27 -27 -12 -30
right_child=1 6 -4 15 25 -7 7 -9 11 17 28 21 13 14 -16 16 -18 19 -20 -21 -22 -23 -24 24 -26 26 -28 -29 29 -31
leaf_value=0.08309981278662934 0.080538918308825952 0.092390849922624668 0.050406872787835282 0.12117286843790434 0.01899256049849786 -0.095782475402388795 -0.056062720188200799 0.08913723500548526 0.043792824579341763 0.12767674770684845 0.095467144667898629 1.1165594609179492 0.022308710512992384 -0.035955922927828517 0.11204776865943047 0.099834507414748475 -0.009122368108248971 -0.038177781833132383 -0.043919624701209817 0.070156722073273309 0.20579036444671789 0.090680078433565015 0.17324413428919275 -0.0095580468726244872 0.073909082193254969 0.065187917100976864 0.07122167413678504 -0.017585832332968478 0.0044518834593050456 0.086761881195932936
leaf_weight=59.908786984508197 2079.8248044247903 1779.5250248975774 236.56537097231922 21.434485906890131 34.456023099489585 1.4430502824106941 7.7518288762248622 664.77652730978389 20.018651507354434 18.339212292429696 11.790465081852288 0.052011930278240359 1.3142557336955167 2.4747230611242221 53.330125857544317 57.116751468398661 6.2390164806743078 4.0404171286909323 1.7296897394971882 30.653709095114664 9.0516466207341164 97.628712647487419 4.4084864265955721 7.148138807497161 142.20962912316782 13.084320403861058 58.022082819520392 12.127649362341797 19.53177263416956 9.3441124399575965
leaf_count=4304 122413 84004 19171 1302 3079 57 1328 10789 3586 2362 1333 26 174 302 1980 4891 1017 950 419 5223 374 8655 2357 712 8408 705 3948 1839 4183 1028
internal_value=0 0.0862523 0.0629099 0.0700684 0.0573424 0.0788923 0.0905959 0.0850031 0.0728042 0.0567013 0.0328116 0.0864111 0.093293 0.117553 0.105484 0.0797993 0.0756302 0.0778232 0.112887 0.0575403 0.182527 0.0947681 0.184244 0.0781912 0.0699144 0.0461084 0.0573334 0.0253715 0.0497529 0.031087
internal_weight=0 4815.59 649.755 413.19 179.042 61.3518 2735.76 890.066 225.289 103.181 48.4182 122.108 1845.7 66.1708 55.8048 234.148 212.714 54.763 20.0689 34.6941 10.3659 102.089 4.4605 206.475 149.358 117.69 83.2341 25.212 40.6664 28.8759
internal_count=300919 251486 49433 30262 13932 4361 129073 42239 31450 16826 7872 14624 86834 2830 2282 16330 15028 8954 2781 6173 548 11038 2383 14011 9120 9571 6492 2544 6544 5211
is_linear=0
shrinkage=0.1


Tree=127
num_leaves=31
num_cat=0
split_feature=93 88 157 4 88 171 129 189 4 178 98 157 171 156 142 103 194 220 221 149 128 199 1 93 101 102 156 2 151 157
split_gain=16.5996 10.1053 6.51055 6.24894 5.7644 5.1935 4.57788 4.71011 4.26208 3.82358 5.43216 5.42598 5.88158 5.87515 5.28951 4.11147 4.10798 4.39012 4.10277 4.0438 3.94974 4.02932 3.94537 3.89711 3.69315 3.62027 5.07032 3.60201 3.76516 3.558
threshold=0.18084443360567096 0.81454268097877514 0.41610345244407659 0.25357143580913549 0.69883292913436901 -0.03639672510325908 0.0010348954237997534 -0.096181910485029207 0.18350168317556384 -0.10942058637738226 0.12527145445346835 0.63753709197044384 0.33477982878685003 0.63818180561065685 -0.019053162075579163 -0.050552196800708764 0.059841809794306762 0.0056442641653120526 0.096226043999195113 0.022424054332077507 -0.049715097993612282 0.012965777888894083 0.0050808819942176351 0.44747415184974676 0.052232358604669578 -0.05808595567941665 0.39602987468242651 0.049071207642555244 1.0000000180025095e-35 0.50049304962158214
decision_type=2 2 2 10 2 2 2 2 10 2 2 2 2 2 2 2 2 2 2 2 2 2 10 2 2 2 2 10 2 2
left_child=1 4 -2 -3 6 -4 8 -8 -1 10 23 12 13 14 16 22 19 -18 20 -11 21 -16 -14 27 -25 26 -10 29 -29 -7
right_child=2 3 5 -5 -6 9 7 -9 25 11 -12 -13 15 -15 18 -17 17 -19 -20 -21 -22 -23 -24 24 -26 -27 -28 28 -30 -31
leaf_value=0.092988337403830321 0.027611170838305693 0.057783594012645004 0.083976889386211298 0.16273074528106635 0.083388938650531721 0.063241348226481073 0.10109555924908196 0.080790677214538323 0.11158739713234403 0.074192079474497061 -0.089521231131767964 0.073811074362644405 -0.032631262004933131 -0.20268079765067301 0.02999569019698314 0.0022763232610431418 0.031477226790013711 -0.076197179979417176 0.10918075245257285 -0.033561001117734357 0.067185097961425716 -0.16805087253542819 0.11252961517507916 -0.051957324777037711 0.12200114011605759 0.12773984594676172 -0.083024228855963667 0.015291534207215919 0.093987476319701599 0.11852867465089584
leaf_weight=1304.934324719736 31.615704553224987 155.93752312485231 333.70886044592874 5.887913159353956 2134.0621452006599 14.848905235497112 140.00721755933341 620.81981209998548 3.9683964566486329 20.334974733565904 1.7156461048962217 361.96866864724507 2.5000151482035999 0.83902854099869628 4.14801973163594 31.174769310351621 10.005915445088251 6.0920921030351556 23.226859759025956 4.2026014962739273 144.58724546031362 1.3654731399965383 7.4577413428560249 3.5691939284033642 1.8545286283679159 55.965682691188476 2.0202948224505235 10.143895822107881 15.17410888485392 53.86425329060603
leaf_count=61600 19551 11461 19200 458 116904 857 7351 31178 764 1524 176 6394 676 4 278 4285 574 602 822 428 8991 186 263 257 50 4396 190 451 365 834
internal_value=0 0.0861299 0.072324 0.061602 0.0870612 0.0736668 0.0907444 0.0845272 0.094205 0.068882 0.0869031 0.0659314 0.0547872 0.0614209 0.0624565 0.0201447 0.0299838 -0.00927082 0.0700696 0.055737 0.0640174 -0.0190526 0.0760852 0.0899466 0.00752414 0.119832 0.0459348 0.0947007 0.0624572 0.106581
internal_weight=0 4423.6 1084.4 161.825 4261.78 1052.78 2127.72 760.827 1366.89 719.074 101.171 617.903 255.935 214.802 213.963 41.1325 40.6356 16.098 173.328 24.5376 150.101 5.51349 9.95776 99.4549 5.42372 61.9544 5.98869 94.0312 25.318 68.7132
internal_count=301070 234302 66768 11919 222383 47217 105479 38529 66950 28017 2990 25027 18633 13409 13405 5224 3128 1176 10277 1952 9455 464 939 2814 307 5350 954 2507 816 1691
is_linear=0
shrinkage=0.1


Tree=128
num_leaves=31
num_cat=0
split_feature=86 86 184 79 86 75 4 92 205 221 218 0 163 201 129 119 140 143 178 201 95 215 108 161 210 14 129 88 198 0
split_gain=32.5984 16.1708 4.32495 4.2303 4.21803 5.16368 4.69023 5.69678 4.70469 3.99289 3.76063 4.10519 4.29626 4.46271 4.40413 5.01799 4.07961 3.63039 3.87354 3.62538 3.70816 3.7576 3.41536 3.40718 5.76795 4.5307 4.48922 3.44583 3.64333 3.40704
threshold=-1.1157679557800291 -0.82948100566864003 0.15667880326509478 0.084626402705907836 -0.6793040633201598 0.041960094124078758 0.28991597890853887 0.84654396772384655 0.096724849194288268 0.11154466867446901 -0.044724283739924424 0.22268135845661166 -0.19110964238643643 -0.15777447074651715 0.0047624066937714824 -0.012126938905566929 0.013559912331402304 0.029241655953228477 0.06322937831282617 0.034883795306086547 0.23520361632108691 -0.019386115483939644 -0.021949253976345059 3.1959518194198613 -0.12628609687089917 1.0000000180025095e-35 -0.061956007033586495 0.60483047366142284 -0.084150124341249452 0.35857143998146063
decision_type=2 2 2 2 2 2 10 2 2 2 2 8 2 2 2 2 2 2 2 2 2 2 2 2 2 2 2 2 2 10
left_child=2 -2 22 -4 5 10 7 8 -7 -6 16 12 -12 -14 15 -15 -3 -11 -19 -18 21 -21 -1 24 -9 27 29 -26 -29 -25
right_child=1 4 3 -5 9 6 -8 23 -10 17 11 -13 13 14 -16 -17 19 18 -20 20 -22 -23 -24 26 25 -27 -28 28 -30 -31
leaf_value=0.051290658705649063 0.079557411845333256 0.099275446273683773 0.054045518703468257 -0.0056714515402115024 0.097066657752387653 0.0075166304523594258 0.18043446994808643 -0.12228028292022702 0.13766725083578465 0.059577913103740977 0.074263363123555526 0.083736223708505864 0.12276364995063904 -0.071724908975557389 -0.030665027200719924 0.059688049128083558 0.082314943170813407 0.12879975562728538 -0.011265955814984007 -0.072685693994511899 -0.1437756596812742 0.069528704719861972 0.068983229624337408 0.15217518062032709 0.0042995582695835484 -0.025197723851520238 0.096239118214641289 0.019123090379575238 0.09423042785309696 -0.10625301687677113
leaf_weight=177.14939973942251 2304.0754855758996 190.10250077873616 31.159364928391938 19.154752564310684 1084.1787043692036 13.027989720058033 6.2183933613587206 1.406883023559202 3.529942853632746 53.481560174191145 144.24759410581873 372.45010565804341 5.6537997249145056 3.2381135227019504 9.7613350624096693 28.30650430199103 38.683792998685476 15.865428754966162 2.2550867661348084 2.3794507706306822 1.2461721637682774 8.4762857879604763 284.06541876823383 18.912146592800585 5.013797508650895 3.8455526287216335 510.81212441841126 6.922995947416438 96.26482147650313 0.52429271517121279
leaf_count=14777 137394 7542 2457 1822 48058 809 865 119 121 2906 5161 16327 333 801 2768 4846 2358 433 163 394 76 778 20470 972 331 259 23702 550 3388 88
internal_value=0 0.085672 0.0591506 0.0313111 0.0910354 0.0874834 0.093993 0.0931789 0.0352631 0.0955562 0.082091 0.0776215 0.0657107 0.0394392 0.0280341 0.0461983 0.0925491 0.0726847 0.111369 0.0673709 0.0196022 0.038357 0.0621876 0.0946686 0.0789402 0.0814668 0.0980339 0.0852577 0.0891914 0.145204
internal_weight=0 4930.88 511.529 50.3141 2626.81 1471.02 666.479 660.261 16.5579 1155.78 804.546 563.657 191.207 46.9598 41.306 31.5446 240.888 71.6021 18.1205 50.7857 12.1019 10.8557 461.215 643.703 113.454 112.047 530.249 108.202 103.188 19.4364
internal_count=301068 261542 39526 4279 124148 72588 31204 30339 930 51560 41384 30236 13909 8748 8415 5647 11148 3502 596 3606 1248 1172 35247 29409 4647 4528 24762 4269 3938 1060
is_linear=0
shrinkage=0.1


Tree=129
num_leaves=31
num_cat=0
split_feature=86 86 156 181 179 100 112 92 83 202 142 3 194 201 6 163 159 220 171 3 126 108 220 180 83 119 226 160 228 211
split_gain=30.3047 11.2541 4.1482 4.25392 4.05193 3.98077 5.12718 5.64971 4.63616 4.23632 3.90543 6.27083 6.14203 4.09913 5.5846 4.39899 4.39772 4.18891 4.52368 5.21675 5.52024 4.55301 3.87397 4.28307 3.81345 4.5064 5.41455 3.8015 6.49896 6.459
threshold=-1.1157679557800291 -0.82948100566864003 0.13976744562387469 -0.060611825436353677 -0.31233654916286463 0.10103606060147287 -0.042016442865133279 0.94437411427497875 3.5000000000000004 -0.16740599274635312 0.0015038637793622913 0.16749174892902377 -0.10433004796504973 0.072491578757762923 0.1768428906798363 -0.19110964238643643 0.05378686077892781 -0.082691289484500871 -0.017047430388629433 0.125657893717289 -0.038089830428361886 -0.032130425795912736 0.050354568287730224 0.067672081291675582 7.5000000000000009 -0.022275821305811402 -0.09803276881575583 2.0000000000000004 -0.039479177445173257 0.04444324970245362
decision_type=2 2 2 2 2 2 2 2 2 2 2 8 2 2 8 2 2 2 2 8 2 2 2 2 2 2 2 2 2 2
left_child=-1 2 3 4 -2 8 -7 -8 -5 -10 13 -12 -13 17 16 -16 -15 -4 19 20 -19 -22 23 -14 27 -26 -27 -3 -29 -30
right_child=1 24 10 5 -6 6 7 -9 9 -11 11 12 22 14 15 -17 -18 18 -20 -21 21 -23 -24 -25 25 26 -28 28 29 -31
leaf_value=0.059994314642632045 -0.015614616287080097 0.089189118247081034 0.095149520574169089 0.075343181811551321 0.07732087981293212 0.053261455544839631 0.12677359579903769 -0.081947165776962705 -0.049224957051315153 0.10066998482283263 0.098076575138456468 0.10040299788880054 0.072969251786021191 -0.029155986750150034 0.044566724081025022 -0.039895997075232864 0.071075375156729098 -0.047250368528256786 0.062033588046013034 0.082759881721327491 -0.02527701103766904 0.077636230518647875 0.086402890066061305 0.045101223145700448 0.11300462612508633 0.05697532557030123 0.095700812409881708 0.031305347096454703 0.092904983837355376 0.032063203706069222
leaf_weight=515.19155422807944 4.818235990268021 1880.3891766152421 108.7342801567429 151.32042351843279 178.16474194854339 12.398637564042927 70.208651623283345 1.3212709561794316 1.9056024160736331 178.28978763685876 208.35544869335627 97.282659033538948 229.9413637057296 4.5049858805505201 23.419309687335048 8.3701072771127638 154.6158421419841 5.6918740388082361 215.01210503399216 420.17290200545722 5.1840020136987759 25.178193458615169 140.03276163943883 72.550237901683431 136.6913993527337 39.654474411432602 403.37123232518547 30.197626429316642 106.24773722379496 20.877202450350978
leaf_count=39576 1129 89824 3380 20134 24775 2437 6631 207 728 18533 10616 2526 7411 272 745 1550 5656 888 8160 12122 1100 2483 3087 2937 5608 1690 17617 2528 5332 1854
internal_value=0 0.0854822 0.080407 0.0875777 0.0748737 0.0931732 0.112628 0.122918 0.0882479 0.0990848 0.0779108 0.0833405 0.0776527 0.0737267 0.060593 0.0223278 0.0682377 0.0769414 0.0739918 0.0796275 0.043123 0.060065 0.0726513 0.0662853 0.0899757 0.0971319 0.0922346 0.0879398 0.0730072 0.0829132
internal_weight=0 4934.9 2317.47 598.427 182.983 415.444 83.9286 71.5299 331.516 180.195 1719.05 748.162 539.807 970.884 190.91 31.7894 159.121 779.973 671.239 456.227 36.0541 30.3622 442.524 302.492 2617.43 579.717 443.026 2037.71 157.323 127.125
internal_count=301536 261960 137507 74574 25904 48670 9275 6838 39395 19261 62933 26577 15961 36356 8223 2295 5928 28133 24753 16593 4471 3583 13435 10348 124453 24915 19307 99538 9714 7186
is_linear=0
shrinkage=0.1


Tree=130
num_leaves=31
num_cat=0
split_feature=86 86 17 0 68 80 229 0 151 155 161 226 120 209 72 70 222 13 211 92 110 208 130 157 212 170 130 180 71 163
split_gain=27.3853 12.3887 4.347 4.71372 3.73484 6.49148 3.6937 5.76899 3.89455 4.30593 4.39788 4.61117 4.09734 3.8667 3.71284 4.17837 3.9902 4.07099 3.69573 3.6811 3.83998 4.38075 8.91381 5.73067 6.72406 5.30517 5.00217 5.03481 4.60301 4.51368
threshold=-1.1529442071914671 -0.82166236639022816 6.5000000000000009 1.0000000180025095e-35 41.418729782104499 0.16213235259056094 -0.045715138316154473 0.48913043737411505 0.01326670963317156 0.011708563193678858 2.7361341714859013 1.0000000180025095e-35 1.0000000180025095e-35 0.033674549311399467 0.075235851109027876 4.5000000000000009 0.08179651573300363 0.078278187662363066 0.16001104563474658 0.95600420236587536 -0.047861982136964791 -0.0098420460708439333 -0.0012494986294768748 0.59515219926834118 0.1234898865222931 0.50845614075660717 0.0035699051804840569 0.24076420813798907 0.11803405731916429 -1.1682280898094175
decision_type=2 2 2 8 2 2 2 10 2 2 2 2 2 2 2 2 2 10 2 2 2 2 2 2 2 2 2 2 2 2
left_child=-1 2 6 -4 -5 -6 7 8 14 10 -10 12 -12 -14 15 -2 17 -16 -17 20 -8 22 -22 25 -25 28 -23 -28 29 -24
right_child=1 -3 3 4 5 -7 19 -9 9 -11 11 -13 13 -15 16 18 -18 -19 -20 -21 21 26 23 24 -26 -27 27 -29 -30 -31
leaf_value=0.057945357636073704 -0.035192783346070497 0.090532343090522716 -0.040908478958081869 0.089920655442936426 -0.048555342658861911 0.10773729749870327 0.067103116187290243 0.15082386299769185 -0.090729335133181349 0.0040999302497440326 -0.014721348651882939 0.089816271214180052 0.087407283477146186 -0.059174758121427695 0.095938141496950555 0.065072633502687646 0.01701776566240502 -0.057835964474261842 0.13894040089844414 0.11806742290606956 0.083278334249614228 0.081011057220729141 0.096908421130814645 0.080943134355228444 -0.11294994967288818 0.0073325484724267535 0.10276749741899954 0.05349089967293516 0.10189835822489297 0.025888064837589549
leaf_weight=384.55915173447647 4.0370920677502218 2569.3586833923109 2.8127937805106731 583.65929255755373 5.2798864156075052 5.3504147415001171 198.95803740365409 8.6665800627442859 1.8574868063014935 17.185310597373473 10.434813540774941 33.659716353182034 12.872922973009166 2.0920844391148412 100.37877408679674 205.98335228457552 7.3506049704487841 1.7516459457374356 7.0034302286358061 25.938792309314977 484.41099186675444 443.24640702052807 11.556944477378464 81.824599506759114 1.828544510030041 31.580998762519584 237.81409575729458 22.715422663532081 17.054056138910028 39.65319545894647
leaf_count=29754 391 119381 5235 25285 843 374 12384 1652 163 1918 1100 2228 720 341 4909 13893 678 285 226 877 23442 29388 626 1252 99 5917 11209 1097 938 4700
internal_value=0 0.0856045 0.0807477 0.0882395 0.0888508 0.0301095 0.078522 0.0700959 0.0683668 0.0483071 0.0607783 0.0655434 0.0333772 0.0669153 0.0731652 0.0655912 0.0881791 0.0933008 0.0675016 0.0807031 0.080086 0.0819692 0.0761681 0.0573981 0.0767049 0.0412224 0.0874746 0.0984711 0.0569008 0.0419157
internal_weight=0 5176.32 2606.96 597.102 594.29 10.6303 2009.86 413.274 404.607 78.1023 60.917 59.0595 25.3998 14.965 326.505 217.024 109.481 102.13 212.987 1596.58 1570.64 1371.69 667.909 183.498 83.6531 99.8452 703.776 260.53 68.2642 51.2101
internal_count=301305 271551 152170 31737 26502 1217 120433 28504 26852 6470 4552 4389 2161 1061 20382 14510 5872 5194 14119 91929 91052 78668 36974 13532 1351 12181 41694 12306 6264 5326
is_linear=0
shrinkage=0.1


Tree=131
num_leaves=31
num_cat=0
split_feature=86 86 103 218 74 86 229 129 7 159 199 70 106 209 138 194 135 0 215 75 67 194 176 195 207 114 141 186 154 115
split_gain=33.1096 14.5242 5.28049 4.73737 4.70613 4.57171 4.12932 3.97171 5.37637 4.04079 3.70357 5.76266 4.05975 6.28989 3.79108 3.67736 3.62578 4.07852 4.28632 3.65525 3.57788 3.52076 3.47068 4.63061 4.12239 4.10254 4.0207 3.86706 3.86085 3.66654
threshold=-1.1157679557800291 -0.82948100566864003 0.061693871393799789 0.03160467557609082 0.54465711116790783 -0.57369077205657948 -0.08149914443492888 0.0063378438353538522 0.47727273404598242 0.071640539914369597 0.20268961042165759 8.5000000000000018 0.0066008637659251699 0.01151418359950185 0.044224392622709281 -0.13191440701484677 -0.041886698454618447 0.51315790414810192 -0.0041596227092668405 0.062996033579111113 3.558653831481934 -0.13191440701484677 -0.19846734404563901 -0.12841457873582837 0.12543470412492755 0.010044527705758812 0.019382498227059845 0.15500966459512713 0.022059516049921516 0.065189588814973845
decision_type=2 2 2 2 2 2 2 2 10 2 2 2 2 2 2 2 2 10 2 2 2 2 2 2 2 2 2 2 2 2
left_child=-1 4 5 -4 15 7 -6 22 9 -9 12 -12 -5 -14 21 16 17 18 -2 -20 -8 -15 23 26 -24 28 -3 -27 29 -26
right_child=1 2 3 10 6 -7 20 8 -10 -11 11 -13 13 14 -16 -17 -18 -19 19 -21 -22 -23 24 -25 25 27 -28 -29 -30 -31
leaf_value=0.05946353531319213 0.074580704349424917 0.06276609891574024 0.088924256299692417 0.084409721262638279 -0.062371970437537928 0.10264400751875191 0.064346521960244096 0.11058828698217926 0.18460238859544126 0.079284233015993688 -0.0718823878376154 0.084641290949258166 0.02206240990470152 -0.082508025155256168 -0.086933648714036596 0.079589283530252811 0.094612042758282638 0.4489401150552384 -0.15038685475274816 0.050732164824397047 -0.063473328964167006 0.093857672407712089 0.094139885543006174 0.11908447189107126 0.10634431119445185 -0.041837515785563301 -0.16718265432088344 0.10029219847514842 0.00866555294988367 -0.15083050170605455
leaf_weight=519.26744712220898 6.1600567906766619 5.7275503991227188 524.45080913074958 131.14626674924648 2.8412520090469107 448.5509854037241 72.102506146502492 45.752713485615459 5.2024274721543398 417.59513668409204 4.5013940371609333 4.9263079624324746 32.144696816201304 1.169419645142624 1.2794089061230796 1983.5242855740557 249.76119792302234 0.23075447510109448 2.0553472537799258 1.6127453196349959 2.2585239797995191 35.280964302386792 874.79673229367995 87.225582860272425 20.46834664918925 6.2971230729585823 0.87680088777779008 2.7504251174682395 6.0384776123487418 0.56980201831902277
leaf_count=39733 490 415 24745 7365 478 17720 4105 1414 576 20548 218 184 2477 194 183 118587 12137 11 253 119 932 1523 39087 4400 1281 1268 54 134 454 103
internal_value=0 0.0859992 0.0910478 0.0838383 0.0802192 0.0938047 0.0559436 0.0911135 0.0835104 0.0823753 0.0711637 0.00990677 0.0740366 0.0545674 0.0822607 0.0810546 0.0922413 0.0333771 0.0236201 -0.0619611 0.0604643 0.0881994 0.0946591 0.112972 0.0927729 0.0596682 0.0322379 0.00136945 0.0791485 0.0993789
internal_weight=0 4977.3 2656.75 734.899 2320.55 1921.85 77.2023 1473.3 468.55 463.348 210.448 9.4277 201.021 69.8745 37.7298 2243.34 259.82 10.0589 9.82815 3.66809 74.361 36.4504 1004.75 93.8299 910.921 36.1242 6.60435 9.04755 27.0766 21.0381
internal_count=301188 261455 124343 36889 137112 87454 5515 69734 22538 21962 12144 402 11742 4377 1900 131597 13010 873 862 372 5037 1717 47196 4869 42327 3240 469 1402 1838 1384
is_linear=0
shrinkage=0.1


Tree=132
num_leaves=31
num_cat=0
split_feature=86 86 183 86 96 193 66 17 175 175 158 4 75 149 184 103 75 223 90 146 170 186 17 124 229 132 152 3 122 93
split_gain=31.7385 8.52571 6.46905 6.23064 5.23546 4.41713 4.58401 4.34554 5.31443 4.18952 4.04623 3.72836 6.45456 4.01803 3.88118 4.96665 3.61295 3.97111 5.38506 5.06459 5.03596 4.07847 5.51457 3.87112 4.2863 3.75728 3.6042 3.57159 5.51217 3.5876
threshold=-1.0720092654228208 -0.82166236639022816 0.02511357702314854 -1.2518978118896482 0.096770994365215315 -0.067559357732534395 2.1839227676391606 15.500000000000002 -0.030215479433536526 0.61647737026214611 1.0000000180025095e-35 0.20416666567325595 0.44610282778739935 -0.032903954386711114 -0.11136342585086821 0.053848652169108398 0.043797954916954047 -0.022531504742801186 2.4539394378662114 -0.015793192200362679 0.48365910351276403 0.030968938954174522 7.5000000000000009 0.032746871933341033 0.074597068130970015 0.039039712399244315 -0.026231681928038594 0.33150184154510504 -0.01287544798105955 0.14785698801279071
decision_type=2 2 2 2 2 2 2 2 2 2 2 10 2 2 2 2 2 2 2 2 2 2 2 2 2 2 2 10 2 2
left_child=2 7 3 -1 -4 6 -5 9 -9 -2 -6 12 14 -13 16 27 17 18 23 20 26 22 -22 -3 -25 -21 -19 29 -29 -16
right_child=1 11 4 5 10 -7 -8 8 -10 -11 -12 13 -14 -15 15 -17 -18 19 -20 25 21 -23 -24 24 -26 -27 -28 28 -30 -31
leaf_value=0.048719476702681334 0.080115656889792664 0.08675983207824875 0.046861245694122269 0.072909591593428094 0.0038410528045393841 0.084765914027217365 0.01621446400251491 0.082701251395644826 0.13128419541839501 0.11793841157789203 0.085902850235196337 -0.016333558504275422 0.011479008213253306 0.11376744017297905 0.092120189572501954 0.080317869730511485 0.1092892726761296 -0.08974748784885328 -0.037525751773846421 0.11164035925583048 -0.058948691945463087 0.096013320884225276 0.080669148136503679 0.058011693660214518 -0.093888448697063476 -0.10690336640482911 0.10600333229146344 0.043651965650115872 0.13516446323791761 0.076134370392736642
leaf_weight=88.599244964223544 2083.5011918691644 83.736790741793584 259.3538407309286 48.192566702325848 6.6545663127485559 253.06114615097238 20.254969311220293 54.57511312990755 38.329277645484581 29.703347786480663 61.891606577005746 2.4408461889006494 10.598128717561393 86.476588962799269 1169.9183111479153 613.41877355793304 175.66399502226318 0.97652811031366837 4.090056976795494 125.59649069622355 7.1927444523948925 6.2079926543347019 4.6629731782600174 7.6987382888846678 2.44846222531487 0.79163542798960307 25.560363272958512 8.0088718997726556 36.945839340195334 159.53326809181272
leaf_count=8577 121527 4110 18924 2759 1339 15419 3783 2359 1722 1710 3814 587 359 6866 49212 30519 6398 37 390 4713 833 543 228 584 105 115 733 1978 3849 7180
internal_value=0 0.0861223 0.0638279 0.0721995 0.0533573 0.07867 0.0561324 0.0815779 0.102745 0.0806473 0.0779362 0.0900819 0.0893498 0.110196 0.0896891 0.0877999 0.0981351 0.0908501 0.0747978 0.100048 0.0710763 0.0303484 -0.00403559 0.0796912 0.021359 0.110272 0.0987999 0.0911393 0.118861 0.0902019
internal_weight=0 4738.08 738.008 410.108 327.9 321.509 68.4475 2206.11 92.9044 2113.2 68.5462 2531.97 2443.05 88.9174 2432.45 1987.83 444.627 268.963 97.974 170.989 44.6006 18.0637 11.8557 93.884 10.1472 126.388 26.5369 1374.41 44.9547 1329.45
internal_count=301272 246657 54615 30538 24077 21961 6542 127318 4081 123237 5153 119339 111886 7453 111527 92738 18789 12391 5189 7202 2374 1604 1061 4799 689 4828 770 62219 5827 56392
is_linear=0
shrinkage=0.1


Tree=133
num_leaves=31
num_cat=0
split_feature=88 93 93 170 183 148 225 156 157 116 81 11 147 168 162 190 135 99 173 78 207 105 185 96 198 139 72 110 107 157
split_gain=16.6779 9.18297 6.16852 5.93322 5.26117 4.85485 5.55494 4.69611 4.51601 5.67733 4.45463 8.34715 5.33113 5.11433 5.03807 4.92769 4.78198 4.2721 4.1958 4.41246 4.75023 4.47694 4.68428 4.54098 4.40293 5.40339 5.94424 4.63589 4.24438 4.05978
threshold=0.72487875819206249 0.30615940690040594 0.094588369131088271 0.44100475311279302 0.070894714444875731 0.017687832936644558 -0.038232266902923577 0.13976744562387469 0.62362465262413036 0.065068151801824584 0.14620443433523181 0.04474942013621331 0.0018686308758333328 4.2842867374420175 23.928920745849613 -0.19195268303155896 0.028500104323029522 -0.048769520595669739 -0.010514223948121069 0.027212143875658516 0.093116465955972685 0.081549506634473815 -0.0027559313457459207 0.11265448480844499 -0.030621624551713463 0.01982835587114096 0.11726508662104608 0.091649278998374953 0.051613811403512962 0.37011556327342993
decision_type=2 2 2 2 2 2 2 2 2 2 2 10 2 2 2 2 2 2 2 2 2 2 2 2 2 2 2 2 2 2
left_child=2 3 4 -2 7 17 -7 -1 10 -10 15 14 -13 -14 -12 16 -5 -6 19 21 -21 22 23 -17 27 -26 -27 -24 -20 -3
right_child=1 29 -4 8 5 6 -8 -9 9 -11 11 12 13 -15 -16 18 -18 -19 28 20 -22 -23 24 -25 25 26 -28 -29 -30 -31
leaf_value=0.10338268830281772 0.096486371153207739 -0.024997189720817704 0.080556164428180477 0.11287894767418537 0.1040561085916816 0.0071550699915966997 0.07277358588946721 0.090995541195357424 0.089179575593192062 0.04612627530789748 -0.0062678780751882325 0.058658995775118065 0.10529096025194665 -0.015841115692776752 0.057204824748018406 0.10143485742849989 0.010054374180439621 0.079841232273523327 0.078120804659166015 0.039147661171287651 0.10223426989497836 0.052012548152724082 0.096083795737913535 0.049437743115632302 0.032738655020854449 0.11237129264576806 -0.10433203345693753 -0.045007006551986944 0.10092925588212964 0.062802858431428563
leaf_weight=379.09447050203016 196.30465535326312 5.3619545847323016 713.25510701893882 60.31655588051899 97.751592883225157 16.62998059015581 57.536181905475473 1588.4359252816348 461.89776574556527 32.804183520944207 13.327475928805596 48.707918379407374 81.69372908391324 3.6408854939836592 202.67844776175696 113.16248653490948 4.8895107768075823 286.09714177659032 387.83577565164614 73.73117162142546 14.240749119915789 68.538868051000691 46.847024880038589 19.722616475312066 49.785222577370632 16.983043800918271 1.3677420439657897 2.4506458558205386 103.32300025895904 295.4840871384547
leaf_count=46449 10123 4799 40960 3128 5865 1168 2960 48228 4920 340 754 3105 3564 87 21358 7241 514 16846 29451 6704 813 5466 2821 1350 4247 1053 172 366 8278 17490
internal_value=0 0.0775291 0.0887312 0.0799745 0.0911352 0.0814823 0.0580602 0.0933822 0.0781816 0.0863247 0.0751141 0.0654531 0.0850558 0.100123 0.0532886 0.0786252 0.105169 0.0860078 0.0766978 0.0691872 0.04936 0.0746574 0.0808578 0.0937175 0.066306 0.0498357 0.0962197 0.08907 0.0829189 0.061238
internal_weight=0 2305.1 3138.8 2004.25 2425.55 458.015 74.1662 1967.53 1807.94 494.702 1313.24 350.048 134.043 85.3346 216.006 963.194 65.2061 383.849 897.988 406.83 87.9719 318.858 250.319 132.885 117.434 68.136 18.3508 49.2977 491.159 300.846
internal_count=300620 138144 162476 115855 121516 26839 4128 94677 105732 5260 100472 28868 6756 3651 22112 71604 3642 22711 67962 30233 7517 22716 17250 8591 8659 5472 1225 3187 37729 22289
is_linear=0
shrinkage=0.1


Tree=134
num_leaves=31
num_cat=0
split_feature=86 86 178 93 88 17 170 156 143 156 181 148 226 146 225 211 190 200 233 110 182 170 108 135 224 211 82 184 232 156
split_gain=34.706 13.058 4.92972 4.77645 4.73749 4.44069 4.04442 4.70227 4.07816 4.30868 4.01609 3.71652 4.76712 4.97323 3.61084 3.53063 4.27819 5.59574 3.3426 3.37427 3.26497 3.80423 3.37548 3.58991 3.26138 3.23207 3.35179 3.53341 3.15096 3.09702
threshold=-1.1157679557800291 -0.82166236639022816 0.42108258605003362 0.36477671563625341 0.69658255577087413 8.5000000000000018 0.55722075700759899 0.056710978969931609 -0.017390376888215538 0.5317540466785432 0.019970572553575042 0.01939047779887915 -0.041237914934754365 0.0040137106552720079 -0.035418650135397904 0.033382631838321693 -0.014834724366664885 -0.026518411003053185 0.0089012142270803469 -0.017213010229170319 -0.056616898626089089 0.60105058550834667 -0.088567271828651414 -0.045664543285965913 -0.055940635502338402 0.026553672738373283 0.010990338400006296 -0.18701951205730435 0.066284205764532103 0.3352713286876679
decision_type=2 2 2 2 2 2 2 2 2 2 2 2 2 2 2 2 2 2 2 2 2 2 2 2 2 2 2 2 2 2
left_child=20 3 5 6 -4 11 -2 -8 18 10 -10 -3 13 -13 -15 -14 17 -17 -9 -20 22 25 -1 24 -24 26 27 -22 -28 -18
right_child=1 2 4 -5 -6 -7 7 8 9 -11 -12 12 15 14 -16 16 29 -19 19 -21 21 -23 23 -25 -26 -27 28 -29 -30 -31
leaf_value=0.11182487782140085 0.084095498946272287 0.091197056467266946 0.084068922242931929 0.064663899073896733 -0.032464475907732188 0.10060943802690892 -0.0045093424417059127 -0.0078734281217937591 0.070763779736486121 0.019044120411113585 0.09549196542727964 0.0082157640396213674 0.092788904548213258 -0.022810321743127925 0.09772039509644935 0.068861388151460493 0.10764218092231843 -0.047072057322027613 -0.05357425319974897 0.082192044411174808 0.10514134381297234 -0.035380824747064263 -0.052745000109857693 0.03939914375800263 0.10084280950030522 0.078830286207538403 0.085904045330704434 0.047863229875529538 -0.022425027564123984 0.039542400705480624
leaf_weight=7.844072893752581 1970.4772763795384 1874.1363561913004 7.8878548218094675 162.9238288434276 6.2549471685515527 461.55352456015089 7.8185997027842395 10.360726525423162 178.0153084514227 12.140098829622728 104.07623218784283 18.583004071262621 129.14428060978503 2.910376289687977 17.025389263325906 10.089970400515996 19.113233011329843 7.087960483515416 2.1007108592384638 14.237587283399987 11.555451626905322 3.7549690899240877 1.5142014345060513 142.52479685139519 15.904287649660544 123.1875518397834 51.604265644357383 158.4510372750284 2.8324304303896488 10.264474503295785
leaf_count=426 108714 88225 858 11608 518 18428 4311 1081 11520 471 3777 1464 5425 417 767 572 1293 828 341 674 891 900 180 10045 715 9407 2772 13997 404 254
internal_value=0 0.0864114 0.0914061 0.0812099 0.0325296 0.0917327 0.0823824 0.0721143 0.073981 0.0773767 0.0798871 0.0897708 0.077293 0.0454328 0.0801244 0.0842777 0.060668 0.0210249 0.0365593 0.0647358 0.0592538 0.0647337 0.0477776 0.0446366 0.0874913 0.0658151 0.0586716 0.0517565 0.0802675 0.0838483
internal_weight=0 5026.2 2564.05 2462.15 14.1428 2549.91 2299.23 328.749 320.931 294.232 282.092 2088.36 214.219 38.5188 19.9358 175.7 46.5556 17.1779 26.699 16.3383 519.173 351.386 167.787 159.943 17.4185 347.631 224.443 170.006 54.4367 29.3777
internal_count=301283 261546 119049 142497 1376 117673 130889 22175 17864 15768 15297 99245 11020 2648 1184 8372 2947 1400 2096 1015 39737 28371 11366 10940 895 27471 18064 14888 3176 1547
is_linear=0
shrinkage=0.1


Tree=135
num_leaves=31
num_cat=0
split_feature=86 86 103 4 82 226 150 12 171 157 182 137 88 187 200 93 41 12 92 190 199 175 157 4 194 82 78 173 103 187
split_gain=34.5314 15.6583 4.58319 3.98689 3.73296 3.85121 3.71851 4.89352 3.4123 4.38267 4.88766 4.28914 3.88117 5.09561 3.84415 4.47031 3.82502 3.53082 3.52837 4.1813 4.09449 3.38903 3.70054 3.42304 3.89341 4.61503 3.34715 4.35501 3.33171 3.38697
threshold=-1.1157679557800291 -0.82948100566864003 0.12912379205226901 0.34848485887050634 0.055867666378617294 0.15423259139060977 0.036297786980867393 213.00000000000003 -0.022041983902454373 0.47923383116722112 0.064837057143449797 0.032040070742368705 0.85708317160606395 -0.04314345866441726 -0.054520586505532258 -0.018406104296445843 1.0000000180025095e-35 415.50000000000006 0.7883264720439912 0.037729151546955116 0.065882466733455672 0.23086272925138476 0.37869377434253698 0.074304118752479567 0.17430475354194644 0.04124149680137635 0.03084853291511536 0.38819348812103277 0.15896063297986987 -0.0036496164975687857
decision_type=2 2 2 10 2 2 2 8 2 2 2 2 2 2 2 2 2 8 2 2 2 2 2 8 2 2 2 2 2 2
left_child=8 26 3 4 -3 6 -6 -8 11 18 -11 12 21 -14 15 -13 -16 -15 19 -10 -21 22 -1 -24 25 -25 -2 -28 -20 -30
right_child=1 2 -4 -5 5 -7 7 -9 9 10 -12 14 13 17 16 -17 -18 -19 28 20 -22 -23 23 24 -26 -27 27 -29 29 -31
leaf_value=-0.029496331898670909 0.082584842491937094 0.090884575085793812 0.074602472160698194 0.14500419885097032 0.10682377478184175 -0.079162514244984841 -0.10713892483190982 0.076059969825563983 -0.01126788171675399 0.04749844909696415 0.081677805574314824 -0.058629684560883778 0.084392636066523419 -0.081768231478459796 0.064352206755844604 0.059655170670128488 -0.07628561394973761 0.044374456595532699 -0.037486594135205643 0.103743602605647 0.42297601467497314 0.16649111197547722 0.09604379058651856 0.066462834480595034 0.15216458227069407 -0.068431416766200528 0.07515864838558417 0.011165230378832804 0.12028053735402376 -0.049412138346552045
leaf_weight=3.241060170627974 1710.7534626545821 2245.4108669080879 151.59634454287016 14.382837278209989 250.12517539671035 1.1493713657409887 1.7198365748904478 9.5793293218039253 1.8369015074652026 189.30588031730122 53.708254595101153 7.0739317497190086 8.5373499519050728 4.8165077889971117 38.999583433922908 5.826864693829064 2.0347762663313906 4.1145500003522111 12.83150740952715 1.3302936887985195 0.57563034077884356 4.2738728181518573 67.27055173723295 100.08902896901736 5.1478240480510058 2.6021631484604759 619.44040022987019 10.820303159558533 3.217767232473534 1.8538688594804842
leaf_count=3883 98750 103141 7728 2023 10619 168 364 229 833 8536 1680 825 752 1017 3116 654 218 240 4051 341 113 466 5133 5953 194 246 37623 944 652 675
internal_value=0 0.0862617 0.09149 0.0925049 0.0922039 0.103486 0.104289 0.0481754 0.0591581 0.0512118 0.0550524 0.0674371 0.0741833 0.0291517 0.0424092 -0.00520431 0.0573784 -0.0236541 0.00809439 0.0963949 0.200159 0.0784907 0.0763819 0.0783416 0.0672989 0.0630447 0.0802897 0.07406 -0.0103657 0.0582516
internal_weight=0 5014.98 2673.96 2522.37 2507.98 262.574 261.424 11.2992 518.688 264.66 243.014 254.028 200.093 17.4684 53.9352 12.9008 41.0344 8.93106 21.646 3.74283 1.90592 182.625 178.351 175.11 107.839 102.691 2341.01 630.261 17.9031 5.07164
internal_count=301167 261589 124272 116544 114521 11380 11212 593 39578 16881 10216 22697 17884 2009 4813 1479 3334 1257 6665 1287 454 15875 15409 11526 6393 6199 137317 38567 5378 1327
is_linear=0
shrinkage=0.1


Tree=136
num_leaves=31
num_cat=0
split_feature=86 86 93 93 233 113 12 152 13 233 127 7 99 5 132 76 218 230 145 182 90 157 93 229 220 152 156 102 66 143
split_gain=28.2168 12.5489 4.66872 4.47222 4.3124 3.94769 3.74487 3.79834 3.5947 7.62437 3.56283 4.30792 4.41852 4.33299 6.50117 5.05285 4.27736 4.19652 4.06837 4.01364 3.51407 3.44925 3.40787 5.10936 3.39724 4.14387 3.39633 5.00836 4.49923 3.85467
threshold=-1.1157679557800291 -0.83693176507949818 0.36477671563625341 0.067136626690626158 -0.064954951405525194 -0.059433942660689347 258.50000000000006 0.043562762439250953 0.070988629013299956 0.0047523281536996373 0.004545515403151513 0.15815528482198718 0.098100449889898314 0.10667674615979196 0.026468588039278988 0.10157209262251855 0.047156587243080146 -0.096067078411579118 -0.0069287267979234448 0.022993405349552635 1.5524578690528872 0.39333544671535497 0.030845121480524543 -0.0094249686226248724 0.096793111413717284 -0.02171109244227409 0.25116822123527532 0.15168116241693499 12.354505538940431 0.058850785717368133
decision_type=2 2 2 2 2 2 10 2 10 2 2 8 2 10 2 2 2 2 2 2 2 2 2 2 2 2 2 2 2 2
left_child=-1 2 -2 4 22 8 10 24 -6 -10 17 13 -13 15 20 -12 18 19 -14 -5 -15 -7 -3 -24 -8 -26 29 28 -28 -23
right_child=1 3 -4 6 5 21 7 -9 9 -11 11 12 16 14 -16 -17 -18 -19 -20 -21 -22 26 23 -25 25 -27 27 -29 -30 -31
leaf_value=0.061053674878229651 0.081097564357346691 0.083431639568410473 0.063665762779070462 -0.10851360628545914 0.078026865377526525 0.03497063404196038 0.078432103419611571 0.026342124057262079 -0.17676874636929854 0.063322085112073601 0.049909902312791452 0.093076187308635525 -0.030485975347047237 -0.048042473346234307 -0.11241636020982396 -0.054594305337406716 -0.080426138068817501 0.10130053861164644 0.11141275095978137 0.097341944179764731 0.10631933111232071 0.099012662090637388 -0.02283247121740278 0.077148368697428638 0.14458716134500971 -0.019121935712965828 0.091932262669697742 -0.021380513807152782 -0.084953497758392144 0.1485375782986163
leaf_weight=528.8923894530144 2082.044256733474 233.74410267684357 165.88464441232372 1.8863359194237994 64.972891353036403 9.659045284079637 177.11904407666862 17.274879121667254 1.7703563114482666 5.2304979852060569 26.500479834411635 143.69712931554682 3.0817278181375505 1.5676014688742785 1.5674709447912381 5.6052868354399825 2.7309707399999743 164.17453534009042 5.8675656098389473 1.9022817032746386 24.910408080330853 725.80803918065931 7.7833488921264715 14.888763208844464 1.9687627293969852 7.2034895579054119 1062.294819145518 3.9316757796295851 1.4399293038604799 16.063752091933111
leaf_count=39696 121202 12924 11273 473 3454 7613 4221 553 237 307 3558 6757 306 298 168 1150 271 9698 345 218 1534 48166 756 1068 27 303 23103 83 795 641
internal_value=0 0.0853464 0.0798112 0.0898965 0.0920108 0.0936609 0.0821617 0.0711994 0.070691 0.00260859 0.0879808 0.0794719 0.0882684 0.0567496 0.0854661 0.0316647 0.0291201 0.0988994 0.0625493 -0.00515262 0.0971805 0.0945696 0.0798412 0.0428249 0.075359 0.0160171 0.0948878 0.0912764 0.0916928 0.100085
internal_weight=0 4982.57 2247.93 2734.65 2147.59 1891.17 587.058 203.566 71.9737 7.00085 383.492 215.529 155.377 60.1512 28.0455 32.1058 11.6803 167.963 8.94929 3.78862 26.478 1819.2 256.416 22.6721 186.291 9.17225 1809.54 1067.67 1063.73 741.872
internal_count=301198 261502 132475 129027 99147 84399 29880 5104 3998 544 24776 14387 7679 6708 2000 4708 922 10389 651 691 1832 80401 14748 1824 4551 330 72788 23981 23898 48807
is_linear=0
shrinkage=0.1


Tree=137
num_leaves=31
num_cat=0
split_feature=93 121 88 119 197 79 219 182 157 224 170 90 164 205 199 209 147 72 207 105 170 157 40 0 170 8 7 67 156 208
split_gain=20.0739 9.77563 7.90587 7.58511 5.81484 5.2592 5.16267 5.03781 6.43821 5.3834 4.91367 7.20693 4.88957 5.33923 4.74032 4.69205 5.28044 4.91773 4.94717 4.45195 4.16515 4.79415 7.49633 4.37836 4.11506 4.10413 4.43264 4.05066 4.07977 4.04
threshold=0.30615940690040594 0.065809894353151335 0.77847048640251171 0.04763475991785527 -0.0029267509235069151 0.28097587823867803 0.082139514386653914 -0.05245466157793998 0.55457308888435375 0.048893425613641746 0.54584556818008434 1.9694638848304751 3.9607677459716801 -0.02627429366111755 0.045050710439682014 -0.0066705243661999694 0.033689688891172416 0.11167800426483156 -0.039605977013707154 0.016138024628162388 0.41605599224567419 0.46475408971309667 1.0000000180025095e-35 0.48913043737411505 0.55722075700759899 0.22887498885393145 0.04446640424430371 0.8883146643638612 0.12838828563690188 0.1316390931606293
decision_type=2 2 2 2 2 2 2 2 2 2 2 2 2 2 2 2 2 2 2 2 2 2 2 10 2 10 10 2 2 2
left_child=1 2 5 10 24 20 12 8 -3 -9 -2 -12 29 -14 27 17 -17 18 -7 -10 -1 22 25 -23 -5 -22 -27 -15 -29 -4
right_child=3 7 6 4 -6 15 -8 9 19 -11 11 -13 13 14 -16 16 -18 -19 -20 -21 21 23 -24 -25 -26 26 -28 28 -30 -31
leaf_value=0.10247783465044458 0.063555078618824284 0.022739223029685347 0.042357495520893171 0.013050400085111545 0.11051388450297024 0.10187521894578216 0.09922687820414583 0.083764085114337972 0.072109496993480529 0.05535796345975548 0.049680149098801397 -0.030139717183275586 0.059293179786465158 0.051843887108338108 0.055940178210475359 0.099277532051417761 0.072068378282872478 0.065300910713750451 0.083771953634591279 -0.059416829924013086 0.033560434576019087 0.084568753563815421 0.11701442298330783 0.12788868325435701 0.12969312355796486 0.25357071644968943 0.069443027821250655 0.12283467238262656 0.087524045974762446 0.13093259091601547
leaf_weight=128.30241644178022 318.19056369287728 38.613057673687194 74.608954642375693 12.210728125630341 51.940225076848947 222.51527001861496 74.710722765740911 383.13907307094644 124.07563449864301 80.783326269693589 63.264046805360749 13.774630746055434 124.32846361654924 21.542817191334507 44.356090743158347 883.92431197112842 77.585182162883939 94.739373248048651 469.37626596351652 2.62801367485008 52.87532845530518 1876.4708486304996 21.917879902266691 23.624894313999448 4.0203892910844834 1.3503292301500085 41.17114092721215 46.720672263941879 109.19712365874148 5.5311672476113918
leaf_count=4211 22804 8572 13186 1481 1928 10349 3649 20513 2777 5902 4898 1576 5318 816 2389 38177 4186 5422 22319 152 23712 69402 6068 3650 332 1927 10184 2547 2378 735
internal_value=0 0.0851339 0.086803 0.0633821 0.0941875 0.0883244 0.0749787 0.0734764 0.0584872 0.0788177 0.0580687 0.0354082 0.070729 0.0758822 0.0851804 0.092396 0.097082 0.0866683 0.089594 0.0693815 0.0850072 0.0838961 0.0642774 0.0851074 0.0419424 0.0521608 0.0752903 0.092489 0.0981049 0.0484708
internal_weight=0 5024.09 4394.85 463.401 68.1713 3893.85 500.996 629.239 165.317 463.922 395.229 77.0387 426.285 346.145 221.817 1748.14 961.509 786.631 691.892 126.704 2145.71 2017.41 117.315 1900.1 16.2311 95.3968 42.5215 177.461 155.918 80.1401
internal_count=301560 268541 230625 33019 3741 199607 31018 37916 11501 26415 29278 6474 27369 13448 8130 80453 42363 38090 32668 2929 119154 114943 41891 73052 1813 35823 12111 5741 4925 13921
is_linear=0
shrinkage=0.1


Tree=138
num_leaves=31
num_cat=0
split_feature=86 86 86 170 67 133 211 174 222 175 5 7 221 133 67 124 28 97 149 93 232 137 198 99 208 202 153 173 138 64
split_gain=30.2673 11.2313 4.96072 4.98167 4.39416 3.86926 5.53268 7.71415 5.45462 4.22794 4.15369 4.1155 6.76046 4.85047 4.01992 4.75911 4.56428 4.0024 3.86209 3.71372 4.69439 5.25375 4.17608 4.16178 3.76769 3.66984 3.66672 3.64793 4.17496 4.28652
threshold=-0.93589836359024037 -1.1817154288291929 -0.57369077205657948 0.53934586048126232 2.4691101312637334 0.032688260078430183 0.0093273632228374499 0.057508274912834174 0.046947211027145393 -0.10978503152728079 0.090593434870243086 0.11189358308911325 -0.065845862030982957 0.044735923409461982 1.1301464438438418 0.036325855180621154 1.0000000180025095e-35 0.013006615918129684 0.032627735286951072 0.18084443360567096 -0.015037004835903643 0.00071861434844322513 -0.034328497946262353 0.049964411184191711 0.045990331098437316 0.17769841104745868 -0.01436259178444743 -0.10673226788640021 0.048673631623387344 4.5000000000000009
decision_type=2 2 2 2 2 2 2 2 2 2 8 10 2 2 2 2 2 2 2 2 2 2 2 2 2 2 2 2 2 2
left_child=1 -1 3 5 -4 9 7 11 -9 10 14 -7 -13 -14 15 26 -17 18 -16 22 21 -21 -3 25 -23 -22 -2 28 -24 -30
right_child=2 19 4 -5 -6 6 -8 8 -10 -11 -12 12 13 -15 17 16 -18 -19 -20 20 23 24 27 -25 -26 -27 -28 -29 29 -31
leaf_value=0.055774178191501961 -0.0040661675505217175 0.08872240824455796 0.091349178410157078 0.080115946063103016 0.11106607199253851 0.091385459264610891 0.11626818377996782 0.12893356488595697 -0.054702162886283691 0.090363340898256039 0.089775903471466703 -0.11522593822020333 0.075422235253002415 -0.027750178390672883 0.075561753574537302 -0.094721913305078634 0.11645061280454046 0.12227917436248713 -0.018059776783702474 0.039359925294998967 0.068288599173970038 0.059650509757227688 0.068200103917864449 0.091482150717220698 0.10859932580946277 -0.1167794098477215 0.069075469023012398 0.079760550206664768 -0.0097705217972524246 0.10363906245305009
leaf_weight=326.95334430810158 8.2092431838964313 338.73538798421396 383.003098613367 819.98513940157045 160.35531505362906 17.478665776182652 117.69647769371181 29.90232409007422 1.7100219572116646 1663.2142737789513 225.57071626430547 2.9037090111614843 16.431020058411836 6.3054232823023986 187.20028502605317 4.0660372402371641 1.3678433360310007 18.321840078333935 4.5124871619082105 91.6689119964783 189.52478195989534 48.657255542654866 172.79938411159128 112.71798208914788 23.233613072915887 1.077573369339915 41.519955766173894 478.27952855531771 13.729578352314549 4.4011161086045822
leaf_count=24989 420 22751 14970 45678 7911 1434 3911 1199 427 87653 7328 242 734 471 6975 241 62 979 404 7920 12197 2997 9161 5704 1228 301 1856 29989 834 114
internal_value=0 0.0725426 0.0883405 0.0868257 0.097168 0.0891705 0.102757 0.081477 0.119 0.0879567 0.0798007 0.0539672 0.0284595 0.0468098 0.071316 0.047292 -0.0415645 0.0776256 0.0733581 0.0762599 0.0688868 0.0552316 0.0796752 0.0762502 0.0754697 0.0672423 0.0570013 0.0750957 0.0634102 0.017759
internal_weight=0 1801.78 3709.75 3166.4 543.358 2346.41 192.428 74.7312 31.6123 2153.98 490.768 43.1188 25.6402 22.7364 265.198 55.1631 5.43388 210.035 191.713 1474.83 466.88 163.56 1007.94 303.32 71.8909 190.602 49.7292 669.21 190.93 18.1307
internal_count=301080 118185 182895 160014 22881 114336 8418 4507 1626 105918 18265 2881 1447 1205 10937 2579 303 8358 7379 93196 30347 12145 62849 18202 4225 12498 2276 40098 10109 948
is_linear=0
shrinkage=0.1


Tree=139
num_leaves=31
num_cat=0
split_feature=86 86 17 86 17 68 170 182 111 139 139 205 169 195 136 86 90 167 179 9 93 174 216 115 189 110 188 121 207 188
split_gain=31.6433 14.541 4.95841 3.92089 3.76812 3.73936 3.72602 3.57349 4.17055 4.29495 3.88665 5.1751 3.72918 3.46639 3.53072 3.46039 3.38043 5.44418 5.13958 7.60641 4.07961 3.83912 3.72488 3.70268 3.5887 5.22969 6.39987 4.44611 4.402 4.44716
threshold=-1.1157679557800291 -0.79820320010185231 6.5000000000000009 -0.57369077205657948 8.5000000000000018 41.431026458740241 0.57619032263755809 -0.030164751224219796 0.031711595132946975 0.011742507573217155 0.056142814457416541 0.038028700277209289 9.5000000000000018 -0.14719457179307935 0.015553912147879602 -0.6793040633201598 2.077524065971375 2.5000000000000004 -0.22977444529533383 0.0044794238638132819 -0.064073886722326265 0.12901051342487338 0.035100564360618598 -0.074064176529645906 -0.074471876025199876 -0.043723370879888528 0.17078913003206256 0.12903235107660296 -0.047179322689771645 -0.16818790882825849
decision_type=2 2 2 2 2 2 2 2 2 2 2 2 2 2 2 2 2 2 2 8 2 2 2 2 2 2 2 2 2 2
left_child=-1 2 16 4 6 -4 -3 8 9 15 12 -12 -9 14 -6 -8 24 18 19 22 -20 23 -18 -19 27 26 28 -2 -26 -30
right_child=1 3 5 -5 13 -7 7 10 -10 -11 11 -13 -14 -15 -16 -17 17 21 20 -21 -22 -23 -24 -25 25 -27 -28 -29 29 -31
leaf_value=0.060601713439533134 0.066509036267116836 0.089208181813827891 0.089519148771357138 0.099499585469841556 0.067503281279922125 -0.029449966001438222 0.013337695091137145 0.0819736681118549 0.089373099582059704 0.070607272904629842 0.076266050564685939 0.61453830133778686 -0.057730238517694335 0.10226732601376494 -0.099387075884852391 -0.1032762685948431 -0.057925315159839078 -0.11037301282511935 0.095038421573342691 0.078875474132699436 0.07266981082379502 0.07974654447886792 0.062031159887801585 0.10504093111921847 0.088729088104038262 0.080717367151886821 -0.086241057370346014 -0.056313864521676964 0.095815792868521349 0.035981723995024077
leaf_weight=531.61959366698193 234.92654054800119 1311.0252430241949 636.27243286535167 551.18719127360464 10.796006688032774 2.6529940353370867 7.3019737513054706 85.254162303663634 11.039486115949783 7.4645582950665803 0.40932826904099684 0.3168916574177274 1.9545207890896552 285.95133482369056 1.4363021621766154 3.9057104406388161 8.759269740123047 0.80148667138564533 125.35509921876292 18.309368544980771 233.23918461944254 100.94282570304745 3.6745154547290886 180.17830161589632 41.228651081710268 1046.2869837043293 2.9701075334755833 2.9847254953365328 15.606566448694592 60.872576746790173
leaf_count=39618 19305 62711 32549 22900 572 1062 566 4207 588 317 65 46 266 12081 255 414 875 97 7409 1444 14281 4216 318 9338 1718 58792 375 283 429 4131
internal_value=0 0.0862649 0.0813217 0.0921563 0.0898124 0.0890252 0.0876784 0.0706304 0.0406476 0.0118398 0.0807611 0.311145 0.0788426 0.100037 0.0479072 -0.0273005 0.078951 0.0847886 0.0771252 0.0378852 0.0804893 0.0953718 -0.022475 0.104087 0.0761618 0.0784439 0.0587323 0.0649682 0.0623904 0.0481916
internal_weight=0 4993.1 2715.06 2278.04 1726.86 638.925 1428.67 117.647 29.7117 18.6722 87.9349 0.72622 87.2087 298.184 12.2323 11.2077 2076.14 671.26 389.337 30.7432 358.594 281.923 12.4338 180.98 1404.88 1166.96 120.678 237.911 117.708 76.4791
internal_count=301228 261610 156622 104988 82088 33611 69180 6469 1885 1297 4584 111 4473 12908 827 980 123011 37978 24327 2637 21690 13651 1193 9435 85033 65445 6653 19588 6278 4560
is_linear=0
shrinkage=0.1


Tree=140
num_leaves=31
num_cat=0
split_feature=86 86 171 7 71 17 228 175 157 133 229 94 227 86 85 17 139 187 175 219 7 181 219 143 3 69 227 192 71 199
split_gain=33.0678 14.5878 3.52605 4.73299 3.61139 3.523 6.52185 3.70618 3.62067 3.53425 4.08508 3.8895 3.43061 3.3826 3.2707 3.15849 3.44574 4.91606 3.67793 3.75183 3.36705 3.21946 3.1796 3.67221 3.10974 5.25477 4.22466 4.346 4.41822 5.9429
threshold=-1.1157679557800291 -0.79820320010185231 0.15897983312606814 0.11814556270837785 0.016530054621398452 20.500000000000004 0.078508209437131896 -0.044056978076696389 0.42538760602474218 0.019869796000421051 0.15785745531320575 0.014814101159572603 -0.028387857601046559 -0.57369077205657948 130.50000000000003 8.5000000000000018 0.0046687100548297175 -0.17750654369592664 -0.076986938714981065 -0.013449498917907475 0.15815528482198718 -0.031430507078766816 -0.063963513821363435 -0.0045734960585832587 0.17694497108459475 2.1656562089920048 -0.022216897457838055 -0.056195888668298714 0.058397272601723678 -0.024832282215356823
decision_type=2 2 2 8 2 2 2 2 2 2 2 2 2 2 2 2 2 2 2 2 10 2 2 2 10 2 2 2 2 2
left_child=2 5 -1 4 -4 8 7 12 9 14 -11 -12 -7 15 -2 -3 17 -17 19 -18 -21 22 23 -19 25 -15 -26 28 -28 -30
right_child=1 13 3 -5 -6 6 -8 -9 -10 10 11 -13 -14 24 -16 16 18 21 -20 20 -22 -23 -24 -25 26 -27 27 -29 29 -31
leaf_value=0.064782550136845002 0.042221593199351426 0.08788940915466853 0.021755407715454755 0.051048359344393002 -0.11287327061739472 0.0046402223788630037 -0.093744456021348413 0.13505950665602434 0.081207154572846191 0.096696737543648006 0.83107865110484003 -0.0044861708010705444 0.10002861463505471 0.015562543385553254 0.30931382304770894 -0.029917564461672298 0.11471255608476053 0.071836642096260603 0.12522917919939666 -0.027871806296382157 0.082723711394796062 0.10406897395483934 0.085320151946841491 -0.054428064464604409 0.10328123136882411 0.10961849448895811 0.12271480833868764 0.065728795692030731 0.00015586923255852286 0.1036985055714371
leaf_weight=377.72118195172402 48.827320518473016 1429.3855611589611 5.8046728440215229 136.73314123820137 3.0339212066214714 4.5253835002824898 1.6002629783738473 30.154254108703753 2609.1401290968961 11.964449916145437 0.14766760202110241 0.089460617901977457 22.597698003187134 6.0922739012140701 0.46282305624845221 3.2877905536288372 15.219775600555296 6.0979700115371998 76.164330655266895 4.5476719024507002 6.9747607496733508 112.61739910626511 63.84986324475085 3.7015372692612782 163.3201822356084 237.53374641035123 36.219896810415321 87.661688686154775 8.4987930301103933 15.939399746276193
leaf_count=32235 28597 68873 1304 5112 844 300 259 1057 119767 5876 54 29 698 827 158 467 570 284 2920 452 295 4026 3382 476 3663 12293 961 4351 455 478
internal_value=0 0.0861056 0.0596866 0.0464639 -0.024457 0.0811753 0.105371 0.110935 0.0806419 0.0566575 0.104843 0.515848 0.0841134 0.0920154 0.0447295 0.0898267 0.0992953 0.0912976 0.114027 0.0821221 0.0390739 0.0934372 0.0771802 0.0241431 0.0988025 0.107266 0.0921857 0.079968 0.100546 0.0676898
internal_weight=0 5006.62 523.293 145.572 8.83859 2729.51 58.8776 57.2773 2670.63 61.4917 12.2016 0.237128 27.1231 2277.11 49.2901 1721.85 292.461 189.555 102.907 26.7422 11.5224 186.267 73.6494 9.79951 555.266 243.626 311.64 148.32 60.6581 24.4382
internal_count=301063 261568 39495 7260 2148 156795 2314 2055 154481 34714 5959 83 998 104773 28755 81745 12872 8635 4237 1317 747 8168 4142 760 23028 13120 9908 6245 1894 933
is_linear=0
shrinkage=0.1


Tree=141
num_leaves=31
num_cat=0
split_feature=86 86 93 175 80 135 213 208 122 74 72 6 171 72 203 158 99 104 156 95 143 167 85 218 2 115 94 205 163 199
split_gain=30.0208 11.1875 4.4955 4.09381 4.54079 4.01142 4.51665 4.00634 3.80674 5.92177 3.98143 3.74393 3.69384 3.58769 4.72007 4.14708 4.92425 4.02674 4.36869 3.89072 3.60359 3.52555 3.41227 5.3391 3.41277 4.31293 4.2761 3.36125 3.31329 3.26915
threshold=-1.1529442071914671 -0.82948100566864003 0.36477671563625341 0.050538511946797378 0.013986697886139156 0.017229282297194008 -0.0033493444789201017 -0.0073394407518208018 -0.0018629542901180682 0.33602151274681097 0.1040497198700905 0.20294117927551272 0.06923586875200273 0.097693528980016722 -0.024222133681178089 0.29166667163372045 -0.0029364762594923373 -0.085044816136360155 0.16749174892902377 0.099085487425327315 0.040012108162045486 3.5000000000000004 90.500000000000014 -0.083712939172983156 0.024845679290592674 0.072041563689708724 -0.089132495224475847 -0.14293886721134183 0.13962886482477191 0.22859477251768115
decision_type=2 2 2 2 2 2 2 2 2 2 2 10 2 2 2 2 2 2 2 2 2 2 2 2 8 2 2 2 2 2
left_child=12 2 3 4 -2 13 11 -5 9 10 -9 21 -1 17 15 19 -17 -3 29 -15 -20 22 24 -24 26 -26 -7 -16 -14 -19
right_child=1 5 -4 7 -6 6 -8 8 -10 -11 -12 -13 28 14 27 16 -18 18 20 -21 -22 -23 23 -25 25 -27 -28 -29 -30 -31
leaf_value=0.064008151555578749 0.089299112695242933 0.08328660797919607 0.065991950872712118 0.082114668924885031 0.078018576167551673 0.00076567849045280174 0.089594726640546019 0.1001594598027831 0.12273033854393969 -0.097548192952854038 -0.027086879184826846 -0.062954116165033894 0.045885450049191645 0.061642402325194072 -0.00826326222926352 0.025723017879829183 0.10095152561336354 0.10730421317455073 0.091762802852957168 -0.00027124815989466123 0.11476872812945267 0.01029129693100559 0.11629185316409518 0.0010888726734276854 0.074018891284031232 -0.061545177746548718 0.11185832835840251 0.092877570217333977 -0.063520113658858818 -0.06636730272991273
leaf_weight=246.52945925120105 458.59707677729625 285.92612995189438 190.81420638846566 127.93543411160363 1608.1775055245951 3.769022556618892 368.6629352860682 41.100549085451348 68.730861015634218 1.7025648521780556 2.6154141206457089 2.0520433127076094 137.46310144357676 49.39669091865494 3.3352646975122289 10.778560508553708 45.14474356206938 312.72649874086142 1013.8020337849216 12.774651672859816 72.987526644992613 8.6763867912279675 5.7194769261195715 13.56205213234807 140.8701778919899 2.3866010881333741 42.924405953039241 221.76721628279961 2.8249768106437605 1.0876416635119301
leaf_count=22014 25510 14601 13337 6778 93596 764 15788 2233 4795 250 422 822 5574 3085 397 744 1515 34230 27308 1272 1806 1156 158 1119 6501 258 2906 9414 2187 381
internal_value=0 0.0855287 0.0807436 0.0819627 0.0805216 0.0900968 0.0828285 0.0942662 0.107885 0.0854207 0.0925466 0.071488 0.0566365 0.0922047 0.0828847 0.0666936 0.0864521 0.0941012 0.096309 0.0489207 0.0933079 0.072754 0.0753442 0.0352615 0.079413 0.0717604 0.102891 0.091379 0.0436824 0.106702
internal_weight=0 5118.02 2499.67 2308.86 2066.77 2618.35 588.623 242.085 114.149 45.4185 43.716 219.96 386.818 2029.73 343.197 118.095 55.9233 1686.53 1400.6 62.1713 1086.79 217.908 209.232 19.2815 189.95 143.257 46.6934 225.102 140.288 313.814
internal_count=300921 271146 146921 133584 119106 124225 29472 14478 7700 2905 2655 13684 29775 94753 16427 6616 2259 78326 63725 4357 29114 12862 11706 1277 10429 6759 3670 9811 7761 34611
is_linear=0
shrinkage=0.1


Tree=142
num_leaves=31
num_cat=0
split_feature=86 86 17 13 153 68 144 183 168 223 118 231 120 75 201 93 190 11 205 191 183 204 138 9 156 210 222 198 128 86
split_gain=36.5765 12.8878 5.45329 4.37147 4.77082 6.12968 5.03241 6.50262 4.42495 5.34847 5.90543 5.0803 4.26595 4.11075 4.06646 5.62657 4.44094 4.05686 5.1081 4.08864 4.35099 4.20574 3.94478 3.94025 3.93377 3.87428 3.84153 3.76941 4.66232 3.7029
threshold=-1.1157679557800291 -0.83693176507949818 8.5000000000000018 0.025105042383074764 -0.0062897698953747741 41.381212234497077 0.022202854044735435 0.2149462774395943 3.6452411413192753 0.0057384618557989606 0.03150338493287564 -0.11660461127758025 0.025898914784193042 0.018957772292196754 -0.022722957655787464 0.38426664471626287 1.0000000180025095e-35 0.023127865977585319 0.0163068100810051 1.0000000180025095e-35 -0.153634138405323 -0.14767780154943463 -0.010814380366355179 0.017138074152171615 0.022347066551446918 0.11999123916029932 0.094793085008859648 -0.17995902895927426 -0.023118227720260617 -0.73814862966537464
decision_type=2 2 2 10 2 2 2 2 2 2 2 2 2 2 2 2 2 8 2 2 2 2 2 8 2 2 2 2 2 2
left_child=12 13 3 4 5 8 -7 -8 9 10 29 -12 24 14 -2 17 -17 18 -16 21 -21 -19 -15 -6 -1 -14 -13 28 -4 -3
right_child=1 2 27 -5 23 6 7 -9 -10 -11 11 26 25 22 15 16 -18 19 -20 20 -22 -23 -24 -25 -26 -27 -28 -29 -30 -31
leaf_value=-0.033592493864172367 0.064925849024829563 0.0052973766080768991 0.12317835916628612 0.091391209909316484 0.065489932127371572 -0.019497655320618961 0.10975345989881347 -0.19088636112079865 0.1041997545713068 0.083441340243912671 0.21935359218493181 -0.045719805891602856 0.081393383613201531 0.090503425946722726 0.12207863186286767 0.061011270892013726 -0.029862551259613946 -0.03728241126386278 0.07595232928684495 -0.030017640936575548 0.090682647822490067 0.069436281007803538 0.079812101366719221 0.09133939813999635 0.05507269318380778 -0.011855240269065157 0.10784520213779275 0.10139820890392762 -0.013635939736328219 0.080583061654191657
leaf_weight=5.0648504736624309 275.00770120126208 8.5485608596600233 4.1267222558662979 1660.139949265189 70.259506526766017 13.503288948576712 7.3105862070042331 0.79797017024702643 38.440060513700701 68.990156258308843 0.89878819262958032 12.50353870024446 94.960098449186603 540.20589093580543 52.463008774951504 19.178267140493748 7.4732583502513981 3.7726733961178516 44.265049641828 3.0385708152894031 174.49434637214949 174.53127858935477 955.59627487557213 366.9405383715864 415.38011702823042 4.6749535091339558 1.8730156322492337 499.7100435979055 6.283218270667474 27.709410268573723
leaf_count=6156 18209 1725 136 51206 15903 1891 779 40 1733 5991 78 2182 6066 29415 5850 1078 1160 342 4774 356 7081 7448 56621 24093 27100 461 182 19856 565 2901
internal_value=0 0.0862682 0.0908118 0.0887189 0.0815376 0.0678637 0.0178957 0.0801672 0.0746571 0.0652347 0.0408606 -0.0112934 0.0584134 0.0806381 0.0746187 0.0801811 0.0355297 0.0828106 0.10097 0.0778743 0.0886168 0.0671783 0.0836733 0.0871853 0.0540046 0.0770181 -0.0257129 0.100158 0.0406002 0.0628329
internal_weight=0 5038.06 2788.04 2277.92 617.775 180.575 21.6118 8.10856 158.964 120.523 51.5333 15.2753 520.08 2250.03 754.224 479.216 26.6515 452.565 96.7281 355.837 177.533 178.304 1495.8 437.2 420.445 99.6351 14.3766 510.12 10.4099 36.258
internal_count=301378 261595 129261 108704 57498 17502 2710 819 14792 13059 7068 2442 39783 132334 46298 28089 2238 25851 10624 15227 7437 7790 86036 39996 33256 6527 2364 20557 701 4626
is_linear=0
shrinkage=0.1


Tree=143
num_leaves=31
num_cat=0
split_feature=86 86 103 86 17 162 145 231 79 170 223 209 159 205 231 66 219 97 13 163 191 10 76 209 137 94 146 224 5 163
split_gain=34.3422 14.0368 3.63999 3.67651 3.54915 3.60033 3.54437 3.82539 4.69469 3.85838 3.63807 5.8479 4.59288 3.51736 3.43156 3.4118 3.30515 5.63242 3.18449 3.47588 3.45383 3.80149 3.59153 3.43711 3.41181 3.40398 3.35864 4.46036 3.93892 5.02273
threshold=-1.1157679557800291 -0.82948100566864003 0.068980894982814803 -0.55098557472228993 10.500000000000002 203.13194274902347 -0.03086205385625362 0.13076997548341754 0.025478741154074672 0.45447091758251196 0.028979693539440635 0.098828326910734191 0.090271506458520903 0.2192628011107445 -0.029939825646579262 5.6452765464782724 0.12666144222021106 0.040092358365654952 0.089163407683372511 0.13962886482477191 0.14841087907552722 522.00000000000011 0.014185110572725536 0.12291605025529863 0.054328128695487983 -0.067972708493471132 -0.022412614896893498 -0.088914696127176271 0.062223451212048538 -0.6692233383655547
decision_type=2 2 2 2 2 2 2 2 2 2 2 2 2 2 2 2 2 2 10 2 2 8 2 2 2 2 2 2 10 2
left_child=16 4 3 -3 6 -6 7 9 -9 -2 -11 12 -12 -4 -14 -5 18 -18 19 20 26 24 25 -21 -22 -23 28 -28 -1 -30
right_child=1 2 13 15 5 -7 -8 8 -10 10 11 -13 14 -15 -16 -17 17 -19 -20 23 21 22 -24 -25 -26 -27 27 -29 29 -31
leaf_value=0.10128921282632966 0.11226176825990414 0.090994110202536629 0.084910835063593676 0.096042535562120876 0.09288281379369176 -0.023823322367941536 0.077134859031746467 0.16580858367835555 -0.072481775551426528 0.090107057602909865 -0.04991247940779945 -0.089547899709781928 0.10214298077018441 -0.0084274271063512277 0.051383229702095273 0.11735215698068593 0.11102203066725846 -0.06820040909983692 0.099964157384025476 0.0035622380033637803 -0.077183530281491219 0.053689909382800854 0.07030310407925329 0.12999464282183812 0.13576159235552618 -0.077017300633990843 0.015662445663884705 0.058531957096425703 0.0761109291412813 0.0082728532035845122
leaf_weight=38.172782302086716 60.260479096939662 1636.3321455628557 622.01393649272927 269.15142416916615 245.83636457438593 2.6720827785477459 1742.5231305088973 1.1384797914761282 3.019906407605049 231.08783065272905 3.080918687490338 2.4325733305972781 25.525576320471828 4.0637394322686751 27.849251755890236 104.22863936682052 21.058143746452519 1.9127990891679463 16.906045264328895 19.875520926680455 5.1550395440963284 3.9643845603468435 15.836974722940793 2.4110186935535003 0.88098334083133512 4.0056263183541914 26.369812654380894 304.81301679275884 47.003614611751345 14.21492221136941
leaf_count=1772 2352 78465 30546 9502 12375 177 105504 23 492 10909 440 522 1355 385 3226 5411 1322 367 2103 12742 909 94 487 786 48 190 1766 14804 1064 1114
internal_value=0 0.0859556 0.0909631 0.0930372 0.0803281 0.0916279 0.078989 0.0881054 -0.00724282 0.0892375 0.0844527 0.0622642 0.0688055 0.084305 0.0756582 0.101991 0.0590091 0.0960981 0.0573039 0.0558097 0.0576767 0.0247781 0.0427494 0.01724 -0.0461033 -0.0120019 0.0599569 0.0551186 0.0760789 0.060359
internal_weight=0 4981.22 2635.79 2009.71 2345.43 248.508 2096.92 354.395 4.15839 350.237 289.976 58.8883 56.4557 626.078 53.3748 373.38 522.581 22.9709 499.61 482.704 460.417 29.843 23.807 22.2865 6.03602 7.97001 430.574 331.183 99.3913 61.2185
internal_count=301252 261684 124309 93378 137375 12552 124823 19319 515 18804 16452 5543 5021 30931 4581 14913 39568 1689 37879 35776 22248 1728 771 13528 957 284 20520 16570 3950 2178
is_linear=0
shrinkage=0.1


Tree=144
num_leaves=31
num_cat=0
split_feature=88 79 82 228 76 0 172 200 116 140 186 104 214 166 221 186 88 65 188 10 110 159 205 160 199 174 186 145 211 79
split_gain=12.8811 6.62584 4.53483 4.6625 4.10274 4.30821 5.39442 4.6271 4.33341 4.46107 5.30761 4.10086 4.10016 3.88307 3.82162 3.81326 3.79289 3.71243 3.843 3.63307 3.5573 3.55492 3.80004 3.54395 3.70344 3.7266 5.16636 6.79805 4.76478 4.27222
threshold=0.72487875819206249 0.32799692451953893 0.055867666378617294 0.026113943196833137 0.19423715025186541 0.26138716936111456 -0.093987554311752305 0.12041283771395685 0.010235442314296963 0.014953649602830412 -0.052646121010184281 -0.085044816136360155 -0.041687618941068642 0.96369493007659923 -0.056046791374683373 0.25139719247817999 0.81454268097877514 110.50000000000001 0.12236625328660013 844.50000000000011 -0.078568618744611726 0.10830465704202653 0.096724849194288268 2.0000000000000004 -0.012360774446278809 -0.13384924829006192 -0.18062106519937512 -0.002387986052781343 0.14406857639551165 0.041960094124078758
decision_type=2 2 2 2 2 10 2 2 2 2 2 2 2 2 2 2 2 2 2 10 2 2 2 2 2 2 2 2 2 2
left_child=2 4 11 20 16 6 -6 -8 9 10 -7 15 -10 23 -14 17 -2 -1 -19 -11 21 -4 -23 24 -13 28 27 29 -26 -27
right_child=1 -3 3 -5 5 8 7 -9 12 19 -12 13 14 -15 -16 -17 -18 18 -20 -21 -22 22 -24 -25 25 26 -28 -29 -30 -31
leaf_value=0.081359399555966702 0.074814247053418451 0.087337205225473308 -0.092813031413018873 0.080741444265164497 0.13760107506390604 -0.047268327019749534 0.091146304946780499 0.013302864082335317 0.0092919855344911744 -0.069860205801971831 0.080050314915408177 0.094803296294653144 -0.015668647425688215 0.073889732948332218 0.13293859571091335 -0.011103515737714276 0.059681250650376154 0.055823502981545293 -0.078530116455025098 0.11911973019655807 0.11225479967474872 0.090772976433788802 -0.072766880072339835 0.074702836851848392 0.078981170840017323 0.15339824819395892 0.092347342827250795 0.089729316465234299 -0.050277372707116345 -0.053873018352310037
leaf_weight=494.1435355718877 1360.9743339225809 558.89589940493397 1.214673557404242 96.295643762565987 24.560353007129891 3.9816450928087823 158.96339465740613 8.0212837907679368 4.4809595542728884 5.535882716678997 18.430231981346424 990.34656229897121 1.9462523577626658 176.01614257508618 15.609214739757926 4.7154556062546353 188.5710562483066 29.609767443990226 2.2939146895241711 1.246306435401493 187.04766285677374 26.34408429020505 1.5018229330298698 153.5272503303654 351.22357596970051 1.1471169699352701 622.00477091303208 12.201916396960085 2.8751781113778625 7.4711673393405817
leaf_count=28345 83162 26450 205 4923 2617 610 7204 835 279 669 1240 45744 209 6694 569 447 14551 1623 230 50 7368 1449 155 10812 16434 145 35717 847 597 874
internal_value=0 0.0778308 0.0876057 0.0990428 0.0748664 0.0869537 0.093843 0.087407 0.0611954 0.0359272 0.0574312 0.0863509 0.0946709 0.0881673 0.116464 0.0784223 0.0729726 0.0792248 0.0461633 -0.0351329 0.107198 0.0746479 0.0819527 0.0893412 0.0904721 0.0861694 0.0907072 0.0417067 0.0779316 -0.0262847
internal_weight=0 2351.22 3159.98 312.404 1792.32 242.776 191.545 166.985 51.2305 29.1941 22.4119 2847.58 22.0364 2316.81 17.5555 530.763 1549.55 526.047 31.9037 6.78219 216.108 29.0606 27.8459 2140.8 1987.27 996.924 642.825 20.8202 354.099 8.61828
internal_count=301054 138445 162609 14100 111995 14282 10656 8039 3626 2569 1850 148509 1057 117864 778 30645 97713 30198 1853 719 9177 1809 1604 111170 100358 54614 37583 1866 17031 1019
is_linear=0
shrinkage=0.1


Tree=145
num_leaves=31
num_cat=0
split_feature=86 86 86 196 220 214 150 13 93 3 191 170 214 79 11 232 211 200 121 9 171 165 9 3 66 138 85 106 209 71
split_gain=32.3443 11.5145 4.62736 4.52769 4.10739 3.97641 3.83927 4.16421 3.29425 5.52586 3.5889 3.72924 3.36787 3.77256 3.36103 3.73099 3.30063 3.19796 3.51359 3.80491 3.23296 3.22018 3.13824 3.09367 3.08775 3.65849 3.38036 3.20157 4.11032 3.04449
threshold=-1.0720092654228208 -0.83693176507949818 -1.2518978118896482 0.11784571781754495 -0.10441154614090918 0.060541639104485519 -0.0096047241240739805 0.057443765923380859 0.36477671563625341 0.20667408406734469 -0.10550474002957343 0.50845614075660717 0.12096513062715532 0.23746867477893832 0.0053838239982724198 0.16118524223566058 0.14406857639551165 0.12041283771395685 -0.059714226052165024 0.0053769657388329515 -0.089991550892591463 80.500000000000014 0.015649490989744667 0.30839161574840551 3.784360527992249 -0.01690028607845306 56.500000000000007 0.083079904317855849 -0.051237914711236947 0.067117117345333113
decision_type=2 2 2 2 2 2 2 8 2 8 2 2 2 2 8 2 2 2 2 10 2 2 10 10 2 2 2 2 2 2
left_child=2 -2 3 4 -1 24 7 -7 10 16 11 12 13 -4 15 -12 -10 18 19 20 -16 -21 -11 -15 26 -26 27 -6 -29 -13
right_child=1 -3 8 -5 5 6 -8 -9 9 22 14 29 -14 23 17 -17 -18 -19 -20 21 -22 -23 -24 -25 25 -27 -28 28 -30 -31
leaf_value=-0.030275604115338951 0.079906739690267126 0.089929814724635293 0.074177979593978538 0.087685411863016149 0.083124453533320999 0.0083745202766351105 0.053054593840130816 -0.1145532172290244 0.073576626895677927 0.038250322858828248 -0.017828631246636705 0.029029314176991734 0.35107047147951409 -0.045380556592076404 -0.13514076972577538 0.54283955089061575 -0.11812022498409812 0.098755417024873338 0.075021962851274285 0.082655553867569467 0.014470155727271726 -0.052459346912112952 -0.028927213518686906 0.32815764281528154 -0.11218586494770921 0.033598387988448768 0.033543507917121414 0.10982585117416946 -0.059659835281652987 -0.08515205778951776
leaf_weight=7.4426965996540266 1987.7332922108599 2707.0999692319019 35.643258468487261 25.595203587401556 55.578921764014694 10.069861925016994 11.410104251175651 3.7939573261032828 65.480985550711011 38.834710667446871 5.1106927653561334 17.936624168125949 0.41146699026648903 4.0634386512997471 1.9204560931848398 0.12151144240397105 0.91067991489126043 52.85513567077362 317.47018505393157 12.718153480752333 5.8261112406057709 2.0479277968679517 8.4709125950757862 0.23451585429756949 1.8626359623513078 22.700835381657043 27.665771338379045 2.3434626197895341 3.674569809939384 2.684730671559918
leaf_count=851 117322 129423 1998 1867 2714 1053 1032 491 4439 3120 5778 2125 92 383 331 108 206 2227 16158 467 400 215 1133 38 665 3674 2049 152 406 522
internal_value=0 0.0856862 0.0632559 0.0488791 0.0421011 0.0459737 0.0100926 -0.0252657 0.0675769 0.0523381 0.0713513 0.048759 0.0664381 0.0635059 0.0748119 -0.00480781 0.0709472 0.0758723 0.0723148 0.0341393 -0.02262 0.0639163 0.026221 -0.0249986 0.0539408 0.0225436 0.0625807 0.0756225 0.00633904 0.0141638
internal_weight=0 4694.83 744.88 172.138 146.543 139.1 25.2739 13.8638 572.741 113.697 459.044 60.974 40.3527 39.9412 398.07 5.2322 66.3917 392.838 339.983 22.5126 7.74657 14.7661 47.3056 4.29795 113.826 24.5635 89.2627 61.597 6.01803 20.6214
internal_count=301439 246745 54694 14954 13087 12236 2576 1544 39740 8898 30842 5158 2511 2419 25684 5886 4645 19798 17571 1413 731 682 4253 421 9660 4339 5321 3272 558 2647
is_linear=0
shrinkage=0.1


Tree=146
num_leaves=31
num_cat=0
split_feature=86 86 103 86 93 128 140 10 221 12 163 17 86 179 196 6 211 181 206 186 157 156 138 197 109 217 160 170 77 219
split_gain=39.4266 13.7005 4.9013 4.41786 4.04009 3.98024 4.10561 5.86844 3.95721 5.41741 3.68241 3.44661 3.33781 4.75148 3.68807 3.34299 3.59375 3.11284 3.0456 4.96124 3.03648 4.65385 3.63448 4.29358 4.26963 6.06569 5.36347 4.10277 3.89989 4.23148
threshold=-1.1157679557800291 -0.82948100566864003 0.072982136160135283 -0.57369077205657948 0.36477671563625341 0.045790137723088271 0.0077483973000198611 137.50000000000003 0.012893892824649813 380.00000000000006 1.1859163641929629 17.500000000000004 -1.2182425260543821 -0.34655879437923426 0.11784571781754495 0.060153776779770858 0.10615885630249978 -0.064849846065044389 0.060662232339382179 0.030968938954174522 0.60324698686599743 0.18976429104804995 -0.010814380366355179 0.060909923166036613 0.039380645379424102 -0.11299680918455123 2.0000000000000004 0.42745165526866918 0.082079496234655394 0.12666144222021106
decision_type=2 2 2 2 2 2 2 8 2 10 2 2 2 2 2 10 2 2 2 2 2 2 2 2 2 2 2 2 2 2
left_child=12 4 3 5 11 10 18 -8 9 17 -3 20 14 -14 15 16 -1 -9 19 -7 22 -22 24 -24 -2 -26 -27 -25 29 -29
right_child=1 2 -4 -5 -6 6 7 8 -10 -11 -12 -13 13 -15 -16 -17 -18 -19 -20 -21 21 -23 23 27 25 26 -28 28 -30 -31
leaf_value=0.026938164457235243 0.089733154778218305 0.092007926137382609 0.082784411338478039 0.10128494166771165 0.064976915751860431 0.080981880569005127 -0.079152017489595258 0.043132300903951516 0.091799832499461331 0.11683334728625483 -0.049302294286858922 0.10410033576785377 -0.036694480483848345 0.0659658553215937 0.080875507802032356 0.05032482187713009 -0.092072784980517075 -0.085551192293224318 0.10349493487965325 -0.014564065046996023 0.10729558113140035 0.082968285435059241 0.068917946288281462 0.10757837799307948 -0.048758565273128836 0.07772434128816269 -0.017904814087775344 0.087774865231253801 0.054060234893558406 0.0043861695334676066
leaf_weight=46.554493759651905 386.00265417402113 1477.0262960742048 591.30379219496945 500.91280606802889 159.70196422637446 28.58575676918872 3.6372217416351331 3.1491698671975454 14.176073287138022 3.4460669419449914 1.8464077563191938 65.203542119184021 4.5863333439078806 265.36462529867867 29.698647669438287 156.61517670745684 2.6835736997124959 4.6635606247559727 38.46389744162866 6.7102994953586395 89.360959779480709 655.23754108313187 566.46177538358836 58.26607256428224 4.3081579992388006 102.15555003660688 6.2221911012476303 175.68200478890947 52.990517165329038 6.3035861259618278
leaf_count=7853 29415 66105 28853 20114 11424 1618 828 142 446 66 3403 2481 645 18956 2424 8971 756 272 1390 1036 911 9157 53138 1639 493 9092 1121 12432 5005 791
internal_value=0 0.085936 0.0908193 0.0931006 0.0803269 0.0905087 0.0714851 0.039658 0.056648 0.0123879 0.0918315 0.0814575 0.0566312 0.0642217 0.0479323 0.0431795 0.0204518 -0.0336812 0.0840296 0.0628172 0.0807555 0.0858879 0.0779422 0.0740026 0.0847337 0.0676083 0.0722341 0.0838248 0.0779347 0.0848865
internal_weight=0 5001.82 2673.92 2082.62 2327.9 1581.7 102.832 29.0721 25.4349 11.2588 1478.87 2168.19 505.503 269.951 235.552 205.853 49.2381 7.81273 73.76 35.2961 2102.99 744.599 1358.39 859.704 498.689 112.686 108.378 293.242 234.976 181.986
internal_count=300977 261372 124273 95420 137099 75306 5798 1754 926 480 69508 125675 39605 19601 20004 17580 8609 414 4044 2654 123194 10068 113126 73005 40121 10706 10213 19867 18228 13223
is_linear=0
shrinkage=0.1


Tree=147
num_leaves=31
num_cat=0
split_feature=86 86 158 216 156 9 106 115 114 100 86 93 133 7 233 156 152 57 7 152 156 0 215 85 233 6 74 123 12 160
split_gain=33.4832 12.9468 4.49256 4.50726 3.92624 4.14867 3.58102 3.85619 3.44693 3.38019 3.23956 3.2196 3.55901 8.33421 3.82821 3.2892 4.03933 3.91388 3.5824 4.80415 4.84442 3.57163 3.64885 3.36923 3.38235 4.47198 4.40466 3.47541 4.06633 3.27127
threshold=-1.1157679557800291 -0.82948100566864003 0.18333333730697635 0.03145203739404679 0.41421362757682806 0.022038735449314121 0.03612842038273812 0.035402517765760429 -0.043169897049665444 0.010488879401236774 -0.57369077205657948 0.36477671563625341 0.019869796000421051 0.2372294366359711 -1.0000000180025095e-35 0.097693528980016722 0.089586015790700926 1.0000000180025095e-35 0.28919860720634466 0.069893911480903639 0.048980407416820533 0.12645348906517032 0.14310873299837115 86.500000000000014 0.031906500458717353 0.12613636255264285 0.16359986364841464 0.06153406389057637 498.50000000000006 2.0000000000000004
decision_type=2 2 2 2 2 10 2 2 2 2 2 2 2 10 2 2 2 2 10 2 2 8 2 2 2 10 2 2 10 2
left_child=2 11 3 6 -4 -6 -1 -8 -9 -7 -3 15 -13 14 -14 16 17 18 29 -20 -21 22 -19 -17 27 -26 -27 -25 -29 -2
right_child=1 10 4 -5 5 9 7 8 -10 -11 -12 12 13 -15 -16 23 -18 21 19 20 -22 -23 -24 24 25 26 -28 28 -30 -31
leaf_value=0.0046175757512217312 0.098743464459501412 0.088653652572071528 0.069100588342178276 0.067750470839043869 0.034802607605796052 0.033339041660154625 0.06094146895763021 0.34595651711283254 -0.05696718662044601 0.12928320122500764 0.097277693115855629 0.06259499194363724 -0.046693435046988113 0.44832681035940586 0.12763504816973278 0.081515737157082213 -0.0072829576523936613 -0.058775035863423357 0.13935792361665872 0.63624997971095809 0.026279775535287576 0.077387129774457247 0.54644770005194221 0.078479181448953703 0.063150292011818751 -0.055171048424489028 0.058108141337555042 -0.070093664639849826 0.12339344614340114 0.039293942117972415
leaf_weight=36.976972036375173 205.07406222765309 2082.6357503185764 311.18827550987567 41.610031463524365 71.047354645543237 6.0082554876353234 32.116366484995183 0.2232307082626902 4.3431314100374712 9.443537331215337 550.76814088202491 148.68854151686082 1.5121833662246889 0.73651102227040688 7.5438491948930251 1527.5394398670783 4.1526750987322876 2.7355274907512803 9.9699383400336465 0.39214870918976963 0.19492411153623834 80.621473521009648 0.10337971675926372 216.10271716910665 72.360472247203688 6.9342996250306879 6.7971268862474972 3.3045876477026459 1.6179767944850025 9.6934420986133301
leaf_count=5987 29445 101505 22865 4590 1541 394 3381 63 520 322 23051 10517 353 94 336 60428 1046 3268 2375 62 34 12695 108 9243 3237 569 343 256 13 2937
internal_value=0 0.0856664 0.0588236 0.0414408 0.063862 0.0450159 0.0265786 0.0487159 -0.0372699 0.0919764 0.0904573 0.0801955 0.0664408 0.124835 0.0985255 0.0812105 0.0906863 0.0920039 0.0988558 0.155728 0.433723 0.0735052 -0.0367357 0.0795942 0.070037 0.053222 0.000902734 0.0765866 -0.00649721 0.0960602
internal_weight=0 4939.48 512.957 115.27 397.687 86.4991 73.6597 36.6827 4.56636 15.4518 2633.4 2306.08 158.481 9.79254 9.05603 2147.59 312.938 308.785 225.325 10.557 0.587073 83.4604 2.83891 1834.66 307.117 86.0919 13.7314 221.025 4.92256 214.768
internal_count=301578 261915 39663 14541 25122 2257 9951 3964 583 716 124556 137359 11300 783 689 126059 51970 50924 34853 2471 96 16071 3376 74089 13661 4149 912 9512 269 32382
is_linear=0
shrinkage=0.1


Tree=148
num_leaves=31
num_cat=0
split_feature=86 86 171 17 148 157 217 233 139 10 93 188 110 170 142 220 220 219 142 111 179 140 201 209 228 9 123 88 202 93
split_gain=28.4941 10.3956 4.24127 4.23947 3.64325 4.16101 3.59911 3.77077 4.32357 3.50635 3.48771 3.57159 4.34512 5.70389 3.90461 6.49791 5.5528 4.96296 4.7996 5.33047 5.23098 5.18529 4.73806 4.42078 4.88787 5.17006 4.14137 4.04193 4.01632 3.72227
threshold=-1.1157679557800291 -0.6793040633201598 -0.017047430388629433 7.5000000000000009 -0.015338581521064041 0.38645555078983312 -0.14985151588916776 0.063601747155189528 -0.025030447170138356 567.50000000000011 0.38426664471626287 0.11493663489818574 0.015751007013022903 0.53138658404350292 0.0050980211235582837 -0.0091812731698155386 0.029663656838238243 -0.049820305779576295 -0.01557961944490671 -0.022841366007924076 0.37189577519893652 -0.019703445024788376 0.10779976472258569 0.01151418359950185 -0.035622995346784585 0.0044794238638132819 -0.016378670930862423 0.65045830607414257 0.054274046793580062 -0.064073886722326265
decision_type=2 2 2 2 2 2 2 2 2 8 2 2 2 2 2 2 2 2 2 2 2 2 2 2 2 10 2 2 2 2
left_child=2 3 4 10 5 -1 -7 9 -9 -8 11 14 13 -13 16 23 22 -18 -19 -20 21 -21 -2 24 25 -16 28 -22 -24 -15
right_child=1 -3 -4 -5 -6 6 7 8 -10 -11 -12 12 -14 29 15 -17 17 18 19 20 27 -23 26 -25 -26 -27 -28 -29 -30 -31
leaf_value=-0.035091240191200711 0.087611511641011885 0.094437981290778392 0.052512371258915592 0.090312827478837857 0.059840156514261583 -0.078058293090440059 0.1081462506875502 -0.12040147254853657 0.0582733843329762 0.069964901702970608 0.065961671487432358 0.070000586691694386 0.081211662146048622 0.067883157328712945 -0.0084605170677212269 0.097336235740347582 0.088331916599568239 0.049502482028957809 0.096610743638777211 0.10434928389844889 1.302268191324826 0.048840552831034001 -0.023039141206113105 0.090719748124592978 0.077576208447610706 0.064697740975642834 0.073442380190057957 0.31450142765561628 0.089356199798296343 -0.010314121634636804
leaf_weight=2.8926571043438107 973.44221512472234 1174.1909633265459 257.25242051183113 767.20300484076324 144.55945437258754 1.3171703360021627 66.350475176265491 1.5553298078261821 10.47801508364614 37.728753001489167 129.91509356185998 141.18815825487218 409.26843305633474 9.7395911071555492 15.396344413509494 487.08779289844756 127.15455824127662 122.12412662784004 70.437475792100599 21.018270648409953 0.049416176596422612 84.425888242095539 9.1847479023165288 156.43922116021008 114.18102707468211 25.926046917531721 112.90839825888099 0.25622892724049962 4.8624337989324422 16.233084621894477
leaf_count=2945 52624 51867 16407 38775 13088 96 4332 245 953 1516 8817 7720 15239 738 2107 25994 6038 10894 3329 1590 18 7667 1129 9972 6789 2368 5514 113 553 1826
internal_value=0 0.0862143 0.0616578 0.0836722 0.0705398 0.0833947 0.0863133 0.088178 0.0351794 0.0943055 0.0819915 0.0827093 0.075663 0.0620778 0.0844563 0.0901195 0.0814907 0.0717892 0.0647379 0.0752983 0.0611026 0.0599052 0.0852418 0.0788509 0.0669106 0.0374396 0.0670718 0.474202 0.0158665 0.0190094
internal_weight=0 4972.63 522.134 3798.44 264.882 120.322 117.43 116.113 12.0333 104.079 3031.24 2901.32 576.429 167.161 2324.89 799.03 1525.86 425.466 298.311 176.187 105.75 105.444 1100.4 311.943 155.503 41.3224 126.956 0.305645 14.0472 25.9727
internal_count=301263 261681 39582 209814 23175 10087 7142 7046 1198 5848 171039 162222 25523 10284 136699 47230 89469 29649 23611 12717 9388 9257 59820 21236 11264 4475 7196 131 1682 2564
is_linear=0
shrinkage=0.1


Tree=149
num_leaves=31
num_cat=0
split_feature=86 86 121 157 93 159 146 4 86 103 221 144 189 207 178 178 197 119 173 17 7 197 108 170 211 157 207 75 195 13
split_gain=29.7354 9.82603 5.60409 5.78187 4.71298 4.35271 4.58275 4.61498 4.15135 4.03323 3.8408 4.82796 3.80436 4.34252 4.00311 3.73649 3.71617 4.87142 4.1297 4.02327 4.02768 3.99342 3.94452 3.70413 4.14756 4.47978 4.42992 4.47444 4.12239 4.00911
threshold=-0.93589836359024037 -1.1817154288291929 0.0623261146247387 0.55457308888435375 0.19220163673162463 0.05378686077892781 0.0149621544405818 0.077193934470415129 -0.57369077205657948 0.080946877598762526 0.096226043999195113 0.017330853268504146 0.21053631603717807 0.041464839130640037 -0.12964142858982083 0.084671832621097579 -0.07244840636849402 0.012176304124295713 -0.015531274024397133 5.5000000000000009 0.12580749392509463 0.17651098966598514 -0.053655957803130143 0.51491400599479686 -0.061220416799187653 0.61261695623397838 -0.030641674064099785 0.20550528168678286 -0.14719457179307935 0.057443765923380859
decision_type=2 2 2 2 2 2 2 8 2 2 2 2 2 2 2 2 2 2 2 2 8 2 2 2 2 2 2 2 2 8
left_child=1 -1 8 5 16 -4 7 -7 23 10 -10 -12 14 -14 -6 -8 17 -3 19 -18 -21 22 -22 -2 29 26 28 -28 -26 -25
right_child=2 4 3 -5 12 6 15 -9 9 -11 11 -13 13 -15 -16 -17 18 -19 -20 20 21 -23 -24 24 25 -27 27 -29 -30 -31
leaf_value=0.056784381814300788 0.091666634937066949 0.098236459918658828 -0.059083812863567009 0.084982584303960385 0.096999752921240828 0.072012536866503038 0.10115441377441559 0.023990433284749851 0.10282168947182944 0.069080977488212722 0.079626052148604284 -0.053854495500932714 0.054296309027294078 -0.086774102141207121 0.065456984369181681 -0.028727591019185567 0.075254884025471203 0.070515797131170274 0.083826945456027174 0.0080492626464183006 0.00055982493485218926 0.13216474588316274 0.063584363039159347 0.084833872467639529 -0.10664067594247797 0.086896072201353897 0.058817372563556375 0.10027939423827975 0.087683083839389123 0.10703232419867281
leaf_weight=313.03926267451652 1528.7757247284444 200.29487236403656 3.0419610286281786 310.03254431109235 45.117638110044481 41.637185940674271 32.575536959634178 38.530575551266111 468.83619017341312 44.527187503032337 30.574367674113091 2.9732542813180762 6.2794722136118235 3.3441472693139076 371.73949986256616 2.3765555379793559 281.4327656984957 92.749513584108854 364.60129333259704 17.162396161710149 11.570058200275978 7.2359432841956268 70.081837755779361 204.39308713519722 1.0999855164081953 499.47452471209363 206.35458690728467 29.784616252571595 144.67056722489849 135.15810918733587
leaf_count=25024 73948 8469 802 5082 2284 5421 4187 5759 18383 2301 1662 290 567 310 25134 685 16028 6453 27443 2552 741 215 3011 10234 600 6467 25285 2042 14963 4605
internal_value=0 0.0728727 0.0885713 0.0778088 0.0762949 0.0589862 0.0621062 0.0489319 0.0899692 0.0979262 0.100483 0.067796 0.0674359 0.00527523 0.0688709 0.0923231 0.07991 0.0894628 0.0761878 0.0689998 0.0524003 0.0609636 0.0546538 0.0883866 0.0842796 0.080662 0.072509 0.064047 0.0862167 0.09367
internal_weight=0 1784.65 3724.82 428.194 1471.61 118.162 115.12 80.1678 3296.62 546.911 502.384 33.5476 426.481 9.62362 416.857 34.9521 1045.13 293.044 752.084 387.483 106.05 88.8878 81.6519 2749.71 1220.94 881.384 381.91 236.139 145.771 339.551
internal_count=300947 118231 182716 21936 93207 16854 16052 11180 160780 22636 20335 1952 28295 877 27418 4872 64912 14922 49990 22547 6519 3967 3752 138144 64196 49357 42890 27327 15563 14839
is_linear=0
shrinkage=0.1


Tree=150
num_leaves=31
num_cat=0
split_feature=93 81 88 171 157 134 3 177 71 160 144 146 93 170 158 218 158 208 8 213 85 207 179 185 209 181 65 102 128 149
split_gain=21.5101 11.6947 6.02966 4.51372 6.43768 4.76889 4.19791 4.01036 4.57717 4.96016 4.5414 3.96651 3.77202 4.77778 3.76384 3.91473 3.9522 4.45399 3.95204 3.95158 3.78427 3.75686 3.70677 5.97729 4.57064 3.70499 3.69402 3.68705 3.65891 4.22765
threshold=0.30615940690040594 0.14620443433523181 0.69883292913436901 0.06923586875200273 0.65620106458663952 0.035839129239320762 0.15234941989183429 0.011516753584146501 0.015504807699471714 1.0000000000000002 0.023655116558074955 0.02713782619684935 0.051183756440877921 0.46884198486804968 1.0000000180025095e-35 0.056619592010974891 0.36666667461395269 -0.080037344247102724 0.24268463999032977 0.11196482181549074 53.500000000000007 0.061012754216790206 0.059994094073772437 0.18027141690254214 0.046319190412759788 -0.057815723121166222 1.0000000180025095e-35 -0.097398772835731492 0.029361903667449955 0.032627735286951072
decision_type=2 2 2 2 2 2 10 2 2 2 2 2 2 2 2 2 2 2 8 2 2 2 2 2 2 2 2 2 2 2
left_child=1 2 -1 5 6 -2 -5 -6 10 -10 11 -9 13 21 -14 16 17 18 -16 25 -18 -3 -4 24 27 26 -19 -24 29 -26
right_child=3 12 22 4 7 -7 -8 8 9 -11 -12 -13 14 -15 15 -17 20 19 -20 -21 -22 -23 23 -25 28 -27 -28 -29 -30 -31
leaf_value=0.091958236866607743 0.081044485602625255 0.084042835725887777 0.081884215734701546 -0.0080773293208029392 0.07125202581939355 0.010205103366311656 0.044803646426055499 -0.052629795686775151 0.090148615868793344 -0.0084314977493220433 0.068070437356206048 0.075765946253242969 0.037959530553062309 0.075429645773694945 -0.090762866561967748 0.091899846458147777 0.097692782888141094 -0.086938501424005443 0.037460518652347417 -0.036497025919178798 0.058977568563953267 0.11620985544692691 0.020037114851437495 0.13442297786518917 0.069602290474423831 0.073527248706863835 0.041412173409738164 0.095846265540657977 0.13168276304943691 -0.027046877133749783
leaf_weight=1843.6832487861784 151.15088188951904 107.05607812281789 1645.1911966127795 20.143139228725886 182.58321355698172 10.140712227941092 58.9297675628045 11.811489637068009 21.237625209105321 6.7188289715195415 7.7272114805091396 3.0215773909294503 39.742354097932775 554.23925541615347 3.9250261862240423 67.065868022996028 50.639911580363332 2.4918425951100316 6.2017940672772065 4.2869594487365239 50.351054494265099 54.941479727496585 6.5382223856663577 30.867409660540488 89.995898761165563 69.478834358452787 22.395480612238998 342.0248520274215 8.9351243903395225 4.7655333021741617
leaf_count=89574 20833 6653 85769 3240 3295 1780 2975 272 277 200 137 40 4956 33138 707 3799 1554 674 517 479 2258 2223 1008 1304 6106 4557 1728 20025 760 532
internal_value=0 0.0853071 0.0877721 0.0630071 0.0559888 0.0765907 0.0313327 0.0643527 0.0394163 0.0664567 0.00590822 -0.0264749 0.0758275 0.0798453 0.0667375 0.0708688 0.064145 0.0509194 -0.0122372 0.0574025 0.0783905 0.0949523 0.0841457 0.0918469 0.088941 0.0616683 0.0285611 0.0944243 0.0705099 0.0647418
internal_weight=0 5004.82 3972 473.464 312.173 161.292 79.0729 233.1 50.5167 27.9565 22.5603 14.8331 1032.82 716.237 316.579 276.837 209.771 108.78 10.1268 98.6531 100.991 161.998 2128.32 483.127 452.26 94.3662 24.8873 348.563 103.697 94.7614
internal_count=301370 268321 205078 33049 10436 22613 6215 4221 926 477 449 312 63243 42014 21229 16273 12474 8662 1224 7438 3812 8876 115504 29735 28431 6959 2402 21033 7398 6638
is_linear=0
shrinkage=0.1


Tree=151
num_leaves=31
num_cat=0
split_feature=86 86 13 157 120 211 200 2 92 178 66 66 157 209 131 110 105 169 200 232 111 125 232 175 86 201 85 141 192 83
split_gain=29.2496 13.9425 3.56368 3.49121 3.41916 5.09585 4.88307 4.57822 3.80469 3.61914 3.77461 3.62348 3.5742 3.93285 6.6393 4.66301 4.19744 4.79032 4.12337 4.7377 6.89138 3.96734 3.78276 3.76565 3.52981 3.48585 3.45345 4.37749 4.20687 3.43954
threshold=-1.1157679557800291 -0.82948100566864003 0.089163407683372511 0.38645555078983312 -0.011589553207159041 0.1945132911205292 0.090459249913692488 0.25357143580913549 0.95600420236587536 -0.045191930606961243 2.4778977632522587 7.6588740348815927 0.44179911911487585 -0.021465191617608067 -0.0098765068687498552 0.002062688698060811 0.075535748153924956 9.5000000000000018 -0.054520586505532258 0.05197934806346894 0.0072038914076983937 -0.01221236167475581 -0.028924751095473763 -0.093301407992839799 -0.763666272163391 -0.14296221733093259 53.500000000000007 0.040353044867515571 0.0085521689616143721 16.500000000000004
decision_type=2 2 10 2 2 2 2 10 2 2 2 2 2 2 2 2 2 2 2 2 2 2 2 2 2 2 2 2 2 2
left_child=2 3 -1 -2 5 6 -3 8 9 11 -11 24 22 14 15 25 29 -18 -16 -20 21 -21 26 -17 -8 -14 27 -6 -29 -15
right_child=1 4 -4 -5 12 -7 7 -9 -10 10 -12 -13 13 16 18 23 17 -19 19 20 -22 -23 -24 -25 -26 -27 -28 28 -30 -31
leaf_value=0.059092410977686007 0.037139911185727577 0.097821313376696778 0.10484608623473131 0.080344832847155517 0.11617193728818501 -0.00082896961402169767 0.066938133735401376 -0.073724341711015273 -0.095646570209869053 0.036340525174340874 0.082494811443181715 0.020889898144461738 -0.010536912457742346 0.092628839515067465 0.08353568335372076 0.052726486531158218 0.07128184793982667 -0.13334733676374616 0.061322131818073326 -0.062857063536570487 -0.093979105319633147 0.088165760261982848 0.029775436818935515 0.1045245572387119 0.11755597729756362 0.079993457391475162 0.045711007113678787 0.47188771956129805 -0.033669810851038144 0.12103087414498129
leaf_weight=499.32034516397709 18.856333239672495 983.74550802558838 17.624307193809159 2299.0429687013893 5.7711525807387698 5.5543952395266833 18.789123407193301 1.9394951516360368 1.2119212098841661 26.2747514338173 54.418331722010635 5.6603409408503458 4.3565068375264664 793.38320410455879 74.659213262251342 15.28631666260935 62.610796360073437 1.1653006850929148 88.588209875535881 2.3144244786399204 5.0972382103718692 7.0019169655024589 21.427064542539028 171.45336440552546 51.64147923373821 179.44258329304716 6.4428513974223733 0.69472568252376721 0.21569924122991324 45.060094612798821
leaf_count=37399 15444 41657 2162 121418 1834 879 1123 439 124 1806 3776 636 580 28884 2856 1180 2719 157 4913 230 459 338 12137 4892 1968 6356 2947 120 143 797
internal_value=0 0.0856499 0.0606523 0.0799934 0.0906273 0.0947226 0.0951867 0.0789811 0.0808557 0.08222 0.0674664 0.097866 0.0874578 0.0882151 0.0815348 0.0891551 0.0922741 0.0675429 0.0656416 0.0526713 -0.000498313 0.0506477 0.0556713 0.100284 0.104052 0.0778477 0.097949 0.148321 0.35211 0.0941552
internal_weight=0 4952.11 516.945 2317.9 2634.21 1149.24 1143.68 159.935 157.996 156.784 80.6931 76.0909 1484.97 1450.42 548.2 370.539 902.219 63.7761 177.661 103.002 14.4136 9.31634 34.5515 186.74 70.4306 183.799 13.1244 6.68158 0.910425 838.443
internal_count=300373 260812 39561 136862 123950 52408 51529 9872 9433 9309 5582 3727 71542 54361 21804 13008 32557 2876 8796 5940 1027 568 17181 6072 3091 6936 5044 2097 263 29681
is_linear=0
shrinkage=0.1


Tree=152
num_leaves=31
num_cat=0
split_feature=86 86 93 5 190 86 66 120 193 210 90 172 6 171 13 195 167 116 112 228 137 9 66 183 221 228 108 90 181 10
split_gain=27.3181 13.6637 4.61859 3.75166 3.67194 3.49913 3.20221 3.18701 3.78813 3.59085 3.47203 3.84931 3.76773 3.6925 3.31467 3.27298 3.23274 4.71596 3.11182 3.09 3.05817 2.91303 2.87419 2.92587 2.80232 2.77374 3.86278 2.76829 2.74062 4.0195
threshold=-1.1157679557800291 -0.83693176507949818 0.44747415184974676 0.050423728302121169 0.21045245975255969 -0.57369077205657948 8.9517459869384783 0.025898914784193042 0.23337487876415255 0.039929306134581573 1.9560386538505556 -0.093987554311752305 0.083602152764797225 -0.080953959375619874 0.05279884114861489 0.10282970592379571 1.5000000000000002 0.016807080246508125 -0.00557262566871941 -0.057938171550631516 0.032040070742368705 0.0053769657388329515 2.6397393941879277 -0.03967048600316047 -0.14745282381772992 0.12350439280271532 0.040659986436367042 2.077524065971375 -0.096625015139579759 293.50000000000006
decision_type=2 2 2 8 2 2 2 2 2 2 2 2 10 2 8 2 2 2 2 2 2 8 2 2 2 2 2 2 2 10
left_child=4 2 -2 -4 7 25 -5 8 10 19 28 12 15 -13 20 27 17 -15 -6 22 -11 -19 23 -9 -21 -3 -27 -12 29 -1
right_child=1 5 3 6 18 -7 -8 9 -10 14 11 13 -14 16 -16 -17 -18 21 -20 24 -22 -23 -24 -25 -26 26 -28 -29 -30 -31
leaf_value=0.098956915991468442 0.080589982686510256 0.088027225200641268 -0.060269111643159415 0.060968523321592416 0.0082575404330538539 0.097420912081146435 -0.11724801714809514 -0.10321471994710635 -0.12804789108337908 0.09032060840710332 0.12500217922730139 0.10822310412705223 -0.041643783319590753 -0.058455693706127632 -0.022202968520903994 -0.059244616146882159 0.078172655525730744 -0.021535654310273926 0.12423412041521752 -0.13057756760443445 -0.014959301255010621 0.088838608636865185 -0.078347170357096985 0.087753601280045196 0.095152735076132353 0.1177809793215817 -0.0099929044734861569 0.031708844289804951 0.046065668670905724 0.044068180920964234
leaf_weight=26.370606640109258 2169.0299217798192 2116.3361692651038 2.8466252899638667 52.492927273713576 2.7340451356609519 564.8094003913443 1.0279610015354581 0.93432779177237524 1.1118979839354768 11.481630116967951 6.0152686163929747 29.969105669181204 5.2848768434961348 4.5737478880323605 6.1214331242126709 2.092884105516986 55.695380147391688 3.2263848993459279 15.041596626320368 0.55443342822581954 3.6318896624675281 9.2369082255672765 1.9154380502911861 5.6772235859252742 68.281525818257478 48.734650274360774 2.4867363824791928 6.749375531750843 233.0009254030316 27.002993018067627
leaf_count=3320 128251 102749 1377 2716 630 23062 249 126 458 760 372 1842 687 563 583 223 2584 220 533 76 389 409 486 283 3553 2793 441 816 19599 1038
internal_value=0 0.0856727 0.0798556 0.0515958 0.0617193 0.0904105 0.0575456 0.0601589 0.0562798 0.0763024 0.0567806 0.0708445 0.0308733 0.0786839 0.0398769 0.0566679 0.0665124 0.028394 0.106396 0.0863006 0.0650211 0.0602659 0.029517 0.0607664 0.0933346 0.0885837 0.111578 0.0756728 0.0507478 0.0711874
internal_weight=0 4957.76 2225.4 56.3675 526.704 2732.37 53.5209 508.928 410.33 98.5979 409.218 122.844 20.1424 102.702 21.235 14.8575 72.7324 17.037 17.7756 77.3629 15.1135 12.4633 8.52699 6.61155 68.836 2167.56 51.2214 12.7646 286.375 53.3736
internal_count=301188 261638 132593 4342 39550 129045 2965 38387 32131 6256 31673 7716 2098 5618 1732 1411 3776 1192 1163 4524 1149 629 895 409 3629 105983 3234 1188 23957 4358
is_linear=0
shrinkage=0.1


Tree=153
num_leaves=31
num_cat=0
split_feature=86 86 160 131 225 212 204 5 63 103 65 6 156 184 117 189 229 5 151 212 184 8 187 93 215 225 5 94 113 209
split_gain=30.8473 14.4298 4.50781 4.92071 4.19029 3.7254 3.7734 3.76973 3.67065 3.63074 3.59521 4.93891 3.4652 5.06867 4.03519 4.95183 3.76708 3.94115 3.56027 5.43617 4.54658 4.74279 4.2176 4.03169 3.60519 3.58881 3.334 3.24474 3.23404 3.19452
threshold=-1.1157679557800291 -0.82948100566864003 1.0000000000000002 -0.025437575764954087 1.0000000180025095e-35 -0.02612949255853891 0.078389395028352751 0.13079115748405459 0.18122345209121707 0.068980894982814803 4.5000000000000009 1.0000000180025095e-35 0.15266007184982303 0.08679459244012834 0.010891942773014309 0.13174747675657275 0.03727292828261853 0.081939239054918303 0.0034635370830073957 -0.015723259188234803 0.039870398119091995 0.16457153856754306 -0.02973346225917339 0.36477671563625341 -0.019386115483939644 -0.012212682515382765 0.1605084761977196 -0.053063586354255669 0.035123165696859367 -0.037621496245265
decision_type=2 2 2 2 2 2 2 10 2 2 2 10 2 2 2 2 2 10 2 2 2 10 2 2 2 2 10 2 2 2
left_child=2 -2 5 26 -5 6 -1 -7 -9 12 -10 -12 13 16 -15 -16 18 -18 29 23 21 24 -23 -20 -21 -25 -4 -22 -6 -3
right_child=1 9 3 4 28 7 -8 8 10 -11 11 -13 -14 14 15 -17 17 -19 19 20 27 22 -24 25 -26 -27 -28 -29 -30 -31
leaf_value=0.086137047558784374 0.080767618522736742 0.097898218975697726 0.08141384984333544 0.01091078879280845 0.060170824021523586 0.063845280974505869 0.034744395024789272 0.061870789198976886 -0.067238113756518378 0.084950425682337877 0.45889205327459842 0.019192709496655105 0.091491037079063614 0.048382017001978403 0.10418904137864991 -0.11896819896285955 0.10369880768861353 0.058033656325431185 0.1171123486315364 0.075959567980236037 -0.049299182950800803 0.12595383478232411 0.044153806930125265 0.60556534731771439 -0.046579393677866475 0.0001637617817000964 -0.060658747169136211 0.14570039784241329 0.0018354357242584421 0.12865482346613033
leaf_weight=118.98745461709814 2336.1225934848899 45.689596691615975 40.384437094761665 42.824247790118989 58.29717494308511 193.59404647016089 16.236104244231058 13.497048148009528 6.3128178837223441 634.9281075016745 0.26419438291850372 7.7250004244515367 1596.1400274863336 29.063220476885135 36.301832940798477 1.0223632394158801 54.363165288301843 28.971808359645138 49.113324327222017 3.7835948779188584 0.93309532976672827 10.811466043534663 15.115760537604958 0.3127980797598866 6.5700176988341337 0.14253860311509825 1.7221906585496061 9.9811084794418985 11.35440110552406 129.44310291264321
leaf_count=6739 137208 5351 3119 6043 4612 12934 1553 1045 1158 30964 103 512 45259 5957 5016 227 5924 3461 4266 893 271 888 1727 33 1718 64 471 839 1356 11402
internal_value=0 0.0864986 0.0607059 0.0464429 0.0355265 0.0668884 0.0799664 0.0589006 0.0244653 0.0915456 -0.0108349 0.0337331 0.0936209 0.101684 0.0763211 0.0980764 0.106424 0.0878231 0.112125 0.0967306 0.0724395 0.0554159 0.0782638 0.119858 -0.0017991 0.41605 0.075603 0.129029 0.0506612 0.120631
internal_weight=0 4988.81 511.199 154.582 112.476 356.617 135.224 221.393 27.7991 2652.69 14.302 7.98919 2017.76 421.619 66.3874 37.3242 355.231 83.335 271.896 96.7637 47.195 36.2808 25.9272 49.5687 10.3536 0.455337 42.1066 10.9142 69.6516 175.133
internal_count=301113 261468 39645 15601 12011 24044 8292 15752 2818 124260 1773 615 93296 48037 11200 5243 36837 9385 27452 10699 6336 5226 2615 4363 2611 97 3590 1110 5968 16753
is_linear=0
shrinkage=0.1


Tree=154
num_leaves=31
num_cat=0
split_feature=93 103 63 112 170 185 121 198 161 66 180 111 163 115 135 225 68 208 204 6 159 106 30 184 164 220 68 119 188 156
split_gain=17.8462 9.76014 5.41586 4.21989 6.29674 4.71157 4.15809 4.86206 3.98532 3.91431 3.81095 5.20453 4.72518 5.58815 4.69553 3.76275 4.08226 3.66738 4.18488 3.55182 3.54041 4.0684 3.91513 3.64843 3.64415 3.53349 3.51054 3.49536 4.37342 3.49351
threshold=0.2839281708002091 0.10245418176054956 0.30927771329879766 -0.006978278746828436 0.45447091758251196 0.10931438207626344 0.0623261146247387 -0.15928218513727185 4.9074778556823739 9.7934165000915545 0.2855845987796784 0.027569172903895382 -0.26946805417537684 0.0079894009977579134 -0.0066405849065631619 0.055955007672309882 34.978675842285163 -0.040840527042746537 -0.072454903274774538 0.14947716146707538 0.50816142559051525 0.075477939099073424 1.0000000180025095e-35 0.057468840852379806 5.8860423564910898 -0.025247564539313313 35.01097488403321 0.0035673121456056838 0.14674010127782824 0.14564393460750583
decision_type=2 2 2 2 2 2 2 2 2 2 2 2 2 2 2 2 2 2 2 8 2 2 2 2 2 2 2 2 2 2
left_child=1 2 6 4 -4 9 10 19 -6 -5 29 -12 13 14 -13 -2 -17 18 26 -8 22 -22 24 -23 -3 -19 -9 -20 -29 -1
right_child=15 20 3 5 8 -7 7 17 -10 -11 11 12 -14 -15 -16 16 -18 25 27 -21 21 23 -24 -25 -26 -27 -28 28 -30 -31
leaf_value=0.096438475725603018 0.069857846996988285 0.085254188517231391 0.10294918233088522 0.080334247392153862 0.063611391621797742 0.11169405346733462 0.041171906025222929 -0.094600089550625266 -0.063080586720963935 -0.083691317720440167 0.092012405542331657 0.067751136250793292 0.098943531438985377 0.065864798761576748 -0.0358659451737222 -0.1210937771743294 0.050897666955428911 0.072628274709508694 0.088025527942349996 -0.10305868302790462 0.072372579406198706 0.0078415692581646108 0.040347223283575227 0.066325977845115597 -0.16527287615786546 0.094595908268096635 0.039600460917600527 0.059934141693521195 -0.04628364136151919 0.088442134691187571
leaf_weight=717.14521496085445 442.07395806652494 358.34924609558948 45.487250725760759 171.17356326927711 227.33657492811733 58.901248187221427 8.526853001075775 2.7581917832417258 2.5103481207120231 1.4673680790341439 70.231681882232692 6.3931484276354267 16.464341288264563 27.953970011286401 13.843468095391698 1.3992561250952338 100.40632939752868 120.11680503600974 48.97591846993646 2.1348899937556789 427.65306795187735 19.307437335190116 20.922385613532697 23.833827413980998 0.58155618192995362 187.54703880002512 6.6461021019081272 32.57581862725533 4.3999558647378754 2294.2383967170713
leaf_count=79396 30216 20741 2305 8979 14948 1971 810 593 172 764 3778 244 1378 755 710 211 7355 5729 2472 349 26663 2244 2187 1144 32 8760 632 2464 164 73127
internal_value=0 0.0849561 0.0869936 0.0773225 0.0689552 0.0872723 0.0883706 0.0789454 0.0622277 0.0789401 0.0896098 0.0731655 0.0526929 0.0368914 -0.00313125 0.0658663 0.0485337 0.0807087 0.0635739 0.0122914 0.0752149 0.06942 0.0823971 0.0401519 0.0848483 0.0860194 0.00024069 0.0705034 0.0472947 0.0903464
internal_weight=0 4917.48 4066.83 506.876 275.334 231.542 3559.95 413.682 229.847 172.641 3146.27 134.887 64.6549 48.1906 20.2366 543.88 101.806 403.02 95.356 10.6617 850.648 470.794 379.853 43.1413 358.931 307.664 9.40429 85.9517 36.9758 3011.38
internal_count=301293 263511 210500 29139 17425 11714 181361 21973 15120 9743 159388 6865 3087 1709 954 37782 7566 20814 6325 1159 53011 30051 22960 3388 20773 14489 1225 5100 2628 152523
is_linear=0
shrinkage=0.1


Tree=155
num_leaves=31
num_cat=0
split_feature=93 103 88 160 144 168 200 63 96 65 11 182 174 140 103 13 6 209 220 7 197 155 209 166 157 7 69 81 208 149
split_gain=17.7338 10.4837 8.23801 5.05102 5.04503 4.52295 4.47372 4.38229 4.33751 4.29403 4.28337 4.28095 4.56262 4.14128 4.14087 4.0758 4.20578 3.91885 3.85581 3.79599 3.78675 5.63071 4.2169 3.77111 6.3488 4.54362 4.28389 3.95971 3.8673 3.71579
threshold=0.18084443360567096 0.11756138876080514 0.69883292913436901 1.0000000000000002 0.010263516101986172 3.1418573856353764 0.11269440501928331 -0.17180135101079938 0.083735484629869475 92.500000000000014 0.016658554784953598 -0.030164751224219796 0.37383860349655157 -0.0023018842330202456 0.16719479858875277 0.01497634779661894 0.13125512748956683 0.03642751835286618 0.14353767782449725 0.1053953990340233 -0.029705073684453961 -0.014073046855628489 0.11291198804974557 0.84008288383483898 0.62362465262413036 0.26726190745830541 126.95398330688478 0.055946791544556625 0.075196210294961943 0.0029490749584510927
decision_type=2 2 2 2 2 2 2 2 2 2 8 2 2 2 2 8 10 2 2 8 2 2 2 2 2 10 2 2 2 2
left_child=1 2 15 9 8 -6 -7 -4 23 -2 14 13 -13 19 -3 16 17 18 -1 -12 21 -11 -22 24 26 28 -5 -26 -25 -23
right_child=3 10 7 4 5 6 -8 -9 -10 20 11 12 -14 -15 -16 -17 -18 -19 -20 -21 22 29 -24 25 27 -27 -28 -29 -30 -31
leaf_value=0.081128349698911584 0.07941267004760641 0.10867327519594872 0.09093790119819517 -0.058328196394441437 0.014616792299803758 0.084217653415907465 0.02532284175827413 0.080172656847011733 0.090346062497222102 -0.11159932015607421 -0.028214017058945707 0.07866896444037251 -0.014808074148152175 0.042198471448167164 0.068135426182179409 0.091471447248487381 0.15383599327885367 0.13353811589478176 0.48028572969417999 0.07475910085052484 0.071862423846112161 0.066902534842260927 -0.12980650135499225 0.064345279346595174 0.01484689135226042 -0.1307379726559956 0.018697130350984661 0.087895802570052167 -0.041400255059411438 -0.012239249375036636
leaf_weight=42.615681049227419 606.24228748778694 62.943657475582086 522.58652532060023 10.182763390486455 11.896603961258164 136.68447068756984 14.241653163780709 1368.0654704289873 22.700586387032217 2.6545844003412666 3.7022329272645029 332.44122913077319 5.3049314661661802 86.127890533912932 42.020220240196409 1788.5464434656876 20.017856455422816 24.493325457863307 0.2433886756971323 108.38992339519291 78.970046803954347 18.155223964981818 1.0506419502398774 82.410747301846413 12.415342485421208 1.2685458748619556 24.821214428853182 18.4449601567012 3.6099678559480699 8.8119743737761365
leaf_count=13361 36495 8265 25908 2960 3310 6169 1141 76393 1504 199 734 16640 428 4813 5833 65446 5027 6656 105 4115 2812 758 159 2886 812 117 5896 579 393 480
internal_value=0 0.0857948 0.0878067 0.0713588 0.0612969 0.0739809 0.0786602 0.0831482 0.0495528 0.076119 0.0739718 0.0703541 0.0772007 0.058688 0.0924447 0.0925017 0.113591 0.10163 0.0833951 0.0713581 0.0579076 0.0273626 0.0692146 0.0435063 0.0254418 0.0571369 -0.00370977 0.0585077 0.0599075 0.0410417
internal_weight=0 4407.5 3766.57 1054.56 338.677 162.823 150.926 1890.65 175.854 715.885 640.93 535.966 337.746 198.22 104.964 1875.92 87.3703 67.3524 42.8591 112.092 109.642 29.6218 80.0207 153.154 65.8643 87.2893 35.004 30.8603 86.0207 26.9672
internal_count=300394 233724 192896 66670 25767 10620 7310 102301 15147 40903 40828 26730 17068 9662 14098 90595 25149 20122 13466 4849 4408 1437 2971 13643 10247 3396 8856 1391 3279 1238
is_linear=0
shrinkage=0.1


Tree=156
num_leaves=31
num_cat=0
split_feature=86 86 94 157 171 208 82 72 230 0 82 171 76 202 203 228 2 149 199 17 116 135 174 187 211 2 194 77 198 1
split_gain=32.9927 10.7667 4.00344 4.18524 4.33979 4.01697 3.78134 3.70635 4.77009 4.08877 3.68569 4.82612 3.65239 5.8457 3.51484 3.69362 3.64149 3.60863 5.70981 3.46158 3.45683 3.34714 4.02037 5.14451 5.90137 3.36541 3.34004 3.82503 3.65709 3.38272
threshold=-1.0720092654228208 -0.81289151310920704 -0.11437755078077315 0.44179911911487585 -0.044559979811310761 0.045990331098437316 0.034043170511722572 0.093121796846389784 -0.11824175342917441 0.30126051604747778 0.020620748400688175 -0.24736551940441129 0.22335600852966311 0.085248541086912169 -0.024222133681178089 0.064778786152601256 0.055996472015976913 -0.035966988652944558 -0.0060981493443250647 10.500000000000002 -0.023279821500182148 0.012174426112324001 -0.26167625188827509 0.042579624801874168 -0.10585121810436247 0.12945119291543963 0.016744140535593036 0.34549072384834295 0.13298965245485309 0.14077164232730868
decision_type=2 2 2 2 2 2 2 2 2 8 2 2 2 2 2 2 8 2 2 2 2 2 2 2 2 10 2 2 2 10
left_child=2 10 5 6 21 -1 12 19 9 -9 -2 20 -4 -14 15 -10 -17 18 -16 -3 -12 -5 25 -24 -25 -23 28 -28 29 -19
right_child=1 7 3 4 -6 -7 -8 8 14 -11 11 -13 13 -15 17 16 -18 26 -20 -21 -22 22 23 24 -26 -27 27 -29 -30 -31
leaf_value=0.070027757638709984 0.079519809942087571 0.091476949252019768 0.016455337556544464 0.079061351710805819 0.056747799493637778 0.12462124205883847 0.09530615992367808 -0.096426362325069903 0.077596914546187612 0.058775071676596936 0.11265037972887755 0.090975936063289409 -0.0047917610499762031 0.60452345698238297 -0.031019001846747513 0.061402724382376143 -0.031862395579827063 0.088108595434972514 0.090679057619748038 0.10485541223803979 -0.023460043800441713 -0.13740908044081032 0.082024628806481925 0.13721688539295226 -0.022875566577670425 0.032147128929285222 0.10573682607069484 -0.10467095990787351 0.013929912008997942 -0.04797140717509199
leaf_weight=39.850582648225327 1820.7904228837792 1780.8347727790433 39.047913202469545 212.63615477211158 369.11119563263424 20.365464862272802 8.1037207763835095 2.6481394406314385 125.77424824529839 4.7283549736844179 2.6506155315842079 451.49336057587175 0.36674187205699027 0.27591055826655975 6.1683545230257577 12.441680613876317 6.3093835721101632 127.34033848781564 10.280903598864368 216.96528316533886 6.3029859055266098 1.9546275849174879 31.783316036986889 2.8898843670303895 11.329613425086789 2.9184090719318192 134.81163092305997 0.86956876806470873 7.4126154260407011 1.8533304265592949
leaf_count=2863 105795 84556 18227 9727 17493 1175 1622 439 7455 333 185 25001 378 60 463 652 581 5440 484 7853 701 201 1707 78 921 119 5017 149 653 322
internal_value=0 0.0864792 0.0637774 0.0615903 0.063746 0.0884916 0.0330566 0.0910989 0.0827975 0.00305822 0.0815411 0.0895342 0.020347 0.256806 0.0841551 0.0714243 0.0300208 0.0905274 0.0450432 0.0929299 0.016834 0.0735485 0.0505076 0.0596569 0.00966065 -0.0358637 0.0932752 0.104388 0.0822373 0.0861565
internal_weight=0 4719.68 740.634 680.417 632.623 60.216 47.7943 2438.44 440.639 7.37649 2281.24 460.447 39.6906 0.642652 433.262 144.525 18.7511 288.737 16.4493 1997.8 8.9536 263.512 50.8759 46.0028 14.2195 4.87304 272.287 135.681 136.606 129.194
internal_count=300650 246079 54571 50533 30246 4038 20287 114397 21988 772 131682 25887 18665 438 21216 8688 1233 12528 947 92409 886 12753 3026 2706 999 320 11581 5166 6415 5762
is_linear=0
shrinkage=0.1


Tree=157
num_leaves=31
num_cat=0
split_feature=86 86 93 93 175 196 191 1 228 189 13 201 157 156 157 114 130 156 173 232 8 159 2 146 86 177 199 95 161 3
split_gain=26.8662 10.7905 4.09501 3.55467 4.97889 4.70057 4.80207 4.26779 5.42083 3.8117 4.36104 4.23243 3.76846 4.14128 5.18715 3.96964 3.65566 3.63956 4.94029 5.39462 4.60968 3.79327 3.68662 3.48785 3.42353 3.34369 3.48807 3.34308 3.30526 5.63614
threshold=-1.1157679557800291 -0.82166236639022816 0.36477671563625341 0.104219488799572 -0.014187901746481655 0.21403612196445468 -0.19852689653635022 0.11180555447936059 -0.074833367019891725 0.042002407833933837 0.12931995838880542 0.16851545125246051 0.39967305958271032 0.2327174320816994 0.62362465262413036 0.049462009221315391 0.0045668035745620736 0.5317540466785432 0.2934254258871079 -0.017724279314279553 0.33953045308589941 0.57225355505943309 0.095564253628253951 0.0090989368036389368 -0.75255382061004628 0.011516753584146501 0.019219205714762214 0.16344449669122699 4.1666669845581064 0.20114503800868991
decision_type=2 2 2 2 2 2 2 10 2 2 10 2 2 2 2 2 2 2 2 2 10 2 10 2 2 2 2 2 2 8
left_child=-1 2 -2 12 5 6 -5 9 -9 10 11 -8 -3 27 17 -16 -17 28 22 -20 -21 -22 -19 -24 25 26 -11 -14 -15 -30
right_child=1 3 -4 4 -6 -7 7 8 -10 24 -12 -13 13 14 15 16 -18 18 19 20 21 -23 23 -25 -26 -27 -28 -29 29 -31
leaf_value=0.0610259329267041 0.081331509241178476 0.038900954491356707 0.06487881657123841 -0.057874004615185305 0.09743131568246946 -0.09607799969849555 0.069936060635471683 0.18742066082394657 -0.060178770180865086 0.060301753222601243 -0.11560972308048817 -0.055397859611871492 0.094709311305516325 0.08641626067145905 0.095988060728226438 0.039033947912907985 0.093238217207368385 0.092744970773783186 -0.085293678022007768 0.070915100759343361 -0.10093571402038021 0.042433371653611135 -0.049865713196723352 0.099316201341377142 0.10396021568283642 0.095598608232002558 -0.041939947740938552 0.11459391120301761 0.083714494343779325 0.0050391046541749451
leaf_weight=516.48881652759883 2260.9554134951804 13.733275308838527 162.12771030283693 2.7517036248282229 116.67057239611768 1.6459342395908141 123.58175493224007 1.1012221628807308 4.4874991204387689 14.332369547278178 1.3185126701218894 2.7543948350421479 726.7260915628101 505.10661017684106 648.6115776977058 24.387692437674559 25.401941307587549 40.07933984759984 3.6032017724501229 19.256509947746967 3.3370468742505173 4.1287193305615801 3.8148450162789223 2.6599645927781239 70.060290076246929 19.633820745919138 4.3493896889572161 95.681914297776757 26.500568627232497 13.87179630614264
leaf_count=39551 131029 10922 11539 380 6394 368 6035 75 797 699 120 182 45426 22171 5374 268 212 1783 508 948 148 100 389 163 2257 746 425 11463 692 495
internal_value=0 0.0849952 0.0802307 0.0895773 0.0804175 0.0723489 0.0734833 0.0749793 -0.0113909 0.0770244 0.0653153 0.0672035 0.0911175 0.0914521 0.0879834 0.0938992 0.0666882 0.0813446 0.0609748 0.0295664 0.045054 -0.0216497 0.0814343 0.0114208 0.0908164 0.0667827 0.0364984 0.0970228 0.0842155 0.0566819
internal_weight=0 4942.67 2423.08 2519.59 362.687 246.017 244.371 241.619 5.58872 236.031 127.655 126.336 2156.9 2143.17 1320.76 698.401 49.7896 622.359 76.8796 30.3255 26.7223 7.46577 46.5541 6.47481 108.376 38.3156 18.6818 822.408 545.479 40.3724
internal_count=301659 262108 142568 119540 18478 12084 11716 11336 872 10464 6337 6217 101062 90140 33251 5854 480 27397 4039 1704 1196 248 2335 552 4127 1870 1124 56889 23358 1187
is_linear=0
shrinkage=0.1


Tree=158
num_leaves=31
num_cat=0
split_feature=86 86 104 156 160 180 142 81 93 188 101 150 148 163 7 64 165 205 230 2 211 149 170 162 81 86 219 5 225 160
split_gain=26.8992 9.69192 4.19273 3.34527 3.07242 5.31911 4.66026 4.42701 4.37316 4.26848 3.98687 3.46863 3.37973 3.86237 4.60977 3.45305 5.54131 4.30397 3.39141 3.37956 3.25851 3.22375 3.05685 3.05506 9.20132 3.04861 6.69993 3.18969 3.09563 3.05612
threshold=-1.1157679557800291 -0.83693176507949818 -0.062389565631747239 1.0000000180025095e-35 2.0000000000000004 0.012208646629005672 -0.0082620037719607336 0.059411764144897468 -0.02990172058343887 0.07461180537939073 -0.15936115384101865 0.022330021485686306 0.014044604264199735 0.81040307879447948 0.084219858050346388 5.5000000000000009 76.500000000000014 -0.063477359712123857 0.021613610908389095 0.063214566558599486 -0.14541167020797727 -0.011806577909737824 0.56566891074180614 46.213918685913093 0.021980676800012592 -1.2518978118896482 0.076537806540727629 0.28991597890853887 -0.014973490033298729 2.0000000000000004
decision_type=2 2 2 2 2 2 2 2 2 2 2 2 2 2 10 2 2 2 2 10 2 2 2 2 2 2 2 10 2 2
left_child=25 3 23 -2 12 8 7 -7 9 11 -8 22 13 15 -15 -4 17 -17 21 -10 -13 -19 -6 24 -3 26 28 -28 -1 -27
right_child=1 2 4 -5 5 6 10 -9 19 -11 -12 20 -14 14 -16 16 -18 18 -20 -21 -22 -23 -24 -25 -26 29 27 -29 -30 -31
leaf_value=0.037527218674121759 -0.092063483128656531 -0.11471578495018038 0.097145745137704131 0.08155231887377476 0.073180982538984821 0.07306548378615664 -0.037717030124418377 -0.066349654722080445 0.053080945065336144 0.11149940626603115 0.11221236198897425 0.44040495734472684 0.083349987481959792 -0.01612710691881691 0.094475896579703289 -0.0056492345936043874 0.097265523811084859 -0.013926284365719025 0.093496673930280341 -0.019905132993865121 -0.078267295756887359 0.063710341990358493 -0.068722582828872211 0.085805871770765166 0.071337271212635459 0.070198620631554437 -0.028682173773842801 0.4795501298465622 0.066671199497545616 0.031115896189854327
leaf_weight=55.640207879734817 1.1103655827159844 2.7478058493911695 1505.8068843412866 2266.7022502833029 24.90173967921033 11.425432727122368 1.8227986119945843 2.844774447297822 20.51796782244492 22.416304873970148 65.728273039512942 0.12705970969955194 282.6506425755108 6.8119052617000753 8.4338239353776299 8.5981131797147992 99.939170672252317 6.8540624858915207 30.632774638082537 9.1839650739514109 2.5932018605512885 24.348075870934167 1.6166048223276437 517.20469926184069 81.450381470662705 317.29507706545292 11.166979065306119 0.12486855359634397 105.65105616789356 21.354405606460205
leaf_count=5308 9369 280 55930 123171 1584 962 132 395 1734 894 2744 20 14119 8233 3113 819 3680 524 896 972 427 1139 265 24790 5437 22316 1935 70 7765 2228
internal_value=0 0.0863024 0.0903062 0.0814673 0.0923818 0.0791943 0.0971976 0.045273 0.0610882 0.0786689 0.108167 0.0534988 0.0934719 0.0951633 0.0450577 0.095619 0.0821255 0.0606429 0.0698608 0.0305133 -0.0540408 0.0466562 0.0645303 0.0829301 0.0652654 0.0622214 0.0514042 -0.023062 0.0566175 0.0677342
internal_weight=0 5006.47 2738.66 2267.81 2137.25 163.178 81.8213 14.2702 81.3568 51.6549 67.5511 29.2386 1974.08 1691.42 15.2457 1676.18 170.372 70.433 61.8349 29.7019 2.72026 31.2021 26.5183 601.403 84.1982 511.233 172.583 11.2918 161.291 338.649
internal_count=301251 261629 129089 132540 98582 10129 4233 1357 5896 3190 2876 2296 88453 74334 11346 62988 7058 3378 2559 2706 447 1663 1849 30507 5717 39622 15078 2005 13073 24544
is_linear=0
shrinkage=0.1


Tree=159
num_leaves=31
num_cat=0
split_feature=86 86 86 110 156 117 173 3 1 75 4 8 162 158 164 100 186 183 13 1 158 190 134 69 198 4 221 85 133 221
split_gain=26.1402 13.2397 4.76595 4.53715 4.16815 3.78864 4.35824 3.94038 3.92652 3.32376 3.29389 3.37616 3.05084 3.8372 3.34699 3.27306 3.86659 3.73373 3.05001 3.04954 2.96123 4.5791 4.91277 3.7591 3.56424 4.42053 3.69003 3.11603 3.10427 4.0184
threshold=-0.82948100566864003 -1.1157679557800291 -0.6793040633201598 -0.060783743858337395 0.5317540466785432 0.078306764364242568 0.23787193745374682 0.20667408406734469 0.055734766647219665 0.041960094124078758 0.28991597890853887 0.046711301431059844 82.367805480957045 0.55000001192092907 5.6489679813385019 0.10778028890490533 -0.09560279548168181 -0.13056636601686475 0.078278187662363066 0.24404761940240863 0.18333333730697635 0.12517427280545237 0.014945196919143202 135.77068328857425 -0.096286837011575685 0.028991596773266796 -0.065845862030982957 95.500000000000014 -0.0241503557190299 -0.0067423346918076268
decision_type=2 2 2 2 2 2 2 8 10 2 10 8 2 2 2 2 2 2 10 10 2 2 2 2 2 8 2 2 2 2
left_child=1 18 3 5 -3 6 -2 8 -8 19 11 -11 14 15 -13 -14 -17 -18 -1 20 21 23 -23 -5 25 26 -22 -24 29 -27
right_child=2 4 -4 9 -6 -7 7 -9 -10 10 -12 12 13 -15 -16 16 17 -19 -20 -21 24 22 27 -25 -26 28 -28 -29 -30 -31
leaf_value=0.060355274537910397 0.083779703284102156 0.081225066162657081 0.095573679263332711 0.082168218883652028 0.062497899185835815 -0.032441502971792206 0.085080593935675422 -0.011053781637892222 -0.024889708918453376 -0.071509170319379978 0.14553762690044111 0.10286896608964068 0.086809887410273498 0.11687790090385644 0.05292041644263791 -0.030093061965279017 -0.14585216969038867 0.071895969977979424 0.089929859048856559 -0.10664368863174278 0.098671666555295218 -0.067151578015170174 0.11007536101874722 0.030188783788356013 0.090664738266161213 -0.02876730735761478 -0.066212907409871985 -0.15194539925725045 0.085629984896758687 0.070816718058126962
leaf_weight=479.7765220114411 78.256006900313878 2181.3455105587091 1168.318888634431 119.90613203436351 125.69872107578612 3.6489149888284365 17.226251107807464 10.288329956367759 4.0008979211379474 1.2443929600399304 12.192206546794294 285.11339617310807 222.94643385560641 35.970235767546455 14.077981237640868 4.6298534214099609 0.8055507001827199 35.085022180111082 37.604057949577054 0.83696498973154021 2.0108404028087534 4.7714345772596953 3.8783704447050695 15.73927364316887 509.5977061742916 5.9306017047201776 4.1760027604910865 0.5140232267367536 63.22631199077432 12.792303995428481
leaf_count=36481 4782 134317 51680 8090 2800 400 726 781 282 617 855 13481 9857 633 972 379 43 1652 3215 736 232 906 354 1619 21229 369 1180 28 2074 490
internal_value=0 0.0769624 0.090807 0.0870157 0.0802047 0.0678026 0.0711349 0.0397365 0.0643534 0.0886234 0.0940807 0.0930348 0.0933769 0.0862409 0.100519 0.0820582 0.0559139 0.0670087 0.0625048 0.08413 0.0843451 0.0715149 0.00309916 0.0761369 0.0874533 0.0688853 -0.0126223 0.0794122 0.0750388 0.0392728
internal_weight=0 2824.42 2637.18 1468.87 2307.04 113.42 109.771 31.5155 21.2271 1355.45 612.065 599.873 598.628 299.437 299.191 263.467 40.5204 35.8906 517.381 743.38 742.543 144.809 9.16383 135.645 597.734 88.1361 6.18684 4.39239 81.9492 18.7229
internal_count=301260 176813 124447 72767 137117 6971 6571 1789 1008 65796 28489 27634 27017 12564 14453 11931 2074 1695 39696 37307 36571 10997 1288 9709 25574 4345 1412 382 2933 859
is_linear=0
shrinkage=0.1


Tree=160
num_leaves=31
num_cat=0
split_feature=86 86 93 93 164 70 12 159 7 209 98 174 132 202 156 13 103 9 198 210 157 69 109 135 138 180 178 206 163 183
split_gain=29.5011 14.5824 3.85719 3.85577 3.68626 3.95947 3.42115 3.33039 3.65686 4.38867 3.25192 3.19801 3.15079 3.22073 3.08499 4.14806 3.65484 6.63851 5.88704 4.01184 3.38665 4.48228 3.246 4.84387 3.91185 3.61785 3.4613 3.31168 3.22962 3.21747
threshold=-1.1529442071914671 -0.83693176507949818 0.067136626690626158 0.36477671563625341 2.0126758217811589 3.5000000000000004 289.50000000000006 0.21847082674503329 0.47727273404598242 -0.037621496245265 -0.11463781446218489 0.069157931953668608 -0.016533504240214821 -0.029667668044567105 0.15266007184982303 0.01197647722437978 0.1238304376602173 0.024742373265326027 0.15907362848520282 0.048565790057182319 0.51445031166076671 135.78605651855472 0.014191078487783672 0.030674676410853866 -0.059592241421341889 0.2855845987796784 0.018956943415105346 0.10829206183552743 -0.63036558032035817 -1.0000000180025095e-35
decision_type=2 2 2 2 2 2 10 2 10 2 2 2 2 2 2 8 2 8 2 2 2 2 2 2 2 2 2 2 2 2
left_child=-1 3 14 -2 10 -6 -7 12 11 -10 -4 -9 -5 -14 16 -16 22 18 19 -18 21 -17 23 29 26 27 -24 -26 -21 -3
right_child=1 2 4 7 5 6 -8 8 9 -11 -12 -13 13 -15 15 20 17 -19 -20 28 -22 -23 24 -25 25 -27 -28 -29 -30 -31
leaf_value=0.056734622938935088 0.081110401745596569 0.12529310532525287 -0.061548547493416796 -0.060930662811426277 -0.11436768201362875 0.085479520044330029 0.066645837244467529 0.063602075378146744 0.70593563452163466 -0.069862211016252174 0.10551362422256239 0.10037627770283869 -0.025984630454647967 0.079145921629055094 0.12594694252235636 0.075962727762903443 0.10916698638093121 -0.018892820875931162 -0.12598894768171329 0.096150675457768855 0.090918983014637342 -0.030466948663138888 -0.13692646452915197 0.064681155767231033 0.099112737951324859 -0.010726726586878031 0.075714381202587985 0.039188609266525065 -0.061203409940723513 0.10230735877520125
leaf_weight=378.08180497456033 2189.7469058515535 117.14027371819714 1.1821937443883133 3.4808994792724688 1.0431632506315498 376.66624533494632 129.64752771121357 141.67593161554487 0.1933077443457023 0.11708364269224958 80.834919747803269 28.386051799879851 4.26724338157078 9.1893414600460765 32.404394721312656 87.740859610670668 31.569178674374143 6.7798991942606781 1.2377873514956252 2.5156921499183227 1558.4468245545577 4.1439544425138584 1.3860123871509125 22.327205304148947 167.13255547076812 3.2462434534372724 1.7098740166638888 9.7610395466970186 2.7088692773118046 126.83391504478709
leaf_count=29900 128908 11556 118 712 187 22611 3780 7296 90 233 3101 3155 774 1089 11619 9415 2140 1465 220 127 24717 1109 222 2870 17461 906 138 1941 539 12981
internal_value=0 0.0856766 0.0906122 0.0799325 0.0834357 0.080256 0.0806569 0.0661619 0.0703662 0.413295 0.103106 0.0697403 0.0238715 0.0458078 0.0925551 0.0905147 0.0995002 0.0722665 0.0885176 0.0957338 0.089819 0.0711628 0.102215 0.109264 0.0919709 0.0938863 -0.0194838 0.0958061 0.0145646 0.113344
internal_weight=0 5143.52 2766.46 2377.06 589.374 507.357 506.314 187.31 170.372 0.310391 82.0171 170.062 16.9375 13.4566 2177.08 1682.74 494.349 44.8114 38.0315 36.7937 1650.33 91.8848 449.537 266.301 183.236 180.14 3.09589 176.894 5.22456 243.974
internal_count=301380 271480 129223 142257 29797 26578 26391 13349 10774 323 3219 10451 2575 1863 99426 46860 52566 4491 3026 2806 35241 10524 48075 27407 20668 20308 360 19402 666 24537
is_linear=0
shrinkage=0.1


Tree=161
num_leaves=31
num_cat=0
split_feature=86 86 86 158 122 160 181 197 93 232 152 13 174 208 4 140 40 70 88 64 102 159 175 199 222 183 12 150 77 10
split_gain=25.5725 10.9327 5.44501 4.01607 5.07097 6.39296 5.43274 4.20274 3.75201 4.73205 3.34347 3.93366 3.3078 3.59493 3.81989 3.23348 3.53611 3.21482 3.15266 3.13121 3.10241 4.39885 3.05503 3.048 3.03492 3.27178 3.68119 3.02673 2.96368 4.01408
threshold=-0.83693176507949818 -1.1157679557800291 -0.57369077205657948 0.45000000298023229 0.023925578221678737 1.0000000000000002 0.036145856603980071 -0.10364272072911261 0.36477671563625341 0.025589106604456905 0.045296330004930503 0.059097865596413619 -0.089714981615543352 -0.085546080023050294 0.12456896528601648 0.010259431786835195 1.0000000180025095e-35 2.5000000000000004 0.71660226583480846 5.5000000000000009 0.020962090231478218 0.33072219789028173 -0.057310044765472405 -0.052158208563923829 -0.06835682317614554 0.34980857372283941 269.00000000000006 -0.029308076947927472 0.11566332355141641 355.50000000000006
decision_type=2 2 2 2 2 2 2 2 2 2 2 10 2 2 10 2 2 2 2 2 2 2 2 2 2 2 8 2 2 8
left_child=1 3 -2 4 5 19 7 -7 17 20 11 -9 13 -6 18 16 -11 -3 -15 24 22 -22 -10 -17 25 26 -1 -5 -26 -30
right_child=2 8 -4 27 12 6 -8 10 9 15 -12 -13 -14 14 -16 23 -18 -19 -20 -21 21 -23 -24 -25 28 -27 -28 -29 29 -31
leaf_value=-0.073722667900633532 0.088099017326585247 -0.061389796416500567 0.09913778433235193 0.040016259617257161 -0.048170664507030121 -0.075499930612259999 0.079064666918027091 0.020755783253317363 0.00025818093194411433 0.10149299051449019 -0.084512812659722894 0.094858239459215302 0.055909956973818203 -0.036898193283402977 -0.076772159430795905 -0.027431388063632087 -0.058223632794319496 0.081002419801125727 0.049816335134974923 0.00098489340917911803 -0.064774313897629734 0.10008140915144373 0.051412926588979772 0.071746828829166873 0.094125939115549534 0.51279390825031312 0.063187817846321923 0.088070712886916952 -0.043779319216401068 0.073228180474248852
leaf_weight=2.8020892854348132 2160.9247947877434 1.5867867285987802 563.33508466836247 15.367426549657464 5.7025399311720539 3.9514232604600457 28.338535846189643 27.88030856101534 14.35800940940271 51.611111525670594 2.2961003526240793 9.6407061463501105 128.9944137219444 4.6184841851694491 2.8716508348333027 4.1781269333073423 1.424459574778665 2058.1414576234174 45.477969620531212 4.6999265199656284 1.7727830841860193 18.606456681711734 62.46791425200729 11.994410605262145 113.01274372020555 0.13795831235256706 6.5651509181802803 89.110900162950657 3.5671989207176038 16.46470387261661
leaf_count=1054 105964 184 23048 940 804 830 2006 3359 2113 2250 396 666 11206 526 944 376 169 120888 4335 577 406 1041 4174 776 6450 20 415 3684 908 477
internal_value=0 0.0766966 0.0903817 0.0635132 0.0590238 0.0693479 0.0449522 0.0228656 0.0797258 0.0652825 0.0326274 0.0397958 0.0469562 0.0272704 0.0353924 0.0852671 0.0972032 0.0808927 0.041822 0.0812944 0.0510538 0.0857407 0.0418526 0.0461244 0.0839422 0.0293528 0.0222328 0.0810025 0.0878423 0.052392
internal_weight=0 2737.64 2724.26 511.5 407.022 219.357 72.1071 43.7685 2226.14 166.413 39.8171 37.521 187.665 58.6706 52.9681 69.2081 53.0356 2059.73 50.0965 147.25 97.2052 20.3792 76.8259 16.1725 142.55 9.5052 9.36724 104.478 133.045 20.0319
internal_count=300986 171974 129012 39597 34973 17158 7257 5251 132377 11305 4421 4025 17815 6609 5805 3571 2419 121072 4861 9901 7734 1447 6287 1152 9324 1489 1469 4624 7835 1385
is_linear=0
shrinkage=0.1


Tree=162
num_leaves=31
num_cat=0
split_feature=86 86 86 156 230 145 73 153 85 218 175 7 198 114 193 7 199 110 230 107 153 17 86 165 170 114 124 157 102 132
split_gain=31.0773 8.81233 4.4626 3.2635 6.99007 3.89972 3.77118 4.33997 4.96344 4.49375 4.2839 4.07721 4.01564 3.95325 4.57991 3.74225 3.46836 3.36507 3.55385 4.08745 3.19828 3.16971 3.43162 4.12139 3.1523 3.45558 3.29075 3.25507 4.10819 4.02512
threshold=-1.0720092654228208 -0.82948100566864003 -1.1817154288291929 0.11258802562952043 0.097563937306404128 0.03161700256168843 1.0000000180025095e-35 0.015919906087219719 116.50000000000001 0.072868756949901595 -0.13670733571052548 0.091372914612293257 -0.088054567575454698 -0.086942404508590684 -0.1687030494213104 0.24845385551452639 -0.087895140051841722 0.08232747390866281 0.05044971406459809 0.079613085836172118 0.024094560183584694 8.5000000000000018 -0.57369077205657948 70.500000000000014 0.53934586048126232 0.033624302595853812 -0.070509348064661012 0.60324698686599743 0.077173691242933287 0.0075541546102613219
decision_type=2 2 2 2 2 2 2 2 2 2 2 8 2 2 2 10 2 2 2 2 2 2 2 2 2 2 2 2 2 2
left_child=2 3 -1 4 6 20 7 10 9 -9 -2 -10 -12 -8 -15 17 -11 18 -14 -20 -6 22 24 -24 -3 27 -27 -26 -29 -30
right_child=1 21 -4 -5 5 -7 13 8 11 16 12 -13 15 14 -16 -17 -18 -19 19 -21 -22 -23 23 -25 25 26 -28 28 29 -31
leaf_value=0.055661054666468673 -0.019751586380030606 0.089528722882131817 0.071410886342376384 0.080141503579398407 0.034477288967043787 0.16828109470522987 0.47801253622886408 0.10889585535082656 1.0510044754328962 0.11847285200227949 -0.017719829803289879 0.2835743649060864 0.097428873221789586 0.023430698103656545 0.10147510240215085 -0.054754649176743178 -0.080294808161401054 -0.023224862194236161 -0.035983754614726034 0.47202297143495664 -0.084513139141328714 0.09806637676968738 0.11261965313747931 0.091157647180099444 0.059350740177016192 -0.12593415484557655 0.098982461454838438 0.084090743542654861 0.047693885421245391 -0.12452278422640697
leaf_weight=309.63594261270691 6.0596061119179003 1281.064470485187 429.37208473760211 1720.8415249500977 14.151376712479083 1.8542561193908103 0.27578069624359969 37.490973285481573 0.087856652447498074 1.4026501969344738 4.8825736925347192 0.32650585665851395 41.884167141739454 7.7446620234217098 258.32729073135192 2.0580825535801059 2.3464344177740477 2.810215046200141 3.1354663063225412 0.16681119934878541 2.6879251471719945 474.38929797184846 119.99750136058628 351.77061303118717 93.242635566995204 0.65527724472485616 89.33966869604069 252.85719795958175 13.851968538496292 1.5045614766277129
leaf_count=24922 1187 60437 29587 66478 2927 200 42 4758 35 168 1881 63 6155 1793 32409 1097 658 837 951 41 587 20204 5608 14017 15449 121 4593 3690 259 65
internal_value=0 0.0868447 0.0648119 0.0820089 0.0902974 0.0306401 0.0933196 0.0770354 0.101917 0.0984572 0.0600437 0.446291 0.0688451 0.0995957 0.0992034 0.0772891 -0.00592959 0.082951 0.0895543 -0.0103223 0.0154838 0.0906513 0.0890555 0.0966167 0.0869965 0.0798111 0.0973448 0.0754455 0.0810408 0.0308209
internal_weight=0 4787.21 739.008 2108.53 387.693 18.6936 368.999 102.651 41.6544 41.2401 60.9969 0.414363 54.9373 266.348 266.072 50.0547 3.74908 47.9967 45.1864 3.30228 16.8393 2678.67 2204.28 471.768 1732.52 451.451 89.9949 361.456 268.214 15.3565
internal_count=301219 246710 54509 122267 55789 3714 52075 17831 5682 5584 12149 98 10962 34244 34202 9081 826 7984 7147 992 3514 124443 104239 19625 84614 24177 4714 19463 4014 324
is_linear=0
shrinkage=0.1


Tree=163
num_leaves=31
num_cat=0
split_feature=86 86 183 149 196 90 86 124 118 205 10 106 13 118 127 116 196 224 159 156 129 76 173 5 136 152 192 201 180 105
split_gain=29.1898 12.2164 4.93227 4.61528 4.18462 5.78217 3.83239 3.80701 9.98911 5.20833 3.86298 3.7419 5.74238 3.62376 3.58847 3.55631 3.37835 3.68758 4.81048 3.24302 3.2156 3.20908 3.18296 3.14013 6.06529 3.74949 3.75474 3.05917 3.00947 2.97616
threshold=-1.0720092654228208 -0.82948100566864003 0.02511357702314854 -0.027636543847620484 0.08482354506850244 2.0363757610321049 -1.2518978118896482 0.011072859168052675 0.022733108140528206 0.038028700277209289 169.50000000000003 0.03612842038273812 0.051021736115217216 0.037220841273665435 -0.024580711498856541 -0.037684455513954156 0.11784571781754495 -0.019799655303359028 1.0285773873329165 0.015686515718698505 0.0063378438353538522 0.23524305224418643 0.30176873505115515 0.13383085280656817 -0.045977095142006867 -0.02171109244227409 -0.010703850537538527 -0.083663523197174058 0.14948023855686191 0.036620248109102256
decision_type=2 2 2 2 2 2 2 2 2 2 8 2 10 2 2 2 2 2 2 2 2 2 2 8 2 2 2 2 2 2
left_child=2 -2 3 -1 7 13 16 8 10 11 14 12 -10 -6 -4 27 17 18 -5 -3 29 22 -19 -22 -25 26 -26 -16 -7 -21
right_child=1 19 4 6 5 28 -8 -9 9 -11 -12 -13 -14 -15 15 -17 -18 21 -20 20 23 -23 -24 24 25 -27 -28 -29 -30 -31
leaf_value=0.098914736864121944 0.080271673842849389 -0.0060595498438926589 -0.095506088198528558 -0.06847986454208968 -0.041216013502772507 0.036454617303681817 0.07348265674016323 0.07539770531843637 0.030436593378453676 -0.05313580645823901 0.069308745168622884 0.062995190457119946 -0.097576772954297175 0.037406030351660291 0.50264281451902659 0.005271194938439804 0.087550629072423947 0.064176297265431934 0.034284295115296584 0.095662031485385476 0.089095262452678028 -0.13045649348689939 -0.12546972650544277 -0.023448004200997508 0.053438591679987713 0.080497621734808011 -0.10799751087493362 0.10525998685449854 0.1295124824332434 0.086532465572218109
leaf_weight=55.032746893882177 2066.9807030811817 3.4706754081598765 2.4693317890421431 6.2863399863856584 13.081866382825639 8.530150330832269 274.93653176313228 100.21075182917878 13.512720476945789 10.107827262697581 131.69946049560986 16.46464159538391 4.7309847070846436 10.622609226175085 0.20918366356545481 8.5302488762678177 17.773658373968374 40.235278441944956 16.541144572329358 1275.0442534636741 649.48409539856766 0.90408001672767468 0.90490514522752974 6.071747290183338 4.8538937175544561 197.84646112967948 2.0488517555422723 2.6214064311407119 5.8644477158009058 495.96614300860256
leaf_count=3254 122131 9886 1175 1812 2274 919 19401 6853 1222 1185 4670 873 405 1027 63 2798 1178 3699 746 55172 25427 73 364 690 342 10339 430 301 317 22070
internal_value=0 0.0860267 0.0646757 0.0719557 0.0555359 0.0243746 0.0678067 0.0596219 0.0513165 0.0100355 0.0640291 0.0284324 -0.00276002 -0.00598337 0.0137527 0.0375006 0.0489244 0.0383416 0.00598462 0.0905414 0.0906689 0.0559094 0.0600049 0.0856532 0.0750491 0.0779699 0.00552162 0.134627 0.074367 0.0931053
internal_weight=0 4701.77 741.27 412.615 328.656 38.0991 357.582 290.557 190.346 44.8162 145.53 34.7083 18.2437 23.7045 13.8302 11.3608 82.6454 64.8717 22.8275 2634.79 2631.32 42.0443 41.1402 860.305 210.821 204.749 6.90275 2.83059 14.3946 1771.01
internal_count=301096 246487 54609 30527 24082 4537 27273 19545 12692 3685 9007 2500 1627 3301 4337 3162 7872 6694 2558 124356 114470 4136 4063 37228 11801 11111 772 364 1236 77242
is_linear=0
shrinkage=0.1


Tree=164
num_leaves=31
num_cat=0
split_feature=86 86 93 86 88 0 85 186 216 70 138 65 200 157 211 156 176 3 12 173 82 227 75 79 161 157 220 202 114 190
split_gain=30.4671 13.539 4.73011 4.44298 3.28669 4.47526 3.69834 3.76377 3.67589 3.28452 3.35222 4.524 5.46062 4.48355 5.01515 4.48845 4.91623 4.24278 4.85925 4.67533 4.17798 4.23542 3.69567 3.68178 4.66568 3.64341 4.33744 3.60771 3.60751 5.31548
threshold=-0.83693176507949818 -1.1817154288291929 0.36477671563625341 -0.6793040633201598 0.74494466185569774 0.19276452064514163 50.500000000000007 -0.052646121010184281 -0.12714811414480207 2.5000000000000004 -0.010814380366355179 46.500000000000007 -0.037173271179199212 0.46475408971309667 0.08227195963263513 0.073350071907043471 -0.19846734404563901 0.29853747785091406 31.500000000000004 -0.098347470164298997 0.010990338400006296 -0.031547876074910157 0.087337911128997817 0.064172957092523589 2.7361341714859013 0.59515219926834118 -0.12287385389208792 0.063691582530736937 0.026838583871722225 -0.0201265150681138
decision_type=2 2 2 2 2 10 2 2 2 2 2 2 2 2 2 2 2 10 8 2 2 2 2 2 2 2 2 2 2 2
left_child=1 4 9 -2 5 -1 7 -6 -9 -3 17 13 20 14 -12 16 -15 18 -11 -19 -13 -22 -18 24 -17 26 -26 -28 29 -25
right_child=3 2 -4 -5 6 -7 -8 8 -10 10 11 12 -14 15 -16 23 22 19 -20 -21 21 -23 -24 28 25 -27 27 -29 -30 -31
leaf_value=-0.025299144848184258 0.087603236346799923 -0.079722049538062945 0.064239343962844503 0.095689411633600521 0.046960951957191466 0.049620509935021109 0.049901058807870859 -0.11526628828603731 0.086707720615708445 -0.042569241381017323 0.033686256137408083 0.054304012456807049 0.091732047238133552 0.017143334031162322 0.11000445975568662 -0.0069008262811434563 0.080200759107346475 0.05188239793812225 0.08340632346507322 0.11791209251000012 0.035978901587465993 0.098859883603110613 0.13162880655030992 0.05733103873839094 -0.077056449300902705 0.09901103058812441 0.064317422139064925 0.10514689608955251 0.055352141887722889 0.08190649745782573
leaf_weight=10.636929167410925 1559.0408693753475 1.2849206692185351 204.88862668740921 1204.4476483823701 37.943383492996873 31.837108636500489 145.40530605588708 0.91049183283507673 87.329387144308726 3.0743020220001531 50.467914672930078 85.227595962756709 348.06716133236273 6.3828370414084921 10.381742594221121 5.5586416001569878 24.376958080235681 12.792885711393181 761.55370843496485 66.289315636141964 13.156954086480253 57.635348030711384 32.739954321220466 134.49657575929905 1.8914375197709876 106.9678523417424 77.617654332860184 30.008165603303951 154.51186547751058 254.64529980596308
leaf_count=1984 77330 188 14734 51913 3081 1744 12183 217 5721 9111 20949 5091 12363 1176 3781 312 3495 1435 31794 5801 603 1588 2203 7316 142 1527 4179 1304 7975 9977
internal_value=0 0.0762711 0.0787827 0.0911275 0.0567262 0.0308581 0.0607718 0.0732985 0.0846237 0.0801135 0.0802052 0.0771943 0.0847638 0.0729073 0.0467071 0.07483 0.100378 0.0851804 0.0828998 0.107231 0.0692181 0.0871733 0.10968 0.0727112 0.0835616 0.0858843 0.0730632 0.0757015 0.0682797 0.0734126
internal_weight=0 2758.08 2444.02 2763.49 314.063 42.474 271.589 126.183 88.2399 2239.13 2237.84 1394.13 504.087 890.047 60.8497 829.197 63.4997 843.71 764.628 79.0822 156.02 70.7923 57.1169 765.697 222.044 216.485 109.517 107.626 543.654 389.142
internal_count=301217 171974 147044 129243 24930 3728 21202 9019 5938 132310 132122 83981 19645 64336 24730 39606 6874 48141 40905 7236 7282 2191 5698 32732 7464 7152 5625 5483 25268 17293
is_linear=0
shrinkage=0.1


Tree=165
num_leaves=31
num_cat=0
split_feature=93 103 88 171 213 217 88 216 189 131 219 7 97 163 11 233 121 131 141 115 63 153 103 3 198 184 230 143 93 3
split_gain=16.8196 9.92503 4.67236 4.06288 4.01981 5.42825 3.65313 3.82687 3.27275 4.45937 4.17285 4.10815 3.99159 4.82189 3.68617 3.63242 3.8249 4.86525 4.61353 3.52958 3.48381 3.31487 3.45532 3.64196 3.26777 3.27523 3.59295 3.25822 3.515 3.23196
threshold=0.18084443360567096 0.12912379205226901 0.69883292913436901 -0.11102674528956412 0.058733563870191581 -0.12728217989206311 0.81008261442184459 0.086334444582462325 -0.096181910485029207 -0.030321085825562474 -0.030571861192584034 0.28919860720634466 0.016334047541022304 0.67625898122787487 0.15470086038112643 0.043403789401054389 -0.051119547337293618 -0.026634313166141507 0.014167900197207929 0.079612292349338545 0.30927771329879766 -0.019659618847072121 -0.019878706894814965 0.24746103584766391 -0.018844651058316227 0.080363605171442046 0.097563937306404128 0.035771699622273452 0.11249604448676111 0.25782012939453131
decision_type=2 2 2 2 2 2 2 2 2 2 2 10 2 2 10 2 2 2 2 2 2 2 2 10 2 2 2 2 2 10
left_child=1 2 8 -2 24 -6 -3 -8 15 10 20 -12 -11 -14 -15 19 17 -17 -19 21 -10 -1 23 -23 25 -4 -27 -7 -29 -21
right_child=3 6 4 -5 5 27 7 -9 9 12 11 -13 13 14 -16 16 -18 18 -20 29 -22 22 -24 -25 -26 26 -28 28 -30 -31
leaf_value=0.057429533512490319 0.085603398634936878 0.076531815659974897 0.091117357161886431 0.069584394560317744 -0.020853162576790877 0.091059169181197552 0.055307054405242431 -0.065949984056354091 0.097790224291851677 0.091061772321279766 0.07515558612238521 -0.038546361329728746 0.11040728547798905 -0.086932079361421319 0.77421129396920074 0.10144546602248133 0.12567910737284405 -0.11893947382059698 0.15416847850244084 -0.12784536091484044 0.039733295052003306 0.085271866942607827 0.10666692541974805 -0.004647304852217273 0.078695727810179777 0.078950077999252258 0.023119699836817317 0.11873784702052632 -0.04037109766542827 0.094555025345650856
leaf_weight=20.60512359729114 194.67062060616081 455.81027477139639 563.41079592782523 848.14793521765296 4.0713420107497305 322.60733879282066 52.442957268779651 2.738650129114375 155.27263100354662 1037.5832712992826 267.9165429638158 3.2158244011052366 148.4695991871572 1.6184189443663388 0.051282935746712499 9.8052065695846959 81.367026328152178 2.2165866223369899 0.85794430796568111 1.3629302321439802 11.072931748836707 38.384517235630824 152.85468940915609 5.1031881913304451 885.15927512174801 110.18614028162233 12.873587570523567 65.206056378754056 1.4186777499423886 1.2551981606375191
leaf_count=1515 20836 28083 26436 45713 589 20228 4339 547 7066 47601 13861 1027 5020 1169 52 457 4067 341 93 352 670 2134 7868 625 48343 8252 723 2473 193 86
internal_value=0 0.0866952 0.0884106 0.0725748 0.084974 0.0940155 0.0735899 0.0492891 0.0918932 0.0900879 0.0814569 0.073807 0.093267 0.108507 -0.0604831 0.101243 0.117664 0.0670295 -0.042729 0.0941938 0.0939256 0.0955866 0.099591 0.07472 0.0827113 0.0878892 0.0731095 0.095217 0.11535 -0.0212209
internal_weight=0 4414.94 3903.95 1042.82 1964.93 393.303 510.992 55.1816 1939.01 1625.2 437.478 271.132 1187.72 150.139 1.6697 313.812 94.2468 12.8797 3.07453 219.566 166.346 216.948 196.342 43.4877 1571.63 686.471 123.06 389.232 66.6247 2.61813
internal_count=300759 234210 201241 66549 107237 23483 32969 4886 94004 76466 22624 14888 53842 6241 1221 17538 4958 891 434 12580 7736 12142 10627 2759 83754 35411 8975 22894 2666 438
is_linear=0
shrinkage=0.1


Tree=166
num_leaves=31
num_cat=0
split_feature=86 86 93 86 206 106 147 227 156 216 231 3 54 228 180 68 164 13 164 8 182 17 224 95 18 4 69 27 210 116
split_gain=22.8967 11.2189 4.33301 3.57657 3.63722 5.76697 3.81852 3.55301 3.45496 4.2962 3.74963 3.64785 5.10692 4.81307 3.58967 3.54246 3.3141 6.06077 3.75912 3.41026 10.1525 4.01607 3.4134 3.51959 3.28574 3.74897 3.84425 3.19748 3.13883 3.10303
threshold=-1.1157679557800291 -0.82948100566864003 0.36477671563625341 -0.55098557472228993 0.12888561189174655 -0.040735514834523194 0.0042937623802572497 0.042583525180816657 0.12838828563690188 0.11841206252574922 -0.011355639435350893 0.18801229447126391 1.0000000180025095e-35 -0.08986762166023253 -0.20279803127050397 41.431026458740241 3.7494349479675297 0.0088890646584332007 3.8176519870758061 0.22477278858423236 -0.12246640026569365 9.5000000000000018 0.074897207319736495 -0.22605256736278531 1.0000000180025095e-35 0.15411606431007388 2.1698496341705327 1.0000000180025095e-35 0.099090714007616057 0.065068151801824584
decision_type=2 2 2 2 2 2 2 2 2 2 2 8 2 2 2 2 2 10 2 10 2 2 2 2 2 10 2 2 2 2
left_child=-1 2 8 -3 -5 6 -6 24 9 16 -11 12 -10 -14 -15 28 17 19 -18 22 -21 -22 23 -2 25 26 -4 -23 -13 -16
right_child=1 3 7 4 5 -7 -8 -9 11 10 -12 15 13 14 29 -17 18 -19 -20 20 21 27 -24 -25 -26 -27 -28 -29 -30 -31
leaf_value=0.063308067677838267 0.29021400967304734 0.088164200858876315 -0.038513001454937204 0.09953077750795708 0.14554484719668073 -0.01538788985152182 -0.054272047699940609 0.085347497682386975 0.090594995932836694 0.07731465014154254 -0.024120940583011067 0.074479080093550823 -0.044516006138781046 -0.044148973609430327 0.077738560849988828 -0.0089009967523047597 -0.030160900321488399 0.11527910919675816 0.086907365749785151 2.8709079457402313 0.072844862137609059 0.3075926737699175 -0.1115709587508889 0.034310728581564018 0.085963037273338386 -0.066693130876099987 0.053965374947346822 1.3300147062864502 0.092601462199106283 0.0055741567414498714
leaf_weight=520.35033505764568 0.56997701679159618 2158.6182860717531 4.7852824522677784 439.84040831779339 5.8096016385470648 7.1184557114338514 1.1448465739549645 53.978603796065386 449.20071497798153 8.9603417582115963 6.1424272303593161 976.55301507028344 3.7445368242460964 2.6546088644204238 102.56024679678103 4.9075185716319529 2.7618934826352861 89.68739235604346 398.59819985554543 0.014621444336626155 0.4857545042048067 0.079724702670773695 1.5280774797937517 9.4187907327038207 24.511210298363267 2.9378334065463596 74.102642821741711 0.049628533034365319 105.94184050610602 6.3260780923219491
leaf_count=39584 616 106114 601 17005 188 801 213 2817 19852 1664 1729 29846 665 688 6205 1059 1139 13065 33178 38 1117 117 1699 8925 1808 653 5484 21 3829 594
internal_value=0 0.0853613 0.0803172 0.0898609 0.0979296 0.0478854 0.112651 0.0644525 0.0814891 0.0886123 0.0360599 0.0792542 0.0857764 0.0670011 0.0707449 0.0758684 0.0901896 0.106301 0.0861018 0.0400099 0.266608 0.204703 0.0276197 0.048913 0.0538459 0.044225 0.0483557 0.699862 0.0762527 0.073546
internal_weight=0 4943.03 2330.5 2612.53 453.913 14.0729 6.95445 160.316 2170.19 518.297 15.1028 1651.89 564.486 115.285 111.541 1087.4 503.194 101.834 401.36 12.1466 0.629729 0.615108 11.5168 9.98877 106.337 81.8258 78.8879 0.129353 1082.49 108.886
internal_count=301314 261730 137409 124321 18207 1202 401 11363 126046 63308 3393 62738 28004 8152 7487 34734 59915 25598 34317 12533 1293 1255 11240 9541 8546 6738 6085 138 33675 6799
is_linear=0
shrinkage=0.1


Tree=167
num_leaves=31
num_cat=0
split_feature=86 86 93 86 157 158 180 101 186 209 215 180 119 211 103 63 125 116 188 111 188 123 85 213 5 173 131 137 196 103
split_gain=23.8877 12.3177 6.12983 3.01865 2.78882 4.34455 3.92163 3.38428 3.60756 3.44409 3.58184 5.54645 3.37043 3.87005 3.27148 3.48147 3.07835 3.77766 3.32106 3.46682 3.05272 3.31725 3.03441 3.04208 2.9302 3.65908 2.85482 3.03883 3.55428 2.90049
threshold=-0.82948100566864003 -1.1529442071914671 0.36477671563625341 -0.57369077205657948 0.48991714417934423 0.36666667461395269 -0.043772624805569642 0.061967497691512115 0.14409029483795169 -0.099458802491426454 0.13055375963449481 -0.017251353710889813 -0.062464723363518708 -0.019093037582933899 0.10245418176054956 0.17278607189655307 0.02391416393220425 -0.031716231256723397 0.065600007772445693 0.040055850520730026 0.051216265186667449 0.01038451958447695 77.500000000000014 -0.059403629973530762 0.047003591433167465 0.21351734548807147 -0.026634313166141507 -0.031617537140846246 0.0045747591648250827 0.076745122671127333
decision_type=2 2 2 2 2 2 2 2 2 2 2 2 2 2 2 2 2 2 2 2 2 2 2 2 10 2 2 2 2 2
left_child=1 -1 -3 4 5 6 12 8 9 -7 -11 -12 -2 14 15 -14 18 -18 24 -20 21 -19 26 -24 25 -8 27 28 -15 -29
right_child=3 2 -4 -5 -6 7 16 -9 -10 10 11 -13 13 22 -16 -17 17 20 19 -21 -22 -23 23 -25 -26 -27 -28 29 -30 -31
leaf_value=0.060047131597458142 0.15031344091511004 0.080890603912008904 0.061469646468615205 0.096687132469203241 0.089591399408696482 -0.040411790552184565 -0.0083414407183578145 -0.020880628989128791 0.010314216291150724 0.1208853956213015 -0.032665706281729143 0.61076919760161275 0.07184407099554542 0.3161984127905319 -0.06042546611879758 -0.058697521518858764 -0.029477131157946798 0.018756296760380549 -0.043359299037200018 0.082346882301133142 0.12802103101730225 0.11664171009885049 0.12140792870826114 -0.00041797303904404933 0.069823297083161665 0.30879346382724071 0.12355645911688401 -0.025707299495961872 -0.033709198236141338 0.090905597200511334
leaf_weight=374.98823324117484 7.1242553234271773 2279.9413868322681 174.99428032124797 557.50517531351079 1884.3187181978903 1.3068803888011178 9.0285312463319052 2.0480534535063262 3.299606284388573 37.271363945424582 0.21275853020051727 0.36176488838918786 20.2655730854433 0.89344939004104051 2.5687833745305388 2.2720267654956379 2.9232839701500124 8.3622136730564325 8.3447252685301674 2.9764437312696819 11.805874759835318 5.9082441837746265 3.1727581831052021 5.7906675213594081 25.24876196864443 0.3790940061421687 28.309284463272892 3.7960171392935482 0.43002065586824756 4.8684655294473487
leaf_count=29788 796 133898 13366 23100 54816 701 4288 745 962 5811 205 76 5098 244 823 844 1198 3102 3121 614 2265 1407 468 1591 5036 338 4512 1454 216 537
internal_value=0 0.0769277 0.0795062 0.0901515 0.0884025 0.0771429 0.0692117 0.104674 0.110731 0.119193 0.124705 0.372491 0.0846862 0.0782255 0.0464973 0.0586841 0.0528055 0.078319 0.0367132 -0.0103099 0.0904035 0.0592827 0.0950805 0.0427044 0.0520742 0.00443797 0.107339 0.0613736 0.202507 0.039816
internal_weight=0 2829.92 2454.94 2640.79 2083.29 198.969 154.468 44.5004 42.4524 39.1528 37.8459 0.574523 79.4913 72.367 25.1064 22.5376 74.9772 28.9996 45.9776 11.3212 26.0763 14.2705 47.2607 8.96343 34.6564 9.40763 38.2972 9.98795 1.32347 8.66448
internal_count=301420 177052 147264 124368 101268 46452 37952 8500 7755 6793 6092 281 16583 15787 6765 5942 21369 7972 13397 3735 6774 4509 9022 2059 9662 4626 6963 2451 460 1991
is_linear=0
shrinkage=0.1


Tree=168
num_leaves=31
num_cat=0
split_feature=86 86 86 135 213 10 72 6 17 197 121 194 216 9 3 133 101 152 203 202 4 227 9 72 17 231 194 214 152 0
split_gain=25.1296 9.59734 4.29528 4.16806 6.08339 3.70631 3.88725 3.55232 3.51854 3.26203 3.17676 3.55303 3.87563 3.23987 3.13793 3.35059 3.09431 3.46798 3.40476 3.08422 5.64283 3.2922 3.04007 3.03681 4.22432 4.53044 3.70588 3.61902 3.31542 2.99689
threshold=-0.93589836359024037 -1.1817154288291929 -0.82948100566864003 0.024186192080378536 -0.0033493444789201017 312.50000000000006 0.34980392456054693 0.18350168317556384 17.500000000000004 -0.056484971195459359 0.065809894353151335 -0.022526829503476616 -0.16794928163290021 0.016181399114429954 0.072077922523021712 -0.0091193309053778631 -0.14006558805704114 0.051856007426977165 -0.14546044170856473 -0.011053357273340223 0.071503762155771269 0.10687417164444925 0.055696560069918639 0.033060109242796905 9.5000000000000018 -0.032454583793878548 -0.025502297095954415 0.039200676605105407 -0.02171109244227409 0.41763564944267279
decision_type=2 2 2 2 2 10 2 10 2 2 2 2 2 10 10 2 2 2 2 2 10 2 10 2 2 2 2 2 2 10
left_child=1 -1 10 16 7 6 8 9 -3 14 11 -2 -13 -12 15 -5 29 -18 -19 21 -21 -20 -14 24 26 -26 -11 -25 -28 -4
right_child=2 5 3 4 -6 -7 -8 -9 -10 23 13 12 22 -15 -16 -17 17 18 19 20 -22 -23 -24 27 25 -27 28 -29 -30 -31
leaf_value=0.057909132433698191 0.09249100987981683 0.08105482427517452 0.081899675601263378 0.12462204673324984 0.089645549438332695 0.071801067542790115 -0.032680850364818263 -0.060768558288807333 0.1202598111323632 -0.0021865373683444328 0.062887851586490379 0.13060343529268323 0.076949370403525869 0.098090118554355982 0.011029249207624513 -0.025093126530766143 0.09429490112179402 0.13054580699918836 0.091624897297355887 0.089069584069824612 0.024333519189326934 -0.12955166353735836 0.12665048380128241 0.098073994975855311 0.076370631140961584 -0.1213925676803823 -0.1824599159224313 0.015675970454856556 0.084316314732598943 -0.058099600077971783
leaf_weight=314.58777287493899 379.38275782055865 768.32026905927898 225.6401714646729 5.8637245716963662 244.78478039067579 695.82224014281928 2.9552352595939047 2.2979687048627957 23.594759761188925 6.7703443415173288 130.01275328251472 14.536560383516699 482.65614087530446 32.725874577487957 18.437362549062073 2.0062737472715098 1888.6496571817775 10.575331308207295 50.314533833127484 25.138672747630494 28.995936446276573 0.68211252572837011 12.62898530319387 48.027066292767927 2.0355945619426166 2.6880261600363147 0.47356769989710557 5.995824327236277 28.578295457450849 1.5394710200614543
leaf_count=24954 19997 71687 10464 295 9880 19601 628 668 1247 771 6997 735 26683 2650 1405 597 88322 328 2642 1906 1478 133 1786 2194 127 314 40 763 1241 771
internal_value=0 0.0737809 0.0882039 0.0903857 0.0805246 0.0771304 0.0817957 0.0623984 0.0822229 0.06474 0.0828124 0.0851633 0.0797104 0.0699668 0.0335935 0.0864556 0.0920117 0.0932653 0.07646 0.0710194 0.0543952 0.0886665 0.0782167 0.0734044 0.0527196 -0.0361686 0.0644406 0.0889289 0.0799677 0.080951
internal_weight=0 1805.28 3651.44 2599.49 367.959 1490.69 794.87 123.174 791.915 120.876 1051.94 889.204 509.822 162.739 26.3074 7.87 2231.54 2004.36 115.707 105.131 54.1346 50.9966 495.285 94.5687 40.5458 4.72362 35.8222 54.0229 29.0519 227.18
internal_count=301304 118117 183187 124339 18295 93163 73562 8415 72934 7747 58848 49201 29204 9647 2297 892 106044 94809 6487 6159 3384 2775 28469 5450 2493 441 2052 2957 1281 11235
is_linear=0
shrinkage=0.1


Tree=169
num_leaves=31
num_cat=0
split_feature=74 88 103 121 132 155 157 147 176 135 175 184 3 0 171 231 111 157 209 181 152 232 143 231 207 63 66 69 0 179
split_gain=16.2475 8.68964 6.1524 4.67451 4.47115 4.28624 4.22329 4.50801 3.73615 3.72344 4.78425 4.7332 3.76448 3.55879 3.50524 6.24189 4.9078 5.22214 3.95451 3.4571 3.63001 5.16606 3.4295 6.76492 4.43655 3.41463 7.18614 5.55351 4.68972 4.62294
threshold=0.33602151274681097 0.81454268097877514 0.10245418176054956 0.0623261146247387 -0.030692297033965584 0.011708563193678858 0.46092028915882116 0.028135297819972042 -0.28937111794948572 0.017229282297194008 0.065255325287580504 -0.14596603065729138 0.3042933344841004 0.41763564944267279 0.06923586875200273 0.0117191169410944 -0.014981056563556193 0.68542924523353588 -0.15096221119165418 0.041565811261534698 0.035421328619122512 0.0067257075570523748 0.016148126684129242 0.0069611656945198783 0.032286744564771659 -0.17180135101079938 3.005976796150208 2.168073415756226 0.27881795167922979 0.37189577519893652
decision_type=2 2 2 2 2 2 2 2 2 2 2 2 10 10 2 2 2 2 2 2 2 2 2 2 2 2 2 2 8 2
left_child=1 2 3 4 19 -3 7 -2 -6 25 11 12 -11 -13 18 -16 17 -17 -8 20 -1 22 -22 -24 -25 26 28 -27 29 -10
right_child=6 5 -4 -5 8 -7 14 -9 9 10 -12 13 -14 -15 15 16 -18 -19 -20 -21 21 -23 23 24 -26 27 -28 -29 -30 -31
leaf_value=0.083150288664358959 0.053603297169909241 0.056198707606821975 0.077979459431080075 0.078385937071614523 0.11181329730363739 0.088934865207358285 -0.0263429190844304 -0.025992854165862458 0.079575773391630023 0.10434776652522518 0.11080181749437397 0.076906080237338137 -0.058082528672535529 -0.025379422336861208 0.074323209634453921 -0.05168697794140277 0.054837065296322623 0.053222090731545019 0.083507373155589204 0.094522261855625039 0.063314453739230309 0.084618474868135049 -0.037175086479388379 0.079549743721919947 -0.10262156796368833 0.06612790962323585 0.10878814520012302 0.091273608722420491 0.101513808094574 -0.10434160919050856
leaf_weight=479.71552087435259 56.546482177734674 148.59332377892395 772.31145208445878 468.45715894696741 83.924857338748552 54.727188749457241 3.3359724464071396 8.1396661888901445 201.59394356048551 85.59217598501823 57.212158829901 433.4292526330679 1.4510145696740426 3.4284364705939643 223.38757196490201 9.7783614163863604 96.276719942144609 9.2175837890026742 185.69953030728016 185.66851888954579 46.286045274859248 69.421978813365058 12.1309155723975 14.155422531232714 1.476282075147991 95.042123886187483 329.46290088684896 1157.343666294387 153.0168085830237 1.3760284304171353
leaf_count=24516 18079 11399 47874 25758 6536 3092 278 3489 8556 2689 2869 22923 335 1440 6454 769 3555 221 8062 8260 3198 3481 1014 666 239 7099 18217 55340 4666 122
internal_value=0 0.0852461 0.0861304 0.0877528 0.0890389 0.0650102 0.0677038 0.0435875 0.091057 0.0903654 0.0833446 0.0803461 0.10164 0.0761033 0.07066 0.0645708 0.0456717 -0.000780949 0.0815688 0.0825449 0.0789765 0.0650206 0.0466473 0.0188597 0.0623452 0.0924708 0.0981449 0.0893653 0.0882947 0.0783289
internal_weight=0 4855.82 4652.5 3880.19 3411.73 203.321 592.382 64.6861 2602.87 2518.95 581.113 523.901 87.0432 436.858 527.696 338.66 115.273 18.9959 189.036 808.855 623.186 143.471 74.0487 27.7626 15.6317 1937.84 685.45 1252.39 355.987 202.97
internal_count=301196 260289 245798 197924 172166 14491 40907 21568 130792 124256 30256 27387 3024 24363 19339 10999 4545 990 8340 41374 33114 8598 5117 1919 905 94000 31561 62439 13344 8678
is_linear=0
shrinkage=0.1


Tree=170
num_leaves=31
num_cat=1
split_feature=86 86 113 191 108 200 6 209 131 228 103 206 151 235 86 173 70 147 161 115 224 137 10 156 193 98 199 115 93 107
split_gain=23.2584 9.65858 3.64969 4.21758 4.41195 3.38031 3.21017 3.41998 3.93156 3.10724 3.08594 3.11639 3.86074 4.86933 3.17521 3.25076 4.9084 5.16609 3.6174 5.53744 3.97422 3.53508 3.27051 3.0885 6.27183 4.37271 4.55502 3.83172 3.71806 3.54676
threshold=-1.1157679557800291 -0.82948100566864003 0.073303990066051497 -0.041618293151259415 1.0000000180025095e-35 -0.0071038997266441575 0.069292020052671446 0.03642751835286618 0.0038956219796091322 -0.1450662165880203 0.10245418176054956 0.13482258468866351 -0.0054311028216034165 0 -0.57369077205657948 0.31048737466335302 4.5000000000000009 -0.015821629203855988 3.4914170503616337 -0.023124461993575093 0.070152912288904204 0.0030439308611676101 312.50000000000006 0.29198718070983892 0.086532656103372588 0.006724574603140355 -0.17666843533515927 0.079612292349338545 -0.08605302125215529 0.096937179565429701
decision_type=2 2 2 2 2 2 10 2 2 2 2 2 2 1 2 2 2 2 2 2 2 2 10 2 2 2 2 2 2 2
left_child=-1 -2 10 4 -4 -6 7 8 -5 -8 11 14 13 -13 23 -16 -17 22 -19 21 -21 -20 -18 28 25 26 -25 -27 -3 -26
right_child=1 2 3 6 5 -7 9 -9 -10 -11 -12 12 -14 -15 15 16 17 18 19 20 -22 -23 -24 24 29 27 -28 -29 -30 -31
leaf_value=0.063460750298573496 0.080957932366180194 0.10210377807376458 -0.017543511733224822 0.079155956180384374 0.10593364394084166 0.0029462529699987804 -0.064700457107554746 -0.0085184386881194795 -0.086133163885621006 0.096027446804836852 0.079834188278848112 0.09177801780432393 0.12535614671890141 -0.069555220158697029 0.1025593103703739 -0.10552672103404173 -0.027978102135023553 0.10394270799756862 0.045987608695931527 0.091659953709272046 -0.12987712476127042 -0.12952720668830106 0.079262830198871342 0.11994983245137432 0.10062481507897801 0.086221220997566142 0.061718290158909096 -0.016329687441852009 0.088454622524413884 0.017710060083543418
leaf_weight=524.00720648542301 2346.8724840218224 297.01980416716128 9.4035326615612593 31.206570427520774 9.340665926120435 4.8376577470094153 1.2217627551744943 6.377000055026655 1.5086185682125677 77.488707869144719 236.70450953749469 26.586828770405646 57.727452706245913 2.0123753815405534 379.78885936403663 1.3622968277913958 6.1224698644982691 73.767843215674247 2.3608550849385237 19.27810960826719 0.84526991324128076 2.232907069970679 5.3103115551057272 14.554411090597567 211.5500662766226 341.73362247090699 174.34459312444778 3.6827325445228771 608.31410874199742 5.2879822336799398
leaf_count=39450 137232 20306 1307 1396 508 482 59 903 243 1967 12313 1587 2805 480 17022 39 371 1467 90 385 140 121 73 203 4411 8702 5256 165 41325 108
internal_value=0 0.0856139 0.0897972 0.0741714 0.0355686 0.0707942 0.081899 0.0584752 0.0715339 0.0935326 0.0906915 0.0918419 0.110471 0.0804258 0.091093 0.0981552 0.0831244 0.0854625 0.0928489 0.0597398 0.0823544 -0.0393255 0.0218333 0.0889995 0.084259 0.078438 0.066205 0.0851279 0.0929326 0.0986028
internal_weight=0 4958.84 2611.97 141.385 23.5819 14.1783 117.803 39.0922 32.7152 78.7105 2470.59 2233.88 86.3267 28.5992 2147.56 491.069 111.28 109.918 98.485 24.7171 20.1234 4.59376 11.4328 1656.49 751.153 534.315 188.899 345.416 905.334 216.838
internal_count=300916 261466 124234 6865 2297 990 4568 2542 1639 2026 117369 105056 4872 2067 100184 19708 2686 2647 2203 736 525 211 444 80476 18845 14326 5459 8867 61631 4519
cat_boundaries=0 1
cat_threshold=1
is_linear=0
shrinkage=0.1


Tree=171
num_leaves=31
num_cat=0
split_feature=86 86 83 103 83 170 116 131 185 136 70 138 68 7 86 135 212 54 198 114 209 12 209 198 130 0 124 146 7 131
split_gain=23.4971 10.7989 4.5018 4.89 3.74961 3.74832 6.53878 3.95457 4.73967 6.30683 5.98829 3.92016 4.49083 3.70606 3.57489 3.81206 3.68573 4.3493 3.47154 5.20896 3.36208 3.32916 3.287 3.28348 3.25245 3.22135 3.21651 3.16051 4.11486 4.65753
threshold=-1.0988547801971433 -0.82948100566864003 8.5000000000000018 0.072982136160135283 2.5000000000000004 0.53612041473388683 0.076474536210298552 -0.029305202886462208 -0.032283248379826539 0.0060464362613856801 9.5000000000000018 -0.0012119729071855543 37.568582534790046 0.20638945698738101 -0.57369077205657948 0.012174426112324001 -0.12400550395250319 1.0000000180025095e-35 -0.15928218513727185 0.0067989034578204164 0.11291198804974557 157.50000000000003 -0.051237914711236947 -0.15928218513727185 -0.026312608271837231 0.11882352828979494 0.085941251367330565 -0.0056483102962374679 0.13054402172565463 -0.027973135933279988
decision_type=2 2 2 2 2 2 2 2 2 2 2 2 2 10 2 2 2 2 2 2 2 8 2 2 2 8 2 2 8 2
left_child=-1 4 3 14 -2 11 7 8 9 -7 23 24 -13 -8 15 21 17 -17 19 -4 -11 26 -12 -10 -6 -18 -3 -9 29 -29
right_child=1 2 18 -5 5 6 13 27 10 20 22 12 -14 -15 -16 16 25 -19 -20 -21 -22 -23 -24 -25 -26 -27 -28 28 -30 -31
leaf_value=0.064757278488998621 0.075253444146085272 0.10077051705755274 0.078983061414542755 0.07901194635635804 0.078661827809418439 -0.038619495210433397 0.029216128480164416 0.094714759592386233 -0.02737558700357336 0.067466258235033563 0.084527270066355631 0.086897795101501571 0.06756613391786731 -0.13855087505117233 0.098764405963702673 0.066294848739267595 0.026143449582793684 -0.059528735598616767 0.099817122410290893 -0.10695023086360148 -0.13729995310570398 0.087389632913802542 -0.036245392770578207 0.096750444369204519 0.097744438815701537 0.082913424997435037 -0.088628764342498084 0.37307553448457786 0.08031988002028273 0.024455041491233592
leaf_weight=594.90045936479055 807.74503256181765 294.3549087155252 6.3009977418048475 461.63635562894206 116.60908358761907 9.7575525417387343 15.947896551387887 138.03611637731825 2.2350061615761652 19.611466198725001 3.4533583097691007 405.20398106860398 170.82936751425677 1.4352387908799631 409.06700175485093 8.6506913405744381 10.300468144088653 4.0256844245800485 485.6548235019784 1.9802692007488074 0.83602944759149878 650.41497039438514 6.4860885146981655 45.849451984386633 381.62250728539294 337.51280591277123 0.89940081541317241 0.3909027555939727 123.19490890872919 19.502838804929752
leaf_count=44424 49763 25591 632 23540 6635 1520 1047 7646 213 1111 177 21256 10221 258 17203 599 3763 273 19074 406 152 19577 578 2239 20055 13223 108 78 5935 3581
internal_value=0 0.085794 0.0901035 0.0881478 0.0807209 0.0837437 0.0753018 0.0781227 0.0596525 0.0275283 0.0763751 0.0867829 0.0811648 0.0153644 0.0906066 0.0880518 0.0793018 0.0263366 0.0987224 0.0345215 0.0590941 0.0913872 0.00571582 0.090981 0.0932782 0.0812322 0.100194 0.0839195 0.0735053 0.0313053
internal_weight=0 4939.55 2670.8 2176.86 2268.75 1461 386.737 369.354 88.229 30.205 58.0239 1074.26 576.033 17.3831 1715.23 1306.16 360.49 12.6764 493.936 8.28127 20.4475 945.669 9.93945 48.0845 498.232 347.813 295.254 281.125 143.089 19.8937
internal_count=300878 256454 123989 103877 132465 82702 24535 23230 5990 2783 3207 58167 31477 1305 80337 63134 17858 872 20112 1038 1263 45276 755 2452 26690 16986 25699 17240 9594 3659
is_linear=0
shrinkage=0.1


Tree=172
num_leaves=31
num_cat=0
split_feature=93 103 88 159 139 11 97 221 104 194 177 119 159 9 161 67 63 5 5 214 227 133 193 158 106 220 214 104 112 62
split_gain=12.5684 8.59342 4.81953 4.25428 4.08497 3.99693 3.48755 3.25633 3.18868 3.17345 3.17308 4.91456 4.58074 4.18898 4.76707 3.45508 3.42675 3.23061 3.89081 3.42968 3.15434 3.13287 3.71188 5.67868 3.85462 3.10857 3.43029 4.30572 3.90888 3.68034
threshold=0.18084443360567096 0.11756138876080514 0.70703160762786876 0.68773260712623607 0.049511827528476722 0.012007002253085377 0.040092358365654952 0.12002514302730562 -0.12912817299365995 -0.056119300425052636 0.19017428159713748 -0.050567859783768647 0.18207092583179477 0.015000374987721445 4.4427990913391122 0.8883146643638612 0.5599481761455537 0.090593434870243086 0.14763493090867999 -0.038011681288480752 -0.089688647538423524 0.0058056535199284562 -0.11188736930489539 0.22500000149011615 -0.017656313255429264 0.10974824428558351 -0.06914783269166945 -0.025693720206618306 -0.035185227170586579 1.0000000180025095e-35
decision_type=2 2 2 2 2 8 2 2 2 2 2 2 2 8 2 2 2 8 10 2 2 2 2 2 2 2 2 2 2 2
left_child=1 2 6 4 7 -3 -1 -2 9 -5 16 12 -12 14 -14 -13 -4 19 20 -18 -19 22 23 -17 -25 26 27 28 -7 -30
right_child=3 5 10 8 -6 25 -8 -9 -10 -11 11 15 13 -15 -16 21 17 18 -20 -21 -22 -23 -24 24 -26 -27 -28 -29 29 -31
leaf_value=0.089472981699978721 0.079749801950559154 0.098637588811354343 0.086082582606415992 0.075509811971789118 0.021645246028249122 0.10769757143270323 0.1042970435547904 0.11539672262722778 0.070426225980010221 0.031500029355220664 -0.04791024019369635 0.013919036183276889 0.046035844712033411 0.072694090551644136 -0.1174666925371186 -0.11166242907416578 0.073565164528379107 -0.057623718697213867 -0.070481356070832266 -0.013237663086627697 0.095258693311861667 0.099761540639067253 0.077483291309918823 -0.15922424687189868 0.088162951405935344 0.098228513855264973 0.07352636586618877 -0.00085894115886101126 0.029279259804630205 0.088140170151194783
leaf_weight=1892.1465954196556 445.60865898886186 64.192326747105767 1405.4675808224936 25.924280783422205 11.565039812616531 14.23094251919383 173.23297396570979 27.189819952885273 497.56123374109245 44.524841760452091 5.1323432999795378 7.7379431826365694 5.1613984547775535 26.158667223446173 2.7244953247125636 2.6752691961153214 8.3095313155872095 1.4197382255251856 1.6439571182602311 10.065633735674565 27.303190528959021 63.843542204711525 97.514126141457723 0.70636577851291793 5.8132443359393164 42.924111354382376 458.80148478443107 13.389067391637807 33.162850515455943 15.628883765922863
leaf_count=93501 33816 12062 76256 1314 1862 588 8264 1716 25498 2608 331 1187 212 924 409 438 519 85 421 1136 1169 2773 5257 125 229 1809 22521 1105 2319 653
internal_value=0 0.085649 0.0874855 0.0734782 0.0803635 0.0749643 0.0907163 0.0817998 0.0676069 0.047695 0.0834938 0.0722275 0.0401579 0.0534345 -0.0104526 0.0792744 0.0851786 0.0591119 0.0791384 0.0260159 0.0877019 0.0822395 0.0717562 0.0110187 0.0613598 0.0723358 0.0702592 0.0506421 0.0615835 0.0481335
internal_weight=0 4379.39 3737.06 1052.37 484.364 642.33 2065.38 472.798 568.01 70.4491 1671.68 217.467 39.1769 34.0446 7.88589 178.29 1454.21 48.7421 30.3669 18.3752 28.7229 170.553 106.709 9.19488 6.51961 578.137 535.213 76.4117 63.0227 48.7917
internal_count=301107 234293 193236 66814 37394 41057 101765 35532 29420 3922 91471 11885 1876 1545 621 10009 79586 3330 1675 1655 1254 8822 6049 792 354 28995 27186 4665 3560 2972
is_linear=0
shrinkage=0.1


Tree=173
num_leaves=31
num_cat=0
split_feature=86 86 129 207 120 8 76 5 13 171 7 156 145 134 170 144 221 154 195 153 99 159 171 159 33 230 157 227 221 144
split_gain=26.9876 11.6332 3.74271 3.63126 3.38116 3.04675 2.93596 4.01926 3.62836 4.36215 3.71381 3.83552 4.16263 3.36519 3.29563 3.27156 2.98083 3.2703 3.13089 3.0085 2.84897 2.83843 2.81913 2.80962 2.88074 3.05596 2.80494 2.88312 11.2689 2.78922
threshold=-1.1157679557800291 -0.83693176507949818 0.0081555866636335867 0.056394327431917197 0.023415917530655864 0.046711301431059844 0.08842144533991815 0.16568627953529361 0.070988629013299956 -0.03639672510325908 0.1756822615861893 0.26209992170333868 -0.0010331748053431509 -0.031451804563403123 0.50345236063003551 -0.0093547659926116449 -0.056046791374683373 -0.043845079839229577 0.13526775687932971 0.04424699395895005 -0.10154934227466582 0.035799929872155196 -0.14353854209184644 0.10830465704202653 1.0000000180025095e-35 -0.075028028339147554 0.3600126206874848 0.11881510168313981 0.04706134274601937 0.0041395493317395457
decision_type=2 2 2 2 2 8 2 10 8 2 10 2 2 2 2 2 2 2 2 2 2 2 2 2 2 2 2 2 2 2
left_child=4 -2 29 5 21 -4 7 16 9 10 11 12 13 -8 -15 22 18 -18 19 -7 -10 -1 -12 -13 -25 -26 27 -23 -29 -3
right_child=1 2 3 -5 -6 6 8 -9 20 -11 15 23 -14 14 -16 -17 17 -19 -20 -21 -22 26 -24 24 25 -27 -28 28 -30 -31
leaf_value=-0.042170183188928623 0.080353605265580441 0.095603867255591266 -0.062355270144224921 0.093795566269819192 0.077277463015659603 0.10694037265372339 -0.12376688484987575 0.037169523333152571 -0.091567129823415305 0.086238453035483748 -0.053379944212560232 0.14309629312552791 -0.028309353069514216 0.093519455797025239 -0.020188119855713681 -0.049415976087952763 -0.023859707551201419 0.082838497157802102 0.015007113701815936 -0.12784564744954882 0.089631564571938743 -0.043309645932235623 0.078709156511402534 0.081935710265663333 0.11063394815646513 -0.084713597650227276 0.058717525701278056 -0.053436278396039198 3.0024586774406044 0.087767997377083837
leaf_weight=2.8539879783264714 2250.9610651296116 1150.4240168343649 1.5037826117696784 278.01732346398444 106.20190442725323 94.676794758082451 0.96373776777864151 16.836700987795211 0.87940847501522412 33.819169654519555 2.220655777986849 5.8499097103813282 8.768541363117949 11.812135426358052 3.2503344937103966 7.305990483099321 2.9037345138776791 267.80926117096294 3.9752736949026248 0.54892987243601865 65.268120000381487 3.4930132096791335 5.9319062670551812 16.439599326326974 1.2215033438114917 2.3252196157663994 392.53566710882046 0.056846131985480386 0.01531900895133731 750.68585389889358
leaf_count=971 132666 52262 835 10736 6885 3404 136 1900 106 2498 313 81 1094 611 447 777 217 12648 498 48 2663 3905 375 533 40 175 27547 172 42 36299
internal_value=0 0.0856773 0.0900613 0.084469 0.0614207 0.0797912 0.0801779 0.0849532 0.069056 0.0570283 0.042081 0.0551794 0.0270838 0.0573915 0.0689825 -0.000819986 0.0871281 0.081694 0.101957 0.105587 0.0872226 0.0571996 0.0427297 0.0821425 0.0643016 -0.0174352 0.0579156 -0.0303839 0.59526 0.0925097
internal_weight=0 4984.4 2733.44 832.328 505.157 554.311 552.807 386.751 166.056 99.9087 66.0895 50.631 24.7947 16.0262 15.0625 15.4586 369.914 270.713 99.201 95.2257 66.1475 398.955 8.15256 25.8362 19.9863 3.54672 396.101 3.56518 0.0721651 1901.11
internal_count=300884 261362 128696 40135 39522 29399 28564 18715 9849 7080 4582 3117 2288 1194 1058 1465 16815 12865 3950 3452 2769 32637 688 829 748 215 31666 4119 214 88561
is_linear=0
shrinkage=0.1


Tree=174
num_leaves=31
num_cat=0
split_feature=86 86 17 86 12 160 4 70 136 11 125 108 43 140 1 120 101 179 220 95 183 181 206 205 90 220 208 115 211 166
split_gain=28.0792 9.17005 4.67875 4.13309 3.72629 3.30306 3.64285 3.83947 3.74575 4.18633 3.44561 3.35997 3.58296 3.7832 3.25185 3.2615 3.229 3.79926 3.22716 3.19863 3.16608 3.12263 3.12094 4.97612 3.1048 7.54334 4.74361 4.61658 4.81233 3.94881
threshold=-1.0720092654228208 -0.6793040633201598 20.500000000000004 -1.1817154288291929 1.0000000180025095e-35 1.0000000000000002 0.074304118752479567 1.5000000000000002 -0.025871706195175644 0.058158472180366523 0.041040737181901939 -0.050039749592542641 1.0000000180025095e-35 0.044017883017659194 0.15287244319915774 0.060075422748923309 0.061967497691512115 -0.099344849586486803 0.14353767782449725 -0.29262648522853846 -0.23453328013420102 -0.1123819127678871 -0.027050190605223175 0.085646107792854323 1.5723809599876406 0.044035581871867187 0.040003204718232162 0.03760278411209584 0.051469357684254653 0.9533214569091798
decision_type=2 2 2 2 8 2 8 2 2 10 2 2 2 2 10 2 2 2 2 2 2 2 2 2 2 2 2 2 2 2
left_child=3 2 4 14 -2 6 11 -8 9 -9 -11 12 13 18 15 16 -1 -18 -6 -10 -21 -17 -4 -24 25 26 27 -7 29 -29
right_child=1 -3 22 -5 5 24 7 8 19 10 -12 -13 -14 -15 -16 21 17 -19 -20 20 -22 -23 23 -25 -26 -27 -28 28 -30 -31
leaf_value=0.050879672749835819 -0.10398867116098315 0.094247094929544611 0.12648728350443059 0.071869091608291635 0.11547026538912182 0.10446391687167611 -0.090368780214362177 0.10153413588446812 0.12497030522238334 0.05682347526642232 -0.11909749179139917 0.088668159133589317 0.014984865456467312 0.010847466250325257 -0.043246485261118364 -0.088975422076056063 -0.079485934396752958 0.089980760956669945 -0.038240563033945178 0.048399646006818772 0.081633094735742373 0.10486667586205656 0.095086019879364159 -0.071432734923154925 0.080654898311630085 -0.028042605053190117 0.013911424139662554 -0.10722198733623099 0.10366936880811495 0.077038923093523864
leaf_weight=245.36542419215493 1.0591176394036654 1172.8868344702087 42.820934147243861 433.78368442899205 109.62378651043309 33.288892852683432 1.2758736591993045 151.99469889760394 16.674211853084216 7.8338982586583352 1.2977888673290179 650.02819496322513 4.0898542732106753 3.7060990794525415 3.2233487620367205 0.86836534312806435 1.3769953579849232 33.680435223894165 1.3831095523005377 29.315973376726333 1293.5515662396217 19.336198061612322 28.665356115772287 1.9144394100185298 1209.9558059381172 8.7959486014026975 11.187013961720366 3.2414902241295049 4.2060428108761698 1.8138733370446969
leaf_count=20187 8575 51589 1212 29636 5728 2219 76 4784 765 610 146 38217 563 351 1326 185 339 1908 170 2125 51728 919 1232 256 71401 1868 1434 609 198 52
internal_value=0 0.0865632 0.0840721 0.0656042 0.0835545 0.0836106 0.0858962 0.0830305 0.083178 0.0975832 0.0318217 0.0914943 0.106958 0.110237 0.0566604 0.0577316 0.0549358 0.0833244 0.113555 0.0814452 0.0808966 0.0965356 0.109062 0.0846612 0.0795319 0.057804 0.0718557 0.08709 0.0246418 -0.0411088
internal_weight=0 4790.61 3617.72 737.634 3544.32 3543.26 2270.78 1501.94 1500.67 161.126 9.13169 768.831 118.803 114.713 303.851 300.627 280.423 35.0574 111.007 1339.54 1322.87 20.2046 73.4007 30.5798 1272.49 62.5333 53.7373 42.5503 9.26141 5.05536
internal_count=300408 245908 194319 54500 191619 183044 105263 60234 60158 5540 756 45029 6812 6249 24864 23538 22434 2247 5898 54618 53853 1104 2700 1488 77781 6380 4512 3078 859 661
is_linear=0
shrinkage=0.1


Tree=175
num_leaves=31
num_cat=0
split_feature=93 88 103 197 63 104 119 215 93 157 170 75 75 189 205 83 3 186 108 3 9 161 71 81 189 118 220 201 204 207
split_gain=14.2345 9.13109 5.47852 4.35039 4.79808 4.09756 3.81015 4.05543 3.67534 4.97903 5.75227 3.92687 4.39998 4.08722 3.50745 5.3431 3.49096 3.35328 3.71123 6.38614 3.71684 3.59848 4.15764 3.3368 3.32609 4.00597 3.88893 3.79684 4.09116 4.94554
threshold=0.30615940690040594 0.72252488136291515 0.12912379205226901 -0.039116291329264634 -0.40591825544834131 -0.06681616976857184 0.020005326718091968 -0.082957334816455827 -0.08605302125215529 0.59515219926834118 0.57068678736686718 0.2806250005960465 0.22514811903238299 0.092421222478151335 -0.098236143589019762 7.5000000000000009 0.11167800426483156 0.088949203491210951 -0.015048969071358441 0.20667408406734469 0.024742373265326027 3.0947800874710087 0.084039550274610533 0.16961342096328738 0.10956604033708574 0.022733108140528206 -0.02243934944272041 0.013218697160482408 -0.04525413550436496 -0.086850237101316438
decision_type=2 2 2 2 2 2 2 2 2 2 2 2 2 2 2 2 8 2 2 10 10 2 2 2 2 2 2 2 2 2
left_child=1 5 3 6 -5 -1 -3 -8 -7 10 11 12 16 -14 15 -9 23 -2 19 21 -20 -19 -23 -10 27 -26 -27 -4 -29 -30
right_child=17 2 24 4 -6 8 7 14 9 -11 -12 -13 13 -15 -16 -17 -18 18 20 -21 -22 22 -24 -25 25 26 -28 28 29 -31
leaf_value=0.081882741805560919 0.07087743923734631 0.079378530649028695 0.081731881655684901 0.10741501999174857 0.083757178293570059 0.095935014017009893 0.097184024108409484 0.039690985763219527 0.1101822101180378 0.094103225797997153 0.031313431157773908 0.14064473543993597 -0.035495410132696907 0.10444759582762629 0.060048922381552072 -0.09073011607624154 0.081649229887943056 -0.08218887629375965 0.053608064668028921 -0.087256782824061269 0.13676345659423414 0.072716677697223481 -0.10555159949318647 -0.072292203188238965 0.066487912668091134 -0.094296272763256861 0.027694570418078469 0.080408614062146305 0.088931529416649821 0.024658066159576952
leaf_weight=668.25031382756424 381.38748299558961 446.691672203135 143.83514261393049 92.79278563307048 1125.8171215272712 863.35840402543727 23.741924230069571 15.192401965106514 57.900893817201251 655.79526775739214 21.530564168596584 11.931888526625469 5.9166696331219537 3.2243579819842125 85.918395548422779 3.9599912330093039 679.26585107013591 2.0841779364302573 53.375752316230887 4.8459136514607044 5.9771046322005068 15.08357149982851 1.4325231254524613 1.0197842216929007 18.986832457301261 3.5731813943673396 9.7269482572637536 43.872512069127197 15.966460313996775 47.846752934347194
leaf_count=36743 25824 24278 8435 4208 62121 38005 1481 1141 14196 7795 5521 783 760 208 7913 285 43127 251 3227 1064 855 1486 183 486 1593 513 850 2283 924 4828
internal_value=0 0.0852165 0.0801324 0.0821746 0.0855586 0.0887757 0.0750091 0.0598571 0.0907785 0.0876795 0.0822841 0.0837295 0.0828207 0.0138673 0.0514226 0.0127248 0.0836746 0.0669172 0.0486758 0.0149912 0.0619822 0.0416298 0.0572546 0.107024 0.0672223 0.0370069 -0.0050792 0.071101 0.0569013 0.0407397
internal_weight=0 5046.12 2077.92 1794.11 1218.61 2968.19 575.504 128.813 2299.94 1436.59 780.79 759.259 747.328 9.14103 105.071 19.1524 738.187 464.187 82.799 23.4462 59.3529 18.6003 16.5161 58.9207 283.808 32.287 13.3001 251.521 107.686 63.8132
internal_count=301367 268477 120853 101427 66329 147624 35098 10820 110881 72876 65081 59560 58777 968 9339 1426 57809 32890 7066 2984 4082 1920 1669 14682 19426 2956 1363 16470 8035 5752
is_linear=0
shrinkage=0.1


Tree=176
num_leaves=31
num_cat=0
split_feature=86 86 86 17 227 10 212 216 188 77 152 75 161 194 133 127 194 13 119 197 13 133 115 90 175 157 200 151 128 191
split_gain=26.2158 8.67699 4.78346 3.26542 4.70067 3.86101 3.80155 3.36879 3.51846 4.30939 4.02975 3.54215 3.20492 3.16254 4.801 7.21986 3.7541 5.2284 3.68208 3.57475 3.52708 3.36764 3.25663 3.07407 3.52698 4.09537 4.20066 4.18419 5.76039 4.6659
threshold=-0.92568716406822193 -1.1157679557800291 -0.6793040633201598 7.5000000000000009 0.060994589701294906 127.50000000000001 0.16501245647668841 -0.12714811414480207 0.055594742298126228 0.013423423748463394 0.03425248712301255 0.048583790659904487 4.6016681194305429 0.07538271322846414 0.040201999247074134 -0.015309241134673355 0.098593074828386321 0.054079741239547736 0.014830331318080427 -0.056484971195459359 0.020654105581343177 0.02143164444714785 0.021559413522481922 2.1713132858276372 0.032867794856429107 0.50741708278656017 0.015396646689623596 -0.0091917971149086935 0.055807622149586684 -0.13137666881084439
decision_type=2 2 2 2 2 8 2 2 2 2 2 2 2 2 2 2 2 8 2 2 8 2 2 2 2 2 2 2 2 2
left_child=1 -1 3 7 6 -6 -5 8 -2 11 -11 -10 -7 -4 16 -16 17 18 -15 -17 -20 -19 -23 24 25 26 27 29 -29 -9
right_child=2 -3 13 4 5 12 -8 23 9 10 -12 -13 -14 14 15 19 -18 21 20 -21 -22 22 -24 -25 -26 -27 -28 28 -30 -31
leaf_value=0.062697168539968304 0.10810687756764369 0.077951849591527664 0.096501478631509985 0.09685304727385835 -0.032908552358463523 0.075119292258777781 -0.0076175563347004932 0.11738435327082584 0.03154066104492919 0.10408885853591328 -0.038434512338308927 -0.15964063991056496 -0.13067637872169083 0.11173912006190796 -0.095835735346399956 -0.080860908867618625 0.093337627726585992 -0.013334731173186443 0.15322476762071174 0.08854975857042402 0.012298363795504929 -0.0085098487831185825 0.16665500656036272 0.090341514361724953 0.093442803844956526 0.081005743922787227 0.044831312205952122 0.096199988834320752 -0.033438741553911799 0.025827319631385917
leaf_weight=515.90723206433813 102.18333588803375 1344.9300695545362 889.14302971396023 457.62022091450501 3.85954126580907 42.61328034204621 3.5098637853561732 7.1898033844840965 5.1314687967819763 19.208547156715102 2.212320496088295 1.1947571069830472 0.7704187451386123 19.728392707095512 3.5371829564855934 1.421621417996447 198.30803701020659 11.469550675147273 2.210941100631314 10.057244207300753 9.0267095856056585 1.8817541838575369 2.4346116694123339 421.70698448890585 185.20838624103044 1032.6503745417635 67.213123939707202 70.235412933394173 3.6033849368832298 24.64703919340036
leaf_count=39568 3774 83315 39338 19256 1978 1975 310 916 340 708 199 233 71 1375 189 232 8304 822 477 530 406 99 42 22125 10812 29578 15096 11778 1094 6189
internal_value=0 0.0737226 0.0883412 0.085845 0.09298 0.0629379 0.0960579 0.0839776 0.0995318 0.0679525 0.0893692 -0.00456542 0.0714647 0.0936643 0.0839648 0.0290772 0.087328 0.061837 0.0857138 0.0675688 0.0400248 0.0149997 0.0902905 0.0828625 0.0805947 0.0786209 0.0643763 0.0768076 0.0898735 0.0465039
internal_weight=0 1860.84 3599.98 2450.76 508.373 47.2432 461.13 1942.38 129.93 27.7471 21.4209 6.32623 43.3837 1149.22 260.076 15.016 245.06 46.752 30.966 11.4789 11.2377 15.7859 4.31637 1812.45 1390.75 1205.54 172.889 105.676 73.8388 31.8368
internal_count=301129 122883 178246 126432 23590 4024 19566 102842 5254 1480 907 573 2046 51814 12476 951 11525 3221 2258 762 883 963 141 97588 75463 64651 35073 19977 12872 7105
is_linear=0
shrinkage=0.1


Tree=177
num_leaves=31
num_cat=0
split_feature=86 86 86 93 158 94 153 133 170 5 150 155 10 218 103 194 109 211 157 138 105 185 9 230 143 206 181 121 97 222
split_gain=26.9036 13.451 5.08818 4.0726 3.73551 4.11789 4.03646 3.9548 4.14633 3.70073 3.65887 3.64809 3.71254 3.76533 3.48611 3.33604 3.64841 3.30993 3.30183 4.89523 3.95551 4.3157 4.43297 3.52767 3.42511 3.11149 3.10212 3.09203 3.3798 3.07754
threshold=-0.83693176507949818 -1.1817154288291929 -0.57369077205657948 0.19220163673162463 0.18333333730697635 -0.14931194484233853 -0.0086873788386583311 0.032688260078430183 0.55425468087196361 0.17785793542861941 0.029524542391300205 1.0000000180025095e-35 160.50000000000003 0.025145905092358593 0.080946877598762526 -0.086379423737525926 0.0094428858719766157 -0.091718908399343477 0.54565876722335827 -0.051512876525521271 -0.010427900590002535 0.019303398206830028 0.019505884498357776 0.05044971406459809 -0.040763990953564637 0.067420762032270445 0.23666864633560183 -0.0059578972868621341 0.033757969737052924 0.054400494322180755
decision_type=2 2 2 2 2 2 2 2 2 10 2 2 8 2 2 2 2 2 2 2 2 2 8 2 2 2 2 2 2 2
left_child=1 -1 4 -3 5 -2 11 9 10 18 17 -7 -13 15 -4 -14 -17 -9 19 -8 21 22 23 -21 -24 27 -19 -11 -29 -16
right_child=2 3 14 -5 -6 6 7 8 -10 25 -12 12 13 -15 29 16 -18 26 -20 20 -22 -23 24 -25 -26 -27 -28 28 -30 -31
leaf_value=0.056458883435633336 0.018643169426350987 0.081127784028079963 0.10133591051634933 0.071641713731804016 0.090209162515717353 0.04617134638662676 -0.12248526017815167 -0.11488406621641606 -0.028602725604529505 -0.057940460589845838 -0.1045134608944986 0.11567118512654945 0.091459676558998768 0.096707167863082172 0.080912145265916099 -0.055365404298633215 0.049638055850791292 0.13841868557668657 0.093484555549965209 0.11188843815279136 0.089963860362414785 0.013153869378540404 0.17841960445705449 -0.012171536455739968 -0.039751500201749938 -0.094527877619585143 -0.04666934167084745 0.077562403723720752 0.42178833650428366 -0.017628515722925255
leaf_weight=304.7988691006035 10.691239930382151 1808.5822866392241 509.81775423272529 603.63985222048041 1727.3618952459337 53.299499532285267 1.2899041177979587 0.54523013780953888 1.8446506899238091 1.6055460061486426 0.68058978940530224 21.281868933319515 6.7635192201660201 18.176358497828005 51.883908461031751 5.7084885774761442 7.8722436921098051 33.654209601041202 171.94918734668454 18.800570816217942 61.527120267427456 18.07128786983958 0.85633890991812212 2.6102832347733047 4.5058586974110986 2.0091025350766358 0.93056730834905366 2.7301475588969875 0.3185131327190901 3.375562755955797
leaf_count=24901 1340 107636 20440 39601 72829 4653 328 125 338 652 235 2018 316 666 1999 522 478 1235 3743 1957 7855 3354 29 486 1625 599 121 703 53 476
internal_value=0 0.0762529 0.0902957 0.078754 0.0880993 0.0799593 0.0814593 0.0871381 0.117604 0.0831307 0.125135 0.0651951 0.0821501 0.0636304 0.09875 0.0340784 0.00550118 0.129584 0.0848859 0.0711527 0.0735009 0.0509134 0.0764003 0.0967638 -0.00490974 0.00947872 0.133439 0.0543757 0.113526 0.0748927
internal_weight=0 2717.02 2740.16 2412.22 2175.08 447.722 437.031 323.929 37.6552 286.274 35.8106 113.102 59.8025 38.5206 565.077 20.3443 13.5807 35.13 279.611 107.661 106.371 44.8443 26.7731 21.4109 5.3622 6.66331 34.5848 4.65421 3.04866 55.2595
internal_count=301313 172138 129175 147237 106260 33431 32091 23438 2054 21384 1716 8653 4000 1982 22915 1316 1000 1481 19377 15634 15306 7451 4097 2443 1654 2007 1356 1408 756 2475
is_linear=0
shrinkage=0.1


Tree=178
num_leaves=31
num_cat=0
split_feature=93 88 81 171 63 66 209 210 126 162 63 190 170 142 154 7 163 4 90 68 196 80 133 112 1 129 159 223 156 206
split_gain=19.9077 9.88077 5.63127 4.52733 4.16415 5.47998 4.49249 4.90969 8.06655 4.53102 4.21721 4.36954 4.15857 4.10532 3.81536 3.66264 5.61045 6.37838 4.88232 4.27062 4.22793 4.25284 4.10453 4.02139 3.9363 3.82164 3.75058 3.49491 3.43998 3.4334
threshold=0.18084443360567096 0.81454268097877514 0.073128342628479018 -0.11751042678952216 0.051160620525479324 10.105361938476564 -0.059600109234452241 0.023217858746647838 -0.042700558900833123 151.31420898437503 0.33389289677143102 -0.099878516048192964 0.58950042724609386 0.014414835255593063 -0.031601218506693833 0.189422182738781 0.28875008225440985 0.091372914612293257 2.8144881725311284 37.56787300109864 0.12634257972240451 0.10551619529724122 -0.039525609463453286 -0.050120176747441285 0.020204081200063232 0.043140865862369544 0.42627896368503576 0.16293354332447055 0.060737812891602523 -0.087137296795845018
decision_type=2 2 2 2 2 2 2 2 2 2 2 2 2 2 2 8 2 8 2 2 2 2 2 2 8 2 2 2 2 2
left_child=1 2 4 12 -1 6 7 10 -9 -10 28 -12 -2 -4 -5 -8 18 26 19 22 25 -22 24 -24 -17 -21 -18 -25 -6 -3
right_child=3 29 13 14 5 -7 15 8 9 -11 11 -13 -14 -15 -16 16 17 -19 -20 20 21 -23 23 27 -26 -27 -28 -29 -30 -31
leaf_value=0.093377293819668306 0.089352043441093223 0.087427333284695527 0.080610039405996148 0.055899773521668118 0.16374372073170484 -2.1137382727486362e-05 0.094715389883418877 -0.10982025779666148 0.04494669164969279 0.13708699056365878 -0.11587981739998821 0.056081591742387971 0.026635956671210537 0.093215928357013603 0.07200120698091797 0.11424582912852971 0.10814778308881033 -0.027103410156446156 -0.083683676235328727 0.07834109458857276 -0.075293885840929498 0.078004458842102498 0.042792281037703044 0.11007551200835747 -0.063022284616139887 -0.099661347941266368 -0.075517723336320675 -0.12390713857020152 0.086152154016942123 0.054600024457276214
leaf_weight=1804.6651306924409 176.00532881967274 42.863899063747112 1287.6536703068839 189.48543760361235 6.0235667439775389 7.510163631296904 460.17102025281019 3.1105970562873599 43.881314015480257 6.0759773409048412 1.5719367236138193 24.637565557859261 11.248391183521674 323.1866045203808 658.93275085097764 2.153415670022695 8.8660170764794675 10.122758548230648 1.7199682937034584 87.083726128821354 3.8627204378603883 3.4048785596273774 10.242180138597631 99.59868372830897 2.9946008485212587 1.2230788099332119 1.2712635282042573 0.6424830711107451 111.11576975082062 124.11410052295582
leaf_count=84408 18464 2543 72338 12016 1112 3365 20275 410 3116 306 205 1571 1557 18192 34771 158 1200 2984 187 3662 212 178 757 3097 277 52 827 101 3619 9454
internal_value=0 0.086895 0.0878191 0.0715113 0.0906091 0.0850417 0.0857596 0.0724093 0.0464245 0.0561531 0.0820289 0.0457681 0.0855847 0.0831392 0.0684051 0.0895416 0.0793315 0.0290461 0.0841162 0.0854827 0.0698419 -0.00347343 0.0984106 0.102477 0.011129 0.0758757 0.0851152 0.108576 0.0901421 0.0630269
internal_weight=0 4479.77 4312.79 1035.67 2701.95 897.284 889.774 196.417 53.0679 49.9573 143.349 26.2095 187.254 1610.84 848.418 693.357 233.186 20.26 212.926 211.206 95.5744 7.2676 115.631 110.483 5.14802 88.3068 10.1373 100.241 117.139 166.978
internal_count=301414 234606 222609 66808 132079 47671 44306 10339 3832 3422 6507 1776 20021 90530 46787 33967 13692 5011 8681 8494 4104 390 4390 3955 435 3714 2027 3198 4731 11997
is_linear=0
shrinkage=0.1


Tree=179
num_leaves=31
num_cat=0
split_feature=86 86 86 93 157 138 67 148 3 73 193 188 144 139 67 94 106 166 103 9 69 197 133 197 152 3 86 2 56 2
split_gain=27.6603 12.8697 5.13785 3.99831 3.38222 3.30014 5.38671 4.14814 4.51084 4.56757 4.84944 4.48318 3.89905 3.54304 3.46184 5.38803 5.86188 5.64406 5.23503 4.75352 3.4008 3.38449 3.87873 3.35103 3.34401 3.33316 3.29029 3.2296 5.69095 11.3812
threshold=-1.1157679557800291 -0.83693176507949818 -0.57369077205657948 0.36477671563625341 0.62362465262413036 -0.010814380366355179 0.46643319725990301 -0.036791617050766938 0.20114503800868991 0.33602151274681097 -0.014006961602717636 0.20183346420526507 0.0032519787782803182 -0.055435040965676301 0.9417310655117036 0.019229571335017685 -0.033055149018764489 0.6323983669281007 0.15896063297986987 0.0068610836751759061 2.168073415756226 -0.048871904611587517 -0.01251254742965102 0.19945939630270007 0.031924827024340637 0.28869047760963445 -1.2518978118896482 0.087595909833908095 1.0000000180025095e-35 0.067874692380428328
decision_type=2 2 2 2 2 2 2 2 8 2 2 2 2 2 2 2 2 2 2 8 2 2 2 2 2 10 2 10 2 8
left_child=26 3 -3 4 5 6 24 11 9 10 13 20 -13 -9 15 17 -17 18 -8 -20 -7 22 -12 -15 -2 -16 -1 28 -10 -30
right_child=1 2 -4 -5 -6 7 14 8 27 -11 21 12 -14 23 25 16 -18 -19 19 -21 -22 -23 -24 -25 -26 -27 -28 -29 29 -31
leaf_value=0.04962003737094222 0.15897180541287398 0.088533338277960061 0.099260195758618247 0.065267652131063919 0.088573598155661362 -0.022914961609768358 -0.026511898529195367 -0.13156512044247784 0.071844909901229118 0.14290515103428508 -0.0099376508576627942 -0.11232356576037827 0.11949841140291838 0.090832887677559621 0.083252790347558128 0.080389318658883172 -0.011421454520146231 0.097143766653815064 0.60298325130949693 0.022578075826871713 0.09254439146256066 0.073874279128541526 0.059072884797456864 -0.02637507776620672 0.068796488444278617 0.10729764549150343 0.06701557606738065 0.040999781811238221 -0.078238370863748019 0.072127438385151829
leaf_weight=159.15446354956737 15.431251656219503 2163.0838944483512 562.66317618008225 159.40762872912046 533.15172844275367 2.5866661021029236 6.3200761394984388 0.72805357706738405 303.4383896688384 11.172378628965587 10.780025823650361 2.0244070308235673 1.1307737380063825 203.16147652235929 424.15278308464798 12.410364968230171 15.817939397253552 42.857754480073481 0.2620774216202334 0.30570845786178324 185.4069298798982 143.63402668073991 33.31129198413015 2.4689384950929698 5.6064784746125715 66.720346310114223 343.20743068107288 50.079421414145145 7.7629958104701045 14.317642895780635
leaf_count=14896 436 106226 22941 11294 6153 508 1858 86 22164 1701 1974 211 126 13398 28076 853 1823 1694 84 136 11602 11218 3007 379 756 5664 24679 4754 1384 1256
internal_value=0 0.0861245 0.0907476 0.0805349 0.0816965 0.079349 0.0852496 0.0757681 0.072536 0.0798531 0.0780655 0.0889717 -0.0292417 0.0886459 0.0834118 0.0638384 0.0289425 0.0836403 -0.000381339 0.29048 0.0909557 0.066435 0.0422003 0.0894256 0.13494 0.086521 0.0615045 0.0646411 0.0682781 0.0192626
internal_weight=0 4980.19 2725.75 2254.45 2095.04 1561.89 589.885 972.003 780.855 405.256 394.084 191.149 3.15518 206.358 568.847 77.9739 28.2283 49.7456 6.88786 0.567786 187.994 187.725 44.0913 205.63 21.0377 490.873 502.362 375.598 325.519 22.0806
internal_count=301337 261762 129167 132595 121301 115148 41380 73768 61321 31763 30062 12447 337 13863 40188 6448 2676 3772 2078 220 12110 16199 4981 13777 1192 33740 39575 29558 24804 2640
is_linear=0
shrinkage=0.1


Tree=180
num_leaves=31
num_cat=0
split_feature=86 86 104 93 184 74 230 229 163 142 172 157 219 17 215 101 197 204 10 140 109 206 121 127 86 129 174 106 158 204
split_gain=26.6909 12.1937 4.806 4.32406 4.03492 3.46516 4.46807 4.48137 3.51575 3.41599 3.48307 3.29938 3.29419 3.56313 3.54026 4.05732 3.5241 3.23979 3.33287 4.55545 4.19826 4.01985 3.17904 3.17201 3.15696 3.21699 3.35144 5.71384 5.40807 3.8701
threshold=-1.1157679557800291 -0.82948100566864003 -0.054226616397500031 0.36477671563625341 -0.056827260181307786 0.14389234036207202 -0.048335587605834 0.01280052959918976 -0.29657989740371699 -0.0024285018444061275 0.1073465868830681 0.44179911911487585 0.13938095420598987 9.5000000000000018 -0.064410459250211702 -0.076392199844121919 0.1115829646587372 0.16974046826362613 104.50000000000001 0.021767262369394306 -1.0000000180025095e-35 0.13482258468866351 -0.0094564547762274725 -0.024580711498856541 -0.57369077205657948 0.0096004488877952116 -0.20793911069631574 -0.0051450866740196935 0.45000000298023229 0.0071213014889508494
decision_type=2 2 2 2 2 2 2 2 2 2 2 2 2 2 2 2 2 2 8 2 2 2 2 2 2 2 2 2 2 2
left_child=-1 3 12 -2 5 11 7 -7 9 -8 -11 23 14 -14 16 17 -3 18 19 20 21 -16 -18 -4 25 -6 27 28 29 -27
right_child=1 2 4 -5 24 6 8 -9 -10 10 -12 -13 13 -15 15 -17 22 -19 -20 -21 -22 -23 -24 -25 -26 26 -28 -29 -30 -31
leaf_value=0.061543788269475708 0.081495910163353738 0.099348845153441931 0.13090974602610062 0.064437909324873727 0.089692197632827098 0.078567671985725673 0.092222547073799566 -0.030046738828102111 0.10947402979285591 0.054991021671308905 -0.071540428548446042 0.10312756617757766 0.12244597749524061 -0.030306042747689284 -0.050909197709549672 0.084962484185682488 -0.1128008286579017 -0.057656259743231103 0.0714668521297811 -0.06135867383980155 0.10170128807482846 0.44818258393606564 0.059054217359225253 0.024609242591051711 0.097942767759315374 0.013572015564869392 0.080901502707968434 0.083476771199579969 0.083409432213385842 -0.11853083296927241
leaf_weight=507.73645908640083 2145.989200313164 127.95292187637028 3.8814191916239897 159.6618388619363 733.48441211543081 9.0963852137961094 30.409522307502357 6.5225734094058216 49.76403775969743 15.771808563590641 2.5236367747847899 570.95895812035485 29.555325817452289 1.6102668814860397 3.5758017601770002 283.56027170511936 1.3263633401061268 2.083101245612851 184.00534783359285 4.5138840591163207 7.3505558294862103 0.16900729477401899 5.7115011842840877 10.142269321041452 322.70507654749395 4.6844013263094002 190.58627968301266 17.362214974147491 4.7255357243366225 4.2114358364228792
leaf_count=39581 125959 4992 1126 11380 36296 787 914 689 2891 580 83 18139 855 113 1595 14001 175 235 6502 1659 1649 45 325 5420 13237 404 10362 878 112 345
internal_value=0 0.0856224 0.0902787 0.0803147 0.0927334 0.0988414 0.082899 0.0332096 0.0907806 0.0716808 0.0375375 0.101951 0.0828294 0.114554 0.0812353 0.0772506 0.0955595 0.0664087 0.0677034 0.0233387 0.0577958 -0.0283846 0.0266662 0.0540307 0.0893917 0.0865023 0.0759427 0.0454398 -0.0030433 -0.0489676
internal_weight=0 4933.9 2628.24 2305.65 1976.83 699.071 114.088 15.619 98.469 48.705 18.2954 584.983 651.414 31.1656 620.249 485.258 134.991 201.698 199.615 15.6092 11.0954 3.74481 7.03786 14.0237 1277.76 955.054 221.57 30.9836 13.6214 8.89584
internal_count=301329 261748 124409 137339 92263 30629 5944 1476 4468 1577 663 24685 32146 968 31178 25686 5492 11685 11450 4948 3289 1640 500 6546 61634 48397 12101 1739 861 749
is_linear=0
shrinkage=0.1


Tree=181
num_leaves=31
num_cat=0
split_feature=86 86 86 93 214 97 17 154 170 79 194 223 175 209 101 137 13 110 164 226 133 107 185 10 145 230 126 107 105 184
split_gain=29.102 11.743 5.60863 3.9499 3.73193 5.59578 3.37588 3.5986 5.31075 3.92667 3.69835 4.75093 3.88617 3.69482 3.64543 3.45846 3.372 3.93789 3.30071 3.2604 3.32138 3.21543 6.18163 3.16264 4.47053 3.78298 5.41873 3.55816 3.41703 3.12218
threshold=-0.93589836359024037 -1.1529442071914671 -0.57369077205657948 0.33565798401832586 -0.17684509605169293 -0.040075786411762231 8.5000000000000018 0.024705058895051483 0.55425468087196361 0.3081014752388001 0.08163813874125482 0.10182735696434976 -0.074488345533609376 0.048355141654610641 -0.045897239819169038 0.024965332821011547 0.11785130575299264 -0.078568618744611726 0.89587974548339855 -0.089961558580398546 -0.0015448097838088868 -0.030378284864127632 0.073892723768949523 567.50000000000011 0.043263679370284087 -0.10742967203259467 -0.0071454767603427163 -0.019060571677982804 -0.0022664204007014628 -0.12345025315880774
decision_type=2 2 2 2 2 2 2 2 2 2 2 2 2 2 2 2 10 2 2 2 2 2 2 10 2 2 2 2 2 2
left_child=1 -1 6 4 5 -3 7 8 9 29 -9 12 14 18 -12 -15 -10 -18 -14 20 -5 22 -8 25 -25 26 27 -4 -28 -2
right_child=2 3 23 19 -6 -7 21 10 16 -11 11 -13 13 15 -16 -17 17 -19 -20 -21 -22 -23 -24 24 -26 -27 28 -29 -30 -31
leaf_value=0.056455243639037138 0.097186313154523668 0.0781451265381779 -0.11514439675778246 0.042857244875470407 0.079356592397503201 -0.043426693298331688 0.082934310665375724 0.081940328493654069 0.072331306606703796 0.0958778680058327 0.060758171416359356 -0.14315387348918754 -0.13707283208085583 -0.034020726178224867 -0.028099750038306337 0.14911293355279903 -0.025189007361376765 0.11361585525740703 0.079936038479239746 0.066712725610678925 -0.074791472499191686 0.096590868410502323 -0.023448248979229817 0.083466261240026318 -0.084435981586059403 0.10260033263678883 0.03104816420497691 0.1212575943740819 -0.12482816243844426 0.08327552454975945
leaf_weight=362.36718598181415 196.6156856618004 9.6779260763737494 0.68889761118339166 10.364974873351455 1198.531518850516 6.2191259690912366 48.230116560972192 462.23058385386241 308.41700015558126 592.05648584124197 10.665835776560018 1.1227754552828617 0.7069338885085007 5.4185323225369748 8.1409814656147983 1.2735848390857425 2.1788827467407819 32.986063440051566 82.044760104685338 168.83481849316422 3.122532626050087 462.37975858594427 6.1597328575942347 89.895267082315513 1.6142666201267264 440.62648201017487 4.7777953673685252 8.40016238929047 1.9929571999941798 899.40720828102053
leaf_count=29707 8974 663 139 953 73796 621 2375 24024 18560 30019 887 294 62 642 851 167 138 1106 3595 11977 418 20996 708 2337 49 19456 323 326 343 46543
internal_value=0 0.0724961 0.0881414 0.0766577 0.0787182 0.0305847 0.0865026 0.0850371 0.0870092 0.0893157 0.0780276 0.0614916 0.0636142 0.0723023 0.0222939 0.00083166 0.0756764 0.105015 0.0780822 0.0629331 0.01562 0.0938855 0.0708863 0.0974719 0.0805044 0.100873 0.05289 0.10334 -0.0148337 0.085771
internal_weight=0 1759.12 3668.03 1396.75 1214.43 15.8971 3120.03 2603.27 2031.66 1688.08 571.604 109.373 108.251 89.4438 18.8068 6.69212 343.582 35.1649 82.7517 182.322 13.4875 516.77 54.3898 547.996 91.5095 456.486 15.8598 9.08906 6.77075 1096.02
internal_count=301049 118135 182914 88428 75080 1284 159941 135862 105340 85536 30522 6498 6204 4466 1738 809 19804 1244 3657 13348 1371 24079 3083 22973 2386 20587 1131 465 666 55517
is_linear=0
shrinkage=0.1


Tree=182
num_leaves=31
num_cat=0
split_feature=86 86 86 78 216 200 128 82 213 66 24 137 69 162 5 141 34 203 145 0 186 135 112 117 94 112 200 209 135 110
split_gain=28.4221 13.3297 4.67809 3.17558 5.99275 4.63351 4.41841 3.91973 3.64447 4.23291 5.31954 4.65729 4.51826 4.01784 6.46865 4.96809 4.04082 3.8866 3.6472 3.38745 3.30381 3.29478 5.32502 5.87471 4.90943 3.97299 3.70982 3.29166 3.27064 3.22221
threshold=-0.82948100566864003 -1.1157679557800291 -0.57369077205657948 0.01183473411947489 0.11841206252574922 0.15586207807064059 -0.019376217387616631 0.01835016813129187 0.042333602905273444 5.6452765464782724 1.0000000180025095e-35 -0.020204854197800156 2.1726313829422002 52.811624526977546 0.085837088525295271 0.034429898485541351 1.0000000180025095e-35 0.22047227621078494 -0.013543903827667235 0.16282923519611361 -0.20135504752397534 -0.010953383054584263 -0.024016859009861943 0.031455343589186675 0.12161566317081453 -0.028960691764950749 -0.11430235952138899 0.019162426702678207 0.01513751642778516 -0.060783743858337395
decision_type=2 2 2 2 2 2 2 2 2 2 2 2 2 2 8 2 2 2 2 8 2 2 2 2 2 2 2 2 2 2
left_child=1 -1 -2 8 5 20 -6 29 9 -3 11 12 -11 -13 -15 16 18 21 -16 -12 -5 22 25 -24 -25 27 -27 -10 -8 -7
right_child=2 3 -4 4 6 7 28 -9 17 10 19 13 -14 14 15 -17 -18 -19 -20 -21 -22 -23 23 24 -26 26 -28 -29 -30 -31
leaf_value=0.061740433547312269 0.088598653897900698 0.082013903078200528 0.098921941175294847 0.10580391591237466 0.078748995546641776 0.10299329032053439 -0.021996520568590996 0.094049209543155196 0.074363337058488563 0.0076228482955715748 -0.11622613747272559 0.084600173191157479 0.095479414141528343 -0.031199401764983006 -0.016490394395804155 -0.13099803349461014 -0.057000570433948031 -0.011139024225831731 0.090871416164757871 0.11285628818479415 0.077002734145752622 0.09761852776573389 0.1055498916728343 -0.11054355921964104 0.069231785885999222 0.12721458735037508 -0.12368388331794805 -0.0012674659904846415 0.069043861587721744 0.013287138917893968
leaf_weight=510.99459077671509 2071.9642892897837 817.52372773924458 556.96655490360354 41.628519853515627 12.858518249960751 4.700764135027387 14.175293003351387 11.819810547339101 22.723254206446317 7.2845935622247557 0.66585578463883877 11.582386186187987 29.798306520937103 16.388523612180677 3.8061338430529856 1.456141935477034 2.685286142626409 3.675161241233126 18.760193233692235 21.103243434023284 921.13731771355435 278.49716009576269 51.376523498617814 2.3508429270507341 4.2931481421142053 0.78070487156946944 2.4041070065040904 7.7062368983428078 5.4683259307250855 27.019546611823444
leaf_count=39566 101317 36587 22815 1974 1060 242 2250 766 1489 1974 721 1837 3818 4067 648 464 439 360 1435 1341 53471 14257 3163 370 353 40 295 971 575 2581
internal_value=0 0.0763748 0.0907858 0.0795655 0.07544 0.076805 0.0331776 0.0448966 0.0828499 0.0795012 0.0614076 0.0508644 0.0782208 0.0323114 0.0182585 0.0486071 0.0589641 0.0911905 0.0727633 0.105849 0.0782481 0.0922066 0.0757585 0.094107 0.00562189 0.0440877 -0.0621802 0.0552099 0.003347 0.0265811
internal_weight=0 2854.66 2628.93 2343.67 1038.81 1006.31 32.5021 43.5401 1304.86 931.054 113.531 91.7616 37.0829 54.6787 43.0963 26.7078 25.2516 373.807 22.5663 21.7691 962.766 370.132 91.6348 58.0205 6.64399 33.6143 3.18481 30.4295 19.6436 31.7203
internal_count=301246 177114 124132 137548 62919 59034 3885 3589 74629 53331 16744 14682 5792 8890 7053 2986 2522 21298 2083 2062 55445 20938 6681 3886 723 2795 335 2460 2825 2823
is_linear=0
shrinkage=0.1


Tree=183
num_leaves=31
num_cat=0
split_feature=93 103 63 66 161 93 163 231 153 217 65 215 1 83 97 166 198 171 212 107 142 65 199 233 155 205 144 93 125 155
split_gain=20.0176 9.19184 6.31936 5.12956 5.15413 5.02859 4.96334 4.93593 5.78822 4.97539 4.91476 4.893 3.80706 4.26116 4.56745 5.07858 4.28651 3.79877 3.76742 3.63556 3.61902 3.6183 3.52912 3.52726 3.70407 4.69849 3.7067 4.57752 3.52112 4.32971
threshold=0.14785698801279071 0.10245418176054956 -0.17180135101079938 0.87263381481170665 3.4914170503616337 0.085917282849550261 -0.19110964238643643 -0.0048230045940726987 -0.012132102157920597 -0.020401947200298306 4.5000000000000009 0.031872179359197624 0.095032840967178359 8.5000000000000018 -0.035959344357252114 0.084456589072942748 -0.0420041587203741 -0.022041983902454373 -0.12400550395250319 -0.0041042710654437533 -0.0082620037719607336 2.5000000000000004 -0.087895140051841722 0.050459554418921478 0.0016024973592720928 0.11507587879896165 -0.027194430120289322 -0.09823198243975638 0.026850068010389808 -0.023317433893680569
decision_type=2 2 2 2 2 2 2 2 2 2 2 2 8 2 2 2 2 2 2 2 2 2 2 2 2 2 2 2 2 2
left_child=1 2 3 4 7 18 -2 8 9 -1 -6 -9 -8 14 17 -16 -15 -14 19 -3 -10 23 -17 -4 25 26 -25 -28 29 -29
right_child=6 5 21 -5 10 -7 12 11 20 -11 -12 -13 13 16 15 22 -18 -19 -20 -21 -22 -23 -24 24 -26 -27 27 28 -30 -31
leaf_value=-0.14742623302918262 0.068352343968553081 0.015661529723523328 0.084394841859544545 0.098808205370387175 -0.11247042944058327 0.055110297002389334 0.088609429707471904 0.091021823595402285 -0.021653072908026063 0.10900483428411652 0.094629462638260817 -0.044550738098240332 0.043890776306504606 -0.057125243572037243 -0.070169235123383064 -0.023078190680262636 0.11902603994790709 -0.049665330354501436 0.077554437350738192 0.11866351551131044 0.044988792754078452 0.089140862621541486 0.09727350904233914 0.0072405361099827847 0.081504967318132365 -0.059856919033199001 0.094223400756608414 -0.010436718262205347 0.010769274492142662 0.078670354870045867
leaf_weight=0.79835808721236468 964.13206595373606 3.7802446318200955 822.85188898007482 806.98888939186838 1.1523814083448076 97.217329115405164 243.6469306290162 63.113156991004416 12.381919465313556 14.477836762002422 203.43070748616049 2.7793821326522439 10.617064280376555 1.515891704919343 2.3394786359660911 2.7393514308113316 15.575093120856307 7.3409448134923414 640.85790056357132 36.642982224981097 23.835893175113597 1223.8631748089865 22.036771857571235 11.514362630890046 145.38605190580461 3.3214907467196317 38.168785206275629 6.4324562201844619 16.620700426066719 35.811214983914567
leaf_count=108 35275 591 55118 40275 137 6821 33616 2250 863 289 7336 709 3344 543 624 911 1305 1703 38760 1415 1016 46445 3987 1486 8378 809 1885 1063 1667 2450
internal_value=0 0.0861966 0.0884213 0.0945505 0.083879 0.0763861 0.0718732 0.0671759 0.0439798 0.0956033 0.0934629 0.0853033 0.0829736 0.0608845 0.0447627 0.0706684 0.103402 0.00564655 0.0794221 0.109031 0.0222057 0.085418 0.0839669 0.0811996 0.0709793 0.0573 0.0608849 0.0672505 0.0497608 0.065102
internal_weight=0 4211.43 3432.93 1128.96 321.97 778.498 1269.94 117.387 51.494 15.2762 204.583 65.8925 305.812 62.1646 45.0736 27.1156 17.091 17.958 681.281 40.4232 36.2178 2303.97 24.7761 1080.11 257.255 111.869 108.548 97.0332 58.8644 42.2437
internal_count=301179 219871 172284 52983 12708 47587 81308 5235 2276 397 7473 2959 46033 12417 10569 5522 1848 5047 40766 2006 1879 119301 4898 72856 17738 9360 8551 7065 5180 3513
is_linear=0
shrinkage=0.1


Tree=184
num_leaves=31
num_cat=0
split_feature=86 86 83 194 86 157 13 189 137 2 139 217 9 152 90 185 218 88 165 127 163 157 13 189 90 211 156 151 182 70
split_gain=26.4881 11.8213 4.65263 4.04019 3.33093 3.28834 3.10997 2.94074 2.86595 5.0712 3.00595 3.47872 3.24744 5.8 4.98196 3.84069 2.9977 3.30894 2.93443 2.88951 3.75703 3.45694 2.84941 2.92419 2.84646 3.78603 2.81637 2.93655 2.777 2.76759
threshold=-1.1157679557800291 -0.83693176507949818 10.500000000000002 -0.15352024883031842 -0.57369077205657948 0.42538760602474218 0.089163407683372511 0.17118614166975024 -0.056832728907465928 0.17770677059888842 0.016812591813504699 0.007612053072080017 0.0024580176686868076 0.015416638460010292 1.9560386538505556 -0.04977267608046531 -0.11216772720217703 0.72849461436271679 59.500000000000007 -0.046642635017633431 0.67625898122787487 0.50741708278656017 0.01497634779661894 -0.23132963478565213 1.3621010184288027 -0.11879724636673926 0.15821565687656405 0.015706079080700878 -0.056616898626089089 10.500000000000002
decision_type=2 2 2 2 2 2 10 2 2 10 2 2 8 2 2 2 2 2 2 2 2 2 8 2 2 2 2 2 2 2
left_child=6 2 3 5 8 -2 -1 -4 9 18 -10 12 13 28 15 -15 17 -13 -3 20 -14 -21 24 -24 25 -18 27 -16 -12 -17
right_child=1 4 7 -5 -6 -7 -8 -9 10 -11 11 16 19 14 26 29 22 -19 -20 21 -22 -23 23 -25 -26 -27 -28 -29 -30 -31
leaf_value=0.060703376145851619 -0.0083012320048778589 0.019390366303398368 0.095887044710383409 0.077829175825365526 0.097454302494783818 0.09717226080453456 0.10124230026539248 0.033214700700716179 0.085863297901525915 -0.062902702157283094 -0.015300587248078354 -0.010945913186864976 0.11926451984466412 -0.062898563333137952 -0.080625129686143604 0.092383002104488854 0.87309403853169687 0.10434871656764354 0.11498461897427154 0.046419889042218887 0.38974730973549476 0.09234226760774214 -0.090922749461821037 0.1023593270205965 0.14148623558261328 -0.062399370612468544 -0.090160849791122419 0.14137147931506608 0.10426826120534899 -0.10023154849201039
leaf_weight=498.88241129528956 3.0176122059864374 3.3540183143076083 230.66885747902973 1875.2901710156193 539.58442737693076 144.53429258617336 19.67005508274201 7.7381181048039016 1606.3626993823168 1.7151158309098935 2.1177817150260152 4.8323769715041163 21.311546728062243 2.2335660521553118 1.0709792653908601 11.377378836916362 0.11930462430473199 5.1337976069075921 75.382701348205046 18.553530714254521 0.52620959162732006 140.73331258651433 0.78521474603712604 249.2910944136795 15.038648056971622 0.067873674222481806 4.6663129652497446 1.3431475892869 23.455621216804616 0.79831595643600017
leaf_count=37466 1753 291 11609 112095 22904 6241 2140 738 78715 260 484 384 855 555 478 988 15 146 2882 4250 123 3524 115 6696 2941 86 562 187 1382 148
internal_value=0 0.0859872 0.08064 0.0790828 0.0904166 0.0950152 0.0622411 0.0938529 0.0886828 0.107207 0.0879764 0.0947187 0.085589 0.0621859 0.02389 0.0576415 0.102287 0.0484449 0.110913 0.09167 0.125782 0.0869933 0.10431 0.101752 0.14631 0.53387 -0.0447972 0.0428871 0.0943665 0.079754
internal_weight=0 4991.1 2261.25 2022.84 2729.85 147.552 518.552 238.407 2190.27 80.4518 2109.82 503.456 228.188 47.0631 21.4897 14.4093 275.268 9.96617 78.7367 181.125 21.8378 159.287 265.302 250.076 15.2258 0.187178 7.08044 2.41413 25.5734 12.1757
internal_count=301013 261407 132436 120089 128971 7994 39606 12347 106067 3433 102634 23919 13536 4784 2918 1691 10383 530 3173 8752 978 7774 9853 6811 3042 101 1227 665 1866 1136
is_linear=0
shrinkage=0.1


Tree=185
num_leaves=31
num_cat=0
split_feature=86 86 86 93 78 231 153 189 11 117 6 82 122 150 120 7 6 78 13 140 152 180 215 137 215 141 224 194 190 154
split_gain=24.4077 11.5314 4.52999 3.25834 3.17403 3.55747 3.6568 3.57263 4.18706 3.65336 3.18489 3.84878 3.04049 3.27006 3.03983 4.65276 3.84113 4.71334 2.99359 4.99854 2.9806 3.89199 2.90505 2.90147 4.49265 4.88362 3.41756 2.97598 5.6771 4.16411
threshold=-1.1157679557800291 -0.83693176507949818 -0.57369077205657948 0.36477671563625341 0.01183473411947489 -0.076007630676031099 0.031284730881452567 -0.050576116889715188 0.072795797139406218 -0.026035925373435017 0.037749288603663451 0.055867666378617294 -0.033896697685122483 -0.05619369447231292 0.0073888150509446868 0.26726190745830541 0.093883547931909575 0.08889376744627954 0.078278187662363066 0.02275874745100737 0.010426246561110021 -0.03734037093818187 -0.1271976754069328 -0.0012282067909836767 -0.046059882268309586 -0.070696536451578126 -0.066830407828092561 -0.098018985241651521 0.14820065349340442 0.055565612390637405
decision_type=2 2 2 2 2 2 2 2 10 2 8 2 2 2 2 10 8 2 10 2 2 2 2 2 2 2 2 2 2 2
left_child=18 3 -3 4 10 6 7 9 -9 -6 11 12 -2 -14 15 -5 17 -16 -1 -20 21 -11 -18 -12 25 -25 -27 28 29 -26
right_child=1 2 -4 14 5 -7 -8 8 -10 20 23 -13 13 -15 16 -17 22 -19 19 -21 -22 -23 -24 24 27 26 -28 -29 -30 -31
leaf_value=0.060255852379280918 0.14046965401155778 0.087652978849881213 0.09774766226339901 0.059868908160827641 -0.012149624486414927 0.073986828861216006 0.0077642884201206521 0.10546174863123395 -0.068663376745347948 -0.10569660452521462 0.086495902294854668 -0.017250683021911493 -0.08878001498658239 0.097555174478228673 0.10435807961237172 -0.058982975917956405 0.25880171263989243 0.33320336815662938 0.097323774911385344 -0.077578185492848228 0.10238532241286134 0.069247926159451328 0.058330615468063098 -0.12771110702694896 0.10823388119830094 -0.0073445056210465522 0.064309055188638151 0.075080753771294167 -0.077946990642615011 -0.073500116892065634
leaf_weight=473.86883012691919 17.933618091257529 2156.8870853369835 559.94804046958052 99.287893487917472 5.2459619146895902 763.21362429660792 5.0357594194717867 103.29770541689288 1.3996902577223398 1.7319396813404635 693.99013653957013 2.7453398124853257 0.95069076055165069 100.88730857128797 26.212284098964805 3.4068277021267468 0.7379334008924151 0.93200549240418595 36.251754420917223 1.7111355318136237 16.864316381640037 4.785016411914742 35.370874587189746 1.4895628258614113 61.46171565094869 7.586639423310543 54.287628207570833 216.86805035294606 1.7530400644136523 1.2872151029705481
leaf_count=36483 2160 106041 22913 6324 402 48746 683 3983 175 196 30035 926 353 16548 2041 702 92 91 2753 515 714 291 2035 115 1946 590 3468 9690 152 76
internal_value=0 0.08536 0.0897335 0.0800287 0.0811132 0.0766614 0.0914146 0.0945741 0.103134 0.0632689 0.0845695 0.0998184 0.102502 0.0958157 0.0665481 0.0559261 0.0837934 0.112216 0.0624205 0.0894403 0.0801903 0.0227548 0.0624275 0.0827709 0.0752721 0.0512158 0.0555233 0.0806895 0.0995471 0.104506
internal_weight=0 4945.6 2716.84 2228.76 2062.81 901.574 138.36 133.325 104.697 28.6272 1161.24 122.517 119.772 101.838 165.948 102.695 63.2531 27.1443 511.832 37.9629 23.3813 6.51696 36.1088 1038.72 344.734 63.3638 61.8743 281.37 64.502 62.7489
internal_count=301239 261488 128954 132534 121249 55190 6444 5761 4158 1603 66059 19987 19061 16901 11285 7026 4259 2132 39751 3268 1201 487 2127 46072 16037 4173 4058 11864 2174 2022
is_linear=0
shrinkage=0.1


Tree=186
num_leaves=31
num_cat=1
split_feature=86 86 235 17 170 93 71 119 185 11 136 109 66 232 157 182 72 0 79 204 156 9 109 108 186 97 6 180 6 2
split_gain=23.6382 11.6249 3.60868 3.47763 4.15976 4.08364 3.90837 3.59605 3.44394 3.62157 4.05813 3.30995 4.41193 3.74626 3.8375 4.23408 3.46707 3.30858 4.92127 3.24618 3.24341 3.4217 3.39378 3.18251 3.73824 4.32449 3.82338 3.52728 3.81766 3.7732
threshold=-0.82948100566864003 -1.1529442071914671 0 10.500000000000002 0.46884198486804968 0.26758758723735815 0.038648245856165893 0.012176304124295713 -0.022636955603957173 0.017438980750739578 0.030995874665677551 0.001640206261072308 6.7836883068084726 -0.052118251100182526 0.68542924523353588 -0.10250912979245184 0.1965240687131882 0.19664435833692553 0.11050061136484148 0.16974046826362613 0.26209992170333868 0.0085643809288740175 0.017448927275836471 -0.036525389179587357 -0.089863859117031084 -0.10144893452525137 0.20294117927551272 0.076702848076820387 0.11845116689801218 1.0000000180025095e-35
decision_type=2 2 1 2 2 2 2 2 2 8 2 2 2 2 2 2 2 10 2 2 2 8 2 2 2 2 10 2 8 8
left_child=1 20 8 4 7 -6 11 -3 9 10 -2 13 -13 -7 15 -15 -14 18 -17 -5 21 22 -1 24 25 26 -4 -26 -29 -30
right_child=2 3 23 19 5 6 -8 -9 -10 -11 -12 12 16 14 -16 17 -18 -19 -20 -21 -22 -23 -24 -25 27 -27 -28 28 29 -31
leaf_value=0.062353203831356008 -0.02854456442331875 0.077616378863706995 0.12689336542800986 0.092220888015870833 0.078400399319429728 0.0076962925469557649 0.080045683949664603 0.094619128379595283 0.088705311635225492 0.074632769859487399 0.088492738442035909 0.049424427613814145 -0.071032586087178953 -0.048488171002508434 0.10555880484647429 0.069521739423235876 0.14760399281010328 0.088519701333757972 -0.07929991783108177 0.0087392118212096803 0.050461002486217169 0.05735092968953294 0.098868214695552806 0.094221027399123747 0.084723509091597024 0.090597287009642591 0.30550326264129324 0.035739185666751154 0.15862240994201435 0.069114820220352147
leaf_weight=46.432279570689275 7.4251069626930057 235.76378771798846 23.15736167190153 257.9306525091572 1437.051498393585 8.1532954364546395 111.30256783006269 263.31954902739125 282.53984782184034 140.06414640688195 4.9295030332615397 94.505493913788541 5.057559196744136 3.397654553936035 30.842012299501221 6.710379039365078 0.84672836615129643 24.258518156049831 3.3220219634499699 4.7435676140978549 163.59746221048499 116.78546506143539 56.334337293889462 1680.8222510032813 247.73032792173206 142.67807191055692 1.2639080007602377 34.887137136237243 5.3656986281566779 38.520233357211509
leaf_count=6188 2574 13479 1011 12973 88105 936 6948 13311 13161 5713 698 5343 1536 556 326 861 142 1536 762 371 6049 13056 4502 77376 14093 4346 60 3104 387 1546
internal_value=0 0.0773338 0.0904846 0.0798316 0.0785467 0.076221 0.0653614 0.0865871 0.0821697 0.0700547 0.0181534 0.0561324 0.044185 0.0717763 0.0794001 0.0579935 -0.0396781 0.068544 0.0202425 0.0907133 0.0611195 0.0690617 0.0823699 0.0921478 0.0850882 0.0972529 0.136137 0.0788625 0.0604303 0.0800584
internal_weight=0 2870.35 2609.38 2487.21 2224.53 1725.45 288.396 499.083 434.959 152.419 12.3546 177.094 100.41 76.6839 68.5306 37.6886 5.90429 34.2909 10.0324 262.674 383.15 219.552 102.767 2174.42 493.603 167.099 24.4213 326.503 78.7731 43.8859
internal_count=301049 176980 124069 147185 133841 107051 18946 26790 22146 8985 3272 11998 7021 4977 4041 3715 1678 3159 1623 13344 29795 23746 10690 101923 24547 5417 1071 19130 5037 1933
cat_boundaries=0 1
cat_threshold=4
is_linear=0
shrinkage=0.1


Tree=187
num_leaves=31
num_cat=0
split_feature=86 86 17 228 175 197 13 149 209 101 131 74 183 188 110 210 212 110 85 139 172 132 75 7 128 217 195 106 114 149
split_gain=30.0606 13.4368 4.03544 3.869 3.52353 3.46476 3.77821 3.70436 3.45853 4.18365 3.84956 3.64518 4.39727 3.24131 4.73384 4.3682 4.23992 3.93716 5.33749 3.8292 3.96914 3.78887 4.64815 3.67132 3.48572 3.91992 3.78969 3.60225 3.48048 3.36678
threshold=-1.1157679557800291 -0.6793040633201598 18.500000000000004 0.11285353824496271 -0.04205332696437835 0.034301105886697776 0.033514924347400672 0.0086889686062932032 0.13885572552680972 -0.088292755186557756 0.015752044506371025 0.33602151274681097 -0.18851256370544431 0.027467705309391025 0.073101215064525618 0.056498466059565551 -0.079641468822956071 0.0071967830881476411 24.500000000000004 -0.041539570316672318 -0.30509971082210535 0.01694422867149115 0.018957772292196754 0.26726190745830541 -0.059322213754057877 -0.074533633887767778 -0.10110948979854582 0.10718088969588281 0.066402859985828414 0.051716065034270293
decision_type=2 2 2 2 2 2 10 2 2 2 2 2 2 2 2 2 2 2 2 2 2 2 2 10 2 2 2 2 2 2
left_child=-1 2 8 4 5 7 -7 -4 11 10 -10 13 -13 14 15 23 -15 18 -18 20 -20 22 28 -2 25 -16 -27 -26 -17 -24
right_child=1 -3 3 -5 -6 6 -8 -9 9 -11 -12 12 -14 16 24 21 17 -19 19 -21 -22 -23 29 -25 27 26 -28 -29 -30 -31
leaf_value=0.060567312827689339 0.088958762200639988 0.095341644889516519 0.11235833569244413 -0.1339785034315599 0.12499747105948872 -0.074147323434850129 0.067525887527036421 -0.0096846781070252883 0.022531636539905222 0.10702915330986379 0.11447287176544828 0.015316709483297858 0.074797241759820776 0.092564647908301337 -0.14456403959636732 0.046756561306649229 -0.032099244005695672 0.080772571469650223 -0.12913073753359613 0.065657039640210801 0.1042800747298224 0.094686568040982785 0.079486550456552924 0.1130966986304794 0.076307254574813105 -0.12330071613268519 0.057943835101737041 -0.050168171036634991 -0.08704026392919087 -0.12979979599330399
leaf_weight=512.45805984835079 1211.687851466296 1176.5714655879656 29.704608250510773 0.67839372044909296 46.228381428924877 2.3744700341044327 9.08330185993327 2.7143311886725305 12.295583439516578 103.98247158902996 7.2328233622397411 12.862868846072613 368.40286469806415 222.46648342363142 1.288733549902189 47.092637297588681 5.2367611164345353 983.24342582524469 0.74324615288287432 279.30189664547424 36.825202938114671 70.506712727760146 112.63678889501659 66.468432866001194 146.72272912234553 1.2898251442022672 10.927034362902303 2.2870681553931709 2.0279523504493673 0.77393996625505579
leaf_count=39548 58179 51895 782 201 1853 377 318 389 2162 6482 487 1544 22117 11170 146 4413 826 45105 64 19095 1361 3544 8613 6854 11999 199 908 287 282 89
internal_value=0 0.0860042 0.0831109 0.103941 0.105732 0.0854342 0.038166 0.10214 0.0826007 0.0990533 0.0565843 0.0820335 0.0727905 0.0831343 0.0861743 0.0879183 0.0798039 0.0776292 0.0680339 0.0696887 0.0996623 0.0753271 0.0669288 0.090214 0.069957 0.0213107 0.0388085 0.0743661 0.0412327 0.0780583
internal_weight=0 4973.66 3797.09 90.7835 90.1051 43.8767 11.4578 32.4189 3706.3 123.511 19.5284 3582.79 381.266 3201.53 1673.71 1511.19 1527.82 1305.35 322.107 316.87 37.5684 233.038 162.531 1278.16 162.515 13.5056 12.2169 149.01 49.1206 113.411
internal_count=301289 261741 209846 3920 3719 1866 695 1171 205926 9131 2649 196795 23661 173134 95513 81974 77621 66451 21346 20520 1425 16941 13397 65033 13539 1253 1107 12286 4695 8702
is_linear=0
shrinkage=0.1


Tree=188
num_leaves=31
num_cat=0
split_feature=93 81 182 63 65 206 157 157 68 157 7 205 178 2 63 21 128 170 97 127 200 121 128 179 223 63 193 214 66 194
split_gain=14.4623 9.15448 5.85783 5.6179 5.25102 4.79861 4.78851 4.51788 4.47325 4.56386 4.4006 4.07358 3.88186 3.79639 3.79064 3.69622 3.45639 3.30435 3.38391 4.16521 3.89337 3.95042 3.8747 3.84969 3.29314 3.29233 3.77228 3.59957 3.62213 3.28931
threshold=0.2839281708002091 0.14620443433523181 -0.094407454133033739 0.051160620525479324 37.500000000000007 0.15251560509204867 0.55457308888435375 0.63753709197044384 34.994052886962898 0.42538760602474218 0.16359986364841464 0.089461512863636031 0.37573242187500006 0.0089832418598234671 0.6365908980369569 1.0000000180025095e-35 -0.059322213754057877 0.54398375749588024 -0.066610954701900468 0.04282751493155957 -0.12372733280062674 -0.065802484750747667 0.039670782163739211 0.033661698922514922 -0.046942483633756631 0.42208679020404821 -0.036102484911680215 0.031912833452224738 0.63246849179267894 0.14788023382425311
decision_type=2 2 2 2 2 2 2 2 2 2 10 2 2 10 2 2 2 2 2 2 2 2 2 2 2 2 2 2 2 2
left_child=1 3 7 12 5 6 11 10 -2 -10 -3 14 -1 15 17 -14 -15 18 22 20 21 -20 29 -21 -11 -4 27 28 -27 -5
right_child=8 2 25 4 -6 -7 -8 -9 9 24 -12 -13 13 16 -16 -17 -18 -19 19 23 -22 -23 -24 -25 -26 26 -28 -29 -30 -31
leaf_value=0.090413731687743693 0.020346170065216974 0.035619531722132558 0.081625660860346283 0.087338929346011299 0.090038290717009598 0.11903724841208652 0.081307213115331067 0.085430223513860939 0.027503179755060406 0.086001300838168204 0.070569823040863996 0.035402359946626494 0.10993613733071675 -0.12752373940160902 0.014405129176234578 -0.11132574774906126 0.046878623117473733 0.021818156511899486 0.14268835188260973 -0.040036471584143335 0.075935736659729969 -0.035469354278356423 0.020367383273072096 0.067920589200813217 0.066994138232716813 0.025514384099426371 0.070991046007601366 0.073594410033266028 -0.11977499323156167 0.13986463663417834
leaf_weight=2446.7444520081717 19.240162613251414 78.133059801020295 762.63343279914818 74.333718688873375 518.15760110026019 26.895241220270805 593.10829544849025 54.842549413377128 24.747925107729202 119.36333637103797 66.847509464089853 38.651621821830076 15.940546176537964 1.1830988778838243 11.583871230714747 0.79253263082614545 28.768693734622502 11.993857804766433 1.5725204332736664 6.8466997320186902 110.92143661454224 5.9686825857249337 7.3847190730728007 6.3820777521049195 385.70218077951989 3.7215558091170333 31.458414040947446 4.4835711693331177 3.1839647701767717 14.199849926218574
leaf_count=118680 2179 7489 47249 8543 19255 1719 13443 548 14401 5272 3474 6202 1227 88 2281 274 1697 6584 123 1917 14382 1403 929 1404 15834 230 2272 447 679 684
internal_value=0 0.0848218 0.0763082 0.0870043 0.0820028 0.0774266 0.0761591 0.0609824 0.0677116 0.0694317 0.0517344 0.0656245 0.0898687 0.0613041 0.0702749 0.0994565 0.0399897 0.072976 0.0756717 0.0652657 0.0712087 0.00168077 0.0899588 0.0120462 0.0714861 0.0801103 0.0531379 0.00382468 -0.041475 0.0957635
internal_weight=0 4926.73 1005.3 3921.43 1428 909.843 882.947 199.823 549.054 529.813 144.981 289.839 2493.43 46.6849 251.187 16.7331 29.9518 239.604 227.61 131.691 118.463 7.5412 95.9183 13.2288 505.066 805.481 42.8475 11.3891 6.90552 88.5336
internal_count=300909 263223 62388 200835 78869 59614 57895 11511 37686 35507 10963 44452 121966 3286 38250 1501 1785 35969 29385 19229 15908 1526 10156 3321 21106 50877 3628 1356 909 9227
is_linear=0
shrinkage=0.1


Tree=189
num_leaves=31
num_cat=0
split_feature=86 86 86 170 157 86 187 153 214 131 175 94 225 80 219 205 170 178 159 182 231 226 188 134 220 161 183 182 74 131
split_gain=30.7177 10.234 3.77554 3.74723 3.20593 2.96948 2.88904 4.16164 2.76612 4.69345 3.15169 3.05599 3.04076 2.91328 2.91752 2.89601 2.68328 2.61822 3.47407 3.54425 4.59506 3.00282 2.81691 3.22784 2.94178 2.60158 2.56304 2.53617 2.53049 2.51091
threshold=-1.1157679557800291 -0.79820320010185231 -0.57369077205657948 0.50845614075660717 0.33262132108211523 -1.1817154288291929 -0.21620426326990125 -0.023301022127270695 0.046780990436673171 -0.0061754165217280379 0.23086272925138476 0.064668457955122008 0.074385546147823348 0.017700501717627052 0.096789598464965834 -0.11284819245338439 0.61243727803230297 -0.072763580828905092 0.90237125754356395 -0.31090807914733881 -0.032454583793878548 -0.011801612097769974 0.022252810187637809 0.0053844747599214324 0.078125547617673888 4.9074778556823739 1.0000000180025095e-35 0.037043619900941856 0.57259953022003185 -0.0079839290119707567
decision_type=2 2 2 2 2 2 2 2 2 2 2 2 2 2 2 2 2 2 2 2 2 2 2 2 2 2 2 2 2 2
left_child=5 4 3 -3 -2 8 7 -5 10 -10 11 29 13 14 -13 -11 17 25 19 -19 -21 22 24 -24 -22 -7 -17 -15 -8 -1
right_child=1 2 -4 6 -6 16 28 -9 9 15 -12 12 -14 27 -16 26 -18 18 -20 20 21 -23 23 -25 -26 -27 -28 -29 -30 -31
leaf_value=0.061311879325805667 -0.0059143248880149666 0.093441028763845344 0.098040805514802695 0.094976495150575393 0.082135112845155817 0.092131900450362472 0.084819452580984833 -0.05872736543168882 0.012421667694899059 -0.10780674273068938 0.13865296899305898 0.10555646658737422 -0.018190027307167046 0.071757024206406547 -0.067574426488236569 0.02670983206987794 -0.13824055412019332 0.12784996178847904 0.075791165260122001 -0.025231697778119733 -0.026818341537976711 0.026863640269249301 0.11639480373799216 0.00041033894314477268 0.18654613338694223 -0.1116596958809209 0.083577202271066742 0.0081933443668933455 -0.062217711184350093 0.034461207092023653
leaf_weight=75.290658157364305 4.1415140490726108 846.75296767061764 578.95621020835006 3.628368289777427 2729.1077114367044 51.143085818251393 863.21584075304861 3.4237706128361642 37.692961884229589 0.97863251455419131 4.9275933321376888 31.563572084061661 3.4661464152059116 36.107717879113579 1.0043123342907154 11.344303261978665 0.61946623336802886 4.7522861213874412 92.570902475082619 9.5556282988353569 3.8611258118833112 24.359750020716039 14.187113951308449 2.887877749020844 0.77608486069402705 0.63418563185587018 26.298844003463046 7.597966470888081 1.1720327697398705 64.804006882509611
leaf_count=6000 4573 39538 23090 65 152107 2711 41663 739 4053 255 433 1927 706 2090 198 1088 184 131 3662 2091 1039 3400 667 468 165 101 1366 802 118 5961
internal_value=0 0.0861367 0.0910567 0.0887034 0.0820017 0.0602983 0.0841 0.0203542 0.0539743 0.0375248 0.0595595 0.0577867 0.0734146 0.0775774 0.100218 0.0620242 0.0695704 0.0701992 0.0636194 0.0449584 0.037877 0.0509661 0.0780077 0.0967785 0.0088904 0.0896358 0.0664394 0.0607069 0.0846201 0.0488915
internal_weight=0 5030.4 2297.15 1718.19 2733.25 506.424 871.44 7.05214 301.077 76.3147 224.762 219.834 79.7397 76.2736 32.5679 38.6218 205.348 204.728 152.951 60.3799 55.6276 46.072 21.7122 17.075 4.63721 51.7773 37.6431 43.7057 864.388 140.095
internal_count=301391 261893 105213 82123 156680 39498 42585 804 24879 6762 18117 17684 5723 5017 2125 2709 14619 14435 11623 7961 7830 5739 2339 1135 1204 2812 2454 2892 41781 11961
is_linear=0
shrinkage=0.1


Tree=190
num_leaves=31
num_cat=0
split_feature=93 81 17 164 93 198 190 171 179 134 135 154 174 63 153 191 90 219 195 218 1 122 231 105 233 93 126 171 123 72
split_gain=16.3993 8.28171 5.85408 5.20001 4.78329 7.19168 3.96634 4.39446 3.98411 4.51522 4.40931 4.66925 4.32781 3.64203 3.52405 3.3238 4.28111 5.50211 3.41345 3.79173 4.05786 4.01909 3.9873 3.64648 3.23212 3.51651 3.16323 3.15386 4.2301 4.88751
threshold=0.2839281708002091 0.25211864709854132 7.5000000000000009 4.8322978019714364 0.056992594152688987 0.23547430336475375 -0.023809436708688732 0.056541282683610923 0.34043772518634802 0.017764306627213958 0.022438909858465198 0.035321604460477836 0.34728136658668524 0.27255395054817205 -0.029532106593251225 -0.13846987485885617 1.8372862339019778 0.040334777906537063 0.027349095791578296 -0.022991191595792767 1.0000000180025095e-35 -0.053748251870274537 -0.058507522568106644 -0.10774334892630576 -0.11854244023561476 -0.11838981509208678 -0.003524553962051868 -0.15742088854312894 1.0000000180025095e-35 0.097693528980016722
decision_type=2 2 2 2 2 2 2 2 2 2 2 2 2 2 2 2 2 2 2 2 10 2 2 2 2 2 2 2 2 2
left_child=1 2 4 24 6 15 8 -8 10 -10 14 13 -13 -12 -1 16 17 -6 27 21 23 -20 -23 -21 25 -3 -7 28 -17 -30
right_child=-2 3 -4 -5 5 26 7 -9 9 -11 11 12 -14 -15 -16 18 -18 -19 19 20 -22 22 -24 -25 -26 -27 -28 -29 29 -31
leaf_value=0.11024345178538758 0.066049586782587641 0.09904678292369283 0.092662391087713694 0.054806803027691309 0.076245481676331342 0.036145394884253119 0.087911476287296897 0.10968587613401454 0.15175884882531421 0.0079281616904415004 0.073700103892529331 -0.049010265575858969 0.15148427709695877 0.019532271633835661 0.081317097463105448 0.10971442071143572 0.10772331725556053 -0.077746027876613777 -0.0668042862520912 -0.0012687970431760763 0.065249713275516846 0.086632712764771164 0.044049211837209952 0.096177283471388875 0.080099652753162831 -0.072985483311948748 -0.10593775741057605 0.078001564853111327 0.085225037122335312 -0.0056976112956638354
leaf_weight=44.894897548526842 541.92229850705826 2.0260613647678838 937.03681674157406 135.663451218099 25.810191229327533 3.473376991527573 1455.5685886888366 98.989073735340753 14.038205858483709 2.5844231577043493 118.74736183261155 6.0925990735138376 1.3077050990395944 13.861476404356607 680.61237252823491 79.106046724745624 78.634221804515278 2.5494425264150768 2.7041110287564143 4.0085789099446165 137.75094249014501 31.242106147137747 74.238191273040684 91.379767155384343 274.83917148959563 2.8732612860389954 2.8547568670806518 533.66278405130106 40.38396039625195 6.9260849675140426
leaf_count=1907 37699 183 45491 5637 1963 511 62742 11006 964 415 6819 735 42 1368 39774 4203 3836 524 329 604 5197 1317 6217 7859 21550 802 368 27374 2794 829
internal_value=0 0.0843814 0.0856316 0.070873 0.0837765 0.0783506 0.0862588 0.089298 0.0809029 0.129397 0.0799716 0.063724 -0.0135809 0.068038 0.0831071 0.0789575 0.0957105 0.0624021 0.0771675 0.0690484 0.0762282 0.0535759 0.056662 0.0920822 0.0786645 -0.00184342 -0.0279514 0.0813658 0.095568 0.0719142
internal_weight=0 4903.86 4488.46 415.402 3551.42 1114.72 2436.7 1554.56 882.139 16.6226 865.516 140.009 7.4003 132.609 725.507 1108.4 106.994 28.3596 1001.4 341.324 233.139 108.184 105.48 95.3883 279.738 4.89932 6.32813 660.079 126.416 47.31
internal_count=301059 263360 235188 28172 189697 63925 125772 73748 52024 1379 50645 8964 777 8187 41681 63046 6323 2487 56723 21523 13660 7863 7534 8463 22535 985 879 35200 7826 3623
is_linear=0
shrinkage=0.1


Tree=191
num_leaves=31
num_cat=0
split_feature=86 86 103 215 73 156 86 171 220 135 213 230 116 162 17 178 220 194 222 172 214 125 10 117 221 74 199 21 204 0
split_gain=21.1859 11.1213 4.51224 4.68715 4.70803 3.92124 3.56636 3.3475 3.69912 3.21782 3.51942 3.83935 3.46068 3.32217 2.868 3.51953 3.62907 3.18586 2.94917 2.8095 4.87518 2.87377 3.62245 3.22616 4.19834 2.80179 3.95077 3.03331 3.28605 2.98134
threshold=-0.82948100566864003 -1.1529442071914671 0.072982136160135283 0.13055375963449481 0.017392619512975219 0.29198718070983892 -0.57369077205657948 -0.11751042678952216 -0.12287385389208792 0.016346984542906288 0.012790497858077289 -0.082400415092706666 0.0089701162651181238 28.642407417297367 13.500000000000002 -0.034390730783343308 0.0031996417092159395 -0.12009352073073386 0.037786515429615981 -0.13602033257484433 0.017800703644752506 -0.013893811497837303 192.50000000000003 0.021408372558653358 -0.12813929468393323 0.26695403456687933 0.084891054779291167 1.0000000180025095e-35 -0.019332798197865483 0.20550528168678286
decision_type=2 2 2 2 2 2 2 2 2 2 2 2 2 2 2 2 2 2 2 2 2 2 10 2 2 2 2 2 2 8
left_child=1 7 6 -4 -5 -6 9 8 -1 -2 11 12 -11 -12 25 16 18 -17 -16 20 -13 -21 23 24 -23 29 -27 -28 -29 -3
right_child=2 14 3 4 5 -7 -8 -9 -10 10 13 19 -14 -15 15 17 -18 -19 -20 21 -22 22 -24 -25 -26 26 27 28 -30 -31
leaf_value=0.13792830506365794 0.092274671606338121 0.08711021558258307 0.083918717193076517 0.083916110760576007 -0.077675715108310117 0.041894936685334262 0.099651132725181335 0.055962432487868752 0.0711235012710658 0.058804374975449838 -0.074994790929146959 0.059931182597344493 -0.091602824414442507 0.090855831023877787 0.093793186472335727 0.0068234560618106359 -0.011252080815693032 0.10773434702272192 -0.042063097072206769 0.10439007691596272 -0.06937700379213739 0.18607890723210252 0.08244681799885567 0.074354698094833083 -0.023007718959047824 0.076538116874241932 0.059011958350751181 -0.093498161052203668 0.044457589130748126 0.078288448321516324
leaf_weight=9.0834498346318906 1190.4203070062199 561.0923564071195 561.16349267398596 10.881011855027966 4.72877212308026 6.5301147413892977 479.8181433189568 281.75129154640098 94.726004381879704 3.482858453073276 1.2149288224914006 24.29840628202351 2.7279479922322025 205.26676792383876 17.968024768808057 3.2426825657696545 5.3351841557619073 88.928021140087026 1.7538332216886363 33.894726812512772 3.3132431327535405 1.0620482625122338 59.514687123173189 10.500989728984676 10.027964926954725 484.41424095241047 78.876092038573631 2.7966663522165618 4.5126194043223213 1207.5600235747215
leaf_count=285 57314 42116 27768 515 553 179 20076 20660 8806 470 255 1228 491 7731 715 439 943 3497 223 1462 524 81 1843 1280 2302 29850 6205 331 564 62539
internal_value=0 0.077408 0.0898881 0.0821382 0.0370083 -0.00832516 0.0921198 0.0616183 0.076969 0.089782 0.0814305 0.0697074 -0.00725839 0.08988 0.0798863 0.0951499 0.0619177 0.104184 0.0817117 0.0730593 0.0444149 0.0799369 0.0697177 0.0346303 -0.00298429 0.0791214 0.0730283 0.053301 -0.0083268 0.0810871
internal_weight=0 2842.04 2608.85 583.303 22.1399 11.2589 2025.54 385.561 103.809 1545.72 355.305 148.823 6.21081 206.482 2456.48 117.228 25.057 92.1707 19.7219 142.612 27.6116 115 81.1057 21.591 11.09 2339.25 570.6 86.1854 7.30929 1768.65
internal_count=301245 177173 124072 29015 1247 732 95057 29751 9091 74981 17667 9681 961 7986 147422 5817 1881 3936 938 8720 1752 6968 5506 3663 2383 141605 36950 7100 895 104655
is_linear=0
shrinkage=0.1


Tree=192
num_leaves=31
num_cat=0
split_feature=93 121 88 164 173 157 205 160 128 191 220 180 163 88 13 220 124 13 170 173 230 147 128 125 80 126 163 116 163 204
split_gain=16.6172 8.75717 6.13399 6.39264 5.7784 5.67336 5.39656 5.06324 4.92596 5.52586 4.7955 4.6718 4.6553 4.8699 4.26124 4.0021 4.33097 3.98553 3.80586 3.77401 4.08358 3.94178 3.74817 3.74417 3.68119 4.15436 4.27906 3.86455 3.61581 3.38509
threshold=0.18084443360567096 0.0623261146247387 0.77847048640251171 1.8688347935676577 0.008712817449122669 0.55457308888435375 -0.05896389298141002 2.0000000000000004 0.021698401309549812 0.11075082793831827 -0.11019767820835112 -0.16393025219440457 -0.19110964238643643 0.82303723692893993 0.0051115783862769612 -0.053499121218919747 0.012274771463125946 0.010528649203479292 0.49552305042743688 0.04453623294830323 0.063222300261259093 0.0049507718067616233 0.029361903667449955 -0.0044955883640795937 0.04124149680137635 -0.038089830428361886 0.31647019088268286 0.070603866130113616 -0.15223220735788343 -0.061651811003684991
decision_type=2 2 2 2 2 2 2 2 2 2 2 2 2 2 10 2 2 8 2 2 2 2 2 2 2 2 2 2 2 2
left_child=1 2 -1 -4 11 8 23 12 9 -3 -9 -5 -2 14 15 -14 22 -7 -13 20 -12 -21 -17 -6 27 26 -26 -16 -18 -25
right_child=7 5 3 4 6 17 -8 10 -10 -11 19 18 13 -15 24 16 28 -19 -20 21 -22 -23 -24 29 25 -27 -28 -29 -30 -31
leaf_value=0.089047714046628645 0.069818642093776195 0.073327960843173876 -0.0046298796174552475 -0.0093810518116795305 0.08962922767263734 0.13187039887226373 0.098492276072926932 -0.084184806678042026 0.025096209805944521 0.013006951970658182 0.074073150780202587 0.080387460793468993 0.10407573782807791 -0.0059299171578077814 0.1063011176565474 0.068782815294131494 0.18716853726788812 0.080019039644210421 0.051581676610335817 0.056318754264462034 -0.037018105576646095 -0.04895587927697137 -0.11264389383966533 -0.10198131278594372 0.047353262078273277 0.086639026403572683 -0.12011456822436613 -0.11366773780731623 -0.083567289025400115 0.035441365922054692
leaf_weight=3381.5540456351214 764.12115553769343 176.7293070407768 9.6407943090163695 7.8500283069229786 12.976807616173689 15.383871943408392 149.73912521796979 2.7995744766058115 30.818527274040889 16.614389021470515 39.206448756618158 119.2770535357036 10.586433342268551 5.6002769655162856 118.44977468410752 14.277957486000561 0.55574841401175934 407.33781032846855 74.522970393957564 7.3346034505176458 3.6138762600867258 6.9050650288912152 1.237406992310581 2.0883296722198557 9.5218111793569715 58.673696847819087 1.8168944530141278 0.80410795138914082 4.3903458904800337 12.652496638258979
leaf_count=171890 26699 22311 2114 814 880 1789 7355 259 4609 4173 2840 5730 2980 2424 9435 7273 62 6124 5287 704 479 1102 961 305 947 6246 832 289 3326 1088
internal_value=0 0.0858358 0.0876801 0.0757839 0.0778289 0.0750864 0.0909895 0.0718396 0.0622261 0.0681445 0.0435973 0.0662472 0.0735472 0.0861584 0.0884993 0.0541619 0.0283372 0.081906 0.0693106 0.0498668 0.0646975 0.00526924 0.0543134 0.0504571 0.0941321 0.0759306 0.0205185 0.104818 -0.0531471 0.0159727
internal_weight=0 4417.19 3770.3 388.748 379.107 646.884 177.457 1049.9 224.162 193.344 59.8596 201.65 990.036 225.914 220.314 31.0479 20.4615 422.722 193.8 57.06 42.8203 14.2397 15.5154 27.7176 189.266 70.0124 11.3387 119.254 4.94609 14.7408
internal_count=301327 234469 195463 23573 21459 39006 9628 66858 31093 26484 5384 11831 61474 34775 32351 14602 11622 7913 11017 5125 3319 1806 8234 2273 17749 8025 1779 9724 3388 1393
is_linear=0
shrinkage=0.1


Tree=193
num_leaves=31
num_cat=0
split_feature=86 86 86 205 124 156 10 170 65 72 228 171 132 8 186 185 74 88 201 227 220 200 74 128 118 212 197 106 164 226
split_gain=28.6748 10.4524 6.40806 4.60891 5.31856 4.39855 5.29773 3.92664 3.78035 3.54019 3.5238 3.19405 3.65895 3.81338 3.18791 3.15517 3.076 3.85502 4.73663 3.56388 3.39195 3.16665 3.39892 3.04931 3.04345 4.17112 4.04039 3.72081 3.3049 3.20497
threshold=-0.92568716406822193 -1.1817154288291929 -0.6793040633201598 -0.14293886721134183 0.002428972278721631 0.5317540466785432 127.50000000000001 0.45127125084400183 112.50000000000001 0.086313325911760344 0.0015620552003383639 0.4897675514221192 -0.032265162095427506 0.12840287387371066 -0.10633188113570212 -0.064603991806507097 0.43614129722118383 0.66454005241394054 -0.089379716664552675 0.052527258172631271 -0.15290808677673337 -0.12372733280062674 0.39471396803855902 -0.059322213754057877 0.012407000176608564 -0.0093818302266299707 0.14189139753580096 -0.0061696360353380433 2.2499048709869389 -0.049731027334928506
decision_type=2 2 2 2 2 2 10 2 2 2 2 2 2 10 2 2 2 2 2 2 2 2 2 2 2 2 2 2 2 2
left_child=1 -1 5 4 9 11 14 15 -9 -4 -6 -2 13 -13 -7 -5 17 18 -3 -18 -20 22 -19 -17 28 -26 27 -27 -8 -29
right_child=2 16 3 7 10 6 24 8 -10 -11 -12 12 -14 -15 -16 23 19 21 20 -21 -22 -23 -24 -25 25 26 -28 29 -30 -31
leaf_value=0.056767507401585496 0.087597984934857973 -0.011546956809896605 0.085809966224053583 0.14638401569915846 -0.079863019394540796 -0.079433435440228295 -0.0202692456363298 0.09444078426433454 0.038574057561888864 -0.080066576580074322 0.063556075337744808 0.082210124248871225 0.076990370919805373 -0.025152455758488138 0.0402909757482895 -0.014333557391264812 0.055550143209595532 0.066237082249609266 -0.15033350239826834 0.087289724043992795 0.067834727630164557 0.081139027717341161 -0.043357768071224718 0.10772818503922993 0.085443554567550206 0.069168174727749054 -0.079585674458892586 0.099279151248708911 0.099157659131273071 -0.054625855447027798
leaf_weight=317.76363837860276 2198.4917793154996 8.9396931907064054 28.229184666508448 22.932578294334689 4.0149236882605228 2.4386209782223913 2.4140260446874882 1006.7353999937601 12.259777142340679 1.3480822024812358 2.9882253772461809 5.8495623825465355 100.83301540249954 7.615135624100958 25.273935974372762 2.0933994934734974 128.43421395690802 105.93099505627083 0.71985689317148072 48.826042020625664 71.019444889488 1175.1104115062517 2.9075050713956889 91.635771567723282 38.195616215249174 20.213092874662841 2.763072944013401 1.8213749020942485 57.740356580623484 5.2624030326551283
leaf_count=25140 114942 933 1419 975 461 362 54 43001 746 248 515 721 7121 679 1706 157 10106 7408 95 2406 4979 71689 361 4087 327 195 18 22 408 88
internal_value=0 0.0732821 0.0885447 0.0946329 0.0596955 0.085654 0.0694083 0.0957582 0.0937686 0.0782496 -0.0186665 0.0867506 0.0704522 0.0214898 0.0297556 0.113137 0.0766855 0.0782953 0.0570922 0.0642928 0.0656456 0.0796276 0.0633094 0.105002 0.0779659 0.0635132 0.0356475 0.0473118 0.094365 -0.0150539
internal_weight=0 1859.65 3641.15 1172.24 36.5804 2468.91 156.122 1135.66 1019 29.5773 7.00315 2312.79 114.298 13.4647 27.7126 116.662 1541.89 1364.63 80.679 177.26 71.7393 1283.95 108.839 93.7292 128.41 68.2556 30.0599 27.2969 60.1544 7.08378
internal_count=301369 123117 178252 51609 2643 126643 3180 48966 43747 1667 976 123463 8521 1400 2068 5219 97977 85465 6007 12512 5074 79458 7769 4244 1112 650 323 305 462 110
is_linear=0
shrinkage=0.1


Tree=194
num_leaves=31
num_cat=0
split_feature=93 121 103 63 161 65 221 9 157 224 158 93 195 137 156 7 186 221 163 223 116 2 1 98 11 63 118 226 88 12
split_gain=13.9687 9.11368 5.88119 4.18368 4.57994 4.54677 5.32092 4.24047 4.02404 5.38547 4.17637 4.38117 4.48782 4.05546 4.01433 3.97935 3.9717 3.83778 3.81781 3.71915 3.65099 4.06187 4.28648 4.1696 3.84487 3.64464 3.52093 3.43243 3.40701 4.54711
threshold=0.16779790818691256 0.065809894353151335 0.10245418176054956 -0.17180135101079938 3.5653271675109868 11.500000000000002 -0.096297178417444215 0.055696560069918639 0.53734791278839122 -0.13352238386869428 0.36666667461395269 0.043345240876078613 0.040122864767909057 0.02988724131137133 0.025751547887921337 1.0000000180025095e-35 0.16578824818134311 0.12852688878774646 -0.19110964238643643 -0.05492794327437877 -0.019017159938812252 0.054446639493107803 0.14434523880481723 -0.024480300024151799 0.021786595694720749 0.46641315519809728 -0.012424245476722716 -0.14459964632987973 0.77847048640251171 136.50000000000003
decision_type=2 2 2 2 2 2 2 10 2 2 2 2 2 2 2 8 2 2 2 2 2 10 10 2 8 2 2 2 2 10
left_child=1 2 3 -1 5 6 15 28 10 -10 11 12 13 17 -2 16 -5 -3 -16 -14 21 23 -23 -4 -22 -8 -15 -25 -6 -30
right_child=14 8 20 4 7 -7 25 -9 9 -11 -12 -13 19 26 18 -17 -18 -19 -20 -21 24 22 -24 27 -26 -27 -28 -29 29 -31
leaf_value=0.094195596065787784 0.015856392475608896 0.090105964348074358 0.041188703164607682 0.15180782540951859 0.082397080894788532 0.099715629520274934 0.085162023309384605 0.11887162788836202 0.00088170262702439101 0.080526703338250918 0.085559837692524732 0.011682004827773202 -0.06906311944319514 0.11214348710190036 0.070536497377084006 0.11205119220558167 0.56668998133329318 -0.12400219465196871 0.084256079214234808 0.039990725380546883 0.099874226249261192 0.054983264233924883 -0.058853118260099903 -0.093354348248966518 0.077650018547811089 0.040072941999867884 -0.014246099224141299 0.096678261815132907 0.026703330805937554 0.075071051836479982
leaf_weight=1045.8244163350496 12.107221491677363 48.380378192745468 19.707884297205737 0.57932458428581313 840.22235452791188 378.71874197340537 702.8087492494667 29.333867715021142 8.6788164464378479 390.17822259361287 43.973028742956558 24.358993909319963 3.771606376487628 3.0152427348807569 867.25451693852801 57.248785774458838 0.38348065338232118 0.85191103960823866 264.74826453185119 18.304425414944831 103.33980563214112 82.011742837336897 3.4468144759212 0.96507060129778111 315.52903000247341 18.396422275439249 8.1934890956872533 62.895421884218422 25.638893703821395 80.349610818646397
leaf_count=50345 12513 7353 2177 725 42091 12417 40674 3403 265 8971 5000 4773 1066 445 26338 1941 104 233 32997 4230 9587 3798 329 112 14117 2121 1993 4628 4114 2373
internal_value=0 0.0855603 0.0873154 0.0890143 0.0864747 0.0907269 0.0863593 0.0814267 0.073532 0.0787937 0.0596195 0.0489467 0.0599472 0.0740414 0.0731326 0.115442 0.317053 0.0864011 0.0737452 0.0213593 0.078127 0.0657214 0.0503919 0.0813976 0.083133 0.0840119 0.0197538 0.0938065 0.0802659 0.0633708
internal_weight=0 4317.11 3767.4 3179.5 2133.68 1158.14 779.417 975.545 549.706 398.857 150.849 106.876 82.5171 60.441 1144.11 58.2116 0.962805 49.2323 1132 22.076 587.896 169.027 85.4586 83.5684 418.869 721.205 11.2087 63.8605 946.211 105.989
internal_count=301233 229385 195056 160308 109963 57982 45565 51981 34329 9236 25093 20093 15320 10024 71848 2770 829 7586 59335 5296 34748 11044 4127 6917 23704 42795 2438 4740 48578 6487
is_linear=0
shrinkage=0.1


end of trees

feature_importances:
implicit_mean_localness=354
interact_cos_taste_poi=301
text_emb_00=220
interact_category_affinity=165
implicit_taste_01=120
text_emb_01=110
cat_subcategory=102
behav_visit_rate=87
num_rating_shrunk=70
interact_price_gap=69
num_localness=67
explicit_days_remaining=66
implicit_mean_pop_pct=61
interact_interest_match=53
implicit_taste_11=51
behav_impressions=50
geo_dist_to_tourist_centroid_km=50
behav_unique_travelers=49
behav_save_rate=48
text_emb_05=46
interact_localness_gap=45
explicit_touristiness_pref=44
behav_archetype_affinity_07=41
num_pop_pct=39
behav_archetype_affinity_00=37
behav_archetype_affinity_03=37
implicit_interaction_count=37
text_emb_39=37
behav_archetype_affinity_06=36
implicit_taste_29=36
text_emb_12=36
behav_archetype_affinity_04=35
behav_ctr_smoothed=35
implicit_category_dist_historic_site=35
implicit_taste_37=35
implicit_taste_43=35
behav_archetype_affinity_05=33
text_emb_16=33
behav_archetype_affinity_02=32
text_emb_13=32
text_emb_27=32
text_emb_57=32
implicit_taste_14=31
implicit_taste_61=31
implicit_taste_00=30
num_crowd_index=30
text_emb_03=30
text_emb_10=30
text_emb_20=30
text_emb_28=30
text_emb_35=30
implicit_category_dist_restaurant=29
implicit_mean_price_level=29
implicit_taste_60=29
implicit_category_dist_viewpoint=28
text_emb_18=28
text_emb_24=28
text_emb_29=28
text_emb_38=28
text_emb_60=28
behav_dismiss_rate=27
implicit_taste_12=27
implicit_taste_53=27
num_log_review_count=27
text_emb_11=27
text_emb_61=27
geo_dist_to_transit_km=26
geo_lat=26
implicit_taste_36=26
text_emb_08=26
text_emb_09=26
text_emb_14=26
text_emb_30=26
text_emb_36=26
text_emb_37=26
text_emb_43=26
implicit_taste_39=25
text_emb_19=25
text_emb_31=25
text_emb_32=25
text_emb_40=25
text_emb_58=25
geo_density_500m=24
implicit_taste_02=24
implicit_taste_21=24
implicit_taste_40=24
implicit_taste_46=24
implicit_taste_58=24
text_emb_04=24
text_emb_42=24
implicit_taste_23=23
implicit_taste_27=23
implicit_taste_28=23
implicit_taste_41=23
text_emb_21=23
text_emb_41=23
text_emb_49=23
text_emb_50=23
implicit_taste_57=22
text_emb_15=22
text_emb_25=22
text_emb_34=22
text_emb_44=22
text_emb_51=22
text_emb_63=22
behav_archetype_affinity_01=21
implicit_taste_44=21
implicit_taste_52=21
text_emb_23=21
text_emb_53=21
implicit_taste_03=20
implicit_taste_15=20
implicit_taste_17=20
implicit_taste_35=20
implicit_taste_47=20
implicit_taste_51=20
text_emb_45=20
text_emb_56=20
implicit_category_dist_nature_park=19
implicit_days_since_last_interaction=19
implicit_taste_09=19
implicit_taste_32=19
implicit_taste_48=19
implicit_taste_55=19
text_emb_46=19
implicit_category_dist_entertainment=18
implicit_category_dist_museum=18
implicit_taste_05=18
implicit_taste_07=18
implicit_taste_24=18
implicit_taste_45=18
num_expected_duration_min=18
text_emb_26=18
text_emb_48=18
text_emb_52=18
text_emb_54=18
implicit_category_dist_family_activity=17
implicit_taste_13=17
implicit_taste_56=17
text_emb_02=17
text_emb_06=17
text_emb_17=17
text_emb_22=17
implicit_taste_18=16
implicit_taste_22=16
implicit_taste_31=16
implicit_taste_50=16
num_price_level=16
text_emb_07=16
text_emb_55=16
text_emb_62=16
implicit_taste_16=15
implicit_taste_30=15
implicit_taste_62=15
implicit_taste_63=15
geo_lon=14
implicit_category_dist_nightlife=14
implicit_taste_19=14
implicit_taste_34=14
implicit_taste_42=14
implicit_taste_49=14
implicit_taste_59=14
text_emb_47=14
implicit_category_dist_cafe=13
implicit_taste_20=13
implicit_taste_25=13
implicit_taste_33=13
implicit_taste_38=13
implicit_taste_54=13
num_open_hours_per_week=13
implicit_taste_26=12
text_emb_33=12
text_emb_59=12
implicit_breadth_categories=11
implicit_category_dist_wellness_spa=11
implicit_taste_04=11
implicit_taste_08=11
implicit_taste_10=11
implicit_taste_06=10
implicit_category_dist_shopping=9
implicit_category_dist_religious_site=7
cat_category=5
explicit_budget_ordinal=4
explicit_interest_budget-friendly=3
explicit_interest_religious_site=3
explicit_pace_ordinal=3
explicit_party_family_young_kids=3
explicit_trip_duration_days=3
num_reservation_lead_days=3
cat_indoor_outdoor=3
explicit_accessibility_wheelchair=2
explicit_interest_cafe=2
explicit_interest_family_activity=2
explicit_interest_relaxing=2
explicit_interest_shopping=2
explicit_party_couple=2
explicit_party_family_teens=2
explicit_party_friends=2
explicit_accessibility_stroller=1
explicit_interest_adventurous=1
explicit_interest_authentic=1
explicit_interest_entertainment=1
explicit_interest_family-friendly=1
explicit_interest_foodie=1
explicit_interest_hidden-gem=1
explicit_interest_historic_site=1
explicit_interest_local=1
explicit_interest_luxury=1
explicit_interest_nightlife=1
explicit_interest_restaurant=1
explicit_interest_romantic=1
explicit_interest_touristy=1
explicit_mobility_car=1
explicit_mobility_mixed=1
explicit_mobility_public_transport=1
explicit_season_spring=1
explicit_season_winter=1

parameters:
[boosting: gbdt]
[objective: lambdarank]
[metric: ndcg]
[tree_learner: serial]
[device_type: cpu]
[data_sample_strategy: bagging]
[data: ]
[valid: ]
[num_iterations: 195]
[learning_rate: 0.1]
[num_leaves: 31]
[num_threads: 16]
[seed: 204]
[deterministic: 1]
[force_col_wise: 0]
[force_row_wise: 1]
[histogram_pool_size: -1]
[max_depth: -1]
[min_data_in_leaf: 20]
[min_sum_hessian_in_leaf: 0.001]
[bagging_fraction: 0.8]
[pos_bagging_fraction: 1]
[neg_bagging_fraction: 1]
[bagging_freq: 1]
[bagging_seed: 204]
[feature_fraction: 0.8]
[feature_fraction_bynode: 1]
[feature_fraction_seed: 204]
[extra_trees: 0]
[extra_seed: 26418]
[early_stopping_round: 0]
[early_stopping_min_delta: 0]
[first_metric_only: 0]
[max_delta_step: 0]
[lambda_l1: 0]
[lambda_l2: 0]
[linear_lambda: 0]
[min_gain_to_split: 0]
[drop_rate: 0.1]
[max_drop: 50]
[skip_drop: 0.5]
[xgboost_dart_mode: 0]
[uniform_drop: 0]
[drop_seed: 28281]
[top_rate: 0.2]
[other_rate: 0.1]
[min_data_per_group: 100]
[max_cat_threshold: 32]
[cat_l2: 10]
[cat_smooth: 10]
[max_cat_to_onehot: 4]
[top_k: 20]
[monotone_constraints: ]
[monotone_constraints_method: basic]
[monotone_penalty: 0]
[feature_contri: ]
[forcedsplits_filename: ]
[refit_decay_rate: 0.9]
[cegb_tradeoff: 1]
[cegb_penalty_split: 0]
[cegb_penalty_feature_lazy: ]
[cegb_penalty_feature_coupled: ]
[path_smooth: 0]
[interaction_constraints: ]
[verbosity: -1]
[saved_feature_importance_type: 0]
[use_quantized_grad: 0]
[num_grad_quant_bins: 4]
[quant_train_renew_leaf: 0]
[stochastic_rounding: 1]
[linear_tree: 0]
[max_bin: 63]
[max_bin_by_feature: ]
[min_data_in_bin: 3]
[bin_construct_sample_cnt: 200000]
[data_random_seed: 204]
[is_enable_sparse: 1]
[enable_bundle: 1]
[use_missing: 1]
[zero_as_missing: 0]
[feature_pre_filter: 1]
[pre_partition: 0]
[two_round: 0]
[header: 0]
[label_column: ]
[weight_column: ]
[group_column: ]
[ignore_column: ]
[categorical_feature: 234,235,236,237]
[forcedbins_filename: ]
[precise_float_parser: 0]
[parser_config_file: ]
[objective_seed: 15876]
[num_class: 1]
[is_unbalance: 0]
[scale_pos_weight: 1]
[sigmoid: 1]
[boost_from_average: 1]
[reg_sqrt: 0]
[alpha: 0.9]
[fair_c: 1]
[poisson_max_delta_step: 0.7]
[tweedie_variance_power: 1.5]
[lambdarank_truncation_level: 20]
[lambdarank_norm: 1]
[label_gain: 0,1,3,7]
[lambdarank_position_bias_regularization: 0]
[eval_at: 10]
[multi_error_top_k: 1]
[auc_mu_weights: ]
[num_machines: 1]
[local_listen_port: 12400]
[time_out: 120]
[machine_list_filename: ]
[machines: ]
[gpu_platform_id: -1]
[gpu_device_id: -1]
[gpu_use_dp: 0]
[num_gpu: 1]

end of parameters

pandas_categorical:[["cafe", "entertainment", "family_activity", "historic_site", "museum", "nature_park", "nightlife", "religious_site", "restaurant", "shopping", "viewpoint", "wellness_spa"], ["indoor", "mixed", "outdoor"], ["1", "2", "3", "4"], ["amusement_park", "aquarium", "arcade", "art_museum", "artisan_shop", "bakery", "bar", "botanical_garden", "boutique", "cathedral", "cinema", "city_park", "club", "dessert_cafe", "escape_room", "fine_dining", "flea_market", "fortress", "fusion", "gallery", "garden", "hiking_trail", "history_museum", "interactive_museum", "live_music", "live_show", "local_eatery", "mall", "market", "massage", "monastery", "monument", "observation_deck", "old_town", "onsen", "palace", "playground", "riverside", "rooftop_bar", "rooftop_view", "scenic_overlook", "science_museum", "shrine", "spa", "speakeasy", "specialty_coffee", "street_food", "tea_house", "temple_site", "temple_worship", "theater", "tower", "traditional", "yoga_studio", "zoo"]]
