tree
version=v4
num_class=1
num_tree_per_iteration=1
label_index=0
max_feature_idx=237
objective=lambdarank
feature_names=behav_archetype_affinity_00 behav_archetype_affinity_01 behav_archetype_affinity_02 behav_archetype_affinity_03 behav_archetype_affinity_04 behav_archetype_affinity_05 behav_archetype_affinity_06 behav_archetype_affinity_07 behav_ctr_smoothed behav_dismiss_rate behav_impressions behav_save_rate behav_unique_travelers behav_visit_rate explicit_accessibility_stroller explicit_accessibility_wheelchair explicit_budget_ordinal explicit_days_remaining explicit_interest_adventurous explicit_interest_artsy explicit_interest_authentic explicit_interest_budget-friendly explicit_interest_cafe explicit_interest_cultural explicit_interest_entertainment explicit_interest_family-friendly explicit_interest_family_activity explicit_interest_foodie explicit_interest_hidden-gem explicit_interest_historic explicit_interest_historic_site explicit_interest_indoor explicit_interest_lively explicit_interest_local explicit_interest_luxury explicit_interest_museum explicit_interest_nature explicit_interest_nature_park explicit_interest_nightlife explicit_interest_outdoor explicit_interest_relaxing explicit_interest_religious_site explicit_interest_restaurant explicit_interest_romantic explicit_interest_shopping explicit_interest_touristy explicit_interest_trendy explicit_interest_viewpoint explicit_interest_wellness_spa explicit_mobility_car explicit_mobility_mixed explicit_mobility_public_transport explicit_mobility_walk explicit_pace_ordinal explicit_party_couple explicit_party_family_teens explicit_party_family_young_kids explicit_party_friends explicit_party_solo explicit_season_autumn explicit_season_spring explicit_season_summer explicit_season_winter explicit_touristiness_pref explicit_trip_duration_days geo_density_500m geo_dist_to_tourist_centroid_km geo_dist_to_transit_km geo_lat geo_lon implicit_breadth_categories implicit_category_dist_cafe implicit_category_dist_entertainment implicit_category_dist_family_activity implicit_category_dist_historic_site implicit_category_dist_museum implicit_category_dist_nature_park implicit_category_dist_nightlife implicit_category_dist_religious_site implicit_category_dist_restaurant implicit_category_dist_shopping implicit_category_dist_viewpoint implicit_category_dist_wellness_spa implicit_days_since_last_interaction implicit_days_since_last_interaction_was_missing implicit_interaction_count implicit_mean_localness implicit_mean_localness_was_missing implicit_mean_pop_pct implicit_mean_pop_pct_was_missing implicit_mean_price_level implicit_mean_price_level_was_missing implicit_taste_00 implicit_taste_01 implicit_taste_02 implicit_taste_03 implicit_taste_04 implicit_taste_05 implicit_taste_06 implicit_taste_07 implicit_taste_08 implicit_taste_09 implicit_taste_10 implicit_taste_11 implicit_taste_12 implicit_taste_13 implicit_taste_14 implicit_taste_15 implicit_taste_16 implicit_taste_17 implicit_taste_18 implicit_taste_19 implicit_taste_20 implicit_taste_21 implicit_taste_22 implicit_taste_23 implicit_taste_24 implicit_taste_25 implicit_taste_26 implicit_taste_27 implicit_taste_28 implicit_taste_29 implicit_taste_30 implicit_taste_31 implicit_taste_32 implicit_taste_33 implicit_taste_34 implicit_taste_35 implicit_taste_36 implicit_taste_37 implicit_taste_38 implicit_taste_39 implicit_taste_40 implicit_taste_41 implicit_taste_42 implicit_taste_43 implicit_taste_44 implicit_taste_45 implicit_taste_46 implicit_taste_47 implicit_taste_48 implicit_taste_49 implicit_taste_50 implicit_taste_51 implicit_taste_52 implicit_taste_53 implicit_taste_54 implicit_taste_55 implicit_taste_56 implicit_taste_57 implicit_taste_58 implicit_taste_59 implicit_taste_60 implicit_taste_61 implicit_taste_62 implicit_taste_63 interact_category_affinity interact_cos_taste_poi interact_interest_match interact_localness_gap interact_price_gap num_crowd_index num_expected_duration_min num_localness num_log_review_count num_open_hours_per_week num_pop_pct num_price_level num_rating_shrunk num_reservation_lead_days text_emb_00 text_emb_01 text_emb_02 text_emb_03 text_emb_04 text_emb_05 text_emb_06 text_emb_07 text_emb_08 text_emb_09 text_emb_10 text_emb_11 text_emb_12 text_emb_13 text_emb_14 text_emb_15 text_emb_16 text_emb_17 text_emb_18 text_emb_19 text_emb_20 text_emb_21 text_emb_22 text_emb_23 text_emb_24 text_emb_25 text_emb_26 text_emb_27 text_emb_28 text_emb_29 text_emb_30 text_emb_31 text_emb_32 text_emb_33 text_emb_34 text_emb_35 text_emb_36 text_emb_37 text_emb_38 text_emb_39 text_emb_40 text_emb_41 text_emb_42 text_emb_43 text_emb_44 text_emb_45 text_emb_46 text_emb_47 text_emb_48 text_emb_49 text_emb_50 text_emb_51 text_emb_52 text_emb_53 text_emb_54 text_emb_55 text_emb_56 text_emb_57 text_emb_58 text_emb_59 text_emb_60 text_emb_61 text_emb_62 text_emb_63 cat_category cat_indoor_outdoor cat_price_level cat_subcategory
feature_infos=[0:1] [0:1] [0:1] [0:1] [0:1] [0:1] [0:1] [0:1] [0.0055497223511338234:0.62498992681503296] [0:1] [0:6042] [0:0.5] [0:584] [0:1] [0:1] [0:1] [0:2] [1:164] [0:1] [0:1] [0:1] [0:1] [0:1] [0:1] [0:1] [0:1] [0:1] [0:1] [0:1] [0:1] [0:1] [0:1] [0:1] [0:1] [0:1] [0:1] [0:1] [0:1] [0:1] [0:1] [0:1] [0:1] [0:1] [0:1] [0:1] [0:1] [0:1] [0:1] [0:1] [0:1] [0:1] [0:1] [0:1] [0:2] [0:1] [0:1] [0:1] [0:1] [0:1] [0:1] [0:1] [0:1] [0:1] [-0.9655526876449585:1] [2:10] [0:116] [0.021191015839576721:21.412565231323242] [0.05207129567861557:15.534337997436523] [34.860679626464844:41.578414916992188] [2.0387704372406006:135.91542053222656] [1:12] [0:0.49019607901573181] [0:0.44999998807907104] [0:0.66666668653488159] [0:0.83333331346511841] [0:0.93103450536727905] [0:1] [0:0.6111111044883728] [0:0.46153846383094788] [0:0.81818181276321411] [0:0.72727274894714355] [0:0.66666668653488159] [0:0.25609755516052246] [1:164] none [2:151] [-1.7797163724899292:-0.26616141200065613] none [0.42279192805290222:0.95031058788299561] none [1:3.2241380214691162] none [0.59477716684341431:0.97488892078399658] [-0.43858450651168823:0.62415558099746704] [-0.31171634793281555:0.36904746294021606] [-0.42053014039993286:0.39036154747009277] [-0.34041944146156311:0.41415837407112122] [-0.25920736789703369:0.30391359329223633] [-0.2358517050743103:0.31770187616348267] [-0.29771414399147034:0.40380805730819702] [-0.36651107668876648:0.4388214647769928] [-0.30595335364341736:0.22217352688312531] [-0.20948196947574615:0.22131527960300446] [-0.24775315821170807:0.36996161937713623] [-0.2711048424243927:0.25207141041755676] [-0.28191685676574707:0.26110810041427612] [-0.20094713568687439:0.16626758873462677] [-0.16527366638183594:0.18616436421871185] [-0.16928394138813019:0.14132086932659149] [-0.20206160843372345:0.17175500094890594] [-0.19328296184539795:0.17563380300998688] [-0.14603090286254883:0.24440135061740875] [-0.13613225519657135:0.13954539597034454] [-0.16909117996692657:0.17941060662269592] [-0.13495446741580963:0.18130546808242798] [-0.15851303935050964:0.17463861405849457] [-0.17047809064388275:0.14725363254547119] [-0.15562349557876587:0.14453977346420288] [-0.14128944277763367:0.19179722666740417] [-0.19813212752342224:0.12314403057098389] [-0.14228041470050812:0.16201747953891754] [-0.13509683310985565:0.20208346843719482] [-0.13565665483474731:0.16597357392311096] [-0.11702318489551544:0.1132306382060051] [-0.11334942281246185:0.16350466012954712] [-0.1279589980840683:0.14252346754074097] [-0.13050307333469391:0.12186077237129211] [-0.13708750903606415:0.13468082249164581] [-0.11906753480434418:0.11088670045137405] [-0.13899222016334534:0.10267281532287598] [-0.1084619015455246:0.089178502559661865] [-0.11919090151786804:0.071580931544303894] [-0.11874961107969284:0.096414081752300262] [-0.11466296762228012:0.10284779220819473] [-0.095809221267700195:0.091158740222454071] [-0.10253777354955673:0.08225492388010025] [-0.10553955286741257:0.1180543377995491] [-0.12811583280563354:0.095268204808235168] [-0.10427157580852509:0.10017471760511398] [-0.092184342443943024:0.11072251945734024] [-0.12115511298179626:0.09478083997964859] [-0.092715971171855927:0.096345871686935425] [-0.086088024079799652:0.10565819591283798] [-0.10114496946334839:0.10056562721729279] [-0.13512273132801056:0.087142087519168854] [-0.073734365403652191:0.097973056137561798] [-0.10147803276777267:0.093480505049228668] [-0.086102209985256195:0.1023106575012207] [-0.11831405758857727:0.088953226804733276] [-0.10229801386594772:0.093699775636196136] [-0.090669639408588409:0.08360009640455246] [-0.11035910248756409:0.085057847201824188] [-0.099300086498260498:0.13352523744106293] [-0.085660234093666077:0.088212095201015472] [-0.10855717211961746:0.11362701654434204] [-0.072306267917156219:0.088762454688549042] [0:1] [0.014689238741993904:0.88764119148254395] [0:1] [3.8502062125189696e-06:3.1484007835388184] [0.5:2.5] [2.5485823154449463:5.3309640884399414] [15:300] [-2.2179117202758789:1.8724242448806763] [0.69314718246459961:8.0404472351074219] [36:105] [0.0020703934133052826:1] [1:4] [1.6120688915252686:4.5217084884643555] [0:14] [0.32416447997093201:0.65636014938354492] [-0.31660717725753784:0.71838390827178955] [-0.45795035362243652:0.68267017602920532] [-0.61014962196350098:0.50857901573181152] [-0.40947476029396057:0.52698755264282227] [-0.26005589962005615:0.79931795597076416] [-0.57793354988098145:0.46906685829162598] [-0.38699272274971008:0.5120316743850708] [-0.52089846134185791:0.51966255903244019] [-0.46495679020881653:0.4552294909954071] [-0.2977428138256073:0.44194278120994568] [-0.30275160074234009:0.55359691381454468] [-0.49580603837966919:0.5362810492515564] [-0.44251111149787903:0.46060755848884583] [-0.34212762117385864:0.36990499496459961] [-0.37616515159606934:0.3880174458026886] [-0.3147437572479248:0.3363058865070343] [-0.29219326376914978:0.39536005258560181] [-0.39982202649116516:0.31621810793876648] [-0.3834976851940155:0.41348108649253845] [-0.36725780367851257:0.3064713180065155] [-0.34936785697937012:0.38033422827720642] [-0.34510073065757751:0.38328292965888977] [-0.33057644963264465:0.33288359642028809] [-0.40244349837303162:0.37094253301620483] [-0.26097491383552551:0.40840733051300049] [-0.288188636302948:0.40808486938476562] [-0.31503972411155701:0.3266105055809021] [-0.31540456414222717:0.32317006587982178] [-0.29291972517967224:0.35593584179878235] [-0.31266158819198608:0.37510642409324646] [-0.33211511373519897:0.29312002658843994] [-0.31406748294830322:0.30381119251251221] [-0.2734890878200531:0.36704990267753601] [-0.34357258677482605:0.24741937220096588] [-0.26656851172447205:0.32804849743843079] [-0.20159848034381866:0.24319593608379364] [-0.28975421190261841:0.27648249268531799] [-0.33705943822860718:0.26798981428146362] [-0.32380011677742004:0.29791733622550964] [-0.25453466176986694:0.38841700553894043] [-0.30357715487480164:0.29289805889129639] [-0.29712143540382385:0.26045814156532288] [-0.25278228521347046:0.34213274717330933] [-0.33229947090148926:0.25091928243637085] [-0.22893556952476501:0.21988382935523987] [-0.23165377974510193:0.31832039356231689] [-0.20833024382591248:0.40913042426109314] [-0.26650699973106384:0.24067015945911407] [-0.29394838213920593:0.27541038393974304] [-0.27113410830497742:0.3310864269733429] [-0.24472339451313019:0.31705185770988464] [-0.24432000517845154:0.25000399351119995] [-0.24773885309696198:0.23663166165351868] [-0.23521457612514496:0.22563724219799042] [-0.21364669501781464:0.24460819363594055] [-0.21396258473396301:0.26981928944587708] [-0.22185257077217102:0.28129103779792786] [-0.23144182562828064:0.2175757884979248] [-0.27865231037139893:0.29086548089981079] [-0.22811342775821686:0.25541409850120544] [-0.27383169531822205:0.27264690399169922] [-0.23763503134250641:0.29348507523536682] [-0.17762419581413269:0.19497372210025787] -1:8:9:3:0:5:4:6:1:2:10:7:11 -1:0:2:1 -1:1:0:2:3 -1:52:26:15:46:18:47:4:31:45:8:33:48:11:28:16:22:37:13:35:17:27:5:41:19:21:40:7:12:44:20:2:6:3:36:24:50:0:32:54:10:25:38:39:23:9:51:14:49:29:42:34:43:1:30
tree_sizes=3548 3540 3539 3525 3531 3554 3555 3575 3547 3547 3560 3557 3561 3580 3512 3541 3555 3552 3542 3554 3554 3568 3577 3558 3567 3504 3523 3507 3512 3565 3559 3531 3565 3547 3507 3537 3525 3570 3557 3528 3516 3541 3541 3556 3546 3551 3537 3522 3512 3505 3512 3524 3516 3532 3510 3522 3511 3487 3510 3515 3503 3521 3512 3531 3518 3507 3513 3480 3506 3497 3511 3494 3531 3505 3504 3507 3506 3522 3510 3517 3508 3498 3501 3504 3496 3512 3512 3501 3492 3491 3500 3515 3499 3500 3525 3499 3508 3512 3491 3494 3515 3504 3508 3509 3509 3512 3505 3492 3507 3513 3498 3500 3509 3504 3504 3514 3507 3508 3505 3516 3490 3520 3524 3526 3525 3496 3523 3505 3521 3513 3509 3521 3529 3497 3514 3530 3509 3536 3476 3515 3519 3503 3541 3527 3513 3505 3526 3501 3511 3506 3507 3497 3512 3501 3497 3512 3510 3508 3515 3509 3504 3505 3501 3491 3504 3503 3524 3494 3504 3517 3515 3506 3512 3506 3503 3506 3504 3512 3528 3517

Tree=0
num_leaves=31
num_cat=3
split_feature=157 13 157 170 157 170 168 11 8 237 237 237 197 12 191 13 157 157 154 134 170 142 120 163 101 170 170 120 149 7
split_gain=761.49 279.952 221.402 220.357 143.688 122.705 99.5256 99.3926 78.8634 60.2943 57.6307 47.6881 57.9795 47.4791 50.8478 45.6559 40.7259 39.941 38.2332 34.9698 40.0423 46.3658 51.175 32.1604 38.4177 29.3633 28.725 27.7679 27.5388 24.9945
threshold=0.49684402346611029 1.0000000180025095e-35 0.38817958533763891 0.48177884519100195 0.57240715622901928 0.57132080197334301 3.189611673355103 0.012081365101039411 0.080889087170362486 0 1 2 1.0000000180025095e-35 19.500000000000004 -0.23276989907026288 0.0092450142838060873 0.4277342706918717 0.43200577795505529 -0.072053495794534669 -0.0088924071751534921 0.54625225067138683 -0.026668541133403775 -0.0039579120930284253 -0.16099397838115689 0.091296102851629271 0.52746748924255382 0.41605599224567419 -0.038577001541852944 -0.051869807764887803 0.04446640424430371
decision_type=2 8 2 2 2 2 2 8 8 9 9 9 2 10 2 8 2 2 2 2 2 2 2 2 2 2 2 2 2 8
left_child=2 13 9 15 5 6 11 28 19 -1 -9 12 -3 -2 -15 -4 -12 26 -7 20 -6 -22 27 -20 -25 -18 -17 -23 -5 -8
right_child=1 4 3 7 8 18 29 10 -10 -11 16 -13 -14 14 -16 17 25 -19 23 -21 21 22 -24 24 -26 -27 -28 -29 -30 -31
leaf_value=-0.081339267556162609 -0.11699952903040556 -0.1195182829471438 0.0046806418966203354 0.10773044367448537 0.13608198635370441 0.1781078210789982 0.047570566346236513 -0.010324675988209671 0.16876548642202846 0.019115350292002758 -0.0016329861615195823 0.10276614253758797 0.12363367614444748 -0.18975998319853815 0.059170203252382828 0.13514450907631614 0.092178660901246795 0.13982302658174647 0.10228110580293703 0.14080037129597242 -0.18730494436190637 -0.093412358447563834 -0.13633846052065479 -0.040789568214518464 0.11825041495836551 0.030707966948566541 0.053094927762800573 0.14827250128787386 -0.086728713516303513 0.15309187470538832
leaf_weight=119.67306601230121 35.161594514618855 24.064672086373321 35.472088650002433 8.039615032161235 40.073080453681541 16.563964568882511 23.049125666120744 143.66077076231636 1715.3297501357699 109.26889278985891 80.115410120649358 475.74262269176529 16.551525721468352 9.4926594418502628 60.526748859953841 67.398337979604548 302.17615354065038 387.14578514717277 33.241365109287926 118.94662454608442 10.229546043930894 5.6895518503588383 11.33065736247954 81.666536070740676 18.658873973666232 104.61066450055478 116.28790292909434 28.905255996345659 77.346284939024827 859.71933476252798
leaf_count=17160 17692 950 8854 346 1005 153 2306 13673 36793 14948 10623 22827 1080 755 9835 1641 21112 17996 2977 2154 87 44 167 5573 268 12552 11243 98 17341 33309
internal_value=0 0.138545 0.0546806 0.070401 0.143403 0.12072 0.129939 0.0328337 0.161607 -0.0361124 0.0465445 0.0950658 -0.0163948 -0.0221888 0.0254223 0.114762 0.0622572 0.121603 0.0348057 0.104541 0.0597201 0.00522716 0.0481122 0.0170345 -0.0112108 0.0763707 0.0832006 0.108524 -0.0684192 0.150337
internal_weight=0 3584.94 1551.19 1322.25 3479.76 1549.26 1399.13 715.949 1930.5 228.942 630.563 516.359 40.6162 105.181 70.0194 606.304 486.902 570.832 150.131 215.175 96.2281 56.155 45.9255 133.567 100.325 406.787 183.686 34.5948 85.3859 882.768
internal_count=285562 138073 147489 115381 109791 69443 60472 75647 40348 32108 57960 24857 2030 28282 10590 39734 44287 30880 8971 3555 1401 396 309 8818 5841 33664 12884 142 17687 35615
cat_boundaries=0 2 4 6
cat_threshold=365791529 5502726 1142425386 593987 2155872768 129
is_linear=0
shrinkage=0.1


Tree=1
num_leaves=31
num_cat=2
split_feature=157 171 168 156 157 168 157 157 157 163 123 237 13 10 237 168 171 11 142 168 88 156 180 120 100 163 13 106 129 120
split_gain=1361.64 536.117 368.735 320.63 314.627 198.862 197.717 185.595 157.646 139.587 140.715 132.082 130.535 102.813 97.0559 93.7415 86.7003 82.6971 81.8063 66.5263 60.1262 56.7445 54.1446 56.036 51.9306 48.2336 45.8402 50.9734 45.5058 44.858
threshold=0.53660830855369579 0.3453053236007691 3.1954355239868169 1.0000000180025095e-35 0.61550846695899974 3.3725087642669682 0.62632915377616893 0.64017945528030407 0.43620117008686071 -0.36949451267719263 0.038039730861783035 0 0.0072595521342009315 159.50000000000003 1 3.2740403413772587 0.52714467048645031 0.0088107436895370501 -0.01003904454410076 2.8031793832778935 0.79357400536537182 0.019324122928082946 0.031345134600996978 0.055665273219347007 -0.19094409793615338 0.39436681568622595 0.017917335964739326 0.039409771561622627 -0.0032045597909018393 -0.0039579120930284253
decision_type=2 2 2 2 2 2 2 2 2 2 2 9 10 10 9 2 2 8 2 2 2 2 2 2 2 2 8 2 2 2
left_child=3 4 6 -1 5 13 19 9 -5 -4 16 -10 18 14 -2 -13 24 29 -8 -3 -16 -7 -15 28 -11 -23 27 -9 -24 -6
right_child=1 2 7 8 17 21 12 26 11 10 -12 15 -14 22 20 -17 -18 -19 -20 -21 -22 25 23 -25 -26 -27 -28 -29 -30 -31
leaf_value=-0.18663021336304655 0.090614447388465094 -0.15401719697948427 0.09153807609090657 -0.038431913693527907 0.12506712071162984 -0.1173678205221322 -0.10908489165714297 0.10441626982076668 -0.011368625990047253 0.10138690612616452 0.15821529152965363 0.018878567661961575 0.090974275475111596 0.12671479868431018 0.036277290160121815 0.077447520809290946 0.050925275106877249 0.15496560592317726 0.035257912547123092 -0.032693762393600015 -0.10080047238800693 0.1372229552219611 0.11209511721392407 -0.094606542187470957 -0.15538235123530206 0.068950208739794835 0.14437089065133685 -0.096457980270507088 0.052519281288669888 0.01854862422939263
leaf_weight=68.320506433237824 555.87262750015725 62.268543423964729 347.95591513527688 260.14893816891708 98.539976754414965 9.0343227261691919 64.773783992321114 60.12985497743648 332.03055357114135 8.7935484706831613 34.045624259779288 389.96452099407543 275.75594358819944 715.87295070498294 333.46645434863058 913.2356367790635 39.498298506296123 3298.0967605730002 99.699253841274185 164.8486388769561 35.394914700551453 2049.1615384352481 360.96243898463581 16.765016284509329 75.533969600004639 108.98302551708912 629.90074563772941 15.992534635290211 198.83666248583177 66.026561314021819
leaf_count=21280 14991 2014 3414 58548 1572 289 892 490 29591 36 181 43166 1871 5994 11406 45634 888 10563 1629 3171 1292 13986 2129 177 1005 3229 2254 176 1877 1777
internal_value=0 0.117493 0.0695167 0.0262019 0.128982 0.111187 0.00982413 0.102388 0.0338736 0.0561538 -0.0218348 0.0453767 0.0489201 0.0901311 0.0646734 0.0594653 -0.0713392 0.151514 -0.0215881 -0.0659569 0.0225133 0.132728 0.108346 0.0855392 -0.128607 0.133775 0.135513 0.0622146 0.0909342 0.0823303
internal_weight=0 9726.21 1879.2 1963.7 7847.01 4384.35 667.346 1211.85 1895.38 505.827 157.871 1635.23 440.229 2217.17 924.734 1303.2 123.826 3462.66 164.473 227.117 368.861 2167.18 1292.44 576.564 84.3275 2158.14 706.023 76.1224 559.799 164.567
internal_count=285522 87303 18021 198219 69282 55370 9577 8444 176939 5524 2110 118391 4392 37866 27689 88800 1929 13912 2521 5185 12698 17504 10177 4183 1041 17215 2920 666 4006 3349
cat_boundaries=0 2 4
cat_threshold=2416116224 869258 1337834292 33888
is_linear=0
shrinkage=0.1


Tree=2
num_leaves=31
num_cat=2
split_feature=157 157 168 11 157 170 170 170 13 163 13 171 163 170 160 170 237 117 170 174 140 63 157 86 224 157 13 237 170 13
split_gain=3093.93 352.926 216.058 151.936 131.597 126.786 112.05 110.029 100.114 66.1186 63.6002 61.0746 56.2608 53.9451 53.6595 52.8699 47.1821 44.3992 43.922 61.7177 57.2708 48.5054 43.6461 43.3149 42.8262 41.0166 40.6017 40.5427 36.6381 40.6119
threshold=0.53660830855369579 0.57795006036758434 3.1954355239868169 0.0088107436895370501 0.47155028581619268 0.61287930607795726 0.52905169129371654 0.52514079213142406 0.047581315040588386 0.20816176384687426 0.012480529490858318 0.45464123785495764 -0.77014034986495961 0.52152159810066234 1.0000000000000002 0.48177884519100195 0 0.021446327678859237 0.51383313536643993 -0.082208245992660509 -0.023599588312208649 -0.28790809214115137 0.41330581903457647 -0.98666787147521962 -0.052405234426259988 0.65876379609107982 0.0051791653968393811 1 0.47715282440185552 0.031677614897489555
decision_type=2 2 2 8 2 2 2 2 10 2 8 2 2 2 2 2 9 2 2 2 2 2 2 2 2 2 10 9 2 8
left_child=4 2 13 26 15 8 28 10 9 11 -6 12 -5 -2 -14 22 -12 -7 -16 20 -20 -22 -1 -23 -25 -13 -3 -11 -4 -30
right_child=1 3 6 5 7 17 -8 -9 -10 27 16 25 14 -15 18 -17 -18 -19 19 -21 21 23 -24 24 -26 -27 -28 -29 29 -31
leaf_value=-0.096838211099678884 0.031944056764689428 -0.079563121040414464 0.14126005433411279 0.14759310334822917 -0.095313304464641632 0.06009740759949872 0.044226631679387861 -0.070414414867193673 0.14507953763627987 -0.036561781335141652 -0.03932412181927377 0.054261059602829655 0.132578825362929 -0.060275806289309113 0.12835738075948466 -0.10457834199549834 0.034016149862557632 -0.088260801287295007 0.13991110508845028 0.11428021514981213 -0.094091445071338833 -0.1302214334639733 -0.020715488987709647 -0.16969736818749975 0.072485640800930951 0.11182654076876751 0.052845307026752386 0.086637162494938122 0.02642996599772221 0.10668751867164641
leaf_weight=114.27897857650896 135.4518933258878 28.304233576895058 266.79912080732174 1144.224158667319 52.40458188518096 113.55834316428081 365.25476026040633 240.3130924657562 2816.2815164303465 28.424107502200059 101.41103252747416 175.13913342366868 1307.8880571011396 119.29738889083092 322.86234263546066 297.57222992666357 436.57706628399319 24.529510432854295 47.860009664029349 257.18378913267225 32.340531779103912 13.395686817530075 220.94651633696776 7.7521955637494093 125.63904584092961 422.04922380566131 127.38751496843179 297.26361607361468 72.610342213760305 478.83288577510393
leaf_count=29284 8153 7379 2419 3584 12116 1097 10532 34270 7930 1354 9879 3394 4076 12755 948 63338 26581 449 223 1269 230 219 22921 90 864 2480 5229 4919 2649 5137
internal_value=0 0.117571 0.0722983 0.1265 -0.039542 0.128632 0.0902804 -0.0133702 0.130505 0.120689 0.0098491 0.124344 0.129731 -0.0112419 0.120067 -0.0738991 0.0200928 0.0337435 0.099789 0.0807386 0.0427348 0.0167709 -0.0466659 0.0411964 0.0584109 0.0949441 0.0287739 0.0774226 0.110838 0.0961197
internal_weight=0 8730.33 1438.25 7292.08 1463.5 7136.39 1183.5 830.706 6998.3 4182.02 590.393 3856.33 3259.15 254.749 2114.92 632.798 537.988 138.088 807.034 484.171 226.987 179.127 335.225 146.787 133.391 597.188 155.692 325.688 818.242 551.443
internal_count=285768 87379 41645 45734 198389 33126 20737 82846 31580 23650 48576 17377 11503 20908 7919 115543 36460 1546 3843 2895 1626 1403 52205 1173 954 5874 12608 6273 10205 7786
cat_boundaries=0 2 4
cat_threshold=2185363968 4932491 2419069056 99887
is_linear=0
shrinkage=0.1


Tree=3
num_leaves=31
num_cat=3
split_feature=157 157 168 157 157 13 157 171 171 171 156 194 163 237 174 174 157 168 13 160 167 237 237 212 124 114 168 171 12 13
split_gain=2759.98 317.784 194.339 118.445 83.2259 81.4602 77.8033 67.1778 66.0751 60.5254 50.7625 59.1926 47.2632 46.3741 37.301 33.8417 32.5599 30.4639 29.6996 29.0028 35.7397 29.3685 28.7346 27.8185 27.3024 28.8242 27.0923 25.4982 24.9879 24.5328
threshold=0.53660830855369579 0.61550846695899974 3.1954355239868169 0.57795006036758434 0.45626243948936468 0.0072595521342009315 0.68788212537765514 0.45464123785495764 0.3453053236007691 0.25678549706935888 0.35574388504028326 0.19005829095840457 0.39436681568622595 0 -0.28143554925918574 1.0000000180025095e-35 0.64017945528030407 3.189611673355103 0.010666742455214264 1.0000000000000002 2.5000000000000004 1 2 -0.019805205054581162 0.05283776484429837 -0.051425270736217492 3.189611673355103 0.45464123785495764 81.500000000000014 0.054079741239547736
decision_type=2 2 2 2 2 8 2 2 2 2 2 2 2 9 2 2 2 2 8 2 2 9 9 2 2 2 2 2 8 10
left_child=4 2 3 -2 -1 -3 8 12 10 18 -7 14 19 26 -12 17 24 -10 -5 -4 -21 -22 -14 -13 -16 -26 -6 -8 -9 -15
right_child=1 5 7 9 13 6 27 28 15 -11 11 23 22 29 16 -17 -18 -19 -20 20 21 -23 -24 -25 25 -27 -28 -29 -30 -31
leaf_value=-0.086938173023510881 -0.038406767677796945 -0.00598023831902692 0.10886378250405063 -0.025873067858244149 -0.050639662122180996 0.13252324357345407 0.15878339159165678 -0.1621507043413179 0.0057224446528607205 -0.10392615658219778 0.040942513728207376 0.13763985119212177 0.083977027606689097 -0.063131461071585557 0.10128638225403513 -0.037753720451495693 0.12641774001469105 0.094993979721459149 0.074081311076694398 0.092204057501643844 0.079333076423226179 -0.025113805026901678 -0.022503259561188021 -0.16411810491028012 0.14700086728794001 -0.054139116545560084 0.019329996932556139 0.12696367906495995 0.031189676301033111 -0.014058502187184352
leaf_weight=463.64866104643443 181.7909104796563 49.843365524888213 1278.0785794689946 32.240017703312333 76.225185394534492 1601.7654289004277 644.40720930724638 7.1008019426808451 44.265220909554046 22.001480992184952 76.119375072768889 4.1371380598284295 33.912709101598011 420.49114031349382 660.27271731579094 25.079663423995953 802.53274255359429 280.18715839530341 381.31908448474132 788.00385406552232 40.967007964442018 52.112721948156832 55.190286833538266 11.680162329808807 10.34049991762731 22.908588871709071 201.95380780514097 413.38733952943585 114.0833718329668 134.44665701485792
leaf_count=96997 20781 5296 10820 3460 9986 3530 1360 976 1586 2245 442 19 1060 60245 2728 400 2963 2148 6081 7229 357 1340 7128 95 27 158 15161 2166 2926 15892
internal_value=0 0.104815 0.079366 0.0293932 -0.052979 0.121173 0.122552 0.0923863 0.115439 0.057691 0.119962 0.107293 0.0962955 -0.03408 0.109229 0.0741636 0.112704 0.0828146 0.0662891 0.0992409 0.0852821 0.0266812 0.0249224 -0.085191 0.0968339 0.00841562 0.000151811 0.146348 0.0198609 -0.0503353
internal_weight=0 7633.73 2986.8 617.351 1296.77 4646.93 4597.08 2369.45 3539.29 435.561 3189.76 1587.99 2248.27 833.117 1572.17 349.532 1496.05 324.452 413.559 2159.16 881.084 93.0797 89.103 15.8173 693.522 33.2491 278.179 1057.79 121.184 554.938
internal_count=285602 87321 64403 32567 198281 22918 17622 31836 14096 11786 9962 6432 27934 101284 6318 4134 5876 3734 9541 19746 8926 1697 8188 114 2913 185 25147 3526 3902 76137
cat_boundaries=0 2 4 6
cat_threshold=1773173959 3124 151277573 307808 17388580 35856
is_linear=0
shrinkage=0.1


Tree=4
num_leaves=31
num_cat=3
split_feature=157 157 168 13 237 157 157 10 237 237 171 10 160 171 157 171 10 197 86 168 168 3 157 168 1 151 202 159 10 58
split_gain=2462.33 319.348 206.789 96.8607 82.7188 80.5441 71.0819 64.0988 68.0156 46.6005 44.3182 40.1166 35.3188 32.5348 36.1746 28.7465 26.7654 25.7457 24.813 26.1496 24.1539 23.4274 22.8967 22.7949 22.4704 22.2419 20.8008 20.5148 20.5073 22.9599
threshold=0.53660830855369579 0.61550846695899974 3.1954355239868169 0.0092450142838060873 0 0.57795006036758434 0.46400280296802526 553.50000000000011 1 2 0.1005845069885254 38.500000000000007 1.0000000000000002 0.49157020449638372 0.65876379609107982 0.084940183907747283 197.50000000000003 -0.17977157980203626 -0.92546641826629628 3.189611673355103 3.401120781898499 0.14042337238788608 0.56230545043945324 3.1829900741577153 1.0000000180025095e-35 0.0071430965326726445 0.022057889029383663 1.0662357211112978 70.500000000000014 1.0000000180025095e-35
decision_type=2 2 2 8 9 2 2 10 9 9 2 8 2 2 2 2 10 2 2 2 2 8 2 2 8 2 2 2 8 2
left_child=6 2 5 -3 15 -2 -1 8 18 -8 16 -6 21 14 20 -4 -7 -14 19 -5 -10 25 24 -11 -23 -13 -17 -28 29 -16
right_child=1 3 4 7 11 10 9 -9 13 23 -12 12 17 -15 28 26 -18 -19 -20 -21 -22 22 -24 -25 -26 -27 27 -29 -30 -31
leaf_value=-0.079405828217061436 -0.041124384250077209 -0.015245328235073888 0.069280451303690566 0.022028198854773692 -0.029958947249198967 0.017017309732765381 0.0070913116862686525 0.13807969983779703 0.098933177659746033 -0.080819371119356401 -0.084251638840303553 0.090863617689667497 -0.075799793906447227 0.017301398099091737 -0.0052258910641586904 0.027273107446363916 0.076588488148982836 0.081050173168344841 0.1028591766727731 0.080942526008041804 0.12640322926200095 0.023228302137733137 0.11872154960478627 -0.034114415913670801 0.098378502355718447 -0.0051962134967222708 -0.11599333185922739 0.015911342000500657 0.14410647810017094 0.14159329321195191
leaf_weight=509.78938137065416 158.63105874523899 53.296377607548493 93.759865358457319 95.491034386941465 25.389305026386864 119.37270564715436 230.45123730308842 1396.9959254727582 588.48107075406006 150.89524700178299 24.719586556529975 85.743366251161206 10.620308039709924 28.745229167339858 19.976719541824423 81.070292480726494 204.85401350015309 715.28552611119085 392.90717733436031 357.01059642422479 701.82512100087479 46.183862583522568 884.02651939613861 339.86401464686787 287.30025820124138 33.529710288101342 25.93789718914195 21.618016805558 800.99998941773083 22.817126466659829
leaf_count=105913 20914 5641 1362 1358 5863 6978 21438 3648 3657 26087 2693 1002 437 627 369 2321 2134 8889 1919 1824 2047 1131 5387 44573 3091 568 1155 530 1570 104
internal_value=0 0.102102 0.0757518 0.118757 0.0884485 0.017957 -0.0508243 0.120379 0.112158 -0.0306213 0.0448155 0.0945222 0.0965127 0.122414 0.124403 0.0260003 0.0546558 0.0787554 0.0834863 0.0685099 0.113875 0.106155 0.110299 -0.0475069 0.087971 0.0638595 -0.0035266 -0.056032 0.140503 0.0730562
internal_weight=0 7276.59 2818.04 4458.55 2310.46 507.577 1231 4405.25 3008.25 721.21 348.946 2088.08 2062.69 2162.85 2134.1 222.386 324.227 725.906 845.409 452.502 1290.31 1336.78 1217.51 490.759 333.484 119.273 128.626 47.5559 843.794 42.7938
internal_count=285230 87219 64455 22764 31736 32719 198011 17123 13475 92098 11805 26368 20505 8374 7747 5368 9112 9326 5101 3182 5704 11179 9609 70660 4222 1570 4006 1685 2043 473
cat_boundaries=0 2 4 6
cat_threshold=2147614720 4786956 3800261639 4921001 1806707911 4196404
is_linear=0
shrinkage=0.1


Tree=5
num_leaves=31
num_cat=6
split_feature=157 157 168 156 11 237 237 157 10 157 157 161 168 168 163 156 237 5 237 156 237 7 94 4 61 237 156 163 163 11
split_gain=2052.54 276.602 187.872 74.8681 69.4855 63.2127 57.855 49.2972 46.9574 42.4797 36.9598 40.6186 31.5813 31.5102 31.2175 30.1123 29.8712 27.701 23.3526 21.659 20.3029 19.6102 43.8239 18.944 19.7338 18.9356 18.9249 18.1802 17.9456 17.4634
threshold=0.53660830855369579 0.61550846695899974 3.189611673355103 0.023392613045871261 0.0088107436895370501 0 1 0.56230545043945324 197.50000000000003 0.48622788488864904 0.65876379609107982 3.8393857479095463 3.189611673355103 3.1954355239868169 0.39436681568622595 0.023392613045871261 2 0.032522473484277732 3 0.54616478085517894 4 0.084219858050346388 -0.12371719628572463 0.12034482508897783 1.0000000180025095e-35 5 0.2323504984378815 0.32350383698940283 1.0000000180025095e-35 0.038675215095281608
decision_type=2 2 2 2 8 9 9 2 10 2 2 2 2 2 2 2 9 8 9 2 9 8 2 8 2 9 2 2 2 10
left_child=3 2 5 -1 20 29 -4 15 -7 25 13 21 -11 16 19 -8 -6 -17 -14 -9 -3 22 -12 -18 -25 -5 -15 -13 -20 -2
right_child=1 4 6 9 10 8 7 14 -10 12 11 27 18 26 -16 17 23 -19 28 -21 -22 -23 -24 24 -26 -27 -28 -29 -30 -31
leaf_value=-0.11282309466044252 -0.060591565018275728 0.060346195115096812 0.0036298365665801617 -0.070367410276066689 0.00055716166493437831 -0.015190295070214849 -0.14550502122353709 0.10217120954110546 0.069118329269899387 -0.050826467038079783 -0.14217874725027743 0.10781196281155936 -0.019793222151747572 0.13291234531721516 0.01063809635817318 -0.019562857478056032 0.10919034219292285 0.07199514939330641 0.053406073952428385 0.031812839587315227 -0.031757267270953522 0.13729989675090523 0.11347830703323231 0.086339814126315584 0.011095474477353076 -0.029297023304331017 0.10697257402099708 -0.075079909685463964 -0.028971906384480547 0.062380740553452829
leaf_weight=140.38647325431521 117.02387161162187 42.528889569781313 97.536678542441223 310.47999357403023 48.236356644119951 104.4779017209803 6.7319827233441165 1436.9703845280892 179.67490242086933 151.77354262093286 7.8970529731013803 785.56587291878532 177.80565630376805 381.40237491147127 40.124800913967192 34.918779694853583 324.53326279867906 615.72369426768273 114.97901949871448 45.126831057481468 36.897098381115939 1334.1043944233097 44.416513396427035 168.58586021373048 43.939154238556512 255.33122289052699 1071.1463948074379 5.472994497002218 34.343217506044311 12.812612114677902
leaf_count=34353 12513 1736 4198 62343 1377 14185 465 10392 3853 25133 19 3361 22704 775 4640 3293 1480 8925 6288 887 4531 2682 219 1101 415 41362 4734 321 6181 1028
internal_value=0 0.0980722 0.0729349 -0.0442574 0.113824 0.0109674 0.0842007 0.0873887 0.0368236 -0.0350437 0.11557 0.124628 -0.0131255 0.10589 0.0976727 0.0649044 0.0863011 0.0670814 0.00436621 0.100029 0.0211593 0.134945 0.0748853 0.0922737 0.0707832 -0.0535952 0.113784 0.106547 0.0322967 -0.0449911
internal_weight=0 6985.85 2691.12 1185.1 4294.73 413.989 2277.13 2179.6 284.153 1044.71 4215.3 2177.46 478.901 2037.84 1522.22 657.374 585.295 650.642 327.128 1482.1 79.426 1386.42 52.3136 537.058 212.525 565.811 1452.55 791.039 149.322 129.836
internal_count=285494 87130 64379 198364 22751 31579 32800 28602 18038 164011 16484 6602 60306 9882 15919 12683 4373 12218 35173 11279 6267 2920 238 2996 1516 103705 5509 3682 12469 13541
cat_boundaries=0 2 4 6 8 10 12
cat_threshold=3221638732 1771403 2147614720 589836 2185365508 4784651 2489024792 6275979 1497731496 4721544 2489303344 1958667
is_linear=0
shrinkage=0.1


Tree=6
num_leaves=31
num_cat=2
split_feature=157 157 170 171 168 168 157 170 157 237 170 11 11 157 11 157 170 230 237 8 170 157 170 92 95 170 157 125 160 193
split_gain=1580.03 208.755 142.722 73.383 72.5422 71.4448 66.0531 80.5239 63.8064 61.3018 51.6686 38.8435 33.1867 31.6359 30.2049 27.4216 27.2983 25.9414 25.0886 24.2808 22.2407 21.6962 21.3391 21.0024 20.6728 20.3439 19.5838 19.3515 18.9886 17.9476
threshold=0.53660830855369579 0.59092384576797496 0.52514079213142406 0.3453053236007691 3.4235270023345952 3.1954355239868169 0.4277342706918717 0.48404701054096227 0.64017945528030407 0 0.53249716758728038 0.0088107436895370501 0.012081365101039411 0.56230545043945324 0.019093187525868419 0.68788212537765514 0.54298490285873424 -0.10778261348605155 1 0.14990550279617312 0.61287930607795726 0.68788212537765514 0.61287930607795726 0.91014334559440624 0.17980607599020007 0.47715282440185552 0.49325270950794226 -0.022791097871959206 1.0000000000000002 -0.055846193805336945
decision_type=2 2 2 2 2 2 2 2 2 9 2 8 8 2 8 2 2 2 9 8 2 2 2 2 2 2 2 2 2 2
left_child=6 2 9 8 18 21 -1 14 10 -2 23 -11 -12 -6 -8 29 19 -14 -4 -9 24 -5 -10 -3 -19 -13 -21 -23 -27 -7
right_child=1 3 4 5 13 15 7 16 22 11 12 25 17 -15 -16 -17 -18 20 -20 26 -22 27 -24 -25 -26 28 -28 -29 -30 -31
leaf_value=-0.077822622137692241 0.010716800459222181 0.10159642693412455 -0.061907224123280861 -0.030094789282182673 0.013299377732555899 0.020161783797269281 -0.029814008424125033 -0.070039680166216853 0.12450543812103441 -0.0098149623999924784 -0.015603871111771883 0.11772469698761155 -0.0076263382173786991 0.074166969984311312 0.042028373612232717 0.10894070758537909 -0.078070590167714338 0.096688487471737458 0.0066745174642026221 -0.038668921130451034 -0.008366864272210112 0.11265169578342769 0.040946247040793068 0.12996601329372959 0.046124237607113164 0.099874864936034577 0.010452438909854122 0.010971631799939357 0.063524434976763425 0.081523411005807539
leaf_weight=245.87418974480897 111.1605079884248 645.46446527038643 66.904408314323518 60.946517737524118 124.78081696519075 58.660873192799045 79.758980224782135 105.05144450539592 2212.8220275062631 34.011202849942492 34.714421289216261 366.25032309340895 29.634985463562771 270.49666251204326 219.78337310848292 429.48721812543226 147.77241755232535 673.06800259958254 173.47699117691809 166.56749120890527 23.395271089029848 29.964271968055982 30.99037614784902 438.05160609801533 91.895642061863327 454.03695774288644 158.29438361640132 49.866945000554551 210.25216249397636 254.32252308579336
leaf_count=64484 5403 5079 7149 4544 4242 1261 14154 20925 6380 4623 3253 3035 500 3814 22411 1434 30439 4633 13545 28520 744 354 667 2192 1600 5048 17247 1398 3894 2397
internal_value=0 0.0959178 0.0667834 0.10634 0.0286083 0.0801508 -0.0320151 -0.0191759 0.111874 0.0874231 0.0985742 0.094445 0.08016 0.0549523 0.0228989 0.0925351 -0.0409927 0.0842241 -0.0147113 -0.028248 0.0876768 0.0148353 0.123351 0.113066 0.0906142 0.0988024 -0.0147337 0.0491368 0.0883697 0.0700227
internal_weight=0 6874.66 1811.37 5063.29 635.659 883.248 1123.1 877.228 4180.04 1175.71 1936.22 1064.55 852.708 395.277 299.542 742.471 577.686 817.994 240.381 429.913 788.359 140.778 2243.81 1083.52 764.964 1030.54 324.862 79.8312 664.289 312.983
internal_count=285369 87189 50753 36436 28750 11388 198180 133696 25048 22003 18001 16600 10730 8056 36565 5092 97131 7477 20694 66692 6977 6296 7047 7271 6233 11977 45767 1752 8942 3658
cat_boundaries=0 2 4
cat_threshold=2147614752 4800783 2148925724 328379
is_linear=0
shrinkage=0.1


Tree=7
num_leaves=31
num_cat=6
split_feature=156 13 156 13 163 92 86 10 237 237 10 163 170 156 237 160 237 13 13 237 161 205 155 158 94 237 10 7 156 86
split_gain=554.877 297.166 130.005 94.402 90.3795 66.4464 58.6924 45.8046 34.2536 33.4605 30.956 26.9831 24.2683 20.6612 20.631 20.612 28.605 20.0036 19.8117 19.6751 18.1204 17.7414 17.0319 17.0209 17.5871 16.4233 15.5169 15.4216 15.339 15.2998
threshold=0.098199937492609038 0.0092450142838060873 0.023392613045871261 0.05279884114861489 -0.77014034986495961 0.91584229469299328 -0.91503310203552235 70.500000000000014 0 1 499.00000000000006 0.25523115694522863 0.61287930607795726 0.055815160274505622 2 1.0000000000000002 3 0.024427537806332115 0.017917335964739326 4 3.8831830024719243 0.089461512863636031 -0.0033642831258475776 0.36666667461395269 -0.0026661887532100077 5 108.50000000000001 0.26726190745830541 1.0000000180025095e-35 -1.135358929634094
decision_type=2 8 2 10 2 2 2 10 9 9 8 2 2 2 9 2 9 8 8 9 2 2 2 2 2 9 8 10 2 2
left_child=2 14 28 4 10 9 8 23 29 -4 21 12 15 -11 -2 26 -17 -15 22 -7 -12 -3 -10 24 -5 -13 -8 -25 -1 -6
right_child=1 3 5 7 6 19 11 -9 18 13 20 25 -14 17 -16 16 -18 -19 -20 -21 -22 -23 -24 27 -26 -27 -28 -29 -30 -31
leaf_value=-0.12493089821457137 0.029041167342662762 0.078720551354551666 -0.047971436104927608 0.062346305853249476 -0.070209303845449295 0.07608963732687829 0.037547003889159471 0.10801583559562083 -0.04349034810185954 -0.020776720344525088 0.11383276138332961 -0.010898601760167119 -0.054310357474030929 -0.037773895334731064 -0.055864677346170982 0.093479785338719104 0.041610117582462712 0.053088898985072235 0.062099876191245296 0.016536217299527013 0.090773875712095553 0.010631573667494837 0.050791450729936974 0.098744288848231387 -0.023227746295689564 0.058016292421659482 0.096854261058852753 -0.097175286961306992 -0.05734518166560551 0.014783832688632263
leaf_weight=67.188948943046853 31.996319010744628 199.81365157719847 134.279366622417 61.199741207441548 25.932504041091306 159.02238167343603 46.484752609350835 2446.928052696705 34.914738350518746 111.99851404790388 805.44186362897744 46.520009904837934 12.677969923533963 30.023689926623774 144.19707536949863 263.16452746768482 280.05532441148534 125.53789412683545 583.56915551552083 113.0800660319801 590.7441049812478 47.333119205519324 42.463873678403615 82.489866696996614 39.528586825203092 156.28132492513396 865.50613360703574 4.2233655244344837 67.133483153869747 115.55893193002703
leaf_count=22103 5472 3976 23470 5191 1981 10033 2341 22358 1385 16421 8741 5539 648 5626 35640 4028 7683 9586 15829 13592 7782 679 1301 3677 5800 11332 12472 873 13905 6158
internal_value=0 0.0862381 -0.00131803 0.0895842 0.0801243 0.0165866 0.0680458 0.104366 0.0458173 -0.00925169 0.0983017 0.0787222 0.083446 0.011542 -0.0419684 0.0846461 0.0692254 0.0355522 0.0549639 0.0547446 0.104076 0.0656803 0.00824966 0.0567239 0.0287647 0.0445314 0.0938313 0.089202 -0.091152 -0.00074129
internal_weight=0 6927.02 808.264 6750.83 4116.46 673.942 2473.13 2634.37 802.439 401.839 1643.33 1670.69 1467.89 267.56 176.193 1455.21 543.22 155.562 660.948 272.102 1396.19 247.147 77.3786 187.442 100.728 202.801 911.991 86.7132 134.322 141.491
internal_count=285622 170886 114736 129774 91875 78728 70697 37899 26654 55103 21178 44043 27172 31633 41112 26524 11711 15212 18515 23625 16523 4655 2686 15541 10991 16871 14813 4550 36008 8139
cat_boundaries=0 2 4 6 8 10 12
cat_threshold=1379118632 100872 2536448008 5329674 545786464 44032 2427591632 304160 634413600 430006 2260353432 107115
is_linear=0
shrinkage=0.1


Tree=8
num_leaves=31
num_cat=5
split_feature=157 157 157 170 170 171 171 166 11 170 8 156 157 237 157 157 170 168 163 170 237 92 168 237 237 170 163 237 95 170
split_gain=1093.21 148.234 111.82 100.48 87.0488 58.7708 55.7972 52.7185 44.572 36.5942 36.0559 35.8542 33.5603 31.0121 30.6901 28.7945 34.5905 25.6664 25.5062 23.7665 22.3026 21.1839 21.6988 18.4487 17.57 17.0156 15.4261 14.9471 14.7986 14.6504
threshold=0.54465904831886303 0.61550846695899974 0.49325270950794226 0.53249716758728038 0.52514079213142406 0.45464123785495764 0.3453053236007691 0.85617899894714367 0.015091557521373035 0.48177884519100195 0.16850133985280993 0.2416573911905289 0.58398589491844188 0 0.41330581903457647 0.65876379609107982 0.52905169129371654 3.4235270023345952 0.25523115694522863 0.48404701054096227 1 0.91943722963333141 2.9619783163070683 2 3 0.47992576658725744 0.39436681568622595 4 0.2356812730431557 0.42755009233951574
decision_type=2 2 2 2 2 2 2 2 8 2 8 2 2 9 2 2 2 2 2 2 9 2 2 9 9 2 2 9 2 2
left_child=2 3 9 6 10 15 11 -7 -5 14 27 25 17 18 -1 16 -3 -10 -13 -12 -16 22 -18 -21 -14 -2 -26 -4 -24 -22
right_child=1 5 4 8 -6 7 -8 -9 12 -11 19 13 24 -15 20 -17 21 -19 -20 23 29 -23 28 -25 26 -27 -28 -29 -30 -31
leaf_value=-0.057422832526837275 0.12693091074986326 0.11531539882496074 -0.035414028159149041 -0.048791306929524422 -0.034975003541824499 0.028940812279134559 -0.0057924671980238464 0.093616291578379529 -0.021450057142243281 -0.058783832413983363 0.090315324303373454 0.098058958350329475 0.01977574658021403 0.042672595444411723 -0.030283848167209821 0.12072775771514073 0.0054277808680541417 0.042648810186789128 0.0013063592352805869 -0.030414780501373834 0.10858446332752783 0.1038466768690459 0.085407090495623228 0.04938883570241992 0.082931673729038077 0.095563801758141748 -0.063572706388325004 0.028830060935115837 0.018453641943755875 0.021082065151657316
leaf_weight=99.177441342231759 263.31378267414402 876.1378145327908 58.28198988121585 48.797883685925626 194.8489240780109 165.22163401459693 61.975602758779132 531.36044172204856 86.831352145425626 351.62337308383576 154.05458862917294 482.79943731497042 91.339552100194851 270.0135263352422 78.500728448354494 1449.0921038672386 44.528531626594486 222.64850161209324 28.876753212185577 30.780021053171367 23.270468214002904 382.42784055884113 351.98643633378379 163.52637723200314 337.98958295182092 503.88857418241241 7.3432800788286832 67.160110036420519 36.428859929088503 107.64740041863115
leaf_count=29142 1807 3665 8391 10233 29689 5648 4173 2297 7406 83809 6576 4416 2296 5268 13501 4299 1084 4875 3977 3099 2136 2456 2602 9453 3221 6154 1218 7206 640 14034
internal_value=0 0.0923529 -0.00753552 0.0728925 0.0212891 0.104554 0.087249 0.078276 0.0438009 -0.0367283 0.0444274 0.0909719 0.0498564 0.075899 -0.0115975 0.110383 0.10152 0.0246645 0.0908236 0.0609811 0.0101046 0.0866966 0.0715476 0.0377237 0.0677104 0.106329 0.0775701 -0.00154342 0.0791276 0.0340357
internal_weight=0 6243 1328.87 2405.82 668.652 3837.18 1610.87 696.582 794.95 660.219 473.803 1548.89 746.152 781.69 308.596 3140.6 1691.51 309.48 511.676 348.361 209.419 815.372 432.944 194.306 436.672 767.202 345.333 125.442 388.415 130.918
internal_count=284771 77735 207036 55044 64414 22691 25795 7945 29249 142622 34725 21622 19016 13661 58813 14746 10447 12281 8393 19128 29671 6782 4326 12552 6735 7961 4439 15597 3242 16170
cat_boundaries=0 2 4 6 8 10
cat_threshold=489984400 1061440 2153497187 6124427 3399091712 726990 2198241921 594056 2557987157 1900971
is_linear=0
shrinkage=0.1


Tree=9
num_leaves=31
num_cat=2
split_feature=157 11 157 170 156 237 171 168 171 170 166 168 170 157 237 168 157 157 157 157 170 11 156 183 3 157 157 170 79 224
split_gain=858.268 125.502 102.301 94.246 64.5108 58.4713 54.1068 36.7606 36.3631 35.9613 34.1726 32.249 31.7958 27.7101 24.2607 22.9346 22.2738 22.0164 21.1636 20.6839 19.6305 18.9603 18.2278 19.9605 15.6958 15.2107 15.1627 14.8107 14.6596 14.5521
threshold=0.53660830855369579 0.0088107436895370501 0.59821906685829174 0.53249716758728038 0.023392613045871261 0 0.3453053236007691 3.4235270023345952 0.3453053236007691 0.61287930607795726 0.8786323368549348 3.2290579080581669 0.47715282440185552 0.68788212537765514 1 3.1954355239868169 0.50739806890487682 0.43620117008686071 0.57240715622901928 0.56230545043945324 0.49897336959838873 0.057217262685298927 0.47196015715599066 -0.18767523765563962 0.11167800426483156 0.68788212537765514 0.58398589491844188 0.53249716758728038 0.5501580834388734 -0.16108159720897672
decision_type=2 8 2 2 2 9 2 2 2 2 2 2 2 2 9 2 2 2 2 2 2 10 2 2 10 2 2 2 2 2
left_child=4 14 3 8 -1 11 9 -5 12 13 -8 -6 -3 15 -2 24 -7 -13 21 -9 -19 -14 29 -24 -4 -12 -16 -18 -20 -17
right_child=1 2 6 7 5 16 10 19 -10 -11 25 17 18 -15 26 22 27 20 28 -21 -22 -23 23 -25 -26 -27 -28 -29 -30 -31
leaf_value=-0.085105651606755151 -0.033591877895181414 0.10922810647741993 0.061641055289330032 -0.00023807301020988903 -0.017965758256039306 -0.031671554488947887 0.043016798545903019 0.014181436196925086 -0.0059214501566154029 -0.0067070963102297447 0.068105079457173659 -0.0048657758024121993 0.051071399163511812 0.12545509647184847 -0.0072271656211344015 0.03578856886372233 0.029275520340776792 0.085654397894906947 0.097102650738065982 0.069238369313596448 0.019609510231855361 0.096566610598563779 -0.041952266432176116 0.092611050685722826 0.095556267923247284 0.10264799486977422 0.071733712598279958 -0.031556794471866136 -0.015723025561907595 0.11382583755286613
leaf_weight=97.44578533328604 76.87755463564099 503.19671648478834 176.7248923444422 175.37432047288166 93.802231397014111 420.60243196427473 218.35451386503701 90.947393484530039 41.452273731702007 28.165335279045394 202.75998244201764 57.125441726864665 344.5792572509672 644.2251102962764 40.150075726181967 24.25394248671364 126.1811431596725 144.92115142248804 413.60559833841398 273.23747541569173 65.274648839636939 124.77396994421724 11.349731591995804 383.48060036776587 598.87243442141335 343.33181910321582 61.67972803406883 58.614148627326358 11.84592734207399 1617.8838631490944
leaf_count=34360 15980 3863 2573 13109 17181 90670 4856 3503 2642 1234 1625 12436 7269 1115 5731 136 15172 9445 3441 3744 6633 1585 143 2219 3608 851 2827 12432 376 4907
internal_value=0 0.0894291 0.0917997 0.0730199 -0.00755665 0.00026193 0.100546 0.0373759 0.0863806 0.105831 0.076453 0.0316066 0.0891174 0.106748 0.00680422 0.102463 -0.0186494 0.0501837 0.0778081 0.0554891 0.0651447 0.063166 0.108035 0.0887429 0.0878285 0.0898225 0.03697 0.00998047 0.0939612 0.112673
internal_weight=0 6407.12 6228.42 1979.01 1063.97 966.521 4249.4 539.559 1439.45 3484.96 764.446 361.123 1398 3456.79 178.707 2812.57 605.398 267.321 894.805 364.185 210.196 469.353 2036.97 394.83 775.597 546.092 101.83 184.795 425.452 1642.14
internal_count=285666 87337 62799 39532 198329 163969 23267 20356 19176 15935 7332 45695 16534 14701 24538 13586 118274 28514 12671 7247 16078 8854 7405 2362 6181 2476 8558 27604 3817 5043
cat_boundaries=0 2 4
cat_threshold=1805659335 134260 2896562518 1527867
is_linear=0
shrinkage=0.1


Tree=10
num_leaves=31
num_cat=4
split_feature=157 13 157 170 170 157 171 170 157 170 13 157 157 160 167 13 13 237 166 92 237 237 13 93 13 127 237 166 157 170
split_gain=665.754 143.17 101.329 85.371 56.7547 55.2798 47.9601 36.313 35.2732 41.1801 31.4652 28.7162 27.4465 24.3133 24.8383 23.8435 21.8159 23.0184 19.5337 19.4282 17.6221 17.3578 16.3541 15.9727 15.2645 14.17 14.1027 13.9806 13.8127 13.9898
threshold=0.53660830855369579 0.0072595521342009315 0.59821906685829174 0.53721478581428539 0.48404701054096227 0.45251888036727911 0.25678549706935888 0.47715282440185552 0.65876379609107982 0.53249716758728038 0.062617629766464247 0.49684402346611029 0.68788212537765514 1.0000000000000002 2.5000000000000004 0.010666742455214264 0.03382310830056668 0 0.8317755162715913 0.90569552779197704 1 2 0.027913922443985942 0.21603171527385714 0.020050250925123695 -0.0026002970989793535 3 0.63316023349761974 0.38817958533763891 0.42755009233951574
decision_type=2 8 2 2 2 2 2 2 2 2 10 2 2 2 2 8 10 9 2 2 9 9 8 2 10 2 9 2 2 2
left_child=4 20 3 7 5 28 8 -3 9 19 21 -6 23 -11 -15 -7 17 -9 -19 24 -2 27 -13 -8 -4 -16 -24 -5 -1 -30
right_child=1 2 6 10 11 15 12 16 -10 13 -12 22 -14 14 25 -17 -18 18 -20 -21 -22 -23 26 -25 -26 -27 -28 -29 29 -31
leaf_value=-0.054956326825213543 0.035180009155677289 0.10344905410003434 0.068259897043014855 -0.0076582415753745905 -0.039963952995909977 -0.039785508828812162 0.082531775634601887 -0.0037094836581331651 0.11635310165107123 0.091609765606098445 0.073394524567565497 -0.037917483805985211 0.092216103820906753 0.067176467466275355 0.05130247962887638 0.066777379920592336 0.0821275204869968 0.041667198045037664 0.095373593740564866 0.12136917875870462 -0.056458429753977295 -0.017456397738842444 -0.027847044973174469 0.037097153276834043 0.10445427210390008 -0.074700847848379076 0.032761328233851375 0.049210678983502412 0.068826205852921346 -0.013066275380539486
leaf_weight=57.424926307969145 23.38182663480984 534.21020946424687 152.83135950670112 60.925873774598585 315.70223114883265 23.026030014596472 124.59508957370417 71.026921217155177 1347.6011914759874 572.59757540165447 133.74783383036265 66.680970631117816 456.24605932683335 280.94373596837977 15.642358919547403 238.28719914342219 627.3491737942968 155.40545724774711 120.02810701075941 556.75617830420379 68.909744346718071 104.33763675898081 43.64147227077774 204.16805904555076 490.42656007327605 20.783014720247593 151.38602115599497 148.82721209668671 26.477268457136233 98.335131008410826
leaf_count=20676 2839 4535 1331 5553 84736 6685 1762 3861 3390 4577 3382 16399 2266 2753 259 19114 8309 4744 1127 1787 18127 6859 6419 3740 2167 530 17787 3461 4173 22171
internal_value=0 0.0880827 0.0899295 0.0711126 0.001005 0.0279059 0.0986453 0.0824979 0.103738 0.0956041 0.0327746 -0.0196595 0.0763435 0.0793045 0.0571032 0.0573874 0.0710045 0.0508637 0.0627916 0.107692 -0.0355476 0.0154776 0.00483396 0.054316 0.0958549 -0.0205905 0.0194509 0.0312046 -0.0143681 0.00430611
internal_weight=0 6270.74 6178.45 1955.86 1020.96 443.551 4222.59 1508.02 3437.58 2089.98 447.839 577.411 785.009 889.967 317.369 261.313 973.81 346.46 275.434 1200.01 92.2916 314.091 261.708 328.763 643.258 36.4254 195.027 209.753 182.237 124.812
internal_count=285519 87359 66393 41831 198160 72819 24562 22576 16794 13404 19255 125341 7768 8119 3542 25799 18041 9732 5871 5285 20966 15873 40605 5502 3498 789 24206 9014 47020 26344
cat_boundaries=0 2 4 6 8
cat_threshold=3291874313 4924682 13122273 4362368 71574432 1860328 2290747274 726746
is_linear=0
shrinkage=0.1


Tree=11
num_leaves=31
num_cat=4
split_feature=157 13 157 170 171 156 170 237 237 157 157 157 157 170 12 156 237 11 157 93 168 237 173 183 10 113 166 156 195 12
split_gain=524.19 117.021 95.7616 85.6207 56.1885 55.2038 46.5551 34.0356 30.8781 28.4652 27.7262 24.5033 23.7996 22.4124 20.3775 19.239 19.0419 17.6532 17.6511 17.3026 16.5779 15.5007 14.8403 13.3235 13.4078 15.1015 13.0991 12.2166 12.1494 14.4823
threshold=0.52892184257507335 0.0072595521342009315 0.59821906685829174 0.53249716758728038 0.3453053236007691 1.0000000180025095e-35 0.49897336959838873 0 1 0.64017945528030407 0.65876379609107982 0.56230545043945324 0.41835831105709081 0.53721478581428539 36.500000000000007 0.2416573911905289 2 0.022278947755694393 0.47155028581619268 0.28821231424808508 3.2740403413772587 3 -0.1252036318182945 0.071289733052253737 281.50000000000006 0.068309687077999129 0.63316023349761974 0.2416573911905289 0.15668568760156634 121.50000000000001
decision_type=2 8 2 2 2 2 2 9 9 2 2 2 2 2 8 2 9 8 2 2 2 9 2 2 10 2 2 2 2 10
left_child=5 21 3 8 9 -1 7 -7 27 13 19 -5 -9 22 -14 -10 -13 -17 -8 -6 -20 -2 -4 24 25 -15 -16 -3 29 -19
right_child=1 2 4 11 10 6 18 12 15 -11 -12 16 14 23 26 17 -18 28 20 -21 -22 -23 -24 -25 -26 -27 -28 -29 -30 -31
leaf_value=-0.1104991569268335 0.030401038181331459 0.05931008054615327 0.079366886408852338 -0.00078738951274953456 0.053874772900510792 -0.0048076901554964637 -0.046421342973397561 -0.0044047218037691791 0.098425861255678634 0.11110426093550861 0.08337448722814822 0.062505046405664191 -0.059191065000789161 0.052927423430702718 0.038096335815915094 0.028807769880687936 0.0057971652967933607 0.054391302262106339 -0.033966162428812764 -0.023281182621777738 0.01963738311675323 -0.051767984957784376 0.10842997851888243 0.099228214953680061 0.08582567888467113 -0.10185989116544465 0.08701561764054383 0.0049114163741866843 0.025587164682395913 0.095605873897519678
leaf_weight=38.862003417300002 28.608284503105097 100.27986680547474 228.06811005226336 142.33880399120972 140.0907168071717 179.0086818421405 123.45957591936167 61.906332940830907 783.34286903199973 1897.3598861295031 551.87336352278362 241.35670865765132 12.656285316494175 188.62603117147228 81.633057378930971 74.238035740985652 93.197261987326783 112.9837066057371 91.428038272104459 36.673984022636432 156.37816530594137 59.102541727887001 765.0895833739196 175.72478172177216 175.88600348867476 6.520940631045959 166.13540275482228 70.171221009135479 36.542620858905138 347.43637920627953
leaf_count=21047 3707 3367 1422 13200 2647 37679 38121 18607 8184 5859 3652 5914 7366 3421 9941 2859 5091 4088 22774 1307 22690 19420 3560 1512 950 253 10865 3115 469 2575
internal_value=0 0.0872902 0.0889212 0.0709464 0.0975589 0.00611739 0.011311 0.031188 0.0825114 0.102906 0.0723345 0.0339641 0.0497831 0.0928047 0.0645759 0.0876023 0.0487494 0.0742925 -0.01553 0.037867 -0.000139632 -0.0274033 0.101756 0.0765452 0.0658022 0.0477551 0.070898 0.0348695 0.0810872 0.0854921
internal_weight=0 6255.51 6167.8 2001.89 4165.91 911.468 872.606 501.34 1524.99 3437.28 728.638 476.893 322.331 1539.92 260.425 1354.54 334.554 571.201 371.266 176.765 247.806 87.7108 993.158 546.758 371.033 195.147 247.768 170.451 496.963 460.42
internal_count=285662 96572 73445 48862 24583 189090 168043 84458 24657 16977 7606 24205 46779 11118 28172 18175 11005 9991 83585 3954 45464 23127 4982 6136 4624 3674 20806 6482 7132 6663
cat_boundaries=0 2 4 6 8
cat_threshold=2155565866 6108043 2684486152 4800783 339741041 1368168 566770400 4227249
is_linear=0
shrinkage=0.1


Tree=12
num_leaves=31
num_cat=1
split_feature=157 157 170 13 171 157 170 237 157 170 170 10 157 92 168 166 13 12 170 93 204 123 157 170 172 13 213 219 13 220
split_gain=378.363 84.6551 78.661 70.2485 50.084 48.8206 48.6439 40.1789 32.173 31.0827 26.8282 29.2445 21.1823 19.8326 19.0978 18.8148 18.7474 17.4736 16.3052 16.0272 15.7949 45.4932 15.6933 14.3986 14.2232 13.9351 13.4144 13.8015 12.1943 12.1143
threshold=0.55760741233825695 0.48622788488864904 0.52514079213142406 0.0072595521342009315 0.3453053236007691 0.64017945528030407 0.53249716758728038 0 0.62632915377616893 0.44593857228755956 0.46966412663459783 134.50000000000003 0.41330581903457647 0.89282289147377025 3.4235270023345952 0.86735737323760997 0.066902238875627532 190.50000000000003 0.48177884519100195 0.16397578269243243 -0.17213649302721021 0.044097596779465682 0.38063296675682073 0.52310138940811168 0.52249667048454296 0.012480529490858318 0.15209884196519854 -0.0012494439724832771 0.037634680047631271 0.069783832877874388
decision_type=2 2 2 8 2 2 2 9 2 2 2 8 2 2 2 2 10 10 2 2 2 2 2 2 2 8 2 2 10 2
left_child=1 9 7 -2 5 6 13 -3 19 22 -9 28 -11 -5 17 -10 -4 -8 -15 -6 21 -7 -1 25 -20 -14 27 -16 -12 -22
right_child=3 2 16 4 8 20 14 10 15 12 11 -13 23 18 26 -17 -18 -19 24 -21 29 -23 -24 -25 -26 -27 -28 -29 -30 -31
leaf_value=-0.026706218083126773 -0.021949304513202893 0.010949371366608415 -0.017650626865475867 0.080035031455080743 0.053165428423520046 0.095890157986379801 0.025874880086578497 0.10113169904447072 0.045227567986034792 -0.059396786788175261 -0.056293907671548793 0.068579177619221096 -0.064210196010855189 0.12019938761681213 0.099368138771870826 0.084211777538519356 0.048959405403500314 0.069146863011464693 0.096978029078411687 -0.022102511748407258 0.11034159225003466 -0.14832155055370203 0.067478831041312345 -0.044715885632465369 0.032848787031866396 0.016579332268754562 -0.11109347042200379 0.065564781133157321 0.037239223994492296 0.085145852273040723
leaf_weight=22.739539131856873 57.494657628718414 146.55142737911956 186.36124841954734 657.04029849934159 57.554757815029006 41.07546485052444 181.58107950954582 228.33588410851371 167.73039166550734 85.258304726747156 27.386109543367638 402.40559310547542 23.727507660922129 339.79114360612584 204.06802204478299 472.68804539134726 54.642498735294794 191.98369446591823 784.76258885196876 55.638940465287305 1570.2143552005291 9.3677030643448216 79.680773580803361 64.79365331777808 36.179121552500874 213.07748860165157 3.7257602656027293 295.94807354651857 28.387325575749855 217.22978520509787
leaf_count=9635 15356 13104 34421 6019 2493 159 9695 6763 3654 36623 8813 14074 11737 1777 1750 1926 6159 2298 6181 2968 4809 17 13021 23281 336 39714 211 3904 4059 885
internal_value=0 0.0320603 0.0477661 0.0879907 0.0891864 0.093155 0.084585 0.0623218 0.0653149 -0.00241737 0.072079 0.0591736 -0.0153862 0.0939183 0.0652465 0.0740015 -0.00254821 0.0481134 0.101777 0.0161684 0.105722 0.0505381 0.0465677 -0.00294488 0.0941518 0.00848434 0.0779521 0.0793607 -0.00868781 0.10728
internal_weight=0 1563.35 1074.07 5344.07 5286.58 4532.97 2695.08 833.066 753.612 489.277 686.515 458.179 386.857 1817.77 877.307 640.418 241.004 373.565 1160.73 113.194 1837.89 50.4432 102.42 301.599 820.942 236.805 503.742 500.016 55.7734 1787.44
internal_count=285842 221404 87393 64438 49082 38041 32171 46813 11041 134011 33709 26946 111355 14313 17858 5580 40580 11993 8294 5461 5870 176 22656 74732 6517 51451 5865 5654 12872 5694
cat_boundaries=0 2
cat_threshold=2147615488 5194639
is_linear=0
shrinkage=0.1


Tree=13
num_leaves=31
num_cat=6
split_feature=156 11 86 163 8 160 16 86 237 237 0 156 158 170 237 171 170 237 10 210 10 163 237 163 168 237 170 163 0 3
split_gain=146.575 121.729 60.2142 53.8362 43.8298 30.6571 29.6132 29.3288 28.1712 24.3207 23.8012 22.915 21.3632 23.1497 19.1412 18.2715 18.851 16.6333 16.5483 16.2042 15.5957 14.7477 14.5189 13.7944 13.5173 14.7098 13.1903 12.7034 12.567 12.5448
threshold=0.027149877510964874 0.0088107436895370501 -0.93582496047019947 -0.85011205077171315 0.24990795552730563 1.0000000000000002 1.0000000180025095e-35 -1.135358929634094 0 1 1.0000000180025095e-35 1.0000000180025095e-35 0.29166667163372045 0.54916828870773327 2 0.45464123785495764 0.61287930607795726 3 126.50000000000001 -0.052913663908839219 1877.5000000000002 0.10616483911871911 4 0.59096276760101329 3.8238824605941777 5 0.48404701054096227 0.068975757807493224 0.15412896126508716 0.09175084158778192
decision_type=2 8 2 2 10 2 2 2 9 9 10 2 2 2 9 2 2 9 10 2 10 2 9 2 2 9 2 2 10 8
left_child=11 10 3 20 7 15 9 8 21 -7 -2 -1 13 24 -9 16 26 -12 -6 27 -3 -5 -13 -16 25 -8 28 -15 -4 -28
right_child=1 2 5 4 18 6 12 14 -10 -11 17 22 -14 19 23 -17 -18 -19 -20 -21 -22 -23 -24 -25 -26 -27 29 -29 -30 -31
leaf_value=-0.1084986119634877 -0.056247101839263791 0.08012827524296906 0.084158857641105866 0.051049498031828615 0.0338263784352053 0.056082329619684748 0.0099699781515929647 0.015054840436894756 -0.042511871733041266 -0.046962279350782642 -0.014239754239887482 0.04755803820363648 0.08991223505742213 0.073945776631915969 0.064196176312995248 0.060577688117802723 -0.019159991509900779 0.045067611185008537 0.083079396381241913 -0.0050042410795828676 0.1205613490306971 -0.098034097835038247 -0.038643773554768175 -0.070583340419218016 0.098074019912715416 0.072583838693110275 0.04070055934043338 -0.073522337944781829 0.11790141757935391 0.09363901947080934
leaf_weight=35.651591789566737 47.380309789012244 798.4603523905389 147.1278640851815 84.486995729152113 81.273031255026581 44.129577225947287 59.739290230994811 158.83922597985656 75.080287047094316 30.723150300647831 74.518922003655462 21.401716407504864 874.56708297408477 71.895723544483189 369.29233798164205 157.08738323579018 14.204570486443115 112.60139778893063 424.62031460266007 67.125110404609586 108.34027415176388 7.200918225280474 42.774793416305329 7.7531555622626902 184.03463006259699 345.92626086754899 45.84414026507875 6.3580880833615074 441.86601389755378 1898.199797295747
leaf_count=22042 32217 13037 7131 2477 8251 1976 4687 10475 6221 2176 15154 4591 17835 1190 14099 4867 1006 13363 8853 3553 2165 1737 13819 2576 4169 12333 4078 682 10541 38115
internal_value=0 0.077849 0.0804011 0.0665419 0.0527231 0.087081 0.0764912 0.0365642 -5.89984e-05 0.0150063 0.0070653 -0.0442176 0.0793504 0.0667844 0.0479614 0.0936772 0.0957184 0.0230965 0.0751668 0.0310431 0.084959 0.0354721 -0.00850799 0.0598377 0.0755957 0.0653982 0.0963626 0.0619641 0.109473 0.0923906
internal_weight=0 6738.68 6504.18 2115.35 1208.55 4388.83 1684.5 702.653 166.768 74.8527 234.501 99.8281 1609.65 735.079 535.885 2704.33 2547.24 187.12 505.893 145.379 906.801 91.6879 64.1765 377.045 589.7 405.666 2533.04 78.2538 588.994 1944.04
internal_count=285416 244964 184230 69891 54689 114339 48601 37585 10435 4152 60734 40452 44449 26614 27150 65738 60871 28517 17104 5425 15202 4214 18410 16675 21189 17020 59865 1872 17672 42193
cat_boundaries=0 2 4 6 8 10 12
cat_threshold=1815107660 2045442 461676821 275008 3593653262 4753922 2363648468 2053667 1623204864 4589620 3928637475 5778133
is_linear=0
shrinkage=0.1


Tree=14
num_leaves=31
num_cat=0
split_feature=157 170 13 157 157 13 170 171 170 157 13 156 171 157 156 1 163 163 115 13 171 121 171 170 133 13 86 170 5 191
split_gain=287.748 73.1488 62.0584 52.1892 43.6106 39.6343 35.0301 34.8752 30.2978 29.3803 27.0561 24.1675 23.1985 19.0331 17.2469 15.6952 15.5636 14.9869 18.4438 14.4747 14.272 14.1047 13.5358 13.13 13.1102 12.4584 12.3656 12.3072 13.2969 15.6441
threshold=0.55311596393585216 0.48177884519100195 0.017917335964739326 0.48622788488864904 0.61550846695899974 0.026402927935123447 0.53721478581428539 0.45464123785495764 0.54438480734825145 0.43620117008686071 0.0051791653968393811 0.2416573911905289 0.045036215335130698 0.68788212537765514 1.0000000180025095e-35 0.097524154931306853 -0.6692233383655547 -0.095937658101320253 -0.066215664148330675 0.018624141812324527 0.084940183907747283 -0.059714226052165024 0.056794159114360816 0.61287930607795726 -0.0091406865976750833 0.054079741239547736 -0.79820320010185231 0.53249716758728038 0.14328486472368243 -0.12094216421246527
decision_type=2 2 8 2 2 8 2 2 2 2 10 2 2 2 2 8 2 2 2 8 2 2 2 2 2 10 2 2 10 2
left_child=1 3 10 14 6 -3 11 13 9 -7 -2 -4 -12 15 -1 27 -9 24 -19 -16 -11 -20 23 -8 -17 -5 -14 -6 29 -29
right_child=2 5 4 25 7 8 22 16 -10 20 12 -13 26 -15 19 17 -18 18 21 -21 -22 -23 -24 -25 -26 -27 -28 28 -30 -31
leaf_value=-0.10353439095342487 -0.026282673032858889 -0.027505241189522262 0.099138947781018755 0.072821142997564356 0.11256858905542125 -0.034534196498435372 0.063416424067822538 0.079711538054932918 -0.01864729381184433 0.051301926180971437 0.077741691929169882 0.07262392686458144 0.010220863395341832 0.11785256034551371 -0.019183781229317552 0.1065528544060001 0.02340895321264716 -0.17930864968662583 -0.16058445977128488 0.043904832625125616 -0.007205386010319937 0.063506742986443973 0.0086563372692359166 -0.068761202252733883 0.072840859028949753 0.11122145286994878 0.08173865377491657 0.024545231540130677 0.049085020482990203 0.10124852521926304
leaf_weight=9.7234688386961334 41.814239458464726 161.54048960063665 709.36487013319856 249.22082399357168 700.97568233002676 50.50673526391256 424.39183283620514 460.7348963576369 114.91329735045292 432.35830043319584 234.43119024499902 666.95606694190064 108.12647282102262 596.94485916616395 44.56886589066562 254.085902664694 54.952593794092536 3.4056110871606498 2.8897915438283226 197.61512343218783 46.142601631298021 100.15504871151643 55.600183606162318 7.6508365175686768 211.27592261967948 127.81866752021597 31.138398494949797 27.739446003455669 60.412527834414504 641.83231955044903
leaf_count=8141 15351 52886 5230 12632 1889 20275 11267 2424 24466 40727 3700 9682 3862 1210 15024 808 1989 63 97 33461 6873 1491 3129 953 1056 2435 735 333 890 2746
internal_value=0 0.036738 0.0871306 0.0622934 0.0902288 0.016783 0.0781299 0.0974677 0.0278937 0.0380035 0.0500022 0.0862899 0.058538 0.10218 0.0270518 0.0975086 0.0737118 0.0835045 0.0496551 0.0322947 0.04566 0.0572223 0.055099 0.0610758 0.0912475 0.0858391 0.0262116 0.103105 0.0940168 0.0980708
internal_weight=0 1434.41 5394.88 628.947 4979.37 805.461 1863.96 3115.4 643.921 529.008 415.51 1376.32 373.696 2599.72 251.907 2002.77 515.687 571.812 106.45 242.184 478.501 103.045 487.643 432.043 465.362 377.039 139.265 1430.96 729.984 669.572
internal_count=285825 216920 68905 71693 45257 145227 30261 14996 92341 67875 23648 14912 8297 10583 56626 9373 4413 3515 1651 48485 47600 1588 15349 12220 1864 15067 4597 5858 3969 3079
is_linear=0
shrinkage=0.1


Tree=15
num_leaves=31
num_cat=2
split_feature=157 170 157 171 157 170 237 156 157 13 170 237 11 170 168 157 92 156 160 13 11 219 170 162 98 160 103 6 0 98
split_gain=241.833 62.6368 57.0903 54.6292 51.777 33.3146 28.218 27.8528 27.264 25.3921 24.834 24.7062 20.9256 19.8781 18.9853 18.1419 16.4772 16.4437 16.2811 15.7655 15.1943 13.4434 11.8174 11.6681 14.5221 11.6183 11.3261 13.6713 11.1843 13.3028
threshold=0.56230545043945324 0.52514079213142406 0.49325270950794226 0.3453053236007691 0.64017945528030407 0.48177884519100195 0 1.0000000180025095e-35 0.68788212537765514 0.024427537806332115 0.42755009233951574 1 0.017754137516021732 0.46966412663459783 3.1362315416336064 0.41330581903457647 0.89767503738403331 0.54616478085517894 1.0000000000000002 0.057443765923380859 0.017754137516021732 -0.023649360984563824 0.61287930607795726 47.887002944946296 0.058748846873641021 1.0000000000000002 0.068924289196729674 0.14947716146707538 0.14415584504604342 -0.15133762359619138
decision_type=2 2 2 2 2 2 9 2 2 8 2 9 8 2 2 2 2 2 2 10 8 2 2 2 2 2 2 10 8 2
left_child=1 2 7 4 5 16 -4 -1 14 11 -9 -7 -12 -8 -5 -14 -2 18 26 -3 -15 -20 28 24 -10 -22 -11 -28 29 -6
right_child=3 19 6 8 22 9 13 10 23 17 12 -13 15 20 -16 -17 -18 -19 21 -21 25 -23 -24 -25 -26 -27 27 -29 -30 -31
leaf_value=-0.10370626974010806 0.084497213046117611 -0.012497772417076291 0.0096788678200855176 -0.025603324738164342 -0.17587397738151489 0.066510502345374353 0.094566454494800223 0.085162484403622701 0.060019933748564083 0.096787006808891032 -0.033195594992234581 -0.00097582580462043402 -0.025178633162574585 0.013272239253716889 0.048571533700174044 0.040360672936032238 0.11871844369819942 0.037997582389695569 0.086602189793425044 0.036921860607714171 0.079732581023454402 0.055883261318132982 0.010167583705979095 0.082461565365887113 -0.12392324373929685 0.046568997581023647 0.077755375078893255 -0.039678972277680968 0.10736141004030085 0.07822777393667385
leaf_weight=16.781641172863601 253.75303590093972 217.43089391689864 95.98037124187249 39.515067780324898 2.1046454560710108 178.15080290618062 284.21975513729558 63.778826787660364 14.340106485673461 745.46305244098767 66.487636316443968 85.41935248671507 51.15202806997695 57.71358763788885 272.25603381766268 242.29805015853344 315.80691317727906 86.527382753847633 252.86739779863274 91.808513772186416 291.72388132175547 326.28221741429297 13.144789400335865 383.41062306065578 6.1253746581496662 165.60751833701215 286.81864655768732 10.268226717540527 1610.5473533535842 97.748396390408743
leaf_count=15789 2681 55728 7995 5402 22 5849 7308 10352 272 6898 26851 7542 19258 9491 6214 40381 1771 2204 2795 15183 10560 4953 693 2818 82 7546 2832 376 5138 1228
internal_value=0 0.0427295 0.0521185 0.0869525 0.0912427 0.0821688 0.0666203 0.0226459 0.0613856 0.0760153 0.0276502 0.0471256 0.0174593 0.0724308 0.0391703 0.0289364 0.103472 0.0804728 0.0827391 0.00217417 0.0616219 0.0692957 0.104622 0.0785346 0.00496524 0.0677235 0.0902071 0.0736965 0.105348 0.072872
internal_weight=0 1644.98 1335.74 4980.55 4264.9 2541.36 895.245 440.498 715.647 1971.8 423.717 263.57 359.938 799.265 311.771 293.45 569.56 1708.23 1621.7 309.239 515.045 579.15 1723.55 403.876 20.4655 457.331 1042.55 297.087 1710.4 99.853
internal_count=286212 226442 155531 59770 44982 37901 42900 112631 14788 33449 96842 13391 86490 34905 11616 59639 4452 20058 17854 70911 27597 7748 7081 3172 354 18106 10106 3208 6388 1250
cat_boundaries=0 2 4
cat_threshold=3221372928 721294 845520664 307712
is_linear=0
shrinkage=0.1


Tree=16
num_leaves=31
num_cat=4
split_feature=157 170 171 157 157 237 160 168 168 170 156 170 13 16 237 160 157 237 13 164 157 200 3 213 199 237 3 135 66 13
split_gain=186.291 61.2471 53.9866 52.9143 38.2587 31.0629 28.6891 27.679 24.4207 23.4786 20.2015 19.4557 16.469 15.8292 15.7884 15.4201 15.0212 14.6975 14.5139 16.0778 13.9893 12.8957 13.4773 13.3367 12.2088 12.1392 11.347 11.282 10.9912 10.9611
threshold=0.56230545043945324 0.54438480734825145 0.3453053236007691 0.46400280296802526 0.65876379609107982 0 1.0000000000000002 3.8646599054336552 3.0403649806976323 0.47715282440185552 1.0000000180025095e-35 0.58984616398811351 0.027913922443985942 1.0000000180025095e-35 1 1.0000000000000002 0.62632915377616893 2 0.025346565991640094 4.5798392295837411 0.57240715622901928 -0.011710925959050654 0.11167800426483156 -0.12990547716617581 0.019048057496547702 3 0.084219858050346388 0.0017666678177192809 5.0653138160705575 0.0051791653968393811
decision_type=2 2 2 2 2 9 2 2 2 2 2 2 8 2 9 2 2 9 10 2 2 2 10 2 2 9 8 2 2 8
left_child=1 3 4 10 6 -5 18 16 -8 28 -1 13 25 14 -10 -14 -4 -12 19 24 27 -20 -23 -24 -2 -11 -6 -15 -7 -19
right_child=2 -3 7 5 26 9 8 -9 11 12 17 -13 15 20 -16 -17 -18 29 21 -21 -22 22 23 -25 -26 -27 -28 -29 -30 -31
leaf_value=-0.10407122078314145 0.077144072982591766 -0.012171973926503635 -0.00055733692219806777 -0.0023509676397190917 0.0081367102729987487 0.094192522318024746 0.026425454878759067 0.082867187607193582 0.066561829049041052 0.046455274339339429 -0.016395132332061628 0.024662379263471312 0.075594720502342894 0.0037223232316978892 -0.034285530777788252 0.040984684507589512 0.051746009972478926 -0.063124715688437749 0.10775716821145848 0.095422797729801806 0.0877453951645214 0.01791571474025469 -0.0065541157629725013 0.093006669320857424 0.033470983407787223 -0.018591833196468326 0.10703606266766935 0.076845298242132029 0.057554478080244491 0.041945932138212128
leaf_weight=13.550804382251952 178.01461842018762 155.30842207993192 66.624092484933499 76.677371859055711 11.716117681527974 341.74256287231401 106.25165127567743 309.25284003323759 22.190148687441251 52.820090988621814 74.711124866524187 66.577568266438902 340.10099364183407 37.12155909264402 22.722305497067282 207.13268329483253 312.28198973373219 10.494549714552702 658.7287927682919 278.9376222032879 793.20180519638234 26.009813867945923 13.709312323073389 724.14916690826067 99.948348356600036 47.525686868473713 1179.85977921827 48.886798299165093 107.67997153197939 184.13945812849852
leaf_count=15991 5007 43339 5977 11289 692 10271 5243 1886 389 9702 26804 2155 20435 1142 835 14998 6858 11008 4349 2748 7616 1024 182 4415 4967 11982 3297 890 7595 42863
internal_value=0 0.047524 0.0866598 0.0538891 0.0908506 0.0632466 0.0849583 0.0606679 0.071986 0.0672402 0.0150668 0.0768723 0.0556656 0.0806337 0.0227272 0.0624945 0.0425494 0.0210607 0.092147 0.0784613 0.0835917 0.0975045 0.088663 0.0911568 0.0614404 0.0184245 0.106064 0.0452851 0.0854142 0.0345076
internal_weight=0 1611.88 4956.18 1456.58 4268.03 1173.68 3076.45 688.159 1096.95 1097 282.896 990.7 647.579 924.123 44.9125 547.234 378.906 269.345 1979.5 556.901 879.21 1422.6 763.868 737.858 277.963 100.346 1191.58 86.0084 449.423 194.634
internal_count=285949 226277 59672 182938 44951 86272 40962 14721 18270 74983 96666 13027 57117 10872 1224 35433 12835 80675 22692 12722 9648 9970 5621 4597 9974 21684 3989 2032 17866 53871
cat_boundaries=0 2 4 6 8
cat_threshold=2147614720 721162 134481156 24672 2152973096 1925507 1728120352 4518544
is_linear=0
shrinkage=0.1


Tree=17
num_leaves=31
num_cat=3
split_feature=157 237 157 170 156 168 168 166 170 12 237 12 168 11 157 170 156 157 215 170 3 160 204 126 93 168 156 224 152 237
split_gain=131.439 55.3131 56.3913 56.3982 30.4595 28.8968 28.221 25.053 20.4165 17.9318 16.723 14.508 14.4811 14.3432 13.9104 15.3492 13.6159 25.9393 17.4967 13.0804 12.6596 12.2689 11.7854 24.1679 16.0987 13.8496 13.1383 12.5101 12.0024 11.7335
threshold=0.50739806890487682 0 0.61550846695899974 0.52310138940811168 1.0000000180025095e-35 3.120374441146851 3.3128869533538823 0.57365176081657421 0.45828418433666235 32.500000000000007 1 24.500000000000004 3.7824388742446904 0.023555990308523182 0.68788212537765514 0.48594669997692114 0.16749174892902377 0.65876379609107982 -0.096813865005969987 0.47992576658725744 0.22053033858537677 1.0000000000000002 -0.14769256114959714 -0.031200697645545002 -0.024374771863222119 3.401120781898499 0.32885724306106573 -0.065779432654380784 0.054418703541159637 2
decision_type=2 9 2 2 2 2 2 2 2 8 9 8 2 10 2 2 2 2 2 2 8 2 2 2 2 2 2 2 2 9
left_child=4 5 3 11 -1 7 10 -2 -8 -5 -6 -3 13 -11 15 -4 -7 18 -18 20 -13 -10 23 -17 -25 26 -24 28 -27 -23
right_child=1 2 14 9 6 16 8 -9 21 12 -12 19 -14 -15 -16 22 17 -19 -20 -21 -22 29 25 24 -26 27 -28 -29 -30 -31
leaf_value=-0.10089264662173919 -0.0091827600816987969 -0.024919731641470273 0.11750348990508389 -0.052081609980047454 0.050929821560472092 0.092775644012050074 0.085463036353178881 0.059119804134008629 0.055917130940482555 0.026541302883928503 -0.0078009290874901886 0.11201649095132855 0.083609098585686534 0.060752794665602863 0.11508487540939327 0.11281593147219454 -0.019434051026326449 0.08054104773519262 0.053657711254492473 0.081377603997789483 0.084596632097300173 0.044270138985032452 0.10048030808023577 0.048237775327561516 -0.079394385882304047 0.08071407387813867 0.071173175148461179 0.10990068706708014 -0.070249102083541168 -0.017943037657702551
leaf_weight=16.135331424457036 92.029291853676114 11.05808800953673 277.39282850752352 15.043981520444502 58.410839036267134 215.67000941326114 137.30315290320868 128.94262639101362 151.29393148000236 173.41504928110953 162.45692890885402 390.11264785181265 173.03044256650901 417.77437358090538 496.65598859245074 38.454801432904787 35.370659025502391 518.89159977977397 442.12291511366493 802.42305689059867 296.24441633187234 45.448431468947092 261.82314298118581 28.585158761692583 15.104561334534081 104.96713662572438 367.90736078977352 570.32137647707714 5.5447691032313733 59.714845266677003
leaf_count=20167 9959 6082 996 11914 14533 8010 17349 4510 34320 15054 51608 3501 3661 15569 1129 233 1204 3134 9743 16358 3492 8530 1516 489 345 515 4520 2152 47 15228
internal_value=0 0.0827692 0.0886419 0.0778601 0.0347341 0.063488 0.0382946 0.0306735 0.0543429 0.0560363 0.00968375 0.089199 0.0581646 0.0507175 0.100392 0.0960225 0.0699943 0.0650632 0.0482434 0.0900466 0.100182 0.0376817 0.0917441 0.0550004 0.00411234 0.0940471 0.0833582 0.103934 0.0731397 0.0114471
internal_weight=0 5878.89 4445.86 2279.1 630.763 1433.03 614.628 220.972 393.76 779.264 220.868 1499.84 764.22 591.189 2166.76 1670.1 1212.06 996.385 477.494 1488.78 686.357 256.457 1392.71 82.1445 43.6897 1310.56 629.731 680.833 110.512 105.163
internal_count=285868 124133 87573 75631 161735 36560 141568 14469 75427 46198 66141 29433 34284 30623 11942 10813 22091 14081 10947 23351 6993 58078 9817 1067 834 8750 6036 2714 562 23758
cat_boundaries=0 2 4 6
cat_threshold=2722234889 4787102 830480769 4229140 1623366561 1573425
is_linear=0
shrinkage=0.1


Tree=18
num_leaves=31
num_cat=2
split_feature=157 237 170 157 157 170 237 168 13 170 170 160 92 170 68 13 160 202 13 157 158 67 77 194 157 170 75 220 207 128
split_gain=111.441 51.5708 47.7283 34.7504 33.4091 34.7042 27.7173 22.192 18.0066 16.345 15.9342 15.4023 15.0091 14.2299 14.1488 13.7349 13.3209 14.3201 12.9169 11.3297 10.7817 10.1547 9.92107 9.84769 9.81831 10.3117 9.71302 10.1789 9.29813 13.3078
threshold=0.56230545043945324 0 0.52310138940811168 0.4277342706918717 0.62632915377616893 0.52514079213142406 1 3.1954355239868169 0.0051791653968393811 0.48177884519100195 0.45467460155487066 1.0000000000000002 0.8913094997406007 0.60105058550834667 37.606906890869148 0.026402927935123447 1.0000000000000002 -0.13159404695034024 0.0092450142838060873 0.61550846695899974 0.22500000149011615 0.74428370594978344 0.086335405707359328 -0.15352024883031842 0.68788212537765514 0.53249716758728038 0.034935163334012038 0.058237882331013686 0.031964676454663284 0.071307010948658003
decision_type=2 9 2 2 2 2 9 2 8 2 2 2 2 2 2 8 2 2 10 2 2 2 2 2 2 2 2 2 2 2
left_child=2 7 3 -1 5 12 20 18 -8 -9 14 -12 -3 16 -10 -4 26 -18 -2 -11 -5 -16 -15 -21 25 -6 27 -7 -25 -30
right_child=1 4 15 6 24 13 8 9 10 19 11 -13 -14 22 21 -17 17 -19 -20 23 -22 -23 -24 28 -26 -27 -28 -29 29 -31
leaf_value=0.010983540412740802 0.0054569498693516488 0.076795123317069322 -0.024474415370203451 0.0072919378134715376 0.10658345322317651 0.074901080940790399 -0.012536688648064951 0.10369052171844557 0.11754843516284533 0.043633182798736889 0.081277779234041378 0.050189486660526243 0.10249606539666706 0.040585350850450827 -0.038528377283675044 0.029486326438032187 -0.044871870016363787 0.057367808913214205 0.054104792565524563 0.11243999501482818 0.054282875456885565 0.078977167507692569 -0.060167551092450255 0.079027825730524442 0.11374989622982422 0.088859643695494844 0.095728386255195419 0.014962566050526966 0.055878168615828505 -0.16979064759562923
leaf_weight=115.65781452854753 75.172627232794184 334.63405641393911 58.913063820280513 100.24889864766737 627.06664137187181 180.32556955881591 22.408328288405755 147.15228774675052 161.11272225379798 160.11195036780555 450.26027919996341 246.67023386446454 707.92041027377854 39.429176929043024 8.0068572307645791 236.65218941487547 14.539729597890981 237.09745604932687 199.23652478944859 58.556909975479357 95.190347709110938 90.262841383504565 12.994243515568085 376.1529305264412 501.41467606944207 688.86886959806725 210.811205364138 33.61430917801772 218.10297745242133 2.6448273323476306
leaf_count=55528 6677 3889 27097 14826 2448 3932 15032 1082 4842 4062 27037 18724 5955 1938 307 47341 1135 6978 4849 240 11453 3611 860 2350 1090 5368 3805 1288 1784 14
internal_value=0 0.0855356 0.0549766 0.0632824 0.0920602 0.0825438 0.068434 0.0653365 0.0753036 0.0730152 0.0781493 0.0702744 0.0942467 0.0658029 0.099308 0.0187307 0.0696929 0.0514603 0.040778 0.0674805 0.0287103 0.069403 0.0156116 0.0733058 0.101842 0.0973054 0.0804946 0.0654835 0.0694666 0.0531744
internal_weight=0 4825.85 1585.38 1289.82 3588.72 1771.37 1174.16 1237.13 978.721 962.722 956.313 696.931 1042.55 728.812 259.382 295.565 676.388 251.637 274.409 815.57 195.439 98.2697 52.4234 655.458 1817.35 1315.94 424.751 213.94 596.901 220.748
internal_count=285542 59744 225798 151360 38686 29780 95832 21058 69553 9532 54521 45761 9844 19936 8760 74438 17138 8113 11526 8450 26279 3918 2798 4388 8906 7816 9025 5220 4148 1798
cat_boundaries=0 2 4
cat_threshold=3804365833 4787086 2151825672 4936075
is_linear=0
shrinkage=0.1


Tree=19
num_leaves=31
num_cat=5
split_feature=157 170 171 160 13 157 237 237 157 168 157 166 166 12 156 237 86 170 237 229 170 6 170 68 20 158 237 228 159 160
split_gain=86.0225 52.0821 46.3988 38.2603 27.6044 23.5987 21.0042 20.2476 19.4544 18.2182 17.1037 16.9479 16.0544 15.9966 15.7139 15.4459 15.3164 14.6124 14.3048 13.9239 13.7477 13.1286 12.7444 11.6214 11.1855 11.072 11.0145 10.9985 10.548 9.86846
threshold=0.59821906685829174 0.53721478581428539 0.45464123785495764 1.0000000000000002 0.012480529490858318 0.4277342706918717 0 1 0.68788212537765514 3.1954355239868169 0.48622788488864904 0.9646936058998109 0.57365176081657421 59.500000000000007 0.2416573911905289 2 -1.0371973514556883 0.53249716758728038 3 -0.022584872320294377 0.47992576658725744 1.0000000180025095e-35 0.45467460155487066 41.38890457153321 1.0000000180025095e-35 0.22500000149011615 4 -0.0073063489980995646 0.44675092399120336 1.0000000000000002
decision_type=2 2 2 2 8 2 9 9 2 2 2 2 2 8 2 9 2 2 9 2 2 8 2 2 2 2 9 2 2 2
left_child=1 3 8 5 26 -1 25 -6 9 15 18 -4 -3 -8 -11 28 23 -18 -9 24 -15 -21 -12 -16 -19 -7 -5 -14 -2 -17
right_child=2 12 11 4 7 6 13 10 -10 14 22 -13 27 20 16 29 17 19 -20 21 -22 -23 -24 -25 -26 -27 -28 -29 -30 -31
leaf_value=0.026259674506513467 -0.066442161937182387 0.0011743632483073232 0.048720052312960817 0.035377013759978718 0.008166307681748454 -0.0021411917857669894 0.036650372192516802 -0.011961779918280891 0.11028808913769575 0.11145074620084357 0.097477411594551769 0.085019377925059189 0.061293089512991575 0.10310828333888691 0.067023049675249954 0.090537873783058664 0.1040126646103131 0.058570180543374518 0.055838993665073847 -0.12105362019174881 0.081862292513083981 0.089711935580802329 0.063882920912102306 -0.040679153943484009 -0.047142152795106168 0.066358525027346196 -0.05241992371567792 0.024891228784408838 0.040088120223805861 0.064972308537453907
leaf_weight=72.965449874975093 13.222365193090807 108.8032995303729 339.72689916662785 16.154391064002994 87.066547621199788 49.434611637767375 56.871233522590046 51.207822022015534 596.96702861820813 459.90524067435763 148.09988062889897 206.99198979878565 189.53351422771084 529.25368891691323 128.57401494652731 408.39880573775736 630.05210073449416 68.625447358244855 69.907214573217061 2.974976256635272 717.38638548910967 449.52786624064902 475.42611784606561 10.86533662403235 11.718472138920331 45.146090858215757 26.504295632232242 147.66945345121349 31.287353346924647 239.54877895286336
leaf_count=36172 484 36353 8357 5067 9251 6196 21640 14556 1609 1751 2035 1171 14215 12006 910 5132 2739 991 15781 624 29493 2989 17158 125 221 4494 13318 16075 597 4366
internal_value=0 0.0658983 0.0892911 0.0718548 0.0552882 0.0817016 0.0845951 0.0593123 0.0940974 0.09016 0.064319 0.0624633 0.0345747 0.0878422 0.0955603 0.0764167 0.0899487 0.093704 0.0307954 0.0815147 0.0908822 0.0883263 0.0718623 0.0586307 0.0431516 0.027634 -0.0231673 0.0453518 0.00689287 0.0798538
internal_weight=0 2791.43 3598.39 2345.42 874.366 1471.06 1398.09 831.708 3051.67 2454.7 744.641 546.719 446.006 1303.51 1762.24 692.457 1302.34 1162.9 121.115 532.847 1246.64 452.503 623.526 139.439 80.3439 94.5807 42.6587 337.203 44.5097 647.948
internal_count=285876 253810 32066 187167 77166 110001 73829 58781 22538 20929 49530 9528 66643 63139 10350 10579 8599 7564 30337 4825 41499 3613 19193 1035 1212 10690 18385 30290 1081 9498
cat_boundaries=0 2 4 6 8 10
cat_threshold=3221225472 607499 2147631128 4522380 1086326276 591360 160280903 1597955 8397556 4489237
is_linear=0
shrinkage=0.1


Tree=20
num_leaves=31
num_cat=4
split_feature=86 13 157 170 157 163 237 168 13 163 237 174 207 183 237 237 156 157 90 168 227 145 8 134 214 154 188 158 233 106
split_gain=67.4897 48.189 42.3032 45.603 32.8592 24.0677 21.3749 20.9167 17.2801 16.4391 16.1422 14.5926 13.2218 12.0406 11.53 11.5258 11.362 11.0117 10.8049 10.694 10.6581 12.1085 10.1042 10.0554 10.0369 10.4643 10.1064 9.56464 9.51655 9.23181
threshold=-0.93582496047019947 0.012480529490858318 0.61550846695899974 0.47992576658725744 0.46400280296802526 0.32350383698940283 0 3.7488971948623662 0.062617629766464247 -1.5841388702392576 1 -0.088933911174535737 -0.087645873427391038 0.071289733052253737 2 3 0.047338936477899558 0.65876379609107982 2.1171568632125859 2.5095564126968388 0.069155037403106703 0.015224500093609096 0.29177279770374304 -0.010135101620107887 -0.032992355525493615 -0.026964319869875904 0.07022841647267343 1.0000000180025095e-35 -0.11753482744097708 0.091509934514760985
decision_type=2 8 2 2 2 2 9 2 10 2 9 2 2 2 9 9 2 2 2 2 2 2 8 2 2 2 2 2 2 2
left_child=1 14 3 19 -3 8 18 15 9 -6 16 12 27 -12 -1 -5 -11 -14 -7 -2 -19 -22 -9 -21 25 -15 -27 -4 -18 -26
right_child=2 4 11 7 5 6 -8 22 -10 10 13 -13 17 24 -16 -17 28 20 -20 23 21 -23 -24 -25 29 26 -28 -29 -30 -31
leaf_value=0.035327171743214363 -0.039218564799466761 0.01598937354669417 0.00016481831432270622 0.066483734468663083 0.10221390606001389 0.025189551500518714 -0.034792331492788146 0.056315095743254856 0.092700752051314408 -0.0095989738148593833 0.061093497681746593 0.10633270014375229 0.073097628518365071 -0.074617440796937703 -0.028941920956586348 0.038371164916471211 -0.010308317601015991 0.097888414753213721 0.1156557028867721 0.1111296391651596 0.067398456177250016 -0.087936167073088115 0.092144095647815782 0.087317572550713429 0.048126309145468213 0.06299362426214318 -0.08008086386116603 0.12165063410952864 0.083198105546888057 -0.050268871812971176
leaf_weight=35.94073475920959 5.7552457672863957 117.25384880085585 6.7775634176796293 621.82551008880546 128.75253504593275 29.494138003312401 37.519732708511583 102.62098498490377 360.0353176202043 14.026073986984555 440.69678600250336 855.90343381747516 441.35430460348289 16.074114767150604 61.701754097190133 346.34127269724922 11.090636008768341 524.84660246114072 23.900799893010117 312.96086449545874 31.764286965219071 5.9598015718511297 337.81767309175302 409.22984385434938 177.13089618207596 19.973390324950746 6.558204746557748 147.92436676136276 584.73979944063467 10.077928730490383
leaf_count=8361 995 37216 111 52093 2240 3228 7484 7579 4630 1940 8106 4399 5303 690 20682 43621 372 2554 1023 16765 176 72 12907 25804 3736 474 259 885 11437 165
internal_value=0 0.063947 0.0860341 0.0762316 0.0673335 0.0705701 0.0203915 0.0657291 0.0731487 0.0681531 0.064728 0.0964304 0.0891153 0.050661 -0.00463149 0.0575101 0.078083 0.0849218 0.0553232 0.0965545 0.0941983 0.0428581 0.083796 0.0976365 0.0328598 -0.0109469 0.0276278 0.116328 0.0814576 0.0428294
internal_weight=0 2074.97 4151.08 2136.55 1977.32 1860.07 90.9147 1408.61 1769.16 1409.12 1280.37 2014.53 1158.63 670.511 97.6425 968.167 609.857 1003.92 53.3949 727.946 562.571 37.7241 440.439 722.191 229.815 42.6057 26.5316 154.702 595.83 187.209
internal_count=285307 112043 173264 159764 83000 45784 11735 116200 34049 29419 27179 13500 9101 13430 29043 95714 13749 8105 4251 43564 2802 248 20486 42569 5324 1423 733 996 11809 3901
cat_boundaries=0 2 4 6 8
cat_threshold=459232424 2101 1561194897 1107568 940049988 1063553 324371127 454704
is_linear=0
shrinkage=0.1


Tree=21
num_leaves=31
num_cat=4
split_feature=157 160 171 167 168 170 168 170 166 157 170 228 237 104 173 12 237 237 181 152 157 9 99 5 237 118 170 97 171 154
split_gain=60.8488 43.2868 41.985 30.5101 25.6606 23.994 20.8001 18.3724 15.574 14.4867 20.1567 14.2199 13.3586 12.9822 11.7725 11.2613 10.7983 10.7574 10.5247 10.4956 10.2054 10.002 9.89696 9.72015 13.8991 9.6985 13.9238 9.64107 9.60561 9.08298
threshold=0.59821906685829174 1.0000000000000002 0.45464123785495764 2.5000000000000004 3.0865967273712163 0.47992576658725744 3.5006077289581303 0.45467460155487066 0.85617899894714367 0.65876379609107982 0.53721478581428539 -0.018297949805855748 0 -0.14311362057924268 -0.10641374811530112 47.500000000000007 1 2 0.41372723877429968 0.001197942881844938 0.45251888036727911 0.020427130162715915 -0.16572059690952298 0.041885966435074813 3 0.0536926668137312 0.58984616398811351 -0.020714732818305489 0.069433979690074935 -0.0079417577944695932
decision_type=2 2 2 2 2 2 2 2 2 2 2 2 9 2 2 8 9 9 2 2 2 10 2 10 9 2 2 2 2 2
left_child=1 5 9 4 17 23 15 -6 -4 10 13 -12 -5 -2 22 -7 -17 -3 28 -13 -9 25 -15 24 -1 -21 -27 -14 -8 -23
right_child=2 3 8 12 7 6 18 20 -10 -11 11 19 27 14 -16 16 -18 -19 -20 21 -22 29 -24 -25 -26 26 -28 -29 -30 -31
leaf_value=-0.0011206711860114007 0.045950520239297542 0.039674588629416467 0.029550429987311645 -0.035621259459981756 0.087925781850632725 -0.01079390313512903 0.085596233238008315 -0.00026807515647352456 0.070480854569518248 0.10098670807355928 0.087887776113797333 0.085836791428172507 -0.0065009468373353162 -0.086630559584579409 0.10322833496019808 -0.0021140046899466437 0.059948486471997256 -0.027066098263768157 -0.081660685081166348 0.060927042891412181 0.056529219335556713 0.041902858377813962 0.081592533415693017 0.098755461643776757 0.082519633507380744 0.042328148481205911 -0.14165083316564561 0.068150457641326087 0.042647042242768447 -0.078931704628435378
leaf_weight=32.807326674570504 52.405816504062386 32.581114366639667 121.24363885389175 45.798845566212549 206.30699919982726 26.607122465095017 529.37328422614701 33.456302768840033 398.54315126985603 1077.3733890364383 323.84164619752846 102.90913360743434 33.252762620439171 3.541326285514514 787.07744324512896 38.513297448333105 430.33425714418081 45.893170957406255 3.9865937566246421 207.6609388219149 581.30580070902579 13.987237137138438 281.19871155597502 493.8799227779873 120.57252123859871 13.782890664704611 5.8636431694030753 36.061559447134641 57.754443737565452 11.20355597695743
leaf_count=6987 540 5965 6777 10163 10474 25189 27929 17062 2744 4365 4003 1577 6414 65 4442 6807 41401 12397 640 3539 38050 547 2433 21330 13325 259 168 4046 5329 525
internal_value=0 0.0670841 0.0870922 0.0506791 0.0568823 0.0766844 0.067605 0.0621038 0.0609336 0.0918119 0.086331 0.0727301 0.00220489 0.0945486 0.0969247 0.0524924 0.0560839 0.00225014 0.0802719 0.0589188 0.0534382 0.0479479 0.0795003 0.0919262 0.0699363 0.0545736 -0.0125816 0.0282602 0.0813714 -0.0118381
internal_weight=0 2748.49 3400.63 1014.66 899.543 1733.83 1086.57 821.069 519.787 2880.85 1803.47 679.249 115.113 1124.22 1071.82 495.455 468.848 78.4743 591.114 355.407 614.762 252.498 284.74 647.26 153.38 227.307 19.6465 69.3143 587.128 25.1908
internal_count=285492 253508 31984 104571 83948 148937 107295 65586 9521 22463 18098 10618 20623 7480 6940 73397 48208 18362 33898 6615 55112 5038 2498 41642 20312 3966 427 10460 33258 1072
cat_boundaries=0 2 4 6 8
cat_threshold=2420870428 643514 2163343430 197641 897848551 4505605 3234710202 1001038
is_linear=0
shrinkage=0.1


Tree=22
num_leaves=31
num_cat=5
split_feature=86 11 163 237 12 67 158 168 237 11 164 163 6 8 171 141 237 3 95 79 237 178 86 222 191 219 127 94 237 137
split_gain=57.674 35.9993 26.7697 25.4688 23.4683 16.2838 13.5221 13.0597 11.4861 11.0856 12.2212 10.9302 11.889 10.5813 10.4301 10.13 11.6282 9.59151 9.59146 9.24442 13.318 9.29548 9.51392 8.8268 9.98958 9.95218 8.81864 8.67081 9.64121 9.12544
threshold=-0.95708391070365895 0.0088107436895370501 -0.85011205077171315 0 22.500000000000004 3.0880030393600468 0.18333333730697635 3.120374441146851 1 0.019093187525868419 4.9380581378936776 0.32350383698940283 1.0000000180025095e-35 0.17510279268026355 0.069433979690074935 -0.013303233776241539 2 0.10050505027174951 -0.14178029447793958 0.17694497108459475 3 -0.037721442058682435 -0.64731529355049122 0.043346982449293144 -0.11561010405421256 -0.023649360984563824 -0.043410630896687501 0.045137366279959686 4 -0.018154638819396492
decision_type=2 8 2 9 8 2 2 2 9 10 2 2 10 10 2 2 9 8 2 2 9 2 2 2 2 2 2 2 9 2
left_child=1 8 14 13 -2 11 19 9 -1 10 15 17 -13 27 -3 -8 -17 18 -5 20 -6 22 -21 25 -25 -23 -15 29 -29 -4
right_child=4 2 3 5 6 -7 7 -9 -10 -11 -12 12 -14 26 -16 16 -18 -19 -20 21 -22 23 -24 24 -26 -27 -28 28 -30 -31
leaf_value=0.029073759424069201 0.0037238250538292939 0.092064918182809874 0.029178178895604104 0.088581255050753344 0.0079084747990484146 0.018003258557427067 0.072849872162062276 0.09218433417530969 -0.040299689584365181 0.089012332452996903 0.097484782229969716 -0.059816559395859184 0.059363144680468244 -0.020875282536333559 0.068271065067751255 -0.020450025925190518 0.046229469454589917 0.080488259286355793 -0.056365503276614153 0.083174336647554969 0.070248258885295775 0.10092764569132461 0.12807363934271368 -0.079652323516050491 0.053707594790492676 0.065721158213291705 0.056705416877201258 -0.0079295859060391789 0.062990998718276917 -0.032356185086784804
leaf_weight=43.201967876397248 34.631977671881032 425.48088869137064 44.195586041947536 8.1453618407758785 55.658626612996159 55.634431121901798 86.917628675699234 2731.1436025395251 33.35767114402006 276.84676978818607 65.663803972354799 11.881701468209938 28.322858333667682 16.055570572942088 324.91398299668799 34.771902265261815 71.29898796256748 548.72309915805454 10.386890546780704 122.28973358136864 254.62613401775525 142.00333910531481 76.851318506753159 6.1421687888687293 65.680513698140203 184.7595478319563 167.59452838608195 33.057130612636684 45.817089910739014 53.002723234829318
leaf_count=9464 33968 10280 2889 318 6029 8606 6383 73108 16592 9198 2621 4752 4415 914 6156 4358 6009 20526 1624 6288 12876 5465 2355 887 3712 9428 6762 2680 2101 4717
internal_value=0 0.0645188 0.0674176 0.0568934 0.0857039 0.0687482 0.086384 0.0893846 -0.00261913 0.0751052 0.0602198 0.0745275 0.0241418 0.0322336 0.0817624 0.0475404 0.0268012 0.0780986 0.00734201 0.0755891 0.0615847 0.0828589 0.100502 0.0740443 0.0423029 0.0810211 0.0499229 0.0156136 0.0402482 -0.00437682
internal_weight=0 1849.77 1773.21 1022.82 4209.29 663.094 4174.65 3266.64 76.5596 535.499 258.652 607.46 40.2046 359.723 750.395 192.989 106.071 567.255 18.5323 908.011 310.285 597.727 199.141 398.586 71.8227 326.763 183.65 176.073 78.8742 97.1983
internal_count=285481 102796 76740 60304 182685 40241 148717 101677 26056 28569 19371 31635 9167 20063 16436 16750 10367 22468 1942 47040 18905 28135 8643 19492 4599 14893 7676 12387 4781 7606
cat_boundaries=0 2 4 6 8 10
cat_threshold=4075448066 4787087 38426787 613249 3596805078 674472 1688539177 1443074 3536455168 4195072
is_linear=0
shrinkage=0.1


Tree=23
num_leaves=31
num_cat=2
split_feature=86 157 170 156 13 156 166 237 170 171 157 170 13 156 13 66 166 65 157 12 178 222 237 157 170 92 193 63 175 13
split_gain=62.707 35.9116 30.1681 28.3768 25.2177 19.4674 16.4977 20.4583 14.0011 13.9078 11.588 13.5227 12.1089 11.0611 10.8799 10.5185 10.3408 10.1286 9.35134 9.17017 9.08859 9.05959 8.83895 8.48993 9.3942 8.46277 8.42997 8.35297 8.89968 8.85936
threshold=-0.95708391070365895 0.59821906685829174 0.53721478581428539 0.03137303143739701 0.0051791653968393811 1.0000000180025095e-35 0.89108052849769603 0 0.47715282440185552 0.45464123785495764 0.68788212537765514 0.51383313536643993 0.044623587280511863 0.15821565687656405 0.012480529490858318 1.8122751712799074 0.083073817193508162 4.5000000000000009 0.4752290546894074 127.50000000000001 0.072625864297151579 0.046433439478278167 1 0.58398589491844188 0.46561044454574591 0.93022292852401745 0.034160887822508819 0.35158756375312811 -0.080405119806528078 0.082036256790161147
decision_type=2 2 2 2 8 2 2 9 2 2 2 2 10 2 10 2 2 2 2 8 2 2 9 2 2 2 2 2 2 10
left_child=3 2 5 25 -5 -2 7 15 -7 10 11 -3 17 18 22 -6 -17 -13 -10 -8 -19 -11 -9 24 -18 -1 -26 29 -29 -15
right_child=1 9 -4 4 6 8 19 14 13 21 -12 12 -14 27 -16 16 23 20 -20 -21 -22 -23 -24 -25 26 -27 -28 28 -30 -31
leaf_value=-0.032668393121508287 -0.097911055233383212 0.10471525595416997 0.04583297348017145 -0.031676739154990904 0.089341713250967431 0.093051471882088177 0.0099716408284621048 0.035173874201787352 0.048922543479772734 0.078139458367522716 0.11127426212794199 0.062930992579662379 0.095461897894233011 0.062445565043663581 0.050158620081358213 -0.036214703168666366 0.085640330723958852 0.097935304634333531 0.094173820024973279 0.08095117856537043 0.025886113759955844 0.019602224496806674 -0.01942561430608027 0.085807037318118257 0.052236421216768594 0.11579932957021993 -0.0089491096271515271 -0.061446425895850615 0.05464769169971833 0.10428964291818524
leaf_weight=37.34295611014295 6.0431537879430826 637.21494201630412 286.25080849082406 25.990978531397559 266.81552724075664 648.26281153008313 18.681878871306253 61.954443049813563 53.890776718602865 171.37456411876337 427.63226595809101 293.75272664023214 670.5598434744752 430.470482721179 398.01859193643759 10.405325700681713 49.967822216851346 195.81514546538529 299.30159497307613 708.08653530622541 19.227205112634692 31.261910129040189 43.747387876268476 116.03710258638603 71.239877102514583 4.2792175875983949 32.925101508066291 10.51682998755132 17.744281755352858 57.337654918468616
leaf_count=19324 10131 3394 42663 17032 9884 37983 1603 3390 22385 2761 1021 6670 3857 26440 15990 1477 2711 1620 17435 10713 366 940 4504 1204 8492 733 5650 606 978 3435
internal_value=0 0.086299 0.0756191 0.0642287 0.0661123 0.0812154 0.0675419 0.0595318 0.0819287 0.0941985 0.0964639 0.0929775 0.0866355 0.0736338 0.041756 0.0737789 0.0616088 0.0750029 0.0872693 0.0791266 0.0914933 0.0691086 0.0140664 0.0653764 0.0499954 -0.0174043 0.0328965 0.0643018 0.0114455 0.067364
internal_weight=0 4256.66 1809.82 1845.49 1803.87 1523.57 1777.88 1051.11 1517.52 2446.84 2244.2 1816.57 1179.35 869.262 503.72 547.391 280.575 508.795 353.192 726.768 215.042 202.636 105.702 270.17 154.133 41.6222 104.165 516.069 28.2611 487.808
internal_count=285392 182685 162056 102707 82650 119393 65618 53302 109262 20629 16928 15907 12513 71279 23884 29418 19534 8656 39820 12316 1986 3701 7894 18057 16853 20057 14142 31459 1584 29875
cat_boundaries=0 2 4
cat_threshold=220066032 1107488 538968071 659931
is_linear=0
shrinkage=0.1


Tree=24
num_leaves=31
num_cat=3
split_feature=156 171 12 160 167 237 158 237 185 107 168 13 237 165 132 79 110 183 117 178 13 90 77 227 66 88 214 74 13 171
split_gain=45.3572 37.4005 31.7401 25.465 28.3019 20.8137 20.2927 17.2375 15.5696 17.7751 13.0685 12.0354 13.1374 11.9945 10.2843 9.75247 9.54796 9.32447 9.73736 9.14646 8.88184 8.79135 8.61169 8.55174 8.71507 8.51344 8.47844 8.39754 7.87821 7.72782
threshold=1.0000000180025095e-35 0.3453053236007691 22.500000000000004 1.0000000000000002 2.5000000000000004 0 0.18333333730697635 1 -0.0079743983224034292 0.012456240132451059 4.1289913654327401 0.025346565991640094 2 97.500000000000014 0.026468588039278988 0.28918129205703741 -0.039221860468387597 0.028898946009576324 -0.0082490975037217123 -0.054594207555055611 0.025346565991640094 1.5524578690528872 0.077524039894342436 -0.09924758598208426 8.9322071075439471 0.67325720191001903 -0.063626229763030992 0.33602151274681097 0.059097865596413619 0.045036215335130698
decision_type=2 2 8 2 2 9 2 9 2 2 2 8 9 2 2 2 2 2 2 2 10 2 2 2 2 2 2 2 10 2
left_child=-1 2 -2 8 6 21 7 -5 9 15 20 12 -8 16 -10 -4 28 18 -13 -16 -3 -6 26 -21 29 -23 -18 -7 -11 -25
right_child=1 10 3 4 5 27 11 -9 14 13 -12 17 -14 -15 19 -17 22 -19 -20 23 -22 25 -24 24 -26 -27 -28 -29 -30 -31
leaf_value=-0.089865337037268275 -0.00386847412290902 0.033576879385597731 0.078449139066227969 -0.0026029020779094868 -0.085189550704331679 0.063020855401234588 0.00051155291867343178 0.06429965525676952 0.096524455240790286 0.052355087413457825 0.089563226562601392 0.079701867141688088 0.071661492110039235 0.01984855413032631 0.103628027119894 0.099987207860065028 0.027005421196795162 0.075657823210732791 0.10283692109580805 -0.096813284978871761 0.060020635008875181 0.069555721229526815 0.092972553353524626 0.073472521645637001 -0.162488728724063 -0.033402160930487944 0.073126210182138759 -0.054245113473479968 -0.035774624848725192 -0.0038289102905811143
leaf_weight=15.897328630478112 42.647549757894012 193.58758301134003 403.93718251936662 52.552408102019399 15.506890005701278 144.71764176169745 42.669043197543942 284.70177521933147 1698.3665272193721 60.711848093622393 103.66800418875209 307.91382571971917 121.87854896359204 49.074219292597263 64.933989336961531 438.40605809136832 47.388368121624808 491.14112716523232 444.64043281941485 3.4736239753983673 369.35361941468727 12.932164111756718 191.49390353234776 117.98944234515511 1.7057152068155108 21.192621561094711 250.85067709636496 6.3757651457708553 12.178020712126452 14.524466917908283
leaf_count=22024 44367 17420 16554 4117 1504 8451 4010 15102 52534 3225 1333 8623 7754 2222 1958 9544 2850 11741 11282 314 10047 955 6929 3948 415 2215 11481 1329 790 652
internal_value=0 0.07927 0.0820561 0.0827473 0.0736475 0.0380868 0.0777368 0.055704 0.0880261 0.0802369 0.0569355 0.0830134 0.0575977 0.0672623 0.0939839 0.0896588 0.0713979 0.086376 0.093371 0.0726896 0.050927 -0.0189396 0.0764236 0.0580996 0.0621087 0.00561547 0.0657979 0.0544676 0.0376309 0.0649997
internal_weight=0 6010.51 5343.9 5301.26 1946.22 200.725 1745.5 337.254 3355.03 1454.04 666.609 1408.24 164.548 611.697 1900.99 842.343 562.623 1243.7 752.554 202.627 562.941 49.6317 489.733 137.693 134.22 34.1248 298.239 151.093 72.8899 132.514
internal_count=285690 263666 234866 190499 77083 14454 62629 19219 113416 53595 28800 43410 11764 27497 59821 26098 25275 31646 19905 7287 27467 4674 21260 5329 5015 3170 14331 9780 4015 4600
cat_boundaries=0 2 4 6
cat_threshold=340298785 4751765 25231385 1444240 148241489 4341808
is_linear=0
shrinkage=0.1


Tree=25
num_leaves=31
num_cat=0
split_feature=86 157 170 66 13 13 10 157 157 156 156 175 86 170 17 157 53 126 171 11 168 81 63 211 222 213 158 163 7 153
split_gain=62.8294 29.7414 32.0378 26.5711 15.9192 15.1394 13.1458 12.4233 12.1022 11.8287 11.6414 11.1717 11.1383 10.72 10.6429 10.2682 9.59678 10.014 9.55361 9.51989 9.3761 9.04349 8.95743 10.8793 8.88548 10.254 8.61882 11.7717 9.79674 9.20998
threshold=-0.94577196240425099 0.62632915377616893 0.50746974349021923 4.7505090236663827 0.017917335964739326 0.016366655938327316 363.00000000000006 0.55311596393585216 0.50041797757148754 0.2416573911905289 1.0000000180025095e-35 0.13636808842420581 -1.1152490973472593 0.57132080197334301 28.500000000000004 0.61550846695899974 1.5000000000000002 -0.012969876173883675 0.45464123785495764 0.026354376226663593 3.8238824605941777 0.19378911703825 -0.12845615297555921 -0.046221368014812463 0.019337690435349945 0.069403167814016356 0.22500000149011615 -0.40546309947967524 0.20874343067407611 0.051998211070895202
decision_type=2 2 2 2 8 10 10 2 2 2 2 2 2 2 2 2 2 2 2 10 2 2 2 2 2 2 2 2 10 2
left_child=3 2 8 4 6 -5 -1 20 11 -10 -6 14 26 -9 19 22 17 -15 -3 -2 -4 -17 -7 -24 25 -11 27 28 -12 -29
right_child=1 18 7 5 10 15 -8 13 9 24 12 -13 -14 16 -16 21 -18 -19 -20 -21 -22 -23 23 -25 -26 -27 -28 29 -30 -31
leaf_value=0.0064254169199386398 0.038945271864072518 0.10016587008729075 0.038018405419941705 0.0050854941256654324 -0.10447487628442367 0.087190053029453998 0.066163254219204007 0.078958977197626137 0.10600273947913511 0.099347433323673837 0.067689409037585538 0.14116114777603692 0.081623857276875947 -0.0018263031626775394 0.36854800107810171 0.05941446535210923 0.086134434491721257 0.058752593307086279 0.073529133834704011 0.080357738374376195 0.081050466835297874 0.12036010493501953 -0.016071128330558012 0.04349092810299935 0.065094464316585748 0.041519194148797407 0.073782703656634682 -0.029121598069530481 -0.01098562255137971 0.13260255800202578
leaf_weight=64.187802416679915 92.703528689555242 1489.6930911792806 192.39412011216882 84.227771736831528 3.60548891631879 30.691669372497927 86.452326338425337 773.54329577868339 554.91382368408085 315.99130141406204 121.76225984164921 21.155106680756944 924.98163024246605 45.310608053670876 1.1512630485340185 104.90760129888076 53.093863109199447 68.602855342476687 148.02984043757897 138.35561156845142 68.718545621433805 31.705645620590076 41.2190271443651 119.78095766431943 156.86932545363379 33.958207893636427 255.22060880216304 28.62539813395415 18.192043002607534 4.0152870046294984
leaf_count=14074 28705 8113 50088 21798 4341 2501 4218 19269 11733 5619 3454 5833 28515 2919 120 927 2092 3205 2261 23274 8539 129 4648 11732 4987 1292 6740 3904 431 174
internal_value=0 0.0872695 0.0804442 0.0653939 0.0715495 0.0429067 0.0407089 0.0686411 0.0912293 0.0959154 0.0749746 0.0715918 0.0754529 0.0739984 0.0652538 0.0526099 0.051022 0.0346565 0.0977582 0.0637426 0.0493434 0.0735589 0.0376801 0.0282419 0.0848709 0.0937359 0.0621105 0.0448506 0.0574628 -0.00922714
internal_weight=0 4154.48 2516.76 1919.58 1507.04 412.533 150.64 1201.66 1315.1 1061.73 1356.4 253.366 1352.8 940.551 232.21 328.305 167.007 113.913 1637.72 231.059 261.113 136.613 191.692 161 506.819 349.95 427.816 172.595 139.954 32.6407
internal_count=285635 178049 167675 107586 65851 41735 18292 86112 81563 23631 47559 57932 43218 27485 52099 19937 8216 6124 10374 51979 58627 1056 18881 16380 11898 6911 14703 7963 3885 4078
is_linear=0
shrinkage=0.1


Tree=26
num_leaves=31
num_cat=0
split_feature=86 66 157 170 171 157 124 10 168 170 63 11 160 163 181 171 121 10 160 166 166 124 92 157 143 63 116 144 160 176
split_gain=54.7583 23.6158 20.7371 25.8038 17.9496 18.3662 14.3442 14.2874 12.8415 12.0667 11.6005 11.4983 10.9926 10.8506 10.5958 10.4383 10.1047 9.67754 9.53429 9.26247 9.62222 10.8749 10.2568 9.21029 9.16025 10.2194 9.14094 8.96256 8.75193 11.2304
threshold=-0.94577196240425099 5.9938175678253183 0.61550846695899974 0.47992576658725744 0.069433979690074935 0.38817958533763891 -0.011527607683092354 499.00000000000006 3.8238824605941777 0.49234667420387274 0.14819913357496264 0.046336553990840919 1.0000000000000002 0.32350383698940283 0.14266662299633029 0.49157020449638372 0.042701594531536109 173.50000000000003 1.0000000000000002 0.65249028801918041 0.15041343867778781 0.042167853564023978 0.92242678999900829 0.64017945528030407 -0.017255648039281365 -0.021545131690800187 0.050890574231743819 -0.021294099278748032 1.0000000000000002 -0.13692046701908109
decision_type=2 2 2 2 2 2 2 10 2 2 2 10 2 2 2 2 2 10 2 2 2 2 2 2 2 2 2 2 2 2
left_child=1 4 3 11 5 -1 10 -6 16 -4 -3 -2 -8 14 18 19 28 -10 -7 20 -11 27 -23 -20 -14 -26 -17 -22 -5 -30
right_child=2 6 9 8 7 13 12 -9 17 15 -12 -13 24 -15 -16 26 -18 -19 23 -21 21 22 -24 -25 25 -27 -28 -29 29 -31
leaf_value=-0.017079460386369781 0.086180187201818359 0.037522328751052318 0.11077730549973026 0.077856372958412176 0.039958573859305152 0.092050284284330888 0.069110911177692233 0.073137014458101141 0.10354597191429515 0.096906522883279236 -0.039972127379501773 0.11385951699815088 0.092041207703994043 0.034763754080255484 0.057252575621697312 0.070223015579261944 0.045467872185124429 0.071261898875685362 0.060996655408746075 0.098158744853033442 0.034522519667200637 0.027984545085937809 -0.18054701468943896 0.10156798815662227 0.064191517400356418 -0.04483240947360146 -0.022181269096066762 0.082702307302412403 0.10636836189027732 0.047629015388369368
leaf_weight=20.62490361748678 571.4080977253152 40.625222461319936 324.70500861399341 499.5842864553606 302.5255655297442 595.06084126580754 119.68101675841535 227.31281134095116 175.00169829604056 242.55129221337847 36.828136673238987 203.53899875336538 11.500520857440277 54.861007617279029 167.55228149406685 103.53235125126957 215.13340943214826 197.79772615824368 239.43496115466041 906.25717586432438 45.457177977885294 18.751455371093474 2.6980471506249151 73.018457169237081 12.728411762645917 26.492552197232726 11.940131835086502 256.33386492989666 37.705259168467819 238.01608096909968
leaf_count=10871 37280 5871 1519 46386 15602 17619 10685 4299 9408 1537 7091 7387 846 11743 5831 1760 22868 7713 11126 3683 919 280 70 257 1481 4601 317 3502 5182 27684
internal_value=0 0.0651728 0.0856464 0.0788798 0.069423 0.0764366 0.0363573 0.0541929 0.0705972 0.0932126 0.000674651 0.0934501 0.0525762 0.0781436 0.0803572 0.08962 0.0646426 0.0864169 0.084623 0.0918911 0.0818519 0.0705553 0.00175419 0.0704779 0.0135614 -0.00945078 0.0606682 0.0754452 0.0699633 0.0556617
internal_weight=0 1928.25 4050.41 2138.19 1680.39 1150.55 247.856 529.838 1363.24 1912.23 77.4534 774.947 170.403 1129.93 1075.07 1587.52 990.439 372.799 907.514 1472.05 565.792 323.241 21.4495 312.453 50.7215 39.221 115.472 301.791 775.306 275.721
internal_count=285418 107923 177495 163908 77348 57447 30575 19901 119241 13587 12962 44667 17613 46576 34833 12068 102120 17121 29002 9991 6308 4771 350 11383 6928 6082 2077 4421 79252 32866
is_linear=0
shrinkage=0.1


Tree=27
num_leaves=31
num_cat=0
split_feature=171 157 157 168 170 157 6 170 227 173 13 66 157 171 7 141 170 158 136 92 1 155 170 157 71 157 145 17 132 63
split_gain=35.26 29.6605 24.7188 23.3647 20.2166 19.8677 11.5694 11.1253 10.9252 10.3884 10.1445 9.97038 9.93947 12.4136 11.6604 9.89921 9.7631 9.66626 8.87565 8.58327 10.0661 9.29735 8.55783 9.53811 10.0057 8.53443 8.0434 11.5801 7.98868 10.1441
threshold=0.013746987096965315 0.68788212537765514 0.41330581903457647 3.1954355239868169 0.47280773520469671 0.55311596393585216 0.18350168317556384 0.61287930607795726 0.11895189434289934 -0.16205444931983945 0.025346565991640094 5.8207831382751474 0.57795006036758434 0.3453053236007691 0.11814556270837785 -0.022578169591724869 0.41605599224567419 0.22500000149011615 0.034363429993391044 0.8913094997406007 0.15287244319915774 -0.016555291600525376 0.57132080197334301 0.64017945528030407 0.10582306981086732 0.64017945528030407 -0.011344722006469963 10.500000000000002 -0.014957690145820378 -0.084477439522743211
decision_type=2 2 2 2 2 2 8 2 2 2 8 2 2 2 8 2 2 2 2 2 10 2 2 2 2 2 2 2 2 2
left_child=1 2 16 6 9 10 17 19 12 -4 -6 -11 -5 14 28 -9 -1 -2 -13 20 -7 -22 -21 24 -24 -15 27 -12 29 -14
right_child=3 -3 4 8 5 7 -8 15 -10 11 26 18 13 25 -16 -17 -18 -19 -20 22 21 -23 23 -25 -26 -27 -28 -29 -30 -31
leaf_value=0.089673203216130509 0.025547507826274969 0.10973701077988458 0.077460086542790352 0.061878640394576551 0.029670718611733943 0.076670193565415073 0.010381199532443656 0.11361812794757607 0.029357247780917545 0.10915676063005755 0.071894322186241769 0.082257210106277456 -0.17578692602974669 0.040481110871281506 0.10096968183478348 -0.033536061423609452 0.00079506291955215482 0.069295442001770499 -0.027517158102588309 0.091399692976382632 0.06938339845838852 -0.090644821990531796 0.044167536199118319 0.090941139330807927 0.097783229032013308 0.07640599866876488 0.058352223915748382 0.12856293703521596 0.071323487065002425 0.033982788997370013
leaf_weight=16.261425986862378 77.009488181111919 426.7550056859327 194.94426992539957 383.2779195424373 76.640838979876207 714.18053938138473 82.257094057948052 6.6060824033120324 54.314102039210411 508.96063926190982 193.40030772323007 67.598443887294707 3.1406625441013594 81.336961905974022 341.88048883667216 14.842797844830782 51.507087539862368 146.75241996949808 8.2660957406878861 1403.8580558765279 7.5704941187286749 6.9758046705392172 134.72193388661253 170.70476116173086 46.93242258313694 353.64362970300135 331.20612211367552 44.324411933735973 41.854328629007796 8.6670311153284256
leaf_count=5593 11869 1258 6691 37777 34502 10837 9037 463 2206 12260 20986 5385 105 2625 1428 1462 35165 11396 1166 18524 194 479 5252 1016 1231 2633 41068 2713 464 156
internal_value=0 0.0846768 0.0820028 0.067251 0.0830349 0.0794683 0.0424503 0.0834977 0.0732359 0.0974517 0.0638248 0.104116 0.0751993 0.0813467 0.0941674 0.0117862 0.0221219 0.0542392 0.0702963 0.0841166 0.0749929 -0.00735953 0.0879025 0.0739689 0.0580197 0.0696884 0.0684257 0.0824603 0.05083 -0.0218127
internal_weight=0 4426.26 3999.5 1574.13 3931.73 3151.96 306.019 2506.39 1268.12 779.769 645.572 584.825 1213.8 830.523 395.543 21.4489 67.7685 223.762 75.8645 2484.94 728.727 14.5463 1756.22 352.359 181.654 434.981 568.931 237.725 53.662 11.8077
internal_count=285941 206245 204987 79696 164229 138727 32302 39458 47394 25502 99269 18811 45188 7411 2153 1925 40758 23265 6551 37533 11510 673 26023 7499 6483 5258 64767 23699 725 261
is_linear=0
shrinkage=0.1


Tree=28
num_leaves=31
num_cat=0
split_feature=86 163 157 160 156 170 170 86 156 168 156 171 157 74 163 66 118 196 233 86 156 207 11 195 192 85 218 67 186 79
split_gain=62.3787 21.8815 21.7885 18.5345 16.5568 15.6949 14.6304 14.6288 11.6913 11.2963 11.1934 11.4414 11.033 14.0844 10.6538 10.0532 9.0685 11.071 8.94748 8.54577 8.27347 8.20868 8.18416 8.15441 8.10753 9.64319 10.2024 9.5558 7.99685 7.86909
threshold=-0.94577196240425099 0.32350383698940283 0.58398589491844188 1.0000000000000002 1.0000000180025095e-35 0.49234667420387274 0.47992576658725744 -1.1152490973472593 0.14523021876811984 4.0178852081298837 0.042705167084932334 -0.0079010277986526472 0.68788212537765514 0.28097587823867803 -1.5841388702392576 7.9054753780364999 0.028494480997323993 0.020779408514499668 0.01051559951156378 -0.77072203159332264 0.64346247911453258 -0.13067883998155591 0.042650640010833747 0.11080140620470048 0.0043682700488716373 30.500000000000004 0.03877666778862477 2.930846214294434 -0.17811740189790723 0.3081014752388001
decision_type=2 2 2 2 2 2 2 2 2 2 2 2 2 2 2 2 2 2 2 2 2 2 8 2 2 2 2 2 2 2
left_child=1 3 4 10 -2 -4 29 9 19 14 -1 -12 13 21 -5 23 -13 -18 -15 -8 -11 -7 -20 -10 25 -16 27 -27 -21 -6
right_child=2 -3 5 7 6 12 8 -9 15 20 11 16 -14 18 24 -17 17 -19 22 28 -22 -23 -24 -25 -26 26 -28 -29 -30 -31
leaf_value=0.019356916676496218 -0.093621196701563353 0.0159904873707425 0.10778797151678915 0.095690493682113381 0.080792482963619683 0.11232364657169154 0.069588607123950874 0.062877513277978775 0.067953071792354422 0.081667848936357632 0.085264556168805003 0.0737622134082732 0.10285548405630114 0.069461839959879493 0.094222042079954119 0.0072626642485240801 0.013680261679994692 0.069069442483085386 -0.043617561417014623 -0.01530100053099254 -0.12437520381509062 0.084655455592829318 0.055110776921697725 0.028621233879398651 -0.026219235552423698 0.044050395152162435 -0.074502231856928822 -0.08206321668227308 0.10776677448126988 0.10402168211469993
leaf_weight=35.791993927135991 5.6829182339806712 89.771260627439005 504.15550988815085 14.982273896763216 438.40397386407858 116.04088135411439 186.55719906575541 447.14300279760482 405.79124082115231 44.402983431489702 608.33946372686478 326.87296224137754 404.43766255269293 64.479587851856195 16.428100285993423 34.983189920094446 66.484434695310483 78.923752379530924 16.771639239959768 5.5065084314046535 2.0382789305876932 1412.0557048912742 16.813789524370804 60.580645774014556 47.501514106254035 45.656849434053584 12.067243049379611 6.9186354567573281 128.33219733952865 218.52414184306326
leaf_count=10609 12174 35189 3269 481 24106 986 28634 19350 31325 1130 18390 8979 1480 1316 481 9720 2728 2214 671 1349 8 18604 304 6164 4129 2543 1098 507 22783 14675
internal_value=0 0.0641441 0.0863614 0.0666093 0.0767398 0.0919958 0.0773945 0.0530003 0.0685009 0.0297548 0.0743759 0.0761983 0.088075 0.0843989 0.0158859 0.0589656 0.0645201 0.0437441 0.0476618 0.0834216 0.0726247 0.0867565 0.00580856 0.062844 0.00658646 0.0258082 0.00842168 0.0274546 0.102703 0.0885196
internal_weight=0 1843.32 4019.12 1753.55 1484.36 2534.75 1478.68 637.139 821.751 189.996 1116.41 1080.62 2030.6 1626.16 143.555 501.355 472.281 145.408 98.065 320.396 46.4413 1528.1 33.5854 466.372 128.572 81.0708 64.6427 52.5755 133.839 656.928
internal_count=285396 107836 177560 72647 150930 26630 138756 29727 99975 10377 42920 32311 23361 21881 9239 47209 13921 4942 2291 52766 1138 19590 975 37489 8758 4629 4148 3050 24132 38781
is_linear=0
shrinkage=0.1


Tree=29
num_leaves=31
num_cat=4
split_feature=86 158 157 170 9 171 237 170 79 3 157 170 86 237 237 157 74 237 204 116 179 177 170 143 158 11 132 138 183 67
split_gain=57.4138 19.1036 16.3066 22.3263 11.7165 11.4735 11.346 11.2334 12.0857 11.0438 10.6482 11.0954 10.5283 11.9126 11.3042 9.44876 8.8028 8.29076 8.1727 7.8628 7.83924 7.77697 8.17358 8.05093 7.63437 8.32084 9.46005 10.8654 8.27201 7.51838
threshold=-0.96707141399383534 0.22500000149011615 0.65876379609107982 0.50746974349021923 0.020427130162715915 0.024706175550818447 0 0.41605599224567419 0.3081014752388001 0.125657893717289 0.48622788488864904 0.57132080197334301 -1.1152490973472593 1 2 0.43620117008686071 0.26975052058696752 3 -0.048554435372352593 0.028583102859556678 0.02459678985178471 -0.21964500844478604 0.54298490285873424 0.058850785717368133 0.29166667163372045 0.053773585706949241 0.016738111153244976 -0.0074042542837560168 0.079640999436378493 1.9353356361389162
decision_type=2 2 2 2 8 2 9 2 2 8 2 2 2 9 9 2 2 9 2 2 2 2 2 2 2 8 2 2 2 2
left_child=1 4 3 7 12 10 29 -2 15 17 -5 20 13 -1 19 -9 21 -3 -13 -14 24 23 -23 -7 25 26 -12 -28 -26 -6
right_child=2 9 -4 5 6 16 -8 8 -10 -11 11 18 14 -15 -16 -17 -18 -19 -20 -21 -22 22 -24 -25 28 -27 27 -29 -30 -31
leaf_value=-0.0060547203128920538 0.12246966210473538 0.053790568443096098 0.097742183437996843 0.026354371016527489 0.021903896232778421 0.14315372493212283 0.049220361731205205 0.031485696462279007 0.10192015311615954 0.076283628133140435 0.060171950482431728 0.035301727870811005 -0.053091380331656869 0.054887506654450906 0.07539088360719387 0.084543459576227303 0.017871712133238668 -0.013502709252258853 0.072749462033936715 0.057207154959250162 0.095005138594012439 0.076368996696220992 0.034273867992022054 0.59618304569564695 0.077779781261608297 0.084211432877936546 0.068187928961101027 -0.071567007273740199 0.11061791428116152 -0.040650062664212422
leaf_weight=49.202408446457412 109.03084535302332 74.26119168090554 952.05683704621333 38.281423633260601 54.730124131674529 6.0337728979484373 115.68803060152004 34.841511095891292 490.95011566954963 930.4446951522641 140.17364284492942 80.023132923415687 15.243031546724525 106.39020848758446 276.97039691527334 915.58810696036562 50.230933540602564 24.587664040570417 214.48382397030582 11.220594633115978 428.08753956100554 126.88885321798443 72.47058128397839 0.41955403170504713 269.11277136134231 133.15027851239211 9.9916284228020249 12.551092454647003 107.29459465300897 29.608325189894458
leaf_count=5954 5806 5316 4707 19582 5355 887 10405 17708 30660 33110 7509 4274 2142 6329 16416 32601 3148 7983 10351 942 13799 10196 8677 24 9425 4649 406 905 2010 4160
internal_value=0 0.0643957 0.0862367 0.0828555 0.0511023 0.0749022 0.0309041 0.0915207 0.0891796 0.0729074 0.0783858 0.0798137 0.0599039 0.0387545 0.0707487 0.0825984 0.0554039 0.0411277 0.0625742 -0.0045902 0.0844278 0.0645641 0.0610667 0.172607 0.0776924 0.0656727 0.0505025 -0.00962331 0.0871403 -5.06402e-05
internal_weight=0 1688.35 4191.66 3239.6 659.053 1689.19 200.026 1550.41 1441.38 1029.29 1433.15 1394.87 459.027 155.593 303.434 950.43 256.044 98.8489 294.507 26.4636 1100.36 205.813 199.359 6.45333 672.274 295.867 162.716 22.5427 376.407 84.3384
internal_count=285436 98112 187324 182617 51703 95842 19920 86775 80969 46409 72910 53328 31783 12283 19500 50309 22932 13299 14625 3084 38703 19784 18873 911 24904 13469 8820 1311 11435 9515
cat_boundaries=0 2 4 6 8
cat_threshold=3520800045 1028372 188179992 5404786 1684079106 4587520 2563395965 133714
is_linear=0
shrinkage=0.1


Tree=30
num_leaves=31
num_cat=1
split_feature=237 10 157 170 157 157 156 157 156 170 13 170 156 123 157 160 228 96 154 90 187 183 103 156 166 8 79 150 173 193
split_gain=30.7006 22.5485 20.259 18.8278 18.5668 14.6705 20.8494 21.9959 18.9081 13.7157 12.4071 10.8163 10.0827 10.0165 9.81428 9.61133 9.86739 9.53416 9.43121 9.15841 9.5127 9.06751 8.96894 8.92628 8.84389 8.87281 8.83761 8.83061 8.8137 8.59397
threshold=0 29.500000000000004 0.65876379609107982 0.50746974349021923 0.48622788488864904 0.57795006036758434 0.34118625521659857 0.68788212537765514 0.2416573911905289 0.52152159810066234 0.059097865596413619 0.54025834798812877 0.44529914855957037 -0.030668699182569977 0.36167889833450323 2.0000000000000004 0.052011473104357726 -0.13413338363170621 -0.072053495794534669 1.9028323888778689 -0.14839477092027661 0.10124611482024194 0.092451937496662154 0.54616478085517894 0.61370676755905162 0.14990550279617312 1.0000000180025095e-35 -0.0096047241240739805 -0.16205444931983945 -0.055846193805336945
decision_type=9 8 2 2 2 2 2 2 2 2 10 2 2 2 2 2 2 2 2 2 2 2 2 2 2 10 2 2 2 2
left_child=5 -2 3 14 -5 8 9 11 17 -7 15 12 -8 -14 -3 23 27 -1 -9 20 -19 22 26 -6 25 -16 -12 -17 -26 -11
right_child=1 2 -4 4 10 6 7 18 -10 29 21 -13 13 -15 24 16 -18 19 -20 -21 -22 -23 -24 -25 28 -27 -28 -29 -30 -31
leaf_value=0.10268020681568586 0.013287435266112339 0.008024704445131035 0.099838923921416703 0.025040035987736825 0.07575880852640704 0.096657020475159797 0.062517270961873414 -0.070514059464079112 0.013731379697841127 0.040005892769743645 -0.031741567176286317 -0.013840331842003718 0.085901109062755707 -0.0036277823015818632 0.05943889851510005 0.053041088400422792 0.090464197490968609 0.10064630534331279 0.077828896581498608 0.070612744256254564 0.028740601701631063 0.11229473020214716 0.054809424496708004 0.030478308259836093 0.076110370709927336 0.089501934264110128 0.089765642387976144 -0.019686595588365642 0.099684840088889726 0.080768401646817978
leaf_weight=49.910244944851001 43.337446257872216 14.354657959440372 824.95823821914382 70.434715616087487 899.36385379371859 383.09738195348473 118.95043354734662 4.3475240370025849 102.83210984143807 83.295345105034357 6.0645404507085905 38.083802851673681 15.903432006198271 58.334654115955345 151.89772771689604 36.177004829693033 27.638311951079231 21.21200180478445 301.94891604694567 193.71551403391913 138.70060214192108 124.14083038461104 97.218154263609904 45.75063312407292 190.65699003118243 277.57434060771084 461.72373620051803 31.002323398686713 942.89141327956895 136.4478675417522
leaf_count=9116 47280 8443 2744 28451 37729 3937 2425 43 7005 2065 151 1417 293 1720 16224 1684 841 2085 3145 26348 21035 1385 1884 2030 5033 11560 8100 1954 25956 3258
internal_value=0 0.0848503 0.0857904 0.0823584 0.0753675 0.0657761 0.0724649 0.0581463 0.052011 0.0852332 0.0774176 0.0348674 0.0444693 0.0155513 0.0903338 0.0705219 0.0401699 0.0617657 0.0757233 0.0559911 0.0382787 0.0878234 0.0824467 0.0735669 0.0910897 0.0788691 0.0881904 0.0194783 0.0957197 0.0653171
internal_weight=0 4245.18 4201.85 3376.89 1799.51 1646.78 1140.41 537.569 506.37 602.841 1729.08 231.272 193.189 74.2381 1577.38 1039.93 94.8176 403.538 306.296 353.628 159.913 689.147 565.006 945.114 1563.02 429.472 467.788 67.1793 1133.55 219.743
internal_count=285341 201449 154169 151425 84209 83892 18303 9043 65589 9260 55758 5855 4438 2013 67216 44238 4479 58584 3188 49468 23120 11520 10135 39759 58773 27784 8251 3638 30989 5323
cat_boundaries=0 2
cat_threshold=2152350218 4916207
is_linear=0
shrinkage=0.1


Tree=31
num_leaves=31
num_cat=0
split_feature=86 156 156 13 66 157 170 160 170 163 160 86 6 188 90 168 194 160 187 176 86 75 186 174 138 156 175 195 192 211
split_gain=61.5337 19.4859 16.2505 15.0117 13.7279 13.5894 15.5895 10.6395 9.41466 9.28328 8.97791 8.52662 10.958 9.89683 8.24142 7.87822 8.42555 9.64031 7.8464 8.92602 7.76979 8.31268 7.60814 8.06327 9.73443 7.40262 7.49881 7.00034 8.23595 9.38071
threshold=-0.94577196240425099 0.042705167084932334 1.0000000180025095e-35 0.012480529490858318 9.1644253730773944 0.62632915377616893 0.51779085397720348 1.0000000000000002 0.45828418433666235 0.068975757807493224 1.0000000000000002 -0.79820320010185231 0.022991543635725979 0.15487509965896609 1.9541957974433901 2.746867418289185 0.054423701018095023 1.0000000000000002 0.090675674378871932 0.049792058765888221 -1.0841857790946958 0.048583790659904487 0.15500966459512713 0.11135787889361383 -0.042299320921301835 1.0000000180025095e-35 0.22792105376720431 -0.088956240564584718 -0.056066161021590226 -0.10579211264848708
decision_type=2 2 2 8 2 2 2 2 2 2 2 2 8 2 2 2 2 2 2 2 2 2 2 2 2 2 2 2 2 2
left_child=1 25 -2 10 7 6 11 9 -9 14 -3 12 13 -4 -5 -8 17 -17 19 -10 21 -11 -13 24 -24 -1 -27 -7 -29 -30
right_child=2 3 5 4 -6 27 15 8 18 20 -12 22 -14 -15 -16 16 -18 -19 -20 -21 -22 -23 23 -25 -26 26 -28 28 29 -31
leaf_value=-0.10434580853502672 -0.098655918342016161 0.046263523216849817 0.038612445275630757 0.072848931961618277 0.0099822280865903869 0.10977757787585088 0.026507912694508917 0.086889609089002326 0.033078614775865871 0.051857033927127864 -0.030926834898772328 0.098012229938227571 0.082685549111439646 -0.16449108002789239 0.092960431368313334 0.089189219695758284 0.057390567113543151 0.063050363190665662 0.075632077819277638 0.063648776173460778 0.065299567186159632 -0.052994523036699021 -0.10810345789594883 0.11182729093604532 0.059317805802425599 0.011515916700985413 0.18618359276975249 0.10367110391295231 0.11835247923523123 0.082892094396658886
leaf_weight=5.2711296766728983 4.7152504075183961 45.239604860387772 27.147865336271938 666.85043249760201 39.151163264206843 251.40464288613293 36.731287409365905 103.65912730092532 212.9316572619864 16.969305235048527 22.592584677266132 808.77717342972028 655.98951461458637 2.6317506475606924 293.40904257695365 396.89125885256362 227.89767360207406 218.92675197749486 124.82465453256737 173.20692648135446 71.876810203735658 13.638094559733871 3.6586471386035546 30.974102901716833 68.395512137958576 52.360899794310171 2.5789799671620122 387.59893020127492 82.250395064475015 802.23670772603509
leaf_count=9851 12256 12522 9669 14768 4265 1277 6122 3168 8246 2426 8876 42331 28408 664 5619 24399 19471 18576 4411 6367 7619 2664 193 1970 3620 16113 860 2510 251 6311
internal_value=0 0.0648064 0.0868788 0.0666944 0.0685177 0.0870974 0.082528 0.069884 0.0594113 0.0759407 0.0205541 0.0884163 0.0799922 0.0206633 0.078994 0.0718438 0.0738175 0.0798967 0.0538368 0.0467912 0.0473318 0.00513711 0.094752 0.0691588 0.0508168 0.00885431 0.0197151 0.0945296 0.0915162 0.0861896
internal_weight=0 1844.56 4006.23 1784.35 1716.52 4001.51 2478.02 1677.37 614.622 1062.74 67.8322 1597.57 685.769 29.7796 960.259 880.447 843.716 615.818 510.963 386.139 102.484 30.6074 911.805 103.028 72.0542 60.211 54.9399 1523.49 1272.09 884.487
internal_count=285803 107775 178028 80951 59553 165772 155423 55288 22192 33096 21398 86855 38741 10333 20387 68568 62446 42975 19024 14613 12709 5090 48114 5783 3813 26824 16973 10349 9072 6562
is_linear=0
shrinkage=0.1


Tree=32
num_leaves=31
num_cat=1
split_feature=86 157 157 170 8 163 216 171 5 86 122 233 175 160 231 16 170 79 165 129 125 6 186 76 175 168 237 220 175 171
split_gain=49.7122 18.7443 15.8888 15.2862 11.9951 15.175 11.7382 10.2916 9.70242 9.02392 9.17483 8.72402 8.71123 8.46793 8.38947 8.02555 8.01354 9.55089 9.78831 8.67236 7.58278 8.5005 8.45823 7.39424 7.38547 7.16133 8.43494 7.77154 6.99648 6.93423
threshold=-0.95708391070365895 0.62632915377616893 0.4277342706918717 0.50746974349021923 0.26174853742122656 -0.40546309947967524 0.017028850503265861 -0.056657781824469559 1.0000000180025095e-35 -1.0984927415847776 0.023987474851310257 -0.10053998604416846 0.60585469007492077 1.0000000000000002 -0.058507522568106644 1.0000000180025095e-35 0.41605599224567419 0.20169491320848468 93.500000000000014 0.019356880336999897 -0.0094251483678817732 0.081356864422559752 0.18773303180933001 0.32495285570621496 0.050398726016283042 3.4571943283081059 0 0.01680928468704224 -0.014187901746481655 0.007610822096467019
decision_type=2 2 2 2 10 2 2 2 8 2 2 2 2 2 2 2 2 2 2 2 2 10 2 2 2 2 9 2 2 2
left_child=2 3 12 16 5 8 -6 -7 -4 20 29 -8 -1 28 -3 -15 -2 18 -18 -19 21 22 -9 -20 25 26 -5 -28 -10 -11
right_child=1 14 4 24 6 7 11 9 13 10 -12 -13 -14 15 -16 -17 17 19 23 -21 -22 -23 -24 -25 -26 -27 27 -29 -30 -31
leaf_value=0.0045032559176493318 0.11453162889978186 0.11152749509701759 -0.019089457720927377 0.0049971731798669891 0.069162669636985405 0.06242776223398027 -0.0032586416261457364 -0.083105891048281949 0.088655339448592094 0.066878797194962633 0.077068841051723874 0.10402686762799707 0.22198545358607871 -0.0090516744329108122 0.09164350336158246 0.061156060511527811 0.081480918600975061 0.098613960710687273 0.050460168958752827 0.069242746322109403 -0.033088368969805819 0.078087064549920579 0.16731436397114918 -0.095611903395110998 0.095157672958142772 0.076784647608351173 0.074419113575560192 0.043787929570133659 0.065483284016777873 -0.0054198768408742605
leaf_weight=51.205721812760203 104.99639274746505 252.8614256196015 12.24844968117395 40.064736848051325 353.33375238420376 155.95627890595006 7.8982869087194549 7.7804390360215638 288.54099819880503 19.78855293005472 47.972900594060775 187.72826541891845 1.9104710377359868 17.2890390756329 1319.2702588837055 279.50357084837378 477.12230600111707 581.31802551761621 77.676706524098336 121.54948746516857 36.125567702150875 17.559554390405538 1.6316284852146052 3.6272731170138277 124.77652442037743 562.42524071206117 272.99049941478097 118.90579198590876 237.59869746909681 40.246521323992056
leaf_count=28513 5756 1401 2386 10497 8664 18076 182 1838 5771 1935 4333 4988 1166 957 9368 7076 29145 34756 4848 8867 5461 1092 124 326 8107 26725 26272 16808 5124 5191
internal_value=0 0.0862957 0.066189 0.0808901 0.0678609 0.0621069 0.0800432 0.0438473 0.0692574 0.0269118 0.0444645 0.0996953 0.0123256 0.0705724 0.0948416 0.0570663 0.0879879 0.0857783 0.0760156 0.0935347 -0.00313433 0.0369859 -0.0396943 0.0439434 0.0722251 0.0693475 0.059664 0.0635048 0.0781911 0.018411
internal_weight=0 4057.58 1764.32 2485.45 1711.2 1162.24 548.96 327.061 835.181 171.105 108.008 195.627 53.1162 822.932 1572.13 296.793 1366.29 1261.29 558.426 702.868 63.0972 26.9716 9.41207 81.304 1119.16 994.386 431.961 391.896 526.14 60.0351
internal_count=285753 182876 102877 172107 73198 59364 13834 38050 21314 19974 11459 5170 29679 18928 10769 8033 83698 77942 34319 43623 8515 3054 1962 5174 88409 80302 53577 43080 10895 7126
cat_boundaries=0 2
cat_threshold=1087516763 722891
is_linear=0
shrinkage=0.1


Tree=33
num_leaves=31
num_cat=1
split_feature=86 13 10 10 156 86 157 66 156 157 237 160 167 67 157 16 205 147 157 115 171 157 156 97 3 131 195 146 90 115
split_gain=58.2057 19.4521 14.2333 12.8662 11.3372 10.8914 10.5778 9.95185 9.73972 10.2046 9.37789 9.36241 10.9076 8.93091 8.69191 8.4054 8.08229 9.70175 7.81521 7.72046 7.5499 9.2004 14.1775 9.21986 9.7552 9.13794 8.64905 11.705 10.3368 8.51527
threshold=-0.95708391070365895 0.020814140327274803 553.50000000000011 11.500000000000002 1.0000000180025095e-35 -0.77072203159332264 0.38817958533763891 9.1644253730773944 0.2126329839229584 0.58398589491844188 0 1.0000000000000002 2.5000000000000004 4.3220534324646005 0.68788212537765514 1.5000000000000002 -0.08494940027594565 0.044515084475278861 0.65876379609107982 -0.015690482221543785 0.52714467048645031 0.65876379609107982 0.29198718070983892 0.0020736609585583214 0.17411248385906222 -0.0070270972792059174 -0.052068926393985741 0.0040137106552720079 1.7867965102195742 0.035535618662834174
decision_type=2 8 10 8 2 2 2 2 2 2 9 2 2 2 2 2 2 2 2 2 2 2 2 2 8 2 2 2 2 2
left_child=1 2 10 -2 -5 11 -3 20 -7 13 -1 15 14 16 -13 -6 -10 -18 -9 -20 21 22 -8 26 -25 29 27 -24 -29 -22
right_child=3 6 -4 4 5 8 7 18 9 -11 -12 12 -14 -15 -16 -17 17 -19 19 -21 25 -23 23 24 -26 -27 -28 28 -30 -31
leaf_value=0.039657970602974088 -0.024842788663275148 -0.0077826286232746166 0.069213662625436226 -0.086377991486708383 0.08284847396129616 0.10345623199351449 0.076994863269155514 -0.032133841060165251 0.032039106784863762 0.092600704072427487 -0.010765269699198715 0.072438825022653308 0.031182616934615479 -0.0084295150306757469 0.10647986854385799 0.10225322262952459 0.083530027884313185 -0.11392759634205177 0.11406249721151202 -0.032449823161400916 0.081071278804115632 0.091910390196685093 0.05965954803871204 -0.04618675443521579 0.040202943926319068 0.022764120182797349 0.075694792048144541 -0.12917222384059909 0.018966981719042375 -0.0018762628014409651
leaf_weight=69.389797150167396 10.294329671080503 17.726885453411342 85.6866203144873 3.7638894358246935 974.76678572444507 573.94117643565914 778.50844088587837 16.818649044471385 37.023833557712351 1128.3366114589699 66.279583902214654 606.20504880664521 57.116891940815549 13.062026693427468 85.599990874528885 289.5274290515481 277.21521590543125 2.5108345128246574 10.786911450559275 5.3956764918984836 91.491227410693682 229.31782641267637 52.139446404296905 16.541483923938358 62.302961735898862 67.514621887748945 149.47816949535627 6.8617297046293997 15.022592609457204 14.312392493131481
leaf_count=13246 21747 11185 4281 11088 36428 41978 39869 4232 2664 10926 18889 27859 5472 2592 336 9680 11762 222 61 99 1777 1129 817 606 1271 1750 2784 170 371 530
internal_value=0 0.0650184 0.0373062 0.0868114 0.0870953 0.0872567 0.0690167 0.0699145 0.0924213 0.0880779 0.017154 0.0820436 0.0731832 0.0726046 0.0766509 0.0872922 0.0759462 0.0817576 0.0156008 0.0652117 0.0711227 0.0737174 0.0698575 0.0514797 0.0220785 0.0515085 0.0618515 0.0338973 -0.0274814 0.0698507
internal_weight=0 1755.58 221.356 4059.36 4049.07 4045.31 1534.22 1516.49 2032.09 1458.15 135.669 2013.22 748.922 329.812 691.805 1264.29 316.75 279.726 33.0012 16.1826 1483.49 1310.17 1080.85 302.346 78.8444 173.318 223.502 74.0238 21.8843 105.804
internal_count=285821 103067 36416 182754 161007 149919 66651 55466 70144 28166 32135 79775 33667 17240 28195 46108 14648 11984 4392 160 51074 47017 45888 6019 1877 4057 4142 1358 541 2307
cat_boundaries=0 2
cat_threshold=5122121 4898503
is_linear=0
shrinkage=0.1


Tree=34
num_leaves=31
num_cat=0
split_feature=86 86 166 157 182 170 8 13 189 175 126 170 79 164 107 120 119 206 201 92 136 131 230 63 189 157 170 12 175 85
split_gain=44.4547 16.9374 15.4588 12.835 15.0774 11.3826 10.3888 9.81013 9.14525 8.56582 8.43211 8.18268 7.97933 7.63184 7.61662 8.07274 8.6009 7.04389 7.32259 9.29118 8.23909 7.00514 9.27264 8.41255 6.9802 6.91968 9.13103 9.5813 7.61132 6.90492
threshold=-0.81347760558128346 -1.0841857790946958 0.63316023349761974 0.57795006036758434 -0.087197083979845033 0.60105058550834667 0.27122400701045996 0.021769706159830097 -0.030457252636551854 0.22792105376720431 -0.038089830428361886 0.47992576658725744 0.4743421077728272 4.6774799823760995 -0.036778384819626801 0.0026605110615491871 0.0044974088668823251 0.085310447961092009 -0.056460630148649209 0.80157431960105907 -0.056575996801257127 -0.04428571090102195 -0.071077894419431673 -0.021545131690800187 0.17237743735313418 0.56230545043945324 0.48404701054096227 59.500000000000007 0.22792105376720431 69.500000000000014
decision_type=2 2 2 2 2 2 10 10 2 2 2 2 2 2 2 2 2 2 2 2 2 2 2 2 2 2 2 8 2 2
left_child=1 2 7 4 8 24 9 -1 -3 13 -7 -5 -11 -6 -12 -16 -17 18 19 -13 -21 22 23 -20 25 28 27 29 -2 -27
right_child=5 3 -4 11 6 10 -8 -9 -10 12 14 17 -14 -15 15 16 -18 -19 21 20 -22 -23 -24 -25 -26 26 -28 -29 -30 -31
leaf_value=0.0041940621521655485 0.078185371271781115 -0.008167813582418677 0.067519733849776109 0.09896397409996599 0.05011362946600998 -0.073356266208056228 0.086661482965876904 0.052612670049973345 0.051964386534412349 0.11080113167922906 -0.029506443747703084 -0.089526544327208649 0.3918826647280908 0.074978005236943104 0.10019667908786803 0.063251104908983793 -0.10201210098737826 0.092730324781056916 0.055661746598220985 -0.13519324079751158 0.063632175728973853 0.083029964382572305 0.059570676216640486 -0.22327751539329774 0.11213872606781111 -0.153390022635011 0.089839921782322779 0.11071602683931017 0.13252519414947542 0.077381296209115283
leaf_weight=68.836111342734966 556.88172318343959 34.169820578105828 576.58700193436744 252.75479239134438 276.32055804745596 5.2060921392658193 328.34838391055246 106.7225628849028 97.344877268207711 21.79781130238371 8.2537237755386723 4.1483511068363432 1.0590219379409962 223.12587706053546 35.203929491264716 10.156475838226468 4.5643737503341972 295.13630115686829 2.0560858379176352 2.1055181075353167 205.66782476071967 664.35333483412614 71.634711534024973 2.2803323717162121 153.52381573877528 2.3400078858976476 1424.8511846455949 316.4165296703577 27.027512147465131 2.907668395419023
leaf_count=15808 73377 6420 22220 2115 52813 379 22264 9224 11160 2706 452 110 170 14469 1372 498 448 3282 50 41 3438 9276 1043 105 6806 446 20105 1506 3319 252
internal_value=0 0.0727552 0.059609 0.0767385 0.0678518 0.0904175 0.0727235 0.0336279 0.036341 0.0639613 0.0485712 0.0825569 0.123824 0.0612217 0.0594819 0.0741937 0.0120093 0.0792323 0.0750488 0.0586587 0.0616173 0.0797405 0.050975 -0.0910202 0.0914853 0.0901247 0.0932754 0.108493 0.0807006 -0.0255227
internal_weight=0 3234.45 752.146 2482.3 982.166 2547.33 850.652 175.559 131.515 522.303 63.3846 1500.14 22.8568 499.446 58.1785 49.9248 14.7208 1247.38 952.246 211.922 207.773 740.324 75.9711 4.33642 2483.95 2330.42 1746.52 321.664 583.909 5.24768
internal_count=285674 176714 47252 129462 110002 108960 92422 25032 17580 70158 3149 19460 2876 67282 2770 2318 946 17345 14063 3589 3479 10474 1198 155 105811 99005 22309 2204 76696 698
is_linear=0
shrinkage=0.1


Tree=35
num_leaves=31
num_cat=1
split_feature=86 158 86 86 7 3 65 10 237 199 6 10 207 113 127 206 156 103 152 9 185 186 218 221 77 86 232 156 213 100
split_gain=50.7693 14.5652 12.0859 11.3817 10.4226 9.69678 9.7514 8.87662 9.4348 8.6448 8.25869 7.26329 7.27337 7.73557 7.5806 7.08154 8.1132 7.02642 6.92028 6.89974 6.83728 6.6562 6.5366 6.69011 7.10599 6.98928 7.49797 6.52155 6.51881 6.61267
threshold=-0.96707141399383534 0.22500000149011615 -1.1817154288291929 -0.79820320010185231 0.078461539000272765 0.125657893717289 95.500000000000014 499.00000000000006 0 -0.031538670882582658 0.10603479295969011 14.500000000000002 -0.11630954220890997 -0.0421565044671297 0.023684484884142879 -0.063308212906122194 0.54616478085517894 -0.12181637808680533 0.010426246561110021 0.020427130162715915 -0.032283248379826539 -0.084942698478698717 0.10498565435409547 -0.089062616229057298 0.34549072384834295 -0.98666787147521962 -0.017400384880602356 0.2126329839229584 -0.049682337790727608 -0.092447910457849489
decision_type=2 2 2 2 8 8 2 8 9 2 8 8 2 2 2 2 2 2 2 8 2 2 2 2 2 2 2 2 2 2
left_child=1 2 7 5 -4 6 18 8 -1 21 -7 -5 13 14 -13 16 17 -11 -2 22 -18 -3 23 24 -6 -25 -27 -14 -24 -30
right_child=3 9 4 11 19 10 -8 -9 -10 15 -12 12 27 -15 -16 -17 20 -19 -20 -21 -22 -23 28 25 -26 26 -28 -29 29 -31
leaf_value=0.034773577029747336 0.088694815157481371 0.058005854075982632 -0.011201088223588705 -0.012461155736558947 0.11072383002185603 0.089286503419452393 -0.031937981017242503 0.050426025358683083 -0.034711007263681447 -0.0922892467552128 0.07483441057634975 0.065585643647649849 0.098420739971729829 0.11164666943858521 -0.14317864109050382 0.072503565128112457 0.07361627574114539 0.059522701873950458 0.045758405234302336 0.044540937726091717 -0.058325417945727091 0.091784221162895863 -0.095503894288336749 0.07654327047525486 0.40471739755676933 -0.034504747410059614 0.061579637329036707 0.086122028175424858 -0.063392934727429018 0.06559978687789618
leaf_weight=27.621465819291188 66.083036031949177 71.844701066955167 19.098786068414938 6.7087704824061793 32.094430435970935 935.57007362810691 11.305561613000462 73.655783333650106 30.705359278825199 3.119708837431971 684.8647897114588 11.635351504573917 612.50447830005533 244.76067830273314 2.0450870740532983 461.58326543388011 5.8156336892570861 134.04686860519178 86.902555883356399 132.20107750751231 12.097366511734434 310.30234226892571 3.739244141495873 258.49232995884404 0.8437603807906261 12.106446498431977 24.673748704437457 1456.1949937180907 4.7421654016870916 24.539371242719426
leaf_count=3864 8222 3921 9488 13493 1495 32925 1472 3663 5340 200 30762 524 49811 7242 206 20706 119 8346 14785 12044 259 12948 319 12386 11 675 1264 28108 207 1046
internal_value=0 0.0660532 0.0543333 0.0868429 0.0612823 0.0808314 0.0576822 0.0273481 -0.0017949 0.0736158 0.0831784 0.0914399 0.0917395 0.107556 0.0343775 0.0662921 0.0478042 0.0560699 0.064305 0.0640878 -0.0154892 0.0854338 0.0712415 0.0755083 0.118255 0.0707398 0.0299528 0.0897635 0.0288317 0.0447093
internal_weight=0 1643.32 644.514 4118.58 512.531 1784.73 164.291 131.983 58.3268 998.81 1620.43 2333.85 2327.14 258.441 13.6804 616.663 155.08 137.167 152.986 493.433 17.913 382.147 361.231 328.211 32.9382 295.273 36.7802 2068.7 33.0208 29.2815
internal_count=285851 98301 51802 187550 38935 88166 24479 12867 9204 46499 63687 99384 85891 7972 730 29630 8924 8546 23007 29447 378 16869 17403 15831 1506 14325 1939 77919 1572 1253
cat_boundaries=0 2
cat_threshold=1849703897 158757
is_linear=0
shrinkage=0.1


Tree=36
num_leaves=31
num_cat=0
split_feature=171 157 88 170 166 197 79 182 8 157 93 93 198 2 230 179 157 5 205 138 120 17 79 5 178 182 121 139 95 13
split_gain=25.9781 23.9269 18.1998 12.4344 11.2889 13.0179 9.26722 10.3398 10.9826 8.48007 14.6272 9.49645 8.31447 8.30265 10.0307 8.25807 9.6249 7.64001 7.30095 8.1161 8.71447 7.96114 7.83028 7.26425 7.93399 7.11069 7.02864 7.0256 6.99092 6.89254
threshold=0.3453053236007691 0.61550846695899974 0.77866974472999584 0.52310138940811168 0.59553489089012157 0.054864782840013511 0.36425061523914343 -0.080040879547595964 0.2969851046800614 0.64017945528030407 0.14279911667108539 0.21603171527385714 -0.0032197248656302686 0.17770677059888842 0.032798819243907935 0.29995828866958624 0.47155028581619268 0.041885966435074813 0.075831156224012389 -0.0090563730336725694 -0.0062123814132064572 28.500000000000004 0.088073693215847029 0.090593434870243086 0.34696000814437872 -0.30503374338150019 0.072870776057243361 -0.014899358619004486 0.17072943598032 0.05279884114861489
decision_type=2 2 2 2 2 2 2 2 10 2 2 2 2 10 2 2 2 10 2 2 2 2 2 8 2 2 2 2 2 10
left_child=1 2 3 6 5 -4 7 12 15 10 -2 -11 -1 -3 -15 16 -9 -10 21 20 -20 22 -5 -6 25 -25 -14 -19 -29 -12
right_child=9 13 4 18 23 -7 -8 8 17 11 29 -13 26 14 -16 -17 -18 27 19 -21 -22 -23 -24 24 -26 -27 -28 28 -30 -31
leaf_value=0.036644668164450722 0.074244977187230915 0.09290408500408795 -0.0019388903970064522 0.043185369081038094 0.052549452655740771 0.072853993849872165 0.098970449445582434 0.051501156697971506 0.026124239651877015 0.10716100571681915 -0.00078157349827155664 0.062752160816243754 0.079977259396986189 0.080095583431284145 0.0072730512468004134 0.13374066288333672 0.081547392995991771 0.12115084254216789 -0.040049148101228255 0.062863560217417611 0.055375430401042439 0.33928686166589711 0.078903221188624598 -0.05650756444799418 0.023524145895799996 0.089013781325900113 -0.035812006779396818 0.093834539772855011 -0.04987212267289115 0.057968480596708366
leaf_weight=83.787092654549269 79.261457987625363 1883.9922509966127 56.485565463299281 71.627324030047021 183.8676389586999 39.575954095158522 362.52860377018533 121.16336715580337 13.502037797139563 55.212362120546459 68.641322752439009 376.6052663049486 147.15267850136934 95.611401737172855 23.579489827410725 27.23704281002756 887.88436322470989 129.19250988256135 18.409870292983214 111.97048550694126 19.931251221652929 1.1319926934775129 428.89773375225968 3.4195987411694651 22.460754023542904 185.88375800555696 5.4361182447109959 204.36156879545251 3.4421864138330411 28.162377869186457
leaf_count=7138 15380 12775 14841 12868 10426 5630 28672 37178 2365 536 7386 6099 8682 831 272 3232 29643 3369 2726 11517 2460 123 42640 248 1220 8261 660 7475 157 748
internal_value=0 0.0827509 0.0772882 0.0805809 0.0596251 0.0288747 0.0845151 0.0812865 0.0845817 0.0608885 0.0423914 0.0684303 0.0619545 0.0912848 0.0656891 0.0794062 0.0779395 0.0998836 0.0685984 0.0492661 0.00955637 0.0743909 0.0737918 0.0670914 0.0797177 0.0863851 0.0758522 0.102839 0.0914541 0.0163101
internal_weight=0 5132.53 3129.35 2637.66 491.693 96.0615 1985.69 1623.16 1386.78 607.883 176.065 431.818 236.376 2003.18 119.191 1036.28 1009.05 350.498 651.969 150.312 38.3411 501.657 500.525 395.632 211.764 189.303 152.589 336.996 207.804 96.8037
internal_count=285558 255409 241531 200905 40626 20471 128571 99899 83419 30149 23514 6635 16480 13878 1103 70053 66821 13366 72334 16703 5186 55631 55508 20155 9729 8509 9342 11001 7632 8134
is_linear=0
shrinkage=0.1


Tree=37
num_leaves=31
num_cat=1
split_feature=86 160 13 160 90 205 90 95 193 166 167 237 170 158 171 193 8 185 208 80 213 130 215 86 103 158 163 7 114 158
split_gain=40.6036 11.8061 12.1646 10.5417 13.6526 11.0393 10.2207 9.38748 8.71504 10.2903 7.95474 12.6362 9.03929 9.40642 7.93308 8.03605 7.93139 7.1145 7.36107 7.74369 7.01869 6.75467 7.44012 6.74948 6.70695 6.88057 6.99471 6.69918 6.6503 6.52381
threshold=-0.94577196240425099 1.0000000000000002 0.010666742455214264 1.0000000000000002 1.5524578690528872 -0.14283173531293866 1.9797959327697756 0.094105914235115065 0.055110003799200065 0.030080964788794521 2.5000000000000004 0 0.55502149462699901 0.22500000149011615 -0.072184044867753969 -0.12876769155263898 0.24990795552730563 0.23415473848581317 -0.074097570031881319 0.027587519027292732 -0.12990547716617581 -0.0012494986294768748 -0.055687690153717988 -0.81347760558128346 -0.094073753803968416 0.45000000298023229 0.068975757807493224 0.17262665182352069 -1.0000000180025095e-35 1.0000000180025095e-35
decision_type=2 2 8 2 2 2 2 2 2 2 2 9 2 2 2 2 10 2 2 2 2 2 2 2 2 2 2 8 2 2
left_child=1 6 -3 17 7 -6 14 28 9 -7 12 27 -4 -14 20 21 -15 -2 19 -19 -1 22 -16 -10 -17 26 -26 -12 -5 -11
right_child=3 2 10 4 5 8 -8 -9 23 29 11 -13 13 16 15 24 -18 18 -20 -21 -22 -23 -24 -25 25 -27 -28 -29 -30 -31
leaf_value=0.0039507369861971117 0.088859076245575958 -0.025096757761468608 0.067686722117489467 0.064598082999859072 0.030981138875056519 0.0014082164794564679 0.088335695151881957 -0.10933748702147045 0.075909810629161439 0.053891260914522621 0.10139411344464949 -0.026095134611919819 -0.034172465320338331 0.0021365939156343778 -0.13276228637704277 -0.040280317304999702 0.083982923652181934 0.09553765736048328 0.12097174457904787 -0.15476233640537951 0.082411431435429561 0.058927206835613581 0.0098991714017906442 0.10144275176342335 0.062262763595673024 0.090011162719544111 -0.0016633207148924552 0.0064339669517395025 -0.063837158789009682 0.081053664589636476
leaf_weight=11.812278556317322 2327.3203196881159 17.539046241307915 498.53290111601382 19.565677515167415 43.398902223780169 17.962614975701399 345.56321559892331 5.2331649699617619 153.18745999661041 100.10155956388962 24.054250090131973 26.718764722174456 17.621688706611167 19.842683829174348 4.5869058131866067 6.1041353380169303 29.357147709579294 3.2138040170393642 102.93564225733644 2.0084782178910245 327.64452573671406 21.838876162822999 18.006360706476698 319.38277623832209 339.3949459996029 89.733408241780126 18.025505591460387 10.748950474622687 5.0778654134501258 757.90710014590513
leaf_count=1014 100063 11181 21711 1854 3591 1407 16331 1132 8460 8581 1545 3529 1917 1186 357 352 825 76 2253 158 21138 1066 1407 12639 13157 2637 6812 1493 1077 36712
internal_value=0 0.0679332 0.0570432 0.0860299 0.0791879 0.0806235 0.0738667 0.0123028 0.0822211 0.0763165 0.0593414 0.0251932 0.0630574 0.0285195 0.0678941 0.0598545 0.0509736 0.0900242 0.115096 -0.000727168 0.0796812 0.0192695 -0.0190641 0.093166 0.063833 0.0652543 0.0590388 0.0559808 0.0381337 0.0778847
internal_weight=0 1827.13 644.415 3857.3 1421.82 1391.94 1182.71 29.8767 1348.54 875.971 626.876 61.522 565.354 66.8215 837.147 497.69 49.1998 2435.48 108.158 5.22228 339.457 44.4321 22.5933 472.57 453.258 447.154 357.42 34.8032 24.6435 858.009
internal_count=285661 107658 43387 178003 75453 71390 64271 4063 67799 46700 32206 6567 25639 3928 47940 25788 2011 102550 2487 234 22152 2830 1764 21099 22958 22606 19969 3038 2931 45293
cat_boundaries=0 2
cat_threshold=679761236 1270306
is_linear=0
shrinkage=0.1


Tree=38
num_leaves=31
num_cat=2
split_feature=86 156 86 163 171 12 99 176 226 106 157 193 237 157 105 204 11 170 157 74 237 158 181 191 94 177 88 3 182 106
split_gain=41.2344 17.1622 15.9486 12.5463 11.7697 9.54883 11.0054 9.24296 9.09793 10.1607 8.06237 10.112 7.88939 7.54439 7.29946 9.45694 7.01949 6.97478 6.95205 8.17416 7.18491 6.93222 7.06419 9.81149 6.86773 6.74654 6.76887 6.69768 11.0588 6.72559
threshold=-1.1152490973472593 1.0000000180025095e-35 -0.81347760558128346 0.20816176384687426 0.007610822096467019 81.500000000000014 -0.11175949126482008 -0.044477554038166993 -0.14459964632987973 -0.025880582630634304 0.58398589491844188 -0.22743408381938932 0 0.40166802704334265 0.039719801396131522 0.028359617106616501 0.010349444113671781 0.57132080197334301 0.68788212537765514 0.37668919563293463 1 0.22500000149011615 -0.045190012082457535 0.1329167187213898 -0.11344063282012938 -0.17359210550785062 0.81457769870758068 0.20114503800868991 -0.026734092272818085 -0.061885822564363473
decision_type=2 2 2 2 2 8 2 2 2 2 2 2 9 2 2 2 8 2 2 2 9 2 2 2 2 2 2 10 2 2
left_child=3 -2 4 13 5 6 -3 25 9 -6 11 -9 -5 -1 -13 -16 -15 -12 19 24 -21 22 -7 -24 -10 26 -4 28 29 -18
right_child=1 2 7 12 8 21 -8 10 18 -11 17 14 -14 16 15 -17 27 -19 -20 20 -22 -23 23 -25 -26 -27 -28 -29 -30 -31
leaf_value=-0.01988092334709023 -0.09825093475576388 -0.05572403568816079 0.12102449978613704 0.040247035294936409 -0.13034971147087218 0.089659326305231282 0.06430669008507936 -0.089161576403139875 0.1107967877041099 0.054192942404728751 0.094755422790393312 0.082703489833080124 -0.039387667031721516 0.0085843334774253419 0.073931794356853445 0.01384129260857883 0.10202508671472366 0.076570201104148888 0.086535373310812666 -0.015906201772720698 0.048686484973056963 0.08977069749284472 0.073748254435969302 0.022940434688974415 0.065649137620219067 0.095032206480436768 0.45690730523167877 0.076915015826843375 0.071948153909102905 0.027706586898375615
leaf_weight=11.8822321250027 5.1931463581231574 8.1270133893958683 98.705438061901077 12.523576880937979 4.8116344639420277 254.2932116502634 127.13304364810574 3.6873939410397716 36.130356951725844 7.8528154825617076 865.53159078644603 462.29959848865838 18.216867188106338 24.715401060289878 84.084492900425175 38.03810850802256 13.364107746027001 278.85882542263789 184.22389276355534 22.77237916617014 51.997244941208919 1041.4224858913622 356.7581223970883 42.5399676944362 499.50772243524989 633.14357234371892 0.60365429981902607 210.42368075669219 162.2436460422723 137.07202257895551
leaf_count=5777 17716 2820 6786 4365 207 10064 34992 904 3380 521 9334 42138 9136 4061 7329 5009 311 4627 1715 1592 3058 24704 14469 2417 29144 24895 33 5719 4546 3899
internal_value=0 0.0834473 0.0836322 0.055535 0.0782275 0.082664 0.0570947 0.0894154 0.0681693 -0.0159208 0.0854338 0.0759179 -0.00666514 0.0589513 0.0769594 0.0552151 0.0606611 0.0903241 0.0695095 0.0643709 0.0333978 0.0847044 0.0766319 0.0683353 0.0686945 0.0988332 0.123066 0.0631216 0.0538391 0.0343087
internal_weight=0 5107.72 5102.52 590.442 2637.57 1830.27 135.26 2464.95 807.296 12.6644 1732.5 588.11 30.7404 559.701 584.422 122.123 547.819 1144.39 794.632 610.408 74.7696 1695.01 653.591 399.298 535.638 732.453 99.3091 523.103 312.68 150.436
internal_count=285668 247854 230138 37814 129083 89466 37812 101055 39617 728 69341 55380 13501 24313 54476 12338 18536 13961 38889 37174 4650 51654 26950 16886 32524 31714 6819 14475 8756 4210
cat_boundaries=0 2 4
cat_threshold=319936512 1081861 356550432 1048842
is_linear=0
shrinkage=0.1


Tree=39
num_leaves=31
num_cat=0
split_feature=86 86 166 170 157 160 90 13 82 155 74 120 158 129 170 186 135 200 207 201 10 72 85 171 93 170 12 159 130 200
split_gain=40.2587 13.0719 10.4166 9.68233 12.6881 9.19808 9.20359 9.00537 8.99871 8.68489 8.24222 8.17337 8.16497 7.3947 7.80413 7.16577 6.94315 7.12274 6.87862 7.79673 6.72604 10.2859 9.63296 6.66881 8.53257 6.53947 6.39578 10.2953 6.37628 6.23385
threshold=-0.94577196240425099 -1.1817154288291929 0.8786323368549348 0.42755009233951574 0.61550846695899974 1.0000000000000002 1.74657279253006 0.046006407588720329 0.011696306522935631 -0.0025257085217162962 0.33602151274681097 0.060075422748923309 0.18333333730697635 0.019356880336999897 0.583614081144333 0.080135010182857527 -0.030965666286647316 -0.13240168243646619 -0.0095440251752734167 0.0052798800170421609 70.500000000000014 0.031498016789555557 66.500000000000014 -0.072184044867753969 0.064679164439439787 0.45467460155487066 86.500000000000014 0.69006127119064342 0.045880902558565147 0.0088809304870665091
decision_type=2 2 2 2 2 2 2 10 2 2 2 2 2 2 2 2 2 2 2 2 8 2 2 2 2 2 10 2 2 2
left_child=1 2 11 -2 5 13 -7 8 9 15 20 -1 26 14 23 -8 17 -9 19 -15 21 -6 -23 -5 -25 -14 27 -3 -17 -22
right_child=3 12 -4 4 10 6 7 16 -10 -11 -12 -13 25 18 -16 28 -18 -19 -20 -21 29 22 -24 24 -26 -27 -28 -29 -30 -31
leaf_value=0.029263210627488073 0.11037176601168537 -0.012054351254851516 0.069929163525970561 0.097478028562995325 0.087510132439172578 0.039014045470938237 0.0098776313473569865 -0.12319276449098349 0.082913903428385852 0.070607306579475268 0.066096773588683377 0.10317588921953445 0.098238124042078365 0.07430751385567877 0.051654496856082512 0.066675726888716771 0.09414025342890632 0.058804194640337537 0.082893960336249906 0.012246631198926638 0.10145143391647476 -0.077180869055461621 0.063370945169363174 0.092381816429597072 0.061716798475762662 0.074937655507481271 0.066633238292193045 0.068953885232203208 0.43451998110699752 0.088766031608141394
leaf_weight=168.13356503973409 176.26370621313254 29.290820796923526 174.2951830158745 642.15263187424944 54.437414047235507 76.657825854836574 64.772383923101188 2.2985542704254831 145.95156241932341 95.241975726149121 109.93165412341477 16.422422305884538 137.01834308329398 44.65577806399051 52.363967054150635 23.219215860075568 258.79426602241438 33.362157117976494 135.88068923623359 37.028692539783151 865.79001655789762 8.4873074120041583 11.461037112421762 241.43868651667185 145.37431349273265 996.22653799714135 275.69727743766816 33.782996720770825 0.48099907828145561 701.08216836786596
leaf_count=18143 8469 9421 4556 37215 2073 11300 9041 202 15447 12145 1720 916 7064 3783 5319 2919 13195 1897 9336 4102 4229 892 615 19970 10066 47670 13344 6339 77 3982
internal_value=0 0.0695109 0.0523973 0.0874664 0.08639 0.0809473 0.0717138 0.0757301 0.0643777 0.0496517 0.0926051 0.0358402 0.0736828 0.0859289 0.0893134 0.0270927 0.0884401 0.0470734 0.0691077 0.0461745 0.0943806 0.0649999 0.00357117 0.0912298 0.0808571 0.0777549 0.0600612 0.0313345 0.0741412 0.0957755
internal_weight=0 1830.87 358.851 3927.13 3750.86 1999.67 700.779 624.121 329.666 183.715 1751.19 184.556 1472.02 1298.89 1081.33 88.4726 294.455 35.6607 217.565 81.6845 1641.26 74.3858 19.9483 1028.97 386.813 1133.24 338.771 63.0738 23.7002 1566.87
internal_count=285447 107453 23615 177994 169525 156014 66223 54923 39629 24182 13511 19059 83838 89791 72570 12037 15294 2099 17221 7885 11791 3580 1507 67251 30036 54734 29104 15760 2996 8211
is_linear=0
shrinkage=0.1


Tree=40
num_leaves=31
num_cat=0
split_feature=79 156 88 13 164 168 114 9 157 189 99 85 157 170 147 221 88 149 123 3 208 142 102 220 10 153 140 219 90 197
split_gain=21.1907 16.6645 13.4867 13.4477 11.7111 9.62606 9.12017 8.67047 8.41198 8.67763 10.6248 7.90512 7.85487 13.164 8.79867 7.48081 12.1644 9.82595 7.48509 6.62639 6.60662 6.60251 8.72177 8.43736 6.52259 6.75155 6.51876 6.88438 6.9461 6.4663
threshold=0.32799692451953893 1.0000000180025095e-35 0.71738526225090038 0.051021736115217216 4.6774799823760995 2.8763421773910527 -0.023346495814621445 0.0099091725423932093 0.5671098828315736 -0.12352956831455229 0.078355770558118834 27.500000000000004 0.68788212537765514 0.57132080197334301 0.037134975194931037 0.036073165014386184 0.83426240086555492 -0.01839483808726072 0.0093801990151405352 0.20114503800868991 -0.11798163503408431 -0.0033892007777467366 -0.046257674694061272 -0.025108224712312218 77.500000000000014 0.025318769738078121 -0.036334166303277009 -0.023649360984563824 1.7153518199920657 0.066970396786928191
decision_type=2 2 2 10 2 2 2 8 2 2 2 2 2 2 2 2 2 2 2 8 2 2 2 2 8 2 2 2 2 2
left_child=1 -1 8 4 6 -5 26 -6 9 20 19 -10 13 14 -2 16 21 -17 -19 -11 -3 23 -23 -8 25 -14 -4 -28 -29 -18
right_child=12 2 3 5 7 -7 15 -9 11 10 -12 -13 24 -15 -16 17 29 18 -20 -21 -22 22 -24 -25 -26 -27 27 28 -30 -31
leaf_value=-0.1014751731417509 0.093512118495390817 -0.046778898739830557 -0.054448512461799395 -0.11234284702990611 0.057480640782840924 0.083417342774499956 0.069849286100874916 0.083225167843092335 0.1112144110879654 0.087864599873459015 0.041138869033963854 0.085442324263074965 -0.080063665475797782 0.065806220447845884 0.055966517071101153 0.11954140867191815 -0.078255739535438407 0.08372181086560232 0.036809606197593582 0.06333802955708577 0.11006847669512235 0.031605229298104692 0.082819233549345631 0.025097484925502081 0.10969480006321897 0.10570899174408122 0.065251197114197121 0.060455958732578641 -0.0072389160762115629 0.052610277078783546
leaf_weight=5.2151299705633383 1222.2732672563402 2.7815705927314403 8.0570298293823708 2.5206869425528557 185.51403747824952 719.39082435680393 72.488949988935474 443.71757090804749 132.87991376001446 234.17008651095421 106.46886468481171 1140.8128764193279 3.7434230163489692 233.88035270643377 65.77533692446832 44.536323216911114 10.336038750323498 89.018754741548037 55.041037099494133 207.99810877855998 77.75091980135403 43.28336342061084 143.48899381160663 100.59168173021908 241.48054537162534 4.0978744030580856 53.224808485916583 23.568840354171698 42.472281628539349 5.9488471722434033
leaf_count=16346 62576 499 1047 522 5556 23469 5811 14441 883 25685 12099 14991 166 8752 4004 2350 1620 6114 5937 23631 9428 3981 10569 11531 595 37 4601 2309 5520 524
internal_value=0 0.077164 0.0774001 0.0717583 0.0657616 0.0827338 0.0567846 0.075635 0.083458 0.073998 0.0694985 0.088131 0.0903271 0.0876318 0.0915948 0.0622354 0.0540856 0.0784893 0.065798 0.0763272 0.104651 0.0579112 0.0709507 0.0438403 0.10678 0.0170214 0.0326077 0.0384888 0.0169201 -0.0304506
internal_weight=0 3951.28 3946.06 2043.2 1321.29 721.912 692.057 629.232 1902.86 629.17 548.637 1273.69 1771.25 1521.93 1288.05 564.734 376.138 188.596 144.06 442.168 80.5325 359.853 186.772 173.081 249.322 7.8413 127.323 119.266 66.0411 16.2849
internal_count=285594 209464 193118 105902 81911 23991 61914 19997 87216 71342 61415 15874 76130 75332 66580 48437 34036 14401 12051 49316 9927 31892 14550 17342 798 203 13477 12430 7829 2144
is_linear=0
shrinkage=0.1


Tree=41
num_leaves=31
num_cat=1
split_feature=86 86 160 157 170 85 90 237 163 204 90 126 172 159 76 206 128 17 124 217 190 112 183 156 163 80 201 157 93 232
split_gain=45.1522 12.3382 10.2165 9.86439 11.7168 11.0564 10.7595 8.50533 8.62488 7.96384 11.1486 8.40567 7.31635 7.45958 7.27054 7.01997 10.8028 8.57944 7.31154 9.6828 7.06229 9.16183 7.00668 6.95484 6.72125 6.67581 8.99231 6.52905 10.9214 6.75277
threshold=-0.95708391070365895 -1.1529442071914671 1.0000000000000002 0.57795006036758434 0.50746974349021923 52.500000000000007 2.6466547250747685 0 0.20816176384687426 -0.14769256114959714 1.6518445014953616 -0.0060996548272669307 -0.093987554311752305 0.53035417199134838 0.39565217494964605 -0.070649798959493623 0.025193332694470886 20.500000000000004 0.05283776484429837 -0.046414526179432862 0.02018678188323975 -0.059991205111145966 0.031972095370292671 0.15821565687656405 0.68025997281074535 0.021858576685190204 0.14178527146577838 0.64017945528030407 0.27116318047046667 0.031480504199862487
decision_type=2 2 2 2 2 2 2 9 2 2 2 2 2 2 2 2 2 2 2 2 2 2 2 2 2 2 2 2 2 2
left_child=1 7 15 5 14 -4 9 -1 22 10 -6 -12 -8 -14 -5 16 17 18 -2 -20 -17 -22 -9 -7 27 26 -11 29 -29 -3
right_child=2 24 3 4 6 23 12 8 -10 25 11 -13 13 -15 -16 20 -18 -19 19 -21 21 -23 -24 -25 -26 -27 -28 28 -30 -31
leaf_value=0.023543050341960928 0.087289505052321525 0.063205905882835076 0.044860287109512842 0.10521471341245525 -0.15531902198165981 0.093542988719210879 -0.12664724802997657 0.083434711498642233 -0.026944689412517809 0.065873012442090179 0.078538171110263053 -0.026153348421737634 -0.10221655649455066 0.11373087237241014 0.0037654595122659862 0.088766083692955522 0.051329191081171482 0.1567408385191969 -0.11150846358360621 0.062179180002637661 0.04485774208296734 0.10354519504259803 0.052258216261913952 0.064855863201009362 0.00092001751140899249 0.088254306046844838 -0.097822562198641744 0.098204283175346546 0.063198020233772356 0.082191601282229437
leaf_weight=123.72259596672029 602.16261864496141 654.31680759697929 139.43434456123623 287.6292084486704 2.7615493288576536 159.13227644568997 4.010451464826474 139.15308668406124 10.051934498169429 100.96067693491932 30.589025147779466 10.235372807532256 2.3973908817933971 4.8070806413743412 7.2421718587720525 1019.639195553724 95.933981973806112 17.31945994423404 4.1267324889395267 14.443727372634383 27.587026066248654 743.93995277093109 149.57128620068943 180.22239584739145 13.002725882894536 495.11875901029453 3.4711866683646795 225.03272092424595 147.56350130448118 262.4951897805422
leaf_count=10854 22871 41477 22478 2523 119 25802 154 6217 6329 2076 635 537 104 86 112 43356 6843 329 220 485 2473 28334 4896 15178 13151 7259 172 1345 2290 16473
internal_value=0 0.0676397 0.08703 0.0802698 0.0861726 0.0685673 0.0787145 0.0527905 0.0620374 0.0804078 0.0391364 0.0522902 -0.0183909 0.0418713 0.102723 0.0908529 0.0826164 0.0873205 0.0853836 0.0235823 0.0942282 0.101447 0.067284 0.078308 0.0724567 0.0834081 0.060432 0.0731781 0.0843404 0.0686418
internal_weight=0 1724.91 3953.16 1428.01 949.223 478.789 654.351 422.499 298.776 643.137 43.5859 40.8244 11.2149 7.20447 294.871 2525.15 733.987 638.053 620.733 18.5705 1791.17 771.527 288.724 339.355 1302.41 599.551 104.432 1289.41 372.596 916.812
internal_count=285178 103032 182146 77235 13777 63458 11142 28296 17442 10798 1291 1172 344 190 2635 104911 30748 23905 23576 705 74163 30807 11113 40980 74736 9507 2248 61585 3635 57950
cat_boundaries=0 2
cat_threshold=3001617935 4213205
is_linear=0
shrinkage=0.1


Tree=42
num_leaves=31
num_cat=1
split_feature=237 157 175 170 157 170 156 157 157 156 110 30 146 209 156 170 139 156 170 4 139 221 156 201 159 233 132 104 170 117
split_gain=27.7631 16.3178 14.7324 13.6684 15.9089 14.4 12.8384 11.6852 8.86882 7.96269 8.32247 12.2596 10.6068 9.98291 8.65206 7.89546 8.1582 7.81246 7.72021 7.50319 7.27528 7.0216 6.87069 6.80618 11.283 8.64773 7.18921 9.73366 9.24328 8.73695
threshold=0 0.48622788488864904 0.13636808842420581 0.47715282440185552 0.64017945528030407 0.57132080197334301 0.16749174892902377 0.62632915377616893 0.510900378227234 0.22287581861019137 -0.01990476809442043 1.0000000180025095e-35 -0.040771845728158944 0.045186342671513564 0.54616478085517894 0.51383313536643993 -0.01029429631307721 0.34118625521659857 0.52310138940811168 0.070505388081073775 -0.05396448262035846 -0.044309670105576508 0.051414221525192268 -0.1291222348809242 0.40746337175369268 0.014525323640555145 -0.014032116625458 0.0027973663527518515 0.49384024739265447 0.062822327017784133
decision_type=9 2 2 2 2 2 2 2 2 2 2 2 2 2 2 2 2 2 2 10 2 2 2 2 2 2 2 2 2 2
left_child=6 2 19 -3 5 9 8 17 -1 22 11 12 21 14 -14 -9 -17 18 20 -2 -8 -11 -5 24 -6 -25 28 -28 29 -27
right_child=1 3 -4 4 23 -7 7 15 -10 10 -12 -13 13 -15 -16 16 -18 -19 -20 -21 -22 -23 -24 25 -26 26 27 -29 -30 -31
leaf_value=0.06262456974958773 0.074888528400545634 0.099805017764017345 0.13001266617758242 0.054473286858218339 -0.035418606264550595 0.057555612301726303 -0.044647948710181525 0.085769828502717513 0.093466872225196257 -0.14969526436645358 0.082314660018751859 -0.032850260130068545 0.061216481879567144 0.10077337202494062 -0.048238253259185876 0.045647483404059663 0.073230220006052241 0.02611642192581895 0.024572967092717571 0.043899220761395491 0.064779155392773333 0.019952400198055952 0.094254983262649625 0.10567693716212312 0.08310389717560146 -0.11155650971447373 0.041798013598385995 0.095796861202796624 0.10095311291173154 0.10850720524840973
leaf_weight=139.51687249518818 152.90719321177812 821.79961177259611 32.279852284512799 46.580848415572291 9.8856638186261971 250.19503669912137 6.1790706145111463 247.75439804213966 281.04424115709844 3.0055956774012893 764.92471641099155 13.367690399260026 96.552693000510317 75.463863079286966 7.8057265963325326 163.36101782754849 312.08361348599283 97.186438935226761 61.085285252858739 159.76639308904487 363.36276195528626 12.958382657634498 638.65558893000707 546.57385594950028 42.835431357962079 4.050964512047357 70.594261751233716 63.326558647546335 202.96057571696292 3.2527170396642759
leaf_count=40941 51651 11242 7152 6728 196 19318 260 3494 12718 224 23258 914 4495 2368 934 2309 3892 4289 5817 37318 14564 827 25799 2533 267 32 661 342 1127 14
internal_value=0 0.0862749 0.0656941 0.0884416 0.0851684 0.0799194 0.0677151 0.0630389 0.0832353 0.0832914 0.0774813 0.0598044 0.0661306 0.0730656 0.0530296 0.0712955 0.0637529 0.051726 0.0575057 0.059054 0.0629494 -0.0119878 0.0915507 0.0957918 0.0608799 0.0978581 0.0854416 0.0673322 0.0969757 -0.0135505
internal_weight=0 4019.74 344.953 3674.79 2852.99 1909.51 1671.57 1251.01 420.561 1659.32 974.079 209.154 195.786 179.822 104.358 723.199 475.445 527.814 430.627 312.674 369.542 15.964 685.236 943.48 52.7211 890.759 344.185 133.921 210.264 7.30368
internal_count=285684 197400 96121 101279 90037 84865 88284 34625 53659 65547 33020 9762 8848 7797 5429 9695 6201 24930 20641 88969 14824 1051 32527 5172 463 4709 2176 1003 1173 46
cat_boundaries=0 2
cat_threshold=3227205632 4916159
is_linear=0
shrinkage=0.1


Tree=43
num_leaves=31
num_cat=1
split_feature=86 160 90 171 172 86 200 227 122 68 164 147 13 154 198 159 68 203 58 148 165 111 166 189 156 182 237 103 180 213
split_gain=42.6354 12.6788 9.55076 9.45868 9.37761 9.0371 10.2612 8.1147 8.00662 9.00014 9.61596 7.92175 7.8462 6.93881 9.81164 7.53506 7.47145 7.73832 9.3914 6.86022 6.13969 6.02946 6.77557 6.48046 5.85372 6.31618 5.8509 5.82934 7.16945 11.341
threshold=-0.94577196240425099 1.0000000000000002 1.4275210499763491 0.069433979690074935 0.55210679769516002 -0.66616135835647572 -0.0041346754878759375 0.11895189434289934 -0.016527979634702202 37.606906890869148 4.6774799823760995 -0.023384477943181988 0.010666742455214264 -0.014298774767667053 0.034893078729510314 0.81973102688789379 37.572927474975593 -0.14546044170856473 1.0000000180025095e-35 -0.021942844614386555 93.500000000000014 -0.019228558056056496 0.81968891620635997 0.010192857123911383 0.019324122928082946 0.16669303178787234 0 0.10236249491572381 -0.17340207099914548 -0.039962658658623688
decision_type=2 2 2 2 2 2 2 2 2 2 2 2 8 2 2 2 2 2 2 2 2 2 2 2 2 2 9 2 2 2
left_child=1 3 11 20 12 6 21 8 13 -10 -11 -3 -4 14 15 -8 17 18 -15 -17 27 22 23 -2 -14 -26 -18 -1 29 -29
right_child=5 2 4 -5 -6 -7 7 -9 9 10 -12 -13 24 16 -16 19 26 -19 -20 -21 -22 -23 -24 -25 25 -27 -28 28 -30 -31
leaf_value=0.089178181243562624 0.080894155011176944 0.086536484147086118 -0.017297000631056225 0.060455529160354883 0.11060365394447176 0.095263913457595661 -0.041328726456453205 0.013894206486861228 0.090250885454899343 0.059163449280682789 0.090789303905840654 -0.064466372185724138 -0.071373319211903694 0.04540446539177595 0.085877891624563829 -0.096153961398555879 0.046347333486512279 0.081822859114056734 -0.15169565192041612 0.10849883208730784 0.055709577114134018 0.094992991909147367 0.092880240440690875 0.044093680282456797 0.056329918139619933 0.099136300484242379 -0.031352753581710871 -0.11921245557557658 0.076755385389761233 0.051078888325580246
leaf_weight=533.73105354016479 134.7246338937066 5.0162652664093939 14.060594559056424 321.98844662316787 33.892515664432722 1071.3240254606458 19.756857502143706 19.188536804268097 693.05727474677633 246.91539148909669 157.44480553522135 11.30106605251194 3.4592238035547771 14.398811770905924 19.352756611320729 2.0722943164428216 9.3571863123079293 215.16425219790472 2.9052053118339236 7.8149719624798291 88.609174960385644 958.61101854430444 223.20259403995624 74.210045133863332 531.3410567712599 36.860967833803443 10.51887122709377 4.6919777846032984 191.15719293455368 23.489526958990609
leaf_count=31116 8291 148 9787 14134 1475 44350 1224 2834 27358 17449 3962 2963 3870 752 1182 157 603 10520 169 381 5218 43606 5385 7976 23895 1264 1311 418 11562 1618
internal_value=0 0.068827 0.0574728 0.075032 0.0594615 0.0874496 0.084469 0.0784829 0.079369 0.0833336 0.0714775 -0.0180452 0.0565022 0.0649309 0.0304939 -0.00566283 0.0716174 0.0766488 0.0123129 0.0656052 0.0806084 0.0905722 0.0807654 0.0678233 0.0583173 0.0591069 0.0127707 0.0835381 0.0698136 0.0227268
internal_weight=0 1799.6 635.932 1163.67 619.614 3880.02 2808.7 1417.95 1398.76 1097.42 404.36 16.3173 585.722 301.341 48.9969 29.6441 252.344 232.468 17.304 9.88727 841.679 1390.75 432.137 208.935 571.661 568.202 19.8761 753.07 219.339 28.1815
internal_count=284978 107468 43402 64066 40291 177510 133160 67902 65068 48769 21411 3111 38816 16299 2944 1762 13355 11441 921 538 49932 65258 21652 16267 29029 25159 1914 44714 13598 2036
cat_boundaries=0 2
cat_threshold=1342243944 57380
is_linear=0
shrinkage=0.1


Tree=44
num_leaves=31
num_cat=1
split_feature=86 157 86 163 237 171 120 161 163 160 173 188 86 20 185 8 85 134 151 93 170 134 194 176 0 13 137 95 65 204
split_gain=38.8386 12.642 11.3729 10.894 12.5376 9.91984 9.4221 8.08467 7.86866 7.45718 7.31063 9.28255 8.32964 8.24537 7.04763 6.86493 6.55663 6.46212 6.45462 6.38551 6.33308 6.33159 6.24789 6.17667 6.15289 6.09485 6.00888 7.76434 5.99515 5.85807
threshold=-0.94577196240425099 0.68788212537765514 -1.1817154288291929 -0.71915128827095021 0 0.49157020449638372 0.035051429644227035 3.6240090131759648 1.0574690103530886 1.0000000000000002 0.31198103725910192 -0.08184212818741797 -0.76440677046775807 1.0000000180025095e-35 -0.093066234141588197 0.16850133985280993 109.50000000000001 -0.05392783880233764 -0.049840448424220078 0.21603171527385714 0.54298490285873424 -0.06103947386145591 -0.025502297095954415 0.0306567931547761 0.12645348906517032 0.066902238875627532 0.011215217877179386 0.1930242329835892 76.500000000000014 -0.080343056470155702
decision_type=2 2 2 2 9 2 2 2 2 2 2 2 2 2 2 10 2 2 2 2 2 2 2 2 8 10 2 2 2 2
left_child=2 5 3 24 -5 8 14 21 10 29 12 13 -2 16 -6 -10 26 -13 -19 20 -7 -4 -11 -21 -1 28 -12 -28 -23 -9
right_child=1 -3 7 4 6 19 -8 9 15 22 11 17 -14 -15 -16 -17 -18 18 -20 23 -22 25 -24 -25 -26 -27 27 -29 -30 -31
leaf_value=-0.11172536079920914 0.083349784706000754 0.10349778610449806 -0.056668395712067957 -0.019742203835245928 -0.037263141952825929 0.093258722243095504 0.11317856860373035 0.095634724136437865 -0.066814125250165751 0.028506518739782397 0.081239006486912846 0.0066867477744768132 0.09433485506690463 -0.024984279174289789 0.0477276687211498 0.073469111116579389 -0.11849357956003188 -0.11684468316515913 0.084467130344645758 0.046059508455168048 0.026564765545146897 0.070158539441292508 0.062968312234870025 -0.047927077015799846 0.069525555069025233 0.099452304553130491 0.053293706526530177 -0.084635525758048211 0.093060299373476651 0.067794589293227459
leaf_weight=1.8903804319088511 1448.6809676071884 425.96276218933053 3.3269690615506979 35.455480898066526 11.240749901162415 45.580383981352952 19.744743926568844 92.35940178689907 6.2266376678730904 79.495440049893205 57.055477182974755 11.151888020802287 1318.5294419300826 13.45962540432083 73.896262282151838 7.9324141985748611 2.0179698759748126 1.598389142374798 446.95837859670792 24.548069048963953 20.705459878443435 395.51438046784506 155.54736196703379 9.7773605419279175 202.73992886569613 150.63991596223877 16.91520966296412 5.3790782576397751 160.76572347291403 416.04310136305594
leaf_count=509 73076 1652 426 6600 2147 5742 1300 4007 8137 6210 1693 530 60689 634 7933 6295 131 124 13742 1023 2822 30495 8707 778 5073 7584 724 120 7387 19231
internal_value=0 0.0872479 0.0694579 0.0531346 0.031676 0.0852338 0.0465062 0.0733315 0.0861668 0.0660424 0.0864839 0.0760042 0.088584 0.0475174 0.0365062 0.0117776 0.0595104 0.0818803 0.0837498 0.0542969 0.0724258 0.0809614 0.0513128 0.0192881 0.0678512 0.0816091 0.0640373 0.0200147 0.0767772 0.0728522
internal_weight=0 3862.48 1798.66 344.968 140.337 3436.52 104.882 1453.69 3335.91 743.445 3321.75 554.536 2767.21 94.8274 85.137 14.1591 81.3677 459.709 448.557 100.611 66.2858 710.247 235.043 34.3254 204.63 706.92 79.3498 22.2943 556.28 508.403
internal_count=285521 177912 107609 23562 17980 176260 11380 84047 165895 38155 151463 17698 133765 3302 10080 14432 2668 14396 13866 10365 8564 45892 14917 1801 5582 45466 2537 844 37882 23238
cat_boundaries=0 2
cat_threshold=2038640385 103385
is_linear=0
shrinkage=0.1


Tree=45
num_leaves=31
num_cat=1
split_feature=86 86 170 157 170 157 3 79 163 237 182 93 86 65 108 95 77 25 126 94 125 207 149 188 44 208 149 227 156 151
split_gain=42.7341 13.2843 10.6269 11.2193 9.7335 9.71639 8.6905 8.57851 7.62962 11.3716 7.87325 7.50933 9.02055 7.48821 6.85277 7.2396 6.36833 6.32323 6.28565 6.21854 6.13359 6.11648 6.19374 6.18885 5.96316 5.69607 5.71578 6.67456 8.07423 7.07342
threshold=-0.91503310203552235 -1.1152490973472593 0.53721478581428539 0.5671098828315736 0.45170260965824133 0.65876379609107982 0.31909090280532842 0.058397272601723678 -0.77014034986495961 0 -0.044490316882729523 0.30955286324024206 -0.80464419722557057 1.5000000000000002 -0.040851116180419915 0.08733775839209558 0.21370023488998416 1.0000000180025095e-35 0.015219196211546661 -0.081048358231782899 -0.041673500090837472 -0.059782575815916054 -0.039765436202287667 0.07022841647267343 1.0000000180025095e-35 -0.038259057328104966 0.025621714070439342 0.042732475325465209 0.47196015715599066 1.0000000180025095e-35
decision_type=2 2 2 2 2 2 10 2 2 9 2 2 2 2 2 2 2 2 2 2 2 2 2 2 2 2 2 2 2 2
left_child=1 8 3 4 7 14 13 -2 10 -10 -1 19 -13 -3 15 17 -6 -4 -19 -7 -11 22 -16 -23 -17 -15 -27 28 29 -28
right_child=2 6 5 -5 16 11 -8 -9 9 20 -12 12 -14 25 21 24 -18 18 -20 -21 -22 23 -24 -25 -26 26 27 -29 -30 -31
leaf_value=0.050007915084378712 0.049132780870612069 0.061828004342775772 0.05416475546240123 0.096663272820647961 0.079946615997413373 0.076731925653932026 0.10915474794678642 0.10664807081939842 0.059466543539840683 0.083316780002274202 0.082344367733204929 0.0603278197295022 -0.12806423488046248 0.066966283779600441 -0.058939003860654308 -0.017587010294440816 0.044431782931376153 0.11227042594623041 0.38110003523657787 0.10226627742131239 0.0050017384545088597 0.076799212689757576 0.098592411072847053 0.04756902750501521 0.063563600798097517 0.087035149614284268 0.017229424137799969 0.092938447285600537 -0.066607296309739383 0.085876030163458239
leaf_weight=139.92334056125219 29.314249910946501 430.85552399396556 58.494079195937047 1507.7699990008805 707.08498879234617 143.82721271006449 69.125193708703591 224.79577473376594 163.49322131209556 11.247039739830141 163.01969382004972 13.947614133445315 3.1079497263999647 335.5018942011443 2.545639225478225 23.302710019419465 54.372599830313447 11.587346573473038 0.94033561564174384 283.12310771048942 90.235656522690988 358.41374253891308 127.60613861902857 90.781512192262198 14.810052199366508 557.56432446899453 28.520020160800414 42.482917371529766 6.186766082289977 31.688174998362229
leaf_count=3931 2665 35960 4811 14362 76536 871 8789 14766 14238 1735 4170 191 99 12723 343 2527 6298 1143 146 1450 13527 22604 7942 6763 1004 21454 1918 1309 188 1366
internal_value=0 0.0695969 0.0875789 0.0911908 0.0830661 0.079531 0.0745231 0.100013 0.0565688 0.0441755 0.0674088 0.0910652 0.0259981 0.0728523 0.0720926 0.0491059 0.0774106 0.0679735 0.132449 0.0936645 0.012454 0.0764227 0.0955113 0.0708918 0.0139469 0.077593 0.0829427 0.0619855 0.0421802 0.0533588
internal_weight=0 2069.84 3655.83 2523.34 1015.57 1132.49 1501.92 254.11 567.919 264.976 302.943 444.006 17.0556 1432.8 688.482 109.135 761.458 71.0218 12.5277 426.95 101.483 579.347 130.152 449.195 38.1128 1001.94 666.442 108.878 66.395 60.2082
internal_count=285829 121308 164521 114627 100265 49894 83707 17431 37601 29500 8101 2611 290 74918 47283 9631 82834 6100 1289 2321 15262 37652 8285 29367 3531 38958 26235 4781 3472 3284
cat_boundaries=0 2
cat_threshold=2349404369 6207363
is_linear=0
shrinkage=0.1


Tree=46
num_leaves=31
num_cat=1
split_feature=86 86 171 212 157 156 163 237 156 11 171 215 17 79 121 73 180 97 107 176 156 157 211 195 170 162 232 107 176 146
split_gain=43.9839 11.3701 9.2332 10.0036 8.73487 10.7816 8.55529 10.3592 8.06884 8.83244 7.37883 7.31218 7.11619 6.60797 8.76191 7.97615 9.10278 7.20687 7.12055 7.58503 6.41994 6.3987 7.39326 6.37213 7.47404 6.5489 6.31307 6.10736 5.94755 5.93124
threshold=-0.94577196240425099 -1.1817154288291929 0.007610822096467019 0.16501245647668841 0.58398589491844188 0.54616478085517894 -0.30589640140533442 0 0.14523021876811984 0.072795797139406218 0.49157020449638372 0.17154660075902942 6.5000000000000009 0.4743421077728272 0.028445022180676464 0.10174504667520524 -0.05485520884394645 0.033757969737052924 -0.0026143317809328433 -0.11036669462919234 0.20483683049678805 0.65876379609107982 -0.11879724636673926 -0.13575528562068936 0.48177884519100195 203.13194274902347 -0.034035695716738694 0.051712354645133025 -0.22100203484296796 -0.059629172086715691
decision_type=2 2 2 2 2 2 2 9 2 10 2 2 2 2 2 2 2 2 2 2 2 2 2 2 2 2 2 2 2 2
left_child=1 6 3 -3 5 8 -1 12 13 28 20 -4 -8 14 15 -2 27 -15 -16 -20 -6 23 -23 -22 -25 29 -19 -17 -10 -26
right_child=4 2 11 -5 10 -7 7 -9 9 -11 -12 -13 -14 17 18 16 -18 26 19 -21 21 22 -24 24 25 -27 -28 -29 -30 -31
leaf_value=0.058736530810769072 0.088359936912228376 0.078493694277084566 0.061893497257749869 -0.091967165602204026 0.10486091091723584 0.015682843284715812 0.015355197717281752 -0.032355687178586265 0.10404365404275018 0.10169618702899141 0.069178448168759107 -0.10870555314784246 0.10785908793834112 0.11387471394162513 0.037228899182408834 0.14124597407298675 0.0950038106058059 0.052745961704957489 0.023515904983731357 0.094351140539786924 0.1059852081870077 0.12457308353149166 0.093699253625718626 0.099882541349728349 0.014352126390264756 -0.075719134993699533 0.30523207350508702 0.24723862517493786 0.070252702747784473 0.080335276580600065
leaf_weight=292.00039480249143 266.81022255512062 938.6151296547846 494.92930341412739 3.455434530290403 345.54131522615535 24.740048874387867 18.45441346669395 21.922466454547248 56.031937573356117 120.36273802716642 146.6667189202999 2.5252489143358607 15.138002511454031 41.345725537888484 49.010530375931012 33.212659350695958 51.96566696924765 1.339312678711394 18.01976380363385 93.833699514428645 135.54545723853516 89.243935813283315 592.59441667731153 208.71694430870411 13.85221076520247 2.7360572453762861 3.800171470006716 6.5002545097513567 740.0058956180128 824.03732144956666
leaf_count=9828 39579 55473 27694 632 3011 2284 4946 6576 3419 5540 3552 243 2276 11729 8432 3451 7712 291 3772 11836 1213 147 2994 1410 343 37 720 1118 51418 13956
internal_value=0 0.0681296 0.0720487 0.0778685 0.0871006 0.0811535 0.0518952 0.0159105 0.0822463 0.0764487 0.0908999 0.0610275 0.0439559 0.0916358 0.0884027 0.0971036 0.12255 0.127757 0.0690128 0.0829395 0.09234 0.0900223 0.0977402 0.085581 0.0829453 0.0787401 0.239436 0.158595 0.0726312 0.0792444
internal_weight=0 1787.04 1439.53 942.071 3865.91 1506.98 347.515 55.5149 1482.24 916.401 2358.93 497.455 33.5924 565.838 519.353 358.489 91.6786 46.4852 160.864 111.853 2212.27 1866.73 681.838 1184.89 1049.34 840.626 5.13948 39.7129 796.038 837.89
internal_count=285632 107668 84042 56105 177964 151301 23626 13798 149017 60377 26663 27937 7222 88640 75900 51860 12281 12740 24040 15608 23111 20100 3141 16959 15746 14336 1011 4569 54837 14299
cat_boundaries=0 2
cat_threshold=907573448 1498423
is_linear=0
shrinkage=0.1


Tree=47
num_leaves=31
num_cat=0
split_feature=86 86 86 166 2 67 175 0 17 68 153 131 219 17 81 194 178 204 162 144 191 224 206 187 109 145 174 120 14 158
split_gain=41.3106 11.5799 9.13045 6.93624 6.65407 6.3594 6.20184 6.33728 7.76899 6.47614 7.171 6.41427 5.85497 5.81994 5.71673 7.19431 6.06132 6.05742 5.68593 6.14422 8.52821 5.37358 5.27252 5.2717 5.4191 6.5911 5.751 7.29282 5.22838 5.06714
threshold=-0.93582496047019947 -1.1152490973472593 -0.57369077205657948 0.63316023349761974 0.10432213917374612 2.4113521575927739 0.22792105376720431 0.16749174892902377 7.5000000000000009 41.401760101318366 -0.0086559792980551702 0.011274473741650583 -0.11776672676205634 26.500000000000004 0.089418977499008193 -0.15352024883031842 0.012217534240335228 0.014776734169572594 85.542781829833999 -0.02870696876198053 -0.0039940064307302228 -0.13352238386869428 0.071463719010353102 -0.096573747694492326 0.01581576839089394 0.043263679370284087 -0.20093875378370282 -0.0062123814132064572 1.0000000180025095e-35 0.18333333730697635
decision_type=2 2 2 2 8 2 2 8 2 2 2 2 2 2 2 2 2 2 2 2 2 2 2 2 2 2 2 2 2 2
left_child=1 3 6 4 -1 22 7 9 23 10 11 14 -6 18 17 -16 -17 -2 -12 20 -20 -5 -3 24 25 -9 27 -26 -7 -23
right_child=2 5 -4 21 12 28 -8 8 -10 -11 13 -13 -14 -15 15 16 -18 -19 19 -21 -22 29 -24 -25 26 -27 -28 -29 -30 -31
leaf_value=0.0516580542067024 0.089599988075633699 0.07308216758501121 0.098535701233566836 -0.029597535603712345 0.14408252997032392 0.06203898655378623 0.11719636828594644 0.10081929800259451 0.096912077525297846 0.1005558473190295 0.087449952117239618 -0.030565849460952234 -0.0092402524603368234 -0.19260606814024889 0.12923571245141494 0.027935246002347258 -0.091993824229196205 -0.001642288854371948 -0.12648416903507592 0.066606480021497605 0.051461624387368225 0.043982087961159183 0.088903939137648519 0.080668837587945338 -0.069778039919061716 0.0068007466731305677 0.083422016076065544 0.066525283725056825 -0.045991895947114954 0.069628282078406947
leaf_weight=84.003435829778937 38.082723892128342 747.63471277782992 577.17552420049606 6.2216699199016139 2.67700517864614 260.05842104609928 58.210329350135908 352.11280186980889 530.96790045301532 72.064930568101772 171.4755037558657 10.753376214808211 35.777045001321312 0.80964779937494213 4.1538624075055877 11.311874814352452 6.7164305917694938 8.9945262736619025 4.0766970419554127 104.08347690461778 7.9366977814470356 98.801734690317971 293.2338715595447 1638.9534275886692 5.7975767642228702 7.6177395399727166 113.42501683319733 12.155683506329295 4.5584540940844809 349.77713610111823
leaf_count=13049 2772 36335 21694 601 212 23398 4786 10337 18896 4384 16975 1540 6702 187 270 1654 1326 2060 594 10073 981 6107 14289 66830 623 419 6025 703 428 11134
internal_value=0 0.0688054 0.0869703 0.0570114 0.0358865 0.0740204 0.0848577 0.0842507 0.0860898 0.0731401 0.0677771 0.0412898 0.00143342 0.0751261 0.0524463 0.0105922 -0.0167442 0.0721673 0.0758799 0.0587908 -0.00892356 0.0626994 0.0775395 0.0833921 0.0924802 0.0988283 0.0750981 0.0225094 0.060178 0.0639796
internal_weight=0 1882.74 3736.88 577.258 122.457 1305.49 3159.7 3101.49 2661.03 440.46 368.395 80.0128 38.4541 288.382 69.2594 22.1822 18.0283 47.0773 287.572 116.097 12.0134 454.801 1040.87 2130.06 491.109 359.731 131.378 17.9533 264.617 448.579
internal_count=285384 112255 173129 37805 19963 74450 151435 146649 103833 42816 38432 9622 6914 28810 8082 3250 2980 4832 28623 11648 1575 17842 50624 84937 18107 10756 7351 1326 23826 17241
is_linear=0
shrinkage=0.1


Tree=48
num_leaves=31
num_cat=0
split_feature=86 86 184 158 156 171 179 3 69 117 12 143 132 146 10 175 6 145 131 66 157 145 201 201 226 205 227 226 116 157
split_gain=42.2603 11.7068 8.82401 8.20063 8.08562 8.65769 6.40651 6.98443 6.38188 6.43764 6.23374 7.29758 6.05038 6.13296 5.88853 5.66567 6.38539 5.52783 5.51757 5.7715 5.94452 5.32595 9.60012 5.78016 5.77232 5.49138 5.2779 5.33498 5.32467 5.1537
threshold=-1.0720092654228208 -0.81347760558128346 0.08679459244012834 0.22500000149011615 0.064725596457719817 -0.061754655092954629 0.29995828866958624 0.11167800426483156 2.117678284645081 -0.035790450870990746 81.500000000000014 0.012240413110703232 -0.02079482655972242 0.0050764752086251983 1877.5000000000002 -0.18151747435331342 0.104491263628006 -0.002387986052781343 0.02549830358475447 2.9985244274139409 0.68788212537765514 -0.01735170558094978 0.027702862396836284 0.020515937358140949 0.016361722722649578 -0.098236143589019762 -0.09924758598208426 -0.14459964632987973 0.096760362386703505 0.50389498472213756
decision_type=2 2 2 2 2 2 2 8 2 2 10 2 2 2 10 2 10 2 2 2 2 2 2 2 2 2 2 2 2 2
left_child=4 3 6 10 -1 18 15 -8 9 -5 11 -2 -12 26 -7 16 -3 -13 19 -6 21 23 25 -21 -24 -23 -14 -28 -29 -17
right_child=1 2 -4 8 5 14 7 -9 -10 -11 12 17 13 -15 -16 29 -18 -19 -20 20 -22 22 24 -25 -26 -27 27 28 -30 -31
leaf_value=0.023603073854835215 0.07192948678395053 0.066952943821867075 0.077184082742344451 -0.12567360023128932 0.083289268680830336 0.051940727992599724 0.22822506683139088 0.11422353656338764 0.085640086708006685 0.049706438528427321 0.060041785155454525 0.047705966008488948 0.014151768173881163 0.067481704645815599 0.098842574229751193 0.076335652943594776 -0.07113847535013211 -0.016110776592141909 0.11341833580162995 0.1033919756630632 0.13514309365694088 -0.14791133952615115 0.086229508187737933 0.0032311764451225244 -0.079298863439966449 -0.0022016559514006525 -0.033076709421626341 0.09365342678249293 -0.022112049759360583 0.094156489519783448
leaf_weight=55.691630205898036 111.53011653932617 19.163680114000275 439.67061567438827 2.3645542153299202 153.55623338361693 438.75876710277589 6.1336465001995739 43.401354313063166 1426.1491323452137 18.223673318802867 166.03574634221786 50.567499634727938 9.1192348398399172 197.2818241005607 28.507971794810146 178.75704176209797 4.0575070443010182 18.553405913526149 36.368151317295997 21.592695222781916 7.6674074468319295 2.904673608820306 21.086227168634654 7.8585095955422721 2.3405573571144478 23.608996354036208 3.4229074822251269 355.67250520632251 4.0180338543359531 1760.4464947322726
leaf_count=19327 19063 1221 25226 431 5514 17396 1626 2789 58408 2034 7840 9925 724 8048 788 39532 121 5421 1284 1477 30 374 1162 1085 620 2731 192 12916 187 38178
internal_value=0 0.0851767 0.0900178 0.080154 0.060356 0.0631062 0.0928223 0.12834 0.0848421 0.0295641 0.0727512 0.0561069 0.076839 0.081736 0.0548022 0.0919258 0.0428238 0.0305763 0.0771149 0.0716277 0.0510589 0.0429383 0.0230482 0.0766659 0.0696917 -0.0181647 0.0892908 0.0911778 0.0923602 0.0925138
internal_weight=0 4814.57 2451.63 2362.94 799.942 744.25 2011.96 49.535 1446.74 20.5882 916.201 180.651 735.55 569.515 467.267 1962.42 23.2212 69.1209 276.983 240.615 87.0591 79.3917 49.9405 29.4512 23.4268 26.5137 372.233 363.113 359.691 1939.2
internal_count=285670 233882 108693 125189 51788 32461 83467 4415 60873 2465 64316 34409 29907 22067 18184 79052 1342 15346 14277 12993 7479 7449 4887 2562 1782 3105 14019 13295 13103 77710
is_linear=0
shrinkage=0.1


Tree=49
num_leaves=31
num_cat=0
split_feature=86 86 86 3 157 13 13 120 176 17 200 224 66 63 159 205 19 90 171 7 68 179 79 2 158 159 5 157 201 92
split_gain=38.9472 10.3696 8.38303 7.3036 6.54784 5.78457 5.70142 5.6813 5.58756 5.55194 6.45245 6.81505 5.40914 6.42687 6.17066 5.47825 5.16752 5.075 5.052 7.25818 6.17977 5.58529 5.54088 5.80698 5.20303 8.87854 5.03192 4.94342 6.9118 5.72857
threshold=-0.95708391070365895 -1.1152490973472593 -0.6793040633201598 1.0000000180025095e-35 0.38063296675682073 0.037634680047631271 0.066902238875627532 -0.088510572910308824 -0.22100203484296796 7.5000000000000009 0.076548650860786452 -0.08865685015916823 8.4918665885925311 0.07942464575171472 0.12676987797021869 -0.063597705215215669 1.0000000180025095e-35 2.3503836393356328 -0.11751042678952216 0.12129970267415048 41.406183242797859 0.091750249266624465 0.11611055210232736 0.095564253628253951 1.0000000180025095e-35 1.3179800510406496 0.11127844825387002 0.60610115528106701 0.10074042156338693 0.88596472144126903
decision_type=2 2 2 8 2 10 10 2 2 2 2 2 2 2 2 2 2 2 2 8 2 2 2 8 2 2 10 2 2 2
left_child=1 4 3 5 -1 -2 -3 26 -4 10 12 -12 15 14 -14 -5 -15 -13 19 -6 21 24 -23 -24 25 -20 -8 28 -17 -30
right_child=2 6 8 9 18 -7 7 -9 -10 -11 11 17 13 16 -16 27 -18 -19 20 -21 -22 22 23 -25 -26 -27 -28 -29 29 -31
leaf_value=-0.031632374653477353 -0.0048621910116036582 0.071125267034346226 0.119811577775904 0.097813038988952827 0.023653848050500789 0.090608062321515304 -0.14411308839296516 0.092450243568088258 0.092152116206968004 0.093331983885685629 0.01705786173723484 0.070725399421766436 -0.01449532802277834 -0.038932671193705609 0.086847102956193509 0.080982830535779898 0.097561019946248911 0.10816021290545108 -0.02201752806914524 0.087252237987592268 -0.03346765462787183 0.10684839654912764 0.073865560836718927 -0.087752334258194842 0.056183986108744172 0.06051990694706131 0.090006643499269928 0.089810136453388034 0.095056123941059376 0.032537367257819395
leaf_weight=8.0818156806617463 16.462720539499973 956.7078029478098 78.338196232891278 317.57185410789907 21.598160537151671 10.328068812446871 1.9341020070478401 187.62168152648246 1079.0037856724703 556.83684079933619 21.916195907441761 385.89355883233793 6.9452454452311931 10.460606143322364 44.535561355068239 679.06495059383406 3.7745180620786405 39.965268556141382 24.319991082876186 106.08243806008613 7.9571339232015807 35.941858674492323 7.2122204841671165 3.2138252368276889 323.0211930779933 28.081471263001731 1.7474865746262365 626.84959663430345 19.922600626382518 55.445735215388595
leaf_count=6686 20006 56527 4331 12814 3033 5070 172 8218 44757 20160 1468 15698 587 1955 4587 38496 279 1934 3391 5501 1551 2114 467 337 13740 983 61 4442 1722 4636
internal_value=0 0.0688167 0.0868669 0.0839043 0.0577329 0.0319424 0.0742766 0.0900362 0.0940243 0.084407 0.0821606 0.0714398 0.0848811 0.0567305 0.0731751 0.08597 -0.00274065 0.0742385 0.0590286 0.0764941 0.0538394 0.0554865 0.0882301 0.0240469 0.0514424 0.0222135 -0.0329869 0.0832472 0.0777941 0.0490634
internal_weight=0 1713.52 3953.32 2795.97 565.51 26.7908 1148.01 191.303 1157.34 2769.18 2212.35 447.775 1764.57 65.7159 51.4808 1698.85 14.2351 425.859 557.428 127.681 429.748 421.791 46.3679 10.426 375.423 52.4015 3.68159 1381.28 754.433 75.3683
internal_count=285723 102781 182942 133854 37803 25076 64978 8451 49088 108778 88618 19100 69518 7408 5174 62110 2234 17632 31117 8534 22583 21032 2918 804 18114 4374 233 49296 44854 6358
is_linear=0
shrinkage=0.1


Tree=50
num_leaves=31
num_cat=0
split_feature=86 86 157 171 12 73 207 175 198 176 162 34 175 196 161 93 94 157 211 188 161 141 113 102 206 195 183 100 8 130
split_gain=38.6152 13.251 7.71728 6.85325 7.23226 6.57469 6.52906 6.68823 6.57977 6.45058 6.41809 6.13504 7.58508 6.08956 5.5801 8.33612 5.52429 8.60808 7.49803 7.13693 5.39401 7.91857 6.1986 6.08271 6.70575 8.22097 7.32551 7.08129 6.06305 5.3707
threshold=-0.93582496047019947 -1.1817154288291929 0.65876379609107982 -0.029621206223964688 86.500000000000014 0.27842378616333013 -0.11630954220890997 0.60585469007492077 -0.13367356359958646 -0.057188112288713448 137.79351806640628 1.0000000180025095e-35 -0.13565388321876523 0.10272789373993875 3.8393857479095463 -0.10656320676207541 0.019363489933311943 0.68788212537765514 -0.015384145546704529 0.18074779212474826 2.7981818914413457 -0.028026287443935868 -0.044485813006758683 -0.021617458201944825 0.11293479800224306 0.17223294824361804 -0.048319332301616662 0.055151449516415603 0.24218017607927325 -0.016551561653614041
decision_type=2 2 2 2 8 2 2 2 2 2 2 2 2 2 2 2 2 2 2 2 2 2 2 2 2 2 2 2 10 2
left_child=1 -1 6 4 -3 10 8 9 -2 -8 -5 -4 -13 20 -15 -16 17 18 -14 -20 21 22 -11 24 25 29 -26 -28 -24 -22
right_child=2 3 11 5 -6 -7 7 -9 -10 13 -12 12 16 14 15 -17 -18 -19 19 -21 23 -23 28 -25 26 -27 27 -29 -30 -31
leaf_value=0.052349170625555899 0.036859210782403458 0.046463101589751442 0.10013619302632792 0.061718156352624398 0.082412101486204536 0.1397009682000547 0.090744764430643915 0.12880504981677982 0.10051605896998859 -0.12441875507744132 0.092384126109210638 0.0020156295697690112 0.074414513728761109 0.098057134781685609 0.12176510638760396 0.012116942880948195 0.11580496007455075 0.092754890190266157 -0.064965855688973007 0.12746488445339016 0.087236463408825168 0.069139456762287221 0.068720468353026878 0.084051643929525077 0.1096319685012406 -0.025050929387264855 0.034638648414897381 -0.079655621381055558 -0.049570764949726627 0.066342655830724212
leaf_weight=344.67547967794326 17.014582749536658 60.126557156285799 670.95845980313607 595.70809472342307 808.15459532055183 12.068111539238997 745.08726194266455 32.127438751683258 355.5543877664004 3.2864486448088455 77.07904876640896 12.387001502764177 14.075384799594758 252.55447823355917 10.950585879380926 18.901745717697395 37.803399270414957 53.578923235734692 10.797629246066206 2.3461399267835086 224.32777444638577 92.331336410761196 11.617186003395547 887.70674360746762 10.49129122299564 8.2201826607306412 32.286549464461132 6.5145799098409034 6.9104097894078214 272.43324418644988
leaf_count=23636 1595 23463 3475 31180 29073 1881 45139 2596 15357 232 3168 64 140 13463 832 3155 118 247 181 21 12274 4373 628 47586 819 2087 2128 708 541 15624
internal_value=0 0.0700869 0.0875612 0.0740232 0.0799227 0.0665437 0.0852237 0.0834596 0.097609 0.0828957 0.0652315 0.0962716 0.0764761 0.0797148 0.0932244 0.0523386 0.0842529 0.0694904 0.023696 -0.0306173 0.0772631 0.0563372 0.00214946 0.0789195 0.0707001 0.0741366 0.0354947 0.015449 0.0246003 0.0757779
internal_weight=0 1897.81 3790.26 1553.14 868.281 684.855 2988.32 2615.75 372.569 2583.62 672.787 801.947 130.988 1838.53 282.407 29.8523 118.601 80.7981 27.2192 13.1438 1556.13 114.145 21.814 1441.98 554.274 504.981 49.2924 38.8011 18.5276 496.761
internal_count=285784 112401 173383 88765 52536 36229 169137 152185 16952 149589 34348 4246 771 104450 17450 3987 707 589 342 202 87000 5774 1401 81226 33640 29985 3655 2836 1169 27898
is_linear=0
shrinkage=0.1


Tree=51
num_leaves=31
num_cat=0
split_feature=86 86 229 7 136 157 170 170 157 156 126 8 101 104 157 170 117 55 63 11 200 1 155 224 171 155 4 94 157 192
split_gain=48.0926 13.1531 8.22522 8.17442 7.80579 7.25759 9.11338 7.02127 6.89824 7.97168 6.80953 6.66465 8.29932 6.54108 6.50423 8.46838 6.7453 6.46361 6.23362 6.41873 6.14225 6.11598 6.38303 6.07014 5.99447 6.33509 6.89146 9.20932 5.88285 5.85993
threshold=-0.95708391070365895 -1.1152490973472593 -0.041956111788749688 0.1053953990340233 -0.019269801676273342 0.68788212537765514 0.53721478581428539 0.46966412663459783 0.57240715622901928 0.22287581861019137 -0.012969876173883675 0.18482562899589541 -0.11378784477710722 -0.057769186794757836 0.37188768386840826 0.44120077788829809 0.0032083265250548725 1.0000000180025095e-35 0.33389289677143102 0.038675215095281608 0.044134024530649192 0.069044969975948348 0.0086605143733322638 -0.034681493416428559 0.45464123785495764 0.016702179796993736 0.099773757159709944 0.052945258095860488 0.41835831105709081 -0.065824020653963075
decision_type=2 2 2 8 2 2 2 2 2 2 2 10 2 2 2 2 2 2 2 8 2 10 2 2 2 2 10 2 2 2
left_child=1 2 -1 4 -4 6 8 -3 9 14 18 -8 17 -10 -2 -16 21 -13 19 -11 -18 22 -17 -22 -7 -26 27 -27 -5 -9
right_child=5 7 3 28 -6 24 11 29 13 10 -12 12 -14 -15 15 16 20 -19 -20 -21 23 -23 -24 -25 25 26 -28 -29 -30 -31
leaf_value=0.033519459809774658 0.02050626474364757 0.088372985460055509 0.094854287620201011 -0.0058231434862912592 -0.02303917728107488 0.10626728087969597 0.064605217832612444 0.082297584052589232 0.081736137697274641 0.061191804700604084 0.059698791141392732 0.063284263460487794 0.087775860289833474 0.098042158419744868 0.11273749914816784 0.071877222915562297 0.10230302018387841 -0.051456863920990116 0.011255636146024948 0.10283520189502088 0.024789448355773618 0.05183356117788393 0.1081402661376053 0.086962536247178646 0.093412732873807081 0.077969866050470349 -0.11282733061641528 -0.11766325903328972 0.067706390111475445 0.064126873121296488
leaf_weight=138.02442290851468 13.484801654796227 248.2891462164921 7.7679692131296205 11.209119415433632 20.273788654879354 328.58901812293334 273.26165264946621 248.29025880246445 323.4879660321094 52.755645063178235 208.97641974301223 105.94616582801336 586.51135333267757 1027.1554087433979 141.62018353487201 150.6005558844513 275.48376185535926 5.1480562097003704 10.542921291737001 124.03797256750113 20.975444880545183 83.588535888157367 71.625228572042943 62.4777242284772 64.346060525131179 18.751358300127329 2.8417800889001219 2.7605000172625287 371.57710587139627 622.31437460841016
leaf_count=9650 10519 13310 1436 5863 6997 1005 29227 13507 3520 5585 14074 4317 20146 10019 7967 18804 24080 478 755 4613 3112 7660 7039 9051 509 152 56 27 13861 38331
internal_value=0 0.0673196 0.0546397 0.0617353 0.009619 0.0875673 0.086096 0.0735394 0.0892175 0.0837543 0.0721097 0.0778433 0.0830288 0.0941368 0.0893833 0.0905351 0.0858051 0.0579672 0.0859541 0.0904087 0.0951031 0.0748919 0.0835651 0.0713357 0.10004 0.0769714 0.033531 0.0528653 0.0655532 0.069309
internal_weight=0 1667.75 548.852 410.828 28.0418 3954.97 3537.68 1118.89 2566.81 1216.17 396.313 970.867 697.606 1350.64 819.856 806.371 664.751 111.094 187.337 176.794 358.937 305.814 222.226 83.4532 417.289 88.6997 24.3536 21.5119 382.786 870.605
internal_count=285670 102955 37807 28157 8433 182715 180966 65148 126798 113259 25027 54168 24941 13539 88232 77713 69746 4795 10953 10198 36243 33503 25843 12163 1749 744 235 179 19724 51838
is_linear=0
shrinkage=0.1


Tree=52
num_leaves=31
num_cat=0
split_feature=86 86 163 166 103 152 3 93 170 40 6 163 168 128 152 194 79 79 4 179 69 116 141 172 88 207 230 10 153 194
split_gain=41.8492 19.5238 6.5937 5.87263 6.09422 5.80886 9.58678 6.62163 5.94493 5.80857 6.72595 5.61559 5.30553 6.85863 6.71134 5.32713 6.90105 6.35056 6.78519 5.68693 6.04884 5.48068 6.7085 5.42272 7.98738 5.77792 5.40321 5.36523 5.41143 5.22115
threshold=-1.1152490973472593 -0.83693176507949818 1.0574690103530886 0.89108052849769603 -1.0000000180025095e-35 0.054418703541159637 0.22276159375905993 0.093066472560167326 0.41605599224567419 1.0000000180025095e-35 0.06273148208856584 -0.19775760173797605 3.120374441146851 -0.013373371213674544 0.057806763797998435 0.070112876594066634 0.20169491320848468 0.07601815834641458 0.15849281847476962 -0.074584219604730592 2.1791403293609624 -0.016674347221851345 0.049315957352519042 -0.1071554198861122 0.63550731539726268 -0.140033483505249 -0.019662220962345597 108.50000000000001 0.023067511618137363 -0.21999289840459821
decision_type=2 2 2 2 2 2 10 2 2 2 10 2 2 2 2 2 2 2 10 2 2 2 2 2 2 2 2 8 2 2
left_child=3 2 12 4 -1 7 9 8 -3 -7 -11 -9 13 -2 -15 16 19 -17 21 -14 -21 22 -19 24 26 -26 -18 28 -23 -10
right_child=1 5 -4 -5 -6 6 -8 11 29 10 -12 -13 15 14 -16 17 23 18 -20 20 -22 27 -24 -25 25 -27 -28 -29 -30 -31
leaf_value=0.022067090598403716 0.08254483502462065 0.122767535848007 -0.038913620543533055 0.067676992603188865 0.054743531266262482 0.060521535805760945 0.096725609749160765 0.072288281846311572 0.037926472262587468 -0.099395765500057437 0.039959544204100389 0.095443769938562226 0.062012370743914691 0.057995655869037904 -0.045093537825057595 0.086452147988710551 0.10652931190961037 0.041026212871413295 -0.0222754383992886 0.064852119711634945 0.087193547365099877 -0.036732832253668905 -0.15679052145784136 0.097490125618476309 -0.024653310931046713 0.08372221357330395 -0.11008315787409323 0.074327743052371123 0.089415912646941265 0.093440025955742773
leaf_weight=75.37474285326789 158.67367005592132 69.248354536229726 4.8016179516412185 238.47263598519203 235.09237720017245 62.750130727000851 77.292538568770397 289.64842129251792 17.079686837466852 5.2900791956635649 10.030311953454655 164.05441594174181 181.57274708190835 188.177655979463 6.5344330365605847 183.20069206931112 1.6637630025452379 42.692205769448265 9.0393380039422464 158.35318211827052 516.30977560580368 8.8809226858456878 1.7860709253236553 438.46073310972224 5.0828432249400057 152.95106347442561 3.7405081294509719 254.897690565831 5.5105217834243367 2103.7393247476807
leaf_count=9082 13602 2934 9313 6626 22182 3480 2370 8853 1583 658 458 13035 7881 17745 822 7113 93 3092 930 7967 23315 2758 82 17222 264 5447 257 6749 796 88977
internal_value=0 0.0849284 0.0781498 0.0558753 0.0468104 0.0905522 0.0717603 0.0916565 0.0939344 0.0470437 -0.00815937 0.0806611 0.0783924 0.0671123 0.054536 0.0804219 0.0834898 0.0715813 0.0631417 0.0777218 0.0819497 0.0656025 0.0330827 0.0916951 0.0761485 0.0802365 -0.0433967 0.0709738 0.0115699 0.092993
internal_weight=0 5121.46 2322.33 548.94 310.467 2799.13 155.363 2643.77 2190.07 78.0705 15.3204 453.703 2317.53 353.386 194.712 1964.14 1458.13 506.007 322.807 856.236 674.663 313.767 44.4783 601.899 163.438 158.034 5.40427 269.289 14.3914 2120.82
internal_count=285686 247796 125448 37890 31264 122348 6966 115382 93494 4596 1116 21888 116135 32169 18567 83966 62446 21520 14407 39163 31282 13477 3174 23283 6061 5711 350 10303 3554 90560
is_linear=0
shrinkage=0.1


Tree=53
num_leaves=31
num_cat=1
split_feature=86 86 93 171 157 156 171 120 204 170 235 157 181 195 171 79 73 115 5 72 215 99 115 156 229 146 146 98 124 166
split_gain=42.6825 11.5402 8.32123 8.89935 8.47042 6.4927 6.41044 6.30854 6.25912 6.49345 7.04298 6.17013 7.25824 7.22249 7.53166 8.37856 6.16086 6.91655 6.69203 6.84715 6.72451 6.15048 5.99721 5.99709 5.97065 5.86129 6.74617 6.65105 6.53313 5.85942
threshold=-0.94577196240425099 -1.1817154288291929 0.064679164439439787 0.013746987096965315 0.47155028581619268 0.13938769698143008 -0.11751042678952216 0.035051429644227035 0.18118763715028766 0.54916828870773327 0 0.65876379609107982 -0.045190012082457535 -0.078833524137735353 -0.16671124100685117 0.3081014752388001 0.1444622799754143 -0.027369347400963303 0.077193934470415129 0.13527590036392215 0.039699694141745574 0.19127815216779712 0.054893806576728828 1.0000000180025095e-35 -0.029305744916200634 -0.0012639546184800563 0.0018319910741411152 0.025616011582314972 -0.028663253411650654 0.89108052849769603
decision_type=2 2 2 2 2 2 2 2 2 2 1 2 2 2 2 2 2 2 10 2 2 2 2 2 2 2 2 2 2 2
left_child=1 6 5 -4 -5 23 -1 29 9 21 -11 12 -7 -14 16 -16 18 -18 -15 20 25 -6 -23 -2 -9 28 -27 -28 -20 -8
right_child=2 -3 3 4 8 11 7 24 -10 10 -12 -13 13 14 15 -17 17 -19 19 -21 -22 22 -24 -25 -26 26 27 -29 -30 -31
leaf_value=0.077816984111453408 -0.1024220564638795 0.073310531863198414 0.088250045804596333 -0.015067797240477099 0.081206125335356261 0.093447455445436464 0.023813086369634744 -0.0098493493470838793 -0.057287199921827653 -0.02918205371362978 0.05884846902083201 0.097721484048884311 0.096514929514970094 0.084038675846840993 0.070809320313587318 0.095142537195317345 -0.088258142624725464 0.039451792802258023 0.0025751710163233262 -0.074099038965088432 -0.054644914338861886 -0.040838610542655168 0.1145579895519044 0.10274747746585344 0.10248281826519433 -0.14017054882137944 -0.032867534191036517 0.070751273058272682 0.10881465189665114 0.056149797268402891
leaf_weight=78.778493602530034 1.4292640498765639 1458.5957905454334 637.26881517906941 11.453469253554429 343.72033904462296 732.73192727609421 118.63573126935808 5.629715127975941 3.7090901901756288 10.611615123965748 63.317799535247104 591.06248196867818 216.34878383758996 100.35903194825687 312.05660712827921 258.90897832691007 5.0672054040915127 26.000264923928626 7.1860498379028277 4.5326766972066244 5.4418338424693493 8.026656144011211 3.5962047318062096 443.32732223649327 29.661821958374276 2.1709238967741831 8.5534203991119302 22.462450443730631 29.757999627683603 106.19441166691286
leaf_count=7119 8513 83940 34999 3453 10483 24427 11892 596 275 901 2355 2664 7098 4875 10923 9637 436 1381 283 302 541 398 99 51962 1367 98 358 483 819 2722
internal_value=0 0.0694483 0.0881123 0.0806753 0.069814 0.0910192 0.0528255 0.0452567 0.0720593 0.0731769 0.0462128 0.0888996 0.0858883 0.0803431 0.0758719 0.0818434 0.0597535 0.0186219 0.0668344 0.0452803 0.0524404 0.0787869 0.00724232 0.102088 0.0845636 0.0607497 0.0302475 0.0421757 0.0881498 0.0390867
internal_weight=0 1797.5 3849.1 1081.7 444.435 2767.4 338.9 260.122 432.982 429.273 73.9294 2322.64 1731.58 998.846 782.497 570.966 211.532 31.0675 180.464 80.1054 75.5727 355.343 11.6229 444.757 35.2915 70.1308 33.1868 31.0159 36.944 224.83
internal_count=285399 107636 177763 52963 17964 124800 23696 16577 14511 14236 3256 64325 61661 37234 30136 20560 9576 1817 7759 2884 2582 10980 497 60475 1963 2041 939 841 1102 14614
cat_boundaries=0 1
cat_threshold=4
is_linear=0
shrinkage=0.1


Tree=54
num_leaves=31
num_cat=0
split_feature=93 157 81 181 63 66 65 63 165 212 170 147 208 88 13 157 171 176 170 90 92 202 166 204 65 161 99 180 210 93
split_gain=20.1579 12.3541 10.0412 11.1692 8.80999 10.0085 9.08436 10.3478 11.4758 9.50008 8.50493 7.34789 9.231 7.21961 6.92674 6.93732 8.59459 6.65612 6.40745 7.58333 6.69896 6.60353 6.25787 9.00498 6.67738 5.84079 8.94858 6.54381 6.34841 5.81282
threshold=0.18408870697021487 0.65876379609107982 0.30825792253017431 -0.0074250679463148108 -0.17180135101079938 0.86653000116348278 3.5000000000000004 0.35158756375312811 72.500000000000014 0.084211315959692015 0.49234667420387274 -0.021382049657404419 -0.019100355915725228 0.81008261442184459 0.049238052219152458 0.65876379609107982 0.3453053236007691 0.31652830541133886 0.57132080197334301 2.0047169923782353 0.93022292852401745 -0.17488037049770352 0.8786323368549348 -0.10950377210974692 1.5000000000000002 3.6440938711166386 -0.072985049337148653 -0.15516690164804456 -0.10539467632770537 0.36676779389381414
decision_type=2 2 2 2 2 2 2 2 2 2 2 2 2 2 10 2 2 2 2 2 2 2 2 2 2 2 2 2 2 2
left_child=1 2 4 -4 5 17 7 18 -9 11 -2 -10 -13 25 15 16 22 -1 21 20 -20 -6 23 -12 -25 -8 27 -27 -29 -17
right_child=10 -3 3 -5 6 -7 13 8 9 -11 14 12 -14 -15 -16 29 -18 -19 19 -21 -22 -23 -24 24 -26 26 -28 28 -30 -31
leaf_value=0.078059993653690207 0.081680081871219001 0.095041895339404367 0.086011079178166319 0.03804063613246176 0.1309637955071429 0.096598954364595604 0.093256169314057072 0.010983977962130879 0.11574188969135807 -0.05334941810206472 -0.04392834118849312 0.010777588192695486 0.082984719632812523 0.053053773244253727 0.075198999469462582 0.08325086834904348 0.0057069401503702421 -0.011657116938081691 -0.028596237990218393 0.072872106474672793 0.065504593457802893 0.078033304729595451 0.080798178920649388 0.010525945853317412 0.066810651973680663 -0.03441418789473636 0.083446230013385067 -0.057341545401317306 0.071805240645878621 0.051289022714520766
leaf_weight=323.58143446476811 332.8380364498571 825.72890359642042 87.858678584388144 108.45011823892582 24.154241378673532 755.001133287534 690.19629361732177 51.382147171508223 31.034806633049811 6.1334113479269936 11.660592055023697 26.911836385050265 51.749692570041589 64.165221321645731 260.65036567460993 110.42060865136591 50.630466168440762 8.4862074428210672 17.833495955082075 56.595074520208072 13.138902851027522 974.89350421876156 53.778928314573022 30.794065330876947 66.802634305507127 10.034407503051623 386.92173290254232 4.3110441483659079 32.506571072013685 117.39865943299083
leaf_count=14269 22147 3982 8621 6896 2029 46777 26097 5464 1138 868 2980 2270 3365 3275 9569 1529 4552 492 3259 4470 965 69489 2487 8471 7235 585 17452 205 2196 2452
internal_value=0 0.0839753 0.0815224 0.05951 0.0827469 0.0902355 0.0794132 0.0734759 0.0503174 0.0677658 0.0685138 0.0745376 0.0582811 0.0856788 0.0622724 0.0546407 0.0416968 0.0757672 0.0770396 0.0511022 0.0113226 0.079313 0.0528734 0.0391281 0.0490515 0.0875413 0.0784482 0.0371727 0.0566832 0.0667805
internal_weight=0 4551.07 3725.34 196.309 3529.03 1087.07 2441.96 1253.83 167.212 115.83 1034.97 109.696 78.6615 1188.14 702.136 441.486 213.667 332.068 1086.62 87.5675 30.9724 999.048 163.036 109.257 97.5967 1123.97 433.774 46.852 36.8176 227.819
internal_count=285586 224164 220182 15517 204665 61538 143127 93317 13105 7641 61422 6773 5635 49810 39275 29706 25725 14761 80212 8694 4224 71518 21173 18686 15706 46535 20438 2986 2401 3981
is_linear=0
shrinkage=0.1


Tree=55
num_leaves=31
num_cat=0
split_feature=171 103 160 16 219 79 228 13 166 172 139 156 96 153 117 88 175 107 161 178 151 69 170 73 193 6 170 176 63 155
split_gain=20.9524 13.2273 9.98482 9.10404 9.31098 7.31831 6.92968 14.4174 6.55589 6.45487 6.26872 7.95793 6.25542 6.71958 5.7987 6.09382 5.72247 7.34743 5.62543 5.53967 5.45275 6.18547 5.40542 6.00898 8.68296 5.29647 5.79471 6.73883 5.21038 6.05857
threshold=0.45464123785495764 0.10919729247689249 1.0000000000000002 1.0000000180025095e-35 0.030811259523034099 0.28918129205703741 -0.043374225497245782 0.061539044603705413 0.97406843304634105 -0.13490908592939374 -0.030373454093933102 0.40108695626258856 0.089967940002679839 -0.017736570909619328 0.0011463283444754782 0.69380328059196483 -0.15759430080652234 0.066196184605360045 3.2279758453369145 -0.0055173400323837987 -0.011831283569335936 2.117678284645081 0.57723820209503185 0.013606071937829258 0.13972485810518268 0.10603479295969011 0.56210592389106762 0.21995829045772555 0.019811251200735572 0.016702179796993736
decision_type=2 2 2 2 2 2 2 8 2 2 2 2 2 2 2 2 2 2 2 2 2 2 2 2 2 10 2 2 2 2
left_child=1 2 5 4 18 20 7 12 28 10 11 -8 16 -14 15 -11 17 -5 -4 25 21 -1 -7 -24 -25 -3 27 -27 29 -2
right_child=8 19 3 6 -6 22 9 -9 -10 14 -12 -13 13 -15 -16 -17 -18 -19 -20 -21 -22 -23 23 24 -26 26 -28 -29 -30 -31
leaf_value=-0.073731006320159831 0.078475207008891712 0.070871687193604802 -0.044701404422986701 0.0063647819015955204 -0.036991186469155946 0.097705855719456336 -0.044492084187291794 0.088068211890942549 0.087107992386859678 0.093899008205243606 0.074053315527241648 0.074007180451364327 -0.027852330673741588 0.09468071129856552 0.0954082942482537 0.071058684372977715 0.04136453522887798 -0.19613952520870945 0.070002971088688706 0.080455392667130476 0.087992499090762732 0.075851256414659007 0.097049437265140495 0.062427481459779902 -0.19609821233816227 0.045499578292905705 -0.12007795698739782 0.17760532645235011 0.045553010479858769 0.03619527345436703
leaf_weight=2.7823664229540546 141.50465155587563 305.74025641503204 4.6757676191266446 9.1601531995206624 12.031145532409935 984.51049208580753 10.689262510645223 166.16495718577107 81.823450584301554 190.18068217441078 179.40479930916263 12.062422774102741 5.1107500108496415 36.002772364493467 468.3780765932263 302.78649977073337 105.71302425963313 2.227377016661193 49.956330844218883 354.47615194211949 1194.1708427762137 429.863046905185 79.983907042931605 76.768818325323991 1.3215167100388487 126.19460812573652 2.0457405671149891 3.9832468900949598 217.44552957764608 44.566631536592467
leaf_count=707 8313 15262 818 655 2578 37550 1363 6650 2458 8434 8952 268 439 2199 24013 17014 9088 105 6648 24103 58870 23518 1972 2399 107 5461 385 201 12176 2835
internal_value=0 0.0830389 0.0852156 0.0788017 0.0426477 0.0888159 0.0804215 0.0674966 0.0612982 0.084025 0.0677823 0.0183335 0.0458911 0.0794488 0.0874405 0.0798702 0.0341091 -0.0332446 0.0601858 0.0711618 0.0845078 0.0748893 0.0949498 0.0777845 0.0580525 0.0636398 0.0469175 0.0495418 0.0560646 0.0683486
internal_weight=0 5116.39 4323.95 1554.54 66.6632 2769.4 1487.88 324.379 485.34 1163.5 202.156 22.7517 158.214 41.1135 961.345 492.967 117.101 11.3875 54.6321 792.44 1626.82 432.645 1142.58 158.074 78.0903 437.964 132.224 130.178 403.517 186.071
internal_count=285541 259759 214347 89224 10044 125123 79180 19136 25782 60044 10583 1631 12486 2638 49461 25448 9848 760 7466 45412 83095 24225 42028 4478 2506 21309 6047 5662 23324 11148
is_linear=0
shrinkage=0.1


Tree=56
num_leaves=31
num_cat=0
split_feature=86 86 93 157 121 141 129 172 161 126 111 143 158 80 160 198 161 160 183 65 157 85 122 160 9 183 93 173 115 98
split_gain=36.0675 11.4008 7.25438 7.10477 6.67575 6.77691 6.44282 8.11696 7.49586 7.27464 8.60696 6.96686 5.94494 5.57457 5.56557 5.52901 5.3487 7.06184 5.30434 4.97829 4.90694 6.09962 5.57709 4.89762 5.40702 5.04727 6.47598 5.36653 7.02586 4.99697
threshold=-0.95708391070365895 -1.1529442071914671 -0.071678895503282533 0.57240715622901928 0.0623261146247387 -0.020085290074348446 -0.00094776693731546391 -0.13490908592939374 2.7328655719757085 -0.042748484760522835 0.037872314453125007 0.033706834539771087 0.29166667163372045 0.1553868651390076 2.0000000000000004 0.089442569762468352 3.6240090131759648 1.0000000000000002 -0.23453328013420102 1.5000000000000002 0.45626243948936468 116.50000000000001 0.059645619243383415 2.0000000000000004 0.0043830440845340499 -0.27749526500701899 0.064679164439439787 0.32280251383781439 1.0000000180025095e-35 -0.036274312064051621
decision_type=2 2 2 2 2 2 2 2 2 2 2 2 2 2 2 2 2 2 2 2 2 2 2 2 8 2 2 2 2 2
left_child=1 14 6 4 5 -4 7 9 11 10 -2 13 16 -9 -1 -11 20 -18 -6 -16 21 -3 -22 25 29 26 -7 -27 -29 -25
right_child=2 12 3 -5 18 23 -8 8 -10 15 -12 -13 -14 -15 19 -17 17 -19 -20 -21 22 -23 -24 24 -26 27 -28 28 -30 -31
leaf_value=0.057496014343647511 0.063115974625370899 0.030399116613718549 0.065994964020201607 0.087658059190042492 -0.045009505866998978 0.10118608248660654 0.08453614416163463 -0.020576117906071237 0.10632862432705366 0.079672632170335406 -0.08103257371997391 0.14609929313917733 0.081071655420131936 0.072110873027475444 -0.06320545090349744 0.12316917425585441 0.06797057975464775 0.036227896157957185 0.056918864932650762 0.038146643687168205 0.086307692713869011 0.35508366396096341 0.050060950120236869 -0.043170185775435334 0.028968759252706734 0.092893506319483787 -0.016029032639922496 0.0070383016234065558 0.091163968494283432 0.11620906919862167
leaf_weight=379.97955050773817 16.50162294228949 28.294798519411419 261.19598012702318 1564.2798132354728 5.4333130998820698 8.6710872791727542 609.43056165495091 10.829520314866388 600.09463760152676 162.21510659352907 5.5304097609305236 7.1285138634875684 609.86817345617419 16.1895606899634 7.0670254358401534 35.645599875037533 234.56370456786044 99.950242397622333 84.630103417912778 15.422926481404827 251.08168715291504 0.5906804924197776 51.086128557489246 2.2325905782272484 30.295601636471474 480.24217848353328 10.327011239995043 17.416774233046453 23.087371051949503 16.547213801587986
leaf_count=25752 627 12382 29417 21265 785 818 27138 705 26672 6001 346 181 26060 477 1206 1018 13776 8226 10016 1272 11044 155 2881 505 3823 45910 811 2299 2421 1549
internal_value=0 0.069309 0.0867977 0.083529 0.0766583 0.0794013 0.0923909 0.0979953 0.103735 0.0814393 0.0269323 0.0581618 0.0739395 0.034961 0.0546351 0.0875088 0.0674042 0.0584861 0.0507698 0.00629874 0.0764154 0.0370386 0.0801796 0.0853483 0.0551026 0.0880983 0.0374701 0.0899453 0.0549899 0.0972617
internal_weight=0 1677.9 3967.92 2504.36 940.079 850.016 1463.57 854.135 634.242 219.893 22.032 34.1476 1275.44 27.0191 402.47 197.861 665.567 334.514 90.0634 22.49 331.053 28.8855 302.168 588.82 49.0754 539.744 18.9981 520.746 40.5041 18.7798
internal_count=285538 102754 182784 119619 98354 87553 63165 36027 28035 7992 973 1363 74524 1182 28230 7019 48464 22002 10801 2478 26462 12537 13925 58136 5877 52259 1629 50630 4720 2054
is_linear=0
shrinkage=0.1


Tree=57
num_leaves=31
num_cat=0
split_feature=86 86 86 157 77 107 8 17 12 171 162 73 122 109 185 10 102 13 156 119 181 226 130 216 156 88 85 205 159 138
split_gain=35.7732 10.0232 9.03437 7.5065 8.0491 6.82038 5.97418 6.42857 5.86615 5.77823 6.81389 6.13274 5.65069 5.56767 5.21812 5.1927 5.20134 7.49279 5.10677 5.48205 7.43065 6.90195 8.90989 5.36555 6.98359 9.98158 5.76391 7.77469 5.85876 5.13876
threshold=-0.94577196240425099 -1.1817154288291929 -0.6793040633201598 0.51441779732704174 0.19859155267477038 -0.048118628561496728 0.2553300559520722 20.500000000000004 9.5000000000000018 -0.043722767382860177 143.57722473144534 0.26221245527267462 0.048233414068818099 0.01581576839089394 0.23415473848581317 553.50000000000011 0.15168116241693499 0.072866182774305358 0.2416573911905289 0.053325662389397628 0.23009756207466128 -0.0068693305365741244 -0.039473706856369965 -0.065683588385581956 0.25116822123527532 0.69899111986160289 55.500000000000007 0.17050548642873767 0.3877654373645783 0.020617797039449218
decision_type=2 2 2 2 2 2 10 2 8 2 2 2 2 2 2 10 2 10 2 2 2 2 2 2 2 2 2 2 2 2
left_child=1 -1 3 4 6 -6 15 13 -5 -3 11 -11 -13 -8 -9 16 -2 -18 -10 23 21 -21 -23 24 25 -20 -25 -28 -29 -26
right_child=2 9 -4 8 5 -7 7 14 18 10 -12 12 -14 -15 -16 -17 17 -19 19 20 -22 22 -24 26 29 -27 27 28 -30 -31
leaf_value=0.05467549546235298 0.05354407106129179 0.07988055972458584 0.094918562801283857 -0.07056827163993383 0.15238549650398719 0.0082367089808480908 0.10541139971900121 0.22420387038240797 0.092802512660954781 0.0624890107577903 0.097808337420487168 0.11753678812214385 0.42173538757327594 0.065476055729208116 0.79623021337825584 0.093454926357453158 0.14102554145210586 0.77508979816520707 -0.18151942575692226 0.086713936256876567 -0.086430407363228268 -0.051522293541951127 0.058252421011655744 0.090141171688132279 0.10480780762269909 0.089617086993517836 0.076748956882346037 -0.075658963855400163 0.056654596069266996 0.061669455393677436
leaf_weight=331.53777272039952 155.96298079886355 769.75751640797807 1154.8965414320051 2.3745686727684179 3.6945147684073154 29.422924825676546 85.336547751634498 1.5535966508623449 851.42737294186009 599.84648465954479 65.766137947918651 11.894360029953528 0.6436884400227435 59.080078245292043 0.17771276753046539 49.052940160153412 3.3028025784433335 0.19751572310087784 2.1588991098396937 72.437737599644606 3.2398403948172918 9.0295677866160968 40.814324422331993 441.91021062954314 235.61137481668266 3.6588770288217347 553.20169234748028 5.8152037199906754 7.883167350977601 31.280200742341549
leaf_count=23607 42534 46911 49053 5904 585 6945 10084 228 23166 32270 2892 1903 115 7755 10 5558 727 34 54 1214 117 235 988 6875 3292 113 10931 177 257 887
internal_value=0 0.0703598 0.0875379 0.0843197 0.0714653 0.0243177 0.0758678 0.0913704 0.0865245 0.0739511 0.0672207 0.0639358 0.133154 0.0890741 0.28292 0.0650021 0.0562497 0.176804 0.0866896 0.0829906 0.0630462 0.0670066 0.038366 0.0849441 0.0973893 -0.0109981 0.0815799 0.0749061 0.000485121 0.0997519
internal_weight=0 1779.45 3803.52 2648.62 387.782 33.1174 354.664 146.148 2260.84 1447.91 678.151 612.385 12.538 144.417 1.73131 208.516 159.463 3.50032 2258.47 1407.04 125.521 122.282 49.8439 1281.52 272.709 5.81778 1008.81 566.9 13.6984 266.892
internal_count=285421 107698 177723 128670 74460 7530 66930 18077 54210 84091 37180 34288 2018 17839 238 48853 43295 761 48306 25140 2554 2437 1223 22586 4346 167 18240 11365 434 4179
is_linear=0
shrinkage=0.1


Tree=58
num_leaves=31
num_cat=0
split_feature=86 86 171 157 162 147 65 110 189 81 72 186 159 153 14 157 184 112 17 185 110 217 119 170 8 10 183 106 86 181
split_gain=39.3321 15.935 6.31449 6.26521 6.88292 6.43917 6.00688 5.98192 5.90988 8.69157 8.47749 9.66371 6.61988 7.78685 5.79401 5.86749 5.534 5.48726 5.42355 5.34212 7.29965 6.06689 5.7937 5.72277 5.33116 6.21055 5.63443 5.94167 5.70527 6.00982
threshold=-1.0720092654228208 -0.79820320010185231 -0.017047430388629433 0.58398589491844188 122.67501449584962 -0.0014910190366208551 1.0000000180025095e-35 -0.052203794941306107 -0.0043813930824398986 0.1023024618625641 0.031498016789555557 0.055639546364545829 0.46755072474479681 -0.021368803456425663 1.0000000180025095e-35 0.45626243948936468 0.035847380757331855 0.055532792583107955 31.500000000000004 0.14214801788330081 -0.09110588580369948 0.024334681220352653 0.083719022572040572 0.45467460155487066 0.24990795552730563 1264.0000000000002 0.022277559153735641 -0.012444937601685522 -1.2518978118896482 -0.047960728406906121
decision_type=2 2 2 2 2 2 2 2 2 2 2 2 2 2 2 2 2 2 2 2 2 2 2 2 10 10 2 2 2 2
left_child=24 2 6 5 8 16 14 -7 9 12 -11 -12 13 -5 15 -2 -4 -15 -9 23 21 -21 -22 -3 25 26 28 -28 29 -1
right_child=1 19 3 4 -6 7 -8 18 -10 10 11 -13 -14 17 -16 -17 -18 -19 -20 20 22 -23 -24 -25 -26 -27 27 -29 -30 -31
leaf_value=0.084073606124566547 0.0064300171007972895 0.1028477520951574 0.021890088373307203 -0.18899496507791325 0.10178705235581227 0.0020030818253537726 0.085748226263658564 0.074360679435379232 0.084444049141815358 0.059184639259451312 -0.077021173752159777 0.0900033665114785 0.082236884179686165 0.049651311648260962 -0.050343137904989427 0.074735408888986651 0.068821828379377809 -0.2054040530699533 0.34191023910592139 -0.041912352255703139 0.10749116553616567 0.15380092568750092 -0.030603392329492697 0.087009500333930775 0.072381314191662258 0.086385713711508813 0.013882167030178333 0.05029448699363244 0.069493463184366597 0.01504116809082507
leaf_weight=17.611964753448774 13.188072290375656 263.4616131288376 61.82084375504337 1.5118935443751969 106.82852370898763 11.762890224465989 1400.0310600009911 200.0748951386613 228.13318125918158 23.686594448885444 12.946437081220212 4.7295052789704632 125.16233328629824 32.508469391083054 3.9528601588563097 270.96925265282607 42.327553934528623 0.86597230067127284 0.76054166684207203 5.9741603798429406 289.52327024411488 2.1553175504400315 3.0703218972057575 1701.3986686456014 261.7715727278819 55.846575042571203 65.292877344599219 142.87836760199571 193.54356507032844 44.414426452768566
leaf_count=1920 10122 10567 8275 78 702 2054 58746 22434 4577 512 260 73 1900 1063 656 17786 4691 34 90 345 10528 153 199 77973 12036 1950 5933 11042 14808 4058
internal_value=0 0.084935 0.0794986 0.0724866 0.079072 0.0613349 0.0830422 0.0713143 0.0734227 0.0609392 0.0200762 -0.0323309 0.0714997 0.0329778 0.0698927 0.0715653 0.0409639 0.0430333 0.0753739 0.0910329 0.103445 0.00997588 0.106042 0.0891332 0.060744 0.054881 0.051087 0.0388738 0.0610352 0.0346425
internal_weight=0 4806.84 2541.26 853.12 536.373 316.747 1688.14 212.598 429.544 201.411 41.3625 17.6759 160.049 34.8863 288.11 284.157 104.148 33.3744 200.835 2265.58 300.723 8.12948 292.594 1964.86 781.359 519.588 463.741 208.171 255.57 62.0264
internal_count=285565 233818 134053 46743 9199 37544 87310 24578 8497 3920 845 333 3075 1175 28564 27908 12966 1097 22524 99765 11225 498 10727 88540 51747 39711 37761 16975 20786 5978
is_linear=0
shrinkage=0.1


Tree=59
num_leaves=31
num_cat=0
split_feature=86 86 157 157 170 175 13 182 188 106 96 11 170 198 161 67 158 135 2 56 164 88 209 212 212 197 11 67 104 146
split_gain=32.8977 12.1396 7.77096 7.44575 7.53796 6.37945 7.68026 6.48027 5.7013 5.78174 5.75622 5.62354 5.52403 7.09586 5.55332 5.24031 6.76854 7.19701 5.52809 5.69766 5.29595 5.65741 6.18332 6.31434 5.10111 5.0711 5.03787 5.02112 5.12123 5.17776
threshold=-1.0720092654228208 -0.79820320010185231 0.44859552383422857 0.59821906685829174 0.54916828870773327 0.22792105376720431 0.054079741239547736 -0.087197083979845033 -0.11842598766088484 0.011345908977091314 -0.10067270323634146 0.041733656078577049 0.47715282440185552 0.10650533065199853 2.6733570098876958 2.5567939281463627 0.22500000149011615 0.0050204191356897363 0.3390804678201676 1.0000000180025095e-35 4.6774799823760995 0.74556261301040661 -0.018413517624139782 -0.079641468822956071 -0.12400550395250319 0.061051001772284515 0.12132352963089944 3.2614589929580693 -0.019724018871784207 0.018842373974621299
decision_type=2 2 2 2 2 2 10 2 2 2 2 10 2 2 2 2 2 2 10 2 2 2 2 2 2 2 10 2 2 2
left_child=2 3 -1 4 5 6 7 -2 -6 10 -10 12 14 -14 -4 18 -17 -18 20 -20 21 24 25 -24 -9 -23 -26 -8 29 -29
right_child=1 -3 11 -5 8 -7 27 15 9 -11 -12 -13 13 -15 -16 16 17 -19 19 -21 -22 22 23 -25 26 -27 -28 28 -30 -31
leaf_value=0.025954479736038621 0.047346561780089419 0.090852920109503077 -0.1384574027705362 0.08647871983726535 0.084984086252878954 0.11742580210396321 0.090192212043491052 -0.028663231594955436 0.074503678734054155 0.066117941896553498 -0.000268155277908101 0.079804412954770629 0.048633769114238938 0.089646731035235849 0.078848469842967561 0.021244223183660389 0.098877910710759728 0.020697737549949431 0.14464054243558722 0.47734918033602813 0.088967632621181889 0.049638649487809744 0.10472131307521455 0.011030641453654649 0.080961115491658076 0.11392963295010128 0.51936280679782942 -0.032060873407151212 0.083417959400809191 0.10658474877811371
leaf_weight=51.845076921349573 103.21770128962567 2262.6804202287317 1.1857869671075594 1218.8438918979264 42.933245748285117 40.298375212555129 416.00547305384316 4.2957944022391521 13.856253899806232 50.139983026183472 40.068647190970296 210.45258567477504 323.72532312853764 48.506431667244215 142.59663478989387 39.552765285468922 39.043644047033013 16.859496652304642 4.1662482609676763 0.58727093676498032 223.51132691240764 31.581067718769646 8.5695812658232153 44.794560524543158 179.71498778043565 20.062976966370115 0.2625042889467285 10.394091416430454 19.12415088817761 3.6357741876781793
leaf_count=21613 13082 99696 68 13882 5183 3863 15847 1105 2782 7114 7961 5812 17133 2536 4541 8914 4513 3633 783 130 10034 3417 877 6395 18265 1282 277 2079 2049 623
internal_value=0 0.0855107 0.0633582 0.08081 0.0757022 0.0783088 0.0769561 0.0705273 0.0543231 0.0416735 0.0189448 0.0660275 0.0604087 0.0539783 0.0770563 0.0744305 0.0529017 0.0753 0.0784013 0.185745 0.0774062 0.0684733 0.0499479 0.0260761 0.0790301 0.0746148 0.0816005 0.0872074 0.0497548 0.00386849
internal_weight=0 4834.2 778.312 2571.52 1352.68 1205.68 1165.38 716.22 146.998 104.065 53.9249 726.467 516.014 372.232 143.782 613.002 95.4559 55.9031 517.546 4.75352 512.793 289.281 105.008 53.3641 184.273 51.644 179.977 449.159 33.154 14.0299
internal_count=285489 233786 51703 134090 120208 97168 93305 72707 23040 17857 10743 30090 24278 19669 4609 59625 17060 8146 42565 913 41652 31618 11971 7272 19647 4699 18542 20598 4751 2702
is_linear=0
shrinkage=0.1


Tree=60
num_leaves=31
num_cat=0
split_feature=86 86 160 168 187 4 90 200 12 68 167 90 138 212 184 189 93 17 88 125 104 209 2 133 86 67 207 175 17 170
split_gain=33.5819 13.2155 6.92938 15.8233 8.77195 6.26412 5.80444 5.59092 5.5033 5.48338 5.91813 6.12027 6.62936 5.81116 5.40798 5.27519 7.06923 5.33877 5.31531 5.07497 5.073 4.94233 4.88113 4.72266 4.70152 5.12177 5.48538 5.10771 4.9905 5.0849
threshold=-0.83693176507949818 -1.1152490973472593 1.0000000000000002 3.1070193052291875 0.12189663201570512 1.0000000180025095e-35 1.99462366104126 -0.011710925959050654 9.5000000000000018 34.994052886962898 1.5000000000000002 1.3621010184288027 0.015387879218906166 0.13483027368783954 0.14614742249250415 0.051709694787859924 0.4157418161630631 31.500000000000004 0.76850980520248424 -0.035467427223920815 -0.10148865357041358 0.053759111091494567 0.3390804678201676 0.024763382039964203 -0.57369077205657948 2.4581694602966313 -0.076032772660255418 0.042717751115560539 28.500000000000004 0.60105058550834667
decision_type=2 2 2 2 2 10 2 2 8 2 2 2 2 2 2 2 2 2 2 2 2 2 10 2 2 2 2 2 2 2
left_child=1 -1 6 5 7 -4 9 -5 -2 -3 13 12 -12 -11 19 22 17 18 -17 -9 -21 -14 -13 -7 27 26 -26 28 29 -10
right_child=8 2 3 4 -6 23 -8 14 24 10 11 15 21 -15 -16 16 -18 -19 -20 20 -22 -23 -24 -25 25 -27 -28 -29 -30 -31
leaf_value=0.061302105060254408 -0.028741606875035609 0.051848579951188294 -0.021610790486065283 0.080416610504039018 0.096371815252753609 0.031056120923804616 0.091387907575045599 0.097065887884972085 0.087672841626045286 0.095968420410958821 0.075829055294637418 0.071922942422286237 -0.061265719139289548 -0.073034532264556848 0.017398756206069368 0.08061309812362473 -0.038206520191264769 0.3604611573133365 0.11438425262883412 0.020620118276982988 0.064600964563582525 0.065423714067862779 -0.061447808790776083 0.11075810681429524 0.11299067846240936 0.1141528105663478 0.086027390511315416 0.10342535361154979 0.17587215377205934 0.054898042371612832
leaf_weight=555.54962887439251 3.8554490062761024 73.564170586531873 19.654882603363149 267.32700568388736 158.13160524848354 44.184860807803943 498.88108775204364 41.456168994283871 1925.8221150422582 219.59798469171619 15.530462060340144 413.13533187550092 9.2854786588359257 2.0536026542140453 26.386677468327434 138.28032038383571 4.1919177670970376 0.74337483409180904 70.298712858378622 29.876037414733219 214.68692738326718 4.6071330106515225 2.7624422919734561 8.938391911487086 101.4436300559164 159.67070787405009 294.45883232050892 213.65852890753604 6.3198040228835444 48.530083113852015
leaf_count=37691 13113 5268 7480 14132 6426 4770 23145 1650 75935 10630 1129 20615 963 342 1949 6773 540 22 2883 2369 13115 316 479 599 2469 6543 10445 11022 147 2588
internal_value=0 0.0751225 0.0785145 0.0711072 0.075495 0.0266213 0.0826472 0.0698005 0.090649 0.0780767 0.080268 0.0755127 0.0309347 0.0944026 0.0607162 0.0775966 0.0903737 0.0929486 0.0919952 0.0647125 0.0592282 -0.0192524 0.0710371 0.0444666 0.0908164 0.0990339 0.0929363 0.0887358 0.0871512 0.0868672
internal_weight=0 2819.12 2263.57 810.643 737.864 72.7781 1452.93 579.733 2753.76 954.051 880.487 658.835 29.4231 221.652 312.406 629.412 213.514 209.322 208.579 286.019 244.563 13.8926 415.898 53.1233 2749.9 555.573 395.902 2194.33 1980.67 1974.35
internal_count=285548 163286 125595 52490 39641 12849 73105 33215 122262 49960 44692 33720 2408 10972 19083 31312 10218 9678 9656 17134 15484 1279 21094 5369 109149 19457 12914 89692 78670 78523
is_linear=0
shrinkage=0.1


Tree=61
num_leaves=31
num_cat=0
split_feature=86 86 156 158 86 17 163 156 170 170 67 157 145 136 172 189 207 185 160 9 190 129 196 109 155 150 157 127 150 171
split_gain=39.1749 11.8979 6.45991 6.16188 5.56407 6.02132 5.37546 5.3261 5.26275 5.09897 5.8444 6.02334 6.67069 7.78398 8.57142 5.51938 4.93551 5.73725 5.37391 6.83493 5.80935 5.06995 4.90911 5.57683 4.84678 4.78117 4.71322 6.13046 5.44325 5.36432
threshold=-0.93582496047019947 -1.1152490973472593 0.051414221525192268 0.45000000298023229 -0.72748047113418568 28.500000000000004 -1.0765681862831114 0.027149877510964874 0.45170260965824133 0.4626042246818543 1.8385055065155032 0.59092384576797496 0.0035002800868824129 0.026088321581482891 -0.034386219456791871 -0.030457252636551854 -0.12407819926738738 -0.14214389026165006 2.0000000000000004 0.027842377312481407 0.063984774053096785 0.035455189645290382 -0.074814748018980012 0.03472756780683995 -0.04754935018718242 0.012152706272900106 0.50389498472213756 0.030332951806485656 -0.043867439031600945 0.49157020449638372
decision_type=2 2 2 2 2 2 2 2 2 2 2 2 2 2 2 2 2 2 2 10 2 2 2 2 2 2 2 2 2 2
left_child=1 7 3 8 5 26 -7 -1 -3 -4 -11 12 13 14 15 -12 17 -6 -18 20 25 -19 23 -14 -13 -20 27 -2 -29 -28
right_child=4 2 9 -5 16 6 -8 -9 -10 10 11 24 22 -15 -16 -17 18 21 19 -21 -22 -23 -24 -25 -26 -27 29 28 -30 -31
leaf_value=-0.019615952379978343 0.079084946066433362 0.097636614994183607 0.090235474499835835 0.12290254699165414 -0.035211841189497446 -0.12418562765059256 0.17541551072528916 0.058908999497086695 0.0052320270280817923 0.079341676443925521 0.10369293448478843 -0.060242161070103883 0.0096302157879195275 0.00094669585662598022 0.10483575892971329 0.0062871129322561239 0.092281861083423525 0.11479960509581666 0.095620653736340114 -0.071388052169201008 0.030883425296983055 -0.0015941649920703399 0.036734323297065288 -0.13576722033915575 0.075635352609784504 0.019015628449169784 0.08733399390358508 0.15548044010050624 0.031063555179977071 0.065655790022103477
leaf_weight=8.7785650990467712 215.37164436157013 7.6444736595444729 225.47867679722003 7.3424305631715461 2.6990807055726682 0.63539369975114723 10.416662049115073 537.99299491942656 31.813998420991538 646.10835646817759 8.2263051637110056 2.6571174191776654 8.7872208069693425 15.724127793451769 46.280498403462843 19.864790376213932 1310.0581706397884 148.61271092875586 69.840518813559356 3.3608612926577726 24.419779589316477 3.8390231001758357 44.767517270422104 3.769686006322444 218.35957836523812 9.2233838088686735 1774.5607930320921 3.8019968005060027 46.813786011181264 121.99515060347585
leaf_count=7562 43846 2847 8563 1926 330 50 312 30272 14345 24915 1371 68 911 2741 4054 2784 55952 4682 2548 918 1312 318 5456 555 3715 1017 44498 377 12079 5239
internal_value=0 0.070006 0.0752568 0.0387863 0.0878452 0.0845675 0.158191 0.0576483 0.023134 0.0766333 0.0736102 0.0635593 0.0479037 0.0648714 0.0783868 0.0348118 0.0923772 0.10931 0.0905231 0.0689584 0.0735164 0.111869 0.0212358 -0.0340193 0.0740018 0.0866841 0.0841912 0.0717252 0.0404091 0.0859396
internal_weight=0 1833.6 1286.82 46.8009 3745.65 2173.6 11.0521 546.772 39.4585 1240.02 1014.55 368.437 147.42 90.0957 74.3716 28.0911 1572.05 155.151 1416.9 106.845 103.484 152.452 57.3244 12.5569 221.017 79.0639 2162.54 265.987 50.6158 1896.56
internal_count=285563 112085 74251 19118 173478 106401 362 37834 17192 55133 46570 21655 17872 10950 8209 4155 67077 5330 61747 5795 4877 5000 6922 1466 3783 3565 106039 56302 12456 49737
is_linear=0
shrinkage=0.1


Tree=62
num_leaves=31
num_cat=0
split_feature=86 86 93 157 86 170 187 66 17 69 75 221 143 170 157 3 93 138 144 10 220 221 98 170 135 100 3 157 95 171
split_gain=36.5744 10.0508 7.44294 7.02242 6.57467 6.55762 5.80259 8.40668 7.05955 5.47454 5.35462 6.55943 7.14669 5.72326 7.05872 6.17101 6.06019 5.95199 5.63081 5.55513 5.49867 5.89752 5.24063 5.0154 5.73801 6.41637 5.68339 5.44553 6.76974 9.33594
threshold=-0.93582496047019947 -1.1817154288291929 0.34220205247402197 0.64017945528030407 -0.6793040633201598 0.47280773520469671 -0.11725294589996337 8.4918665885925311 7.5000000000000009 126.92584228515626 0.024099883623421196 0.053895061835646636 0.022204021923244003 0.55805045366287243 0.57795006036758434 0.22276159375905993 0.037334654480218894 -0.044402727857232087 -0.06106299348175525 942.50000000000011 0.041205104440450675 0.060827026143670089 -0.090827297419309602 0.56913962960243236 0.026807779446244243 -0.12618884444236753 0.20461190491914752 0.49684402346611029 -0.20111311972141263 -0.11102674528956412
decision_type=2 2 2 2 2 2 2 2 2 2 2 2 2 2 2 10 2 2 2 10 2 2 2 2 2 2 10 2 2 2
left_child=1 -1 3 5 6 9 7 -2 10 -3 11 13 19 14 17 -15 -17 -8 -12 -13 -20 -22 -7 24 27 26 -26 28 29 -24
right_child=4 2 -4 -5 -6 22 8 -9 -10 -11 18 12 -14 15 -16 16 -18 -19 20 -21 21 -23 23 -25 25 -27 -28 -29 -30 -31
leaf_value=0.054513495395316913 0.097126512834355305 0.071608933753608259 0.055430615413537936 0.090625992176370962 0.093923427707440763 0.041808110223742923 0.10947506672847983 0.010393622614918959 0.093955849895347388 0.098534342638990635 0.0055534022465257666 0.024451468259171043 0.080183008467872435 0.068275410350652196 0.092090866560396084 0.036569862589016768 -0.094665379416534856 0.060435759900537525 0.089808495467109173 0.091403795963706222 0.06406821887765897 0.10402179438974402 0.40959925476516745 0.045333231293384846 0.010156667945452405 0.029739890904656754 0.13369432986428256 0.080604781117091087 0.040660785227170426 0.056764260076770295
leaf_weight=325.07943096950021 451.68959383943638 149.38413798203601 191.02956307689874 279.50014168131747 1164.8803885982234 70.476266119775573 28.977140741213589 11.45874338622434 434.08058620282191 152.70522640014406 8.9250117128685797 72.088559907323543 62.987354907327699 60.893387488714779 288.17872404325317 13.227786766343344 4.793965228961496 169.65662333511091 695.59379139077623 14.965272710437601 185.58254697258803 46.128241834839628 1.2073721053693591 71.07374690783945 5.2176704744774751 54.189992850518593 13.008568638806535 472.80109928138154 56.791721602902726 1.9792942852354816
leaf_count=23727 17230 7560 13578 2430 49085 6591 2496 3476 19018 8931 766 5287 2492 3507 3038 724 476 19004 33377 411 10719 1985 478 7122 684 5487 443 17207 17243 1040
internal_value=0 0.0704724 0.0738869 0.0765411 0.0876994 0.0727877 0.0848553 0.0949807 0.0826072 0.0852196 0.0796253 0.073114 0.0545255 0.078044 0.0820937 0.0530625 0.00165998 0.0675897 0.0846033 0.0359611 0.0853641 0.072022 0.0677585 0.0704629 0.0734141 0.0470029 0.0983289 0.0770039 0.048619 0.190447
internal_weight=0 1844.44 1519.36 1328.34 3714.11 1048.84 2549.23 463.148 2086.08 302.089 1652 715.769 150.041 565.728 486.812 78.9151 18.0218 198.634 936.23 87.0538 927.305 231.711 746.746 676.269 605.196 72.4162 18.2262 532.779 59.9784 3.18667
internal_count=285612 112521 88794 75216 173091 72786 124006 20706 103300 16491 84282 37435 8190 29245 24538 4707 1200 21500 46847 5698 46081 12704 56295 49704 42582 6614 1127 35968 18761 1518
is_linear=0
shrinkage=0.1


Tree=63
num_leaves=31
num_cat=1
split_feature=86 86 86 237 171 170 5 192 68 159 128 225 147 94 142 212 180 92 92 184 175 17 153 96 116 65 5 179 77 211
split_gain=41.9225 11.1243 9.10416 6.86318 5.93262 5.22112 6.305 6.17687 6.22373 6.1068 5.91006 6.75127 5.54985 5.4656 5.44069 5.27747 5.17639 5.1159 5.55673 4.94232 4.9069 4.85247 4.71157 4.68918 5.56937 5.05351 4.67927 4.57517 5.45425 6.71167
threshold=-0.95708391070365895 -1.1817154288291929 -0.6793040633201598 0 -0.043722767382860177 0.48177884519100195 0.059114735573530204 -0.0076932827942073337 41.371732711791999 0.018054300919175151 0.031900547444820411 0.064960967749357237 0.0057044341228902349 0.21038968861103061 0.014271792955696585 0.063956081867218031 -0.14519729465246198 0.89463597536087047 0.92882782220840465 -0.27397856116294855 -0.18151747435331342 2.5000000000000004 0.011719331145286562 -0.024866234511137005 0.050890574231743819 1.0000000180025095e-35 0.032522473484277732 0.086285732686519637 0.1757352948188782 0.088755875825881972
decision_type=2 2 2 9 2 2 10 2 2 2 2 2 2 2 2 2 2 2 2 2 2 2 2 2 2 2 8 2 2 2
left_child=1 3 5 -1 27 6 7 -2 9 -9 11 19 -13 23 15 -10 17 22 -19 -7 21 -4 -6 -11 25 -25 -12 28 -3 -30
right_child=2 4 20 -5 16 10 -8 8 14 13 26 12 -14 -15 -16 -17 -18 18 -20 -21 -22 -23 -24 24 -26 -27 -28 -29 29 -31
leaf_value=0.0035106749158027905 0.093549495098809873 0.079607827693012861 -0.070160414178007627 0.05751184282572528 0.077067819600459692 0.022223579905967829 0.098175899834522726 -0.16343728292161799 0.031355643953976213 0.10254987125093543 0.01356057259257369 0.081774134233336307 0.1073000298737532 -0.061190653740624018 0.10949083405028559 -0.074158637546928793 0.068968940662146913 -0.075370758026154894 0.074703941433301405 0.08198411133730571 0.09664659288984867 0.070186726606476416 -0.0083505474380950375 -0.045416668735099343 -0.038034543714108561 0.082948230981683566 0.071500469831694377 0.099437880758515035 0.054849361052305957 -0.105242520887636
leaf_weight=38.47185227283444 158.36542366905155 550.7286851282488 3.2784767710872975 289.4265345531885 23.2283271661463 13.985715701075604 556.1573729226302 1.0471457213916426 21.489249688070689 55.125072125713814 14.837426500435184 143.62624693529938 209.29986119650357 2.6961084043261954 6.5465818386119272 6.0818612811185622 580.73862904735688 7.4085417322166887 3.6990704967383863 1318.3713675515633 1141.2855457596006 9.9103858214712073 8.9438808622662673 3.3572898315574085 5.234948187020108 35.4586167220682 230.12209141193171 102.07864606935209 54.321306100695892 2.7513776372088605
leaf_count=4625 8809 31394 281 18979 1235 791 16979 100 1706 3852 4735 6666 7231 357 613 431 31770 905 275 66771 48358 410 982 1271 638 2064 10900 7867 4186 562
internal_value=0 0.0695391 0.0884804 0.053037 0.0735956 0.0853823 0.0919048 0.0800981 0.0645532 0.0768233 0.0825047 0.0846143 0.0969121 0.079293 0.0275393 0.00808044 0.0664826 0.0331198 -0.0253927 0.0813568 0.0959458 0.0352993 0.0533215 0.083112 0.0587876 0.0718456 0.067991 0.0798483 0.0765583 0.0471316
internal_weight=0 1661.8 3936.28 327.898 1333.9 2781.8 851.56 295.402 137.037 102.919 1930.24 1685.28 352.926 101.872 34.1177 27.5711 624.018 43.2798 11.1076 1332.36 1154.47 13.1889 32.1722 99.1759 44.0509 38.8159 244.96 709.88 607.801 57.0727
internal_count=285743 102780 182963 23604 79176 133914 36820 19841 11032 8282 97094 81459 13897 8182 2750 2137 35167 3397 1180 67562 49049 691 2217 7825 3973 3335 15635 44009 36142 4748
cat_boundaries=0 2
cat_threshold=295767553 4329541
is_linear=0
shrinkage=0.1


Tree=64
num_leaves=31
num_cat=0
split_feature=86 86 93 157 182 81 162 1 163 81 177 175 194 163 182 128 206 142 75 213 177 104 86 54 8 108 106 100 219 189
split_gain=43.6911 17.2166 7.20018 6.62923 6.52494 7.51961 6.4727 5.43519 5.80186 5.22186 7.98982 5.57009 5.08203 5.07827 6.52757 5.12238 6.35239 5.76942 5.05545 5.03636 4.89365 5.76503 5.45618 5.08187 4.91502 6.01874 5.0988 4.88071 4.87075 4.86162
threshold=-1.1152490973472593 -0.81347760558128346 0.4157418161630631 0.64017945528030407 -0.080040879547595964 0.14595036953687671 52.811624526977546 0.10172414034605028 0.76829537749290477 0.060915276408195503 -0.16189654171466825 -0.18151747435331342 -0.098018985241651521 -0.77014034986495961 -0.026734092272818085 0.042765228077769286 -0.066458664834499345 0.044492375105619437 0.24525599926710132 0.11216736957430841 -0.087094601243734346 0.036679534241557128 -1.3393942117691038 1.0000000180025095e-35 0.36245581507682806 -0.053787235170602792 -0.017449909821152684 -0.058668583631515496 -0.1549253314733505 -0.050765814259648316
decision_type=2 2 2 2 2 2 2 10 2 2 2 2 2 2 2 2 2 2 2 2 2 2 2 2 8 2 2 2 2 2
left_child=13 2 3 4 5 29 -4 8 -6 10 11 -3 -5 14 -1 17 -17 20 -13 28 21 22 23 -15 26 -26 -22 -7 -18 -2
right_child=1 9 6 12 7 27 -8 -9 -10 -11 -12 18 -14 15 -16 16 19 -19 -20 -21 24 -23 -24 -25 25 -27 -28 -29 -30 -31
leaf_value=0.048993959143223187 0.039394798583495871 -0.11463863659916865 -0.013507092220773087 0.11153570426370461 0.082337348245058908 0.070064380750663582 0.062204267824774152 0.063678044402950038 0.020746293226218768 0.084136716049910243 0.091333725366111285 0.11200793794096098 0.085266359214752951 -0.11478873730703996 0.079058073132993553 -0.063008839104044354 0.51270477718147733 -0.13342552802667781 0.22158456448119088 -0.16768248257179308 0.049508799611825534 -0.070702042051716082 0.082046210543248455 0.1048918897428647 -0.050546259426225093 0.073340896446896245 0.0069511257022974371 0.023564173126912846 0.10614401442086004 0.08169389143528516
leaf_weight=146.60803337232028 32.666422806674291 1.0666456960061612 13.283981785325521 86.154074925172608 1377.8825808842644 35.540700079655835 75.294267590494201 191.30210811214897 15.466064058073242 834.74634343832531 1444.4175210650383 182.97321488270245 507.18006861623871 2.8193285094203011 142.33339613694261 2.5448669678353353 0.29867471191756223 1.9097182935347508 4.3095757707033036 0.66500682718105864 43.68105361466769 2.9417398452915213 51.923135579850168 1.6808180050220469 4.3530461238460694 39.557485196458401 79.188959509369852 61.859888977289302 22.012170332686765 161.54221420660429
leaf_count=4370 5388 149 1637 735 75853 1815 4488 13016 15653 38854 60940 8561 4522 747 3732 608 24 431 268 110 4530 621 6033 225 677 3412 11074 5020 1242 10924
internal_value=0 0.084611 0.0788627 0.0798674 0.0769539 0.0632069 0.0508499 0.0794836 0.0816537 0.0905705 0.0938598 0.113232 0.0890808 0.05474 0.0638036 0.0444124 0.0868993 0.0396578 0.114529 0.103504 0.0411195 0.0657759 0.0728914 -0.0327374 0.0323431 0.0610594 0.0220806 0.0405317 0.111587 0.0745791
internal_weight=0 5025.69 2558.17 2469.59 1876.26 291.609 88.5782 1584.65 1393.35 2467.51 1632.77 188.349 593.334 542.517 288.941 253.576 25.5207 228.055 187.283 22.9759 226.146 59.365 56.4233 4.50015 166.781 43.9105 122.87 97.4006 22.3108 194.209
internal_count=285659 247823 139051 132926 127669 23147 6125 104522 91506 108772 69918 8978 5257 37836 8102 29734 1984 27750 8829 1376 27319 7626 7005 972 19693 4089 15604 6835 1266 16312
is_linear=0
shrinkage=0.1


Tree=65
num_leaves=31
num_cat=0
split_feature=86 86 93 107 193 156 157 168 79 228 210 156 9 131 159 6 174 74 11 133 96 177 2 143 175 157 112 177 96 212
split_gain=38.3128 10.146 7.60699 8.72633 8.15398 6.77151 9.66028 6.73652 6.50388 7.07406 6.8524 6.19921 6.06916 5.62037 6.5759 6.13989 5.47931 7.17884 6.20513 5.97594 6.10202 5.59761 5.52459 5.39157 5.34606 6.84709 6.5489 6.16539 5.55184 5.30786
threshold=-1.0720092654228208 -0.6793040633201598 0.34220205247402197 0.060310725122690208 -0.14686479419469831 0.2416573911905289 0.68788212537765514 2.8457838296890263 0.27100989222526556 0.032860711216926582 0.09246679395437242 1.0000000180025095e-35 0.019934879615902904 -0.057902820408344262 0.96580237150192272 0.053342817351222045 -0.20093875378370282 0.13100686669349673 0.012081365101039411 0.024763382039964203 -0.13413338363170621 0.39787399768829351 0.099382717162370696 0.058850785717368133 0.22792105376720431 0.55760741233825695 -0.096110261976718889 -0.20057770609855649 -0.16888193786144254 0.16501245647668841
decision_type=2 2 2 2 2 2 2 2 2 2 2 2 10 2 2 8 2 2 8 2 2 2 10 2 2 2 2 2 2 2
left_child=2 5 -1 4 12 7 8 23 9 -7 16 -9 -4 14 15 -3 17 19 22 -10 -21 -20 -18 -2 25 26 -13 -28 -29 -27
right_child=1 13 3 -5 -6 6 -8 11 10 -11 -12 24 -14 -15 -16 -17 18 -19 21 20 -22 -23 -24 -25 -26 29 27 28 -30 -31
leaf_value=0.066687706653356549 0.051079702118832837 -0.06484279282110518 -0.085026081814058727 -0.051531615318056168 0.053246979598334382 0.061847108694857905 0.094087102776163889 -0.075090181592620722 0.08127646465324774 0.082410864605843959 0.10526446793518299 0.004466232794774037 0.13477964334654416 0.094809889522215002 0.12457549802749344 0.055573973952691064 0.051407529658705098 0.030553727050771917 0.084945974604531183 0.058145238388184022 -0.099395476940632166 -0.13598487888216665 -0.094901587666029769 0.23499006565208125 0.11679090038204741 0.095453601722092427 0.11243407999659426 0.11559678153626184 0.077431637113546892 0.012879726157077304
leaf_weight=575.3168949731662 63.281457104166066 4.8475128645623036 7.1297217659257495 9.2055284316547823 167.170930273046 506.82470154294424 333.97076614243269 2.3108695886451178 123.50181429344593 249.70928192692008 105.03275528103404 10.98568451319761 1.5248356281617814 1109.0128721347792 12.224448729152298 33.475749955882748 11.985692646368078 49.772452671295468 563.54805674694217 7.1598493801466248 3.7443688967214239 1.1491442172555242 3.289028484179652 1.6352448014190475 65.492365731770406 724.98822602152723 62.131525561924718 40.401643155894817 673.6251813642225 7.8690563484233271
leaf_count=37168 12499 586 822 921 12460 15135 2177 11942 3452 6221 3931 1335 254 46417 623 1336 4230 1742 12705 264 257 32 754 200 3427 10243 7837 5991 79923 268
internal_value=0 0.0851849 0.0610153 0.043378 0.0483471 0.0825725 0.0785965 0.087287 0.0754142 0.0686346 0.0813152 0.0885779 -0.0462988 0.0933235 0.0607134 0.0403424 0.0780233 0.0629968 0.0827952 0.075011 0.00404777 0.0844964 0.0199035 0.0557124 0.0888165 0.0876111 0.081135 0.0822202 0.0795911 0.094567
internal_weight=0 4771.97 760.348 185.031 175.825 3612.41 1959.69 1652.72 1625.72 756.534 869.183 1587.8 8.65456 1159.56 50.5477 38.3233 764.15 184.178 579.972 134.406 10.9042 564.697 15.2747 64.9167 1585.49 1520 787.144 776.158 714.027 732.857
internal_count=285152 233527 51625 14457 13536 184565 50900 133665 48723 21356 27367 120966 1076 48962 2545 1922 23436 5715 17721 3973 521 12737 4984 12699 109024 105597 95086 93751 85914 10511
is_linear=0
shrinkage=0.1


Tree=66
num_leaves=31
num_cat=0
split_feature=79 88 182 156 123 13 183 170 173 174 185 157 145 107 138 231 156 204 145 4 168 152 217 103 88 93 63 82 118 112
split_gain=20.0886 11.7594 8.72185 7.33136 7.31344 6.88774 8.11481 6.38897 6.14533 7.66556 6.77957 12.6562 9.50927 6.81121 6.78527 8.97141 6.1359 6.97255 7.35208 6.72537 10.0752 5.85447 7.74514 5.75906 5.75279 5.73212 5.72922 5.38945 5.3579 6.02305
threshold=0.32799692451953893 0.72502353787422191 -0.094407454133033739 0.019324122928082946 -0.03283764794468879 0.026402927935123447 0.028898946009576324 0.45467460155487066 0.2851876318454743 -0.29248417913913721 0.073620524257421507 0.62632915377616893 0.0088235461153090017 -0.0041042710654437533 0.011233558878302576 -0.086357217282056795 0.35574388504028326 0.12089353799819948 0.011464076116681101 0.08780264109373094 3.9671688079833989 0.064821813255548491 -0.10020126029849051 0.18288204073905948 0.7993055284023286 0.28821231424808508 0.088585566729307189 0.092329546809196486 -0.057732045650482171 -0.059991205111145966
decision_type=2 2 2 2 2 10 2 2 2 2 2 2 2 2 2 2 2 2 2 10 2 2 2 2 2 2 2 2 2 2
left_child=1 5 4 -4 -3 -1 -7 28 21 -10 11 12 14 -14 24 -16 17 -8 23 20 -18 -2 -23 -19 -11 -9 -6 -27 29 -5
right_child=8 2 3 7 26 6 16 25 9 10 -12 -13 13 -15 15 -17 19 18 -20 -21 -22 22 -24 -25 -26 27 -28 -29 -30 -31
leaf_value=0.074707567420428209 0.097918712318888046 0.09084029285791595 -0.016333402212003311 -0.091497407479711107 0.063396173599001099 0.09347408403689289 0.086695940238001049 0.075986373194068202 -0.045354405350800778 0.087469648058417754 0.097863550910202407 0.089194344357480818 -0.026502247165879463 0.05534296423213754 -0.15440432002944868 0.043723184642666141 0.051373529473527413 0.069215048589433989 -0.062956237513992194 0.083918522919249991 -0.062287524108581009 -0.14730320295047061 0.068243364705313822 -0.14210363074441751 -0.040888452310543499 0.059725245983993952 0.03332687655635632 -0.097211480390124505 0.093778884210021438 0.064182874255902606
leaf_weight=638.34146300858765 924.84078206348568 52.66465813709965 8.6767187980337876 3.0936887879943233 141.43245046744732 832.97755690143163 403.19655739246627 1040.7608430372493 4.5342789437599995 87.124485238332454 267.31278165356343 330.74153087021841 20.980763684054182 19.72985581714056 2.520362959039633 24.519993553683889 45.953578093816759 30.743529074356957 5.6933579198698672 45.698550305678509 9.3929269238142279 1.7429186445860967 38.293377205222441 1.3461295616234554 3.637438425088475 215.05266945374751 114.79625849227205 2.2107360864101784 243.92683225344263 12.633500765921779
leaf_count=56640 56457 2270 11320 183 7572 26725 17024 53767 291 3754 5379 2262 1398 1491 115 1556 576 1410 579 329 75 153 2959 97 237 13254 7402 222 9645 584
internal_value=0 0.0780143 0.0722247 0.0753259 0.0569004 0.0832919 0.0872771 0.0758499 0.0909985 0.08428 0.0850569 0.0780598 0.0548273 0.0131629 0.0692258 0.0252562 0.0777536 0.0828467 0.0417699 0.0555266 0.032084 0.096298 0.0588599 0.0603504 0.0823255 0.0729023 0.0499244 0.0581284 0.0901314 0.0335591
internal_weight=0 3848.59 1835.25 1526.35 308.893 2013.34 1375 1517.68 1725.98 761.101 756.567 489.254 158.513 40.7106 117.802 27.0404 542.025 440.98 37.783 101.045 55.3465 964.877 40.0363 32.0897 90.7619 1258.02 256.229 217.263 259.654 15.7272
internal_count=285726 209674 106219 88975 17244 103455 46815 77655 76052 16483 16192 10813 8551 2889 5662 1671 20090 19110 2086 980 651 59569 3112 1507 3991 67243 14974 13476 10412 767
is_linear=0
shrinkage=0.1


Tree=67
num_leaves=31
num_cat=0
split_feature=86 86 86 93 157 74 131 217 231 182 139 157 163 73 139 169 216 92 150 5 204 64 13 68 68 204 3 10 85 203
split_gain=36.8479 14.5789 7.03635 6.7449 5.36183 5.59713 4.92698 4.84557 5.63471 4.93823 5.28537 4.79704 5.05591 8.52546 5.9499 4.84128 4.7134 5.35684 4.4336 5.17217 4.43678 4.4502 7.07083 4.41851 5.04336 7.50529 4.33975 5.67082 5.46284 5.41733
threshold=-0.93582496047019947 -1.1817154288291929 -0.6793040633201598 0.34220205247402197 0.64017945528030407 0.60763889551162731 -0.04428571090102195 -0.004217632580548524 -0.0048230045940726987 0.11575189232826234 -0.035199528560042374 0.64017945528030407 0.13962886482477191 0.12034482508897783 -0.038951842114329331 6.5000000000000009 0.052185257896780975 0.86050358414649974 -0.021097648888826367 0.050423728302121169 -0.10950377210974692 3.5000000000000004 0.03382310830056668 37.518104553222663 37.548452377319343 -0.010332509875297545 0.27386364340782171 47.500000000000007 30.500000000000004 0.17912618815898898
decision_type=2 2 2 2 2 2 2 2 2 2 2 2 2 2 2 2 2 2 2 8 2 2 10 2 2 2 10 8 2 2
left_child=1 -1 11 4 5 26 -4 18 9 10 -9 -2 23 14 -14 16 17 -16 19 -5 -20 -22 -23 -13 25 -25 27 -3 -28 -30
right_child=2 3 6 7 -6 -7 -8 8 -10 -11 -12 12 13 -15 15 -17 -18 -19 20 -21 21 22 -24 24 -26 -27 28 -29 29 -31
leaf_value=0.050373924671898246 0.08167937530585706 -0.0029965135765867156 0.07573982015709016 -0.10811516643265084 0.08878252172894005 0.20099624153676779 0.096030440840228895 -0.078942015331049664 0.0090063521168055397 0.11279439575680811 0.053100638622427809 0.10597406027862361 -0.19476876694802545 -0.081383527374106743 -0.136726352912869 -0.055711483194269121 0.1224820003822579 0.070154727226535138 0.11929332161738462 0.12229434683879986 0.02457392335112199 0.0024230986102831411 0.11298589001319836 0.070511964307217428 0.089654721308551288 -0.14994711795230406 -0.045291271375041457 0.071313373022031029 0.099240734741469577 -0.030963038736357997
leaf_weight=319.35782758116329 1901.2049136410119 10.386273351338785 135.65951701764743 1.021728206974333 277.29022150607852 3.4119995745822953 1015.4157273104056 3.2685351737636656 35.915505135836611 13.336917730119238 41.788285323640594 215.27401292545255 0.81165648539899748 3.7258702924445961 1.2937144419047388 2.6062260275648432 20.472276485765178 38.451530806669325 10.7584268177834 20.967052209020949 32.559727234282036 8.3175437895388331 18.992177573833033 5.3568646490166429 366.37995375755418 2.1696853565517804 2.8413505535841059 914.09858753450408 103.12590396625137 3.2976779256132422
leaf_count=23640 119613 14767 6217 442 2441 150 42854 234 3736 359 2508 928 69 225 120 119 361 771 707 880 2789 1200 701 104 2036 57 700 46375 9935 572
internal_value=0 0.0697759 0.0871463 0.0739029 0.0764304 0.0731281 0.0936391 0.0561291 0.0401738 0.0593435 0.0435219 0.0842243 0.0915938 0.0656408 0.0742492 0.0777248 0.0834999 0.0634207 0.072376 0.111588 0.0601679 0.0495432 0.0793125 0.0945611 0.0879901 0.00696003 0.072706 0.0704785 0.0915527 0.0952062
internal_weight=0 1820.74 3708.82 1501.38 1314.45 1037.16 1151.08 186.926 94.3092 58.3937 45.0568 2557.75 656.542 67.3613 63.6354 62.8237 60.2175 39.7452 92.6167 21.9888 70.6279 59.8694 27.3097 589.181 373.907 7.52655 1033.75 924.485 109.265 106.424
internal_count=285610 112136 173474 88496 74940 72499 49071 13556 6837 3101 2742 124403 4790 1665 1440 1371 1252 891 6719 1322 5397 4690 1901 3125 2197 161 72349 61142 11207 10507
is_linear=0
shrinkage=0.1


Tree=68
num_leaves=31
num_cat=0
split_feature=86 86 157 94 209 222 230 100 158 160 170 133 63 125 142 186 159 230 5 131 85 172 230 168 105 67 77 128 175 189
split_gain=35.026 11.9113 6.57936 5.32194 6.26979 6.16462 5.30548 5.75093 5.51599 5.08394 7.54876 5.18402 5.67726 4.99033 6.53103 6.23136 6.87027 5.22974 6.0997 5.46595 5.14 7.41546 4.91414 4.87924 5.40902 5.30862 4.69126 4.5997 4.58084 6.7164
threshold=-0.93582496047019947 -1.1817154288291929 0.41330581903457647 0.22856175899505618 -0.061471899971365922 -0.011077225673943756 0.15124997496604922 -0.13638390600681302 0.36666667461395269 1.0000000000000002 0.54916828870773327 -0.020077443681657311 -0.25819386541843409 0.034385487437248237 -0.01003904454410076 -0.067017354071140275 0.71508237719535839 -0.0097891953773796541 0.097913432866334929 -0.026634313166141507 54.500000000000007 0.52249667048454296 -0.017910498194396492 3.4817479848861699 -0.12163555249571799 1.0221424102783205 0.091507177799940123 -0.052850186824798577 -0.14883499592542646 0.17237743735313418
decision_type=2 2 2 2 2 2 2 2 2 2 2 2 2 2 2 2 2 2 8 2 2 2 2 2 2 2 2 2 2 2
left_child=1 -1 3 -2 5 -5 8 -8 9 -4 23 12 -12 -10 15 16 22 -17 -19 -20 -16 -22 -15 24 -11 -26 -14 -9 29 -3
right_child=2 28 6 4 -6 -7 7 27 13 10 11 -13 26 14 20 17 -18 18 19 -21 21 -23 -24 -25 25 -27 -28 -29 -30 -31
leaf_value=0.053223401656388628 0.039415802706734247 0.093506588657691389 0.088590491302097285 0.92970389987413216 0.057442795737124658 0.24347801590202153 -0.065504936348417517 -0.11679987259483707 0.096386294049460919 0.0095765464351823034 0.07439376558261443 0.069575797385842991 0.021275477189628984 0.023800906600109081 0.10896104233561399 0.10065204994609751 0.072123486975568793 0.071974419671379131 -0.13416578507819882 0.032531356623571671 0.080837686786220955 -0.074885098912458883 -0.10509975076946383 0.090476101908711193 0.047079714223849843 0.082854231394426783 -0.081427374916997697 0.070363742145250457 0.072370574691906192 -0.10819654172822489
leaf_weight=331.60028653058816 37.632903987251211 141.59833293990596 1479.889317282016 0.20744289398589899 0.77027739364689185 0.35483047581442406 3.6881591458659377 1.3552099255284691 1049.6182365928967 12.792456795837095 14.865073411900992 92.767649459407494 17.760644277651867 6.0572322956249991 90.119985211950734 34.908328994911244 10.449171909028335 21.683337251380184 3.0865169187536594 5.4231945687006355 92.85109992804928 3.1621176424014257 5.7796188336042196 376.84612718297467 51.103710859390958 220.25336582776049 5.9334243786706784 42.224610515139375 1383.2624055186766 1.6703390332413608
leaf_count=23668 23981 5643 61438 87 937 166 125 99 30958 1281 1113 7164 2056 234 2188 946 418 787 163 309 3351 157 305 12556 3696 15860 787 2042 82866 266
internal_value=0 0.0704019 0.0872435 0.0463701 0.242768 0.496651 0.0876808 0.0543962 0.0881184 0.0851294 0.0786648 0.0567666 0.0259495 0.0932513 0.0812208 0.0586689 0.0130289 0.0742927 0.0438169 -0.0279306 0.0918087 0.0757091 -0.0391378 0.0830156 0.0731213 0.0761169 -0.00444318 0.0645435 0.0741335 0.091155
internal_weight=0 1858.13 3681.58 38.9655 1.33255 0.562273 3642.62 47.268 3595.35 2272.21 792.322 131.327 38.5591 1323.14 273.521 87.3874 22.286 65.1014 30.193 8.50971 186.133 96.0132 11.8369 660.996 284.15 271.357 23.6941 43.5798 1526.53 143.269
internal_count=285647 112443 173204 25171 1190 253 148033 2266 145767 105951 44513 11120 3956 39816 8858 3162 957 2205 1259 472 5696 3508 539 33393 20837 19556 2843 2141 88775 5909
is_linear=0
shrinkage=0.1


Tree=69
num_leaves=31
num_cat=0
split_feature=86 86 171 215 179 105 10 153 85 11 86 63 160 189 213 168 131 112 156 132 86 221 9 198 70 141 168 74 233 112
split_gain=36.675 10.7766 7.801 5.58543 6.16628 5.17848 5.12997 4.96312 4.81361 4.78903 4.7354 4.72704 4.72367 5.24439 4.52482 4.2211 5.07659 5.67041 5.54093 4.93086 4.55892 4.17814 4.08851 3.96076 6.17791 4.3733 6.83887 5.6158 5.37049 5.58709
threshold=-0.93582496047019947 -1.1817154288291929 0.25678549706935888 0.13055375963449481 -0.029803594574332234 0.098805278539657607 11.500000000000002 -0.015813641250133511 62.500000000000007 0.011184378061443569 -0.6793040633201598 -0.31655569374561304 2.0000000000000004 -0.024800801649689671 0.1409418731927872 3.9354863166809086 -0.014137418475002049 -0.019509015604853627 0.57947367429733287 -0.0028905026847496624 -1.0126109123229978 0.0082433265633881109 0.020427130162715915 -0.037800380960106843 3.5000000000000004 0.016427298076450828 3.2938965559005742 0.04428104683756829 -0.10053998604416846 -0.039777051657438271
decision_type=2 2 2 2 2 2 8 2 2 8 2 2 2 2 2 2 2 2 2 2 2 2 10 2 2 2 2 2 2 2
left_child=1 9 3 5 7 23 -2 -5 22 -1 -8 -6 -11 -14 -7 -4 -17 -18 19 -19 -21 -15 -9 -3 -25 28 27 -27 29 -26
right_child=6 2 15 4 11 14 10 8 -10 12 -12 -13 13 21 -16 16 17 18 -20 20 -22 -23 -24 24 25 26 -28 -29 -30 -31
leaf_value=0.0036431400062263857 -0.0044434437566435829 0.089273653720364263 0.045768403494885965 -0.14537659829319768 -0.16244344132004987 0.053621846475249459 0.085177811642559401 -0.12664898873526947 0.063030852750940058 0.059771600726818114 0.092956888869093979 0.074061987742013058 -0.073817141640445769 -0.049163857465609445 0.10986674828706638 0.092905510636392977 0.085198379742080776 0.072109919267928202 -0.076203437411310804 -0.13587017897562745 0.040711442158150507 0.075916703629463608 0.037748731127662902 -0.12382313731113428 0.10672111748264348 -0.029163143338199873 0.074175022930580536 0.051089600566497077 0.083307618895273161 -0.017633408029697605
leaf_weight=18.036349611104924 6.0713232290595434 353.76796736694405 137.89878371963505 2.1693853588676602 0.8654316449928946 123.41982390828662 2562.4403860312659 3.3359453746870704 8.9660834218684595 293.17745122256292 1126.5647905401133 35.967404899212852 5.5161991250852251 3.6674888377674497 16.17815420448369 55.934951307261144 22.262740686323923 14.048548178698187 5.184385717031545 2.5997845597194136 3.3410242781028474 9.8245377350967811 2.7679948283439444 1.5387081118089998 5.4738988719091166 11.98675395606733 146.66649520844157 31.989749871194817 506.22244851299206 10.627364818933527
leaf_count=6843 20679 21595 11028 223 112 8450 109659 303 489 15296 43462 2154 511 450 520 792 404 182 29 110 84 397 206 279 469 1289 6040 3923 28824 1131
internal_value=0 0.0701023 0.0736957 0.0768456 0.045402 0.0782532 0.0874023 -0.00395859 0.016399 0.0537449 0.0875534 0.068505 0.0566395 0.00833053 0.0601401 0.0572204 0.0724975 0.0484333 0.0159196 0.0398124 -0.0365632 0.0419165 -0.0520984 0.0806202 0.0763356 0.0767676 0.0638039 0.029215 0.0814992 0.024643
internal_weight=0 1833.44 1503.21 1261.94 54.0722 1207.87 3695.08 17.2394 15.07 330.222 3689.01 36.8328 312.186 19.0082 139.598 241.27 103.371 47.4365 25.1737 19.9894 5.94081 13.492 6.10394 1068.27 714.505 712.967 190.643 43.9765 522.324 16.1013
internal_count=285933 112133 88636 76007 3487 72520 173800 1221 998 23497 153121 2266 16654 1358 8970 12629 1601 809 405 376 194 847 509 63550 41955 41676 11252 5212 30424 1600
is_linear=0
shrinkage=0.1


Tree=70
num_leaves=31
num_cat=0
split_feature=86 86 86 17 161 111 93 226 101 225 116 182 202 79 195 90 69 160 179 231 224 227 161 81 214 9 2 77 157 208
split_gain=38.3104 11.928 7.57209 6.34171 6.17243 5.68874 5.2081 5.47421 6.11168 4.73706 4.84649 4.81679 4.71717 4.7655 4.70753 5.40363 5.30376 5.41763 5.13972 5.51113 7.65873 6.01419 5.89348 5.4512 5.08094 4.86552 6.31084 6.1729 6.05278 5.85213
threshold=-0.94577196240425099 -1.1817154288291929 -0.57369077205657948 7.5000000000000009 3.6240090131759648 0.01976896915584803 0.34220205247402197 -0.023197634145617482 -0.10842555016279219 0.010438918601721527 0.018415050581097606 -0.30503374338150019 -0.17488037049770352 0.6163420081138612 -0.094100221991538988 2.0047169923782353 135.7850036621094 2.0000000000000004 0.014743317849934103 -0.016014923341572281 -0.13352238386869428 0.12649851292371753 3.1043850183486943 0.057831661775708205 -0.12129646539688109 0.020427130162715915 0.071530904620885863 0.047338936477899558 0.64017945528030407 0.040003204718232162
decision_type=2 2 2 2 2 2 2 2 2 2 2 2 2 2 2 2 2 2 2 2 2 2 2 2 2 10 10 2 2 2
left_child=1 -1 3 14 5 6 7 8 -3 11 -11 -4 -12 -14 16 18 17 24 25 21 -21 22 23 -20 -2 26 27 28 29 -16
right_child=2 4 9 -5 -6 -7 -8 -9 -10 10 12 -13 13 -15 15 -17 -18 -19 19 20 -22 -23 -24 -25 -26 -27 -28 -29 -30 -31
leaf_value=0.053431510069097458 0.13056089841158863 0.10167478709619014 -0.079236458631165532 0.095473767691114181 0.067858906607237493 0.090790958404527125 0.028192477912549242 0.085494041052077363 0.049740841936507747 0.10095685776540944 -0.11177210680571087 0.1074033139600224 0.079901670772495451 -0.0088639352802938661 0.056608460649245976 0.088103763204474564 0.048892979321375457 0.054225587715347828 -0.0055816381310694755 -0.067501743266163941 0.093562966589724156 -0.07620610494327662 0.082503318285994942 0.069132010045660816 0.095064856074967549 0.045878140938737245 0.087483854915687706 0.08231871437832107 0.07870788478676001 0.011551590862451121
leaf_weight=331.29812262872247 45.330108238730645 28.455111254651001 1.3885110915452958 637.02134014320291 704.92913590629723 325.99095798474173 24.430771277165604 226.16969902866185 111.26276243752091 126.65975606583106 1.3841106209397356 334.36141213532665 92.854160530582703 6.4694976075743389 95.637070866803015 934.18892437188219 25.234738169674074 28.950755028135063 16.038160898118804 2.9764399791911265 363.57929284698434 2.7148206770243624 156.35283304004656 24.96840709081016 365.28930748531639 64.486241364828629 235.73122697501822 143.7946648851987 72.841404914404848 41.264133016738469
leaf_count=23707 1133 1303 110 28776 38136 21818 3519 12857 6416 4765 137 12376 4050 358 6932 46085 2261 1833 715 386 17590 419 9736 1173 15673 5921 7495 5781 622 3626
internal_value=0 0.0705189 0.0883767 0.0865251 0.074502 0.0810396 0.0728954 0.0758802 0.0603178 0.0990838 0.0879383 0.106631 0.071565 0.0741199 0.0843489 0.0823798 0.0934762 0.0960356 0.0779983 0.084969 0.0922551 0.0716201 0.0736536 0.0399106 0.0989834 0.0719565 0.0748104 0.06636 0.055419 0.0430276
internal_weight=0 1752.54 3819.52 3256.4 1421.24 716.309 390.318 365.888 139.718 563.117 227.368 335.75 100.708 99.3237 2619.38 2154.57 464.805 439.57 1220.38 566.63 366.556 200.074 197.359 41.0066 410.619 653.755 589.269 353.537 209.743 136.901
internal_count=285709 107756 177953 156157 84049 45913 24095 20576 7719 21796 9310 12486 4545 4408 127381 106481 20900 18639 60396 30019 17976 12043 11624 1888 16806 30377 24456 16961 11180 10558
is_linear=0
shrinkage=0.1


Tree=71
num_leaves=31
num_cat=0
split_feature=86 86 86 171 73 5 231 142 96 111 88 157 72 204 225 220 220 213 142 0 17 182 100 162 12 176 202 86 202 73
split_gain=36.0273 13.8939 6.46045 4.98466 5.28609 5.29551 5.28966 6.17952 5.13915 5.06798 4.8212 4.7811 4.94239 5.77612 4.58762 4.69631 5.23027 5.38157 4.67069 4.87325 4.58617 4.62815 7.97504 4.42558 4.40455 4.2009 5.36947 4.73913 4.84059 6.47735
threshold=-1.0720092654228208 -0.81347760558128346 -1.2518978118896482 -0.043722767382860177 0.26221245527267462 0.07435046881437303 -0.086357217282056795 -0.055978422984480851 0.056573923677206046 0.10015220567584039 0.72879391908645641 0.52892184257507335 0.072595518082380309 0.076180156320333495 -0.0414182711392641 -0.096994683146476732 0.02987010404467583 -0.083619907498359666 -0.01003904454410076 0.19332739710807803 12.500000000000002 -0.13526726514101026 -0.058668583631515496 65.067710876464858 339.50000000000006 -0.19846734404563901 0.2079364210367203 -0.78950834274291981 -0.0079091526567935926 0.08951465412974359
decision_type=2 2 2 2 2 10 2 2 2 2 2 2 2 2 2 2 2 2 2 8 2 2 2 2 10 2 2 2 2 2
left_child=2 20 14 11 5 6 9 23 10 -5 24 12 13 -4 18 -16 -17 -18 -1 -20 21 22 -2 -8 -7 26 27 28 29 -3
right_child=1 25 3 4 -6 8 7 -9 -10 -11 -12 -13 -14 -15 15 16 17 -19 19 -21 -22 -23 -24 -25 -26 -27 -28 -29 -30 -31
leaf_value=-0.023911793122870215 0.09428573149329128 0.068827058269324823 0.087016996776690392 -0.10586401118772751 0.15599819052005892 -0.025364538446923532 0.12568912841379956 0.049071518612164799 0.091241844171659411 0.10596609716636525 0.065088785772342853 0.088204097995692898 0.026179860624265278 0.0052450404394519222 -0.018889505888839683 0.073469482439184775 -0.083732995807092647 0.04200119823932956 -0.064292993740046114 0.068833842055824962 0.097274026004139522 0.080941975765365881 0.048575639638078351 -0.19169609146529568 0.056041957278974756 0.09029657724247088 -0.085728725003099818 0.11166877695858968 0.09740820234807808 -0.125091591292047
leaf_weight=16.742237953805216 57.295436123151376 4.5794386168977352 59.491096004905557 4.448502669685694 5.6307545619165458 12.284805239096388 0.58141994166362509 93.101500171068892 62.306186642935245 1.5137595491905811 136.70368758630684 173.03907170788534 29.29191129726587 10.105644094965099 8.1767600658840802 88.082673468496978 3.6998876462757826 42.580158911593571 3.277522463993594 17.07479404030255 157.35078492167577 2012.0798928848455 114.33776080474377 1.7978058491498812 14.480765141935988 2260.65013188686 1.4620671567236048 183.75382974745958 13.039975905139725 2.7610136850314575
leaf_count=1783 2397 451 8862 579 761 933 59 8082 2280 37 4653 3347 5471 2325 712 6244 461 3179 670 1211 6938 107888 7818 82 328 97608 174 9482 689 227
internal_value=0 0.0863034 0.0631899 0.0681359 0.0599301 0.0582769 0.0392984 0.0450047 0.0668042 -0.0520824 0.0574898 0.0781802 0.0606399 0.0751435 0.046538 0.0546905 0.0591682 0.0319493 0.0152115 0.0473952 0.0807855 0.0795974 0.0638348 -0.114136 0.0186782 0.0915412 0.105227 0.106594 0.0608432 -0.00411287
internal_weight=0 4807.31 784.411 604.777 332.849 327.218 101.443 95.4807 225.775 5.96226 163.469 271.928 98.8887 69.5967 179.634 142.539 134.363 46.28 37.0946 20.3523 2341.06 2183.71 171.633 2.37923 26.7656 2466.25 205.596 204.134 20.3804 7.34045
internal_count=285731 233672 52059 37799 17794 17033 8839 8223 8194 616 5914 20005 16658 11187 14260 10596 9884 3640 3664 1881 125041 118103 10215 141 1261 108631 11023 10849 1367 678
is_linear=0
shrinkage=0.1


Tree=72
num_leaves=31
num_cat=1
split_feature=93 88 166 197 157 7 155 171 157 156 157 171 157 73 204 107 220 199 181 107 79 136 126 235 6 201 205 142 222 125
split_gain=17.0428 9.56722 8.08497 9.05604 6.85566 8.03751 10.1159 7.86288 6.22329 8.56692 8.19737 6.43516 7.84829 7.40269 6.87613 6.39918 7.4569 6.22944 6.1455 6.01892 6.11361 5.96103 5.96038 5.94836 5.8789 6.19906 5.83086 5.76005 5.67185 6.35078
threshold=0.18408870697021487 0.76850980520248424 0.71888062357902538 0.074582517147064223 0.40762519836425787 0.41287878155708319 0.02427454944700003 -0.03639672510325908 0.68788212537765514 0.28232999145984655 0.58398589491844188 -0.10097965970635413 0.44859552383422857 0.27842378616333013 0.15467108041048053 -0.0041042710654437533 -0.034073591232299798 -0.021355239674448964 0.27567289769649511 -0.071118749678134904 0.26172162592411047 0.067919585853815093 -0.011941849719732998 0 1.0000000180025095e-35 0.048699980601668365 0.18955272436141971 0.014271792955696585 -0.054141676053404801 0.044039031490683563
decision_type=2 2 2 2 2 10 2 2 2 2 2 2 2 2 2 2 2 2 2 2 2 2 2 1 8 2 2 2 2 2
left_child=1 8 3 -3 5 -2 -7 -6 9 11 15 12 -1 -13 -15 22 -17 21 24 20 -14 26 -11 -20 25 -19 -12 -16 -21 -30
right_child=4 2 -4 -5 7 6 -8 -9 -10 10 17 13 19 14 27 16 -18 18 23 28 -22 -23 -24 -25 -26 -27 -28 -29 29 -31
leaf_value=0.039319709868606251 0.012380820923257544 0.048219647830474055 0.081479933090938456 0.095719500877346264 0.086511558134870839 -0.0029751243613764691 1.1391710695052741 0.066590538220708345 0.10055239111061938 0.073890162271472562 0.09343488085390772 0.093835075529450418 -0.042661748493081367 0.13898662887830593 0.36619710072794476 0.0944685667632994 0.060648854808321065 -0.019358660719774982 0.069491176545560918 0.10587858577655901 0.085475709175026032 -0.042606745803583146 0.028754726975738311 -0.055075756600184038 0.080742055370329094 0.11456009630994313 -0.046814302280481279 1.3988673594416257 0.087529680199081472 0.060119012725366065
leaf_weight=38.450301683831185 24.491413652910527 175.62036385581587 550.74462527319611 52.028942605527391 272.55417607321669 0.16837279727223986 0.14375452429885627 725.63592501578478 315.31854146895785 51.808460481435759 569.51252207249672 1098.2583545630246 7.2941275962984928 30.59099884140733 0.20501490924516375 121.76943477390523 140.32701277727392 11.664432223326004 8.8350789666292258 129.95172275319919 7.6062193099578508 3.2743712557967219 67.216658180132072 6.7716188761987697 567.35946880043048 4.9121927512787797 2.979878457976155 0.073334435410288279 491.09565514382712 102.09829847903711
leaf_count=17570 15111 20720 16864 5506 18878 378 96 27001 1185 3602 6580 80780 663 4218 86 5392 10956 1776 89 5960 375 40 5579 130 7018 851 96 38 22281 5688
internal_value=0 0.0850226 0.0749276 0.0590757 0.0707395 0.0188071 0.523056 0.0720299 0.0871029 0.0858779 0.0803736 0.0903735 0.083366 0.0951926 0.143489 0.0676293 0.0763614 0.0845063 0.0773718 0.0856607 0.0227489 0.0919354 0.048401 0.0154426 0.079027 0.0203258 0.0927049 0.638266 0.086957 0.0828119
internal_weight=0 4555.77 778.394 227.649 1022.99 24.8035 0.312127 998.19 3777.37 3462.06 1556.43 1905.62 776.496 1129.13 30.8693 381.122 262.096 1175.31 599.543 738.046 14.9003 575.767 119.025 15.6067 583.936 16.5766 572.492 0.278349 723.146 593.194
internal_count=285507 224043 43090 26226 61464 15585 474 45879 180953 179768 42109 137659 52537 85122 4342 25529 16348 16580 9864 34967 1038 6716 9181 219 9645 2627 6676 124 33929 27969
cat_boundaries=0 1
cat_threshold=4
is_linear=0
shrinkage=0.1


Tree=73
num_leaves=31
num_cat=0
split_feature=86 86 176 171 106 157 212 174 85 158 198 93 4 231 73 206 158 156 138 190 67 150 222 189 186 0 153 193 161 76
split_gain=40.7046 14.2979 7.51322 7.25122 5.91877 5.84405 5.70727 7.26879 5.44961 5.39685 6.60665 5.93092 4.8178 6.34603 5.27478 6.36636 7.33598 5.10054 6.14021 4.7165 4.67025 5.45179 5.52676 6.52018 4.77191 5.27739 5.13558 4.56246 4.42656 9.17926
threshold=-1.1152490973472593 -0.79820320010185231 -0.19846734404563901 0.069433979690074935 -0.11044267937541007 0.43620117008686071 0.16501245647668841 -0.032201714813709252 130.50000000000003 0.18333333730697635 -0.084150124341249452 0.064679164439439787 0.15411606431007388 0.13169436156749728 0.086313325911760344 -0.090632904320955263 0.36666667461395269 0.40108695626258856 -0.035613445565104478 0.19113688915967944 2.5123373270034794 -0.043867439031600945 0.021484664641320709 0.020113953389227394 0.11745579168200494 0.15412896126508716 -0.02635000646114349 0.23741357773542407 2.7981818914413457 0.39565217494964605
decision_type=2 2 2 2 2 2 2 2 2 2 2 2 10 2 2 2 2 2 2 2 2 2 2 2 2 8 2 2 2 2
left_child=19 3 4 5 -3 8 12 -8 -2 10 -5 -11 20 14 17 -16 -17 -14 -19 27 28 22 23 -22 25 -23 -26 -1 29 -7
right_child=1 2 -4 9 -6 6 7 -9 -10 11 -12 -13 13 -15 15 16 -18 18 -20 -21 21 24 -24 -25 26 -27 -28 -29 -30 -31
leaf_value=0.054026318946855778 0.051524173925971306 -0.095848143900817667 0.089042655965451037 -0.020235449565342501 0.11074681547983758 0.075404889921849808 -0.1008857510378743 0.061029308359837491 0.28772443095765227 0.10149822642247033 0.059575230189381247 0.070164279101914959 0.085714350583754581 0.37119891511742514 0.096296953103131189 -0.056703010654720998 0.071333949648999265 0.11947025279624604 -0.0024607568399327012 0.09821381433332188 -0.12148980353861139 0.020188860141378211 0.1069610547032329 0.040530656837685697 -0.046531509207541483 0.075708739751062223 0.1082401068545867 -0.12654879507852695 0.089165870782728085 -0.064813517414399349
leaf_weight=497.51018108667176 71.475704967197089 1.3964410319313163 2050.2890640453288 11.228946282280956 199.42261733517489 134.87108651651079 3.6221169761429346 11.821655945160725 0.99033104395675664 73.720309225906476 135.89442645959707 334.51274931981925 80.848322174721034 0.67515627719694649 8.5998855932439273 11.639928834046716 7.2697982439058242 5.6527255668079333 15.332167586579088 24.782758539367023 4.1588062217688258 18.269680917876258 4.6099880002375349 6.1670419297406625 2.2232509052973901 272.24243996244513 60.075833500501176 1.4031582360039454 1492.1567694918688 4.8361264143823055
leaf_count=35736 33470 140 89517 1946 9959 3190 458 903 205 7554 9490 12274 6238 223 364 1697 575 232 777 1636 490 4419 486 320 219 12381 2864 498 47483 86
internal_value=0 0.0849299 0.0908507 0.0801233 0.10931 0.0826824 0.0836259 0.0230544 0.0547521 0.0699047 0.0534838 0.0758227 0.0840652 0.0654124 0.0638162 0.0249624 -0.00747951 0.0743123 0.0303839 0.0556336 0.085278 0.0750976 0.0159208 -0.0247242 0.0776028 0.0722172 0.102717 0.0535185 0.0875722 0.0705511
internal_weight=0 5024 2251.11 2772.9 200.819 2217.54 2145.07 15.4438 72.466 555.356 147.123 408.233 2129.63 130.018 129.343 27.5096 18.9097 101.833 20.9849 523.696 1999.61 367.747 14.9358 10.3258 352.811 290.512 62.2991 498.913 1631.86 139.707
internal_count=285830 247960 99616 148344 10099 117080 83405 1361 33675 31264 11436 19828 82044 10106 9883 2636 2272 7247 1009 37870 71938 21179 1296 810 19883 16800 3083 36234 50759 3276
is_linear=0
shrinkage=0.1


Tree=74
num_leaves=31
num_cat=0
split_feature=171 103 157 76 178 4 119 158 157 151 229 176 209 13 164 110 120 221 128 119 158 155 13 197 75 6 92 176 210 116
split_gain=16.7227 10.9608 7.26555 8.20902 6.9583 6.52852 6.8373 6.10519 5.82448 6.00204 10.9757 7.07393 6.86286 5.63817 5.49961 5.46951 5.33264 5.30443 6.40842 6.11869 5.27759 6.65205 6.65129 6.19132 5.16603 5.11723 4.98441 4.92791 4.88445 5.52883
threshold=0.45464123785495764 0.10236249491572381 0.4232004582881928 0.39565217494964605 0.16859484463930133 0.08590350300073625 -0.008498294744640587 0.45000000298023229 0.68788212537765514 -0.015600414946675299 0.02194100990891457 -0.1629313454031944 -0.12193652987480162 0.054079741239547736 5.0782890319824228 -0.043723370879888528 0.031546339392662055 -0.022447749972343441 -0.059322213754057877 -0.055723851546645158 0.22500000149011615 0.019828346557915214 0.09213085845112802 0.09808956086635591 0.12262799963355066 0.081356864422559752 0.84037950634956371 -0.1629313454031944 -0.083282347768545137 0.042078983038663871
decision_type=2 2 2 2 2 8 2 2 2 2 2 2 2 10 2 2 2 2 2 2 2 2 8 2 2 10 2 2 2 2
left_child=1 2 3 -1 8 -6 17 -3 9 10 27 -12 -13 15 28 -11 -16 18 -7 -20 21 -14 -22 -24 -21 -5 -2 -4 29 -15
right_child=26 7 4 25 5 6 -8 -9 -10 13 11 12 20 14 16 -17 -18 -19 19 24 22 -23 23 -25 -26 -27 -28 -29 -30 -31
leaf_value=0.052589775304558772 0.046127483290351184 0.070157525298877851 0.1183107539984138 0.0030659559331940134 0.089906037402334063 -0.16843632631729666 0.078560786387648518 0.090902136818872672 0.10099743706361647 0.073049593826289269 0.095454386097169497 -0.019088116760420493 0.045297505811408852 0.090587874235242644 0.084483567068911414 0.088244430173596303 0.028052077664466747 0.05503202621295894 0.066200829257784574 0.063094992733248076 0.08115048229006766 -0.067293234224523407 -0.015803487933795636 0.11519814656405376 -0.086481332336648509 0.57576076717729086 0.070457702590396701 0.084436883527553838 0.10087011667724657 0.041928110938980565
leaf_weight=74.54334966563124 111.13011868841954 702.15173633139784 47.049065141878145 0.22941545772277905 117.94706504718533 2.0990446936484686 85.303668736823965 177.79213592486758 329.77219832696574 288.20634046011969 50.165053733998775 12.25209042627648 59.785806117344919 120.95927370589379 152.75569406988143 1330.6104526939446 18.80726921033056 53.649944820475866 11.188440104484474 3.3658276238297695 99.666410173353142 5.7523671473409186 14.435406364539633 4.8097514111632327 7.3542070923067513 0.48770814886802327 347.49249709163701 492.58417863983618 797.12896007701784 28.936301482337512
leaf_count=45241 4122 43419 2372 415 6871 72 3807 6143 1320 17471 1849 717 3811 2722 2579 70751 470 1832 247 312 3817 655 961 222 367 285 21641 20647 19529 884
internal_value=0 0.0844992 0.0866208 0.0558291 0.0871813 0.0719866 0.059017 0.074349 0.0882889 0.0870996 0.0794002 0.0619345 0.0533859 0.0893118 0.0947714 0.0855392 0.0782974 0.037549 -0.00152061 0.0144715 0.0582 0.0354153 0.0707578 0.0169365 -0.039518 0.39255 0.0645622 0.0873902 0.0977558 0.0811944
internal_weight=0 5089.79 4209.85 75.2605 4134.58 280.908 162.961 879.944 3853.68 3523.9 786.5 246.867 196.702 2737.4 1118.59 1618.82 171.563 77.6575 24.0075 21.9085 184.45 65.5382 118.912 19.2452 10.72 0.717124 458.623 539.633 947.025 149.896
internal_count=285551 259788 210226 45941 164285 13508 6637 49562 150777 149457 35051 12032 10183 114406 26184 88222 3049 2830 998 926 9466 4466 5000 1183 679 700 25763 23019 23135 3606
is_linear=0
shrinkage=0.1


Tree=75
num_leaves=31
num_cat=0
split_feature=86 86 86 156 120 171 4 210 4 163 179 159 100 72 128 196 122 218 126 113 188 149 221 173 209 109 215 12 103 225
split_gain=33.8165 7.88067 7.1943 5.88731 5.23523 6.19308 6.50068 5.77242 4.90915 4.65488 4.6522 4.62083 7.00287 6.35394 5.88533 7.75841 6.84951 5.39653 6.50633 5.38473 6.01584 5.17222 5.55041 4.87509 5.11902 4.80221 4.77966 4.74197 4.72244 6.40489
threshold=-0.95708391070365895 -1.1529442071914671 -0.79820320010185231 0.27311578392982488 0.035051429644227035 -0.11751042678952216 0.038711288943886764 0.035759698599576957 0.12556306272745135 0.068975757807493224 0.37189577519893652 0.27370730042457586 0.12844236195087436 1.0000000180025095e-35 0.019684116356074813 0.16646116226911548 0.026083512231707576 0.020269509404897693 -0.050943562760949128 -0.0421565044671297 -0.04535736329853534 -0.0018412483623251317 0.031011710874736313 -0.1252036318182945 -0.092550233006477342 -0.010340449865907429 0.011636102106422188 271.00000000000006 0.10236249491572381 -0.055712169036269181
decision_type=2 2 2 2 2 2 8 2 10 2 2 2 2 2 2 2 2 2 2 2 2 2 2 2 2 2 2 10 2 2
left_child=1 4 10 -4 5 -1 -7 8 -6 -8 -2 12 13 14 23 16 21 19 -19 20 -13 -16 -23 -5 25 -25 -18 -21 -15 -30
right_child=2 -3 3 11 7 6 9 -9 -10 -11 -12 17 -14 28 15 -17 26 18 -20 27 -22 22 -24 24 -26 -27 -28 -29 29 -31
leaf_value=0.078427344521749098 0.083318722050872637 0.074852281296945211 0.09738535854450564 -0.030233943517407016 0.1061290364263021 -0.014772965971810726 0.053346439043626251 0.018857214261979827 -0.13098806156625997 -0.018138742598590798 -0.0086896858233151165 0.10518779884098273 0.00097149323674703639 0.093457438115114255 -0.082035515970070028 -0.16670228371914558 -0.026618745729601836 -0.029528465872594414 0.082769874612988847 0.1067006333612905 0.0091688503957712414 -0.03606494056523285 0.094153468609183222 0.081326569034507579 0.091466570467110805 -0.052622307567668919 0.12585512606262284 0.086398103368130502 0.10418220140345391 -0.010985210229473338
leaf_weight=79.028252062033971 1620.3940368554454 1266.4727684942027 1013.4037124480401 4.1519922280567689 45.85001920954528 16.258394588835472 232.6751462813063 10.282893802354009 0.89008325284339562 9.4802682986992277 5.5141567344230671 12.046057612289589 11.519698395735757 223.11486269841771 5.5363506276298748 1.9792432210597315 2.5883798412396564 5.2438013370338004 320.10611165467526 328.9908880058756 14.236639303393529 6.1547339604039752 6.9915611220203573 5.5692065394105157 65.797406064521056 5.1528465871378994 9.994165786134543 176.9024745684801 8.9527960336126871 10.483557176055909
leaf_count=7500 82242 74688 70910 129 2003 5327 8784 979 391 3295 1161 264 409 3547 244 137 133 335 8522 9944 615 276 206 136 1320 158 106 1607 105 388
internal_value=0 0.071008 0.0880696 0.0917463 0.0586657 0.0539299 0.0464381 0.0866902 0.101614 0.0505478 0.0830067 0.0870832 0.0777096 0.0801895 0.060708 0.0253006 0.0374554 0.0911057 0.0809599 0.0973084 0.0531769 -0.000956383 0.0331888 0.0752993 0.0810256 0.0169529 0.0944894 0.0996012 0.0893391 0.0420633
internal_weight=0 1660.94 3864.82 2238.92 394.465 337.442 258.414 57.023 46.7401 242.155 1625.91 1225.51 367.987 356.467 113.916 33.2444 31.2652 857.526 325.35 532.176 26.2827 18.6826 13.1463 80.6715 76.5195 10.7221 12.5825 505.893 242.551 19.4364
internal_count=285861 102967 182894 99491 28279 24906 17406 3373 2394 12079 83403 28581 7294 6885 2845 1102 965 21287 8857 12430 879 726 482 1743 1614 294 239 11551 4040 493
is_linear=0
shrinkage=0.1


Tree=76
num_leaves=31
num_cat=0
split_feature=86 86 86 156 204 175 157 180 111 170 157 156 79 9 114 127 11 119 157 105 106 139 161 71 192 213 222 13 128 85
split_gain=31.6532 10.9058 8.98827 5.95615 6.05054 5.52779 5.62451 5.73965 5.92641 5.16487 5.16458 5.08514 5.03993 7.14043 7.01682 5.94596 6.98661 5.60454 4.93535 7.43559 5.7352 5.51148 5.2889 9.21277 5.72324 5.20134 5.14212 4.92808 4.7174 4.66705
threshold=-0.93582496047019947 -1.1817154288291929 -0.6793040633201598 0.20483683049678805 -0.073596768081188188 0.22792105376720431 0.51441779732704174 0.052842542529106147 0.13304858654737475 0.45170260965824133 0.53660830855369579 0.03137303143739701 0.23660287261009219 0.0024580176686868076 0.022553656250238422 0.01458951458334923 0.022278947755694393 -0.055723851546645158 0.55760741233825695 -0.0237570172175765 -0.032859278842806809 -0.012936879880726336 3.2279758453369145 0.067117117345333113 0.084063678979873671 0.085622668266296401 0.088154997676610961 0.070988629013299956 0.071307010948658003 58.500000000000007
decision_type=2 2 2 2 2 2 2 2 2 2 2 2 2 10 2 2 10 2 2 2 2 2 2 2 2 2 2 8 2 2
left_child=1 -1 5 11 -5 6 7 -2 -9 28 -8 -3 13 14 15 -6 -17 -15 19 20 21 -12 23 -21 -24 -26 -22 -23 -4 -20
right_child=2 3 9 4 12 -7 10 8 -10 -11 18 -13 -14 17 -16 16 -18 -19 29 22 26 27 24 -25 25 -27 -28 -29 -30 -31
leaf_value=0.055079265503825983 0.079113158952152915 0.036894125285679667 0.11775226726191908 0.086099352593601006 0.036846083959679442 0.11389354492057052 0.10397084463946449 0.042371773329226627 0.14244312866918496 0.092842220439645115 0.081741306182825713 0.08475045629500598 0.078279610391678162 0.0074833578236075341 0.071505607706614766 0.023902140638562785 -0.11299222626793431 0.070824322768805389 0.09162745054511659 0.071067740722274994 0.06268425058800349 -0.010493063764011474 0.10028115001194907 -0.091327646535974583 0.057518193556814562 -0.11738999219762719 -0.070645472323769484 -0.17870667208158642 -0.18154051712674088 0.081268504576892858
leaf_weight=330.64500989287853 279.15708336950252 23.098053323621571 103.34684017818836 185.81298183693798 81.509657974169386 61.581593231614988 141.8697724289259 80.711999899102693 6.3862075609067679 1040.4585492949154 3.678646255601052 573.40566143859905 224.15936463869821 14.589329101545443 52.176603876056106 9.3607557921859534 6.1958182542584828 328.62839767792138 803.48422762712289 17.313991985436591 67.112991851140578 5.2168593141795991 107.72115800912343 4.3763475094565356 14.905731111139177 1.9190753980983561 3.0228891917977299 2.6144514100305969 0.52933259737801464 948.15045541643849
leaf_count=23600 48428 15613 5141 5642 3451 3935 12814 19492 705 43749 185 45862 7418 392 2019 620 288 7497 11197 573 3416 419 4377 323 987 135 373 141 34 17107
internal_value=0 0.0715178 0.0876022 0.0751439 0.070019 0.084297 0.0835644 0.0721207 0.0497092 0.094965 0.0855401 0.0828973 0.0658495 0.0601915 0.041931 0.0260335 -0.0306197 0.0681319 0.0842192 0.0703757 0.0462009 -0.0192237 0.0838729 0.0383021 0.0918093 0.0375678 0.0569377 -0.0666505 0.116227 0.0860202
internal_weight=0 1829.58 3693.56 1498.94 902.433 2549.22 2487.64 366.255 87.0982 1144.33 2121.39 596.504 716.62 492.461 149.243 97.0662 15.5566 343.218 1979.52 227.882 81.6458 11.51 146.236 21.6903 124.546 16.8248 70.1359 7.83131 103.876 1751.63
internal_count=285933 112402 173531 88802 27327 124607 120672 68625 20197 48924 52047 61475 21685 14267 6378 4359 908 7889 39233 10929 4534 745 6395 896 5499 1122 3789 560 5175 28304
is_linear=0
shrinkage=0.1


Tree=77
num_leaves=31
num_cat=0
split_feature=86 86 170 158 127 216 115 81 182 170 175 17 185 154 178 0 13 170 99 205 206 88 166 88 101 130 118 225 132 196
split_gain=34.1276 9.72587 5.74464 6.27549 5.55139 7.52221 6.43502 5.36087 5.97305 5.31464 5.28303 5.22791 5.99968 7.04151 5.09659 4.70405 4.64967 6.09336 6.61235 4.98413 6.31741 5.15226 5.01905 6.67378 6.98879 5.58995 4.65778 6.62467 4.60348 4.7822
threshold=-1.0720092654228208 -0.76440677046775807 0.48177884519100195 0.18333333730697635 -0.0082894414663314802 -0.045400820672512048 0.091131065040826811 0.42078852653503424 0.090465553104877486 0.47715282440185552 0.60585469007492077 14.500000000000002 -0.0027559313457459207 0.04255164414644242 0.031427834182977683 0.51315790414810192 0.047581315040588386 0.55502149462699901 -0.11175949126482008 -0.08494940027594565 -0.063308212906122194 0.70706534385681163 0.59553489089012157 0.74885872006416332 0.061771307140588767 0.016117521561682228 -0.042922344058752053 -0.055712169036269181 -0.036405704915523522 -0.014484440442174671
decision_type=2 2 2 2 2 2 2 2 2 2 2 2 2 2 2 10 10 2 2 2 2 2 2 2 2 2 2 2 2 2
left_child=2 10 4 -4 5 15 9 -5 14 -7 11 16 -13 -14 -9 -1 17 19 -19 20 -2 -21 23 24 -23 28 27 -20 29 -25
right_child=1 -3 3 7 -6 6 -8 8 -10 -11 -12 12 13 -15 -16 -17 -18 18 26 21 -22 22 -24 25 -26 -27 -28 -29 -30 -31
leaf_value=0.096950284496202313 0.067697749193481899 0.091209144014811921 0.035824766647062044 0.06567768469911632 0.087144858895280189 0.054182948425101567 -0.072730857772395144 -0.024610210160008826 0.14725764871802799 -0.073800510715717887 0.1240555852096271 0.11979251282522155 0.079842973667883566 -0.1591442816486501 0.071464639231262367 0.43144962882236915 0.085416097147187897 0.11648732605813027 -0.13201027072057789 0.084995050859525981 0.10423272927863991 0.079359609248448593 0.076295029336507739 -0.013426355570320424 -0.026341195696634203 -0.048166802384525156 0.061955315705208715 0.034876578849021934 0.026389989909662216 0.13285367699929151
leaf_weight=23.247048204816114 67.501131123391588 1840.8046499398833 110.31736575436662 393.36290830923645 152.76045751987749 52.308099971374304 4.9495715116845522 17.889178529167118 3.3338261124736155 3.4592123173279097 29.466957077454481 72.91581660528027 42.227509188228851 1.2699447065742777 7.9866334652333526 0.42816114180641207 1171.1412486071574 20.874368511438206 2.8040260251141289 473.55112525583922 158.36766249608809 91.990405026185954 495.93257740022159 2.9724212454846102 6.7116424130281294 7.9082039258441901 206.6341846136329 15.677233571979739 42.591250732215485 9.00723802964262
leaf_count=1380 5428 81160 12457 21682 9376 3580 464 1413 289 340 2282 2481 2208 175 639 53 38055 1324 444 27775 9470 10487 21004 575 1279 2266 16489 1366 8758 759
internal_value=0 0.0855167 0.0628257 0.0570637 0.075773 0.0551884 0.0365455 0.0626084 0.0212751 0.0462442 0.0819276 0.081498 0.102258 0.0728655 0.00504353 0.103 0.0806267 0.0771265 0.0626461 0.0797524 0.0933142 0.0770432 0.0713127 0.0559826 0.0721721 0.0304071 0.0576535 0.00955606 0.0417937 0.0965583
internal_weight=0 4760.35 770.042 532.89 237.153 84.3921 60.7169 422.573 29.2096 55.7673 2919.54 2890.08 116.413 43.4975 25.8758 23.6752 2773.66 1602.52 245.99 1356.53 225.869 1130.66 657.114 161.181 98.702 62.4791 225.115 18.4813 54.5709 11.9797
internal_count=285458 233785 51673 36480 15193 5817 4384 24023 2341 3920 152625 150343 4864 2383 2052 1433 145479 107424 19623 87801 14898 72903 45128 24124 11766 12358 18299 1810 10092 1334
is_linear=0
shrinkage=0.1


Tree=78
num_leaves=31
num_cat=0
split_feature=93 63 68 171 88 180 157 166 205 88 2 165 228 99 209 188 65 10 130 175 227 212 1 199 88 7 9 139 180 220
split_gain=22.128 9.17008 7.35196 6.76786 6.75388 5.4572 5.23627 5.06417 8.69771 8.02368 5.03247 4.96682 4.84784 4.7794 5.42392 4.86089 5.41124 6.67971 4.73354 4.69134 5.17854 4.50502 6.60974 5.39611 5.34228 5.62302 4.45559 4.75123 4.44 5.5732
threshold=0.18408870697021487 0.33389289677143102 41.406183242797859 -0.03639672510325908 0.69899111986160289 0.31316554546356207 0.33334015309810644 0.57365176081657421 -0.08494940027594565 0.76850980520248424 0.095564253628253951 59.500000000000007 0.068213887512683882 0.14483734965324405 -0.061471899971365922 0.046100821346044547 76.500000000000014 126.50000000000001 0.055439954623579986 0.016576103866100315 -0.10787834972143172 -0.10204796493053435 0.084040809422731413 -0.088335748761892305 0.76107299327850353 0.14903787523508075 0.024742373265326027 -0.0083242538385093195 -0.05485520884394645 0.026496469974517826
decision_type=2 2 2 2 2 2 2 2 2 2 8 2 2 2 2 2 2 8 2 2 2 2 10 2 2 8 10 2 2 2
left_child=1 4 13 6 5 -1 -2 8 18 19 -11 26 -8 14 -3 -16 17 -17 -6 20 -10 24 28 -24 25 -5 -9 -28 -23 -30
right_child=3 2 -4 21 7 -7 12 11 9 10 -12 -13 -14 -15 15 16 -18 -19 -20 -21 -22 22 23 -25 -26 -27 27 -29 29 -31
leaf_value=0.091441089493256814 -0.032748631666429315 0.05360241423521285 -0.04640659461463207 0.063172208762226179 0.10325099145862596 0.054917121506472689 0.088348807887752845 0.073244196806422149 -0.048426144270015757 0.059498848140885241 0.0055098302480863781 0.086493961080529258 0.050578012131172911 0.037563827775225274 0.089035702455391691 -0.068964360850808912 0.094246652165755368 0.056218635783215565 -0.14611149581333072 0.10266829527587912 0.069237452537696961 0.058122098329723794 -0.062641557271359879 0.04145369339942058 0.072212872231498401 -0.035305634986326682 -0.055153566357843187 0.055559296384781499 0.082338901929939354 0.054524147163463856
leaf_weight=1918.5579468434003 3.9561650741511576 87.238909903462627 5.1816059695538561 9.2800036263256533 84.738872176158793 41.799836091710858 244.38401798853783 98.66425617354389 3.8078301716216165 38.187747651332984 31.512185072729153 1509.6945497647264 39.469068241335208 34.726638677453138 255.1188834343393 4.5309279636699094 39.857407515358318 71.955623883918634 0.76814425290922272 44.972649850343259 211.36440736312397 266.76959902554199 5.7193299223636123 38.517137852601081 18.94273411676204 15.453793253738693 5.8416739182844166 11.52092735882661 274.10916069324367 97.717236723760834
leaf_count=89299 3375 5154 1299 636 8444 2656 23888 3582 1193 8514 5102 49367 3704 2659 11464 2206 1514 2757 102 5526 22319 10323 582 2540 846 804 387 572 9811 4795
internal_value=0 0.0848767 0.0720886 0.0685265 0.0864702 0.0906623 0.0815045 0.0824439 0.0725893 0.0652214 0.0350898 0.0849616 0.0830969 0.073333 0.0760409 0.0813107 0.0643712 0.048803 0.101011 0.0732945 0.0671552 0.0633853 0.0653768 0.0279952 0.0322494 0.00164279 0.0650236 0.0183098 0.0679663 0.0750291
internal_weight=0 4500.04 498.61 1014.32 4001.43 1960.36 287.809 2041.07 415.352 329.845 69.6999 1625.72 283.853 493.428 458.702 371.463 116.344 76.4866 85.507 260.145 215.172 726.509 682.832 44.2365 43.6765 24.7338 116.027 17.3626 638.596 371.826
internal_count=285420 224116 27053 61304 197063 91955 30967 105108 51200 42654 13616 53908 27592 25754 23095 17941 6477 4963 8546 29038 23512 30337 28051 3122 2286 1440 4541 959 24929 14606
is_linear=0
shrinkage=0.1


Tree=79
num_leaves=31
num_cat=0
split_feature=74 63 171 88 170 79 160 209 172 66 156 112 13 170 66 209 209 188 105 101 110 179 166 10 111 125 176 154 216 157
split_gain=18.5351 11.9513 10.6974 7.52937 8.6516 4.83117 5.8131 6.87641 5.39956 4.88559 5.15555 5.75733 4.94031 4.82949 4.70016 5.98835 6.10151 6.45682 6.00397 5.67321 5.22286 4.89105 4.67997 5.062 4.62706 4.60606 4.56723 4.52609 4.95057 4.51779
threshold=0.33602151274681097 0.33389289677143102 -0.11751042678952216 0.69899111986160289 0.61287930607795726 0.35424837470054632 2.0000000000000004 -0.097071286290884004 -0.07447588816285132 0.86653000116348278 0.2416573911905289 -0.033175779506564133 0.11651583760976793 0.41605599224567419 3.9444380998611455 -0.11425146833062171 0.041624736040830619 0.027467705309391025 -0.01385667873546481 0.023658093996346 -0.017453081905841824 0.10050574690103532 0.53530639410018932 126.50000000000001 0.092972259968519225 0.032492885366082198 -0.008815982844680546 -0.056589674204587929 0.064779274165630354 0.62632915377616893
decision_type=2 2 2 2 2 2 2 2 2 2 2 2 10 2 2 2 2 2 2 2 2 2 2 8 2 2 2 2 2 2
left_child=1 3 -2 5 29 9 8 -8 -7 10 24 -12 -13 -11 21 -16 17 19 -18 -17 -19 -3 -22 -24 -1 26 -9 28 -4 -5
right_child=2 14 27 4 -6 6 7 25 -10 13 11 12 -14 -15 15 16 18 20 -20 -21 22 -23 23 -25 -26 -27 -28 -29 -30 -31
leaf_value=0.09148648911215651 0.09859333469095885 0.072856090130259149 0.015099904470605569 0.080571957760738333 -0.0095191440810688099 0.091937693504830387 -0.044493336068164642 0.07989088060281728 0.10932027390483207 0.13672798285067578 0.090579862719035176 0.056401827989903723 -0.15078225748044186 0.090549870459702864 -0.041202049496190718 0.091259319994508314 -0.046436274287530444 -0.06892662405899333 0.056890536679958574 -0.022333141683697058 -0.07049204704772713 0.10562953498622961 -0.087763962425129849 0.072726023402790441 0.015419383121952219 0.11225942270487373 -0.013157659467420396 0.063671173174387738 0.11011887757338455 0.090629407483797261
leaf_weight=226.00816404975581 87.961302392272046 379.84604434186531 35.994808035206006 1665.7615701919649 10.093388009772751 400.71544160802091 5.2296426584762221 14.673766641036766 322.54253902042569 23.273202274169762 67.345209769733628 128.70993206170897 1.1612949092959741 843.00136947109627 6.0649820577980327 77.796764087398287 9.7430333254742454 4.3362202639511898 13.300476119858557 4.6600944992228497 3.0061921801532234 51.738800269628882 2.1242193366365454 26.267132643215518 8.2900224695517846 19.83998189681779 8.2358950615266604 468.03124403251968 6.4685866119370976 610.25859611578562
leaf_count=11068 11606 15733 2058 112112 1675 12196 587 698 17693 1176 1147 2617 89 45768 1157 4414 2363 888 1726 869 1345 2288 508 912 1109 1197 1013 24657 352 4677
internal_value=0 0.0850202 0.0663847 0.0868145 0.0828589 0.0911852 0.0974535 0.0637458 0.0996896 0.0874601 0.0787668 0.0668529 0.0545492 0.0917905 0.0715209 0.056097 0.0602753 0.0694529 0.0132029 0.0848396 0.0339477 0.076785 0.0481554 0.0607183 0.0887951 0.0769868 0.0464405 0.060835 0.0295745 0.0832686
internal_weight=0 4934.02 598.456 4355.14 2286.11 2069.03 771.237 47.9793 723.258 1297.79 431.515 197.216 129.871 866.275 578.884 147.299 141.234 118.191 23.0435 82.4569 35.7338 431.585 31.3975 28.3914 234.298 42.7496 22.9097 510.495 42.4634 2276.02
internal_count=285698 247025 38673 214822 118464 96358 33384 3495 29889 62974 16030 3853 2706 46944 32203 14182 13025 8936 4089 5283 3653 18021 2765 1420 12177 2908 1711 27067 2410 116789
is_linear=0
shrinkage=0.1


Tree=80
num_leaves=31
num_cat=0
split_feature=86 86 86 200 104 93 217 160 3 85 177 94 118 201 127 120 177 119 135 16 146 134 66 187 5 102 127 179 110 56
split_gain=36.909 11.6244 8.25523 5.8352 6.05743 4.98421 5.0516 4.91101 6.97712 6.21291 5.73947 5.29065 5.07145 4.88036 4.64621 4.58397 6.19859 4.36776 5.3956 4.89299 4.69479 4.67684 4.33752 4.3193 4.26037 4.44549 4.40728 4.21775 4.15045 4.13489
threshold=-0.93582496047019947 -1.1817154288291929 -0.6793040633201598 0.036438096314668662 0.033208644017577178 0.34220205247402197 -0.046414526179432862 1.0000000000000002 0.15838661789894107 95.500000000000014 0.30492405593395239 0.019363489933311943 -0.042922344058752053 0.095238521695137038 -0.01540132239460945 0.035051429644227035 0.051970588043332107 0.05909522436559201 0.021164832636713985 1.0000000180025095e-35 -0.0023448738502338524 0.043533734977245338 6.7784318923950204 0.28548219799995428 0.13079115748405459 0.030300831422209743 0.0085298530757427233 0.10923519730567934 -0.070825144648551927 1.0000000180025095e-35
decision_type=2 2 2 2 2 2 2 2 8 2 2 2 2 2 2 2 2 2 2 2 2 2 2 2 10 2 2 2 2 2
left_child=1 15 3 -2 7 -3 -7 8 9 12 29 -12 -5 23 -15 27 -17 18 19 -9 21 -21 -8 -14 25 26 -22 -1 -6 -10
right_child=2 5 -4 4 28 6 22 17 10 -11 11 -13 13 14 -16 16 -18 -19 -20 20 24 -23 -24 -25 -26 -27 -28 -29 -30 -31
leaf_value=0.044405247204624375 0.08803145990966707 0.076395481999664755 0.094923876835113052 -0.079161957774988967 0.019118546374311082 0.087354007905718165 0.055134168046782332 -0.038755616308782076 0.090751863838050006 -0.047450342331394439 -0.10581997366050828 0.054526945913000606 0.072953464244608079 -0.10585834484124799 0.041326085200096667 0.095879217502547492 -0.024244981771149733 0.10395022527210858 0.014682464790468412 0.084061046780982543 -0.061489181807864571 -0.064568392613334399 -0.0089076958830497776 0.41955972502981376 0.096202953439131392 0.064088302144873752 0.029008110388063963 0.084433253835152294 0.098369042310276433 0.042918204710385481
leaf_weight=251.95444737298612 1686.2967084741306 1302.0390193975409 1134.6961415569153 2.4781147347180186 6.8989435352041246 48.538966850107954 137.33475805603848 4.5940465222952289 328.72211577213284 5.4862928184663806 2.7305042455604953 8.3514031122940633 80.25021693526196 2.8493408852473285 8.6731919596331846 40.068967139767665 4.8115119758786014 21.141159093443548 27.045190474101673 89.277745085146762 7.3054542967661318 2.1685290629359306 11.458181455537668 0.36115234793032769 13.12079552073328 23.795090576062194 20.43341632328611 29.395230624755186 156.87442241621261 19.122891503659048
leaf_count=18239 80827 75135 49136 592 621 3442 7707 1071 10996 744 301 343 5463 377 1019 1991 844 1166 2393 5039 744 191 2435 27 798 1672 1614 2675 7024 983
internal_value=0 0.0704288 0.087842 0.0846507 0.077796 0.0741509 0.0593409 0.07357 0.0793544 0.0560085 0.0858651 0.0150186 0.0620078 0.0658049 0.00492969 0.0533217 0.083001 0.0608585 0.056006 0.0629608 0.0659543 0.0805365 0.0502025 0.0745063 0.0453296 0.032377 0.00517427 0.0485873 0.0950306 0.0881222
internal_weight=0 1825.6 3652.67 2517.98 831.68 1499.37 197.332 667.907 459.025 100.098 358.927 11.0819 94.612 92.1339 11.5225 326.23 44.8805 208.881 187.74 160.695 156.101 91.4463 148.793 80.6114 64.6548 51.534 27.7389 281.35 163.773 347.845
internal_count=285609 112468 173141 124005 43178 88719 13584 35533 20845 8222 12623 644 7478 6886 1396 23749 2835 14688 13522 11129 10058 5230 10142 5490 4828 4030 2358 20914 7645 11979
is_linear=0
shrinkage=0.1


Tree=81
num_leaves=31
num_cat=0
split_feature=86 86 86 17 157 157 180 119 8 90 175 111 100 2 3 195 125 178 177 218 226 142 133 215 130 143 200 142 38 4
split_gain=37.5511 12.1331 7.47646 4.6141 4.43321 4.05664 5.06351 5.48341 5.13492 7.3503 7.32651 5.06913 4.78198 5.07661 4.56791 4.49908 5.32399 4.42834 4.46979 4.2006 4.3595 4.13035 3.97762 3.95185 6.40192 4.5167 5.57675 4.18749 3.94186 5.29028
threshold=-0.93582496047019947 -1.1817154288291929 -0.6793040633201598 28.500000000000004 0.38817958533763891 0.51441779732704174 0.052842542529106147 0.030319370329380039 0.26174853742122656 1.4275210499763491 -0.0060910622123628846 0.092972259968519225 0.050820695236325271 0.063214566558599486 0.23876593261957171 -0.0073617282323539248 0.039094479754567153 0.0030169270467013125 0.097002502530813231 -0.0081754643470048887 -0.012179744429886339 -0.005550290457904338 0.028806429356336597 -0.070279508829116807 0.0020997902611270551 0.020144802518188957 -0.034573301672935479 0.016440964303910736 1.0000000180025095e-35 0.08590350300073625
decision_type=2 2 2 2 2 2 2 2 10 2 2 2 2 8 10 2 2 2 2 2 2 2 2 2 2 2 2 2 2 8
left_child=1 -1 3 5 -3 6 11 -8 -9 10 -10 12 23 14 28 -13 -17 -15 -19 22 -21 -18 -11 24 27 -25 -27 -2 -14 -30
right_child=2 4 -4 -5 -6 -7 7 8 9 19 -12 15 13 17 -16 16 21 18 -20 20 -22 -23 -24 25 -26 26 -28 -29 29 -31
leaf_value=0.052851703311296752 0.036499886760237549 0.019254843284447494 0.094599029681084593 0.13847134298549843 0.074755233400621166 0.086282836766203339 0.036460997168544965 0.057290606863582519 -0.033802104546783902 -0.032664257047725791 1.3083483197727239 0.07884172324619905 0.070288985647986246 0.060544019917740437 -0.0042475944521708636 0.059594511171326352 0.0031762122961574986 0.1307715840344941 0.013550217813322324 0.41397634012835466 0.1514860094226298 0.20811740412088242 0.20590628594316907 0.069958668972862778 0.14907060126510627 -0.037439221924369798 0.052865982812070889 0.13785461711574098 0.36384507912904113 0.012119139725066673
leaf_weight=322.48908798923185 15.912618516565432 14.532098046938925 1162.2680091690399 15.99458841573505 1494.513105223609 2158.9509930427121 58.663637722967337 18.000745722944433 0.065994858626254427 2.2759169737346379 0.10599644532521679 14.214403019102066 15.902232067441449 14.403184506183605 8.1695382108705399 4.2512224083170649 1.0802035852102587 49.531109318571907 3.4815706705267067 0.70119080418225976 6.4793311843163792 10.972849367933117 1.0085530577321149 105.82538415891941 14.200608747002887 9.391952238255497 25.151823546437754 5.4801184296338752 1.0954682242536369 0.7014554475872502
leaf_count=23656 3139 11745 49000 357 76921 52333 15030 4512 52 573 17 2529 4053 2730 2254 1026 296 3317 739 258 520 1011 120 19602 1770 2365 4709 690 118 146
internal_value=0 0.0704582 0.0879468 0.0849291 0.0742208 0.0845927 0.0751655 0.0539715 0.0898414 0.144926 0.793351 0.0813379 0.0769598 0.0952633 0.0576037 0.119963 0.155813 0.109714 0.123073 0.13427 0.177119 0.18975 0.0405929 0.0672564 0.0970171 0.0597101 0.0283133 0.0624636 0.0861529 0.226544
internal_weight=0 1831.53 3724.28 2562.01 1509.05 2546.02 387.067 87.3014 28.6377 10.637 0.171991 299.766 269.247 93.2846 25.8687 30.5187 16.3043 67.4159 53.0127 10.465 7.18052 12.0531 3.28447 175.963 35.5933 140.369 34.5438 21.3927 17.6992 1.79692
internal_count=285588 112322 173266 124266 88666 123909 71576 21082 6052 1540 69 50494 45632 13357 6571 4862 2333 6786 4056 1471 778 1307 693 32275 5599 26676 7074 3829 4317 264
is_linear=0
shrinkage=0.1


Tree=82
num_leaves=31
num_cat=0
split_feature=86 93 86 86 186 213 195 129 207 17 216 168 196 3 203 133 228 200 151 211 213 74 157 200 4 127 67 186 121 17
split_gain=31.6565 10.8533 7.31479 5.93092 6.45216 5.00432 6.26177 4.74385 6.66329 4.72463 10.0519 4.54259 4.37329 6.38932 5.33091 4.30148 4.12021 4.52955 4.07032 4.21975 4.54204 4.0217 4.06098 4.25083 6.83967 4.36593 4.00603 3.96783 3.96656 3.93704
threshold=-0.93582496047019947 0.34220205247402197 -0.76440677046775807 -1.1817154288291929 -0.089381407946348176 -0.12990547716617581 -0.061264533549547188 0.0031163588864728813 -0.12407819926738738 20.500000000000004 0.075286380946636214 3.2462716102600102 0.037251917645335204 0.24834477156400683 0.092696327716112151 -0.033402277156710618 0.045386489480733878 -0.088919270783662782 0.008565967436879875 -0.030392607674002644 -0.15375690907239911 0.60763889551162731 0.65876379609107982 -0.088919270783662782 0.048500882461667068 0.016046718694269661 5.2575275897979745 -0.16705422103404996 0.055171333253383643 17.500000000000004
decision_type=2 2 2 2 2 2 2 2 2 2 2 2 2 10 2 2 2 2 2 2 2 2 2 2 8 2 2 2 2 2
left_child=1 3 9 4 15 6 -5 8 -4 -2 16 -8 13 26 -15 -1 -11 -18 -14 -20 -21 22 23 24 27 -26 -3 -7 -28 -25
right_child=2 12 7 5 -6 21 11 -9 -10 10 -12 -13 18 14 -16 -17 17 -19 19 20 -22 -23 -24 29 25 -27 28 -29 -30 -31
leaf_value=0.10896562859786879 0.082609933607790842 0.054094288714992271 0.11508281306157764 0.12935056533841963 0.067927061136218769 0.28053212802812838 0.055690230311936609 0.085657682830511103 0.093108460423879935 0.14095257687253168 -0.12403628692399976 -0.036441670340948744 0.084550504080674632 -0.029946957803392373 0.12265598675363472 0.010330279300248168 0.12201709550170384 -0.11149210740531337 0.073704890500481152 0.52656111216978674 -0.021808164219728979 0.16062584386387563 0.092522683473097375 0.077863620040577758 0.077523208975610061 0.04428054628213305 -0.14476255524329926 -0.020598609232413464 0.048426895014952953 0.12022520161491981
leaf_weight=5.0810273237102583 1798.1021643843508 183.9875515863564 159.6073146297399 5.5904735414164888 180.49526087084951 0.45436566381817911 10.911164315161388 692.89852857352457 1018.9726638491616 32.059393273992555 1.6316343558892175 10.503009792548253 69.12790487078837 16.487889020195329 2.6582200899883892 34.053469666081128 2.0115919965260223 1.4150719443150581 12.765075092593181 0.15342365822289039 9.7405334057534656 5.9504312119552187 171.80071222560946 878.71897989817739 131.55633204168407 56.465227783669889 2.0377768598846151 11.834150702349232 2.2212916253774893 22.501224235866175
leaf_count=265 90926 10135 4082 748 11855 313 718 30513 46684 822 200 1057 5431 2894 515 3218 58 206 719 14 1354 161 1368 57227 5767 3237 769 3245 83 1023
internal_value=0 0.0717359 0.0878249 0.0751505 0.0599461 0.0777069 0.0351061 0.0922239 0.0960843 0.0833389 0.118654 0.0105023 0.0543204 0.0462771 -0.00875977 0.0231366 0.129812 0.0255874 0.0724941 0.0357126 -0.0133047 0.0786062 0.0782229 0.0759926 0.062816 0.06754 0.0518748 -0.00946435 -0.0440058 0.0789213
internal_weight=0 1825.1 3706.7 1525.92 219.63 1306.29 27.0046 1871.48 1178.58 1835.22 37.1177 21.4142 299.18 207.393 19.1461 39.1345 35.4861 3.42666 91.7869 22.659 9.89396 1279.28 1273.33 1101.53 200.31 188.022 188.247 12.2885 4.25907 901.22
internal_count=285607 112116 173491 90202 15338 74864 2523 81279 50766 92212 1286 1775 21914 14396 3409 3483 1086 264 7518 2087 1368 72341 72180 70812 12562 9004 10987 3558 852 58250
is_linear=0
shrinkage=0.1


Tree=83
num_leaves=31
num_cat=0
split_feature=86 86 86 170 156 161 73 66 170 6 223 3 73 142 157 145 176 126 129 201 204 184 94 146 220 164 146 9 211 79
split_gain=33.1472 7.71292 7.40949 4.53828 4.92853 4.47272 6.37518 4.33706 5.93852 6.25369 5.03358 6.49579 5.49513 6.37438 5.01674 4.87888 6.76518 4.44914 5.62733 5.45049 5.34221 4.95708 5.65484 5.20335 4.67992 4.30152 4.22097 4.69675 6.83068 4.16538
threshold=-0.93582496047019947 -1.1152490973472593 -0.76440677046775807 0.48177884519100195 0.64346247911453258 2.6733570098876958 0.013606071937829258 2.3468490839004521 0.43581336736679083 0.18350168317556384 -0.071268677711486803 0.23117408901453021 0.13389356434345248 0.00059980989317409705 0.51441779732704174 0.011464076116681101 -0.31816837191581721 0.015219196211546661 0.0063195168040692815 0.15742658078670504 -0.10950377210974692 -0.082589581608772264 -0.11344063282012938 -0.0038555141072720285 -0.028208399191498753 4.9938225746154794 -0.0056483102962374679 0.01120456960052252 0.11617168411612512 0.53197279572486889
decision_type=2 2 2 2 2 2 2 2 2 10 2 10 2 2 2 2 2 2 2 2 2 2 2 2 2 2 2 10 2 2
left_child=1 29 -2 4 -3 6 -5 8 -4 10 15 17 14 -14 -13 -10 -17 18 -12 20 -19 22 -20 -23 -25 26 -9 -28 -29 -1
right_child=2 3 7 5 -6 -7 -8 25 9 -11 11 12 13 -15 -16 16 -18 19 21 -21 -22 23 -24 24 -26 -27 27 28 -30 -31
leaf_value=0.060803943645115668 0.083571355815838286 0.085343280986055342 0.11583714771739338 0.069133025834331979 -0.10046800037129316 0.072440262257830235 -0.15506658220738168 0.092506854060232527 0.074821306252320294 -0.0014567266250689729 0.10512820364425046 0.0059234966539367679 0.044209876986557789 -0.14113066303446012 0.080330062659817375 0.14946532676973676 -0.013276063345222808 -0.016170043649160869 -0.069838572120005687 -0.13542109878307246 0.082587364105494276 0.084573626440056907 0.11640729267767486 0.063479470919113351 -0.016837322371389088 0.085907792616265591 0.10014057926473957 0.12648604077092052 -0.015028554097915184 0.14645079252234647
leaf_weight=540.19612257726612 1829.948216856515 401.60826183349354 65.836746430859421 3.2016197705715959 1.4325823201215815 884.06775227253456 2.1003402419119084 358.71602358558152 66.063233285390197 8.3670189062027003 302.22723479423712 9.8027407791264505 7.2697844221452197 2.4916685449015858 119.83322653008508 3.103093219489895 14.44511609129904 5.9279521918124365 1.6977833544269731 1.2497332656357674 72.081840115229397 62.856785597223734 40.967180341244784 20.346149345341022 11.275172543795632 271.96348280392158 292.86823904712878 129.98706525135572 3.5027507425647846 5.7388027081651662
leaf_count=37541 92068 21238 2196 160 51 53086 221 22663 2528 1353 8104 2674 427 288 2090 64 1055 408 98 149 2712 1624 914 633 978 6855 16464 6190 656 193
internal_value=0 0.0716704 0.0880968 0.0758802 0.0846828 0.0718911 -0.0196823 0.0925185 0.087041 0.0845132 0.0854831 0.0884198 0.0692554 -0.00309939 0.0747036 0.0623715 0.0155019 0.0935708 0.0975047 0.0717637 0.0750828 0.0807044 0.108996 0.0679284 0.034841 0.0967462 0.100501 0.107227 0.122773 0.0617043
internal_weight=0 1838.35 3702.83 1292.41 403.041 889.37 5.30196 1872.88 815.842 750.006 741.639 658.027 139.397 9.76145 129.636 83.6114 17.5482 518.63 439.37 79.2595 78.0098 137.143 42.665 94.4781 31.6213 1057.04 785.074 426.358 133.49 545.935
internal_count=285681 112490 173191 74756 21289 53467 381 81123 28295 26099 24746 21099 5479 715 4764 3647 1119 15620 12351 3269 3120 4247 1012 3235 1611 52828 45973 23310 6846 37734
is_linear=0
shrinkage=0.1


Tree=84
num_leaves=31
num_cat=0
split_feature=86 86 93 86 93 75 5 68 121 163 155 203 224 126 97 66 198 66 177 77 119 210 13 128 170 206 163 219 118 96
split_gain=40.1924 12.6145 7.19023 5.48522 5.15923 5.00139 4.81718 7.61331 7.66722 5.55028 5.4183 5.65394 5.63046 8.56805 8.17683 4.56551 4.54348 5.14178 4.83836 4.5773 4.87059 4.42116 4.48237 4.40159 7.77853 5.66571 4.82194 4.70792 4.32606 4.29032
threshold=-0.94577196240425099 -1.1817154288291929 0.093066472560167326 -0.76440677046775807 0.18408870697021487 0.44610282778739935 0.090593434870243086 34.95301818847657 0.12903235107660296 0.47862073779106146 -0.04754935018718242 -0.054552771151065819 -0.097470462322235094 -0.034187225624918931 0.040092358365654952 0.23795470595359805 -0.010942944325506685 8.9322071075439471 -0.18494758009910581 0.10432213917374612 0.04538980498909951 -0.022597767412662503 0.040501482784748084 0.02339896094053984 0.54916828870773327 -0.070649798959493623 -0.71915128827095021 -0.013361324556171892 0.049634687602519996 -0.075974583625793443
decision_type=2 2 2 2 2 2 8 2 2 2 2 2 2 2 2 2 2 2 2 2 2 2 10 2 2 2 2 2 2 2
left_child=1 -1 3 -2 6 -5 7 -3 10 29 11 -9 13 -12 -15 -14 18 -18 -6 20 -20 22 -21 -4 25 -25 28 -28 -26 -8
right_child=2 4 23 5 16 -7 9 8 -10 -11 12 -13 15 14 -16 -17 17 -19 19 21 -22 -23 -24 24 26 -27 27 -29 -30 -31
leaf_value=0.051887496295340119 0.085573812677474853 -0.16032797968738588 0.083504137095668493 0.094494856351353573 0.12054772717997519 -0.024347032106386876 0.1023837096666249 -0.16589055028641919 -0.021187728676798884 0.01334047207831115 -0.006577049284341694 0.034026550436659191 0.10632795333610071 0.12531675093748279 -0.058404887492049667 0.067333377909620407 0.075570596352262112 -0.056033817106264573 0.03210655254074584 -0.030757316452930252 0.080459571609142799 0.09749335128978602 0.086905342797656382 0.011980167013193351 0.0022692715337566099 0.080287613848028003 0.046704206414993003 -0.074698382908708144 0.1355052372032946 0.0807762435369766
leaf_weight=325.19750533498564 1326.1207314628111 1.4223562108493286 690.21555413235637 1625.5653741622866 10.172362659010103 3.5489375556126097 123.93475292146923 1.6485174806998646 8.7852836739043578 10.639954544540386 6.323146123679634 9.9721394979255802 32.704463830853911 50.728975427777186 2.5439869750271091 366.45116760304381 237.09485664131034 3.0063873603617131 115.2721799308033 6.458315196980946 25.427444908692451 31.950594872582769 6.492375869681382 13.363368516684202 5.1663901838401234 132.94316359444338 5.2459435862965611 8.1675257032266 4.612809345475398 355.43160229086288
leaf_count=23536 64019 654 35025 69167 965 178 5320 249 777 5404 541 828 1182 1653 236 24155 13219 1760 7915 638 1307 1265 272 2034 207 5606 609 1220 90 15853
internal_value=0 0.0696373 0.0880074 0.0903489 0.0737414 0.094236 0.0778001 0.0706864 0.0713722 0.084777 0.0731009 0.00566612 0.0748091 0.10348 0.116543 0.0705284 0.0647035 0.0739227 0.0533969 0.0497165 0.040845 0.0775156 0.0282287 0.0799583 0.0655193 0.0740485 0.0117145 -0.0272184 0.0651161 0.0863626
internal_weight=0 1731.66 3814.95 2955.24 1406.46 1629.11 970.586 480.58 479.158 490.006 470.372 11.6207 458.752 59.5961 53.273 399.156 435.875 240.101 195.773 185.601 140.7 44.9013 12.9507 859.715 169.499 146.307 23.1927 13.4135 9.7792 479.366
internal_count=285884 107729 178155 133364 84193 69345 56852 30275 29621 26577 28844 1077 27767 2430 1889 25337 27341 14979 12362 11397 9222 2175 910 44791 9766 7640 2126 1829 297 21173
is_linear=0
shrinkage=0.1


Tree=85
num_leaves=31
num_cat=0
split_feature=86 86 86 173 17 215 4 195 182 122 190 189 66 137 198 88 156 208 170 4 168 3 168 7 164 150 157 147 75 163
split_gain=32.2506 9.93175 8.62527 6.982 5.98386 5.3663 5.41767 5.24899 5.89234 6.63619 6.57926 5.85029 5.64556 5.25878 5.22053 5.87758 5.05138 6.00836 5.04727 7.51704 5.03181 4.94495 4.92582 7.16202 4.88957 4.62442 4.56255 4.56245 5.36903 4.52657
threshold=-0.94577196240425099 -1.1152490973472593 -0.57369077205657948 0.25978729128837591 7.5000000000000009 -0.14224879443645475 0.070505388081073775 -0.16113173961639402 0.015640464611351493 0.083965506404638304 0.015320680569857361 0.020113953389227394 8.1257772445678729 -0.0012282067909836767 0.069816447794437422 0.82340031862258922 0.20483683049678805 -0.00352455663960427 0.52310138940811168 0.12556306272745135 4.1289913654327401 0.11167800426483156 2.9209378957748418 0.23484848439693454 4.9380581378936776 -0.032954942435026162 0.43620117008686071 -0.0068270070478320113 0.028370221145451072 -0.40546309947967524
decision_type=2 2 2 2 2 2 8 2 2 2 2 2 2 2 2 2 2 2 2 8 2 8 2 10 2 2 2 2 2 2
left_child=1 18 4 -4 14 -5 -7 11 9 -9 12 -6 -10 -13 26 -16 22 21 29 25 -12 27 23 24 -3 -20 -2 28 -18 -1
right_child=2 16 3 5 7 6 -8 8 10 -11 20 13 -14 -15 15 -17 17 -19 19 -21 -22 -23 -24 -25 -26 -27 -28 -29 -30 -31
leaf_value=0.072083782079648551 0.046790319417945522 -0.040750494869501858 0.10798449924169291 -0.074136767364502379 0.075855958400136758 0.030179833781156892 0.091086963088889847 0.10498018888847534 0.10100938821716827 -0.039465605705256528 0.067434908219501224 -0.15290949869203729 -0.022280705660963806 0.045646881179580427 0.092630853641026217 -0.094882676534774071 -0.10721596604100446 0.080340750685344353 -0.0020233807378070537 0.0080451673588008334 -0.064019916707198851 0.064690590729038419 0.086546240075189351 0.12954211110936731 0.064407988648671977 0.064570663358121103 0.081890485005859728 -0.037353256318429173 0.11198731367225628 0.045573988044600049
leaf_weight=290.11048290339841 37.745237070928397 9.6403049257455731 345.69800158309454 2.1103598669960766 16.536297826647573 15.884534490838631 181.18186306618736 380.54433203688222 133.05334862831637 3.207405116570043 91.318762187398534 2.435317530204884 3.8207286435965662 2.949262070700569 567.98385447309806 1.6765378949025933 1.3896227024979477 357.6237275121739 11.593159533853393 41.04967122682865 3.0077698562517972 360.37003400464528 459.07011711705081 6.5845342333714134 8.1679278564988618 103.72171609865836 1962.6865278883054 9.3339384484816019 5.7035458787122479 82.79193290131343
leaf_count=9375 20045 3775 16495 238 952 1809 3220 16209 4770 282 4826 266 1111 172 29954 248 241 11086 1432 4986 260 8309 42424 1020 865 7210 77108 1938 454 14790
internal_value=0 0.0713115 0.0877599 0.0993921 0.0857836 0.0844789 0.0861775 0.094461 0.096175 0.103773 0.0835639 0.0463767 0.0975678 -0.0441555 0.0836333 0.092079 0.0762818 0.0710565 0.0598745 0.0447939 0.0632432 0.0622447 0.0842195 0.0404303 0.00748152 0.0578756 0.0812282 0.00858837 0.0690432 0.0661981
internal_weight=0 1747.15 3751.84 544.875 3206.97 199.177 197.066 636.873 614.952 383.752 231.201 21.9209 136.874 5.38458 2570.09 569.66 1217.88 734.421 529.267 156.365 94.3265 376.797 483.463 24.3928 17.8082 115.315 2000.43 16.4271 7.09317 372.902
internal_count=285870 107905 177965 21762 156203 5267 5029 28848 27458 16491 10967 1390 5881 438 127355 30202 70112 22028 37793 13628 5086 10942 48084 5660 4640 8642 97153 2633 695 24165
is_linear=0
shrinkage=0.1


Tree=86
num_leaves=31
num_cat=0
split_feature=86 86 175 157 170 196 73 222 79 179 103 141 146 175 66 136 70 160 17 78 6 163 171 209 109 113 218 94 197 193
split_gain=32.9782 13.927 7.3982 5.67857 5.77015 5.89225 5.6994 5.41307 5.22084 5.07693 4.77636 5.04799 4.81027 5.33364 4.60154 4.70497 4.45166 4.57868 6.08792 4.91241 4.65006 5.9892 4.39008 4.30062 5.8221 5.87176 5.41459 8.2299 5.38399 4.85924
threshold=-1.0720092654228208 -0.81347760558128346 0.60585469007492077 0.62632915377616893 0.51779085397720348 -0.020773733034729954 0.15707236528396609 0.088154997676610961 0.28918129205703741 0.29995828866958624 0.07279695570468904 0.020099349319934848 -0.0072858424391597501 -0.046720938757061951 2.1794948577880864 -0.019269801676273342 2.5000000000000004 1.0000000000000002 13.500000000000002 0.124143835157156 1.0000000180025095e-35 0.10616483911871911 -0.21399675309658048 0.038278833031654365 -0.037581296637654298 -0.011263412889093159 0.010420588310807945 0.064897917211055769 -0.16294540464878079 -0.14686479419469831
decision_type=2 2 2 2 2 2 2 2 2 2 2 2 2 2 2 2 2 2 2 2 8 2 2 2 2 2 2 2 2 2
left_child=-1 2 16 4 9 6 -6 10 -8 23 11 14 -12 -14 15 -7 -2 18 19 -18 21 -19 -10 26 25 -25 -3 -28 -29 -27
right_child=1 3 -4 -5 5 7 8 -9 22 -11 12 -13 13 -15 -16 -17 17 20 -20 -21 -22 -23 -24 24 -26 29 27 28 -30 -31
leaf_value=0.063220768772263208 -0.077088983389886276 0.092951657249131708 0.12959423650007093 0.097094728146616849 0.095302782820241239 0.09654888765163061 -0.035362207734297463 0.014883486854112379 -0.14400018950876878 0.13002126179442344 0.08655381621326147 0.10287767920800446 -0.008549457461892401 0.065242481787997658 0.084727564295241142 0.034309569520421988 0.082548426357168692 -0.057945052321231018 0.10807698729728901 0.053208776535838734 0.074762934897769709 0.063963916578363963 0.1037935356508686 -0.050693974656439156 0.10420078261117512 -0.14254513967860447 0.086037303488037453 -0.18175127270439928 0.051209302861435373 0.089820306943378447
leaf_weight=762.56593096831784 1.816293082305491 437.15785259832955 29.750227835527312 912.33922439691742 204.32964489246069 16.09641488603711 6.5579505575169597 17.255892471254356 0.78359873535373381 32.993614577886092 20.772112133990049 64.85995762084076 20.309390454585809 18.919975351709354 86.274372445485824 49.487294664898855 1301.5715503539379 6.0188226719383264 90.282478277442806 59.683775896300631 822.61394229403777 12.195438019794663 8.1642811279366452 4.5341440236393309 276.16006457538811 0.9521271849548637 201.15301555933706 1.004479110179999 80.260818702337247 16.426966868156796
leaf_count=51986 171 22384 1865 6697 16158 1033 1017 2277 124 2696 1991 3660 2049 1487 9646 3878 63804 3225 3165 3991 38945 10095 609 749 13747 94 12352 95 4751 1164
internal_value=0 0.0856073 0.0800469 0.0908246 0.087168 0.0784837 0.0908672 0.0692232 0.0324173 0.0914151 0.0726118 0.0795247 0.0476431 0.0270397 0.0695504 0.0495852 0.0794044 0.0795284 0.0829299 0.081262 0.0736564 0.0236796 0.0820933 0.0901634 0.100264 0.0506498 0.0859794 0.075187 0.0483298 0.07709
internal_weight=0 4800.73 2323.93 2476.79 1564.45 513.811 219.835 293.975 15.5058 1050.64 276.72 216.718 60.0015 39.2294 151.858 65.5837 2294.18 2292.37 1451.54 1361.26 840.828 18.2143 8.94788 1017.65 298.073 21.9132 719.576 282.418 81.2653 17.3791
internal_count=285905 233919 125261 108658 101961 43929 17908 26021 1750 58032 23744 18217 5527 3536 14557 4911 123396 123225 70960 67795 52265 13320 733 55336 15754 2007 39582 17198 4846 1258
is_linear=0
shrinkage=0.1


Tree=87
num_leaves=31
num_cat=0
split_feature=86 86 86 127 163 67 200 5 23 102 170 71 200 160 161 96 199 208 121 206 81 161 117 9 145 170 192 147 203 114
split_gain=37.2387 10.191 8.0985 5.41038 4.84786 4.83179 6.59468 6.14501 6.72268 5.68878 4.61562 4.526 4.57806 4.34428 4.86181 5.6112 4.57742 5.85133 4.46507 6.29222 5.63689 4.96881 4.91845 4.67981 4.73303 4.64902 4.31877 5.49248 4.177 4.13429
threshold=-0.94577196240425099 -1.1152490973472593 -0.79820320010185231 0.0264910226687789 0.20816176384687426 1.1871230006217959 0.10052168741822244 1.0000000180025095e-35 1.0000000180025095e-35 -0.027536885812878605 0.49897336959838873 0.20991431921720508 -0.17234390228986737 1.0000000000000002 2.6733570098876958 -0.03134079743176698 -0.028026115149259564 -0.0072446812409907571 0.048553988337516792 0.038898693397641189 0.21370023488998416 2.9018810987472539 0.03396646864712239 0.018957772292196754 0.022833060473203663 0.52152159810066234 -0.11560823395848273 0.032560575753450401 -0.024099556729197499 -0.0011853020405396817
decision_type=2 2 2 2 2 2 2 8 2 2 2 2 2 2 2 2 2 2 2 2 2 2 2 8 2 2 2 2 2 2
left_child=1 3 5 -1 -5 6 -2 8 9 -7 -4 -9 -13 14 15 -3 17 18 20 23 21 -16 -23 24 -20 -21 27 -12 -24 -28
right_child=2 13 10 4 -6 7 -8 11 -10 -11 26 12 -14 -15 16 -17 -18 -19 19 25 -22 22 28 -25 -26 -27 29 -29 -30 -31
leaf_value=0.053539097245308732 0.094060082678105117 0.051555355637421842 0.097593380173974578 0.081325084335067133 -0.031607981320718119 -0.017466940117575627 0.053234399427288831 0.080859771957351181 -0.11619611791473035 0.073283243229042463 0.10332949638612479 -0.12940362766071295 0.044761918743628386 0.06741402903796441 -0.055354660434648054 -0.12808198744314944 0.074535446030615571 0.105609294068226 -0.082122039561056015 -0.0076522846013773564 0.138623546533645 0.090240884300986188 0.070377143018585317 0.07047520754844798 0.086113478641486385 0.11391273808032494 0.079960669522245523 0.0050626626033220623 -0.025068281491169894 0.091852912909007489
leaf_weight=414.11253079188873 457.11262577634636 7.4809138980435819 876.09089333256179 116.31672482318845 3.9295015113066247 9.1835980330205285 43.315733531937212 968.91104189364091 2.5786287091641489 27.871293268436602 224.83942146941831 1.7577611982542283 10.674523747222791 424.47236416281112 2.7257445178056505 2.2654246309111823 459.44828853717991 137.92303338726379 7.4804776620953781 4.1036799593589448 17.636252570012402 99.656821861777189 12.619475766963662 5.5946552136865657 2.1537229849454889 13.478697050577464 588.12854288658207 5.8355627662817815 7.201890866883331 581.23218728064728
leaf_count=30294 19171 360 39404 4740 2758 5501 3159 38652 1666 9518 8647 40 710 28542 243 288 25700 7329 699 349 624 3627 447 478 90 449 27069 788 540 23613
internal_value=0 0.0704547 0.0881253 0.0589613 0.0776346 0.0824768 0.0905263 0.0785314 0.0399274 0.0507919 0.0919008 0.0800905 0.0201372 0.0755547 0.0799861 0.00980072 0.0808745 0.0902521 0.077984 0.0447844 0.0857738 0.0781466 0.0811923 -0.00226957 -0.044513 0.0855398 0.0883385 0.100844 0.035698 0.0858717
internal_weight=0 1738.6 3797.53 534.359 120.246 1521.41 500.428 1020.98 39.6335 37.0549 2276.13 981.343 12.4323 1204.24 779.769 9.74634 770.023 310.574 172.651 32.8112 139.84 122.204 119.478 15.2289 9.6342 17.5824 1400.04 230.675 19.8214 1169.36
internal_count=285495 107557 177938 37792 7498 78417 22330 56087 16685 15019 99521 39402 750 69765 41223 648 40575 14875 7546 2065 5481 4857 4614 1267 789 798 60117 9435 987 50682
is_linear=0
shrinkage=0.1


Tree=88
num_leaves=31
num_cat=0
split_feature=86 86 170 86 88 93 157 74 156 157 4 153 74 199 202 199 149 12 98 203 218 114 157 96 119 131 66 95 155 209
split_gain=36.4075 10.2843 8.24212 7.99593 6.3277 6.30468 5.46452 5.60238 4.82174 7.83802 6.03394 5.65256 5.38698 5.25782 5.63618 7.04488 6.79932 5.94751 5.18203 7.63975 5.11809 5.0592 5.03004 6.39802 4.95931 4.73748 6.29778 7.34669 5.30554 4.74251
threshold=-0.95708391070365895 -1.1817154288291929 0.41605599224567419 -0.82948100566864003 0.8045029640197755 0.34220205247402197 0.68788212537765514 0.60763889551162731 0.27311578392982488 0.59821906685829174 0.23669467866420749 0.01279122242704034 0.11173533275723459 -0.024699762463569638 0.12613314390182498 0.054361153393983848 -0.044043825939297669 271.00000000000006 0.021912273950874809 -0.12213888764381407 0.010420588310807945 0.052217246964573867 0.48972110450267797 -0.080615364015102373 0.047763617709279067 -0.022823845036327835 5.0653138160705575 -0.10687475651502608 0.040585728362202651 0.024900211952626709
decision_type=2 2 2 2 2 2 2 2 2 2 10 2 2 2 2 2 2 10 2 2 2 2 2 2 2 2 2 2 2 2
left_child=1 -1 4 -4 -2 6 7 -3 10 12 22 -12 25 -11 16 -16 17 -15 19 -18 -14 24 23 -5 -21 26 28 -28 -10 -27
right_child=2 5 3 8 -6 -7 -8 -9 9 13 11 -13 20 14 15 -17 18 -19 -20 21 -22 -23 -24 -25 -26 29 27 -29 -30 -31
leaf_value=0.05438599562742872 0.11270848796741043 0.074413460355959554 0.080067322677555341 0.10632539558106593 -0.14696359595086445 0.056632600282858964 0.1017844747277426 0.18830807588700624 0.09627307037774846 0.097797360416888246 0.10582732291346704 0.22676319854739257 0.10746436384936674 -0.061265707567072308 -0.028677157171877556 0.085370014605220063 0.1278538677981729 0.10641515438228893 0.096121188998871787 0.076831119530067063 0.065448558735113599 -0.034008400719670852 0.096346640011085907 0.061777721137969789 0.02384190334774763 0.033242070706081206 0.15937947049817189 -0.010143449985462905 -0.06868770645329457 0.07049033643437197
leaf_weight=332.30463780234459 146.03951755480557 1064.5030798370813 1174.2161659866097 48.140251960691785 0.94448427595398143 179.66393521361761 81.200726580005721 4.3364258660958503 80.505073722164525 498.44348553138298 9.3493323458048945 6.5884265708309604 71.536015968940774 5.7849421120481548 9.9031595028136525 11.954684884331071 24.300668092502747 3.3345806106808595 277.67519799718502 157.21535508928719 48.749691511635319 4.7213739691651417 1023.9694230477799 97.611506960381348 19.897652292907878 66.516060958605522 3.1944533545247404 12.799636956904575 1.9980905279226124 70.31721433938219
leaf_count=23614 5609 65796 62903 15408 113 12647 516 149 2975 4490 2360 1240 3496 119 332 258 186 26 3124 2229 2713 110 34794 27475 349 5773 115 2600 154 3880
internal_value=0 0.0701215 0.0878131 0.0868975 0.11104 0.0740539 0.0767755 0.0748755 0.0900371 0.0859937 0.0947053 0.15582 0.0732208 0.0904766 0.0833883 0.0336985 0.0855917 4.72984e-05 0.0872042 0.0751924 0.0904361 0.0681547 0.0938726 0.0764913 0.0708781 0.0644215 0.0811446 0.0237149 0.092278 0.0523836
internal_weight=0 1662.01 3875.71 3728.72 146.984 1329.7 1150.04 1068.84 2554.51 1368.85 1185.66 15.9378 355.616 1013.23 514.788 21.8578 492.93 9.11952 483.81 206.135 120.286 181.834 1169.72 145.752 177.113 235.331 98.4973 15.9941 82.5032 136.833
internal_count=285553 102722 182831 177109 5722 79108 66461 65945 114206 32929 81277 3600 21706 11223 6733 590 6143 145 5998 2874 6209 2688 77677 42883 2578 15497 5844 2715 3129 9653
is_linear=0
shrinkage=0.1


Tree=89
num_leaves=31
num_cat=0
split_feature=86 86 160 156 86 170 82 163 146 158 185 202 124 8 143 188 188 113 176 156 150 135 233 161 198 132 106 157 157 68
split_gain=33.5913 9.35569 6.65172 6.43477 5.41951 5.27067 5.12634 5.14346 4.94109 5.67298 4.851 4.9861 5.02794 4.76087 6.09342 5.40893 4.35895 5.51506 4.27014 4.24313 4.14709 4.11257 4.05303 4.41038 4.0508 4.0213 3.94069 4.48672 3.90787 4.2148
threshold=-0.93582496047019947 -1.1817154288291929 1.0000000000000002 0.503086417913437 -0.79820320010185231 0.54438480734825145 0.016261236742138866 -0.63133573532104481 -0.0065018967725336543 0.45000000298023229 0.12492875382304193 0.01823956519365311 0.036207593977451331 0.16100484877824786 -0.04057649336755275 -0.014766206499189137 -0.04081097058951854 0.014124328736215832 -0.17996312677860257 0.35574388504028326 0.0058746391441673049 0.028398325666785244 0.026780632324516777 3.9341038465499882 -0.18258674442768094 0.032098917290568359 -0.11044267937541007 0.53660830855369579 0.4277342706918717 34.969526290893562
decision_type=2 2 2 2 2 2 2 2 2 2 2 2 2 10 2 2 2 2 2 2 2 2 2 2 2 2 2 2 2 2
left_child=1 28 -3 5 -2 -4 16 -8 9 -5 11 12 -6 14 -14 25 17 21 -12 -19 -18 -7 -16 -24 -13 -15 27 -20 29 -1
right_child=4 2 3 8 10 6 7 -9 -10 -11 18 24 13 15 22 -17 20 19 26 -21 -22 -23 23 -25 -26 -27 -28 -29 -30 -31
leaf_value=0.33465296854194165 0.083382519836859473 0.079730353466711201 0.073609733434961286 -0.05391754846045637 0.087081940880385469 0.062901140658264354 0.039634928580264149 -0.088994838763104545 0.062242551039392829 0.056064124003992799 0.13840035871365683 0.015603264155014779 -0.13209035255550469 0.082253520195268714 0.10862037801880153 0.015004632889176828 0.04559323899479991 0.14969842924502375 0.086943079032416618 -0.13990959199640718 -0.061526158242966172 -0.12321541112578782 0.064117330294042083 -0.12948358396122323 0.096158972350563143 -0.14662521237380327 0.099644460345341204 -0.14642934096736657 0.058701646331491775 -0.0026418323254034002
leaf_weight=0.38027416941349557 1447.7596879933863 990.28664999200851 398.30245486420267 11.50225204108756 1010.211221716675 15.804164946099723 7.7085990248488088 5.2094890264343103 19.439797734959939 7.9188393964941488 29.216544244363376 6.2953556753982403 1.2235093448280157 27.90109875573717 36.278609987887194 29.559428022080738 33.351739588079909 11.607659756554309 2.0162067443661722 0.52895408985932668 4.053401540352751 1.2836877380832437 7.013760007486324 1.4138927644278281 741.43164759216575 0.78935452390760374 336.29275960313771 1.3929817591051685 315.62035946981268 14.375726969046807
leaf_count=366 74035 52294 26856 439 44482 1394 336 1478 558 165 1351 1178 223 1277 1870 1944 3157 785 173 47 845 226 739 196 33071 105 12758 57 14774 8428
internal_value=0 0.0715902 0.0749313 0.0657339 0.0881472 0.0689163 0.0454156 -0.0122377 0.0266019 -0.00907315 0.0912391 0.0891636 0.0849249 0.0640083 0.0880825 0.0450259 0.0565934 0.0855301 0.101715 0.137076 0.0339853 0.0489195 0.0941082 0.0316372 0.0954807 0.0759564 0.09856 -0.00841202 0.05635 0.00605053
internal_weight=0 1837.37 1507 516.711 3678.8 477.85 79.5477 12.9181 38.8609 19.4211 2231.04 1862.12 1114.39 104.18 45.9298 58.2499 66.6296 29.2245 368.918 12.1366 37.4051 17.0879 44.7063 8.42765 747.727 28.6905 339.702 3.40919 330.376 14.756
internal_count=285607 112148 88580 36286 173459 35124 8268 1814 1162 604 99424 85085 50836 6354 3028 3326 6454 2452 14339 832 4002 1620 2805 935 34249 1382 12988 230 23568 8794
is_linear=0
shrinkage=0.1


Tree=90
num_leaves=31
num_cat=0
split_feature=86 86 93 83 195 195 90 4 161 156 222 192 224 180 131 151 2 222 7 151 6 172 4 212 192 147 179 208 157 117
split_gain=36.1313 10.3475 5.83734 4.91804 5.14213 5.06924 4.40822 5.54512 5.50246 5.44219 4.7848 4.39837 5.15979 5.55017 5.31663 4.26056 6.25334 6.75002 4.52016 4.54832 4.2425 9.12338 4.63025 7.20695 4.6433 4.94493 4.3867 6.27881 4.18527 4.44043
threshold=-0.93582496047019947 -1.1817154288291929 0.34220205247402197 7.5000000000000009 -0.13575528562068936 -0.094100221991538988 2.1589474678039555 0.25357143580913549 3.8393857479095463 0.15170694142580035 -0.016675806604325768 -0.056066161021590226 -0.082292102277278886 -0.1167282573878765 -0.034879902377724641 0.010804785881191494 0.060819463804364211 0.070496741682291045 0.1053953990340233 -0.03215502202510833 0.050252525135874755 -0.36841936409473414 0.08780264109373094 -0.13677617907524106 0.15750596672296527 0.00098799954866990469 -0.074584219604730592 -0.11798163503408431 0.64017945528030407 -0.011374302208423613
decision_type=2 2 2 2 2 2 2 10 2 2 2 2 2 2 2 2 10 2 8 2 10 2 10 2 2 2 2 2 2 2
left_child=1 15 28 5 -5 -2 -7 8 9 -8 -9 -10 14 -14 -13 18 -17 -18 19 -1 21 -6 -22 -24 26 -26 -25 -28 29 -3
right_child=3 2 -4 4 20 6 7 10 11 -11 -12 12 13 -15 -16 16 17 -19 -20 -21 22 -23 23 24 25 -27 27 -29 -30 -31
leaf_value=0.065091964271819194 0.095465060743150004 0.066272708535222755 0.0586765438974515 0.0606995579184808 -0.086028824375977905 0.082040148163527365 0.11774854693634369 -0.16174322898775292 0.10105574281517951 0.092201495776227868 0.061190442897771806 0.082580989395289323 0.018868053057886539 0.084311844627709201 -0.028680324627738285 0.096141188688507268 0.057942015876740798 -0.073033390757768074 0.051317243241604464 -0.049121151105822207 0.10042754395244034 0.10991073799041601 -0.11060144152673934 0.10773918095416553 -0.12423200626904995 0.053521988863927443 -0.1226648589794867 0.077589515038369847 0.088419756954393344 0.079543666182913114
leaf_weight=5.6168523417072711 524.00787498810587 416.93065829413422 197.62229290602727 40.110927519643155 2.3994108161477916 1778.8220465365303 109.15958305481513 1.5675709190622908 57.294126360906603 353.1624677702348 2.495233513313905 7.3527146830015253 14.92777064265192 98.254970120186499 10.327087230865798 51.723852575192268 36.424181181122094 4.4113803846485089 213.90268080623764 9.1941053675736821 271.72826302166868 247.33014579188853 1.9560916354821518 60.508929506980166 2.0794321644489155 6.3264636174671978 1.5850200746046983 128.57178509140203 261.99548203156519 637.850485100387
leaf_count=1490 23253 29016 13541 2556 233 86800 9595 430 2710 11139 557 233 1302 4447 586 3785 1727 360 12374 3817 9147 14255 227 1172 187 239 161 4404 2415 43710
internal_value=0 0.0712445 0.0747025 0.0883896 0.0955499 0.0865432 0.084622 0.0916386 0.092366 0.0982335 -0.0248251 0.077949 0.0678324 0.0756804 0.0175913 0.0549439 0.0730461 0.043793 0.047618 -0.0058074 0.0974848 0.108028 0.0919153 0.0804093 0.0822862 0.00954959 0.085493 0.0751509 0.0771077 0.074298
internal_weight=0 1835.67 1514.4 3719.97 762.596 2957.37 2433.36 654.542 650.479 462.322 4.0628 188.157 130.863 113.183 17.6798 321.273 92.5594 40.8356 228.714 14.811 722.486 249.73 472.756 201.028 199.072 8.4059 190.666 130.157 1316.78 1054.78
internal_count=285868 112235 88682 173633 32581 141052 117799 30999 30012 20734 987 9278 6568 5749 819 23553 5872 2087 17681 5307 30025 14488 15537 6390 6163 426 5737 4565 75141 72726
is_linear=0
shrinkage=0.1


Tree=91
num_leaves=31
num_cat=0
split_feature=86 86 93 207 129 9 157 156 192 74 3 161 144 80 171 126 186 172 162 214 117 85 144 115 161 112 75 187 111 186
split_gain=31.918 10.3813 5.96254 5.16326 8.67197 5.50247 5.14077 5.61391 5.28277 5.76784 5.41486 7.03837 8.39136 5.76946 5.77536 5.51307 6.03654 5.19088 4.75235 4.74033 7.38934 4.71136 4.69647 5.39759 5.7111 4.82629 4.62587 6.45812 5.99784 5.68681
threshold=-0.94577196240425099 -1.1817154288291929 0.36676779389381414 -0.12407819926738738 0.0097377612255513685 0.0043830440845340499 0.68788212537765514 0.15821565687656405 -0.056066161021590226 0.28097587823867803 0.1996472701430321 2.7981818914413457 -0.0063135402742773286 1.0000000180025095e-35 -0.017047430388629433 0.034918770194053657 -0.15594537556171414 -0.20772697031497953 143.57722473144534 -0.083064321428537355 -0.024300844408571717 51.500000000000007 0.0080116819590330141 -0.0085174040868878347 3.418803453445435 -0.050120176747441285 0.026671408675611023 -0.048912286758422845 -0.048248060047626488 0.039438892155885703
decision_type=2 2 2 2 2 10 2 2 2 2 8 2 2 2 2 2 2 2 2 2 2 2 2 2 2 2 2 2 2 2
left_child=1 19 -3 4 -2 -6 7 26 -9 10 -10 12 -12 17 15 -15 -17 -13 -11 20 -1 -22 -8 24 -24 -25 27 -5 -29 -30
right_child=3 2 -4 6 5 -7 22 8 9 18 11 13 -14 14 -16 16 -18 -19 -20 -21 21 -23 23 25 -26 -27 -28 28 29 -31
leaf_value=-0.046729030425464002 0.10479713359438264 0.078031416017354846 0.058123570437844746 0.10384258219281046 0.0034446864508466454 0.079328266454694651 0.10695589298302961 0.090253630774181026 0.088095190407178114 0.048473840861598019 0.091978815452191456 -0.014569969861073229 -0.018110612189537613 0.087536060315272668 0.059110762478588354 0.11789700873652527 0.004804730364884385 0.0634367304750382 0.1147980100296831 0.059809388814595549 0.095473867213481819 -0.0042372181257784199 -0.021981867035001573 0.039824814235119244 0.073843608389894427 0.10412814982887375 0.099245419705765794 0.031756572570454014 0.067760612857326416 0.10524760462490711
leaf_weight=11.079955501217229 344.36399047824102 1251.3770121408206 171.00604638676896 105.21976788184418 12.565600063702957 39.89246239333761 227.52249682343245 715.43942736516328 667.71326347879767 87.706067465907836 11.758763436671872 9.2646784382013703 16.838539218137157 522.30381655805286 98.447629139307537 6.6376944932635551 16.334688685394212 107.6549328699839 12.321211111629962 300.37282277276381 11.774612008604892 7.930226938150553 8.7785427041526436 13.693421952455536 21.335712962289108 79.069630849175155 469.40795514002525 29.5743228212134 120.80398343423246 60.852240559560641
leaf_count=927 10586 72293 11754 12975 2084 1914 931 21385 23415 4440 334 483 702 14442 3709 103 865 3545 204 20828 915 1054 47 101 163 361 47320 4467 15475 7662
internal_value=0 0.0719254 0.075638 0.0882317 0.0990274 0.0611514 0.0869749 0.0856604 0.0831408 0.0798724 0.0814672 0.0758598 0.0271564 0.0776909 0.0814026 0.0854273 0.0374819 0.0572555 0.0566436 0.0559792 0.0186069 0.0553451 0.0984479 0.0826943 0.0459097 0.0946359 0.092946 0.0836017 0.0735191 0.0803182
internal_weight=0 1753.54 1422.38 3805.5 396.822 52.4581 3408.68 3058.28 2272.42 1556.98 1456.95 789.241 28.5973 760.643 643.724 545.276 22.9724 116.92 100.027 331.158 30.7848 19.7048 350.4 122.877 30.1143 92.7631 785.858 316.45 211.231 181.656
internal_count=285484 107771 84047 177713 14584 3998 163129 161526 73627 52242 47598 24183 1036 23147 19119 15410 968 4028 4644 23724 2896 1969 1603 672 210 462 87899 40579 27604 23137
is_linear=0
shrinkage=0.1


Tree=92
num_leaves=31
num_cat=0
split_feature=86 86 74 17 86 68 132 215 221 2 129 141 3 102 68 231 97 119 8 110 205 135 78 180 159 13 161 222 166 171
split_gain=36.3323 9.57854 7.26979 6.17071 5.64294 5.22715 4.42253 4.36173 4.00456 4.29296 4.01027 3.96623 3.73366 5.51229 4.33082 4.48395 3.79418 3.6983 10.2703 4.93688 3.67747 6.31223 4.27969 3.57093 3.51574 3.41576 6.23436 4.52958 3.80367 5.21666
threshold=-0.94577196240425099 -1.1817154288291929 0.31698563694953924 7.5000000000000009 -0.6793040633201598 37.553770065307624 -0.010878978762775658 0.13055375963449481 0.11140619963407518 1.0000000180025095e-35 0.0031163588864728813 0.0062231679912656554 0.31909090280532842 -0.021617458201944825 37.518104553222663 0.025622883811593059 -0.10586852952837943 -0.02027746848762035 0.44453634321689611 -0.070825144648551927 0.18955272436141971 -0.029711431823670861 0.081524144858121886 -0.20345321297645566 0.16318535804748538 0.025346565991640094 3.0516880750656132 -0.057154655456542962 0.8317755162715913 0.49157020449638372
decision_type=2 2 2 2 2 2 2 2 2 10 2 2 10 2 2 2 2 2 10 2 2 2 2 2 2 10 2 2 2 2
left_child=1 6 -3 4 12 -5 24 20 17 11 -11 -10 25 14 -14 -16 -15 18 -7 -20 22 -22 -4 -8 -1 26 27 -2 29 -28
right_child=3 2 7 5 -6 8 23 -9 9 10 -12 -13 13 16 15 -17 -18 -19 19 -21 21 -23 -24 -25 -26 -27 28 -29 -30 -31
leaf_value=-0.060478661745190468 -0.024600438837533989 0.078490662551548962 0.069407844964481019 0.10674082443500144 0.093170454068168498 0.11088064898926038 -0.032439424613075855 -0.020278551082634134 0.13579889505090192 -0.03196639552049238 0.08597780767591974 -0.15626817041729063 -0.038262673205072428 -0.047077926491915945 0.10079394809732362 -0.077078944521684567 0.12199069664051927 0.086912585832376266 0.15221261437174599 -0.25253487189085705 0.11733677502612239 -0.12447592117746549 0.035989965384350127 0.050808405872671096 0.079037576993328543 0.085530383438889801 0.076472066571435918 0.05664096593366183 0.091943512184976164 0.015421679008630618
leaf_weight=1.8479474194873535 7.900236331420273 1129.1188105155361 244.69131448449525 306.32324882422995 911.46312064731774 114.79271390169765 5.2670057865611843 6.4604443025273204 5.7680732376761652 7.9435789965164059 4.5250501989921759 0.50572264579932369 3.8354249323167577 1.3560318645140785 12.893267193059954 1.5922556720834098 62.798337316683273 361.14050602647967 0.40752797406457819 1.1567672188029963 1.8078909880896388 2.6793870775013593 45.438999943962244 237.44727333787569 79.966027813587971 1429.6998863922911 335.68041005056318 52.263306999184465 176.07623048707501 14.605343963974063
leaf_count=716 1041 64074 15245 12624 39524 4393 853 940 448 473 173 105 1682 545 1565 658 6288 15239 5 69 65 520 3278 17851 4299 45538 33483 4567 6850 2850
internal_value=0 0.0712897 0.0748091 0.0886778 0.0866005 0.096469 0.0557795 0.0610023 0.0901283 0.0447859 0.0108373 0.112256 0.0837472 0.104602 0.0562242 0.0812421 0.118417 0.091908 0.107413 -0.147091 0.0627846 -0.0270514 0.0641741 0.0490019 0.0758863 0.0828941 0.0764679 0.0459729 0.0799535 0.0739265
internal_weight=0 1754.73 1430.2 3812.73 3010.16 802.563 324.528 301.078 496.24 18.7424 12.4686 6.2738 2098.7 82.4753 18.3209 14.4855 64.1544 477.498 116.357 1.5643 294.618 4.48728 290.13 242.714 81.814 2016.23 586.526 60.1635 526.362 350.286
internal_count=285961 107841 84122 178120 144591 33529 23719 20048 20905 1199 646 553 105067 10738 3905 2223 6833 19706 4467 74 19108 585 18523 18704 5015 94329 48791 5608 43183 36333
is_linear=0
shrinkage=0.1


Tree=93
num_leaves=31
num_cat=1
split_feature=86 86 93 122 170 157 94 76 104 10 8 90 168 83 9 235 157 74 198 160 2 225 63 83 147 156 157 1 218 13
split_gain=33.8381 12.5718 5.46371 5.42228 4.97158 6.03675 11.1175 7.13617 6.12495 4.73289 4.60684 4.57626 4.3884 4.74916 5.21195 4.23079 4.21118 4.15658 4.10556 4.24207 4.05185 3.94896 5.2434 6.31179 4.57639 3.94808 6.21442 5.28343 4.95496 4.8979
threshold=-1.0720092654228208 -0.79820320010185231 0.30955286324024206 0.033102417364716537 0.42755009233951574 0.47884640097618109 -0.053019402548670762 0.056873315945267684 0.090978566557168974 440.50000000000006 0.2969851046800614 1.4799679517745974 3.353847980499268 15.500000000000002 0.011656512040644886 0 0.34937150776386267 0.49390244483947759 1.0000000180025095e-35 1.0000000000000002 0.042239073663949973 0.11678656190633775 0.42186799645423895 2.5000000000000004 -0.019297606311738488 0.15170694142580035 0.50389498472213756 0.021980676800012592 0.0035721606109291319 0.0051791653968393811
decision_type=2 2 2 2 2 2 2 2 2 8 10 2 2 2 8 1 2 2 2 2 8 2 2 2 2 2 2 8 2 8
left_child=2 4 -1 -4 16 6 7 12 -9 15 -8 -12 17 18 -15 -5 -2 -6 -14 -20 -11 -7 24 -24 -23 29 27 -27 -29 -3
right_child=1 25 3 9 5 21 10 8 -10 20 11 -13 13 14 -16 -17 -18 -19 19 -21 -22 22 23 -25 -26 26 -28 28 -30 -31
leaf_value=0.068682802791987851 -0.0090231488168539282 0.014336249332896935 0.059652117194221248 0.044159926316746402 0.004560626700228154 0.080442337514152265 0.03037640347464168 0.14177644565399958 0.38293566262995754 0.083124237527683206 -0.025878111952008089 0.083772626536772254 0.035590898357617688 0.10140950714245221 0.3973144710501309 -0.055837735323608043 0.10237717901405836 0.16801869085763763 0.16767201964775708 0.048036341390265754 0.018501063998716774 -0.0076142937871731048 -0.14971946721085119 0.072185169756779591 0.10604046503974203 0.092356785735891844 0.090601613750188423 0.00081666992368834436 0.068053608319122091 0.10097395544683714
leaf_weight=540.50843887805104 3.4805719759947342 6.620276795409608 155.55300754183327 6.7498035369544596 10.444727492692435 2065.5321363312942 76.302754903402274 12.957797892113147 1.1463300451196108 15.551778807222943 4.2559920967387361 36.011513715825004 8.9327028815309912 1.310495214611364 1.0906206902873234 11.338035411205057 135.44375306611846 1.8279571068728717 8.1108754654226214 4.6705574840411819 25.79552195116139 3.6486656639735875 1.7879158112500579 4.5281038238526889 122.1128973076593 32.427591859417589 1740.988273342402 19.119269549504679 25.683975314692361 454.53088067848648
leaf_count=35447 1599 10274 11062 2059 4437 71993 30773 3130 266 322 1126 6778 2728 207 112 1643 5059 353 1544 1228 1312 210 91 110 2452 6075 37268 2893 2649 40214
internal_value=0 0.0860932 0.0633195 0.0498354 0.0812013 0.0801212 0.0617958 0.100992 0.161377 0.0241432 0.044818 0.0721833 0.0775869 0.102361 0.235814 -0.0185218 0.0995862 0.0289069 0.0876041 0.123955 0.0428075 0.0815143 0.0982779 0.00936921 0.102743 0.0914662 0.0893703 0.0616128 0.039361 0.0997302
internal_weight=0 4782.97 755.497 214.988 2503.6 2364.67 167.062 50.4921 14.1041 59.4351 116.57 40.2675 36.3879 24.1153 2.40112 18.0878 138.924 12.2727 21.7141 12.7814 41.3473 2197.61 132.078 6.31602 125.762 2279.37 1818.22 77.2308 44.8032 461.151
internal_count=285414 233569 51845 16398 134196 127538 52682 14005 3396 5336 38677 7904 10609 5819 319 3702 6658 4790 5500 2772 1634 74856 2863 201 2662 99373 48885 11617 5542 50488
cat_boundaries=0 1
cat_threshold=1
is_linear=0
shrinkage=0.1


Tree=94
num_leaves=31
num_cat=0
split_feature=86 86 3 138 156 103 11 71 156 157 4 171 73 137 110 164 77 195 67 100 187 112 203 136 157 202 117 152 226 168
split_gain=31.4092 15.7641 5.53486 5.28566 5.21197 4.96825 4.86475 5.21963 4.67845 5.46106 4.92727 4.63974 6.20929 4.69785 5.67944 6.55937 5.17229 4.92913 4.52137 7.03908 4.39561 4.59912 4.30551 4.26571 4.25495 5.45625 4.5804 4.21838 4.156 4.46838
threshold=-0.83693176507949818 -1.1529442071914671 0.27386364340782171 -0.01345452945679426 0.25116822123527532 0.088671285659074797 0.010349444113671781 0.063966177403926863 0.15170694142580035 0.50389498472213756 0.20416666567325595 0.013746987096965315 0.26221245527267462 0.035411333665251739 -0.014294466469436882 3.9607677459716801 0.050423728302121169 0.19066464155912402 3.9862859249114995 -0.044038997963070863 -0.0085244858637452108 0.055532792583107955 -0.15948425978422162 -0.0098193292506039125 0.60610115528106701 0.048931352794170387 -0.020222716033458706 0.001197942881844938 0.089063122868537917 3.6137247085571294
decision_type=2 2 10 2 2 2 8 2 2 2 10 2 2 2 2 2 2 2 2 2 2 2 2 2 2 2 2 2 2 2
left_child=1 4 11 -4 6 8 7 -1 10 28 -2 -3 13 14 15 16 22 -17 -7 -20 21 -8 -13 -11 25 26 27 -16 29 -10
right_child=5 2 3 -5 -6 18 20 -9 9 23 -12 12 -14 -15 24 17 -18 -19 19 -21 -22 -23 -24 -25 -26 -27 -28 -29 -30 -31
leaf_value=-0.060381415469241709 0.098795160682901395 0.079554330073437721 0.10854094429051234 0.077784990550986019 0.044799354541541429 0.082145742890634199 0.04372660427021445 0.13768970110475107 0.030496546166087019 0.097535757084320884 0.15180178481665099 0.15209823067615386 0.13928042281270542 0.095728051973815176 -0.028898968186493706 0.059530336991136627 0.051381584408829319 -0.094305299202146656 -0.098860438759129976 0.062585952703940503 0.083834254439790493 0.11665755019250915 -0.071755011603838806 0.087278248031682493 0.079098098539530787 0.019351724004219837 0.077846816496506294 0.053436364801166009 0.12216124439456098 0.08158158192652501
leaf_weight=5.4976517213890466 451.0215446412974 1562.5904651716517 111.43999915093627 112.07386775534269 193.22662536753705 398.43987945626918 68.665563606522937 1.755213551791712 35.722627681838276 619.72409650039481 18.246054114800472 0.94013543530672805 12.499138515359844 56.126186241445794 7.143243416069935 101.51753118544821 8.5457494047045639 2.1264703657643613 3.4368386422836492 12.606513799932598 110.79183227503654 9.892420707566087 9.9813493993640368 1172.4078663931141 256.21762213393959 28.801124627892477 114.47530286643928 48.282115075013735 10.636656176398899 32.884108974618357
leaf_count=4730 48699 79518 8159 12276 6317 16169 7453 918 9019 12785 3127 71 1869 2720 597 3761 1012 156 1101 2085 8417 417 1813 25862 4340 4620 9581 4480 1109 2342
internal_value=0 0.0751319 0.0781234 0.0931194 0.0564628 0.0901412 0.0679259 -0.0124477 0.0919282 0.0896894 0.100856 0.0766063 0.0694825 0.0681068 0.0654248 0.0463703 -0.00688977 0.0563741 0.08005 0.0280006 0.0710045 0.0529104 -0.0524854 0.0908253 0.0705813 0.0595993 0.0664219 0.042825 0.0639996 0.0549823
internal_weight=0 2822.59 2432.76 223.514 389.829 2755.13 196.603 7.25287 2340.64 1871.38 469.268 2209.25 646.656 634.157 578.031 123.111 19.4672 103.644 414.483 16.0434 189.35 78.558 10.9215 1792.13 454.919 198.702 169.901 55.4254 79.2434 68.6067
internal_count=285523 163225 134973 20435 28252 122298 21935 5648 102943 51117 51826 114538 35020 33151 30431 6813 2896 3917 19355 3186 16287 7870 1884 38647 23618 19278 14658 5077 12470 11361
is_linear=0
shrinkage=0.1


Tree=95
num_leaves=31
num_cat=0
split_feature=86 86 93 157 150 6 138 93 161 116 67 233 155 4 121 156 8 122 70 166 0 196 88 4 224 100 188 152 3 67
split_gain=36.2361 9.96715 5.31289 4.9887 5.90395 5.23331 5.3086 4.93076 5.69851 5.60654 4.88967 4.44224 5.19978 7.34714 4.97137 4.89464 4.15227 4.37736 4.14022 4.07286 4.70678 4.60295 4.01775 4.01746 3.94868 3.87317 5.30224 7.27709 5.04311 3.84277
threshold=-0.93582496047019947 -1.1817154288291929 0.073032509535551085 0.45251888036727911 -0.05619369447231292 0.079286500811576857 -0.059592241421341889 0.34220205247402197 2.7981818914413457 -0.045302711427211755 0.74428370594978344 -0.068611565977334962 -0.0084563433192670328 0.034683240577578552 0.065809894353151335 0.15170694142580035 0.12498414888978006 -0.024363839067518708 2.5000000000000004 0.099481973797082915 0.32392686605453497 0.19150047004222873 0.73189201951026928 0.10471491143107416 -0.0081987921148538572 -0.068931851536035524 0.18074779212474826 0.02551910933107138 0.22276159375905993 0.46643319725990301
decision_type=2 2 2 2 2 10 2 2 2 2 2 2 2 8 2 2 10 2 2 2 10 2 2 8 2 2 2 2 10 2
left_child=1 22 3 4 24 6 -6 8 9 -3 -11 12 16 -14 -15 25 17 -5 -10 -4 -21 -22 -1 -16 -2 26 -13 -28 -27 -20
right_child=2 7 19 11 5 -7 -8 -9 18 10 -12 15 13 14 23 -17 -18 -19 29 20 21 -23 -24 -25 -26 28 27 -29 -30 -31
leaf_value=0.02107566167771132 0.060080096103977403 -0.0098820181415015043 0.10092944783375575 -0.015968033179564044 0.19289372910392535 0.083128763279287018 0.022597517622699625 0.060064589437760399 -0.089783284069476957 -0.030083827933881081 0.07302135246131175 0.088721621514115501 -0.052520082079837951 0.076985650220249752 -0.047048658785298514 0.090912599845441311 0.098628190655699458 0.078900303389643656 0.10869725189798281 0.077350736945052428 0.10326423855587515 -0.11531903227730925 0.059173013407555423 0.063733400715581617 0.28859909829112496 0.11202501417126534 0.082605493285929074 -0.16495046745332945 0.083990809157384688 0.077863323407235924
leaf_weight=30.584682415216776 1.2288562424587328 13.148935262835947 104.23329093091547 6.4542295826593117 1.9401507595423471 49.044885128074839 32.388930589226447 193.51181613825975 1.4565426246949744 5.0898564935773711 47.751157530398814 74.111933117978879 4.9692585729947032 131.95665239376831 6.0844068579353889 1916.564641618369 152.23000582474515 19.736970156547613 41.844656426143956 755.10982115862566 93.607383257087349 0.97340900837116251 291.65060733453674 7.0857316238762005 1.9656926717066188 314.42268510970553 2.9062230355884813 2.0077883006158572 80.622185878176197 1186.41047732374
leaf_count=2633 306 774 4664 384 360 14323 18694 13603 162 333 2836 5496 2569 4503 269 47225 3467 1238 2160 37127 6315 241 21045 412 366 18180 125 125 6618 68836
internal_value=0 0.0715035 0.0887204 0.0909123 0.0672799 0.062168 0.032222 0.074954 0.0771777 0.0485497 0.0630899 0.0916647 0.0807613 0.0670445 0.0711385 0.093163 0.0923005 0.0555221 0.078714 0.0822734 0.0799848 0.101015 0.055557 0.0125537 0.200694 0.102261 0.0820517 -0.018542 0.106304 0.0789138
internal_weight=0 1811.45 3759.65 2805.72 86.5685 83.374 34.3291 1489.21 1295.7 65.9899 52.841 2719.15 328.517 150.096 145.127 2390.64 178.421 26.1912 1229.71 953.924 849.691 94.5808 322.235 13.1701 3.19455 474.071 79.0259 4.91401 395.045 1228.26
internal_count=285389 112382 173007 124660 34049 33377 19054 88704 75101 3943 3169 90611 12842 7753 5184 77769 5089 1622 71158 48347 43683 6556 23678 681 672 30544 5746 250 24798 70996
is_linear=0
shrinkage=0.1


Tree=96
num_leaves=31
num_cat=0
split_feature=86 86 175 92 171 73 10 181 31 197 2 7 126 101 160 158 116 99 213 135 140 108 157 219 4 90 149 106 102 180
split_gain=32.1369 11.3299 5.26706 6.98989 4.75585 5.19536 5.94289 6.82425 8.14951 5.37729 4.65052 5.31117 4.7123 4.6469 4.58511 5.14046 5.12733 5.28623 4.56383 5.72168 4.69483 4.46056 4.29103 4.6986 4.14442 6.30398 4.92097 4.05943 4.04428 5.71455
threshold=-1.0720092654228208 -0.83693176507949818 0.60585469007492077 0.94433763623237621 -0.043722767382860177 0.19707640260457995 499.00000000000006 -0.11725665628910063 1.0000000180025095e-35 -0.14955940097570417 0.05115123093128205 0.12580749392509463 -0.054185826331377022 -0.092039369046688066 1.0000000000000002 0.36666667461395269 -0.031675523146986954 0.025146756321191791 0.050841897726058967 -0.0055963045451790086 0.024147354066371921 -1.0000000180025095e-35 0.44036899507045751 0.053592981770634658 0.23669467866420749 2.4122537374496464 -0.024666721932590004 0.052612697705626495 -0.035687839612364762 0.10015736520290376
decision_type=2 2 2 2 2 2 10 2 2 2 10 8 2 2 2 2 2 2 2 2 2 2 2 2 10 2 2 2 2 2
left_child=4 2 18 -4 14 6 7 10 13 21 -6 -12 -13 -9 -1 -16 17 -17 28 20 -20 -7 23 -3 -24 26 -26 -18 29 -2
right_child=1 22 3 -5 5 9 -8 8 -10 -11 11 12 -14 -15 15 16 27 -19 19 -21 -22 -23 24 -25 25 -27 -28 -29 -30 -31
leaf_value=0.0802301479241396 0.072492698868128716 0.049028677155019317 0.1317403898501707 -0.20889965145814662 0.094705855670738387 0.58075755483129254 0.068347651602687187 -0.0094525074538109755 -0.048737713381471828 0.095159483972415734 0.12446788001473275 0.13816713410448486 -0.065393082711410935 0.045629402971587268 0.036744799542975104 0.099116370065402207 0.10515896190282557 -0.086419409376636391 0.061100601620762529 0.095106196659682896 0.10205982831817235 0.12537514902622768 0.090065637870613571 0.11635962644095257 -0.068789257398287451 -0.070449874470660465 0.13479151415753374 -0.0093949439228855989 0.080036873350643328 0.034560510117064513
leaf_weight=234.290759628047 382.54407250884015 47.545957170561223 26.391714712551678 0.61646226829361594 36.404754327660612 0.42569889878268441 168.07084523052436 16.966654383367313 10.931353756931456 19.27437409696995 3.3538138291441983 1.4007965930140924 6.0440031886773804 157.42783463207752 62.463142050901752 2.7890469667077005 34.768905324950083 3.4170828051755961 110.09093924576678 338.43108615574579 37.522396298039439 0.43478981387852655 2613.8384196380498 13.253271551919395 1.2232176652114493 1.6503583420098937 40.487631431108184 3.3955779242605777 1090.124804783869 44.31710660005092
leaf_count=16775 19184 22295 1539 70 2066 52 3822 2063 1141 1773 234 25 388 13124 7938 216 1441 324 8798 16730 2223 66 89949 5920 560 310 3495 432 57659 4876
internal_value=0 0.0857516 0.0800993 0.123965 0.0636268 0.0565126 0.0540213 0.0436663 0.0350204 0.106079 0.0776109 0.0199794 -0.0270917 0.0402705 0.0724014 0.0552325 0.0812587 -0.00303926 0.0795078 0.0879406 0.0715122 0.350661 0.0899733 0.0637058 0.0905743 0.121237 0.128821 0.0949668 0.0768059 0.0685545
internal_weight=0 4748.04 2030.04 27.0082 761.859 420.735 400.6 232.529 185.326 20.1349 47.2034 10.7986 7.4448 174.394 341.125 106.834 44.3706 6.20613 2003.03 486.044 147.613 0.860489 2718 60.7992 2657.2 43.3612 41.7108 38.1645 1516.99 426.861
internal_count=285488 233608 111079 1609 51880 24754 22863 19041 16328 1891 2713 647 413 15187 27126 10351 2413 540 109470 27751 11021 118 122529 28215 94314 4365 4055 1873 81719 24060
is_linear=0
shrinkage=0.1


Tree=97
num_leaves=31
num_cat=0
split_feature=86 86 103 8 138 74 156 179 207 157 113 156 205 93 164 113 156 157 207 75 4 206 218 194 148 190 217 120 86 182
split_gain=32.8916 15.4882 4.99866 5.68409 4.82034 5.37203 4.82312 5.94777 5.41883 6.96973 4.75676 4.4589 4.25061 4.18155 5.18963 4.7941 3.94941 4.82924 4.64938 4.91451 4.19103 4.08083 3.93987 3.79987 4.56629 3.77654 3.82899 4.47084 3.77534 4.14955
threshold=-1.1152490973472593 -0.83693176507949818 0.083904825150966658 0.44453634321689611 -0.01216472592204809 0.44220647215843206 0.14523021876811984 0.0021367078879848127 -0.087645873427391038 0.60610115528106701 0.054423775523900993 0.042705167084932334 0.15146708488464358 0.093066472560167326 2.0126758217811589 0.059516631066799171 0.15821565687656405 0.50389498472213756 -0.082059148699045167 0.13840996474027636 0.20416666567325595 0.081428863108158125 0.13811426609754565 -0.018600133247673508 -0.052077244967222207 0.037729151546955116 0.033572083339095123 0.011326007544994356 -1.1817154288291929 0.090465553104877486
decision_type=2 2 2 10 2 2 2 2 2 2 2 2 2 2 2 2 2 2 2 2 10 2 2 2 2 2 2 2 2 2
left_child=28 4 13 22 -2 6 7 10 25 -10 11 -6 -7 16 15 -15 20 -18 19 -19 -3 -21 23 24 -4 26 -8 -28 -1 -30
right_child=1 2 3 -5 5 12 8 -9 9 -11 -12 -13 -14 14 -16 -17 17 18 -20 21 -22 -23 -24 -25 -26 -27 27 -29 29 -31
leaf_value=0.052703430380173381 0.08573565480535926 0.10105156431704224 -0.057549914102372229 -0.062990148538468696 0.0042693359290542302 0.058523947334273976 0.084582187223397387 0.098529952861006853 0.061910412859609146 0.080236672946239304 0.11171493573634327 0.069424605891520871 -0.07441886249014705 0.11506009096803141 0.078135077141131909 -0.11290145921457172 0.060299755742471942 0.10645672572393489 0.090149674169918217 0.070066136729138459 0.14952522189835327 -0.075573035634073804 -0.0015150443128008424 0.090000616188564017 0.073076279851654491 0.1054654066175032 -0.025318175257530787 0.089817927850944654 0.063061210101997278 0.09820536045305267
leaf_weight=319.82431796928267 814.48411677444369 382.31949166024583 2.7213019778473599 2.7192927210580811 11.855824375352311 116.58208693736924 85.1963401633584 211.84486406322935 416.3287805594 413.77434470285698 23.610525436606167 92.074838337874098 2.4556984761493359 54.653457235129736 323.20068022333157 0.93837759750067462 46.13977597788471 311.77540428387329 1146.4271851352605 14.192351982892434 18.709321444563557 2.2256573655922685 5.57716595678039 286.44845227416113 161.11869135610345 85.059697423769649 7.3632285630919778 6.2229176363598526 175.3808124253228 41.55746495121457
leaf_count=23561 42940 40268 229 236 4537 7512 2316 23932 23585 5188 2481 9079 491 1940 16912 155 8723 5254 24733 343 2557 79 629 11892 8599 2679 483 240 12259 1850
internal_value=0 0.0856483 0.0906921 0.0811587 0.0795628 0.0761481 0.0779395 0.0882582 0.0744857 0.0710453 0.0711968 0.0619921 0.0557814 0.0925924 0.0829895 0.111212 0.0944852 0.0921572 0.093154 0.103649 0.103313 0.050323 0.0820185 0.0830532 0.0709066 0.0900199 0.0767201 0.0274181 0.0596106 0.0697935
internal_weight=0 5046.02 2759.17 458.585 2286.85 1472.37 1353.33 339.386 1013.95 830.103 127.541 103.931 119.038 2300.58 378.793 55.5918 1921.79 1520.76 1474.62 328.193 401.029 16.418 455.866 450.288 163.84 183.842 98.7825 13.5861 536.763 216.938
internal_count=285682 248012 122549 21585 125463 82523 74520 40029 34491 28773 16097 13616 8003 100964 19007 2095 81957 39132 30409 5676 42825 422 21349 20720 8828 5718 3039 723 37670 14109
is_linear=0
shrinkage=0.1


Tree=98
num_leaves=31
num_cat=0
split_feature=86 86 175 160 158 3 156 183 37 228 85 138 178 162 232 163 167 227 224 126 130 61 12 0 10 140 93 103 3 17
split_gain=41.4469 11.6153 5.60542 4.80282 6.50769 4.76503 4.45418 4.44018 4.57833 4.02647 6.9582 5.1575 5.20095 4.29134 3.73003 4.0766 3.66566 4.18601 3.89971 4.45776 4.44488 4.24845 4.08609 4.07819 5.14435 3.65763 4.04023 4.05342 3.70251 3.6522
threshold=-1.0720092654228208 -0.83693176507949818 0.22792105376720431 1.0000000000000002 1.0000000180025095e-35 0.07100840657949449 0.12864215672016147 0.079640999436378493 1.0000000180025095e-35 0.045386489480733878 24.500000000000004 0.0085756303742527979 0.036490499973297126 137.79351806640628 0.12207562848925592 -1.00082790851593 2.5000000000000004 -0.063296113163232789 -0.010236358735710381 -0.0082939798012375814 -0.039473706856369965 1.0000000180025095e-35 362.50000000000006 0.33480826020240789 281.50000000000006 0.010185277555137874 0.34220205247402197 0.07279695570468904 0.16152751445770266 9.5000000000000018
decision_type=2 2 2 2 2 8 2 2 2 2 2 2 2 2 2 2 2 2 2 2 2 2 10 10 8 2 2 2 8 2
left_child=3 2 -2 9 14 -6 -4 16 -9 25 13 -12 -13 -11 15 -5 18 -18 19 23 -20 -22 -23 24 -7 26 -1 -28 -29 -21
right_child=1 -3 6 4 5 7 -8 8 -10 10 11 12 -14 -15 -16 -17 17 -19 20 29 21 22 -24 -25 -26 -27 27 28 -30 -31
leaf_value=0.071747444357058196 0.07947039992405687 0.090330260867423073 0.13076893076876944 0.038384320500437219 -0.070766724669796929 -0.035007064562813904 0.074875343782298223 0.0049726450487122395 0.085642515076409298 -0.15138280078962857 0.070928124777632828 0.047701025687085813 -0.031395799726800767 0.097004776420410221 0.11521148083980726 -0.043632148343010373 0.096986055416376116 -0.0052242959178369014 0.11962108301858831 0.026419311534909114 0.079489057475367608 -0.032394672631359318 0.086945234725487958 0.33323866385985118 0.07879991358648275 0.085021390132893532 0.055538897126017631 -0.12262518365514791 0.017329552574848847 -0.12404280810239453
leaf_weight=187.00012650423628 1986.2370912931115 2759.550509812324 38.703059085887162 10.592191010591709 2.9621933020830502 4.4771097248531069 22.572982823781786 27.769510578476911 9.4224974965300117 2.6545862749007934 74.470621781174032 33.01478063738341 11.110833069254111 0.94251709114541871 2.701329479334162 14.164630558170074 5.5329758286570749 14.527787442949828 22.717131646344569 23.024005307741394 63.488491552554478 7.2793054530029604 4.7354613843963307 0.57919055197999014 35.194393687282172 132.2085094746285 48.446304022268123 2.2921063352132451 10.781820894451812 1.7347968012945774
leaf_count=11407 108244 122348 2891 705 3306 894 427 2078 531 229 3594 2309 1021 30 131 3584 429 2022 820 1343 2530 729 113 96 1043 7399 3944 477 875 174
internal_value=0 0.0860961 0.0803894 0.0608762 0.0495754 0.055221 0.110179 0.0569136 0.0254101 0.0665141 0.0507199 0.0548758 0.0277844 -0.0863 0.00363335 -0.00854145 0.0633061 0.0229664 0.0682638 0.0492648 0.0808386 0.0691699 0.0146416 0.0698024 0.0659563 0.0715831 0.0644342 0.0422045 -0.00720716 0.0158767
internal_weight=0 4807.06 2047.51 753.825 250.903 223.445 61.276 220.483 37.192 502.922 122.193 118.596 44.1256 3.5971 27.4582 24.7568 183.291 20.0608 163.23 65.0095 98.2204 75.5033 12.0148 40.2507 39.6715 380.729 248.52 61.5202 13.0739 24.7588
internal_count=285723 233910 111562 51813 20528 16108 3318 12802 2609 31285 7183 6924 3330 259 4420 4289 10193 2451 7742 3550 4192 3372 842 2033 1937 24102 16703 5296 1352 1517
is_linear=0
shrinkage=0.1


Tree=99
num_leaves=31
num_cat=0
split_feature=86 86 157 183 88 73 161 132 150 4 156 128 10 13 149 170 156 219 83 131 7 207 137 11 157 93 161 113 4 226
split_gain=31.6086 11.3732 5.03107 5.41199 5.73643 4.96867 5.33166 5.04284 4.65151 4.54682 4.45753 4.33476 4.25512 4.25235 4.56683 4.5615 6.67946 4.28779 4.40177 4.71506 4.04177 6.61428 4.01114 4.3796 3.9805 4.79355 5.36815 8.6302 5.67599 5.57877
threshold=-1.0720092654228208 -0.79820320010185231 0.44859552383422857 0.02511357702314854 0.74098604917526256 0.3843465149402619 4.892986774444581 0.048752337694168098 0.024180001579225067 0.14421338587999347 1.0000000180025095e-35 0.060769543051719672 62.500000000000007 0.1234756112098694 -0.035966988652944558 0.50118765234947216 0.093121796846389784 -0.05891782417893409 3.5000000000000004 0.034068156033754356 0.15201287716627124 -0.087645873427391038 -0.0012282067909836767 0.026354376226663593 0.64017945528030407 0.34220205247402197 4.0322582721710214 0.007804752793163062 0.1002512574195862 0.043671226128935821
decision_type=2 2 2 2 2 2 2 2 2 10 2 2 8 10 2 2 2 2 2 2 8 2 2 10 2 2 2 2 8 2
left_child=2 10 5 -4 20 7 -7 -1 -3 12 -2 22 -10 15 -15 16 17 -12 -19 -20 21 -5 -11 -24 -17 -26 27 -27 -29 -28
right_child=1 8 3 4 -6 6 -8 -9 9 11 13 -13 -14 14 -16 24 -18 18 19 -21 -22 -23 23 -25 25 26 29 28 -30 -31
leaf_value=0.018047707886106674 -0.094416599264456891 0.091895377762349822 0.073386966498693917 0.088844209699001697 0.062569441199563022 0.18258154407967481 1.0013809221164189 0.11282090316873127 0.010785546076303585 -0.0067186135944750959 0.06043190015583904 0.14007524054164477 0.08585457290057362 -0.011895215635183833 0.12272976114131154 0.072404805564859273 0.081412672039514911 0.088321759092770971 0.12720396384886418 -0.091593916335196063 0.042179632902491569 -0.064276738969101244 -0.023040091778545116 0.079461244119813465 0.088610275589584953 0.064820704225718687 0.089079585689239169 -0.1222758896688509 0.032172610969027932 -0.053228913325578109
leaf_weight=46.700163533144632 1.4607637622275422 1927.2671970963959 382.19211834363591 4.0083300675760247 266.03940785917302 0.9296551184470434 0.086964859519866877 6.3816270675511069 7.7708337575438682 13.022597666222735 20.029145926100682 4.7425222124684288 266.6002288759214 2.7102713577551176 35.852284439779396 949.54861681641705 872.66548982574295 56.221816518648666 81.875985464444966 0.99691258197162724 54.124953550277496 9.5242047413430537 5.1106194538451772 22.611317580345712 372.95666091400926 20.594215166478538 49.994133125754161 5.0953468677180327 4.4640839792555207 2.9153545144945374
leaf_count=19417 9597 84831 16108 169 10953 643 17 1452 4223 950 3701 182 8653 276 3159 65882 31423 8225 7476 211 1820 1122 507 506 3208 330 568 116 101 222
internal_value=0 0.0848902 0.0630405 0.0652626 0.0559575 0.0336356 0.252624 0.0294416 0.0900419 0.0788739 0.0802174 0.0495919 0.0837284 0.0803205 0.113268 0.0797992 0.0848484 0.103691 0.10992 0.124572 0.0299583 -0.0189224 0.03906 0.0605648 0.0760927 0.0837718 0.0620467 0.0283718 -0.0501512 0.0812383
internal_weight=0 4724.51 769.987 715.889 333.697 54.0984 1.01662 53.0818 2247.13 319.858 2477.38 45.4871 274.371 2475.92 38.5626 2437.36 1031.79 159.124 139.095 82.8729 67.6575 13.5325 40.7445 27.7219 1405.57 456.02 83.0631 30.1536 9.55943 52.9095
internal_count=286048 234347 51701 30172 14064 21529 660 20869 99852 15021 134495 2145 12876 124898 3435 121463 51036 19613 15912 7687 3111 1291 1963 1013 70427 4545 1337 547 217 790
is_linear=0
shrinkage=0.1


Tree=100
num_leaves=31
num_cat=0
split_feature=86 86 93 17 86 170 213 121 120 155 161 222 105 146 215 112 157 90 215 146 201 136 198 214 157 63 5 119 119 211
split_gain=35.6217 13.3948 5.69386 5.61237 5.86557 4.8339 4.71603 5.49713 5.65221 4.58687 4.22033 4.48375 4.50898 6.16708 5.82352 4.75033 4.32466 6.84257 5.85079 5.64674 5.36168 4.39846 5.3402 4.33554 6.59798 4.31886 4.27724 4.78305 4.18695 4.16681
threshold=-0.95708391070365895 -1.1817154288291929 0.36676779389381414 7.5000000000000009 -0.57369077205657948 0.56913962960243236 -0.054711932316422456 -0.038070950657129281 -0.088510572910308824 -0.034414073452353471 3.200640201568604 -0.06835682317614554 0.031713850796222694 -0.0038555141072720285 -0.052533535286784165 0.01277930708602071 0.56230545043945324 2.1738400459289555 0.17154660075902942 -0.059629172086715691 -0.011021624784916638 0.0310602430254221 -0.062359685078263276 0.023874499835073951 0.61550846695899974 0.23110421746969226 0.13079115748405459 -0.027293010614812371 0.050405737012624748 0.069146871566772475
decision_type=2 2 2 2 2 2 2 2 2 2 2 2 2 2 2 2 2 2 2 2 2 2 2 2 2 2 8 2 2 2
left_child=1 -1 -3 4 5 10 7 -7 -9 -8 16 12 14 26 15 -12 17 20 -19 -18 -2 22 28 24 -23 -22 -14 -28 -21 -6
right_child=3 2 -4 -5 29 6 9 8 -10 -11 11 -13 13 -15 -16 -17 19 18 -20 21 25 23 -24 -25 -26 -27 27 -29 -30 -31
leaf_value=0.051463278246102896 0.075916156564210691 0.076745778971492401 0.056032301883388085 0.094990346929004418 0.10076329735840615 -0.060451822294080831 -0.014255021221003901 -0.20811775244792485 0.059590078545458003 0.079062757384089577 0.082335362683973456 0.085619702814710819 0.064996536950213332 0.10193271882765365 0.11291465751125646 -0.035124882771265319 -0.037780704018403138 0.10860671381732134 0.53589875765152162 0.067261532085751113 0.045210015722221178 -0.054760705937755907 0.096941702408996355 0.07962841092778114 0.064609447006188842 -0.035391226778454798 0.088362253577365157 -0.080742169504755726 -0.039084792827580671 0.073123231479427564
leaf_weight=315.95452235885091 69.013565004650445 1167.168851769316 149.73419674955653 804.95841074996497 358.33488805350316 4.6662875929400789 5.3715795473863173 0.80480982504741305 39.332072906075609 271.30599099466508 14.907151841244515 1587.1354371528305 19.315592530821053 40.508724191229248 178.62286157382721 4.4770944804489536 3.7660968694981412 22.694611589004129 0.32504334433178783 24.953314235099246 66.301955752983531 6.9351997817866531 218.98581003469735 47.467778430618637 13.93307200676645 7.3887685461957053 2.5177145466941511 4.9830079445041511 4.3470863351976723 64.333392358843412
leaf_count=23785 5829 68374 10810 34314 14112 582 581 35 2986 11992 1269 80357 1462 1720 8348 632 47 3065 38 361 7190 330 1918 484 140 1106 154 668 119 3118
internal_value=0 0.0699542 0.0743906 0.0875549 0.0856133 0.0838746 0.0723771 0.0422787 0.0542221 0.077251 0.0854551 0.0876313 0.0996638 0.0773077 0.107265 0.0552061 0.0771622 0.0640477 0.11464 0.0839459 0.0558866 0.0853938 0.0915772 0.0629275 0.0249389 0.0371283 0.0401091 -0.0239801 0.0514837 0.0965563
internal_weight=0 1632.86 1316.9 3887.69 3082.73 2660.06 321.481 44.8032 40.1369 276.678 2338.58 1852.47 265.332 67.325 198.007 19.3842 486.112 165.724 23.0197 320.388 142.704 316.622 248.286 68.3361 20.8683 73.6907 26.8163 7.50072 29.3004 422.668
internal_count=285926 102969 79184 182957 148643 131413 16176 3603 3021 12573 115237 94610 14253 4004 10249 1901 20627 17228 3103 3399 14125 3352 2398 954 470 8296 2284 822 480 17230
is_linear=0
shrinkage=0.1


Tree=101
num_leaves=31
num_cat=0
split_feature=86 86 17 158 93 157 156 211 64 127 168 163 121 193 232 156 156 192 7 211 190 156 156 172 138 168 3 1 157 30
split_gain=28.3861 10.8583 5.76644 5.7388 5.30363 6.01145 5.68544 8.00786 6.61823 4.86518 4.82148 5.03006 4.66276 5.189 4.9231 4.5702 5.3419 4.56642 4.41935 4.31256 4.30299 4.65868 5.23823 4.18052 6.04756 4.10334 4.0887 4.06107 5.14306 4.38868
threshold=-1.0720092654228208 -0.6793040633201598 12.500000000000002 1.0000000180025095e-35 0.18408870697021487 0.65876379609107982 0.503086417913437 0.026758761145174507 3.5000000000000004 0.0043985862284898767 2.746867418289185 0.20816176384687426 0.032524175941944129 -0.22743408381938932 -0.026181514374911782 0.17512886226177218 0.064725596457719817 -0.085995018482208238 0.1053953990340233 -0.16552770882844922 0.03440776281058789 0.051414221525192268 0.18976429104804995 0.52249667048454296 -0.018350235186517235 3.1070193052291875 0.18801229447126391 0.018019480630755428 0.46781389415264135 1.0000000180025095e-35
decision_type=2 2 2 2 2 2 2 2 2 2 2 2 2 2 2 2 2 2 8 2 2 2 2 2 2 2 10 8 2 2
left_child=3 2 4 9 5 6 10 -8 -9 -1 11 17 -12 14 -14 16 25 -2 19 -11 27 -22 -23 -4 -25 -5 -26 28 -6 -29
right_child=1 -3 23 15 20 -7 7 8 -10 18 12 -13 13 -15 -16 -17 -18 -19 -20 -21 21 22 -24 24 26 -27 -28 29 -30 -31
leaf_value=0.020125668808989437 0.10236154838911798 0.094146406844937691 0.10038499189115938 -0.051099194008330073 0.01607177195207031 0.095435286865177049 0.07616391986993655 -0.026327176014972892 0.062891506720480037 0.79550863703303099 0.087378917667032596 -0.027750387286492637 -0.11366710108846803 0.0786198970483169 0.047516016514624462 0.062472526494919162 0.088538403554831807 0.047990432486490868 0.069561000895229749 -0.080690475761504024 0.010215733928625993 0.1054294835568923 0.074168927317407762 -0.10323524266722042 0.11760338247489011 0.058400955364441398 -0.096098776292251512 0.041496947757032561 0.08416790962713297 0.070197910751040565
leaf_weight=49.178389812255091 23.092623109580472 1144.9547759926349 234.26324433709578 3.7596085557995584 11.998997434019655 379.81303305117399 95.615967071507839 16.291710010147654 16.980097878618835 0.057400815399887839 1393.9723522058671 6.2357423227745121 2.5627535289347634 761.16756700642986 7.2721428911922867 438.07762220071163 165.88112802661999 46.654235896444789 53.225029374699261 2.6266289373472764 8.2074268043500052 90.613821053586435 131.23808123540766 2.4503745392848941 5.3087739005140957 38.134417465864999 1.0769133139283438 92.757133409621474 146.59195600611793 125.17290449525967
leaf_count=7016 1504 48895 10107 2393 4785 2134 2463 835 678 17 77328 3716 286 44436 826 14565 10780 5055 3884 1615 3388 5289 4908 150 212 11657 90 5060 6516 5006
internal_value=0 0.0856641 0.0829659 0.0647395 0.0818887 0.0837558 0.0818839 0.0614603 0.0192051 0.0430675 0.0830585 0.058299 0.0839275 0.0776874 0.00551531 0.0682658 0.0804804 0.0659923 0.0632474 -0.061952 0.0734251 0.0842 0.0869371 0.0978382 0.0303161 0.0485743 0.0815636 0.0668414 0.0790158 0.057982
internal_weight=0 4744.29 3599.34 750.94 3356.24 2749.66 2369.85 128.888 33.2718 105.087 2240.96 75.9826 2164.97 771.002 9.8349 645.853 207.775 69.7469 55.9091 2.68403 606.58 230.059 221.852 243.099 8.83606 41.894 6.38569 376.521 158.591 217.93
internal_count=285594 233667 184772 51927 174213 139261 137127 3976 1513 12532 133151 10275 122876 45548 1112 39395 24830 6559 5516 1632 34952 13585 10197 10559 452 14050 302 21367 11301 10066
is_linear=0
shrinkage=0.1


Tree=102
num_leaves=31
num_cat=0
split_feature=86 86 170 157 86 93 172 135 135 157 132 131 157 160 232 13 155 141 175 205 83 231 138 103 188 200 11 168 224 178
split_gain=32.636 10.7063 6.11994 6.40415 5.88961 5.72552 5.05148 6.7266 6.08189 4.8217 4.76859 4.54022 4.52807 4.68444 5.86373 4.79834 5.76782 4.89876 4.74876 4.62471 4.39592 5.69947 7.26129 5.07676 5.86281 4.59064 4.44186 4.77286 4.7436 4.38701
threshold=-0.95708391070365895 -1.1817154288291929 0.41605599224567419 0.41330581903457647 -0.83693176507949818 0.18408870697021487 0.60387092828750621 -0.0029764391947537656 0.033186798915266998 0.41835831105709081 -0.010878978762775658 -0.017740412615239617 0.65876379609107982 2.0000000000000004 -0.071864150464534746 0.056131588295102126 0.014558080583810808 -0.050042787566781037 -0.13565388321876523 -0.12198899313807486 8.5000000000000018 -0.11660461127758025 -0.025263954885303971 0.10919729247689249 -0.04535736329853534 0.22647185623645785 0.027484029531478885 3.8238824605941777 -0.04005755111575126 -0.078239738941192613
decision_type=2 2 2 2 2 2 2 2 2 2 2 2 2 2 2 10 2 2 2 2 2 2 2 2 2 2 8 2 2 2
left_child=1 10 6 -4 -5 -3 -2 11 -9 -7 -1 -8 13 20 -15 16 17 -16 -18 -19 23 22 -22 -6 26 -23 28 -28 -25 -11
right_child=2 5 3 4 12 9 7 8 -10 29 -12 -13 -14 14 15 -17 18 19 -20 -21 21 25 -24 24 -26 -27 27 -29 -30 -31
leaf_value=0.07528733611402158 0.11941056851085774 0.07886317121405946 0.037077386464987094 0.080529084072280308 0.087961487703342903 0.0044991165193814537 0.082080821273385604 0.12300221078618229 -0.10657074799002959 0.086465832783934882 0.046899196448304509 -0.022414569604836607 0.097319208958939779 0.11897662406811967 -0.090887695206046767 0.088309483782796627 0.12030530903093857 -0.064565088373909715 -0.029715711548324482 0.070922743415495107 0.11932097352326948 0.1013818821369486 -0.06293611438558265 -0.088711206435230769 0.078281847089556586 -0.048796831948993979 -0.045430168030446978 0.069399375163848503 0.098501965294219451 0.061339068484730086
leaf_weight=78.499763016189263 101.83361245399419 893.27943898964713 26.149200955829656 1080.3640774156001 1416.1857522615878 12.860902267982736 8.1602556703182945 22.950156562836131 1.2150739773878729 88.193227540682074 240.32610649368962 8.4777251058339953 555.42085598636186 21.075878286401803 2.067571853221124 45.147535450157193 2.5020110722889504 2.6251220257463492 13.465828419718944 62.511945362658025 3.9772499807477288 346.076053496854 4.8536090918869359 1.5597318701838965 109.55239938165778 2.0474714429401493 10.787647594132979 5.4475702967392854 10.232367499636894 327.57720813307219
leaf_count=4990 4977 52744 23232 50199 69542 8044 151 330 72 3224 18747 228 2954 869 224 1660 146 423 1807 4698 120 13507 392 301 4897 185 1035 249 754 15199
internal_value=0 0.0703372 0.0871704 0.0863914 0.0867403 0.0743043 0.107498 0.0777685 0.111459 0.0648036 0.0538888 0.0288362 0.0893059 0.0871455 0.070092 0.062063 0.0478159 0.0606522 -0.00620882 0.0654624 0.0884789 0.0984861 0.019149 0.0861799 0.0678405 0.100499 0.0270278 -0.00690023 0.0737394 0.066669
internal_weight=0 1640.74 3864.69 3722.05 3695.9 1321.91 142.637 40.8032 24.1652 428.631 318.826 16.638 2615.54 2060.12 149.396 128.32 83.1725 67.2046 15.9678 65.1371 1910.72 356.954 8.83086 1553.77 137.58 348.124 28.0273 16.2352 11.7921 415.77
internal_count=285900 102948 182952 177194 153962 79211 5758 781 402 26467 23737 379 103763 100809 9827 8958 7298 5345 1953 5121 90982 14204 512 76778 7236 13692 2339 1284 1055 18423
is_linear=0
shrinkage=0.1


Tree=103
num_leaves=31
num_cat=0
split_feature=86 86 93 17 220 86 175 71 10 1 207 126 146 116 115 171 193 93 11 227 203 171 201 143 131 230 152 138 197 128
split_gain=35.3737 12.0254 5.42291 5.28477 5.16639 4.8893 6.40557 5.85795 5.35303 4.44484 3.75881 4.85746 6.68228 5.83431 4.97693 4.55139 4.11341 5.39502 8.04013 4.6013 4.58885 3.70461 4.32609 4.79394 3.78071 3.72059 3.73009 3.68601 5.58488 3.70168
threshold=-0.94577196240425099 -1.1817154288291929 0.18408870697021487 20.500000000000004 0.037118738517165191 -0.57369077205657948 -0.15759430080652234 0.056470900774002082 603.50000000000011 0.059102976694703109 -0.065876264125108705 -0.027175247669219967 -0.04964827932417392 0.064702719449996962 -0.013814034406095741 -0.017047430388629433 0.011764826253056528 0.30955286324024206 0.038675215095281608 -0.056971326470375054 0.19652505218982699 0.007610822096467019 -0.14208729565143582 0.0093993437476456183 -0.057902820408344262 -0.056387765333056443 0.01911222189664841 0.040867818519473083 0.14189139753580096 0.017047622241079811
decision_type=2 2 2 2 2 2 2 2 10 8 2 2 2 2 2 2 2 2 10 2 2 2 2 2 2 2 2 2 2 2
left_child=1 -1 -3 5 -5 10 7 -7 21 -9 11 12 -2 -13 -15 -12 17 -17 19 -19 27 22 23 -8 -23 26 -24 -18 29 -29
right_child=3 2 -4 4 -6 6 8 9 -10 -11 15 13 -14 14 -16 16 20 18 -20 -21 -22 24 25 -25 -26 -27 -28 28 -30 -31
leaf_value=0.053487287247729588 -0.072928069560153089 0.079040027365340937 0.06569938583538297 0.12667142395760886 0.014947190324212612 0.091367726389108173 -0.044212191926967348 0.089906860298284902 0.075275944683943399 -0.074922728606197628 0.086828977055325426 0.09937793107061732 0.081310678033847991 -0.038726855432340897 0.072059853854394978 0.072140293933016506 0.088240293522456367 0.13564426800196847 -0.12139253929487551 0.018942616650843024 -0.056955775538338541 -0.13647608218174498 0.087766251528570149 0.086933826967068542 0.1268317023723888 0.10545802999075227 0.01321312926138043 0.010188082585542461 -0.127404734670927 0.10510290988240062
leaf_weight=319.27922355866144 2.8482125434616128 993.39757959261351 439.51786961604262 53.807961632570368 4.4838801298683384 8.9276138191221452 4.3200811414590117 2.310615077592046 83.445890071657686 5.603572235966567 1833.3405735065928 541.61425516474708 203.55010404961797 4.9348160436256903 22.74267300301608 266.60899298416939 303.21127813856151 4.4128847908923552 3.3712413812704645 14.413690148856857 2.2735739126030685 0.54986196412391919 50.487577809089544 7.8558004916058053 65.918749304880748 302.79207855479626 7.739821624724299 7.8242346300794514 1.7593740381630585 8.6532586174216686
leaf_count=23608 188 56890 27282 1300 554 459 477 242 1931 244 81848 23538 10358 401 1303 18703 15721 127 133 612 251 117 2039 497 4017 10807 775 664 89 545
internal_value=0 0.0710375 0.0749481 0.0881982 0.118077 0.0877352 0.0965416 0.0358395 0.0984959 -0.0267993 0.0862592 0.0923246 0.0791822 0.0970895 0.0523069 0.0843355 0.0768725 0.0681965 0.0208296 0.0462971 0.0846128 0.102903 0.099029 0.0404024 0.124653 0.101006 0.0778563 0.0856141 0.0419504 0.0600332
internal_weight=0 1752.19 1432.92 3819.8 58.2918 3761.51 539.952 16.8418 523.11 7.91419 3221.56 775.69 206.398 569.292 27.6775 2445.87 612.529 288.807 22.1978 18.8266 323.722 439.664 373.195 12.1759 66.4686 361.019 58.2274 321.448 18.2369 16.4775
internal_count=285720 107780 84172 177940 1854 176086 21605 945 20660 486 154481 35788 10546 25242 1704 118693 36845 19575 872 739 17270 18729 14595 974 4134 13621 2814 17019 1298 1209
is_linear=0
shrinkage=0.1


Tree=104
num_leaves=31
num_cat=0
split_feature=86 86 175 17 231 74 103 158 122 216 82 198 179 122 163 145 225 210 43 161 204 124 182 154 147 206 102 186 228 164
split_gain=34.9176 12.7811 4.60012 4.38959 8.19149 4.3439 4.00286 4.41322 7.16396 4.85779 4.36875 4.23551 3.99575 4.10473 5.65021 5.49798 4.41653 4.26675 4.66214 4.17245 4.3097 4.08935 3.98094 7.50224 4.38918 5.77751 4.36355 4.04788 3.9243 3.93581
threshold=-1.0720092654228208 -0.82948100566864003 0.60585469007492077 16.500000000000004 -0.10592322424054144 0.26975052058696752 0.076344631612300887 0.29166667163372045 0.063826959580183043 -0.022654271684586998 0.12208672240376474 -0.2102207541465759 0.16019584983587268 0.026083512231707576 -0.71915128827095021 -0.034386139363050454 -0.12550640106201169 -0.042262194678187363 1.0000000180025095e-35 4.6651818752288827 0.076180156320333495 -0.026903381571173664 -0.087197083979845033 0.022059516049921516 -0.023384477943181988 0.091853566467762007 0.15168116241693499 -0.071901790797710405 0.11293061822652818 4.0689902305603036
decision_type=2 2 2 2 2 2 2 2 2 2 2 2 2 2 2 2 2 2 2 2 2 2 2 2 2 2 2 2 2 2
left_child=5 2 22 6 -5 -1 -3 8 10 -10 -8 -9 13 16 17 -16 -7 18 -15 20 -18 -22 23 -2 -25 -26 -24 -28 29 -6
right_child=1 3 -4 4 28 12 7 11 9 -11 -12 -13 -14 14 15 -17 19 -19 -20 -21 21 -23 26 24 25 -27 27 -29 -30 -31
leaf_value=0.068968556149114388 0.077814180672847982 0.092005330207869038 0.11852096974437341 -0.11654474275353975 0.13366420769866802 -0.033048658002272573 0.074582940360326366 -0.092118386173588224 0.064457868784566677 -0.026014174067157177 0.12908783339238963 0.091847889899636465 0.12674413040488744 0.027514526057006019 -0.12487115643117218 0.017458413957890728 0.07321426189787103 0.071160415771284805 -0.16819095663111513 -0.016482061725525146 -0.049293883035382409 0.049231388425452785 0.080920235271373001 0.089278929554931441 0.011922550725419645 0.090204124754633686 0.033518605952221468 0.12972365743850603 -0.054816599691449731 0.09315896037070126
leaf_weight=461.38510064124694 243.54775271782751 2016.682771756728 31.130499293338744 1.5562770056676516 58.166154250638101 4.8847888280488396 221.34236127837676 1.2571257341032822 12.24556228977872 11.516255851141066 15.752273435065488 279.47147402072505 7.2291565950158647 15.599833295138524 2.9128358487798769 39.762896781119935 140.91874320762554 44.937963539515295 1.3202680910944771 6.3035278517577344 5.3495445299258817 19.823005428811484 1741.3970205630928 14.930914091563407 44.914487133877628 11.932898246827333 5.0949369975210166 30.887907845297377 1.3480731830513821 40.826806149851109
leaf_count=30417 14345 89757 1674 164 1513 382 13330 168 749 1230 342 9082 1313 565 660 5930 8347 1312 37 550 453 1786 92473 955 3812 635 593 1504 156 1110
internal_value=0 0.0861477 0.080363 0.0907662 0.11112 0.0629466 0.0899555 0.0823224 0.0729579 0.0206102 0.0782042 0.0910241 0.0533341 0.051451 0.0357343 0.0077437 0.0607185 0.0550449 0.0122437 0.0633753 0.0664061 0.0282933 0.0797954 0.0694404 0.0410278 0.0283547 0.0816325 0.116102 0.114651 0.116959
internal_weight=0 4784 2123.84 2660.17 101.897 750.428 2558.27 541.585 260.856 23.7618 237.095 280.729 289.043 281.813 104.534 42.6757 177.28 61.8581 16.9201 172.395 166.091 25.1725 2092.71 315.326 71.7783 56.8474 1777.38 35.9828 100.341 98.993
internal_count=285344 233592 115991 117601 2943 51752 114658 24901 15651 1979 13672 9250 21335 20022 8504 6590 11518 1914 602 11136 10586 2239 114317 19747 5402 4447 94570 2097 2779 2623
is_linear=0
shrinkage=0.1


Tree=105
num_leaves=31
num_cat=0
split_feature=86 86 17 179 86 219 216 114 9 130 5 100 208 88 13 155 183 8 190 102 163 8 180 145 159 53 187 94 124 218
split_gain=30.742 11.4856 5.37784 4.89933 4.4372 5.88169 4.09795 4.04685 4.42447 5.61787 5.03656 4.73517 3.79388 3.81932 3.65109 6.09393 4.59861 3.90563 3.618 3.55206 6.4241 7.00363 4.84969 5.64062 4.38605 6.14293 4.87693 4.36525 4.34501 7.13668
threshold=-1.0720092654228208 -0.76440677046775807 12.500000000000002 0.10923519730567934 -1.2518978118896482 0.075707077980041518 0.017028850503265861 0.036168791353702552 0.0024580176686868076 -0.0046469676308333865 0.050423728302121169 -0.086804926395416246 -0.019100355915725228 0.75152754783630382 0.018624141812324527 -0.023367741145193573 0.34980857372283941 0.10930282250046731 -0.23987071961164472 -0.035687839612364762 0.47862073779106146 0.09128748252987863 0.076888211071491255 -0.013543903827667235 0.054243924096226699 1.5000000000000002 -0.026160226203501221 -0.053019402548670762 0.05283776484429837 1.0000000180025095e-35
decision_type=2 2 2 2 2 2 2 2 8 2 10 2 2 2 10 2 2 10 2 2 2 10 2 2 2 2 2 2 2 2
left_child=3 2 19 4 5 6 -1 8 9 10 -6 -11 -12 -14 15 16 -10 -16 -17 20 22 -22 -2 -24 25 -21 -27 -23 -26 -30
right_child=1 -3 -4 -5 7 -7 -8 -9 14 11 12 -13 13 -15 17 18 -18 -19 -20 24 21 27 23 -25 28 26 -28 -29 29 -31
leaf_value=0.038075872721681489 0.079685077054363951 0.091425811536312462 0.098305224222563312 0.088151289480208728 -0.083574014612069716 -0.020431476998554667 0.072617502427412606 0.079214729282789748 0.11129113333997001 -0.09392440012460837 0.08679262902539972 0.019944602562660202 -0.060042050142175722 0.05262364768724162 0.12303782408571684 0.13531977663612554 -0.15071086862371663 0.06877513501559461 0.030422071257777836 0.073597176322605803 -0.075598098574975181 0.10306069733345061 0.020402322908891959 0.070257290828802083 0.084866977402267368 -0.071992785888980379 0.044714362644295118 0.013364644563336636 0.034026501493502052 0.085223057787961742
leaf_weight=86.885069908306377 676.34022906473285 1829.4243160383139 174.37379346782518 72.883304029642886 2.3927319005883865 12.258619666358753 56.79986604443593 149.04854335194545 16.986178308514813 4.3627385513686958 30.128799783338309 22.415264104779226 3.8144740351026512 14.246702940844441 14.223665745851575 3.4535109419030041 0.69741579065521264 196.68211334306216 68.623827587312235 58.937239442801683 5.3410684861816007 9.5285273604276934 30.006161061843159 93.126122694259038 1679.5669311690713 5.5712365890201463 10.020806636163794 12.601229185417646 45.5508774117352 67.688785484962409
leaf_count=6766 23956 81307 8041 6238 2823 1611 4168 8324 1309 845 883 2195 568 1039 678 178 46 7041 7109 3716 3077 3141 2414 5783 88518 521 689 5755 3372 3656
internal_value=0 0.0852343 0.0812858 0.0635058 0.0608759 0.0460579 0.0517305 0.0652601 0.059758 0.0384299 0.0580371 0.00139278 0.0650684 0.0288289 0.0652457 0.0483541 0.100958 0.0724347 0.0354481 0.0801843 0.074728 0.0271799 0.0763619 0.0581081 0.0826005 0.0588306 0.0030134 0.0519856 0.0835887 0.0646291
internal_weight=0 4698.08 2868.65 755.903 683.02 155.944 143.685 527.076 378.027 77.3607 50.5827 26.778 48.19 18.0612 300.667 89.7609 17.6836 210.906 72.0773 2694.28 826.943 27.4708 799.473 123.132 1867.34 74.5293 15.592 22.1298 1792.81 113.24
internal_count=285767 233946 152639 51821 45583 12545 10934 33038 24714 8353 5313 3040 2490 1607 16361 8642 1355 7719 7287 144598 44126 11973 32153 8197 100472 4926 1210 8896 95546 7028
is_linear=0
shrinkage=0.1


Tree=106
num_leaves=31
num_cat=0
split_feature=93 93 103 103 181 158 164 5 88 96 163 194 17 66 233 162 171 183 17 165 224 3 205 129 187 154 224 130 164 98
split_gain=20.9428 8.18243 7.52349 6.98731 5.92936 6.11798 5.92677 5.83636 5.5488 5.49704 7.39664 5.10859 4.94903 4.67839 4.5478 5.66013 4.49829 6.53843 4.74952 4.46098 4.40064 4.41687 4.40098 4.3487 4.2534 4.14014 7.57632 3.9795 3.97344 3.85884
threshold=0.064679164439439787 0.36676779389381414 0.12912379205226901 0.10919729247689249 -0.028133013285696503 0.63333335518836986 4.0163424015045175 0.097913432866334929 0.69899111986160289 -0.024866234511137005 -0.27379539608955378 -0.074640210717916475 15.500000000000002 6.1921486854553232 0.048749849200248725 52.811624526977546 -0.14378660917282102 0.088139899075031294 8.5000000000000018 96.500000000000014 -0.074881233274936662 0.31909090280532842 0.18955272436141971 -0.02111908700317144 0.042579624801874168 0.032253455370664603 -0.082292102277278886 -0.051747873425483697 4.4005842208862314 0.017880823463201526
decision_type=2 2 2 2 2 2 2 10 2 2 2 2 2 2 2 2 2 2 2 2 2 10 2 2 2 2 2 2 2 2
left_child=2 3 8 16 -4 6 -6 9 -1 -8 13 -12 -10 -11 -14 -16 17 19 -18 25 -5 22 -22 -3 27 -2 -27 -21 -20 -25
right_child=1 23 4 20 5 -7 7 -9 12 10 11 -13 14 -15 15 -17 18 -19 28 24 21 -23 -24 29 -26 26 -28 -29 -30 -31
leaf_value=0.093375022249308756 0.093353933206848316 0.03671503575298888 0.091981672019764885 0.023302708586079551 0.082843767687574954 0.11812584278838595 0.086929060032184077 0.013117532960722132 0.083552735161312661 0.059781129754160979 0.12330814205295469 -0.088737835966468004 0.12007764142749439 -0.054632954819946303 0.12134541760498699 -0.040319107941097165 0.074393744909543966 0.12038019614732641 0.10551876483789741 0.18423556428561821 0.070115885004076187 -0.026882278997363503 -0.10210679099690399 0.076406000440922744 0.082741580090521905 -0.061043972992024242 0.076662047497330313 -0.0093792388692125125 0.076842812778342748 0.050773191785408379
leaf_weight=1648.5753302072324 201.79408940630049 64.015175193024788 139.43714777487116 27.119856318844541 92.046938110278461 21.397440383609137 49.402593287407171 32.378976547852744 1372.6171454550401 73.2585236797172 1.3936513198896134 6.1494863741436339 62.299003800071205 3.7571509875824622 4.4560792552947515 4.2134892327540001 978.92677364861902 59.955178527116004 99.144343903965591 1.1583879319077812 187.49630895276255 4.9558744768073657 1.4956122862986365 144.72997590352361 15.764073303803796 4.8896604169640367 21.84393066389805 12.702290742558491 94.260848173106524 98.838753891194756
leaf_count=74347 12867 5403 10592 2001 7068 395 1159 1576 69116 2193 231 721 1926 298 112 471 51276 2611 5670 108 10630 1311 270 8737 828 253 1711 1372 3018 7446
internal_value=0 0.0749252 0.0877066 0.0776239 0.0751354 0.0667396 0.0624843 0.051218 0.089411 0.060427 0.0449435 -0.0495607 0.0848841 0.0541995 0.110634 0.042775 0.0800846 0.0906311 0.0772229 0.0837219 0.0610333 0.0663092 0.068753 0.0599086 0.0472113 0.0884549 0.0514752 0.00680186 0.0915428 0.0660044
internal_weight=0 2019.09 3511.38 1711.51 419.222 279.785 258.387 166.34 3092.16 133.961 84.5588 7.54314 1443.59 77.0157 70.9686 8.66957 1490.44 318.108 1172.33 258.152 221.068 193.948 188.992 307.584 29.6248 228.528 26.7336 13.8607 193.405 243.569
internal_count=285717 115512 170205 93926 24233 13641 13246 6178 145972 4602 3443 952 71625 2491 2509 583 79714 19750 59964 17139 14212 12211 10900 21586 2308 14831 1964 1480 8688 16183
is_linear=0
shrinkage=0.1


Tree=107
num_leaves=31
num_cat=0
split_feature=86 86 86 170 224 146 71 17 152 93 192 137 92 140 191 66 106 174 140 118 195 196 93 157 0 156 168 100 135 202
split_gain=30.1193 8.85709 7.21434 5.35133 4.89333 4.40076 4.5461 4.10995 4.42972 4.19853 4.10512 12.3623 4.50576 4.27861 4.1163 3.99129 4.78375 3.93293 4.65916 3.92739 3.92284 4.22052 3.92168 4.06082 5.0192 4.43687 7.07094 5.71458 5.85677 6.00645
threshold=-0.94577196240425099 -1.1529442071914671 -0.57369077205657948 0.53721478581428539 -0.046169584617018693 0.0050764752086251983 0.11803405731916429 7.5000000000000009 0.089586015790700926 0.12718039751052859 0.16897745430469516 -0.063013900071382509 0.93771901726722728 0.010185277555137874 0.012289760168641807 3.7520493268966679 -0.11044267937541007 -0.071742162108421312 0.044017883017659194 0.041264593601226814 -0.14622958749532697 0.2157019525766373 0.34220205247402197 0.59092384576797496 0.078461539000272765 0.12864215672016147 2.8457838296890263 0.10103606060147287 -0.0362295564264059 0.01823956519365311
decision_type=2 2 2 2 2 2 2 2 2 2 2 2 2 2 2 2 2 2 2 2 2 2 2 2 8 2 2 2 2 2
left_child=1 -1 3 7 5 10 -7 9 20 -2 12 -12 -5 14 -14 -4 -17 -18 -19 -16 21 -9 23 24 -3 26 -26 -28 29 -29
right_child=2 22 15 4 -6 6 -8 8 -10 -11 11 -13 13 -15 19 16 17 18 -20 -21 -22 -23 -24 -25 25 -27 27 28 -30 -31
leaf_value=0.05815643715154481 0.088491509114321978 -0.0051810779146975114 0.090916105144246126 0.078334275855408475 0.0839490719257424 0.052757461031281129 -0.049025109526834094 0.032143436593992339 -0.083934710100662363 0.076389292811863893 0.87251642069539548 0.12472457034801861 -0.060814301088737061 0.081305352259690544 0.072471374164541857 -0.12987907443339217 0.095862008070747573 0.1260286309190625 0.018543979680000596 -0.18578245887402611 0.099047607498444795 0.20351701967458313 0.061822606671568685 0.084516386423802159 -0.033707801394448504 0.067678599209291673 0.07924223670985564 0.2527132860783835 0.1056934621233479 -0.069137649626953485
leaf_weight=381.31886746778628 1517.3246129631316 8.211029416861491 313.86737998535659 161.24162752218695 626.16512262209767 62.633623266095128 4.7188699990715568 14.627791345702237 1.3529024450035638 353.43232490727496 0.22780819446052181 7.4795268686248155 6.6819812104140528 10.044339802022931 6.4029060404832308 0.84028940028838306 112.58524849567652 111.2310115055152 4.1845908245240926 0.64849917715036998 443.26461430376344 1.5936316765796608 182.91379436718285 488.0640621214111 4.9033720777126737 439.9941384846461 169.95468136516206 4.9305481110059182 40.773752915336672 0.6571183593337081
leaf_count=28258 70125 10341 10234 6376 34211 3880 549 1408 126 19125 14 594 463 390 326 181 5218 5832 316 51 18397 68 12264 7120 1959 21603 20527 325 5344 222
internal_value=0 0.0716038 0.0875735 0.0857747 0.0791602 0.0676305 0.0456263 0.0882889 0.096748 0.0862051 0.0753203 0.146827 0.0723416 0.0317039 -0.0045737 0.0982387 0.108282 0.10916 0.122132 0.0487204 0.09728 0.0489796 0.0754293 0.0775796 0.0725221 0.073487 0.0850396 0.0877313 0.118851 0.214863
internal_weight=0 1721.72 3760.55 3217.84 886.244 260.079 67.3525 2331.6 460.839 1870.76 192.727 7.70734 185.019 23.7777 13.7334 542.709 228.841 228.001 115.416 7.05141 459.486 16.2214 1340.4 1157.49 669.425 661.214 221.219 216.316 46.3614 5.58767
internal_count=285847 107963 177884 156103 46854 12643 4429 109249 19999 89250 8214 608 7606 1230 840 21781 11547 11366 6148 377 19873 1476 79705 67441 60321 49980 28377 26418 5891 547
is_linear=0
shrinkage=0.1


Tree=108
num_leaves=31
num_cat=0
split_feature=86 86 93 0 117 25 164 55 156 208 98 160 90 98 117 218 195 116 185 90 189 124 83 162 73 203 171 207 6 177
split_gain=29.2768 12.8868 4.21103 3.78455 5.9738 5.15606 4.19858 5.03614 4.30471 4.23862 3.87045 3.81893 5.69857 5.30559 5.02767 6.59907 5.26644 5.90643 4.46834 4.34643 4.01751 4.81666 4.01613 4.15743 4.07152 5.76686 4.40374 4.91115 5.43855 4.23747
threshold=-1.1152490973472593 -0.79820320010185231 0.4157418161630631 0.3473824411630631 0.0092247021384537237 1.0000000180025095e-35 3.3140207529067998 1.0000000180025095e-35 0.016001024283468727 -0.091225456446409212 -0.11437662690877913 1.0000000000000002 1.9797959327697756 -0.15133762359619138 0.0011463283444754782 -0.1639476343989372 -1.0000000180025095e-35 -0.048283332958817475 -0.032283248379826539 1.4514151215553286 0.073464795947074904 -0.0030784771079197522 21.500000000000004 42.859212875366218 0.13759297132492068 0.14497958868741992 0.069433979690074935 0.069849472492933287 0.12613636255264285 0.011932644527405502
decision_type=2 2 2 10 2 2 2 2 2 2 2 2 2 2 2 2 2 2 2 2 2 2 2 2 2 2 2 2 8 2
left_child=-1 2 3 11 10 6 8 9 -6 -8 -5 12 22 -13 16 -16 -15 -18 20 -17 21 -19 23 -2 26 -26 -25 -28 -29 -27
right_child=1 -3 -4 4 5 -7 7 -9 -10 -11 -12 13 -14 14 15 19 17 18 -20 -21 -22 -23 -24 24 25 29 27 28 -30 -31
leaf_value=0.06029277389253751 0.058634987250091225 0.090697501078945086 0.059643117250489312 -0.045220466292231559 0.64636031865660826 -0.030448737271578753 -0.14716624041859513 -0.1294373486847564 0.12334069645563057 0.073959931704842538 0.11057353222684628 0.1286650112749099 0.091192266057724528 0.075621053024568258 -0.018978618296884343 -0.04565362469411019 -0.022849135620752119 0.068007360201704614 0.067490782912259767 0.083871325522298049 -0.049847031860906887 -0.0016493975851893589 0.12887388508963712 0.086481859568051309 0.06710782320350421 0.062229437881526878 0.075173190194064862 0.07985619479613025 -0.016619680400272483 -0.1311592171415307
leaf_weight=526.89786106325937 100.67365114022152 2243.3309301288791 93.770214450088588 1.6173857697676783 0.15967549685387794 4.9179597636798453 0.89200843121989137 1.3508911893118227 10.874139808879589 30.736134245087445 113.33176991213031 18.021218706676564 567.98518868978886 253.75941398304894 6.4331831417612184 2.6068492627193782 9.632516541449375 26.479359075720822 125.73072296918542 419.49462391819372 5.3797281341876433 15.880634204717124 15.705334991426751 623.02792637582377 111.52285070257699 2.0055324624963751 141.46382647732344 10.463738527123498 13.232242730637152 2.6044206600417965
leaf_count=37805 6579 99714 6116 401 199 1005 205 150 2126 2316 8793 774 24440 14448 532 750 966 2319 7217 24444 1072 1546 612 27497 5897 180 6084 886 729 220
internal_value=0 0.0850822 0.0804675 0.0812083 0.0959248 0.0666615 0.0775125 0.0596474 0.13091 0.0677235 0.108381 0.0802327 0.0831636 0.0749619 0.0738436 0.0815394 0.0662945 0.0533689 0.0576012 0.0830714 0.0315552 0.0418933 0.0786959 0.0779117 0.0800577 0.0625772 0.0826333 0.0681156 0.0259824 -0.0470266
internal_weight=0 4973.08 2729.75 2635.98 163.88 48.9308 44.0128 32.979 11.0338 31.6281 114.949 2472.1 1588.68 883.418 865.397 428.535 436.862 183.103 173.47 422.101 47.7397 42.36 1020.7 1004.99 904.321 116.133 788.188 165.16 23.696 4.60995
internal_count=286022 248217 148503 142387 15195 6001 4996 2671 2325 2521 9194 127192 73124 54068 53294 25726 27568 13120 12154 25194 4937 3865 48684 48072 41493 6297 35196 7699 1615 400
is_linear=0
shrinkage=0.1


Tree=109
num_leaves=31
num_cat=0
split_feature=86 86 86 156 0 17 1 45 206 4 142 157 132 163 170 175 116 226 125 148 142 203 158 101 107 188 110 90 138 157
split_gain=32.3374 11.5068 4.62808 4.72076 5.76937 4.36566 4.05223 3.98661 4.03491 3.98619 3.89292 3.77033 4.64985 4.32063 3.67229 4.88652 5.15208 3.49787 4.01804 4.45994 5.31847 4.43965 4.10812 3.90413 3.79773 3.88734 4.35585 4.21997 4.13634 3.78567
threshold=-1.0720092654228208 -0.81347760558128346 -1.1817154288291929 0.26209992170333868 0.12645348906517032 12.500000000000002 0.13161150366067889 1.0000000180025095e-35 -0.066458664834499345 0.15411606431007388 0.030783772468566898 0.47155028581619268 0.032098917290568359 0.10616483911871911 0.46561044454574591 0.016576103866100315 0.096760362386703505 0.089063122868537917 0.046030506491661079 -0.011273468378931282 -0.017753273248672482 -0.11543314903974532 0.45000000298023229 -0.071877419948577867 -0.0041042710654437533 0.14674010127782824 -0.02277744002640247 2.1043558120727544 -0.059592241421341889 0.61550846695899974
decision_type=2 2 2 2 8 2 10 2 2 10 2 2 2 2 2 2 2 2 2 2 2 2 2 2 2 2 2 2 2 2
left_child=2 5 3 4 -1 17 -7 -5 -9 11 -8 12 14 -13 -6 -16 -17 24 19 20 -19 -20 23 -22 29 -26 27 -27 -28 -2
right_child=1 -3 -4 7 9 6 10 8 -10 -11 -12 13 -14 -15 15 16 -18 18 21 -21 22 -23 -24 -25 25 26 28 -29 -30 -31
leaf_value=-0.050964178925503326 0.065943034184067995 0.090355427818298348 0.069911322077968532 0.044507273693176898 0.062264963453249458 0.099030695567461233 -0.10692409939151822 -0.13434217324375089 0.027507272226513804 -0.023377983679150928 0.1842516854864899 0.082852664514491081 0.095225518347392957 -0.021098882124082518 -0.045726855367000885 0.06432228321956468 0.61533842106274983 -0.005752907755463766 -0.10569712791890973 0.098428037308995103 -0.01623113694506606 0.1251517007949548 -0.013961508096580026 0.10319839012540233 0.083174960645596555 -0.052405157130774288 -0.12927421464195729 0.065736861343537775 0.07273798044813283 0.081965221754511042
leaf_weight=4.1513393494155926 402.7141841706657 2425.2226705975631 444.64981094971563 140.49039254644777 10.945050406994598 148.41470193417194 1.7826523763917514 2.5295301232108613 3.9388043318285773 4.600911242726851 0.6184582555029009 119.64181360312068 11.619443680049697 4.1366343256322571 11.114807489279427 2.9070253654263065 0.18020831682133565 9.9110551710912187 0.85064228351575266 79.523958671699688 3.0530788211195832 40.380107470434723 4.2832516931521232 26.452427392924395 1194.1146310070972 5.8017434501143708 1.0202783190679827 6.3136285239215795 154.56861846913807 232.66870998021477
leaf_count=4121 32523 108416 28397 4488 1884 6513 409 122 244 1484 31 2845 1876 1472 4162 939 27 1047 95 3600 705 1656 369 1474 66693 614 148 554 5712 2978
internal_value=0 0.0855431 0.0633341 0.0540865 0.0654696 0.0804961 0.0969458 0.0409732 -0.0357862 0.0683965 -0.0319254 0.0710265 0.0429083 0.0793786 0.0187347 -0.0148126 0.0964863 0.0793484 0.0933668 0.0843251 0.058661 0.120389 0.0775552 0.0908404 0.0781941 0.0811727 0.0669161 0.00916165 0.0714133 0.0718101
internal_weight=0 4737.69 760.906 316.256 169.297 2312.47 150.816 146.959 6.46833 165.146 2.40111 160.545 36.7665 123.778 25.1471 14.202 3.08723 2161.66 164.455 123.224 43.6998 41.2307 33.7888 29.5055 1997.2 1361.82 167.704 12.1154 155.589 635.383
internal_count=285598 233537 52061 23664 18810 125121 6953 4854 366 14689 440 13205 8888 4317 7012 5128 966 118168 8946 7195 3595 1751 2548 2179 109222 73721 7028 1168 5860 35501
is_linear=0
shrinkage=0.1


Tree=110
num_leaves=31
num_cat=0
split_feature=86 86 17 156 157 103 201 168 17 193 171 205 223 193 71 90 163 124 69 74 160 67 164 68 160 74 228 227 123 149
split_gain=31.3004 12.1288 5.61037 5.1832 4.48435 4.33569 4.2713 4.42661 3.81634 4.72947 6.45091 3.95855 4.4204 4.06123 4.92037 3.89885 3.95024 3.86648 4.05507 3.78035 3.63997 4.83031 3.60553 4.22579 4.51355 6.99123 4.20384 3.84479 4.57622 4.89921
threshold=-1.1152490973472593 -0.83693176507949818 20.500000000000004 0.30471627414226538 0.33334015309810644 0.07279695570468904 0.19790857285261157 2.6861553192138676 6.5000000000000009 0.029259983450174335 -0.03639672510325908 -0.016330871731042858 0.077907677739858641 -0.14686479419469831 0.15590278059244159 2.3181110620498662 0.39436681568622595 -0.035064827650785439 2.1876620054245 0.57259953022003185 1.0000000000000002 3.2614589929580693 1.8688347935676577 41.418729782104499 2.0000000000000004 0.091507177799940123 -0.10108742862939833 0.14651609212160113 -0.0060789911076426497 -0.015854981727898117
decision_type=2 2 2 2 2 2 2 2 2 2 2 2 2 2 2 2 2 2 2 2 2 2 2 2 2 2 2 2 2 2
left_child=3 4 5 6 -2 22 7 -1 9 10 -6 12 13 -10 17 -12 -17 18 -15 -11 -9 -22 -3 24 27 26 -26 -24 29 -29
right_child=1 2 -4 -5 8 -7 -8 20 11 19 15 -13 -14 14 -16 16 -18 -19 -20 -21 21 -23 23 -25 25 -27 -28 28 -30 -31
leaf_value=-0.0047730855278009035 -0.02231231887389299 0.10422345397846178 0.1310535573507747 0.045741793002730929 0.087578885049857114 0.081700550095713559 -0.081376605931967633 0.076665234659678949 0.0026232711261830193 0.072465993465664277 0.06811715389332744 0.09532252832204742 0.10857687770864613 0.068630934805571267 -0.017613874406596626 0.10265707429421655 -0.096677137661728196 0.083509197148722458 -0.024877949525226019 0.026261736625950039 0.057910285617507287 -0.058058577572992723 0.09109016625759056 0.11968109774793703 -0.0057621755331404298 0.027853355716924211 0.08785873404705502 -0.13893875622328361 -0.030435433289047239 0.11239712433858046
leaf_weight=8.2248452789576714 4.2869710629806823 197.59242002389692 32.478208615354561 182.09636820894593 713.32869166728358 595.07785668372026 1.9344257041802837 220.12970736773013 8.4278681845034935 642.68634465568334 354.32719491726573 290.69248484704997 36.73171871154409 13.747946798957857 5.6714340445123517 47.112837765604354 1.0155985508047241 132.74649548604145 6.9983455330025199 18.209677127301802 94.12389140651976 3.7341239653769653 1726.5968545935746 46.91843360022358 5.0323532686325043 28.641762641341984 102.22052504352882 0.86652836999201088 5.7086674189217765 7.3879735898747168
leaf_count=1933 3832 8429 931 5672 35482 28513 444 18161 881 36822 20705 13865 1445 598 453 1898 802 6755 707 1174 9143 2347 72950 2757 366 2894 4861 85 515 366
internal_value=0 0.0852666 0.0897375 0.0592717 0.0798674 0.0892435 0.0667797 0.0676583 0.0800603 0.0778968 0.0818676 0.0878253 0.077159 0.070273 0.0738551 0.0717447 0.0984508 0.0772348 0.0370876 0.0711929 0.0695317 0.0534851 0.0913598 0.0900383 0.0892971 0.0717448 0.083466 0.0906675 0.0384044 0.0860128
internal_weight=0 5024.51 2748.52 510.243 2275.98 2716.04 328.147 326.213 2271.7 1776.68 1115.78 495.016 204.324 167.592 159.164 402.456 48.1284 153.493 20.7463 660.896 317.988 97.858 2120.97 1923.37 1876.45 135.895 107.253 1740.56 13.9632 8.2545
internal_count=285786 248086 122667 37700 125419 121736 32028 31584 121587 96883 58887 24704 10839 9394 8513 23405 2700 8060 1305 37996 29651 11490 93223 84794 82037 8121 5227 73916 966 451
is_linear=0
shrinkage=0.1


Tree=111
num_leaves=31
num_cat=0
split_feature=86 86 17 157 170 156 182 86 10 116 90 167 13 229 122 210 170 93 156 157 85 193 209 116 156 180 217 173 79 5
split_gain=33.5956 11.2725 5.09755 4.83845 5.33326 4.79953 4.86218 4.75806 4.57733 4.34334 4.30937 7.05978 6.19292 5.55771 4.55447 7.46232 4.5016 7.43888 5.41563 4.44682 4.39509 4.39605 4.28683 4.06881 4.06778 4.8473 5.089 4.02933 3.95808 4.65686
threshold=-1.1152490973472593 -0.82948100566864003 8.5000000000000018 0.38817958533763891 0.4626042246818543 0.20483683049678805 0.090465553104877486 -0.57369077205657948 603.50000000000011 0.084802597761154189 1.9797959327697756 2.5000000000000004 0.040501482784748084 -0.011234798934310673 0.022855250164866451 0.056937241926789291 0.55502149462699901 0.28821231424808508 0.064725596457719817 0.48255345225334173 109.50000000000001 -0.096445992588996873 0.058314995840191848 0.028583102859556678 0.14523021876811984 0.022425603121519092 -0.070124648511409746 0.23954823613166812 0.6163420081138612 0.11620405316352846
decision_type=2 2 2 2 2 2 2 2 10 2 2 2 10 2 2 2 2 2 2 2 2 2 2 2 2 2 2 2 2 10
left_child=-1 3 7 -2 5 -5 -7 -3 27 -10 11 13 -13 14 15 20 24 18 -18 -16 21 -6 -17 -8 25 26 -12 -9 -29 -30
right_child=1 2 -4 4 10 6 23 8 9 -11 16 12 -14 -15 19 22 17 -19 -20 -21 -22 -23 -24 -25 -26 -27 -28 28 29 -31
leaf_value=0.058882361451072486 0.031018291778858783 0.08534211307646733 0.099083035722633675 0.10137970216265793 0.027982543746970619 0.08424583971727119 0.0532078351019111 0.10920711235040455 0.077646987788662469 -0.084876149585084354 0.043606383266720464 0.03370716821240919 0.076782505120546546 0.083645643439903675 0.015207259927891041 0.028396487673651077 -0.045960038611112614 -0.040165319195792984 0.076341224347645009 0.082219353924846389 -0.043543887877096316 0.073303926873349981 -0.075441035911177221 -0.072648218113283355 0.083218564369943654 0.080592332233230049 0.12260701446396077 0.093964614819614239 0.058422379917984602 -0.12735513143321975
leaf_weight=528.56887129666029 19.69579932605393 1675.6268738996146 492.43532093101794 216.07911035436132 25.483334669627311 189.07644862248162 11.059985241838147 238.94281728263695 70.386480302957807 1.6836801071694925 8.9670805757848466 74.495753967175688 60.467468620354794 573.57404210054119 10.46372482104425 13.205809759782598 3.700054288814953 5.9332130605507691 168.72248097537158 184.6099328507994 3.7457179557964073 133.63511133605698 5.6884204315242632 3.3458148972422341 481.39529007578676 66.90701727691112 89.928255622955476 121.11812815902249 14.918276659005643 1.4834696091565991
leaf_count=37834 14712 80260 19140 9934 1656 4475 279 12338 1624 71 1297 9833 3714 25263 3245 1420 1747 674 7460 5018 303 7116 590 190 16858 6698 7773 4141 390 82
internal_value=0 0.085401 0.0899159 0.0803742 0.0807913 0.0910006 0.079979 0.0877908 0.0969385 0.0738502 0.0785498 0.0744081 0.0530062 0.0774473 0.0680129 0.0566236 0.0839948 0.0699283 0.0737167 0.0786248 0.0635251 0.0660456 -0.00286552 0.0239772 0.0878713 0.10138 0.115444 0.101359 0.0877215 0.0416196
internal_weight=0 4966.77 2616.6 2350.18 2330.48 419.561 203.482 2124.16 448.533 72.0702 1910.92 1085.37 134.963 950.406 376.832 181.758 825.553 178.356 172.423 195.074 162.864 159.118 18.8942 14.4058 647.198 165.802 98.8953 376.463 137.52 16.4017
internal_count=286135 248301 118046 130255 115543 14878 4944 98906 18646 1695 100665 58158 13547 44611 19348 11085 42507 9881 9207 8263 9075 8772 2010 469 32626 15768 9070 16951 4613 472
is_linear=0
shrinkage=0.1


Tree=112
num_leaves=31
num_cat=0
split_feature=93 171 157 88 170 156 5 146 103 191 81 190 157 156 157 187 103 117 183 174 6 99 166 11 173 185 105 5 163 166
split_gain=19.0954 10.0214 10.0228 8.66166 6.05426 5.92098 5.82773 5.67944 6.13803 5.45903 7.30972 6.14675 5.30785 6.40864 5.01167 5.22659 4.99775 4.89743 5.03973 4.96975 4.83155 4.79434 4.79279 5.42465 4.70488 5.52711 7.20085 7.04859 5.32998 7.45249
threshold=0.064679164439439787 -0.03639672510325908 0.4752290546894074 0.69899111986160289 0.45467460155487066 0.2323504984378815 0.15452449023723605 0.013568489346653225 0.024854750372469429 0.14818941056728366 0.16784037649631503 -0.014834724366664885 0.59092384576797496 0.34118625521659857 0.61550846695899974 0.064976636320352568 0.097293142229318633 1.0000000180025095e-35 -0.097878549247980104 -0.31707450747489924 0.031009615398943428 0.14483734965324405 0.90145400166511547 0.058957219123840339 -0.097778968513011918 0.019303398206830028 -0.065561853349208818 0.095328971743583693 0.20816176384687426 0.70249241590499889
decision_type=2 2 2 2 2 2 10 2 2 2 2 2 2 2 2 2 2 2 2 2 8 2 2 8 2 2 2 10 2 2
left_child=3 16 -3 22 -4 9 14 8 -8 -5 11 -11 20 -14 17 -16 -2 24 -19 -20 -6 -17 -1 -24 28 26 -26 -27 29 -7
right_child=1 2 4 5 12 6 7 -9 -10 10 -12 -13 13 -15 15 21 -18 18 19 -21 -22 -23 23 -25 25 27 -28 -29 -30 -31
leaf_value=0.09478325634031777 0.085817613768540302 0.027444588127455122 0.093448181874442302 0.091300610892523962 0.00088309162217892168 -0.099879830299961739 0.053114975524612744 0.10164177151598947 -0.044055884994571796 0.01409586844143198 -0.026596025489786242 0.099700765807582359 0.08390543619620143 0.064176659174284431 0.0917292035629928 0.07271742348778415 0.064324343496830555 0.03609082556464259 -0.10909368227510559 0.087877517832024354 0.060137025165222513 -0.021388849220872232 0.071764333043470574 0.096262643501174583 0.032465768301964126 0.017359470294569308 0.092137250633203882 0.084488165479635141 0.1060042233220006 0.034141956666743099
leaf_weight=1421.4248215423886 788.94233657269319 55.79555648477799 107.30730888893595 675.26676558941642 14.473078295293588 5.7962312715244542 16.251294566951405 10.249444958618367 10.834569221962736 11.863879001552275 8.6616193316749541 28.627700626473938 308.21694601535637 353.48574780452873 357.90398630295022 133.89405448860271 125.37839230159534 22.135995720667779 1.2897648180351087 187.20308252679843 279.71838291914992 5.6417796522873678 215.81639729147628 155.51794821873864 26.17611308159394 41.904509648322346 88.925314758209424 24.957824368837464 5.6250514978346464 14.60026452238162
leaf_count=70743 51917 15693 2108 57185 6932 380 792 582 861 1135 1245 2197 6015 7408 3061 1052 9682 1134 135 7961 15745 74 8355 3684 1648 3037 3209 612 625 376
internal_value=0 0.0751038 0.0687578 0.0873076 0.0709259 0.0821435 0.0769653 0.0382381 0.0142458 0.0889585 0.0567831 0.0746189 0.0683976 0.0733662 0.0785437 0.0853289 0.0828703 0.0704807 0.0812289 0.0865297 0.057222 0.0689125 0.0921405 0.0820244 0.0595959 0.0652836 0.0785669 0.0424167 0.0198233 -0.00394406
internal_weight=0 2033.32 1119 3470.57 1063.2 1677.81 953.389 37.3353 27.0859 724.42 49.1532 40.4916 955.894 661.703 916.054 497.44 914.321 418.614 210.629 188.493 294.191 139.536 1792.76 371.334 207.985 181.964 115.101 66.8623 26.0215 20.3965
internal_count=285583 115500 53901 170083 38208 87301 25539 2235 1653 61762 4577 3332 36100 13423 23304 4187 61599 19117 9230 8096 22677 1126 82782 12039 9887 8506 4857 3649 1381 756
is_linear=0
shrinkage=0.1


Tree=113
num_leaves=31
num_cat=0
split_feature=86 86 86 93 83 109 113 192 132 205 198 2 105 147 163 209 222 170 10 192 232 85 3 138 13 3 94 222 227 190
split_gain=34.8839 9.91304 6.07368 5.8857 4.49396 4.49223 4.44117 4.59514 4.42171 5.71026 5.03626 4.63679 4.28815 3.96759 4.08377 3.9257 5.20134 3.96429 3.89657 3.88409 3.87489 6.01587 6.09825 4.737 5.16872 4.37772 4.18388 3.89768 3.84248 3.82835
threshold=-0.92546641826629628 -1.1817154288291929 -0.57369077205657948 0.18408870697021487 7.5000000000000009 -0.0014570878702215848 0.064568012952804579 -0.085995018482208238 -0.0010012745042331515 0.085646107792854323 0.14754728227853778 0.16714836657047275 0.10490912571549417 -0.0088915084488689882 0.54608485102653515 -0.007116996916010975 0.0085870590992271918 0.43581336736679083 145.50000000000003 0.042082507163286216 -0.0011123861768282948 95.500000000000014 0.28452381491661077 -0.019978738389909264 0.072866182774305358 0.33150184154510504 0.019363489933311943 -0.08064402267336844 0.091092623770236983 -0.014834724366664885
decision_type=2 2 2 2 2 2 2 2 2 2 2 10 2 2 2 2 2 2 10 2 2 2 8 2 10 10 2 2 2 2
left_child=1 8 4 -3 -2 -5 -4 -8 9 -1 -10 -11 -12 14 29 -7 17 18 -17 -9 23 25 -23 24 -15 27 -25 -22 -19 -6
right_child=2 3 6 5 13 15 7 19 10 11 12 -13 -14 20 -16 16 -18 28 -20 -21 21 22 -24 26 -26 -27 -28 -29 -30 -31
leaf_value=0.080836544494430812 0.085274662668761742 0.079356628129058832 0.10123346843633828 0.079213418986805118 0.12601949114565722 0.069996875451404275 -0.024187358018712059 0.097997411622448072 0.041939952943232051 -0.0049661594454799372 0.10537846631218827 0.15874916004366049 -0.05475772649321458 0.07892784438568419 0.0049690511871997266 -0.11889604485020955 0.063420374143848893 0.0089788622008584347 0.12909028392319921 0.031198904611332207 0.026049220839384209 -0.094585976845172365 0.08883881858877829 0.088250256058354959 -0.088967013562206987 -0.040212625586092759 0.1181236542384092 0.088534289889811268 0.098015419880302476 0.093722878106358404
leaf_weight=98.584352045970718 2447.3954552023442 1125.0451784346935 512.58554265605153 164.64332484475267 81.528000819354475 150.44502585857913 4.71937623958729 31.736335185385542 183.38072606450146 13.650904311420616 20.45878741819752 1.9810262446344484 1.8210547260841838 57.003948738193458 3.6893119320716314 0.71489692643785829 83.753956624150305 52.106739140063837 5.572955775207447 11.994685347787707 10.588942652812873 3.9087668136148741 3.3798058824850159 79.31753407388851 1.8945564283524152 2.836972908066854 114.64704708175498 174.40189863124385 5.3441323579429527 66.754586768227909
leaf_count=6199 119662 64379 19904 9813 2361 8722 389 915 15068 1170 1016 91 171 2348 1800 250 4794 4590 179 696 873 390 134 3814 361 791 3797 7685 318 2960
internal_value=0 0.0722166 0.0889364 0.0754524 0.087176 0.0659569 0.0984981 0.0695588 0.0561563 0.0719329 0.0473945 0.0157814 0.0922896 0.0949322 0.108894 0.0586313 0.0470382 0.0255117 0.100895 0.0796757 0.0901957 0.0796081 -0.00952952 0.0983654 0.0735273 0.083067 0.105908 0.0849576 0.0172611 0.11148
internal_weight=0 1907.5 3608.38 1587.63 3047.35 462.581 561.036 48.4504 319.877 114.216 205.661 15.6319 22.2798 599.951 151.972 297.938 147.493 63.7387 6.28785 43.731 447.979 195.116 7.28857 252.863 58.8985 187.828 193.965 184.991 57.4509 148.283
internal_count=285640 116760 168880 93045 146976 28666 21904 2000 23715 7460 16255 1261 1187 27314 7121 18853 10131 5337 429 1611 20193 9873 524 10320 2709 9349 7611 8558 4908 5321
is_linear=0
shrinkage=0.1


Tree=114
num_leaves=31
num_cat=0
split_feature=86 86 93 175 144 157 173 156 17 192 185 147 69 95 133 157 188 126 99 150 88 73 179 71 195 153 6 149 0 0
split_gain=27.6754 12.996 6.19785 4.04418 5.15898 3.96665 4.79042 5.55097 5.06312 4.89878 4.68551 5.17539 4.87327 6.15079 6.0168 5.37989 5.32904 4.69887 4.64314 4.85493 6.09704 4.59378 5.95969 4.33039 6.10474 5.1616 4.31207 5.29266 4.78588 4.28553
threshold=-0.79820320010185231 -1.1817154288291929 0.18408870697021487 0.60585469007492077 -0.027194430120289322 0.68788212537765514 -0.097778968513011918 0.31695242226123815 4.5000000000000009 -0.013423298951238392 -0.022294189780950543 0.041467130184173591 2.1988886594772343 -1.0000000180025095e-35 -0.028137835673987862 0.57240715622901928 0.07022841647267343 -0.0014192552189342675 -0.16572059690952298 -0.01330648362636566 0.62947362661361705 0.27842378616333013 -0.084323950111865983 0.013606071937829258 -0.024062980897724625 0.029670875519514087 0.097391597926616683 0.016683941707015041 0.41522988677024847 0.21007845550775531
decision_type=2 2 2 2 2 2 2 2 2 2 2 2 2 2 2 2 2 2 2 2 2 2 2 2 2 2 8 2 10 10
left_child=1 -1 3 5 -5 6 7 9 -9 18 11 -11 13 17 15 16 -14 -12 -3 -20 -21 26 -23 24 -22 29 -8 28 -28 -25
right_child=-2 2 -4 4 -6 -7 21 8 -10 10 12 -13 14 -15 -16 -17 -18 -19 19 20 23 22 -24 25 -26 -27 27 -29 -30 -31
leaf_value=0.058034372686953453 0.091536842294755214 -0.10028001305511094 0.071237429708023076 0.01525315303966515 0.13478088237672725 0.099253630446121344 0.087557694755950655 0.066882400809750317 0.018642550923043164 0.10922698036437406 0.089013500924685268 0.041391843643949232 -0.049022074065965968 -0.048826836856811467 0.091511580889781716 0.090905719184266917 0.14078789098469988 -0.032743992880701532 0.082347542122838804 -0.11416942576801266 0.066232212765370446 0.055286797568469451 0.14228664259145776 0.04236611674986239 -0.019615504180191833 -0.060089404574004079 0.081502094909520234 0.05879282565616948 -0.076944491060750797 0.10115969344134966
leaf_weight=322.7866172483582 2240.78520982175 1.6955350184771294 733.19451615412208 4.1926613200294041 26.028033929892445 117.09493685104826 757.30011682429313 64.794446859359596 32.756806573503127 97.847951238355108 15.052089930770538 12.707569171387602 8.7793164171069993 6.5690498297803961 107.98779691701577 8.2043186378286901 1.7788482406583614 4.0150432902846669 90.481762487862397 2.2182060187074049 17.324979808992339 11.036491014387364 27.476888085359178 20.386414996799431 15.872291967146564 2.8501465606504999 547.37077963221736 134.1282570297592 1.9129834363698126 31.638336582861939
leaf_count=23625 99367 145 44286 366 1363 616 42514 1519 1026 5731 779 722 996 869 5482 93 126 525 4914 217 1102 1228 3912 1827 1139 456 28515 9866 820 1362
internal_value=0 0.0770693 0.079186 0.0818723 0.118198 0.0813591 0.0803229 0.0722894 0.0506839 0.0770213 0.0857576 0.10143 0.0743874 0.0346239 0.0824299 0.0301602 -0.0170427 0.0633745 0.064432 0.0659769 0.0495715 0.0832717 0.117356 0.0536955 0.0251867 0.0709423 0.0823606 0.0766016 0.0809503 0.0781208
internal_weight=0 3225.48 2902.7 2169.5 30.2207 2139.28 2022.19 542.961 97.5513 445.41 262.942 110.556 152.386 25.6362 126.75 18.7625 10.5582 19.0671 182.468 180.772 90.2904 1479.23 38.5134 88.0722 33.1973 54.8749 1440.71 683.412 549.284 52.0248
internal_count=285508 186141 162516 118230 1729 116501 115885 29030 2545 26485 15323 6453 8870 2173 6697 1215 1122 1304 11162 11017 6103 86855 5140 5886 2241 3645 81715 39201 29335 3189
is_linear=0
shrinkage=0.1


Tree=115
num_leaves=31
num_cat=0
split_feature=93 103 17 88 170 157 171 157 2 85 63 173 157 170 156 171 136 150 13 156 133 180 222 214 213 192 104 193 121 220
split_gain=21.7228 9.58126 5.77882 5.68754 6.06979 5.50422 5.02472 5.15633 6.31506 6.33255 5.08753 5.03969 4.95694 5.29533 4.90801 5.97073 4.76139 4.7077 5.28663 6.20757 7.46657 4.80168 4.76578 4.6839 4.36102 4.35283 5.35116 4.31495 4.20522 6.39783
threshold=0.18408870697021487 0.10236249491572381 16.500000000000004 0.69899111986160289 0.44120077788829809 0.57795006036758434 0.1005845069885254 0.62632915377616893 0.063214566558599486 97.500000000000014 -0.067948043346405015 -0.026087740436196324 0.48622788488864904 0.54438480734825145 0.29198718070983892 0.056794159114360816 0.023300110362470153 0.024180001579225067 0.046006407588720329 0.27311578392982488 0.028806429356336597 0.31316554546356207 0.02689075376838446 -0.076299116015434251 0.039070811122655875 0.025032103061676029 0.080635819584131255 -0.072278771549463258 0.058586336672306068 -0.034073591232299798
decision_type=2 2 2 2 2 2 2 2 8 2 2 2 2 2 2 2 2 2 8 2 2 2 2 2 2 2 2 2 2 2
left_child=1 2 3 17 -5 14 12 8 10 -10 -8 -9 13 16 28 24 -2 21 19 23 22 -1 -21 -19 25 -16 -27 -12 -6 -30
right_child=6 -3 -4 4 5 -7 7 11 9 -11 27 -13 -14 -15 15 -17 -18 18 -20 20 -22 -23 -24 -25 -26 26 -28 -29 29 -31
leaf_value=0.0940959006744162 0.051750694591046101 0.07615504894220454 0.10816258420391021 0.1029317773252838 0.082669731486252118 0.086370659042316944 0.10087424495849183 0.091106629825177268 0.0088786892465838908 0.10066833063372518 -0.1076109730095787 0.062373639303072749 0.082666080421311447 -0.017685571414539941 0.062764133434192376 -0.060342086754977556 0.092323670502061833 -0.022402428462005082 0.089474320871285318 -0.021703071484731523 0.092126132898585955 0.051259998018005883 0.053052074744920158 0.09729714110247184 0.087560876744980629 -0.010451036966647826 0.11460116169072887 0.050201999475499741 0.024169708049375623 0.077401942640617227
leaf_weight=1497.2003213123303 86.286881872364802 836.24643964503684 137.00002668144725 143.38128488597204 451.52433000370445 950.06233590567399 25.950268611915021 76.274859192002623 52.638064598984329 8.7680491907167362 1.8432467118673255 305.69943031788171 367.77067681924018 8.1628379815590488 51.446106394994786 4.246535344665971 43.508610297200335 3.5569855070336862 169.96795306209856 19.970789107215751 16.350745433788688 26.633939531369833 14.883949646398831 40.385358585486301 39.002239246020508 19.808930784234693 4.1364265499196327 28.854167393597891 33.232497402653962 70.422054888029265
leaf_count=67350 18516 47183 4394 7558 48508 13073 1529 1694 3747 253 761 5738 12240 4804 2884 592 8940 784 5167 1225 551 2019 674 4143 3024 2442 210 3041 4182 8223
internal_value=0 0.0858205 0.0880091 0.0872327 0.083209 0.0814676 0.0695742 0.0624658 0.0441995 0.0219851 0.0682799 0.0681112 0.0766024 0.0604379 0.0745545 0.0560924 0.0653511 0.0912075 0.0789089 0.0600352 0.0363736 0.0933472 0.0102195 0.0876079 0.0604147 0.0463711 0.011151 0.040726 0.0784998 0.0603353
internal_weight=0 4529.46 3693.21 3556.21 1767.26 1623.88 1005.76 500.028 118.054 61.4061 56.6477 381.974 505.729 137.958 673.819 118.64 129.795 1788.95 265.116 95.1478 51.2055 1523.83 34.8547 43.9423 114.394 75.3915 23.9454 30.6974 555.179 103.655
internal_count=285449 224186 177003 172609 90696 83138 61263 16763 9331 4000 5331 7432 44500 32260 70065 9152 27456 81913 12544 7377 2450 69369 1899 4927 8560 5536 2652 3802 60913 12405
is_linear=0
shrinkage=0.1


Tree=116
num_leaves=31
num_cat=0
split_feature=86 93 86 214 86 17 114 161 147 11 186 95 110 219 12 63 191 102 158 229 202 150 195 232 108 67 221 9 221 144
split_gain=32.9563 12.9161 7.29571 5.7404 5.48073 4.776 4.73506 6.21642 4.27631 5.07689 4.48197 4.07181 4.01625 3.5946 3.46227 3.88365 3.41404 3.4044 3.35454 4.5379 3.84546 4.41348 3.83353 3.62601 4.71494 3.53713 3.44741 3.70432 3.3539 4.22497
threshold=-0.95708391070365895 0.30955286324024206 -0.6793040633201598 0.10337210074067117 -1.1817154288291929 7.5000000000000009 -0.056375548243522637 3.5796853303909306 0.014154851436614992 0.055795019492506988 -0.17811740189790723 0.06531065329909326 0.028241113759577278 0.060508809983730323 164.50000000000003 -0.12845615297555921 0.21801120787858966 0.058222841471433646 0.36666667461395269 -0.029305744916200634 -0.050018224865198128 0.015293031930923464 -0.099843282252550111 -0.045609487220644944 -0.068559367209672914 2.5123373270034794 -0.065576959401369081 0.0067682089284062394 0.10209383815526964 -0.022451130673289296
decision_type=2 2 2 2 2 2 2 2 2 10 2 2 2 2 10 2 2 2 2 2 2 2 2 2 2 2 2 8 2 2
left_child=1 4 5 -3 18 -2 7 14 16 10 -10 17 -5 -9 15 -4 -7 -11 19 -1 21 22 -21 24 -22 -25 -20 -28 29 -6
right_child=2 3 6 12 28 8 -8 13 9 11 -12 -13 -14 -15 -16 -17 -18 -19 26 20 23 -23 -24 25 -26 -27 27 -29 -30 -31
leaf_value=0.020745424959171255 0.083005818899648504 0.056476430811014514 0.087020156645728972 -0.049008994003378901 0.089197968315231316 0.10066512140121808 0.096861921165091458 0.056527024199390208 -0.034789558863383217 -0.088938823900918604 0.088767677809471493 0.065785225149398593 0.038617089228014448 -0.029834874818678383 0.10654520872929474 0.0024428309953462646 -0.0240862072054479 0.063448313800565398 0.11610639967614184 -0.10555537827552958 0.092239314591749638 -0.042148866253503642 0.10956219290425176 0.069056023300122435 -0.037067936988351612 -0.011093411241706 0.01509646573430967 0.079186987531792596 0.095988853927141446 0.073138700188907516
leaf_weight=35.896622764579888 2158.5554058547427 293.85259481780599 18.780272811412036 8.7786628326607588 206.557635645804 356.22153302373192 1027.426771844564 37.327968148192667 2.9867448514823982 4.0342566782956082 172.25246523168869 11.820952163744549 12.941806305535009 5.5340728471037428 55.554782147233709 7.6368927832127147 2.2072996491601762 2.3028935089259903 17.839341715595765 0.85462018892577063 4.0565434725826881 2.2662619860047917 27.01600013297957 50.65531894202968 9.2498440121707954 6.1776855456582771 11.512819797202154 41.620140278416329 96.450473925020106 791.81387878483349
leaf_count=3669 108974 22000 1556 1078 12054 15909 43059 2092 395 560 7009 530 1012 405 846 1095 251 202 576 214 181 284 1646 3160 1071 1173 1064 1614 4607 47542
internal_value=0 0.0709601 0.087962 0.0528096 0.0753594 0.0851283 0.0946274 0.0762368 0.0934305 0.0814463 0.0866618 0.0311132 0.00320166 0.0453765 0.0923732 0.0625698 0.0998969 -0.033562 0.0604434 0.0512563 0.0621785 0.0920534 0.102966 0.0493421 0.00235227 0.0603439 0.0780704 0.0652999 0.0781816 0.0764613
internal_weight=0 1617.54 3862.64 315.573 1301.97 2710.38 1152.26 124.834 551.826 193.397 175.239 18.1581 21.7205 42.862 81.9719 26.4172 358.429 6.33715 207.145 136.173 100.276 30.1369 27.8706 70.1394 13.3064 56.833 70.9723 53.133 1094.82 998.372
internal_count=285828 102945 182883 24090 78855 133830 49053 5994 24856 8696 7404 1292 2090 2497 3497 2651 16160 762 14652 11398 7729 2144 1860 5585 1252 4333 3254 2678 64203 59596
is_linear=0
shrinkage=0.1


Tree=117
num_leaves=31
num_cat=0
split_feature=86 86 93 86 93 17 159 227 160 156 217 132 168 98 163 79 157 193 154 197 217 227 129 162 171 229 127 211 198 131
split_gain=32.8394 7.19641 6.54298 5.24542 4.96081 4.66903 4.57571 4.35277 4.31341 4.14477 5.68944 6.07233 5.81417 4.55448 4.42356 4.29505 4.60731 4.48437 6.00417 5.3249 5.74126 4.53188 4.0911 4.37715 4.37246 4.41031 4.32076 4.55582 4.39573 4.21455
threshold=-0.95708391070365895 -1.1529442071914671 -0.071678895503282533 -0.6793040633201598 0.36676779389381414 20.500000000000004 0.59589767456054699 -0.0097314845770597441 2.0000000000000004 0.12864215672016147 -0.079289592802524553 -0.026276499964296814 2.8457838296890263 0.095430560410022749 0.8762931525707246 0.26172162592411047 0.53267690539360057 -0.085472788661718355 0.055834643542766578 0.092001494020223631 -0.046414526179432862 -0.0018650579731911419 -0.00094776693731546391 78.758403778076186 -0.10097965970635413 0.087049588561058058 0.048791041597723968 -0.067148674279451356 0.089442569762468352 -0.057902820408344262
decision_type=2 2 2 2 2 2 2 2 2 2 2 2 2 2 2 2 2 2 2 2 2 2 2 2 2 2 2 2 2 2
left_child=1 -1 5 8 9 22 -7 -6 -4 10 11 -3 -12 -14 15 16 -11 18 -17 -19 -21 -20 23 -2 25 26 28 -28 29 -25
right_child=2 4 3 -5 7 6 -8 -9 -10 14 12 -13 13 -15 -16 17 -18 19 21 20 -22 -23 -24 24 -26 -27 27 -29 -30 -31
leaf_value=0.05951573892036819 0.10441195765683733 -0.094083017734991267 0.084076771463039934 0.093502507124713516 0.032638525939740391 0.147602975812853 0.018476663888171953 0.07017597418128578 0.065708836101514581 0.05256590422674319 -0.013096654409680473 0.061722600435496204 0.10094215360721265 0.053199676141561542 -0.070539097318808905 0.066797028772286313 0.074351185958668756 0.098533281992237653 -0.20406291463320181 -0.13522301334652334 0.060938070628860232 0.02845251226908966 0.086755485150343481 -0.0067628166264080275 0.1049930876974175 -0.020396237292843133 -0.16799078946548349 0.044733067662051734 0.11354952371442058 0.082274163867614047
leaf_weight=379.64986260534897 438.34362776934688 2.7619767428727782 1724.5463812749877 594.66604941051469 47.12189126286421 25.606342289666376 3.0736966827621464 89.685805586749439 138.08698343855826 119.40090915384644 4.9738610156061887 26.517611155719806 201.80332853625282 22.177438035299247 2.1095344857949376 29.140747621584524 519.25124467810201 166.72366108237929 1.4934227251796985 1.6029996048782802 21.555889990093419 1.9107469113368996 600.38790249836302 5.4817463251142717 123.40343202084898 4.1415785672154461 1.110956203938257 10.736332144087099 48.228308052031934 176.15425535825398
leaf_count=28172 18220 676 84622 25531 4193 352 367 5278 8981 10969 2392 3035 23368 3779 3634 1352 10693 4420 90 144 516 75 26996 327 7969 703 128 639 1339 6229
internal_value=0 0.0715829 0.0884599 0.0853256 0.075224 0.0938209 0.133764 0.0572466 0.0827151 0.0774171 0.0885322 0.0470253 0.0938402 0.0962149 0.0740919 0.0744462 0.0702783 0.0864137 0.0521165 0.092292 0.0473603 -0.0735529 0.0930073 0.097655 0.0896337 0.0819243 0.0836775 0.0247853 0.0867128 0.079587
internal_weight=0 1637.88 3893.97 2457.3 1258.23 1436.67 28.68 136.808 1862.63 1121.42 258.234 29.2796 228.955 223.981 863.189 861.08 638.652 222.427 32.5449 189.883 23.1589 3.40417 1407.99 807.6 369.257 245.853 241.712 11.8473 229.864 181.636
internal_count=285189 102786 182403 119134 74614 63269 719 9471 93603 65143 33250 3711 29539 27147 31893 28259 21662 6597 1517 5080 660 165 62550 35554 17334 9365 8662 767 7895 6556
is_linear=0
shrinkage=0.1


Tree=118
num_leaves=31
num_cat=0
split_feature=86 86 86 17 170 152 93 226 67 223 121 212 157 128 126 68 207 76 174 119 233 7 224 205 85 157 134 170 211 134
split_gain=32.9688 8.6361 5.60176 4.8422 4.69284 6.74573 4.61156 6.06889 4.83409 4.82832 4.45496 4.19115 4.1313 7.4374 7.90304 7.35127 4.21317 4.10799 4.10719 3.83908 5.06138 5.04629 4.79549 3.82745 4.48782 3.91167 5.19915 5.01324 4.68915 4.6505
threshold=-0.94577196240425099 -1.1529442071914671 -0.6793040633201598 20.500000000000004 0.61287930607795726 0.036720810458064086 0.18408870697021487 0.098187752068042769 1.0613310337066653 0.010007886681705715 -0.02465760055929422 0.16501245647668841 0.51441779732704174 0.02339896094053984 -0.016215255483984944 37.572927474975593 0.041464839130640037 0.032086478546261794 0.37087367475032812 0.043330475687980659 -0.035002058371901505 0.25198413431644445 0.074897207319736495 -0.08494940027594565 18.500000000000004 0.47884640097618109 -0.010135101620107887 0.48177884519100195 0.002350750495679677 -0.020923179574310776
decision_type=2 2 2 2 2 2 2 2 2 2 2 2 2 2 2 2 2 2 2 2 2 8 2 2 2 2 2 2 2 2
left_child=1 -1 3 4 23 -6 7 11 9 10 -9 12 13 15 -15 -3 -16 -13 -17 21 -21 -8 -23 24 -2 26 29 -27 -28 -25
right_child=2 6 -4 -5 5 -7 19 8 -10 -11 -12 17 -14 14 16 18 -18 -19 -20 20 -22 22 -24 25 -26 27 28 -29 -30 -31
leaf_value=0.058291816778874822 -0.035170990323336648 0.072826750091665685 0.094116040887839481 0.11605805137823436 -0.065652038417070985 0.09558406540603058 0.068048203658061343 0.55643935269483524 0.1155590665882031 -0.10085067176600666 0.042658126233520478 0.081779755418334307 0.080924922079028919 0.14415414598807202 0.0058424371726813985 0.017190883401596944 0.10981596444954662 -0.10046819938739811 0.12567499983415334 0.018206060065539355 0.10198258142101935 0.025931333269221708 0.10851547732720608 0.069385706921715709 0.095023350022166816 0.093070014094406933 0.032690192364975779 0.08182520160523514 0.075136109285210848 0.12177455308109567
leaf_weight=384.23449322957845 2.6648044153926085 73.119342278415274 1128.5664013578812 51.491763686570721 4.9995490466890242 5.3946817750415903 284.03502095673343 0.23220212455817091 59.173913364534883 2.0308162627870843 0.61776599087625017 2.3387970562569071 696.66433467023444 20.549801648431639 9.1150685013626553 51.624655764384102 6.8082839491064524 2.6249524185241171 3.7429275742940709 8.4136623172689706 50.470361298139551 54.270315103831763 8.0779665948350594 42.448361197946156 409.98171157701154 548.1608038842669 49.130022679722288 1432.7609615624822 55.34763645424016 28.201473702392605
leaf_count=28260 296 12520 49136 1689 1191 509 15981 21 2369 650 217 358 19185 3274 2116 11543 967 460 518 943 2551 5000 695 10799 20577 9942 13474 51887 13466 5111
internal_value=0 0.0715015 0.0882224 0.085694 0.0850878 0.0180307 0.0753066 0.0791909 0.109401 -0.0170961 0.183018 0.0770276 0.0775554 0.0633254 0.103179 0.0520124 0.050298 -0.0145974 0.0245246 0.0664061 0.0900121 0.0623932 0.0366311 0.0853591 0.0941826 0.0836704 0.069345 0.0849369 0.0551762 0.0902979
internal_weight=0 1718.14 3759.15 2630.58 2579.09 10.3942 1333.91 928.643 62.0547 2.88078 0.849968 866.588 861.624 164.96 36.4732 128.487 15.9234 4.96375 55.3676 405.267 58.884 346.383 62.3483 2568.7 412.647 2156.05 175.127 1980.92 104.478 70.6498
internal_count=285705 107628 178077 128941 127252 1700 79368 54198 3257 888 238 50941 50123 30938 6357 24581 3083 818 12061 25170 3494 21676 5695 125552 20873 104679 42850 61829 26940 15910
is_linear=0
shrinkage=0.1


Tree=119
num_leaves=31
num_cat=0
split_feature=86 86 93 93 184 185 118 152 81 9 150 193 106 231 124 9 124 159 170 202 217 196 113 103 104 12 142 3 75 81
split_gain=28.8042 10.6142 5.0262 4.40078 4.85113 4.22363 5.62618 4.66213 3.94743 4.83762 3.84135 4.44491 3.85014 4.45824 3.67999 3.53666 5.32836 3.35427 3.93886 5.07708 4.29857 6.88996 5.21266 4.95311 5.63584 4.93949 4.60615 4.22823 5.55343 4.93612
threshold=-0.92546641826629628 -1.1817154288291929 0.36676779389381414 -0.21871858835220334 -0.11136342585086821 -0.12350424006581305 0.022782113403081897 0.009183524642139675 0.27543103694915777 1.0000000180025095e-35 0.032578263431787498 -0.072278771549463258 -0.019415022805333134 -0.013495427090674637 0.065712474286556258 0.019934879615902904 -0.030476490035653111 0.55174002051353466 0.53249716758728038 0.11580475419759752 -0.015418440103530882 0.12634257972240451 0.0040670952294021854 0.020962743088603023 0.033208644017577178 271.00000000000006 0.020916856825351719 0.20114503800868991 0.024099883623421196 0.057831661775708205
decision_type=2 2 2 2 2 2 2 2 2 10 2 2 2 2 2 8 2 2 2 2 2 2 2 2 2 8 2 8 2 2
left_child=1 15 17 -2 8 6 7 -4 10 -10 -5 -12 -13 -14 -7 -1 -17 18 20 27 21 23 -23 -3 -25 -22 -27 28 -20 -30
right_child=3 2 5 4 -6 14 -8 -9 9 -11 11 12 13 -15 -16 16 -18 -19 19 -21 25 22 -24 24 -26 26 -28 -29 29 -31
leaf_value=0.063388531596047612 0.10330287043846734 0.1021752555763384 -0.019756834346091913 0.098887588438553595 0.085912344577083924 0.067503442316261861 -0.053345756176775921 0.1142671999226703 0.10951313633820835 -0.018354838400054481 -0.05521351259359978 0.10473720821947193 -0.082897846201367864 0.06627844664971809 -0.074025159105667565 -0.0046132220586185217 0.052763566623054974 0.074621551934510963 -0.014205614079947205 -0.060294240968244185 0.1071933081421259 -0.068351550779683565 0.059235113983225486 0.077013502993816763 -0.0052325917907276769 0.077169889294576424 -0.052187293888350895 0.083988392721982941 0.0072607390112809566 0.098580218548566495
leaf_weight=214.42957750395203 189.71712090333631 86.891185945419465 4.3344694909651498 554.35483373808847 2804.7054193554577 154.77932118514309 7.257180233793405 6.4693265498272012 5.3639805072402833 6.5983848189084711 2.9193038346838902 16.456906007497317 2.7257530712636298 7.55946481125783 1.8592789701242498 20.739965710900833 73.70098402761073 861.62288405618733 11.29118274887105 2.9307584449895776 166.10095614698491 5.1741660608486191 8.4021405389232751 103.76586159524538 9.0589645089951301 33.323503179368345 3.0005479430278674 95.861042326640927 8.7204176806685627 18.426354756929868
leaf_count=13975 8143 4692 486 23991 133784 10050 794 548 459 494 479 774 349 433 311 2589 7046 42430 2005 907 11321 499 569 5836 772 2049 408 6254 1614 1623
internal_value=0 0.0732496 0.0765462 0.0884803 0.0876534 0.0605437 0.0147532 0.0604969 0.0958468 0.0389818 0.0970116 0.0619504 0.0747405 0.0267443 0.0658235 0.0562871 0.0401632 0.0785225 0.0846011 0.0699112 0.0894503 0.0795441 0.0106096 0.0842301 0.0704098 0.0998883 0.0664843 0.0727526 0.0447316 0.0692455
internal_weight=0 1898.14 1589.27 3590.4 3400.68 174.7 18.061 10.8038 595.979 11.9624 584.016 29.6614 26.7421 10.2852 156.639 308.871 94.4409 1414.57 552.947 137.23 415.717 213.292 13.5763 199.716 112.825 202.425 36.3241 134.299 38.438 27.1468
internal_count=285684 116778 93168 168906 160763 12189 1828 1034 26979 953 26026 2035 1556 782 10361 23610 9635 80979 38549 12403 26146 12368 1068 11300 6608 13778 2457 11496 5242 3237
is_linear=0
shrinkage=0.1


Tree=120
num_leaves=31
num_cat=0
split_feature=86 86 4 93 74 103 151 11 201 173 147 219 10 132 181 53 156 226 79 223 214 151 139 118 75 115 153 100 156 94
split_gain=33.5617 14.2016 4.77688 4.65315 3.91852 3.89674 3.85112 4.48885 5.28578 4.88077 4.52425 4.48911 4.18014 4.08328 3.7955 3.7331 3.7119 3.6194 3.60665 4.59378 5.7213 4.1779 5.06022 4.63724 4.34217 3.735 3.5141 3.58797 3.40918 3.99078
threshold=-0.83693176507949818 -1.1529442071914671 0.23669467866420749 0.34220205247402197 0.60763889551162731 0.07279695570468904 0.0071430965326726445 0.0073450077325105676 -0.096825461834669099 0.086855601519346251 -0.015803001821041104 -0.1549253314733505 320.50000000000006 -0.0069757672026753417 0.14266662299633029 1.5000000000000002 0.12864215672016147 0.031286304816603668 0.27100989222526556 -0.093482442200183855 -0.053333092480897897 -0.015600414946675299 0.025370763614773754 0.017708637751638893 0.048583790659904487 0.039996225386857993 0.010543602053076031 -0.11791351065039633 0.12864215672016147 -0.14875499159097669
decision_type=2 2 10 2 2 2 2 8 2 2 2 2 8 2 2 2 2 2 2 2 2 2 2 2 2 2 2 2 2 2
left_child=1 -1 5 4 18 -2 7 10 15 12 -5 -11 13 -10 -8 26 -4 -13 28 20 -20 24 -23 -24 -22 -26 27 -9 29 -3
right_child=2 3 16 6 -6 -7 14 8 9 11 -12 17 -14 -15 -16 -17 -18 -19 19 -21 21 22 23 -25 25 -27 -28 -29 -30 -31
leaf_value=0.057334494057274345 0.092582701296000769 0.12979314031638803 0.15621958336286318 0.33164474527353621 0.15495595745169874 0.083387021138620565 0.03464574651340404 -0.15607148460773415 -0.028989339252679231 0.58912062189275627 0.11591649572184944 -0.021065390446227388 0.094536842641102736 0.070439126687002793 0.09591854248430097 -0.074936292055336182 0.1004801549800871 0.098048840128700993 -0.029645307567305487 0.088387659934546267 -0.034992487753888517 0.10087240742169863 -0.095908856973104459 0.074585689004867756 0.10163691882774205 -0.13460429284657147 -0.039520773243355539 0.076734510476947446 0.074052732601656512 0.082684781019377415
leaf_weight=373.23090028060506 2079.1324460477877 18.946301361666315 19.165853413056084 1.1526875082190597 6.9005246135084226 592.04484913765873 58.47988935321905 0.69635847712561627 5.483798214286252 0.13662372373846565 6.2069017860721933 8.9747150226435206 86.320769704600934 16.735155264316067 12.222549376571804 3.2435975135113031 31.721264079695175 3.5640413796277235 6.4103002708416161 592.7004058089874 6.7435606457495378 35.334396672920548 2.6788762784090059 3.9438946362156457 6.3922061715211385 0.74749451158368163 4.140561024879843 13.418362881136547 1132.1940623759765 353.68798617464392
leaf_count=28272 89243 3191 2409 243 183 27235 4159 42 946 31 2316 1207 2169 1433 633 222 3237 499 699 29840 504 1126 166 116 202 73 315 537 41866 42284
internal_value=0 0.0754746 0.0911227 0.0783104 0.0797197 0.0905446 0.0644803 0.0735456 0.0696181 0.0777231 0.149705 0.0190039 0.0845804 0.0458995 0.0452382 0.0239207 0.121474 0.0127919 0.0794793 0.0856735 0.0598315 0.0701032 0.0858374 0.00562153 0.0225519 0.0769035 0.0414856 0.0652489 0.0767834 0.08508
internal_weight=0 2760.69 2722.06 2387.46 2166.68 2671.18 220.776 150.074 142.714 121.215 7.35959 12.6754 108.54 22.219 70.7024 21.4989 50.8871 12.5388 2159.78 654.951 62.2507 55.8404 41.9572 6.62277 13.8833 7.1397 18.2553 14.1147 1504.83 372.634
internal_count=285398 163274 122124 135002 120250 116478 14752 9960 7401 6285 2559 1737 4548 2379 4792 1116 5646 1706 120067 32726 2886 2187 1408 282 779 275 894 579 87341 45475
is_linear=0
shrinkage=0.1


Tree=121
num_leaves=31
num_cat=0
split_feature=86 86 86 93 17 115 210 157 93 233 227 124 126 220 20 13 175 96 67 161 145 144 114 210 100 40 107 120 208 150
split_gain=29.4954 10.9222 5.90734 4.94976 4.52197 4.57062 4.86327 4.04946 3.94343 3.78039 3.6814 5.39426 3.69886 3.58639 4.71651 3.53238 4.0276 3.9077 3.72049 4.26871 7.28554 4.44242 4.67593 4.35294 3.80846 4.22244 4.65229 4.0167 4.4256 3.56493
threshold=-0.93582496047019947 -1.1529442071914671 -0.57369077205657948 0.34220205247402197 8.5000000000000018 -0.074064176529645906 -0.026698377914726731 0.4277342706918717 0.48828677833080297 -0.0039427131414413443 0.052483936771750457 0.058291973546147353 0.0036008331226184969 0.11007830873131753 1.0000000180025095e-35 0.025346565991640094 0.050398726016283042 -0.23297778517007825 1.1871230006217959 4.0322582721710214 -0.013543903827667235 0.0058602932840585717 0.022553656250238422 -0.042262194678187363 -0.079938530921936021 1.0000000180025095e-35 0.0084156026132404822 0.035051429644227035 0.11811084300279619 0.012152706272900106
decision_type=2 2 2 2 2 2 2 2 2 2 2 2 2 2 2 8 2 2 2 2 2 2 2 2 2 2 2 2 2 2
left_child=1 7 4 -3 8 6 -6 -1 15 -8 12 -12 -5 -7 -15 17 18 -2 -17 24 21 22 23 -21 25 27 -27 28 -20 -30
right_child=2 3 -4 10 5 13 9 -9 -10 -11 11 -13 -14 14 -16 16 -18 -19 19 20 -22 -23 -24 -25 -26 26 -28 -29 29 -31
leaf_value=0.0077686198634730327 -0.023507145186659598 0.078320207176380788 0.097265752340329054 0.062711162988757105 -0.13968458741891163 0.097124347732971406 0.10125098847341328 0.059062048663273629 -0.05062086862564328 -0.067336871947364943 0.089836229792736172 -0.11572563047679765 0.026136060619796866 0.064462367357201997 -0.13618028790979694 0.091029488912471423 0.099095960208553394 0.076667730044341395 0.084873454966346462 -0.11810140272753843 0.080013094419445097 0.064791071653875251 0.069055504340985327 0.0052170092100929022 0.086229686770240691 0.061888842764548896 -0.04526413543251788 0.009877780538601123 -0.093847985099359654 0.083461879851063375
leaf_weight=16.084653177849759 3.933707760986862 1248.4504920606794 547.72901251330768 97.42817593835548 1.5322423273607908 500.05349309763233 5.0982051101855177 357.01783397240524 2.1637178323471735 1.7996094353343304 47.590646505555924 1.311764303003655 38.606709477649474 13.208357426068456 1.2856219807649729 622.47904829648473 211.58459031916459 386.40480638010933 101.45371726816393 3.5012236075358532 170.01223028586992 33.111819721782012 9.3188561215847567 15.687312548676346 1038.0931703740785 10.96359560901192 6.4272743782098578 8.7087235013918853 2.5642808926545504 2.0328632435011968
leaf_count=10141 866 71790 21741 7169 199 20887 139 18114 179 188 2217 139 2683 1058 224 19929 8588 47471 4270 218 6941 1381 618 909 35795 438 426 464 328 124
internal_value=0 0.0720914 0.0876802 0.0760585 0.0860142 0.0945064 0.0214693 0.0568508 0.0843246 0.0572672 0.0607904 0.0843222 0.0523311 0.095703 0.0466653 0.0844357 0.0859681 0.0756582 0.084596 0.0817393 0.0693361 0.0398773 0.0109396 -0.0172842 0.0841943 0.0682053 0.0222875 0.0751638 0.080525 -0.0154413
internal_weight=0 1806.49 3699.15 1433.39 3151.42 522.978 8.43006 373.102 2628.44 6.89781 184.937 48.9024 136.035 514.547 14.494 2626.28 2235.94 390.339 2024.35 1401.88 231.631 61.6192 28.5074 19.1885 1170.24 132.15 17.3909 114.76 106.051 4.59714
internal_count=285634 112253 173381 83998 151640 22695 526 28255 128945 327 12208 2356 9852 22169 1282 128766 80429 48337 71841 51912 10067 3126 1745 1127 41845 6050 864 5186 4722 452
is_linear=0
shrinkage=0.1


Tree=122
num_leaves=31
num_cat=0
split_feature=74 81 182 93 157 133 96 200 186 133 150 90 162 122 142 156 172 136 119 208 2 56 181 159 122 129 173 170 13 126
split_gain=22.9951 11.2159 7.39349 5.31607 6.29006 6.46695 5.09591 8.56721 7.02714 5.19173 5.07312 4.94761 4.84096 4.80825 4.65155 4.7424 4.53976 5.91426 4.61316 4.51634 4.46548 9.55649 6.43848 4.53332 5.15684 4.69615 4.22507 4.31738 4.11315 11.4561
threshold=0.33602151274681097 0.15515873581171039 -0.063920795917510972 -0.080577716231346116 0.48622788488864904 -0.028137835673987862 -0.16888193786144254 0.069304712116718306 -0.09560279548168181 -0.015007238835096358 -0.027212460525333878 1.3224789500236513 42.859212875366218 -0.016527979634702202 0.017557792365550998 0.16749174892902377 -0.04207166284322738 0.023300110362470153 -0.062208520248532288 0.0074614677578210839 0.03488843888044358 1.0000000180025095e-35 -0.15391247719526288 0.21861641854047778 -0.024363839067518708 0.028820302337408069 0.25978729128837591 0.47992576658725744 0.06461105123162271 -0.031200697645545002
decision_type=2 2 2 2 2 2 2 2 2 2 2 2 2 2 2 2 2 2 2 2 8 2 2 2 2 2 2 2 10 2
left_child=1 3 -3 16 5 10 8 9 19 26 -5 -12 -11 -9 -7 -16 20 -18 -19 -2 21 23 -23 24 -1 -25 -8 -28 -15 -30
right_child=6 2 -4 4 -6 14 7 13 -10 12 11 -13 -14 28 15 -17 17 18 -20 -21 -22 22 -24 25 -26 -27 27 -29 29 -31
leaf_value=-0.10669485783944627 -0.069705206775682538 0.061797698351954748 0.08103426959485649 0.088903739035498641 0.086532423239466069 0.07109114689308961 0.058017703139481139 -0.008895479204805946 0.092258478942055799 0.020805102717779314 0.15355650890597561 0.013324019906809481 0.081583466530345886 0.052117065115074704 0.12549414160216329 0.026250542172663184 0.10395494119933874 -0.0077614504090747884 0.084319748080134135 0.061560663958861776 0.091162603769527839 0.13591206979351558 -0.13111494995503373 0.087715842337676542 0.050159253873168663 -0.020911114198126787 0.11165279346078204 -0.038952278223200118 0.077778348994648541 -0.130650956517714
leaf_weight=2.4594250511213458 4.4683650573469986 281.88637834080805 686.11169554666481 15.748059840448603 2490.7516906723577 155.75616611371481 129.98299064014418 18.851278665020345 97.93890940122651 14.017627203329083 2.6885021596076504 39.195285129744889 201.2600597190185 99.309758647000535 31.648096534791989 5.6789662260389369 493.13379025484733 5.6740699766110074 132.29659369731974 6.3401799093130649 449.13151549047325 1.1900596808122825 3.7430206923716005 97.494686431902323 14.1844554180916 4.1492221958362725 2.4345272534610549 8.7256325764619742 6.0500373546365154 4.674578560156986
leaf_count=409 570 15430 41622 3300 77074 36256 8449 1831 5297 1656 489 11703 12748 5446 5485 1362 22602 440 5738 702 15264 56 953 7236 1016 552 99 1392 234 455
internal_value=0 0.0850781 0.0754325 0.0874449 0.0850127 0.069915 0.064248 0.0598637 0.0838138 0.0678535 0.0405182 0.0223255 0.0776259 0.0377689 0.0786894 0.110395 0.0929855 0.0988345 0.0805329 0.00729399 0.086536 0.0696726 -0.0666972 0.0753597 0.0269813 0.0832816 0.052948 -0.00609861 0.0457635 -0.0130705
internal_weight=0 4912.92 967.998 3944.92 2741.47 250.715 594.054 485.306 108.747 356.421 57.6318 41.8838 215.278 128.886 193.083 37.3271 1203.46 631.104 137.971 10.8085 572.352 123.221 4.93308 118.288 16.6439 101.644 141.143 11.1602 110.034 10.7246
internal_count=285866 246987 57052 189935 135669 58595 38879 32310 6569 24344 15492 12192 14404 7966 43103 6847 54266 28780 6178 1272 25486 10222 1009 9213 1425 7788 9940 1491 6135 689
is_linear=0
shrinkage=0.1


Tree=123
num_leaves=31
num_cat=0
split_feature=93 103 184 63 171 157 10 99 170 181 163 90 163 108 191 146 109 128 218 145 185 6 223 13 206 115 171 4 117 121
split_gain=21.605 10.2326 6.06759 6.30681 5.90164 5.59255 6.69083 6.16553 5.50083 5.46437 6.70291 6.23115 5.43275 5.17599 6.75997 8.01639 4.94629 4.88149 4.92713 5.25903 4.805 5.0341 4.85552 4.62314 4.47844 5.06541 5.87227 4.32897 4.20738 4.18006
threshold=0.18408870697021487 0.10236249491572381 0.080363605171442046 0.33389289677143102 -0.10489404946565627 0.50739806890487682 301.50000000000006 -0.16572059690952298 0.60105058550834667 -0.0074250679463148108 -0.71915128827095021 1.7153518199920657 1.0574690103530886 0.065991532057523741 -0.12094216421246527 -0.0038555141072720285 -0.044673293828964226 0.031900547444820411 -0.066933408379554735 -0.047995116561651223 1.0000000180025095e-35 0.046745304018259055 -0.03992591239511966 0.089163407683372511 -0.094809021800756441 -0.011899695731699465 -0.089866671711206422 0.22401433438062671 0.0062959422357380399 0.079194273799657836
decision_type=2 2 2 2 2 2 10 2 2 2 2 2 2 2 2 2 2 2 2 2 2 10 2 10 2 2 2 10 2 2
left_child=1 2 3 12 8 9 -7 -8 -2 17 11 -11 13 -1 15 -15 24 18 -3 -20 21 22 -16 -10 -4 26 -26 -5 -21 -18
right_child=4 5 16 27 -6 6 7 -9 23 10 -12 -13 -14 14 20 -17 29 -19 19 28 -22 -23 -24 -25 25 -27 -28 -29 -30 -31
leaf_value=0.093164094187169297 0.089375447902488428 0.10647684394850387 0.096635559124167436 0.077313665524809727 0.065892858897493189 0.088728651666859934 -0.09094526952970905 0.069947968568930194 -0.090709793125044513 -0.010692148507014299 0.0042313265575740265 0.10104059627073073 0.015585877106083737 -0.090299287390775806 -0.083198897564110363 0.069293513623181632 0.084174637706852018 0.11422817226032843 0.12287485260537301 0.0520491790859718 0.097662000742886404 0.075801737448943973 0.045257931458091649 0.072317147663699941 -0.085128501096156051 0.057744386481530866 0.049168350598739308 -0.060442749974448345 -0.014213987187471867 0.039711496363631769
leaf_weight=2449.1966090850447 173.85115625918047 18.13912693930979 19.137974417727946 291.93637156500961 811.23780867922574 372.37069902908343 2.4009615432951241 297.54874138592459 3.1555513411149141 6.7194959976909585 32.41174483544853 19.405899328575288 9.3516365123546148 5.1638920650890432 3.9211250317546282 8.059967519685868 613.1321802171442 22.402007159658524 7.8182850148928074 36.406826170184218 87.4088637816443 70.404493104073481 11.790405234796477 3.8762031107726216 6.1338739661750878 40.521582225366956 6.939456549123177 2.2991542202104247 13.005207547532562 21.898967233119947
leaf_count=100767 18783 2198 855 14500 41592 14129 42 4398 679 912 8553 1431 9404 481 631 523 36123 3091 708 8064 2834 1731 992 204 804 2653 857 809 3612 2733
internal_value=0 0.0858453 0.0881244 0.0901257 0.0695348 0.075814 0.0797752 0.0686601 0.0858683 0.0587759 0.0346119 0.0723027 0.0916705 0.0919405 0.0758928 0.00697283 0.0798121 0.0732432 0.0610613 0.0466669 0.081145 0.0643801 0.013199 -0.000842387 0.0551104 0.0402823 -0.0138424 0.0762372 0.0346088 0.0826413
internal_weight=0 4475.93 3647.3 2939.53 992.121 828.629 672.32 299.95 180.883 156.309 58.5371 26.1254 2645.3 2635.95 186.749 13.2239 707.764 97.7715 75.3694 57.2303 173.525 86.116 15.7115 7.03175 72.7329 53.5949 13.0733 294.236 49.412 635.031
internal_count=285093 223835 176697 132672 61258 47138 18569 4440 19666 28569 10896 2343 117363 107959 7192 1004 44025 17673 14582 12384 6188 3354 1623 883 5169 4314 1661 15309 11676 38856
is_linear=0
shrinkage=0.1


Tree=124
num_leaves=31
num_cat=0
split_feature=86 86 74 156 220 86 118 145 129 200 179 43 144 175 211 74 204 137 3 178 109 225 4 123 156 217 151 230 92 125
split_gain=33.0768 9.23284 7.74629 6.0755 5.46568 4.93319 4.83317 3.8844 3.85749 4.49142 3.88793 4.33281 3.65288 3.92803 3.59639 3.5984 4.82982 4.00935 3.67275 3.55749 3.52858 3.52077 3.52054 3.76784 3.8576 3.75257 3.49187 4.53754 4.46656 3.90338
threshold=-0.94577196240425099 -1.1817154288291929 0.1704722344875336 0.027149877510964874 0.02987010404467583 -0.57369077205657948 0.070689216256141676 -0.053347242996096604 0.0097377612255513685 0.096785001456737532 -0.013361792080104349 1.0000000180025095e-35 -0.041667042300105088 0.0093593071214854735 0.076251663267612471 0.027402402833104137 0.12089353799819948 0.0049073330592364081 0.20722186565399173 0.022236790508031849 0.074173111468553557 -0.14363511651754376 0.043961353600025184 -0.030668699182569977 0.12337223067879678 0.19204261153936389 -0.0091917971149086935 -0.033278122544288628 0.93589982390403759 -0.017805119976401326
decision_type=2 2 2 2 2 2 2 2 2 2 2 2 2 2 2 2 2 2 10 2 2 2 8 2 2 2 2 2 2 2
left_child=1 -1 5 -4 22 8 12 -3 14 19 -11 -12 -6 26 -2 16 -16 -17 -19 20 -10 -21 23 24 25 -5 27 29 -29 -14
right_child=2 7 3 4 6 -7 -8 -9 9 10 11 -13 13 -15 15 17 -18 18 -20 21 -22 -23 -24 -25 -26 -27 -28 28 -30 -31
leaf_value=0.056174208467821486 0.089732106883272864 0.11876685869349375 -0.021505666632342064 0.084066447389213178 -0.019095745945592962 0.099750281207911129 -0.029423842650032145 0.074618420607291708 0.075149849999237059 0.039346917694386321 0.086306144430649726 -0.075758641087895012 0.06186557888388771 0.096218520549189265 0.11962532428349565 0.099951606852515154 0.027533118802455004 0.075930814747390052 -0.014383313149620758 -0.11270861693532314 0.10618946794499429 0.093697324472418686 0.082840644379764905 0.11464359451579041 -0.075908419597227828 0.64196409430788803 0.073352618349593071 0.06934608591190565 -0.029720627428370429 -0.076252412031566838
leaf_weight=309.60736102202304 1428.0652963519565 20.221132475223612 5.8799903541839731 1.3246506710438546 4.6002240138550397 518.79386535982849 5.1168622504137593 1381.1896465347086 306.76447299578558 40.656761022311457 49.021284447876042 1.7070987348979532 3.268827467907613 47.153924004289365 115.47590995387804 113.87477598018836 5.9903058404827325 22.237463427298284 5.6460153039838579 0.82840513954624739 41.589388991879446 342.49809181960802 519.67415868644457 56.788092962724477 2.149623113375128 0.13263652659952629 103.31209040314207 32.324260963456254 5.2968868138759708 5.4704600510904111
leaf_count=23694 67551 1322 5394 412 497 20145 415 82406 16127 2918 2844 272 232 2409 4374 5447 337 1658 619 99 1717 12757 16443 6003 853 9 5526 1527 448 780
internal_value=0 0.0718027 0.0885566 0.0797654 0.0805225 0.0908842 0.0665531 0.0752554 0.0890252 0.0832225 0.0623868 0.0808524 0.0689912 0.07105 0.0917119 0.102453 0.115084 0.0916297 0.0576435 0.0859753 0.0788556 0.0931993 0.0854965 0.108349 0.00924117 0.134844 0.0631207 0.0403194 0.0553979 -0.024591
internal_weight=0 1711.02 3785.64 792.493 786.613 2993.15 206.544 1401.41 2474.36 783.066 91.3851 50.7284 201.427 196.826 1691.29 263.224 121.466 141.758 27.8835 691.68 348.354 343.326 580.069 60.395 3.60691 1.45729 149.673 46.3604 37.6211 8.73929
internal_count=285235 107422 177813 40948 35554 136865 11834 83728 116720 36734 6034 3116 11419 10922 79986 12435 4711 7724 2277 30700 17844 12856 23720 7277 1274 421 8513 2987 1975 1012
is_linear=0
shrinkage=0.1


Tree=125
num_leaves=31
num_cat=0
split_feature=86 86 192 175 174 156 157 144 213 208 168 81 5 189 163 85 186 188 189 34 161 154 187 109 190 98 9 201 196 205
split_gain=30.1101 8.3819 3.92786 3.68895 5.56144 3.62235 4.71231 4.74734 4.77617 4.44826 5.65855 4.89956 4.76632 4.1336 4.04264 3.83738 3.6167 3.60605 3.57806 5.28114 5.0034 4.91468 3.95984 7.23482 4.99767 4.30304 4.57255 4.32112 5.67221 4.99807
threshold=-1.0720092654228208 -0.76440677046775807 0.14468616992235186 0.60585469007492077 0.070642862468957915 0.17512886226177218 0.48622788488864904 -0.022451130673289296 -0.15375690907239911 -0.00352455663960427 3.281740784645081 0.33549784123897558 0.050423728302121169 -0.12352956831455229 -1.0765681862831114 74.500000000000014 -0.17811740189790723 -0.22847542166709897 0.17237743735313418 1.0000000180025095e-35 3.6563072204589848 -0.056589674204587929 -0.13307301700115201 -0.034302445128560059 0.15619863569736483 -0.056840065866708749 0.014098704792559149 0.064785283058881774 0.071938719600439086 -0.040760103613138192
decision_type=2 2 2 2 2 2 2 2 2 2 2 2 8 2 2 2 2 2 2 2 2 2 2 2 2 2 8 2 2 2
left_child=5 2 3 -2 -5 6 7 -1 -9 10 14 -11 -12 17 -8 -15 -14 -10 22 21 -21 -20 -3 24 25 26 -24 28 -27 -29
right_child=1 18 -4 4 -6 -7 9 8 13 11 12 -13 16 15 -16 -17 -18 -19 19 20 -22 -23 23 -25 -26 27 -28 29 -30 -31
leaf_value=0.090108601998929561 0.080583619278142657 0.099943604258437693 0.092947996290649079 0.11865651409548815 -0.10445887747243368 0.058746868206881908 0.084386778894202069 0.22607089705131381 0.6144618701729434 0.10558514651702176 -0.08153761277715145 0.03545255190966231 -0.12701697455615402 0.0055623207975820134 -0.013793553409656887 0.06505204166608923 0.087510863637507166 0.090640039247766591 -0.024954342699088111 -0.02013093313572446 0.10659201805191446 0.11553454728497357 -0.069694691746632328 0.090191528111749908 -0.037195131763073944 0.09286299594509799 0.066655972638041336 -0.015505532649515392 0.036225850700222557 0.067784623190239299
leaf_weight=25.883511866014942 2522.1325105774249 310.4467555408828 311.21315303287201 36.988739596516098 1.151986095752817 471.72539222956402 6.2028721832430191 1.3344641092548943 0.13348388375379627 84.502146014324808 1.7739863530223363 11.292512686804001 0.79618632475103268 35.159200594253662 12.948858661746042 15.678151274785249 60.585706827303511 8.5034411724550392 2.5418102286675994 6.1167457970846026 6.3503940328382669 122.32662555149432 4.3309300459632114 1243.5790748988238 4.3455253937067928 108.928603263171 5.691770158226519 10.022007293306158 21.109528227657847 25.629092324778867
leaf_count=7059 134242 10725 16120 1890 331 17628 224 314 24 3434 396 588 52 12016 2406 4159 1369 2331 184 592 265 4073 436 55600 706 4742 372 600 1518 1335
internal_value=0 0.0857336 0.0823399 0.0810504 0.111918 0.0640011 0.0733615 0.0542407 0.0389733 0.0826687 0.0656192 0.0973177 0.080058 0.0347753 0.0180051 0.0239088 0.0847282 0.0987357 0.090941 0.106479 0.044418 0.112675 0.0897104 0.0874789 0.0687443 0.0713643 0.0077372 0.0752131 0.0836689 0.0443706
internal_weight=0 4742.91 2871.49 2560.27 38.1407 736.52 264.795 86.6923 60.8087 178.102 82.3076 95.7947 63.1559 59.4743 19.1517 50.8374 61.3819 8.63693 1871.42 137.336 12.4671 124.868 1734.08 1423.64 180.057 175.712 10.0227 165.689 130.038 35.6511
internal_count=285731 233731 152583 136463 2221 52000 34372 25903 18844 8469 4447 4022 1817 18530 2630 16175 1421 2355 81148 5114 857 4257 76034 65309 9709 9003 808 8195 6260 1935
is_linear=0
shrinkage=0.1


Tree=126
num_leaves=31
num_cat=0
split_feature=93 88 81 181 156 157 0 215 179 117 90 157 6 1 164 133 231 180 151 147 80 179 94 16 179 79 108 52 217 161
split_gain=17.766 11.7313 7.56611 7.09669 5.24157 5.18409 4.74222 4.73559 4.94412 4.93443 4.55307 5.25643 4.4837 5.3263 4.42858 4.76879 4.27839 4.25488 5.36803 4.4464 4.39108 4.08566 5.42071 4.23461 4.35424 4.05408 5.01772 4.0484 5.07767 4.84542
threshold=0.18408870697021487 0.81457769870758068 0.060915276408195503 -0.01921867951750755 0.54616478085517894 0.40166802704334265 0.30126051604747778 -0.14224879443645475 0.12225290015339853 -0.0021386869484558697 1.3917306065559389 0.57795006036758434 0.1768428906798363 0.055734766647219665 3.6762205362319951 -0.0091406865976750833 -0.097089011222124086 -0.09069498628377913 0.00094260898185893904 0.032560575753450401 0.038711288943886764 -0.013361792080104349 0.074637871235609068 1.0000000180025095e-35 -0.084323950111865983 0.05298245698213578 -0.02476230543106794 1.0000000180025095e-35 -0.065498281270265565 3.9341038465499882
decision_type=2 2 2 2 2 2 10 2 2 2 2 2 10 8 2 2 2 2 2 2 2 2 2 2 2 2 2 2 2 2
left_child=1 2 -1 17 5 -2 -7 8 -5 12 11 -11 13 21 15 -3 -6 18 19 -4 -20 22 23 -9 -25 26 -23 28 29 -12
right_child=4 14 3 7 16 6 -8 9 -10 10 27 -13 -14 -15 -16 -17 -18 -19 20 -21 -22 25 -24 24 -26 -27 -28 -29 -30 -31
leaf_value=0.090133512840880295 0.023072566492497892 -0.097826449947917726 0.088798527109780187 0.0075213024428946208 -0.028261281816909702 0.071580832742621059 0.092492103646983931 0.090838797058196002 0.15943089725966192 -0.024430742409060145 0.052385516110585201 0.077884817335359541 0.0040668547629800662 0.057898557567460755 0.063890452882421137 0.038189488274285685 0.055412293337288115 0.083471268831353335 0.14094137056215994 0.0054097925085249791 0.10066740608730229 -0.032203862774627591 0.10319571082406087 0.052998736411447145 -0.032459118078608323 0.099157192679356437 0.082856573610142495 0.099086590999412083 0.083043409675860144 -0.093389799412308183
leaf_weight=2423.6986206098682 20.018146390186075 3.4154191206075675 134.9858372440699 17.154911567227149 6.4797655632719389 769.755832591846 126.23221414453792 9.5588758409453458 2.4482530377526919 8.3050703391788847 30.099654812526069 12.698869226427631 10.775585424052109 189.80467984149209 143.7717172334892 10.509039913029479 107.34266861541619 727.86073691519334 39.304067994585694 6.7122670179116986 86.989201819636833 5.4584456264219652 17.562911151281583 12.452963477772299 11.438948724665581 107.00302709540631 12.400703816351323 141.65710423229575 282.4056872864038 2.4670367200878891
leaf_count=114288 14415 1645 6474 1354 40 37205 7643 525 157 1241 2400 190 1826 8278 6878 2847 2277 37760 1802 796 4331 791 1160 1008 1098 5479 860 6348 14131 326
internal_value=0 0.0854626 0.0864465 0.0816667 0.0708876 0.0734025 0.0745269 0.0750889 0.0264934 0.0762043 0.0829523 0.0374287 0.0676426 0.069516 0.0586752 0.00482723 0.0506489 0.0874375 0.0982099 0.0848484 0.113201 0.0820536 0.0582084 0.0345884 0.0120833 0.0917957 0.0476897 0.0850463 0.0787317 0.0413425
internal_weight=0 4450.94 4293.24 1869.54 1029.83 916.006 895.988 873.693 19.6032 854.09 477.633 21.0039 376.456 365.681 157.696 13.9245 113.822 995.852 267.991 141.698 126.293 175.876 51.0137 33.4508 23.8919 124.862 17.8591 456.629 314.972 32.5667
internal_count=285573 223993 212623 98335 61580 59263 44848 47172 1511 45661 24636 1431 21025 19199 11370 4492 2317 51163 13403 7270 6133 10921 3791 2631 2106 7130 1651 23205 16857 2726
is_linear=0
shrinkage=0.1


Tree=127
num_leaves=31
num_cat=0
split_feature=86 86 86 93 202 90 6 17 163 227 149 10 170 88 179 190 17 224 109 157 88 173 63 131 0 199 106 212 118 124
split_gain=36.6177 10.0602 6.03499 5.75286 4.89328 4.82559 4.10307 4.06737 3.74134 3.63259 3.99736 3.6065 4.31566 5.42175 4.61966 4.5476 4.57817 4.47946 4.2197 4.01028 3.9887 3.85224 3.71916 4.04829 3.82779 3.66051 3.64239 3.51406 3.87765 3.5139
threshold=-0.93582496047019947 -1.1817154288291929 -0.57369077205657948 0.34220205247402197 0.12613314390182498 1.9541957974433901 0.053342817351222045 7.5000000000000009 0.8762931525707246 0.069155037403106703 -0.017074425704777237 281.50000000000006 0.51383313536643993 0.81008261442184459 -0.074584219604730592 -0.076798427850007997 7.5000000000000009 -0.10553370416164397 -0.026896147988736626 0.68788212537765514 0.81008261442184459 0.021162790246307853 0.37457138299942022 0.01763938553631306 0.23207106441259387 -0.10718305408954619 -0.046330127865076058 0.13483027368783954 -0.064516142010688768 0.002428972278721631
decision_type=2 2 2 2 2 2 8 2 2 2 2 8 2 2 2 2 2 2 2 2 2 2 2 2 10 2 2 2 2 2
left_child=1 4 7 11 5 -1 -7 -2 -9 27 -11 12 13 17 -15 16 18 -3 -14 -13 -20 -18 -19 24 -24 -26 -16 -5 -29 -6
right_child=2 3 -4 9 29 6 -8 8 -10 10 -12 19 15 14 26 -17 21 22 20 -21 -22 -23 23 -25 25 -27 -28 28 -30 -31
leaf_value=0.050752874058891478 0.085773518722994851 0.12459771444205298 0.098812750297278984 0.051169200930024875 -0.039328828124253784 -0.0046214122220654477 0.085272712564890524 0.095300808609526014 -0.010670029191303727 -0.055625182818164177 0.093380033603740628 0.071631098393993994 -0.075725509496978399 -0.044157434703559095 -0.060034315312674481 0.082053077441103878 -0.053264081606243519 0.095006672216913279 0.047335225343909819 0.097872297647736584 -0.11704224264700105 0.11320863328373032 0.012993742944110397 -0.10027622595671196 -0.1166524158342494 0.11340193866545256 0.083947267088978733 0.86351852950457642 0.16282041926698573 0.0400784494977071
leaf_weight=200.30829943801382 2538.8138867982034 46.875575345141669 560.96800169863582 157.44098200275425 8.4984780929826247 5.4321026051977688 77.772103369041815 628.60277816292387 3.3493606725839973 1.8894139138508297 38.218446425969887 750.93563753503975 3.5388659255484063 4.5729973147090304 1.9711320870430942 147.94046537369081 1.5609858411539779 190.53621192305457 30.413962814368691 63.134531089875964 1.5515116826109068 12.693034146025637 8.680331974589313 1.618318464609273 0.73551707091246399 11.594293704835762 16.173675850485093 0.083206504248664603 1.5541119557269656 16.187346466664167
leaf_count=15950 123601 1604 21767 11535 1107 1808 3659 24185 3616 192 1569 28332 726 523 450 15912 408 17424 3623 379 350 728 1487 364 172 982 1752 9 301 1009
internal_value=0 0.0718927 0.0892519 0.0752868 0.0554431 0.0591613 0.0794038 0.0875604 0.0947392 0.0594658 0.0863606 0.0777211 0.0845917 0.0925165 0.0456676 0.0732572 0.0471055 0.0966094 0.0278861 0.0736662 0.0393568 0.0949779 0.0904547 0.0521258 0.0638647 0.0996784 0.0683061 0.0526849 0.198429 0.0127413
internal_weight=0 1801.91 3731.73 1493.71 308.198 283.513 83.2042 3170.77 631.952 199.186 40.1079 1294.53 480.457 282.758 22.7178 197.699 49.7584 260.04 35.5043 814.07 31.9655 14.254 213.165 22.6285 21.0101 12.3298 18.1448 159.078 1.63732 24.6858
internal_count=285524 112355 173169 88822 23533 21417 5467 151402 27801 13606 1761 75216 46505 24758 2725 21747 5835 22033 4699 28711 3973 1136 20429 3005 2641 1154 2202 11845 310 2116
is_linear=0
shrinkage=0.1


Tree=128
num_leaves=31
num_cat=0
split_feature=86 86 86 93 93 129 179 131 174 230 233 193 157 213 5 75 63 199 197 232 122 128 11 170 12 173 206 204 130 109
split_gain=32.9912 8.41424 7.24647 4.62629 4.21751 4.68775 4.42472 3.60727 3.60427 4.0241 3.60348 3.85348 3.7954 3.65425 3.83342 4.19268 3.79331 3.5388 4.16235 3.31754 3.62212 3.2203 6.71182 7.29077 8.98763 6.54519 4.24762 5.5642 3.96539 3.84869
threshold=-0.94577196240425099 -1.1817154288291929 -0.6793040633201598 0.34220205247402197 -0.093643158674240098 -0.0022988204145804043 0.37189577519893652 -0.033302405849099152 0.095667656511068358 -0.02264002617448568 0.04501761123538018 0.20442153513431552 0.5215672254562379 -0.039962658658623688 0.075853470712900176 0.079156223684549346 -0.54687517881393422 -0.028026115149259564 -0.17977157980203626 0.069719385355710997 -0.036640314385294907 0.018298291601240638 0.0053838239982724198 0.54916828870773327 322.50000000000006 0.16943356394767764 -0.026393667794764038 -0.054081302136182778 -0.078392177820205675 -0.021545185707509514
decision_type=2 2 2 2 2 2 2 2 2 2 2 2 2 2 10 2 2 2 2 2 2 2 8 2 8 2 2 2 2 2
left_child=1 -1 4 17 5 19 -7 10 -5 -10 11 13 -12 -4 16 -16 -15 18 -3 -2 -21 -6 -23 26 25 -25 27 -24 -27 -29
right_child=2 3 7 8 21 6 -8 -9 9 -11 12 -13 -14 14 15 -17 -18 -19 -20 20 -22 22 23 24 -26 28 -28 29 -30 -31
leaf_value=0.055981457252437944 0.094687169272569344 0.13496436779717524 0.095770293287259944 0.05446415622827501 0.084768712553027925 0.082552352183221434 -0.15187395971762385 0.097368262818748275 0.021159452445317917 0.11164753735984954 0.036664592400121009 -0.050763840261178944 0.1076384509781193 -0.10043191355834032 0.090291550183065117 0.015069550621497556 0.050105628103554373 0.072090407593753889 0.081503278389588332 -0.027982975720477823 0.12388276414391852 0.13461741106012867 -0.00099075548047470458 0.044966497488200793 0.07803900459860208 0.17206097988521163 0.084235992472602397 0.021583806029583492 -0.059308749275621575 0.07786107661053418
leaf_weight=307.41219493305312 332.8951929769064 15.025775262810837 73.101498088191192 168.63052320565248 1460.6957242984247 289.79120588855494 0.80738605998067114 889.56411240757757 6.2404050014017711 23.131880515865078 8.310886129515664 2.3441096619299051 80.666037939937269 1.7418594085261236 63.612045368838608 8.3866311686338104 42.902691807101519 710.49379892323759 473.28870835269549 1.6126115983206535 60.169078378789663 18.409030851696912 12.745058365557496 17.32710336862829 33.551213634341366 0.78394356296485312 296.77135663028139 14.308573883052075 13.444962234639201 80.625239360192268
leaf_count=23635 15696 658 2538 9934 71592 13718 194 36492 1344 2264 1968 218 1481 277 2099 481 3394 44051 25779 157 1684 5714 1491 1374 1409 44 9395 1100 1422 3952
internal_value=0 0.0709594 0.0877016 0.0742558 0.0847921 0.0915399 0.081901 0.094248 0.060095 0.0924225 0.0843724 0.0766661 0.101009 0.0782403 0.0672541 0.0815295 0.0442322 0.0765947 0.0831483 0.0986369 0.119919 0.0824191 0.0753857 0.0730635 0.0420065 0.00369569 0.078063 0.0610498 -0.0465614 0.0693789
internal_weight=0 1704.22 3804.57 1396.81 2633.94 685.275 290.599 1170.63 198.003 29.3723 281.066 192.089 88.9769 189.745 116.643 71.9987 44.6446 1198.81 488.314 394.677 61.7817 1948.66 487.966 469.557 65.1072 31.556 404.45 107.679 14.2289 94.9338
internal_count=285555 107665 177890 84030 128942 31449 13912 48948 13542 3608 12456 9007 3449 8789 6251 2580 3671 70488 26437 17537 1841 97493 25901 20187 4249 2840 15938 6543 1466 5052
is_linear=0
shrinkage=0.1


Tree=129
num_leaves=31
num_cat=0
split_feature=86 86 86 170 74 165 75 4 163 220 104 205 132 117 8 232 117 158 137 194 215 5 109 105 175 179 211 5 76 160
split_gain=34.2802 10.1915 5.93241 4.49806 4.42772 5.52007 4.23037 4.95449 4.12006 5.13286 6.30414 4.19072 3.69295 3.69093 4.97727 3.78766 3.57827 5.46036 5.07411 3.96631 3.87415 3.93142 3.80472 3.39548 3.36571 3.35899 4.8486 3.27306 3.27277 3.21742
threshold=-0.93582496047019947 -1.1817154288291929 -0.6793040633201598 0.48177884519100195 0.31698563694953924 103.50000000000001 0.026671408675611023 0.23669467866420749 0.35743233561515814 -0.017099351622164246 -0.12091504782438277 -0.15808726847171781 -0.038834247738122933 -0.028367063030600544 0.080889087170362486 -0.061386948451399796 0.062822327017784133 0.22500000149011615 -0.0012282067909836767 0.032223075628280647 0.13055375963449481 1.0000000180025095e-35 0.02221686486154795 -0.15159573405981061 -0.18151747435331342 -0.11643610894680022 -0.07621362060308455 0.14059797674417499 0.39565217494964605 1.0000000000000002
decision_type=2 2 2 2 2 2 2 10 2 2 2 2 2 2 10 2 2 2 2 2 2 8 2 2 2 2 2 10 2 2
left_child=1 29 6 28 5 -5 8 -8 16 10 -10 -11 -9 15 -15 -13 17 20 -18 -20 21 -2 -22 -23 27 -17 -27 -4 -3 -1
right_child=2 3 24 4 -6 -7 7 12 9 11 -12 13 -14 14 -16 25 18 -19 19 -21 22 23 -24 -25 -26 26 -28 -29 -30 -31
leaf_value=0.06112148031548828 -0.0043970351622488763 0.082697161242740888 0.002170897524472375 0.075494498222751005 0.058700116963934006 0.010958770550083189 0.088001574724049028 -0.13916424241896774 0.12385656936260461 -0.11620867927573431 -0.0026675697446504935 -0.16477034569189247 0.14056096644461388 -0.036449461847680352 0.076381968934459463 -0.087955988416114961 0.11986242484474266 0.086162866660769111 0.087951908219270722 0.00026624546302793102 0.052113835106059728 -0.0052678611364847371 -0.069905782721327372 0.075283201016399084 0.094302613501666993 0.43614250056742254 0.12695911512292493 0.13633704806787014 -0.14930724755156102 0.038863694594337167
leaf_weight=219.39200575715699 6.5265761034216885 478.07761184452454 7.3522646409749068 743.35254103905015 237.76369894367122 13.49452852017839 1406.2075736895588 0.48203456209285178 4.8698806383142736 1.1088145027008511 20.580202552838784 0.45503174244322764 22.592785200325807 4.4687867475459475 31.243373170882251 0.6898149340288463 55.242754913130284 610.02741811617909 23.93427468381174 6.5758683948565695 8.3251793984809392 5.3190582799675203 3.6872197519439842 323.7936133004132 1139.2343471878528 0.52541835147985771 14.63217237466335 2.4157550959762375 0.60880215092538392 92.253843014246513
leaf_count=14673 2267 25372 514 47380 14609 1312 64959 275 750 526 6940 282 3029 2174 6901 377 1391 17226 681 433 387 542 227 13610 48313 211 1257 176 69 8988
internal_value=0 0.0709621 0.087835 0.0744374 0.0706042 0.0743438 0.0851479 0.0887558 0.080552 0.0584695 0.0215429 0.0761602 0.134717 0.080261 0.062263 0.119687 0.0822149 0.0804626 0.101785 0.069053 0.0704602 0.0724573 0.0146598 0.0739813 0.0938015 0.127855 0.137677 0.0353519 0.0824021 0.0545327
internal_weight=0 1784.94 3700.29 1473.3 994.611 756.847 2551.29 1429.28 1122.01 78.5735 25.4501 53.1234 23.0748 52.0146 35.7122 16.3024 1043.43 957.679 85.7529 30.5101 347.652 335.639 12.0124 329.113 1149 15.8474 15.1576 9.76802 478.686 311.646
internal_count=285851 112403 173448 88742 63301 48692 124445 68263 56182 19418 7690 11728 3304 11202 9075 2127 36764 34259 2505 1114 17033 16419 614 14152 49003 1845 1468 690 25441 23661
is_linear=0
shrinkage=0.1


Tree=130
num_leaves=31
num_cat=0
split_feature=86 86 17 165 86 4 170 157 95 141 98 63 149 229 4 110 100 168 192 185 135 177 104 222 226 172 142 224 143 163
split_gain=31.0893 9.83247 4.64662 5.44121 4.51946 4.33888 3.9014 4.91001 3.99653 3.97251 5.67523 4.29784 3.66724 3.66343 4.65658 4.5985 4.51346 3.63291 3.6287 3.52831 3.69636 3.50926 3.49087 4.23561 4.31125 3.42719 3.76733 3.94137 4.1584 3.40656
threshold=-1.0720092654228208 -0.77072203159332264 14.500000000000002 86.500000000000014 -1.1817154288291929 0.23669467866420749 0.44120077788829809 0.45626243948936468 -0.15239047259092328 -0.022578169591724869 0.063018400222063078 -0.20175851881504056 -0.01839483808726072 -0.018576342612504956 0.066925067454576506 -0.030851413495838639 -0.0030272760195657607 3.0166717767715459 -0.085995018482208238 -0.0027559313457459207 0.049665333703160293 0.067248515784740462 -0.048266153782606118 -0.06835682317614554 0.15676417201757434 -0.034386219456791871 -0.016820793971419331 -0.024170940741896626 0.03767285309731961 1.2599589824676516
decision_type=2 2 2 2 2 10 2 2 2 2 2 2 2 2 10 2 2 2 2 2 2 2 2 2 2 2 2 2 2 2
left_child=4 2 6 19 -1 22 9 8 -8 10 -2 -12 -11 14 25 16 17 -15 -7 21 -21 -4 -3 24 -24 26 -10 -28 -29 -25
right_child=1 5 3 -5 -6 18 7 -9 13 12 11 -13 -14 15 -16 -17 -18 -19 -20 20 -22 -23 23 29 -26 -27 27 28 -30 -31
leaf_value=0.054378984644526562 0.088778379251951062 0.082935034231493995 0.12826904644214213 0.021184801432225921 0.070185795108725066 -0.041557773531866411 0.11050348116034954 0.08061976444840703 -0.02365447094372531 0.12622303282945857 0.092865591183121099 -0.023276373882068629 0.092507130979900321 0.46728405627259129 -0.016369258630403023 0.047335842581147598 0.077055743828353271 0.17031533580383332 0.12808779397115905 0.089285463530052026 -0.076901212809778241 0.058286665644556528 0.10619789518238876 0.090666346249166169 -0.16069351897740661 0.018705626432560251 -0.040139556349167028 0.20084031333155228 0.71433997199029287 -0.07025155663186769
leaf_weight=308.87910725647055 39.940078560096481 473.77663907279202 62.592187023496535 7.9995366796829321 436.5066424964665 1.3011003676747339 12.110190543425913 2332.1925857605543 1.1917044831718611 41.811084474013569 4.7792048697251621 9.5589259514376845 141.23070282769731 0.46824063899578172 15.673933942808615 39.778303547714359 8.9510465424682444 3.4260049987684624 40.765514366331672 41.699720617589719 1.382768735983517 8.0916648576335302 223.19763133109177 1199.4428053881263 0.6068953037583914 6.1374174294583117 0.66248452727950313 2.8647657716423969 0.16689264766137046 1.3169929125085662
leaf_count=23699 1967 21265 1744 526 28209 901 5169 92489 879 1542 343 930 7247 205 5644 16286 2684 1226 2985 1877 247 577 8615 49723 369 4629 847 1102 129 1762
internal_value=0 0.0856109 0.0818009 0.100903 0.0636356 0.0910749 0.0809268 0.0797286 0.0569962 0.0931633 0.0694043 0.0154362 0.100209 0.0488271 0.0186548 0.0641342 0.116154 0.206023 0.122841 0.106509 0.0839516 0.120258 0.0903709 0.0928439 0.105474 0.0684554 0.130949 0.180823 0.229108 0.0904899
internal_weight=0 4723.12 2782.71 121.766 745.386 1940.41 2660.94 2423.62 91.431 237.32 54.2782 14.3381 183.042 79.3208 26.6972 52.6236 12.8453 3.89425 42.0666 113.766 43.0825 70.6839 1898.34 1424.56 223.805 11.0233 4.88585 3.69414 3.03166 1200.76
internal_count=285817 233909 148289 4971 51908 85620 143318 131289 38800 12029 3240 1273 8789 33631 13230 20401 4115 1431 3886 4445 2124 2321 81734 60469 8984 7586 2957 2078 1231 51485
is_linear=0
shrinkage=0.1


Tree=131
num_leaves=31
num_cat=0
split_feature=86 86 4 175 102 103 184 171 142 113 157 90 157 147 219 225 4 213 72 226 107 199 79 156 156 224 146 193 79 184
split_gain=33.2873 8.61909 5.81468 5.73091 4.85498 4.47987 4.29074 4.90981 4.81972 3.96603 3.83462 3.79378 3.78165 5.88133 4.66945 4.91749 4.30025 5.67929 4.50379 4.14846 3.73381 3.72809 3.71307 4.19528 4.53075 4.19269 4.89635 6.17584 4.29654 4.1793
threshold=-1.0720092654228208 -0.83693176507949818 0.23669467866420749 0.60585469007492077 0.091656420379877104 0.068924289196729674 0.14614742249250415 0.3453053236007691 -0.022532733157277104 -0.035966252908110612 0.36167889833450323 2.554999947547913 0.56230545043945324 0.037134975194931037 0.012791578192263843 -0.11251916363835333 0.089841309934854521 -0.0086389346979558451 0.11167800426483156 -0.054386632516980164 -0.019193918444216248 -0.20517418533563611 0.3081014752388001 0.051414221525192268 0.34118625521659857 -0.10553370416164397 -0.018193494528532025 0.015875334851443771 0.20169491320848468 -0.082589581608772264
decision_type=2 2 10 2 2 2 2 2 2 2 2 2 2 2 2 2 10 2 2 2 2 2 2 2 2 2 2 2 2 2
left_child=6 3 5 22 -5 -3 7 10 20 -10 -1 -4 13 16 -14 -16 18 -18 -7 -20 -8 -15 25 29 -25 26 -2 -28 -29 -24
right_child=1 2 11 4 -6 12 8 -9 9 -11 -12 -13 14 21 15 -17 17 -19 19 -21 -22 -23 23 24 -26 -27 27 28 -30 -31
leaf_value=-0.012317687490897112 0.11734718357716636 0.091438935412002542 0.12293701552839907 0.13209037566129833 -0.011145670473078254 0.096378771289031301 -0.077059068161985586 0.049594160985387922 -0.034100416542855741 0.036899801403349052 0.071529235934033264 -0.12360174385056738 0.096278897912006278 -0.17451202120419829 -0.051668760291206033 0.076927862968280164 0.017663344777113028 0.079207411331819119 -0.039363393681265499 0.067514033076683119 0.085222581437614686 0.025495463530610975 0.11020517487087518 0.10082253821114731 0.081202577068790194 0.076523754028179833 0.093909002264631572 -0.017908551406508932 0.080473482620472825 -0.0017542499448441795
leaf_weight=5.5161039435481589 56.720934065051779 2020.300782453171 60.308325320065705 32.16608378875776 2.5542804179804071 102.51162059415924 1.5009758432725018 143.83806476691382 9.485888712951235 46.11373198791739 487.70591854870042 0.63069546089172845 243.49719286357504 0.99256444508319219 3.0281425583525552 165.12909691935283 25.509929607653703 36.373770856073861 4.0663106609601973 33.982752953886347 25.583619798311247 15.261657641092595 5.0254799583050263 208.59575577277701 270.10473429810008 1399.2901479151833 61.563147673000458 9.6923029374879679 8.1899973663792007 9.9066144788440607
leaf_count=5587 1639 87664 5516 1407 228 10520 244 6835 1006 3800 32844 168 3362 35 119 2613 2691 3436 848 3815 1389 1564 1335 10135 7786 80800 2441 1212 427 4048
internal_value=0 0.0861383 0.0898447 0.0812686 0.121553 0.0891426 0.063069 0.0658506 0.0416374 0.0247864 0.0705915 0.120385 0.0817827 0.0711561 0.0874282 0.0746121 0.0758028 0.0538375 0.0854734 0.056092 0.0762292 0.013282 0.0805793 0.0881239 0.0897521 0.0781538 0.0949051 0.0788823 0.0271499 0.0359263
internal_weight=0 4775.4 2711.59 2063.81 34.7204 2650.65 719.744 637.06 82.6842 55.5996 493.222 60.939 630.353 218.699 411.654 168.157 202.444 61.8837 140.561 38.0491 27.0846 16.2542 2029.09 493.633 478.7 1535.46 136.166 79.4454 17.8823 14.9321
internal_count=285514 233809 122351 111458 1635 116667 51705 45266 6439 4806 38431 5684 29003 22909 6094 2732 21310 6127 15183 4663 1633 1599 109823 23304 17921 86519 5719 4080 1639 5383
is_linear=0
shrinkage=0.1


Tree=132
num_leaves=31
num_cat=0
split_feature=93 81 182 121 156 13 90 171 158 163 162 112 157 63 163 65 215 104 65 7 160 116 184 157 185 121 152 168 17 128
split_gain=19.8615 11.7351 6.76725 6.58141 5.15134 4.91933 5.49238 4.88554 5.18057 7.94011 4.80922 4.69591 4.60218 4.50767 5.33596 4.49602 4.85029 5.99568 4.47831 4.46462 4.44212 5.95886 4.29782 5.64709 4.25705 4.21276 5.14456 4.03782 4.0224 4.01903
threshold=0.18408870697021487 0.15515873581171039 -0.042105430737137788 0.0623261146247387 1.0000000180025095e-35 0.08631784096360208 1.729448199272156 0.069433979690074935 1.0000000180025095e-35 -0.36949451267719263 57.363210678100593 -0.0041266749612987033 0.64017945528030407 -0.17180135101079938 0.68025997281074535 6.5000000000000009 0.094312358647584929 -0.025693720206618306 41.500000000000007 0.24731000512838366 1.0000000000000002 -0.028563821688294407 0.01812806818634272 0.51802507042884838 0.061225166544318206 -0.041221434250473969 0.031924827024340637 3.5159605741500859 9.5000000000000018 0.0081292712129652517
decision_type=2 2 2 2 2 10 2 2 2 2 2 2 2 2 2 2 2 2 2 8 2 2 2 2 2 2 2 2 2 2
left_child=1 4 3 -3 -1 13 10 20 9 -9 -7 -8 28 15 18 -6 29 -18 -15 25 -2 -22 -23 -24 27 26 -16 -21 -5 -17
right_child=7 2 -4 12 5 6 11 8 -10 -11 -12 -13 -14 14 19 16 17 -19 -20 24 21 22 23 -25 -26 -27 -28 -29 -30 -31
leaf_value=-0.097278757684166495 0.083479011515187149 0.074117443269743344 0.082282291536846117 0.039682411496584843 0.096426204935361304 -0.070289261264972647 0.091178440506147054 0.051204707916789508 0.067350510518270776 -0.049717982707527641 0.073943972450311909 0.11678000171284933 0.075674988410300265 0.081937752816116552 0.074265885515098426 0.0751317212064639 -0.082453552438074063 0.064973955035189754 0.091656204110615924 -0.056961107264015848 0.0067440129855776895 0.050848155376928564 0.032077998741066815 0.11075870329018472 0.081285575558391887 0.06024424925845441 0.44064089460150435 0.26069019119601466 -0.028701009486104108 0.099172287918669111
leaf_weight=1.4944303714601108 342.98548551709303 223.97416333447984 554.8527073180669 67.641691603766844 793.76117619404522 2.4695015793768098 133.94326037777591 57.249388712654763 464.12361499527026 9.0244364817310707 36.192943142041258 154.03979775379412 32.797439932124689 1423.9257249568827 0.88137434017699046 171.78851081686116 3.8162767181638619 9.9529017422719317 710.86611382413139 8.3057193361191786 17.233534244429734 54.436676002240006 12.064068823623527 37.404334417396967 4.158780083873352 13.888639475591845 0.67815660357791785 0.42042706511347283 9.8548998324915811 116.83364780460761
leaf_count=12005 27312 11243 34131 5425 35303 540 6031 1705 15108 2170 2189 3814 251 60635 1549 6317 319 506 23337 4670 3419 6617 4022 940 1486 9058 410 406 1112 3698
internal_value=0 0.0857953 0.0755108 0.0642708 0.0883443 0.0884216 0.100121 0.0701723 0.0636159 0.0374622 0.0647313 0.104873 0.0442752 0.0872491 0.0846017 0.0924733 0.0820971 0.0241128 0.0851739 0.0414899 0.0776649 0.0612032 0.0702358 0.0915705 -0.0019754 0.0777432 0.233583 -0.0416566 0.0309864 0.0848633
internal_weight=0 4476.54 889.121 334.268 3587.42 3585.92 326.646 994.522 530.397 66.2738 38.6624 287.983 110.294 3259.28 2163.12 1096.15 302.391 13.7692 2134.79 28.3331 464.124 121.139 103.905 49.4684 12.8849 15.4482 1.55953 8.72615 77.4966 288.622
internal_count=285728 224435 52162 18031 172273 160268 12574 61293 18983 3875 2729 9845 6788 147694 101551 46143 10840 825 83972 17579 42310 14998 11579 4962 6562 11017 1959 5076 6537 10015
is_linear=0
shrinkage=0.1


Tree=133
num_leaves=31
num_cat=0
split_feature=86 86 93 86 205 156 3 103 103 131 95 232 104 15 132 201 214 200 168 4 67 176 148 164 147 0 157 129 206 39
split_gain=28.0964 9.65248 5.02385 5.00461 4.73643 4.65828 5.98042 4.63748 4.54951 4.42165 4.16078 4.13199 3.7533 3.56848 3.52527 4.21555 3.61288 3.97182 3.45891 3.6181 3.36656 3.89693 4.45888 3.35593 5.71584 8.03305 4.4486 3.6203 5.49175 3.47316
threshold=-0.93582496047019947 -1.1817154288291929 0.34220205247402197 -0.66616135835647572 -0.15808726847171781 0.503086417913437 0.11167800426483156 0.0052983160130679616 -0.075490243732929216 -0.033302405849099152 -0.12861789017915723 -0.071864150464534746 0.0048971497453749189 1.0000000180025095e-35 -0.014032116625458 0.14178527146577838 -0.0036329304566606875 -0.094345912337303148 2.5095564126968388 0.028991596773266796 2.7760686874389653 -0.37820903956890101 -0.016641999594867226 4.6774799823760995 0.0077641052193939694 0.26338410377502447 0.60610115528106701 0.038783648982644088 -0.11410901695489882 1.0000000180025095e-35
decision_type=2 2 2 2 2 2 8 2 2 2 2 2 2 2 2 2 2 2 2 10 2 2 2 2 2 8 2 2 2 2
left_child=1 14 -3 5 7 18 -7 8 -5 11 -11 -6 -9 20 16 -16 -1 -18 19 -2 21 22 -12 24 -8 29 -27 -25 -29 -26
right_child=3 2 -4 4 9 6 23 12 -10 10 13 -13 -14 -15 15 -17 17 -19 -20 -21 -22 -23 -24 27 25 26 -28 28 -30 -31
leaf_value=0.098806410883864049 0.0010446763677418979 0.079092937329233864 0.061988065087694999 -0.075423236575897001 0.11521928009041958 -0.029397048364067386 0.077028532157997431 0.033783724414603471 0.11633632631008306 0.12614281849356271 0.084021847515608511 0.078272976746249556 -0.10706079125929742 0.17095299518620763 0.053817968546664222 -0.032798519572614412 -0.06783377619930607 0.063153981112531996 0.08811829860868213 0.076568717637041206 0.11101276710228461 0.094311862214024225 -0.064714639150950035 0.094407434071431637 0.066338898096155882 0.056468937709886126 -0.1120436784306542 -0.11909734591774268 0.067643330790157663 -0.073262624312537106
leaf_weight=36.778813827607792 9.0155561017213603 1291.4649954060926 198.04166997439756 1.4081811023297621 35.469919801670358 5.5665947981324271 92.78886078272626 8.4163738337938394 10.191414168473331 53.219649403792118 5.1669930920486422 206.4954417206568 2.4407477403642579 6.5003197997230009 236.10714046675821 5.7559006649119047 2.5090364098191449 29.914714594852967 2397.961563629613 21.399998944345043 131.57018189851306 589.34178314883684 3.3045896480753054 97.043326723156497 23.097328955293055 2.2235054816992479 5.3026661673065973 1.9537973889382545 8.1190819504554366 1.931154600548324
leaf_count=2117 2134 75040 13477 94 1178 1212 1703 657 587 2163 223 9672 277 164 18074 1068 384 1974 119945 1703 7838 21378 275 768 460 192 191 24 92 50
internal_value=0 0.0734728 0.0768187 0.0886902 0.0945255 0.0863847 0.0730342 0.0490922 0.0930569 0.095515 0.0991412 0.083689 0.00212101 0.0971885 0.057451 0.0517567 0.0773529 0.0530178 0.0876933 0.0541824 0.0965311 0.0933439 0.0260028 0.0754871 0.0643798 0.0283277 -0.0622589 0.0884845 0.031422 0.0555675
internal_weight=0 1800.57 1489.51 3719.93 1053.53 2666.4 238.026 22.4567 11.5996 1031.07 789.104 241.965 10.8571 735.884 311.066 241.863 69.2026 32.4238 2428.38 30.4156 729.384 597.813 8.47158 232.46 125.344 32.5547 7.52617 107.116 10.0729 25.0285
internal_count=285114 112134 88517 172980 44506 128474 4692 1615 681 42891 32041 10850 934 29878 23617 19142 4475 2358 123782 3837 29714 21876 498 3480 2596 893 383 884 116 510
is_linear=0
shrinkage=0.1


Tree=134
num_leaves=31
num_cat=0
split_feature=86 86 74 7 129 199 68 103 2 185 170 116 228 72 109 103 107 185 157 127 205 130 206 223 151 145 229 230 148 6
split_gain=29.7371 9.51447 5.00946 5.00544 4.79782 4.23614 4.19847 4.33656 5.39499 4.25205 4.1487 5.00217 3.99786 6.37368 4.62751 3.93959 4.26556 3.96122 3.92461 3.89734 3.86331 3.76776 3.65666 3.61007 4.69529 5.76504 4.83929 4.27835 5.86734 4.11568
threshold=-1.0720092654228208 -0.83693176507949818 0.26975052058696752 0.13054402172565463 0.0010348954237997534 0.22859477251768115 37.553770065307624 0.10919729247689249 0.0089832418598234671 -0.12350424006581305 0.42755009233951574 0.069377470761537566 0.087493669241666808 0.14400921761989596 -0.018640539608895775 -0.08302814885973929 0.028523242101073269 0.065964695066213622 0.59821906685829174 -0.024690330959856507 0.060898358002305038 0.0053437545429915198 0.13547877222299579 0.045870112255215652 -0.014699785038828848 0.0035002800868824129 0.008560987655073406 0.027036267332732681 -0.0010161716490983961 0.18350168317556384
decision_type=2 2 2 8 2 2 2 2 8 2 2 2 2 2 2 2 2 2 2 2 2 2 2 2 2 2 2 2 2 10
left_child=2 10 -1 15 6 23 12 22 -9 19 11 -2 -3 14 20 -4 17 21 -16 -10 -14 -17 -8 -6 25 26 -25 29 -29 -26
right_child=1 4 3 -5 5 -7 7 8 9 -11 -12 -13 13 -15 18 16 -18 -19 -20 -21 -22 -23 -24 24 27 -27 -28 28 -30 -31
leaf_value=0.070594733779597921 0.10155011057580754 0.10279189376204415 -0.10485437151951681 0.058897102295294858 0.088055880997667479 0.020807513490396612 0.089756540698865767 -0.025860258412885875 0.1084364009075032 0.080438214752280246 0.079237298394525132 -0.0097881202886903745 0.04245906639950886 -0.10911390910696833 0.036128014803741414 0.068954979294862065 -0.041941077447013225 -0.042770742516226881 0.1106053314920255 -0.075951532311803335 -0.14127410324858 -0.099389802232849378 0.11770752981587432 0.038877574639587402 0.094306867139906631 0.072850398681023165 -0.072053868031724339 0.075773131229551594 0.0030841568440167478 -0.0075339693010045006
leaf_weight=441.33323312803918 122.91423395244783 495.04117252450965 2.3536635121113241 250.18228044776151 860.15607395650147 10.375320337571109 913.39450588371813 5.7384824069533797 1.7309105075300975 75.814219664245684 1915.4645674987109 4.1722153519526719 6.1572145137463385 1.8500675938987559 9.1713861878463359 24.405537750153833 6.9743509741861081 4.4097322462205275 30.958870527338149 3.3940709392040835 1.405687182231304 1.4060836774235657 49.332756087973962 11.153825974178746 129.80168098312811 28.898013469386115 6.0740834105145032 51.063391651621259 14.19062155005531 4.0933757193694182
leaf_count=30432 5198 22001 658 13174 37328 715 40120 1599 67 2550 105754 362 345 239 1567 3547 2016 1278 299 354 198 527 2337 1016 5793 1336 834 2179 961 824
internal_value=0 0.0855519 0.0638877 0.0536712 0.0894366 0.0844073 0.0929571 0.08926 0.067836 0.074479 0.0803982 0.0978949 0.100081 0.0729976 0.0800619 0.0206128 0.0285521 0.0448201 0.0935843 -0.0136764 0.0083093 0.0597844 0.0911888 0.0850043 0.0743025 0.0455537 -0.000233778 0.0809612 0.0599656 0.0911934
internal_weight=0 4752.35 731.065 289.732 2709.8 1115.81 1593.99 1049.4 86.6777 80.9392 2042.55 127.086 544.584 49.5432 47.6932 39.5494 37.1957 30.2214 40.1303 5.12498 7.5629 25.8116 962.727 1105.43 245.275 46.1259 17.2279 199.149 65.254 133.895
internal_count=285608 233976 51632 21200 122662 50986 71676 47027 4570 2971 111314 5560 24649 2648 2409 8026 7368 5352 1866 421 543 4074 42457 50271 12943 3186 1850 9757 3140 6617
is_linear=0
shrinkage=0.1


Tree=135
num_leaves=31
num_cat=0
split_feature=86 86 129 182 170 97 204 218 207 74 207 135 12 157 180 226 106 140 158 102 98 207 211 169 206 77 0 140 233 155
split_gain=31.8825 8.3972 4.73004 4.64392 4.56822 4.69779 5.34505 4.56428 4.77122 4.27001 4.26365 4.41334 5.65194 4.13363 4.11417 4.0373 3.98316 3.95213 4.23167 4.34242 4.44598 4.01436 3.83276 3.82814 3.77303 3.77533 3.67994 3.58683 3.55737 5.74217
threshold=-1.0720092654228208 -0.83693176507949818 -0.015603763982653616 0.0097861094400286692 0.41605599224567419 -0.084877882152795778 -0.010332509875297545 -0.045234834775328629 0.082310970872640624 0.26975052058696752 0.0051793716847896585 0.022344944998621944 142.50000000000003 0.33334015309810644 0.20775658637285235 -0.10851346701383589 -0.027756292372941967 0.013471695128828289 1.0000000180025095e-35 -0.097398772835731492 -0.11437662690877913 -0.18347018212079999 -0.019093037582933899 12.500000000000002 0.12942359596490863 0.01835016813129187 1.0000000180025095e-35 -0.036334166303277009 1.0000000180025095e-35 0.027919191867113117
decision_type=2 2 2 2 2 2 2 2 2 2 2 2 10 2 2 2 2 2 2 2 2 2 2 2 2 2 8 2 2 2
left_child=9 4 3 -3 5 6 -2 17 24 -1 11 15 26 -7 -11 -5 -16 21 22 -20 -21 -4 -19 -12 28 -26 -13 -10 29 -9
right_child=1 2 7 10 -6 13 -8 8 27 14 23 12 -14 -15 16 -17 -18 18 19 20 -22 -23 -24 -25 25 -27 -28 -29 -30 -31
leaf_value=0.069614063726038081 0.10825237264447435 0.10049612067446 -0.026176686542325012 -0.064837349608426825 0.080040450103700533 -0.055977270261462521 -0.040251100278723972 0.089619309610997622 -0.048928480946013833 0.049611055367210367 0.077054605988882155 0.27535396682929431 0.08788449099097384 0.11359504159318264 -0.047895790681396239 0.1029042093544535 0.095393397011136971 0.067748835212978628 -0.00021772994657723793 -0.071591060646673088 0.092311981192555917 0.10154199743592347 -0.04974235706791727 -0.11741668312144549 0.07411365805735802 -0.0035923121427722986 -0.014031570345913008 0.097432856736608869 0.074622740118041195 0.03930897906938613
leaf_weight=442.42075894414995 5.0547386512932917 607.26899317284062 2.4798277763748038 1.4451705759402091 1950.2960621790346 1.4635397837071185 4.6563957278844992 442.14922139152623 1.6875560509370178 254.40299691384723 195.38516130953349 0.46088528322581801 26.754723302698949 80.935651318943883 2.0656981772417558 201.12137577655767 31.881043104877335 7.2496312798650706 5.6122679507875537 1.6798049012681975 111.99272932632277 323.76856825461107 4.4999374328785944 1.0174951868602864 15.190487419021794 10.626085362927823 9.4381215467374204 214.67795313119791 457.19244524945771 23.913167490775095
leaf_count=30484 299 26579 180 212 107684 624 352 19383 395 19193 10121 280 657 2395 381 8041 1771 630 473 254 5528 12043 735 151 996 1185 1144 9968 21569 1898
internal_value=0 0.085893 0.0895898 0.0948443 0.0810682 0.10283 0.0370464 0.0862128 0.0828907 0.0634429 0.0869656 0.0959297 0.0639989 0.110583 0.0539744 0.101707 0.0866741 0.0946795 0.0800104 0.0856504 0.0898899 0.100571 0.0227512 0.0760471 0.0798356 0.0421299 -0.000558144 0.0962913 0.08089 0.0870379
internal_weight=0 4708.02 2665.61 1042.89 2042.41 92.1103 9.71113 1622.72 1165.44 730.77 435.623 239.22 36.6537 82.3992 288.35 202.567 33.9467 457.283 131.034 119.285 113.673 326.248 11.7496 196.403 949.071 25.8166 9.89901 216.366 923.255 466.062
internal_count=285605 233776 122422 47185 111354 3670 651 75237 55394 51829 20606 10334 2081 3019 21345 8253 2152 19843 7620 6255 5782 12223 1365 10272 45031 2181 1424 10363 42850 21281
is_linear=0
shrinkage=0.1


Tree=136
num_leaves=31
num_cat=0
split_feature=93 74 103 81 160 183 231 11 168 13 153 218 191 202 12 68 157 135 17 222 135 5 166 156 157 156 180 111 217 194
split_gain=18.0512 7.50778 5.78053 5.31448 5.113 4.36598 3.95657 4.24778 4.40663 5.1989 4.55949 4.45726 5.39784 5.86595 4.1614 4.07645 5.20332 4.69176 3.94929 3.97262 3.92665 4.91311 3.9256 3.88819 7.00783 6.83229 5.89618 5.87669 6.83559 5.82968
threshold=0.064679164439439787 0.54904305934906017 0.068924289196729674 0.30825792253017431 2.0000000000000004 -0.12965069711208341 0.0069413855671882638 0.011184378061443569 3.7824388742446904 0.020050250925123695 0.017560807988047603 -0.030467562377452847 0.089586965739727034 0.10657294839620592 142.50000000000003 35.040599822998054 0.52520734071731578 -0.010871835984289644 8.5000000000000018 0.088154997676610961 -0.021619747392833229 0.11482182890176774 0.57365176081657421 0.15170694142580035 0.59821906685829174 0.54616478085517894 0.052842542529106147 -0.027641717344522473 -0.074459485709667192 0.14788023382425311
decision_type=2 2 2 2 2 2 2 8 2 8 2 2 2 2 10 2 2 2 2 2 2 10 2 2 2 2 2 2 2 2
left_child=3 2 4 23 18 -5 7 -4 9 -9 15 -12 13 -13 -10 17 -17 -11 19 -2 22 -22 -3 26 25 -25 27 28 -1 -27
right_child=1 20 6 5 -6 -7 -8 8 14 10 11 12 -14 -15 -16 16 -18 -19 -20 -21 21 -23 -24 24 -26 29 -28 -29 -30 -31
leaf_value=0.0017960391726945938 0.082198180197614823 -0.012711799455909376 0.097425212915801501 0.044185979159560684 0.060282302992863447 0.079853025879073225 0.077533478877550202 0.087683981377618569 0.10011108745352096 0.035115206750352998 -0.04106958876712638 0.079220622091436321 -0.08005158573618204 -0.1108194457354048 0.056457927993674578 0.0012474024107366236 0.072702444693796109 -0.079515456544261398 0.096112767250241329 0.059455174838687265 0.064665305990258506 0.0254810009080941 0.096631045541695493 0.081936335262477566 0.090936953970381054 0.014355992585417452 0.081629882315479629 0.1060373676898177 0.088044981411223355 0.094108234995035428
leaf_weight=10.07933163164523 957.28051663755957 3.6724525477479792 27.223784027334204 45.768569769845726 110.01822485731736 137.20313038348968 248.9876229947638 23.717560859061905 34.73890420085263 15.44627863216556 12.92689538588388 14.626237249866341 3.4142341750666665 1.8271351857115394 58.802394001103494 12.434649876694946 56.47833601011007 4.6440525134885311 188.2590760177377 83.50308601587551 71.598257174973241 57.855340483692999 30.99438959445979 1011.8559400498179 1506.2575114690699 27.895723223456116 239.27211582283564 417.06474588863125 104.02873765527534 13.650717491774229
leaf_count=1645 50335 1045 4468 1834 7867 10533 15004 2176 1283 900 983 1095 276 166 1401 2243 1098 470 8689 5240 7210 2495 1032 55725 16047 2789 26348 42096 12903 251
internal_value=0 0.0756577 0.0774721 0.0875242 0.0809356 0.0709313 0.0684715 0.059998 0.0557358 0.0448502 0.0365093 0.00463493 0.0343727 0.0581168 0.0726696 0.0482538 0.0598091 0.00861734 0.0827844 0.0803735 0.0551575 0.0471531 0.0850477 0.0884359 0.0865612 0.0803044 0.0946641 0.100536 0.0804265 0.0405598
internal_weight=0 2018.45 1854.33 3513.08 1339.06 182.972 515.268 266.28 239.057 145.515 121.798 32.7945 19.8676 16.4534 93.5413 89.0033 68.913 20.0903 1229.04 1040.78 164.12 129.454 34.6668 3330.1 2559.66 1053.4 770.445 531.173 114.108 41.5464
internal_count=285647 115476 103694 170171 72131 12367 31563 16559 12091 9407 7231 2520 1537 1261 2684 4711 3341 1370 64264 55575 11782 9705 2077 157804 74812 58765 82992 56644 14548 3040
is_linear=0
shrinkage=0.1


Tree=137
num_leaves=31
num_cat=1
split_feature=86 86 17 215 137 204 82 69 235 2 204 121 149 232 156 77 229 156 77 137 227 178 63 159 157 112 74 225 81 174
split_gain=28.3489 9.34707 5.17428 6.36435 5.94569 4.70822 5.84874 4.30139 6.62225 4.49477 4.42795 4.5934 4.27247 5.65318 7.01848 6.64338 4.97971 5.14183 5.0689 4.64713 4.42666 4.26156 4.37552 4.21698 4.17082 5.30558 3.96248 4.68003 3.81312 4.20309
threshold=-1.0720092654228208 -0.76440677046775807 12.500000000000002 0.011636102106422188 -0.0012282067909836767 -0.10950377210974692 0.010990338400006296 126.91276168823244 0 0.032522473484277732 -0.17213649302721021 -0.0074354507960379115 0.0075166337192058572 -0.06583030521869658 0.28232999145984655 0.031830463558435447 -0.041956111788749688 0.18237251043319705 0.011428944766521456 -0.044315999373793595 -0.09924758598208426 0.37573242187500006 -0.055010562762618058 0.31133891642093664 0.61550846695899974 0.021318626590073112 1.0000000180025095e-35 -0.12550640106201169 0.013423423748463394 -0.20093875378370282
decision_type=2 2 2 2 2 2 2 2 1 10 2 2 2 2 2 2 2 2 2 2 2 2 2 2 2 2 2 2 2 2
left_child=-1 2 3 4 21 6 -4 8 -6 10 -9 28 19 14 -14 -16 17 18 -15 20 -5 -2 -23 -13 -19 -26 -18 -28 29 -12
right_child=1 -3 5 12 7 -7 -8 9 -10 -11 11 23 13 16 15 -17 26 24 -20 -21 -22 22 -24 -25 25 -27 27 -29 -30 -31
leaf_value=0.064799089893703449 0.082566194110289259 0.091290367371327674 0.074860844517496916 -0.037001798385841923 0.095731585674475872 0.10244760496438797 -0.084227467797721473 0.11495405023190178 0.011664130869393989 0.078644494509743756 -0.035148936293279996 -0.016978847373156775 0.078795764819723335 0.0065850260080789818 0.033633802395632274 -0.10667171451818541 0.11466589501307939 0.0083597270199626851 0.10592094699320731 0.093200933765331423 0.072905672353151804 -0.039218913976747219 0.06209776790506874 0.047273578072597564 0.085998822509585987 -0.07629976507281068 -0.065741474892493407 0.084080139125338349 0.085139900116472989 0.059593893346502252
leaf_weight=748.3252917297059 920.62507530103392 1851.6881530719129 11.605955423834528 3.8564078426661572 13.662571770006707 178.87475594280249 2.8854665231046956 13.213308412867717 29.825377024105364 296.11784565924131 5.7379287820231211 11.777700503637332 21.168348463113944 6.2427915857949747 11.091265723822287 4.8506341729644182 46.01383027108534 23.647825051150903 28.997930589400539 723.3702085965167 73.661933672466262 5.287351967009843 21.991758051999113 76.967309489528134 19.375098496006107 2.2478893788938867 2.1013832947110123 266.90640298403605 61.076944739299961 25.456272492830067
leaf_count=51835 48912 81252 754 426 815 6971 360 667 4493 12308 423 2266 2368 1205 318 281 1621 1611 2138 32124 4399 520 990 6695 199 46 377 13419 4153 2037
internal_value=0 0.0857367 0.0822011 0.0810756 0.0766583 0.0980062 0.0431839 0.0682173 0.0380755 0.0708905 0.0590689 0.0549895 0.0863818 0.0783745 0.0410558 -0.00905689 0.0818758 0.059681 0.0883239 0.0907073 0.067438 0.081412 0.0424601 0.0387464 0.0373842 0.0691265 0.0875483 0.0829098 0.0706119 0.0421667
internal_weight=0 4760.33 2908.64 2715.27 1481.74 193.366 14.4914 533.835 43.4879 490.347 194.229 181.016 1233.53 432.643 37.1102 15.9419 395.533 80.5115 35.2407 800.889 77.5183 947.904 27.2791 88.745 45.2708 21.623 315.022 269.008 92.2711 31.1942
internal_count=285983 234148 152896 144811 84279 8085 1114 33857 5308 28549 16241 15574 60532 23583 2967 599 20616 5199 3343 36949 4825 50422 1510 8961 1856 245 15417 13796 6613 2460
cat_boundaries=0 1
cat_threshold=4
is_linear=0
shrinkage=0.1


Tree=138
num_leaves=31
num_cat=0
split_feature=86 86 74 86 113 191 10 219 231 13 142 125 142 96 4 100 121 115 0 190 17 175 182 6 217 159 69 181 93 74
split_gain=29.2218 11.5746 5.91856 6.54622 4.2874 5.17058 6.00848 5.03251 4.3194 3.88914 6.02732 5.47201 7.29489 3.97225 4.76104 5.08155 3.89687 3.84438 4.08811 4.96433 3.78141 5.08628 4.43552 3.97842 3.74623 3.4748 3.4373 3.42353 3.37267 4.04615
threshold=-1.0720092654228208 -0.76440677046775807 0.26975052058696752 -1.1817154288291929 -0.0421565044671297 0.02095699962228537 724.50000000000011 0.053592981770634658 0.06656308472156526 0.08631784096360208 0.0051168205682188281 0.0096455039456486719 0.016440964303910736 -0.15808264166116712 0.1137044094502926 0.067673690617084517 0.079194273799657836 0.017522423528134826 0.14222503453493121 0.066955391317605986 17.500000000000004 -0.036766268312931054 0.0030314264586195354 0.081356864422559752 -0.085904654115438447 0.48819245398044592 2.1540086269378667 -0.057715049013495438 0.34220205247402197 0.60763889551162731
decision_type=2 2 2 2 2 2 8 2 2 10 2 2 2 2 8 2 2 2 10 2 2 2 2 10 2 2 2 2 2 2
left_child=2 20 3 27 5 6 7 8 -3 -6 13 -12 -13 14 15 -11 -15 18 19 -7 28 22 -22 -24 -23 -19 -9 -1 29 -2
right_child=1 4 -4 -5 9 17 -8 26 -10 10 11 12 -14 16 -16 -17 -18 25 -20 -21 21 24 23 -25 -26 -27 -28 -29 -30 -31
leaf_value=0.076808255705967277 0.082102632397734243 0.094127908329190477 0.053806479454428416 0.080903822014368826 0.091675709147979068 -0.11134015242436289 0.12005355781866103 -0.21698452496148721 -0.012173539527880422 0.11608745775365972 0.10151202949714644 -0.049512038409303072 0.080774653053023171 0.12179717850058754 -0.059209835231344203 -0.12272199810956322 -0.082598672082699442 0.023980628522541694 0.08330190380946316 0.14652207582580898 0.10136258425263567 -0.13777684482281047 0.065084750382354992 -0.053021807731213427 0.13058294171193108 -0.10677360993488627 0.025465950848322101 0.045641263747177321 0.067525178293177932 0.15406840610548678
leaf_weight=52.224739328597934 2654.1615899696617 38.938224150653923 295.71448225429162 292.39057638550298 1567.4977825963663 2.4873316768823801 33.447070732944212 0.6111100066104872 4.2385681706919049 9.2101380722838204 30.773468161271921 6.8163018508680606 11.629969397562716 144.27277390366976 2.5744140347160291 0.98646820977546745 0.93883471053049916 8.1259046081522666 18.222825396300777 1.066805537499931 29.135742510354021 0.52669056338822784 10.834097631664006 3.8711723446758688 42.126888919432531 2.7103512824203326 13.557320344486923 108.39350233959476 163.67976594795846 7.8355580981515223
leaf_count=3989 138716 1939 21393 18159 68714 525 794 86 290 238 943 511 622 3574 203 82 63 388 984 173 870 118 554 356 1398 495 560 8358 10367 169
internal_value=0 0.0860485 0.0648108 0.0719942 0.0921244 0.0741012 0.0863693 0.0667226 0.0836925 0.0933777 0.106253 0.0756972 0.0326309 0.115773 0.0623043 0.0929839 0.120476 0.0399481 0.0641672 -0.0339405 0.0820882 0.102684 0.0787653 0.0339931 0.127269 -0.00872346 0.0150086 0.0557752 0.0814578 0.0823145
internal_weight=0 4810.28 748.723 453.009 1898.11 123.406 90.7923 57.3452 43.1768 1774.7 207.202 49.2197 18.4463 157.983 12.771 10.1966 145.212 32.6132 21.777 3.55414 2912.17 86.4946 43.841 14.7053 42.6536 10.8363 14.1684 160.618 2825.68 2662
internal_count=285631 233732 51899 30506 81184 6234 3669 2875 2229 74950 6236 2076 1133 4160 523 320 3637 2565 1682 698 152548 3296 1780 910 1516 883 646 12347 149252 138885
is_linear=0
shrinkage=0.1


Tree=139
num_leaves=31
num_cat=0
split_feature=86 86 86 161 176 126 181 108 96 88 200 170 118 208 55 199 154 17 161 152 98 161 150 204 178 229 176 157 70 148
split_gain=27.9956 11.5279 5.77204 5.22278 6.07036 4.43966 4.26322 4.62319 4.20798 4.72286 4.54271 4.17011 5.24283 5.34687 4.87777 4.44979 6.29846 4.37716 4.14164 5.18635 4.09722 4.0547 4.01263 4.00561 3.98668 3.98222 4.79739 4.74899 4.1846 3.80419
threshold=-0.94577196240425099 -1.1817154288291929 -0.57369077205657948 3.5600386857986455 0.21995829045772555 -0.016215255483984944 0.36578784883022314 -0.034574177116155617 -0.18138262629508969 0.73189201951026928 0.039298342540860183 0.53721478581428539 0.016539368778467182 -0.16480810940265653 1.0000000180025095e-35 0.16361548751592639 0.030037367716431621 7.5000000000000009 3.9341038465499882 0.021839060820639137 0.20194853842258456 3.7168964147567753 0.001923334028106183 0.10665182024240495 0.098432898521423354 -0.036095913499593728 -0.13692046701908109 0.62632915377616893 9.5000000000000018 -0.012423008214682339
decision_type=2 2 2 2 2 2 2 2 2 2 2 2 2 2 2 2 2 2 2 2 2 2 2 2 2 2 2 2 2 2
left_child=1 -1 11 4 5 8 24 29 -3 10 -10 17 -13 -14 15 -15 22 -2 19 -5 -20 -21 -17 -11 25 26 28 -28 -7 -8
right_child=2 3 -4 18 -6 6 7 -9 9 23 -12 12 13 14 -16 16 -18 -19 20 21 -22 -23 -24 -25 -26 -27 27 -29 -30 -31
leaf_value=0.0541633683843495 0.085644426604700452 0.13594529106389627 0.096737088712272185 0.041141699223741036 0.11748120866787273 0.13805593004439576 -0.16725462878298569 0.063356615469534944 0.027048097909523668 0.097414239114010356 0.084716690812316128 0.085558647457887257 -0.10391516015793674 0.076507868486081765 -0.0062758071766418986 0.023224101303903868 0.074994400670089334 0.096292139917706687 0.07538202782022084 0.086115009213902388 -0.12559317115691535 0.051527627945715519 -0.094474628454473644 0.047536505887845387 -0.035328420537683529 0.081682673395658115 0.031140992756977782 0.091396072930066075 -0.10512451483524775 0.0072480119248254553
leaf_weight=303.40632733402481 1842.8699120111728 17.884654848644459 550.25521134737164 96.543708278771874 45.245980585713369 9.4542726210531747 1.9109428216634112 8.8866424391567289 23.862447627929214 181.1329270461174 31.946781831346698 569.92152933540478 1.7675509933587807 277.13888867949959 8.064556037473265 8.5193732901880157 17.764504543740259 488.40321699916421 508.31918966611136 79.319036195361718 1.0164161737975508 59.184165907127408 4.3887481136302986 17.671965090363983 3.2843900487257534 245.92780957658488 51.508129493369097 17.532429777435027 0.76486132169020571 3.6079877636907431
leaf_count=23705 89009 1382 21824 8009 1672 792 169 800 2854 9555 1773 27744 308 16449 861 668 441 20103 26296 4493 81 3308 457 1504 701 15348 4601 174 230 320
internal_value=0 0.0718402 0.0872722 0.0756575 0.0821294 0.0795302 0.0719581 0.0187125 0.089058 0.0857645 0.0600592 0.0856542 0.0798208 0.069526 0.0704965 0.0725079 0.0363669 0.0878751 0.0699138 0.0589336 0.074981 0.0713354 -0.0167933 0.0929806 0.0742932 0.0754004 0.0559076 0.0464424 0.119855 -0.0531739
internal_weight=0 1708.41 3769.09 1405 660.622 615.376 342.877 14.4056 272.499 254.614 55.8092 3218.84 887.565 317.644 315.876 307.812 30.6726 2331.27 744.383 235.047 509.336 138.503 12.9081 198.805 328.472 325.188 79.2597 69.0406 10.2191 5.51893
internal_count=285631 107767 177864 84062 41875 40203 23135 1289 17068 15686 4627 156040 46928 19184 18876 18015 1566 109112 42187 15810 26377 7801 1125 11059 21846 21145 5797 4775 1022 489
is_linear=0
shrinkage=0.1


Tree=140
num_leaves=31
num_cat=0
split_feature=86 86 86 93 103 113 228 3 97 9 217 226 144 190 144 4 131 108 161 214 202 197 93 113 205 191 165 189 157 195
split_gain=29.0943 9.71987 6.53958 6.3196 4.54647 4.42032 4.70665 4.47674 3.96083 4.71926 3.99768 5.31995 3.77965 4.44475 4.24182 3.63034 4.90457 3.5027 3.49677 4.61117 4.03158 3.70528 6.47891 3.48483 5.17961 4.34218 4.15921 4.25382 3.98793 3.94203
threshold=-0.93582496047019947 -1.1817154288291929 -0.76440677046775807 0.34220205247402197 0.088671285659074797 -1.0000000180025095e-35 -0.090251620858907686 0.27386364340782171 -0.015459625050425528 0.079682540148496642 0.018712243065238002 0.089063122868537917 0.033047191798686988 -0.0201265150681138 -0.0095140924677252752 0.34848485887050634 -1.0000000180025095e-35 -0.023360076360404488 3.3240997791290288 0.025887410156428817 -0.082223709672689424 0.051219927147030837 0.037334654480218894 0.064568012952804579 -0.016330871731042858 0.050999887287616737 49.000000000000007 0.17237743735313418 0.4752290546894074 0.08685519173741342
decision_type=2 2 2 2 2 2 2 10 2 10 2 2 2 2 2 10 2 2 2 2 2 2 2 2 2 2 2 2 2 2
left_child=1 -1 15 5 23 6 12 -8 10 -10 18 -12 13 17 -15 -2 -17 -3 19 20 -6 -20 -23 26 25 -25 -4 -28 -26 -30
right_child=2 3 4 -5 8 -7 7 -9 9 -11 11 -13 -14 14 -16 16 -18 -19 21 -21 -22 22 -24 24 28 -27 27 -29 29 -31
leaf_value=0.056275983258648632 0.083317186894431183 0.048296874787413235 0.012175495805677831 0.058941879469307214 0.082331768621520834 0.084405308456848294 0.071790009728707235 0.097088259055526704 0.093560895435302327 0.39869610588273185 0.093560581315777491 -0.10602697429139454 -0.039034852981499862 0.006450263582019041 0.091306858931199511 -0.049593714407790812 0.16877935717369805 -0.065855402861893467 0.046310375121041747 0.06240777054458875 -0.045907448901713249 0.11648571565046645 -0.051099116054964845 0.020145000455121541 -0.013036752324733015 0.07906777456908097 0.094246702707060259 0.11425090110214692 0.10047912973456892 0.038875315090858065
leaf_weight=308.82519429252989 1813.3510521710737 5.9661161609865303 5.9696891927089828 194.07973228417632 3.2085780286579419 618.15342574184785 548.57081738871909 80.171793199001741 90.904595233501595 0.50970392867156888 56.589878613166547 1.3677676280040021 5.0769456094324132 7.7620494073148576 24.436958872814561 1.1628703237784073 8.9006032745733101 4.8921982588983592 29.714613816089695 17.066035323606229 10.389906111367962 21.914159096163534 2.578343017048609 21.934036905411403 3.5406676302563929 29.098364674744516 1356.3546907511029 115.34047584037717 109.47146861185684 11.47628087317389
leaf_count=23626 90366 436 465 13551 211 35586 30425 6201 3535 123 2378 208 244 672 1206 1135 468 549 2257 486 702 671 198 2010 1566 1187 58318 3948 2230 677
internal_value=0 0.0724214 0.0879206 0.0757698 0.0920468 0.0782918 0.0727086 0.0750158 0.0790082 0.0952623 0.0686053 0.0888504 0.0425709 0.0521931 0.0708509 0.0836496 0.143546 -0.00313427 0.0547801 0.0277926 -0.0156493 0.0700467 0.0988439 0.0938942 0.0805727 0.0537424 0.0954766 0.0958145 0.0915714 0.0946338
internal_weight=0 1797.94 3710.84 1489.11 1887.43 1295.03 676.877 628.743 234.244 91.4143 142.829 57.9576 48.1343 43.0573 32.199 1823.41 10.0635 10.8583 84.8716 30.6645 13.5985 54.2071 24.4925 1653.19 175.521 51.0324 1477.66 1471.7 124.488 120.948
internal_count=285635 112496 173139 88870 81170 75319 39733 36626 10769 3658 7111 2586 3107 2863 1878 91969 1603 985 4525 1399 913 3126 869 70401 7670 3197 62731 62266 4473 2907
is_linear=0
shrinkage=0.1


Tree=141
num_leaves=31
num_cat=0
split_feature=86 86 156 97 17 1 4 74 164 230 104 129 220 132 218 75 176 186 223 88 207 211 170 157 224 72 86 97 71 9
split_gain=28.4594 12.1066 6.84469 10.4316 6.60763 5.58705 5.06672 4.69019 4.55207 4.22768 4.23521 4.16359 4.42134 4.1451 4.01479 3.95418 4.61653 4.1005 4.0052 4.44394 3.94984 3.93214 3.90981 3.79004 4.25119 3.74811 3.68573 3.66327 3.63946 3.69709
threshold=-1.0720092654228208 -0.76440677046775807 0.64346247911453258 -0.031144132837653157 15.500000000000002 0.019803921692073349 0.34848485887050634 0.26975052058696752 5.0782890319824228 -0.046126533299684518 -0.12091504782438277 0.0021624471992254262 0.11007830873131753 -0.011933322530239819 0.075516343116760268 0.024099883623421196 0.078725811094045653 0.22317219525575641 0.025034686550498012 0.62947362661361705 0.037687420845031745 -0.14541167020797727 0.44120077788829809 0.68788212537765514 -0.16108159720897672 0.24322344362735751 -1.1817154288291929 -0.020714732818305489 0.29583333432674414 0.0084581566043198126
decision_type=2 2 2 2 2 8 10 2 2 2 2 2 2 2 2 2 2 2 2 2 2 2 2 2 2 2 2 2 2 10
left_child=7 2 4 5 6 -4 15 26 11 10 -9 -3 -13 14 -11 21 18 -18 22 -20 -7 -2 25 24 27 -17 -1 -10 -23 -30
right_child=1 8 3 -5 -6 20 -8 9 23 13 -12 12 -14 -15 -16 16 17 -19 19 -21 -22 28 -24 -25 -26 -27 -28 -29 29 -31
leaf_value=0.059162868677979798 0.10012204099506949 0.09875252218907131 -0.055794338908086598 -0.040184150844250713 0.10597380675314692 0.10907000713571627 0.14631278792560257 -0.032763110824042423 0.03810840760470087 0.069995779796213992 0.042620020746547846 0.08553745181562894 0.12150336931006862 0.052876633440455116 0.1341585007600111 0.098711388036976641 0.090004578187554987 0.1314993177723652 0.027195734289556756 0.090495194089052128 -0.0095792696584706648 0.074219747730776386 0.073650219953696527 0.10428279306877215 0.079040223702528528 -0.059555236608081312 0.078128504126637632 -0.14065947543611199 -0.06149015012037861 0.15580036155671945
leaf_weight=159.72832901009542 65.469268268756991 934.40813597980775 2.9001419754222324 11.449164899146124 114.56698932229256 19.16146912875411 11.994379641845169 9.4070358854105489 5.0167039335938171 48.333570274062822 35.878290093885312 527.05802053446052 36.55026762257171 188.98191810920457 12.217076709830961 87.344676444908941 498.22473411533156 25.010511373920053 11.415010020322368 390.65737947272908 3.2870640546025234 981.14104886456118 656.53124729036608 62.912614801549353 283.47977242778802 1.5224348638207619 285.83607270540222 1.4857613891654171 0.86051963321779013 8.695443024188533
leaf_count=12262 1958 42838 189 143 4373 141 2708 1086 85 2895 3619 25503 1924 13204 488 3535 25668 706 1064 20797 64 55130 35600 193 10551 106 18189 44 204 143
internal_value=0 0.0859365 0.0818927 0.0390394 0.0824453 0.0748222 0.0814611 0.0648554 0.0922511 0.0550707 0.0269608 0.0946581 0.0878699 0.0601721 0.0829417 0.0811758 0.0842035 0.091988 0.0806539 0.0886981 0.0916966 0.0763865 0.0763148 0.0820335 0.0772064 0.096 0.0713296 -0.00273863 0.0748179 0.136233
internal_weight=0 4741.14 2890.23 36.7978 2853.43 25.3487 2738.87 740.382 1850.91 294.818 45.2853 1498.02 563.608 249.533 60.5506 2726.87 1670.71 523.235 1147.47 402.072 22.4485 1056.17 745.398 352.895 289.982 88.8671 445.564 6.50247 990.697 9.55596
internal_count=285410 233667 152529 537 151992 394 147619 51743 81138 21292 4705 70265 27427 16587 3383 144911 87476 26374 61102 21861 205 57435 39241 10873 10680 3641 30451 129 55477 347
is_linear=0
shrinkage=0.1


Tree=142
num_leaves=31
num_cat=1
split_feature=86 93 86 86 237 156 228 171 162 181 107 98 68 6 133 153 198 153 193 152 72 111 74 204 158 199 205 171 39 47
split_gain=33.1386 10.218 7.33613 6.02579 5.47164 5.40599 4.92674 4.91673 4.76959 6.29134 4.32775 3.86535 3.61737 3.55841 3.81653 3.70558 3.56496 4.26774 3.50264 3.75107 3.42007 3.75257 3.39401 3.95583 3.78765 4.75833 4.13308 7.40583 4.43463 4.53166
threshold=-0.91503310203552235 0.34220205247402197 -0.76440677046775807 -1.1817154288291929 0 0.503086417913437 -0.043374225497245782 0.1005845069885254 78.758403778076186 -0.076291687786579118 0.049284335225820548 0.051404280588030822 37.496746063232429 0.11143790930509569 0.032661303877830512 0.026904115453362468 -0.18258674442768094 -0.013226040638983248 0.131925143301487 0.0056950568687170753 0.043717153370380409 0.033556960523128516 0.60763889551162731 0.046510392799973495 0.22500000149011615 0.22859477251768115 0.056081527844071395 -0.16250986605882642 1.0000000180025095e-35 1.0000000180025095e-35
decision_type=2 2 2 2 9 2 2 2 2 2 2 2 2 10 2 2 2 2 2 2 2 2 2 2 2 2 2 2 2 2
left_child=1 3 5 -1 11 -2 10 12 -8 -10 -7 -3 -6 16 15 -15 17 -4 -9 -20 -19 -22 24 -24 26 -26 28 -28 29 -5
right_child=2 4 13 22 7 6 8 18 9 -11 -12 -13 -14 14 -16 -17 -18 20 19 -21 21 -23 23 -25 25 -27 27 -29 -30 -31
leaf_value=0.059573223159345615 0.085611876912115914 0.016884774210779947 -0.088666923208506512 0.084639672304574434 0.11767589304515765 0.052100776869490786 0.094567934159281483 0.056676452926365278 -0.062643802247843203 0.063748945891405923 -0.029787884787103688 -0.083187702737970298 0.068604674027129872 0.093242759129507025 0.1253097010809647 0.11825710131533299 0.091120540355807411 0.084049411989409392 -0.071608159583777656 0.038785285303697577 -0.10430749830898817 0.089025239696513075 -0.056679645046508131 0.17660471234308953 0.082447385861945 0.00095260276827467823 -0.027753116617063901 0.062595421051134886 0.053724359243214739 0.049689005447953211
leaf_weight=203.18544151416199 1520.2942818304246 18.154011323141621 1.9806551755982607 321.23086542953399 21.62105715934922 27.885381251044237 57.72748459613922 199.28334065084482 4.4542100946600831 33.995408373970349 8.3972353867793554 4.9019629677569574 49.222229356215394 370.30806616286986 54.432522505077031 70.495271506140853 1369.3035407664656 17.387241161978185 4.3626080045078188 10.453089519465264 2.2455990299324631 1.8157528879437448 0.82716638981582846 5.9956924214375249 866.10449394133843 7.2244154823424642 9.771246035131524 126.88728632281709 73.864613263313913 41.941328001793295
leaf_count=15337 80402 3392 377 21827 3642 651 1116 5572 108 689 158 1417 7782 16237 2009 2418 58626 1013 229 431 382 149 119 59 39596 615 1424 9830 6521 3648
internal_value=0 0.0725951 0.0887887 0.075704 0.0558691 0.0839237 0.0645481 0.0586856 0.0763936 0.0491069 0.0331485 -0.00306319 0.083581 0.0930476 0.100328 0.0972432 0.0904587 0.0517807 0.0531889 0.006279 0.0647503 -0.0178721 0.0779584 0.148323 0.0776266 0.0817732 0.0713142 0.0561354 0.0760605 0.0806034
internal_weight=0 1965.03 3540.72 1657.03 307.998 1652.75 132.46 284.942 96.1771 38.4496 36.2826 23.056 70.8433 1887.97 495.236 440.803 1392.73 23.4292 214.099 14.8157 21.4486 4.06135 1453.85 6.82286 1447.02 873.329 573.695 136.659 437.037 363.172
internal_count=285776 121441 164335 98976 22465 83124 2722 17656 1913 797 809 4809 11424 81211 20664 18655 60547 1921 6232 660 1544 531 83639 178 83461 40211 43250 11254 31996 25475
cat_boundaries=0 2
cat_threshold=79773955 1050848
is_linear=0
shrinkage=0.1


Tree=143
num_leaves=31
num_cat=0
split_feature=86 86 93 86 176 126 202 219 107 141 5 177 229 170 206 139 232 88 213 132 183 4 92 2 170 156 67 156 125 137
split_gain=32.5698 10.0392 8.41881 5.19481 3.92346 4.22541 3.68403 3.45857 5.67342 4.02883 3.47609 3.75968 3.98679 3.57654 3.45595 4.56633 4.67146 3.56989 3.98861 3.36246 3.20136 4.00333 3.6717 7.32629 3.15542 4.53278 4.15563 4.50366 5.63357 4.07571
threshold=-0.94577196240425099 -1.1817154288291929 0.36676779389381414 -0.76440677046775807 -0.17996312677860257 0.023502850905060772 0.12613314390182498 -0.0036375126801431175 -0.0057559239212423554 -0.0088992891833186132 0.066024884581565871 -0.08251177147030829 0.087049588561058058 0.51779085397720348 0.044994315132498748 -0.0083242538385093195 -0.012345623224973677 0.74098604917526256 0.064619787037372603 -0.026276499964296814 -0.07690961658954619 0.028991596773266796 0.94662788510322582 0.067117117345333113 0.55502149462699901 0.038648245856165893 2.5123373270034794 0.42237871885299688 -0.020666251890361306 -0.010917402338236569
decision_type=2 2 2 2 2 2 2 2 2 2 8 2 2 2 2 2 2 2 2 2 2 10 2 10 2 2 2 2 2 2
left_child=1 6 24 7 5 -4 -1 -2 -9 20 11 13 -13 -11 19 17 -17 -16 -19 -6 21 -10 -22 -24 -3 -26 -27 28 -28 -30
right_child=3 2 4 -5 14 -7 -8 8 9 10 -12 12 -14 -15 15 16 -18 18 -20 -21 22 -23 23 -25 25 26 27 -29 29 -31
leaf_value=0.058534571245595315 0.088977128789090046 0.08014401523484227 0.13009506497642692 0.092054481093653981 -0.004238090850196447 -0.14960645428695574 0.016792078158684172 0.069634686584259156 0.13483367159668194 0.083881469624841443 0.085591313470541941 0.11586739684710444 -0.097761827121227815 -0.040554924196710494 -0.061318268519168863 -0.0001406254476359381 0.074374378084613543 -0.022621851138345764 0.092591948521543524 0.067338372353260831 0.070675469857115383 0.072683391384574442 -0.13378927889674305 0.10221230048366298 -0.054004039923711535 0.07410411110364723 -0.15298809524364365 0.09689584901927327 -0.037223767043669975 0.068630245576927443
leaf_weight=292.55845221879088 946.23539757665947 1057.7241312777171 9.519876718803058 1850.0697171534771 7.1070163840399792 0.57259263185051246 22.790033095913145 322.74681645483565 17.836427185625325 25.722668609666361 334.15560317855432 99.601960685118911 0.88130762970331389 2.5376338883044118 7.6964657074349843 12.289480386258218 26.674228774442781 7.2030650727842822 5.1553505536612647 85.777189118372235 161.34902265844289 24.739582264009641 2.5959379401137985 2.666564775412553 3.1145651395106588 144.9498805807907 2.0783834132062173 6.935282756669948 6.4127854297694311 8.4044247092851894
leaf_count=21522 45023 59982 1300 81092 598 139 2165 17355 1030 1481 12567 5350 589 970 727 996 1524 702 165 5571 10797 1287 219 109 2061 7207 536 255 1283 1082
internal_value=0 0.0716281 0.0752787 0.0882628 0.0538498 0.114226 0.0555179 0.084649 0.0805322 0.0857654 0.0909702 0.104931 0.113994 0.0727077 0.0498384 0.0309159 0.0508717 -0.00785528 0.0254399 0.0618617 0.0742481 0.0987201 0.0679945 -0.0142048 0.0781019 0.0655358 0.0677418 0.0290431 0.00119095 0.0228174
internal_weight=0 1706.96 1391.61 3791.14 161.995 10.0925 315.348 1941.07 994.834 672.087 462.899 128.744 100.483 28.2603 151.903 59.0186 38.9637 20.0549 12.3584 92.8842 209.188 42.576 166.612 5.2625 1229.62 171.895 168.781 23.8309 16.8956 14.8172
internal_count=285684 107815 84128 177869 11722 1439 23687 96777 51754 34399 20957 8390 5939 2451 10283 4114 2520 1594 867 6169 13442 2317 11125 328 72406 12424 10363 3156 2901 2365
is_linear=0
shrinkage=0.1


Tree=144
num_leaves=31
num_cat=0
split_feature=86 93 86 86 228 138 215 138 157 197 119 227 175 138 173 75 216 161 11 10 96 225 209 10 157 189 197 170 146 137
split_gain=31.5089 11.2503 6.33091 5.71457 4.00325 5.10335 4.20076 3.6986 3.65433 4.85252 6.27434 4.8635 4.60982 4.18515 4.56577 3.86325 3.66114 3.60867 4.45229 3.85303 3.72653 3.92222 3.56207 4.40311 3.54107 3.52305 3.3641 3.96383 4.04696 3.95711
threshold=-0.94577196240425099 0.18408870697021487 -1.1817154288291929 -0.76440677046775807 0.052011473104357726 -0.035613445565104478 0.017252511344850067 0.066577307879924788 0.65876379609107982 1.0000000180025095e-35 0.025092812255024913 0.0055170361883938321 0.22792105376720431 0.029585422948002819 0.31198103725910192 0.028370221145451072 0.079881854355335249 3.5489834547042851 0.0088107436895370501 281.50000000000006 0.022463192231953148 0.099975254386663451 0.10567979142069818 108.50000000000001 0.59092384576797496 -0.016704629175364968 -0.12325291335582732 0.53249716758728038 0.046399697661399848 0.045327123254537589
decision_type=2 2 2 2 2 2 2 2 2 2 2 2 2 2 2 2 2 2 8 10 2 2 2 8 2 2 2 2 2 2
left_child=1 2 4 8 -1 -6 25 -8 9 10 26 13 15 14 -12 -11 -15 19 24 20 -4 -22 23 -13 -19 -7 27 28 -2 -28
right_child=3 -3 17 -5 5 6 7 -9 -10 12 11 22 -14 16 -16 -17 -18 18 -20 -21 21 -23 -24 -25 -26 -27 29 -29 -30 -31
leaf_value=0.066708025019275863 0.10876558218144552 0.060714827542683203 0.084510634234586296 0.092068199866390657 -0.14386590614633391 -0.059472063082695294 0.084083203015855201 -0.11967260761124124 0.094500411371459189 0.078181083810386243 0.060621206743595279 -0.023213168812570299 0.12335145221965541 -0.032314385112323776 -0.016668961090800693 0.09151811633037113 0.11463969156210463 -0.03175512208497426 0.076117237738675056 0.076843185825001825 0.11046871455102192 -0.010555855935230285 0.20519913578051346 0.081140289189752648 0.065086984844649753 0.046276327037023661 0.078458815054869346 0.068545286488469345 -0.037189587770691278 -0.00058383999221418793
leaf_weight=124.89290948183782 97.675405653214739 590.16792432017701 165.49742194865973 1901.0937330421846 1.6734566660234147 6.3184311220552472 14.247110899887726 0.95029875575619449 299.79871442347576 375.80028568622413 87.815233049529411 4.2688550147225888 34.104862540727936 10.269472724192722 8.3716654623749474 514.5806802230436 2.030532567935551 6.9097948088058265 456.84000843106162 230.89766884046412 116.64926884333033 2.7407624614536408 2.1789322818037808 76.556701726854271 8.3247151290979655 6.2834334919305084 375.24317255171309 39.6598657135537 1.9374003252116825 6.4424091153487089
leaf_count=9295 3929 39319 12721 81150 117 645 711 79 2320 20700 6541 3151 1424 1028 783 25063 163 5965 21616 5964 8813 693 344 3691 925 793 23239 3408 130 822
internal_value=0 0.0719259 0.0777185 0.0881734 0.058885 0.0257346 0.0359442 0.0713423 0.0843503 0.0824914 0.0762892 0.0608106 0.087271 0.0468706 0.0538942 0.085889 -0.00805464 0.0806614 0.0743438 0.0864437 0.0942248 0.10769 0.0790301 0.0756288 0.0211631 -0.00674471 0.0819788 0.0952819 0.105927 0.0771247
internal_weight=0 1732.39 1142.23 3837.83 154.366 29.4727 27.7993 15.1974 1936.73 1636.94 712.45 191.491 924.486 108.487 96.1869 890.381 12.3 987.86 472.075 515.785 284.887 119.39 83.0045 80.8256 15.2345 12.6019 520.958 139.273 99.6128 381.686
internal_count=285542 107656 68337 177886 11640 2345 2228 790 96736 94416 47229 15701 47187 8515 7324 45763 1191 56697 28506 28191 22227 9506 7186 6842 6890 1438 31528 7467 4059 24061
is_linear=0
shrinkage=0.1


Tree=145
num_leaves=31
num_cat=0
split_feature=86 86 175 86 17 3 215 88 208 179 93 210 178 163 80 128 120 229 92 97 12 195 63 2 183 6 113 139 99 158
split_gain=29.7383 12.736 4.58641 4.25513 4.06281 4.43035 4.3954 4.99124 3.92773 4.52045 3.22818 3.26699 3.26608 3.52759 4.14025 4.21401 3.20188 3.58117 3.17123 3.11539 3.08242 3.96549 3.06757 3.01628 2.99071 3.20867 4.27083 4.83817 4.18071 4.51867
threshold=-1.0720092654228208 -0.76440677046775807 0.60585469007492077 -1.1817154288291929 14.500000000000002 0.33150184154510504 0.075157761573791518 0.76850980520248424 0.036900375038385398 -0.34880447387695307 -0.037277217954397195 0.13706084340810779 -0.065935559570789323 -0.6692233383655547 0.14400921761989596 0.0052347336895763883 0.035051429644227035 -0.029305744916200634 0.89997997879982006 -0.096892092376947389 136.50000000000003 0.062896169722080245 -0.044609747827053063 0.11159003898501398 -0.088013201951980577 0.11143790930509569 1.0000000180025095e-35 -0.032496070489287369 -0.094328779727220521 0.18333333730697635
decision_type=2 2 2 2 2 10 2 2 2 2 2 2 2 2 2 2 2 2 2 2 10 2 2 8 2 8 2 2 2 2
left_child=3 2 4 16 -2 6 19 -8 10 18 11 -5 -12 -14 15 23 -1 -18 -10 -6 21 -16 -17 -15 -3 26 27 28 -26 -30
right_child=1 24 -4 8 5 -7 7 -9 9 -11 12 -13 13 14 20 22 17 -19 -20 -21 -22 -23 -24 -25 25 -27 -28 -29 29 -31
leaf_value=0.051069742009477885 0.080205315246345554 0.081224208987413199 0.11184539038828574 0.089552713899169925 0.059591491542950695 -0.13673160074797874 0.066915490536028799 -0.12901133915080285 -0.13219403947836886 0.087886248633626082 0.081198286726232999 -0.073990777059651014 0.064103036144918385 0.051121126417572375 -0.026969551071438433 0.13424797457633555 0.014498080662793487 0.092013225126676104 0.080181590669591019 0.11236053096214137 0.087407697060721198 0.10975143589793718 -0.061565640498537057 -0.01373676362561628 -0.078979402871576454 0.098832058640962228 0.094750994077075851 0.084607478263268421 -0.06204792032164802 0.067815113179670455
leaf_weight=265.89054649661432 2702.9376226211825 221.1207136589278 49.08047936647381 54.7952437278758 12.629744848768039 0.79317251219344953 9.3521279630958798 1.5101955794492585 1.6074188089494321 127.46522510276611 53.027274984226892 1.2493154740450325 114.62843827520828 25.193688942110839 6.3918906266012545 0.88393378157115776 7.0664549571879425 38.066884275238181 1.2497590627310726 98.011731430051555 20.025937260491446 3.1752654366068782 8.4287664449554978 10.023186203372004 2.5692624830398954 686.35225799534078 626.38740135175306 303.27576557402415 2.99325762149829 25.554599410943638
leaf_count=20820 145553 11818 2282 3095 541 446 588 158 343 8805 3077 210 3243 3329 1583 313 841 1939 76 3178 682 507 1229 1783 267 27753 25082 14543 510 1214
internal_value=0 0.0857164 0.0815384 0.0641519 0.0810119 0.0988397 0.100377 0.0396757 0.0706187 0.0850979 0.0642828 0.0859071 0.0592703 0.0531099 0.0361092 0.0168425 0.05525 0.0798768 -0.0392987 0.106337 0.0651005 0.0184071 -0.0429796 0.0326617 0.0921441 0.0936101 0.0898796 0.0807545 0.0432027 0.0541989
internal_weight=0 4742.57 2874.32 739.169 2825.23 122.297 121.504 10.8623 428.145 130.322 297.823 56.0446 241.778 188.751 74.1227 44.5296 311.024 45.1333 2.85718 110.641 29.5931 9.56716 9.3127 35.2169 1868.25 1647.13 960.78 334.393 31.1171 28.5479
internal_count=285808 233933 152746 51875 150464 4911 4465 746 28275 9224 19051 3305 15746 12669 9426 6654 23600 2780 419 3719 2772 2090 1542 5112 81187 69369 41616 16534 1991 1724
is_linear=0
shrinkage=0.1


Tree=146
num_leaves=31
num_cat=0
split_feature=93 171 103 157 170 93 13 206 215 170 6 162 112 146 158 128 164 125 157 92 170 136 6 124 118 165 120 131 99 73
split_gain=17.0633 7.71307 6.46428 4.84076 5.5838 5.38018 4.74374 4.49356 4.44649 4.44261 6.62094 4.72996 5.07364 4.51186 4.43117 5.19316 4.32602 4.99957 5.98552 6.7228 5.73291 4.56852 4.6486 4.31219 4.24539 4.11862 4.19862 4.45775 4.05557 3.93218
threshold=0.073032509535551085 -0.072184044867753969 0.10236249491572381 0.55760741233825695 0.44120077788829809 0.36676779389381414 0.070988629013299956 0.13547877222299579 -0.0069506890140473834 0.47280773520469671 0.14947716146707538 203.13194274902347 -0.0097600836306810362 0.027313111349940303 1.0000000180025095e-35 0.042765228077769286 2.9700856208801274 0.034385487437248237 0.48972110450267797 0.89463597536087047 0.55222621560096752 0.0029361554188653831 0.07175032421946527 0.015198971144855024 -0.057732045650482171 90.500000000000014 0.0042612955439835795 -0.036705704405903809 0.021986190229654316 0.13389356434345248
decision_type=2 2 2 2 2 2 10 2 2 2 10 2 2 2 2 2 2 2 2 2 2 2 8 2 2 2 2 2 2 2
left_child=2 29 7 4 6 -5 -3 9 -9 10 11 -1 28 -14 -6 -16 -11 18 19 -18 25 22 -21 -22 -12 -19 27 -27 -13 -2
right_child=1 3 -4 5 14 -7 -8 8 -10 16 24 12 13 -15 15 -17 17 20 -20 21 23 -23 -24 -25 -26 26 -28 -29 -30 -31
leaf_value=0.093330683463574093 0.085894323762549019 0.087819552832052589 0.078098346560863049 0.079124264333040151 0.027888945657903771 0.061103388281416163 -0.138606469927782 0.095661694724731849 0.14159789216243884 0.096628527575133405 -0.097188854623220952 0.090460826522152635 -0.078927923531304955 0.30398013745175539 0.063376330474891218 -0.013550395512213721 0.095621806810408619 0.08628711196781802 0.088445163445144692 0.13938385322682206 0.061111696698578466 -0.010176196603054792 0.024975329751214023 -0.0053647976552076027 0.12329673813653014 -0.0088304747526973103 -0.0011047183754807897 0.084069770679409669 -0.067923593223692805 0.055549527123099351
leaf_weight=545.78902868500734 637.83389672463989 73.700307656672067 656.20998468821927 657.34034230423185 52.124022219798803 221.49391537427255 0.93703350532837149 66.544028236500935 30.837045909151811 333.11905011337126 0.88212755613426352 13.166996915646452 4.132139735977943 0.33248845067828359 215.79656835307208 9.1476021478092644 23.805966449078369 263.91354752381972 1337.7947413137967 5.4395806540553595 90.669452721868083 16.98752201604475 10.231495721391184 10.934858418000202 87.13933579654838 6.0943143129816226 10.517441033536668 33.877131387895133 1.8429767777106452 45.767867588288823
leaf_count=22825 45570 5298 37005 15628 9498 4837 352 3218 2900 26287 231 336 342 22 24513 1905 9311 12539 36313 2260 4098 6192 3846 992 3718 267 501 994 170 3587
internal_value=0 0.075346 0.0870595 0.0706147 0.0607001 0.0745824 0.0849769 0.0890913 0.110208 0.088356 0.0955754 0.0916028 0.0431765 -0.0504121 0.0541604 0.060248 0.0861557 0.0842285 0.0870991 0.0552068 0.0746076 0.0257469 0.0646876 0.0539574 0.121087 0.081281 0.0551133 0.0699056 0.0710138 0.0838627
internal_weight=0 1914.14 3550.26 1230.54 351.706 878.834 74.6373 2894.05 97.3811 2796.67 653.285 565.264 19.4746 4.46463 277.068 224.944 2143.39 1810.27 1394.26 56.4646 416.007 32.6586 15.6711 101.604 88.0215 314.402 50.4889 39.9714 15.01 683.602
internal_count=285555 111188 174367 62031 41566 20465 5650 137362 6118 131244 27644 23695 870 364 35916 26418 103600 77313 57922 21609 19391 12298 6106 5090 3949 14301 1762 1261 506 49157
is_linear=0
shrinkage=0.1


Tree=147
num_leaves=31
num_cat=0
split_feature=86 86 86 93 12 17 226 17 201 150 173 74 99 200 99 5 102 125 170 180 116 176 186 195 11 103 174 139 217 72
split_gain=32.0792 10.8779 5.31806 5.16548 4.11936 3.9642 4.2253 3.60353 4.55959 4.56905 3.46589 3.69603 3.46496 3.30545 3.29611 3.23817 3.13469 5.06967 3.94386 3.74913 4.9533 3.6293 4.15663 4.28586 3.09661 4.06434 3.81768 3.25698 5.57313 5.01184
threshold=-0.95708391070365895 -1.1529442071914671 -0.59688934683799733 0.34220205247402197 339.50000000000006 7.5000000000000009 -0.062519943341612802 10.500000000000002 -0.066906578838825212 0.02234684303402901 0.033165022730827338 0.22767145186662677 -0.087552413344383226 0.056481605395674712 0.14483734965324405 0.29520697891712194 -0.013110577594488857 0.036459520459175117 0.45828418433666235 -0.18045920878648755 0.010235442314296963 0.16102047264575961 -0.067017354071140275 -0.12800887227058408 0.053773585706949241 0.24853829294443133 -0.019444006495177742 0.010553525760769846 0.007612053072080017 0.013606071937829258
decision_type=2 2 2 2 10 2 2 2 2 2 2 2 2 2 2 10 2 2 2 2 2 2 2 2 10 2 2 2 2 2
left_child=1 -1 5 15 -4 24 7 10 9 -9 13 -12 -6 -7 -5 -3 17 21 -19 20 -18 -8 23 -23 27 26 -26 -2 -29 -30
right_child=2 3 4 14 12 6 16 8 -10 -11 11 -13 -14 -15 -16 -17 19 18 -20 -21 -22 22 -24 -25 25 -27 -28 28 29 -31
leaf_value=0.056153889099632419 0.07990112935439353 0.077686591503900657 0.09961230811942999 0.056117182414689354 0.032924607606888971 0.081881486281771124 0.098489584076530579 -0.049644847443217968 0.098847755311685492 0.1062944764352915 0.024823931268062288 -0.14640672515126715 0.085336963241695124 -0.032360560791093458 0.12217170583637911 0.13650732998519094 0.090319161890034694 -0.096082958859672926 0.05798182764890706 0.10576256566723284 -0.043189211831781017 0.10879698822631577 0.074416756474785475 -0.12222389413400164 0.085824538980340925 -0.053332326682682354 0.10309799342045851 0.078598246403938851 0.11446379255465484 0.08850269148877106
leaf_weight=372.08338478657447 1368.1348294127013 1060.347699978061 552.31945418566329 158.46699892676475 14.571952284173674 22.828405357608293 180.51485109692624 4.4193457923338419 55.276643467429381 3.2686735958845929 9.2434731733387689 1.4596456745030071 93.844010241642081 2.8487146842057873 7.9324930724426386 9.4425442145522975 9.6913269544140785 1.7728998355846695 26.456472475656369 294.6570767290674 3.8961216529683034 1.2284912117847855 22.047227704976422 2.3187559978916878 399.94168346680544 1.9480093341494455 188.14058326040777 291.36705306737758 114.66314718789386 211.57128623359995
leaf_count=28323 74490 61471 23835 11009 465 916 7959 555 1966 145 948 217 2137 239 357 1837 620 249 1311 11600 715 79 1150 348 13602 220 8173 17889 4001 9205
internal_value=0 0.0711444 0.0879424 0.0756564 0.096114 0.0862644 0.0932954 0.0743351 0.088812 0.016655 0.0492794 0.00147223 0.0782923 0.0692071 0.0592661 0.0782058 0.096767 0.0880495 0.048306 0.103394 0.0520364 0.0934929 0.0582521 -0.0422162 0.0845122 0.090873 0.0913507 0.0826222 0.08865 0.0976274
internal_weight=0 1608.27 3878.43 1236.19 660.735 3217.69 641.928 99.3449 62.9647 7.68802 36.3802 10.7031 108.416 25.6771 166.399 1069.79 542.583 234.339 28.2294 308.245 13.5874 206.109 25.5945 3.54725 2575.77 590.03 588.082 1985.74 617.601 326.234
internal_count=286031 102997 183034 74674 26437 156597 29017 4986 2666 700 2320 1165 2602 1155 11366 63308 24031 11096 1560 12935 1335 9536 1577 427 127580 21995 21775 105585 31095 13206
is_linear=0
shrinkage=0.1


Tree=148
num_leaves=31
num_cat=0
split_feature=86 86 93 86 13 17 177 79 178 138 146 101 184 47 118 189 208 175 198 175 135 209 90 109 144 6 159 12 148 85
split_gain=30.6379 10.6146 5.95052 4.50911 4.41832 4.3633 3.96862 3.96223 3.93883 4.75891 4.23099 3.9039 4.9079 4.87402 4.06611 3.86022 3.90226 3.70067 3.68095 5.6241 4.77915 4.00311 3.67208 3.65983 4.67223 4.22087 4.53124 3.61961 3.54394 3.52463
threshold=-0.92546641826629628 -1.1152490973472593 0.18408870697021487 -0.57369077205657948 0.033121138811111457 7.5000000000000009 0.039399906992912299 0.53197279572486889 -0.071873128414154039 0.032947639003396041 0.0079702730290591734 -0.10842555016279219 -0.11136342585086821 1.0000000180025095e-35 -0.0045762918889522544 0.21053631603717807 -0.038259057328104966 0.083884656429290785 0.047201545909047134 -0.074488345533609376 -0.020256647840142247 0.003587097162380815 2.077524065971375 0.01581576839089394 0.034972034394741065 0.16568627953529361 0.036408500745892532 271.00000000000006 0.030319718644022945 116.50000000000001
decision_type=2 2 2 2 10 2 2 2 2 2 2 2 2 2 2 2 2 2 2 2 2 2 2 2 2 10 2 8 2 2
left_child=1 7 6 5 8 11 17 -1 9 28 -10 12 13 -2 -14 -6 -17 -3 -16 20 21 -20 -13 25 27 26 -8 -25 -4 -24
right_child=3 2 4 -5 15 -7 23 -9 10 -11 -12 22 14 -15 18 16 -18 -19 19 -21 -22 -23 29 24 -26 -27 -28 -29 -30 -31
leaf_value=0.058583468614432845 0.099319605780224265 0.082918225425162292 0.088259403404443174 0.096219552208889447 0.07672097761786878 0.093980784043506196 -0.073539858664316074 0.14674911681423575 0.029329931698547057 -0.12152324201412712 0.073676954937127156 0.083341614723537447 0.087920130982342637 -0.02846502443006221 0.072420116620936864 -0.17052506967391176 0.034841882458208476 0.1128999969221421 0.10271324131242739 0.06243168673941505 -0.034392741706591068 -0.049746429279447807 0.090575938347401547 0.098535422180061907 0.0066705932013996355 -0.033170291489678649 0.065742369579545865 0.065274938941693048 -0.098559503237395096 0.1202775213026349
leaf_weight=494.49397849546722 100.76343253971436 636.23960990937042 40.476285201115843 537.03508116231887 219.45176400596301 591.97572280304485 2.3710624677859178 5.1503977538268364 75.409791552275237 1.1630325284531853 30.101122263023171 1314.198354530997 102.5516933845372 3.0760222462413358 186.122994172022 1.1516465063114081 4.7063764131576127 44.016775838986064 6.3190705804113367 63.198565288227996 13.17005248289456 2.3674482243895909 607.4247162266588 91.522449367381341 7.6999552435445358 4.6319863278058611 156.80909447719375 50.925131843321878 1.0415475602849245 42.766433593683814
leaf_count=37521 4120 34911 2537 21800 8357 27486 275 196 8693 173 2699 65157 5016 218 10087 84 278 2854 218 3282 1059 222 28851 5214 474 983 8681 2584 212 1449
internal_value=0 0.0719663 0.0765232 0.0877735 0.0657617 0.0862785 0.080566 0.0594923 0.0523507 0.077984 0.0419817 0.0844113 0.0763021 0.0955343 0.0709585 0.0745824 -0.00553183 0.0848582 0.0645442 0.0473095 0.00358363 0.0611615 0.0863827 0.0712661 0.0825435 0.0609295 0.0636677 0.0866448 0.0835727 0.0925296
internal_weight=0 1867.36 1367.72 3570.97 373.502 3033.93 994.216 499.644 148.192 42.6809 105.511 2441.96 477.569 103.839 373.73 225.31 5.85802 680.256 271.178 85.0551 21.8566 8.68652 1964.39 313.96 150.148 163.812 159.18 142.448 41.5178 650.191
internal_count=285691 116726 79009 168965 23033 147165 55976 37717 14314 2922 11392 119679 24222 4338 19884 8719 362 37765 14868 4781 1499 440 95457 18211 8272 9939 8956 7798 2749 30300
is_linear=0
shrinkage=0.1


Tree=149
num_leaves=31
num_cat=0
split_feature=86 86 86 93 132 222 226 81 178 17 101 90 157 157 125 117 161 184 99 159 104 105 187 159 210 190 63 163 156 157
split_gain=27.6235 8.70322 6.49419 5.08781 5.00663 4.69618 4.1698 4.14197 4.73105 3.986 3.92143 3.68504 4.81861 5.08612 6.22894 4.91477 4.60642 4.59623 3.95946 3.88456 3.7613 6.79724 3.68221 3.61964 3.59447 3.46138 3.45245 3.40911 3.34266 3.32231
threshold=-0.95708391070365895 -1.1817154288291929 -0.57369077205657948 0.18408870697021487 -0.014032116625458 -0.047506792470812791 -0.0020812401780858632 0.065395578742027297 -0.071873128414154039 7.5000000000000009 0.0033726042602211241 2.077524065971375 0.53660830855369579 0.57240715622901928 -0.0078013280872255555 -0.028367063030600544 3.9341038465499882 0.097147725522518172 0.19127815216779712 0.018054300919175151 -0.028181767091155049 0.10490912571549417 0.14293259382247928 0.34913644194602972 0.031640864908695228 -0.1161784455180168 -0.15700852870941159 0.9275929629802705 0.44529914855957037 0.50739806890487682
decision_type=2 2 2 2 2 2 2 2 2 2 2 2 2 2 2 2 2 2 2 2 2 2 2 2 2 2 2 2 2 2
left_child=1 4 9 -3 5 -1 10 8 -8 11 -5 29 16 14 -14 17 19 -16 26 -13 21 -21 -12 -20 -7 -26 -17 -11 -28 -2
right_child=2 3 -4 6 -6 24 7 -9 -10 27 22 12 13 -15 15 18 -18 -19 23 20 -22 -23 -24 -25 25 -27 28 -29 -30 -31
leaf_value=0.01170313124977432 0.071042413352872064 0.079839351510671952 0.097676749099266047 0.062527516382541046 0.050324794429030151 0.10318202024557988 0.078941650516701684 0.073194551500908853 0.028620946637326297 0.093389436869403486 0.093450043434898669 -0.047811124675410543 0.013779094540482668 0.089489252973632749 -0.0028274071224851515 0.11982161888854388 0.076944621475625447 0.097643101738981247 0.090653146319745165 0.12519529053348119 0.09861218513744846 0.40543423740621831 0.029654166582034763 -0.14046840236545674 -0.10056194567511978 0.062179812322218878 0.083561189326617338 -0.023486564848846654 -0.0026959079487504202 0.083372111003585617
leaf_weight=8.5379662304999311 256.27892721749799 908.73275233883669 554.14234615805935 124.92946648751968 242.2595240505384 47.71413636186935 24.951186017927284 68.714449685514865 74.381753924504665 654.64323813653141 106.57703576188806 1.5454402512098671 18.509835714558903 535.35172192152504 13.273701920836631 26.684173458713303 55.636315591000994 6.9307301730605095 1.2689603935286862 72.689526972209421 97.971826091829598 0.87594730387627251 9.8866709711064669 1.454094857079326 1.4999836896477052 10.154420362033305 58.881526010715788 2.505239235842736 4.8637511473825716 1484.1846398341604
leaf_count=1104 47544 52791 21753 7777 19250 2349 1525 4845 7079 26227 4575 359 1406 8168 837 679 8108 242 48 6911 13611 82 602 123 150 867 2711 3343 390 40048
internal_value=0 0.0721228 0.087661 0.0756692 0.0570513 0.0810485 0.0664136 0.0543185 0.0412609 0.0859758 0.0748337 0.084239 0.0894498 0.0851561 0.0675642 0.0763467 0.101976 0.031637 0.0860441 0.110022 0.111444 0.128532 0.0880344 -0.0327643 0.0910213 0.0412341 0.0896217 0.0929439 0.0769798 0.0815566
internal_weight=0 1628.34 3847.69 1318.17 310.166 67.9065 409.441 168.047 99.3329 3293.55 241.393 2636.4 895.938 667.218 131.867 113.357 228.719 20.2044 93.1525 173.083 171.537 73.5655 116.464 2.72306 59.3685 11.6544 90.4295 657.148 63.7453 1740.46
internal_count=285504 102914 182590 79194 23720 4470 26403 13449 8604 160837 12954 131267 43675 14604 6436 5030 29071 1079 3951 20963 20604 6993 5177 171 3366 1017 3780 29570 3101 87592
is_linear=0
shrinkage=0.1


Tree=150
num_leaves=31
num_cat=0
split_feature=93 88 103 159 11 171 191 124 197 124 125 220 170 140 182 178 75 217 166 113 68 115 230 70 93 7 137 198 105 163
split_gain=18.3304 9.58949 6.81005 5.92587 5.4681 5.42448 4.54704 10.0741 4.31891 4.28124 5.84521 4.13029 3.83928 3.83759 3.81052 3.76574 4.07588 5.02871 3.74944 3.7299 3.71817 3.65592 4.15624 3.4957 3.49455 4.10015 3.77142 3.4828 4.49183 3.4936
threshold=0.20066802203655246 0.81457769870758068 0.068924289196729674 0.66599261760711681 1.0000000180025095e-35 0.1005845069885254 -0.17485604435205457 0.065712474286556258 -0.011270220857113598 0.012208853382617237 0.041040737181901939 -0.15437377989292142 0.50584030151367199 0.012332560960203411 0.0030314264586195354 0.058580098673701293 0.19481340795755389 -0.093061622232198701 0.16701101511716845 -0.014356550760567187 41.38890457153321 0.047127155587077148 -0.14647594094276425 3.5000000000000004 0.21603171527385714 0.20559018105268481 0.030042980797588829 0.093314055353403105 -0.17015267163515088 0.99367931485176098
decision_type=2 2 2 2 8 2 2 2 2 2 2 2 2 2 2 2 2 2 2 2 2 2 2 2 2 10 2 2 2 2
left_child=1 2 6 -2 -3 8 7 9 24 10 -1 -4 -11 -10 -12 21 -17 -18 -6 -16 -7 27 -23 -19 25 -5 -26 29 -29 -8
right_child=3 4 11 5 18 20 15 -9 13 12 14 -13 -14 -15 19 16 17 23 -20 -21 -22 22 -24 -25 26 -27 -28 28 -30 -31
leaf_value=0.11349193262904018 0.079253460450922714 0.12372278583619234 0.03340336561245353 0.017228071976780734 -0.022007502580938879 0.055836293468180767 0.08713399230374301 0.17955552635241279 0.07316418873692937 0.084075192010801644 0.095049842762268688 0.081162588878139749 -0.0094196832826049549 0.1082207844102076 0.043846657051684453 0.085364499355791212 -0.035215797633654726 -0.12896217380617783 0.06030959028360941 -0.12218959836406121 -0.026415766305725771 -0.053655560627455523 0.10271035172553303 0.070865285098582823 0.069459271933723851 -0.22117692070701486 -0.0099502289798775873 -0.17400341014346665 0.098871643668098044 0.019990757363137091
leaf_weight=91.396061539987613 386.5685879089591 13.462585364452023 18.348359580890019 5.2886363483266896 5.7358757135270926 300.40003761865319 1604.493068984659 16.666665315768569 84.147995277172868 14.115676400178019 5.7861991952008776 1381.1834381181104 6.376039804643141 49.65099086307157 3.5142905913608047 544.29352018182874 4.7688296038413673 0.88173482724960095 156.69811265552471 2.1999408929650599 5.5982799052349028 1.7117715460426541 244.52628311265789 122.54603287676071 74.234867507248509 0.83533116557691744 6.5048785394924371 0.60441690418201588 311.93235901483467 7.7870244288967561
leaf_count=3926 30751 2501 1222 558 1193 7392 69608 253 6782 770 536 72531 1091 2842 242 28091 315 48 8128 259 663 163 11054 4590 7038 106 776 87 14544 7896
internal_value=0 0.0853729 0.0862917 0.0698511 0.0624787 0.0629497 0.0889913 0.106582 0.0749008 0.0967247 0.105037 0.0805364 0.0549841 0.0861732 0.037847 0.0881249 0.0815863 0.0655447 0.0574028 -0.0200762 0.0543315 0.0901503 0.101623 0.0694378 0.0575376 -0.0152912 0.0630616 0.0886825 0.0983439 0.0868097
internal_weight=0 4559.03 4383.13 913.23 175.897 526.661 2983.6 140.055 220.663 123.388 102.896 1399.53 20.4917 133.799 11.5004 2843.55 672.49 128.197 162.434 5.71423 305.998 2171.05 246.238 123.428 86.8637 6.12397 80.7397 1924.82 312.537 1612.28
internal_count=285956 229048 217226 56908 11822 26157 143473 7077 18102 6824 4963 73753 1861 9624 1037 136396 33044 4953 9321 501 8055 103352 11217 4638 8478 664 7814 92135 14631 77504
is_linear=0
shrinkage=0.1


Tree=151
num_leaves=31
num_cat=0
split_feature=93 88 93 81 63 129 163 5 97 220 151 4 200 148 8 151 206 2 83 65 186 124 186 230 85 224 172 9 220 187
split_gain=16.7035 9.56056 7.26749 6.0343 5.85814 5.37434 4.91334 5.56143 4.63595 4.41479 4.35707 4.11993 4.46119 4.28396 4.2308 3.81369 4.48235 4.17693 3.69777 5.15393 3.5988 4.83025 3.56677 3.72814 3.55367 3.54722 3.54553 3.70345 3.66077 5.02528
threshold=0.27116318047046667 0.81457769870758068 -0.087557617574930177 0.14595036953687671 0.46641315519809728 0.0081555866636335867 -0.24767301976680753 0.050423728302121169 -0.035534609109163277 0.12750633805990222 0.034079803153872497 0.12985546141862872 -0.088919270783662782 0.0013291987706907096 0.20769847184419635 -0.01083784783259034 -0.077617209404706941 1.0000000180025095e-35 5.5000000000000009 88.500000000000014 0.20173277705907824 0.0010332649690099063 -0.058069963008165353 0.05044971406459809 39.500000000000007 0.1095050945878029 -0.04207166284322738 0.079682540148496642 0.11007830873131753 0.12189663201570512
decision_type=2 2 2 2 2 2 2 10 2 2 2 10 2 2 10 2 2 8 2 2 2 2 2 2 2 2 2 10 2 2
left_child=1 2 5 -4 -5 26 20 8 -8 10 -9 18 13 24 -14 -3 -17 -18 25 -20 -2 -22 -6 -24 -13 -7 28 -28 -1 -30
right_child=6 15 3 4 22 11 7 9 -10 -11 -12 12 14 -15 -16 16 17 -19 19 -21 21 -23 23 -25 -26 -27 27 -29 29 -31
leaf_value=0.091354109914598469 0.064735455598166888 0.048901105788499447 0.085659761767141296 0.076948433126668839 0.076359919113301297 0.082347577092085789 0.085303384966129797 0.10264841444117322 0.0093536190693439374 -0.052980225274828534 -0.0075767103246795215 -0.034915442225083464 0.074686907031682417 -0.064171517042676623 0.0043259235256953793 0.11018534400413289 0.12458560651287845 0.052501215834040299 0.10453894311324159 -0.00038073711975087222 -0.08865697291193092 0.047844628319100746 -0.021195430269713662 0.068298982315247725 0.12470517353326582 0.03337361225786005 0.10171053038011522 -0.084174928200395308 0.03089886913046417 0.24891232461908006
leaf_weight=467.28327232681727 474.494729370698 93.432675458322365 2618.8529080409994 569.82980940336984 12.380871277051936 228.64086346120894 16.507836676366992 99.37984921865359 15.66181156605114 1.9560548535409896 3.7204416641015987 1.5321139778475359 15.286426186141396 1.5318020394752228 19.380769095788764 28.922910903838556 9.3913493898266989 55.802250728576837 118.7454951551349 4.8741060118322812 3.5050491159022377 9.9554553317411756 13.956205311228134 6.9842274211946451 15.557807018494712 15.812459511756513 557.88726563395244 1.0738685301757858 16.469100278188311 1.1298205372722794
leaf_count=20154 16059 7274 130911 33273 737 11122 5515 8363 7751 401 509 147 1311 220 1298 1434 1338 2886 4294 342 277 332 1367 317 574 653 23646 735 1229 382
internal_value=0 0.0853524 0.0862382 0.0835829 0.0745653 0.0920774 0.0679903 0.0847072 0.0483272 0.0958473 0.0986709 0.082545 0.0565574 0.0960355 0.0353514 0.063213 0.077421 0.0628852 0.0863074 0.100402 0.063289 0.0123003 0.0338105 0.00865349 0.110395 0.0791797 0.0959253 0.101353 0.0896679 0.044895
internal_weight=0 4874.76 4687.21 3222 603.151 1465.21 625.181 137.226 32.1696 105.056 103.1 421.362 53.2889 18.6217 34.6672 187.549 94.1165 65.1936 368.073 123.62 487.955 13.4605 33.3213 20.9404 17.0899 244.453 1043.84 558.961 484.882 17.5989
internal_count=284851 245644 232712 166605 35694 66107 39207 22539 13266 9273 8872 19961 3550 941 2609 12932 5658 4224 16411 4636 16668 609 2421 1684 721 11775 46146 24381 21765 1611
is_linear=0
shrinkage=0.1


Tree=152
num_leaves=31
num_cat=0
split_feature=86 86 86 173 93 142 75 157 193 204 121 233 119 208 168 170 159 30 170 103 82 196 157 0 190 209 219 110 10 222
split_gain=29.8701 7.37777 6.80177 5.01734 4.41624 3.7749 3.76282 3.70328 3.74438 3.68516 4.05733 5.44052 4.79504 4.49039 4.09233 3.7719 3.71527 3.66305 3.49997 4.54342 3.41043 3.36042 5.15951 4.44378 3.33332 3.33251 3.50771 4.78405 4.04715 3.68774
threshold=-0.92546641826629628 -1.1152490973472593 -0.76440677046775807 0.42309133708477026 0.4157418161630631 -0.0083179199136793596 0.016530054621398452 0.39523905515670782 -0.067559357732534395 -0.033164151012897485 0.032524175941944129 0.0838727541267872 0.017839756794273857 -0.16480810940265653 3.1070193052291875 0.41605599224567419 0.054243924096226699 1.0000000180025095e-35 0.47280773520469671 0.07279695570468904 0.055867666378617294 0.060537479817867286 0.45251888036727911 0.31530213356018072 0.23442223668098452 0.003587097162380815 -0.055236004292964928 0.046121796593070037 399.00000000000006 -0.1331851929426193
decision_type=2 2 2 2 2 2 2 2 2 2 2 2 2 2 2 2 2 2 2 2 2 2 2 10 2 2 2 2 10 2
left_child=1 -1 6 4 9 -5 -2 8 -4 10 13 14 -13 17 -12 -15 -16 -3 -9 -20 -6 22 23 24 -17 26 27 29 -29 -8
right_child=2 3 7 5 20 -7 25 18 -10 -11 11 12 -14 15 16 21 -18 -19 19 -21 -22 -23 -24 -25 -26 -27 -28 28 -30 -31
leaf_value=0.062683047891018293 0.077340196430340749 -0.072454049205144005 0.11295916172324171 -0.052642795922692415 0.058128071120833569 0.056205931614824567 -0.088327608120785037 0.10075048489167499 -0.013632580709897181 0.074622282130016329 0.0091968219323841759 -0.11440029121713365 0.060191271172329398 0.13932555505175792 -0.051707148245943801 -0.029313304671122177 0.082890046190159619 0.1271132995565783 0.09311088464313462 0.078591954990862328 -0.085322712399523312 0.10938007318966875 0.087604157417701126 0.2047639546771674 0.2802757078233265 0.092863070601125461 0.085546424588255149 -0.0051074780712132319 0.075814295308073584 0.080389231235517916
leaf_weight=522.16710492535799 595.0601759658332 2.9527659505565671 3.6603170956600479 5.0114556127416554 84.224964432491561 8.7472927544822578 1.3175784229683802 427.32750098311794 6.4604790246592056 805.85529833937858 8.710159213786822 2.9051631952718244 3.4306678613822896 16.492101334446488 2.0899438644529473 7.5693307227440965 109.43203904973404 1.3358233502367509 1172.4536877079724 264.07882317545773 1.6905716093124272 71.779440861570833 242.39946113428891 1.0398651678815438 0.36453025591754329 537.99060093496644 488.99077261595664 15.194578863967196 10.417944992012051 77.38073367481536
leaf_count=37815 31351 327 1969 313 5551 506 261 11853 5936 47388 2313 491 355 554 273 3277 5429 101 48899 12459 186 3219 8140 522 141 27118 23082 1683 190 3860
internal_value=0 0.0728035 0.088306 0.076644 0.0772508 0.0165591 0.0837774 0.0924777 0.032151 0.078728 0.0857602 0.0704524 -0.019864 0.0913936 0.0752117 0.0926775 0.0803677 -0.0102922 0.0928053 0.0904419 0.0553054 0.0902968 0.0848476 0.0103874 -0.0150889 0.0871634 0.0819951 0.0653472 0.0278076 0.0775645
internal_weight=0 1898.2 3600.33 1376.03 1362.27 13.7587 1726.35 1873.98 10.1208 1276.36 470.501 126.568 6.33583 343.933 120.232 339.645 111.522 4.28859 1863.86 1436.53 85.9155 323.153 251.373 8.97373 7.93386 1131.29 593.302 104.311 25.6125 78.6983
internal_count=285562 116901 168661 79086 78267 819 87545 81116 7905 72530 25142 8861 846 16281 8015 15853 5702 428 73211 61358 5737 15299 12080 3940 3418 56194 29076 5994 1873 4121
is_linear=0
shrinkage=0.1


Tree=153
num_leaves=31
num_cat=0
split_feature=86 86 93 103 157 79 170 69 213 102 163 68 179 182 157 17 212 205 93 130 119 5 108 1 55 180 157 86 17 171
split_gain=28.9625 12.9084 4.76587 4.2492 3.72817 3.73269 4.68356 3.88891 3.77433 3.64409 3.5647 3.44442 4.2154 3.73756 4.0396 3.52471 4.19278 3.68895 4.258 3.47219 3.88422 3.45348 3.44884 3.43663 13.0127 4.20024 3.63741 3.51367 4.10125 4.96691
threshold=-1.0984927415847776 -0.83693176507949818 0.30955286324024206 0.07279695570468904 0.38817958533763891 0.3081014752388001 0.43581336736679083 2.117678284645081 -0.12990547716617581 -0.032762741670012467 -0.63133573532104481 35.008522033691413 0.22382845729589465 -0.048380067571997636 0.65876379609107982 10.500000000000002 -0.04108032584190368 0.016206207685172561 0.049181310459971435 -0.03097207564860582 -0.008498294744640587 0.055175038054585464 0.047795254737138755 0.018019480630755428 1.0000000180025095e-35 -0.2496528550982475 0.40166802704334265 -0.55180472135543812 7.5000000000000009 -0.25681270658969874
decision_type=2 2 2 2 2 2 2 2 2 2 2 2 2 2 2 2 2 2 2 2 2 8 2 8 2 2 2 2 2 2
left_child=2 4 -1 10 -2 6 -6 9 -7 -8 -3 13 15 14 -9 -13 17 18 -17 20 -15 -18 -14 24 26 -26 -12 28 -25 -30
right_child=1 3 -4 -5 5 8 7 11 -10 -11 23 12 22 19 -16 16 21 -19 -20 -21 -22 -23 -24 27 25 -27 -28 -29 29 -31
leaf_value=0.067751184440617493 0.034033553600088619 0.086203902739354368 0.047924961305944591 0.08263668203075189 0.095124305932062378 0.027557675732255718 0.11220204639308425 -0.00356685480178787 0.088898157196568489 -0.0013384475137966177 -0.0045032015256006126 0.075625595416163219 0.1170932290120911 0.067402724839341246 0.086489854100821661 -0.067593321231846304 0.046752569067200184 0.093551928726290159 0.05540533699761907 0.076910427324648423 -0.0069232520021385198 0.10674601066443312 -0.078601234151196367 0.084293865318237682 0.11214555858301781 -0.13597707718239679 0.10364933251471529 0.10302235005857596 -0.076011215956353337 0.10454975244286702
leaf_weight=405.17567211706205 17.70329118914151 681.2369566841196 173.01843633190242 599.98942061989828 142.82673450964262 10.239270102586486 3.7308655774635335 15.408363013398231 493.20970735344099 11.664665422894014 3.1290329275899458 1148.5972055045838 35.215501453140178 18.107116560668377 7.3600936574366633 3.8495409738638982 10.592354416707847 14.783344251839251 10.468080326027119 116.05130370241727 11.494440676112161 101.91567278576622 0.92420154060891846 578.25824243393708 0.88044004683251875 3.0307749614230479 503.32079989968145 202.67559994868202 1.5390145270503115 150.98713987966971
leaf_count=28260 13353 19768 14459 28641 3985 700 544 2451 21909 2350 4199 57964 3469 738 76 396 1310 622 574 6372 974 2627 247 23154 36 1625 33957 5509 163 5080
internal_value=0 0.0854833 0.0618184 0.0900682 0.0797366 0.0801118 0.0778158 0.0761788 0.0876506 0.0261763 0.0921665 0.0766938 0.0784044 0.0632228 0.0255447 0.0774608 0.0923466 0.0585133 0.022335 0.0691126 0.0385416 0.101098 0.112089 0.0949798 0.101578 -0.0801231 0.102981 0.0913723 0.0881413 0.102728
internal_weight=0 4899.19 578.194 2725.05 2174.14 2156.44 1652.99 1510.16 503.449 15.3955 2125.06 1494.77 1326.35 168.421 22.7685 1290.21 141.609 29.101 14.3176 145.653 29.6016 112.508 36.1397 1443.82 510.361 3.91122 506.45 933.46 730.784 152.526
internal_count=285512 242793 42719 122132 120661 107308 84699 80714 22609 2894 93491 77820 67209 10611 2527 63493 5529 1592 970 8084 1712 3937 3716 73723 39817 1661 38156 33906 28397 5243
is_linear=0
shrinkage=0.1


Tree=154
num_leaves=31
num_cat=0
split_feature=86 86 86 149 130 231 170 156 156 195 3 182 12 112 109 224 95 187 4 105 7 208 5 112 194 4 219 191 76 105
split_gain=29.5086 10.2382 6.8379 3.80573 5.15602 4.01133 3.7772 3.76979 3.75403 4.92244 3.72201 11.5371 3.60333 3.49139 3.48338 8.00253 4.64508 3.88049 3.47769 3.44239 3.65344 3.39967 3.34807 5.18815 4.75341 3.39058 3.30591 3.23587 3.19768 3.18241
threshold=-0.91503310203552235 -1.135358929634094 -0.76440677046775807 -0.025813994929194447 -0.019165636040270325 -0.0019678313983604308 0.45467460155487066 0.503086417913437 0.019324122928082946 0.15668568760156634 0.49074074625968939 -0.15497444570064542 182.50000000000003 -0.016322339884936806 -0.037581296637654298 0.1095050945878029 -0.044143954291939728 -0.14257068186998365 0.028991596773266796 -0.028323901817202565 0.28919860720634466 0.11811084300279619 0.052805855870246894 0.039396785199642188 -0.055851804092526429 0.07662947848439218 0.025296232663095001 -0.084088716655969606 0.27543103694915777 0.10490912571549417
decision_type=2 2 2 2 2 2 2 2 2 2 10 2 8 2 2 2 2 2 8 2 8 2 8 2 2 10 2 2 2 2
left_child=1 22 7 4 5 19 -4 -2 9 -5 29 -12 13 -7 15 17 -17 -8 21 -3 -21 -19 23 24 -1 -26 -9 -28 -11 -6
right_child=2 3 6 8 10 12 14 26 -10 28 11 -13 -14 -15 -16 16 -18 18 -20 20 -22 -23 -24 -25 25 -27 27 -29 -30 -31
leaf_value=-0.0048274518405679052 0.085443522716240797 0.14090826166682341 0.10341845332589934 -0.027813055568133141 0.10511871237765165 -0.1392373213820349 0.10591801024196588 0.078727621902311307 0.075688698449948966 0.2029468724234027 1.6607502742751543 0.19472663046325747 0.052787684590250565 0.03631163304532152 0.092614644043432476 0.095323058489136678 -0.080928156575538465 -0.067939342115648879 0.076088082047182967 0.079772397303792736 -0.066079557045931755 0.11091994134000152 0.063322196484158697 -0.067550653391969848 0.019762897445069406 0.085403433921112201 -0.03215266459492571 0.054860912301699288 1.1214551591119446 0.068309544311787901
leaf_weight=13.456443865895606 1513.1397205203987 9.0425250608573133 286.21426349784633 6.0366766625600112 127.09108541009937 2.0996200813767727 49.084072680902636 91.696939750920137 1317.4267245085757 0.62628482989020984 0.060815147167886607 0.45755849493354972 23.009909937874568 2.46066908864168 1411.331804460038 2.1586256486602906 4.8661005122773977 3.2916047446624352 119.79362980654969 22.697572835638088 1.8580111029405078 1.5693924087254343 388.54558696511936 4.3792938388219218 11.490737917375553 24.968009985924482 4.8108425418322431 38.286856902851468 0.040344211772662675 28.812866414339396
leaf_count=3364 80432 517 10124 8145 5920 636 1048 1721 67669 602 48 393 880 645 62326 116 447 1962 4912 1037 308 200 21345 1126 4505 2500 194 783 25 1743
internal_value=0 0.0734735 0.0887173 0.0773229 0.0895793 0.064963 0.092842 0.084016 0.0753089 0.000663605 0.0992054 0.366719 0.0366934 -0.0445135 0.0909406 0.0778706 -0.026768 0.0821015 0.0727235 0.0881606 0.0687364 -0.0101939 0.0600718 0.0368115 0.0459676 0.0647154 0.0679912 0.0451479 0.258535 0.0983159
internal_weight=0 1984.56 3526.24 1541.72 217.591 61.1683 1878.31 1647.93 1324.13 6.70331 156.422 0.518374 27.5702 4.56029 1592.1 180.763 7.02473 173.739 124.655 33.5981 24.5556 4.861 442.84 54.2945 49.9152 36.4587 134.795 43.0977 0.666629 155.904
internal_count=285673 121408 164265 88568 12127 4023 81135 83130 76441 8772 8104 441 2161 1281 71011 8685 563 8122 7074 1862 1345 2162 32840 11495 10369 7005 2698 977 627 7663
is_linear=0
shrinkage=0.1


Tree=155
num_leaves=31
num_cat=0
split_feature=86 86 86 159 141 220 93 160 69 90 167 212 159 126 6 98 195 132 157 175 182 133 179 160 74 192 69 139 217 122
split_gain=28.2384 10.4043 7.2248 4.13713 5.20414 5.0265 3.90991 3.8836 4.85008 4.10151 3.92259 5.68865 4.37741 4.24326 4.13866 3.8824 3.87562 3.72835 3.66638 4.23917 4.17064 4.91457 3.65042 3.7163 5.81645 4.49966 3.86802 4.14085 3.68554 3.62467
threshold=-0.95708391070365895 -1.1817154288291929 -0.76440677046775807 0.33021739125251776 0.045251742005348213 -0.034073591232299798 0.4514176100492478 1.0000000000000002 2.1663956642150883 2.077524065971375 2.5000000000000004 0.0092593594454228895 0.054243924096226699 0.0065495278686285028 0.14947716146707538 -0.0086213643662631494 -0.13575528562068936 -0.0010012745042331515 0.510900378227234 -0.017612827010452744 -0.1114361174404621 0.013067854568362238 0.34043772518634802 1.0000000000000002 0.54904305934906017 0.051780657842755325 2.1681507825851445 -0.032496070489287369 0.059583755210042007 0.048233414068818099
decision_type=2 2 2 2 2 2 2 2 2 2 2 2 2 2 10 2 2 2 2 2 2 2 2 2 2 2 2 2 2 2
left_child=1 17 7 4 18 -6 22 8 -2 -10 12 14 15 -13 -12 -9 -8 -1 19 20 -3 -22 23 25 -25 26 27 -5 -27 -23
right_child=2 3 -4 6 5 -7 16 10 9 -11 11 13 -14 -15 -16 -17 -18 -19 -20 -21 21 29 -24 24 -26 28 -28 -29 -30 -31
leaf_value=0.069957574634748901 0.10516412010547325 0.12489949816666723 0.092271230560414197 -0.093456592594656038 0.080166822466738216 -0.036011157999010522 -0.090169986192646684 0.068023085895923929 0.080956669620048993 0.094281568010663119 0.089282210521053756 -0.027716860187973959 0.081204644104374182 0.07294653756026695 -0.03099332543594013 -0.018107935854511009 0.051853503856120801 0.047225427453196356 0.095188226769952616 0.098691284816585345 0.0051714031335717498 0.1206483351699998 0.11724713574832038 0.066440294019252263 -0.042176784790956962 0.084577758554083574 0.075579494709076239 0.051390691957784208 0.12206543376869375 -0.055446502572817913
leaf_weight=114.11920226737584 130.03264060338051 5.5999831185747544 1858.6564381938438 2.066036490314672 8.4622649239470302 6.6510669017302453 1.9960279131546474 14.210402657769238 807.00956743838549 323.64337645930266 27.560110071621811 12.233947581858503 623.71717346050787 6.3667799248113388 3.1922944568013909 8.2842744604290584 51.401274347164644 196.18325100752963 224.46941670995784 25.743318763870093 21.562240616817693 7.5493067731458705 19.434051990319404 316.53915354071125 5.0081730294209583 162.32072209361786 374.89210826025089 44.132820823256907 31.279182840507701 1.3830373498858533
leaf_count=7391 6932 673 80839 295 538 1240 264 697 37972 13050 3466 2555 33917 912 716 1041 3138 16199 7787 4856 6255 1465 1627 20499 487 7862 17168 3480 1136 449
internal_value=0 0.0720508 0.0878066 0.0759495 0.0862298 0.0290393 0.0728786 0.0835647 0.0868743 0.0847709 0.0775663 0.0503927 0.0796416 0.00673887 0.0767968 0.036303 0.0465446 0.0555856 0.0892487 0.0676884 0.0455766 0.0310099 0.07435 0.0734596 0.0647486 0.0780163 0.072215 0.044913 0.0906345 0.0933827
internal_weight=0 1620.79 3814.91 1310.49 301.421 15.1133 1009.07 1956.25 1260.69 1130.65 695.565 49.3531 646.212 18.6007 30.7524 22.4947 53.3973 310.302 286.307 61.8379 36.0946 30.4946 955.672 936.238 321.547 614.691 421.091 46.1989 193.6 8.93234
internal_count=284906 102809 182097 79219 23263 1778 55956 101258 57954 51022 43304 7649 35655 3467 4182 1738 3402 23590 21485 13698 8842 8169 52554 50927 20986 29941 20943 3775 8998 1914
is_linear=0
shrinkage=0.1


Tree=156
num_leaves=31
num_cat=0
split_feature=93 103 171 63 191 2 112 157 156 226 157 126 182 100 216 170 159 105 98 97 76 204 90 202 93 6 157 94 175 107
split_gain=17.2439 10.8507 6.36213 5.71743 6.42817 4.66737 4.25807 4.20666 4.43855 4.51548 5.35751 6.23712 4.57886 4.54103 4.37603 4.33962 4.02054 3.9391 4.31742 3.79732 6.92266 4.6761 5.00088 3.78642 3.56991 6.43416 3.82624 4.08298 4.19764 4.69129
threshold=0.14279911667108539 0.10236249491572381 -0.029621206223964688 0.33389289677143102 -0.17485604435205457 0.032522473484277732 -0.023879033513367173 0.33334015309810644 0.15821565687656405 0.082814104855060591 0.51441779732704174 -0.011941849719732998 0.015640464611351493 0.18764290213584903 0.18588202446699145 0.44120077788829809 0.66599261760711681 0.0062965941615402707 -0.060983166098594659 -0.025172507390379902 0.044610282406210906 -0.13527136296033856 1.4275210499763491 -0.10571052134037016 0.48828677833080297 0.077143486589193358 0.64017945528030407 0.019363489933311943 -0.090265255421400056 0.025597654283046726
decision_type=2 2 2 2 2 10 2 2 2 2 2 2 2 2 2 2 2 2 2 2 2 2 2 2 2 8 2 2 2 2
left_child=1 3 -2 7 5 -5 23 -1 15 10 11 12 17 14 -12 -9 19 18 -10 20 21 -4 -23 -3 26 -26 27 -18 29 -29
right_child=2 6 16 4 -6 -7 -8 8 9 -11 13 -13 -14 -15 -16 -17 24 -19 -20 -21 -22 22 -24 -25 25 -27 -28 28 -30 -31
leaf_value=-0.031614641104334082 0.08198712671226864 0.11435733537396826 -0.058104965191342499 0.13027535302032109 0.071709805910543323 0.030900702153592859 0.069898639986587172 0.11624058417317736 0.15494155920002012 0.1033998741616554 0.089285403711553968 0.04428927694194449 0.044763741693415557 0.05801450424421304 0.036298685817804321 0.093966311721149318 0.067057130462676223 0.12990732696884147 0.048011733317724486 0.08786658435071712 0.08208828713499644 -0.06472937986578163 0.055116159946715898 0.080733455740684468 -0.069950308999711983 0.051503274098391907 0.072110500131793195 -0.058477014419820672 0.047382768615677202 0.060025212284696039
leaf_weight=2.8326079727594324 512.82374253119065 38.953779614199448 4.5131430557153172 31.973810745928404 303.4261554095624 5.5461058489577217 481.06869646871007 100.76245888199833 4.8921681517022106 177.82638284980931 1912.004559151751 62.242314386710405 17.591154119065322 48.960671000533694 15.714511209827831 662.89249508285707 107.79332859760245 26.816651925823862 16.54937851233808 152.68963187803558 102.16917702446449 3.7172269647276144 54.973020114799056 238.83489370446807 5.4945962874676324 21.15803847072857 260.53038631250638 8.5087875371004866 80.096375715342447 5.5001934749016064
leaf_count=3079 41835 2051 455 527 17036 367 28863 6603 629 6241 40732 9669 3040 1172 486 67438 6838 2245 2272 8556 5470 339 4268 13658 388 642 3475 476 6177 246
internal_value=0 0.0863998 0.0732773 0.0888194 0.0765382 0.115586 0.0755908 0.0901927 0.090306 0.0880981 0.0868053 0.0669861 0.0884396 0.0880896 0.0888535 0.0969053 0.0677434 0.10436 0.0724092 0.0764953 0.0659961 0.0399829 0.0475256 0.0854485 0.0620518 0.0264649 0.0641029 0.0537699 0.0385501 -0.0119508
internal_weight=0 4148.89 1319.97 3390.03 340.946 37.5199 758.857 3049.09 3046.25 2282.6 2104.77 128.092 65.8494 1976.68 1927.72 763.655 807.144 48.2582 21.4415 318.062 165.373 63.2034 58.6902 277.789 489.082 26.6526 462.429 201.899 94.1054 14.009
internal_count=285273 206108 79165 161536 17930 894 44572 143606 140527 66486 60245 17855 8186 42390 41218 74041 37330 5146 2901 19088 10532 5062 4607 15709 18242 1030 17212 13737 6899 722
is_linear=0
shrinkage=0.1


Tree=157
num_leaves=31
num_cat=0
split_feature=86 86 93 86 170 17 108 173 79 219 125 163 179 173 3 212 197 170 163 7 120 198 68 20 81 8 230 153 113 108
split_gain=30.3148 13.8686 6.07582 4.36087 3.89169 3.76873 3.68193 3.67033 3.63988 3.62222 3.53852 5.94087 4.64952 3.47985 3.59898 3.37016 3.27317 3.17933 3.13352 4.87973 3.11792 4.1747 3.43812 3.07964 5.2379 3.5918 3.69376 3.08297 3.06278 3.02252
threshold=-1.1529442071914671 -0.82172638177871693 0.34220205247402197 -0.57369077205657948 0.47715282440185552 8.5000000000000018 -0.082361843436956392 0.27029463648796087 0.3081014752388001 0.14024414122104648 0.044039031490683563 -0.095937658101320253 1.0000000180025095e-35 0.32280251383781439 0.1434624716639519 -0.04108032584190368 -0.12325291335582732 0.43581336736679083 -0.27379539608955378 0.1863425895571709 0.0074209158774465331 -0.084150124341249452 34.994052886962898 1.0000000180025095e-35 1.0000000180025095e-35 0.16457153856754306 0.039007922634482391 0.025318769738078121 0.010894690640270712 -0.015141063835471867
decision_type=2 2 2 2 2 2 2 2 2 2 2 2 2 2 8 2 2 2 2 10 2 2 2 2 2 10 2 2 2 2
left_child=4 2 8 5 16 -3 15 20 17 18 -7 -12 -13 -8 -15 -5 -1 -2 -6 -20 22 -22 -4 25 -25 26 27 -16 -21 -11
right_child=1 3 7 6 9 10 13 -9 -10 29 11 12 -14 14 23 -17 -18 -19 19 28 21 -23 -24 24 -26 -27 -28 -29 -30 -31
leaf_value=-0.010888559272250032 0.09301789122704332 0.086510972997147773 -0.036741365351759779 -0.16145848444355837 0.051380319385788159 0.10210722450628347 0.10306392050224999 0.0057630802025264603 0.088781542225621693 0.13669187529998822 0.088873814394419881 0.060771103812054299 -0.087901484989527295 -0.071325039929091436 -0.055344177145721055 0.061986647627081198 0.07555120876160247 0.078265614996514521 -0.011879041783686435 0.088286612583774182 0.00051846018812474668 0.089995222325664564 0.061357890535551088 -0.054848362845264301 0.078004429401129852 0.10049009758264266 0.10831814666106035 0.07165005406000953 -0.023392631648734813 -0.0076413659155353635
leaf_weight=4.5769739288998599 160.78645869274692 1613.2046250961516 3.6657829273523239 0.99868443459945444 215.84237489060888 300.45502477042032 447.32461295835083 10.030971446941747 574.57712526901514 7.749442643467205 44.017576948761416 4.9919208778553621 3.6354313985630142 1.4897291003180715 4.3903085653719227 2.0827028993126069 102.14118423386947 1598.1938539600517 20.734033922415392 11.250714540555689 5.6150790570422933 73.076229437856341 140.61906487942542 3.9782436108871471 11.682618774593719 77.264499706718198 5.2818546781709301 3.3858925363601884 3.1413211460153425 1.7851198060750428
leaf_count=485 7045 76933 473 50 8458 12164 18979 2068 28455 293 1102 614 842 546 305 121 7016 93853 8708 1792 811 3479 8111 135 343 1077 148 91 1281 342
internal_value=0 0.0855101 0.0803339 0.0907732 0.05576 0.0885592 0.0985765 0.0649364 0.0818713 0.049171 0.0979169 0.0740017 -0.0018772 0.099182 0.0830245 -0.0104324 0.0718439 0.0796141 0.0468726 0.0191739 0.0675984 0.0836105 0.0588655 0.085194 0.0442566 0.0922921 0.0437846 -4.86911e-05 0.0639106 0.109669
internal_weight=0 5090.75 2566.56 2524.18 367.221 1966.3 557.879 233.007 2333.56 260.503 353.1 52.6449 8.62735 554.798 107.473 3.08139 106.718 1758.98 250.968 35.1261 222.976 78.6913 144.285 105.983 15.6609 90.3226 13.0581 7.7762 14.392 9.53456
internal_count=286120 257745 144295 113450 28375 91655 21795 14942 129353 20874 14722 2558 1456 21624 2645 171 7501 100898 20239 11781 12874 4290 8584 2099 478 1621 544 396 3073 635
is_linear=0
shrinkage=0.1


Tree=158
num_leaves=31
num_cat=0
split_feature=86 86 17 93 193 188 110 147 229 103 107 86 225 6 179 159 122 85 226 127 228 175 81 167 39 172 66 216 108 97
split_gain=29.1037 12.7375 6.5352 3.91644 3.82359 3.81158 5.87732 4.87525 4.53454 4.45665 4.00812 3.67652 4.55163 4.05606 3.95432 3.65145 3.68573 3.55381 3.86627 4.2978 4.43749 4.13806 3.53291 5.35412 5.1977 4.60678 3.66076 3.50531 3.84281 3.47306
threshold=-1.0720092654228208 -0.6793040633201598 7.5000000000000009 0.18408870697021487 0.0085321185179054754 0.11429221555590631 0.01577235292643309 -0.00075819817720912386 0.014369877055287363 0.21396795660257342 0.091032207012176528 -1.1817154288291929 -0.027013568207621571 0.14222503453493121 -0.31312882900238032 0.44675092399120336 -0.060202682390809052 66.500000000000014 -0.043523421511054032 0.032211501151323325 -0.024130011908709999 0.042717751115560539 0.14595036953687671 1.5000000000000002 1.0000000180025095e-35 1.0000000180025095e-35 2.6309621334075932 -0.028325404971837994 -0.047599762678146355 -0.053477888926863663
decision_type=2 2 2 2 2 2 2 2 2 2 2 2 2 10 2 2 2 2 2 2 2 2 2 2 2 2 2 2 2 2
left_child=3 2 5 11 -4 -2 7 8 10 15 29 12 13 -1 -14 -8 -17 -3 19 -19 -21 -22 -6 24 -24 -25 -27 28 -9 -7
right_child=1 17 4 -5 22 6 9 27 -10 -11 -12 -13 14 -15 -16 16 -18 18 -20 20 21 -23 23 25 -26 26 -28 -29 -30 -31
leaf_value=0.015540310045850823 0.083244401584747441 0.091308527008536033 0.084331692122979002 0.057393028995107009 0.10231889633654126 0.091093840793428194 0.093272997744586639 -0.081253095766810945 -0.010163037423316309 -0.018330266922931812 -0.095020474234551344 0.079240556103697193 -0.034891481808404505 0.096361123775710628 0.073200593639291586 0.12218431583248174 0.069926488452723645 0.09789288281184981 0.10768190604507613 -0.018825677555279252 0.084451061874369987 -0.13038244735854729 0.11705323407097962 0.070534907104440048 -0.041407274281807405 -0.11583921578072831 0.026770680079050826 0.081338755135892227 0.051276483017367015 0.031415720183398492
leaf_weight=32.708815423189208 2307.7936852761522 723.39480630264416 350.76258314118627 336.28108902266285 346.83707613700983 18.060485695988859 161.2733639571984 2.4114624196954564 16.262169894890576 4.4910476150876084 1.7686891403686775 258.10334785077066 3.4904633386940978 7.6645905990449128 111.3945041490133 14.459726644743567 202.60546583505072 75.820467975074962 346.84628192666128 6.7337975058735564 19.688758712493385 0.93936405077511054 26.063494476623877 16.981038768305442 2.2485790285882095 2.7148406030371444 5.3415757826978734 78.632067256729897 23.597575771839956 21.197007546795248
leaf_count=3241 126617 29151 18035 23749 13520 815 5542 270 1617 234 175 16534 399 750 7149 333 7792 3422 14884 554 805 75 871 1195 213 290 465 4045 1418 1529
internal_value=0 0.0866001 0.0836534 0.0654067 0.0919534 0.0814684 0.0739447 0.0579739 0.0345233 0.0807001 0.0522363 0.0719261 0.0597664 0.0308835 0.0699165 0.0818756 0.0734076 0.0956492 0.102626 0.0856326 0.0516591 0.074668 0.0986339 0.0746769 0.104468 0.0409893 -0.0212858 0.0708125 0.0389888 0.0588708
internal_weight=0 4776.93 3603.5 749.643 750.949 2852.55 544.759 161.929 57.2884 382.83 41.0262 413.362 155.258 40.3734 114.885 378.339 217.065 1173.42 450.029 103.182 27.3619 20.6281 400.187 53.3495 28.3121 25.0375 8.05642 104.641 26.009 39.2575
internal_count=285689 233867 184976 51822 34589 150387 23770 9869 4136 13901 2519 28073 11539 3991 7548 13667 8125 48891 19740 4856 1434 880 16554 3034 1084 1950 755 5733 1688 2344
is_linear=0
shrinkage=0.1


Tree=159
num_leaves=31
num_cat=0
split_feature=86 86 86 17 175 171 75 13 159 217 156 229 151 201 180 5 0 152 110 172 199 71 164 201 124 175 157 10 88 193
split_gain=35.334 10.5792 8.98413 5.68049 4.30102 4.14756 3.84268 3.5566 4.88896 3.65556 3.47821 3.6242 3.77338 4.0887 3.49538 3.49472 4.42549 5.38005 3.97167 3.91693 4.10461 3.46795 3.45148 3.41641 3.39372 3.39084 3.87839 3.38771 4.06027 4.91051
threshold=-0.93582496047019947 -1.1817154288291929 -0.6793040633201598 7.5000000000000009 0.042717751115560539 -0.25681270658969874 0.028370221145451072 0.03382310830056668 0.50885450839996349 0.050383582711219795 0.15170694142580035 0.06476814299821855 -0.006212051957845687 -0.19939821213483808 -0.079403091222047792 0.07435046881437303 0.12249999865889551 0.030793557874858383 -0.065612476319074617 0.1073465868830681 -0.071746382862329469 0.17694497108459475 0.89587974548339855 0.14178527146577838 -0.036962248384952538 -0.15759430080652234 0.65876379609107982 399.00000000000006 0.67325720191001903 0.039149591699242599
decision_type=2 2 2 2 2 2 2 8 2 2 2 2 2 2 2 8 8 2 2 2 2 2 2 2 2 2 2 10 2 2
left_child=1 -1 3 4 6 -6 7 8 9 22 14 15 13 -13 -8 18 17 -17 -12 -20 -21 -16 -2 -9 25 26 -18 28 29 -3
right_child=2 27 -4 -5 5 -7 10 23 -10 -11 11 12 -14 -15 21 16 24 -19 19 20 -22 -23 -24 -25 -26 -27 -28 -29 -30 -31
leaf_value=0.054355571671414527 -0.13913665501326325 0.071329974280321617 0.095524473700652993 0.094310930015835223 -0.1235487622560342 0.095566667902098432 0.11215500965649768 0.080529067568135076 0.076847998597532594 -0.0064357603386766722 0.02443829960619251 -0.086567582190698641 0.11115258442573042 0.080381617416208431 0.089269417013541921 -0.07782774584028436 -0.090966448270740893 0.079155060146122266 0.099605700335343925 -0.036276486226453138 0.074602006449934186 -0.0034875000140267677 0.056419236979667081 0.03801168776960847 0.069226773770648065 0.097815253097337448 0.12084245417910336 0.068531877841911323 0.080293005795198782 0.0083335497354756656
leaf_weight=310.03373145628802 0.91702180440284919 44.011288708228335 1180.4925521023624 516.38742372344927 0.86686567901187928 249.7029368958722 82.282044060124804 621.26049181979556 104.91251990324878 12.424602180739155 9.1184716970274149 1.5157201264155435 74.674883734538525 45.595043610586799 162.89782853290899 4.286369259527417 2.0647904898360134 4.4492426047181652 147.86268493642365 3.6647309138897972 37.528275393789045 4.1329672537958677 57.131216531978907 19.49187373309428 288.80870088127085 71.590459962695604 1.4871357951778916 551.72358144780446 840.11013925177747 17.212861912121298
leaf_count=23638 79 3824 49126 22950 421 12409 7537 21773 10835 1558 798 53 1818 1691 16955 585 80 347 5870 283 1163 621 6325 1433 7094 1589 5 14614 68007 2203
internal_value=0 0.0711253 0.0883231 0.0849564 0.0825515 0.0948086 0.0808046 0.075782 0.0631641 0.042793 0.0851563 0.0815106 0.0971715 0.0750103 0.0952848 0.0781696 0.0724641 0.00212711 0.0888993 0.0920084 0.0647377 0.0869743 0.0533299 0.0792357 0.0741523 0.0930836 -0.00228538 0.0747034 0.0784811 0.0536188
internal_weight=0 1763.09 3705.55 2525.05 2008.67 250.57 1758.1 816.138 175.385 70.4728 941.959 692.647 121.786 47.1108 249.313 570.861 372.687 8.73561 198.174 189.056 41.193 167.031 58.0482 640.752 363.951 75.1424 3.55193 1453.06 901.334 61.2242
internal_count=285684 112286 173398 124272 101322 12830 88492 42003 18797 7962 46489 21376 3562 1744 25113 17814 9700 932 8114 7316 1446 17576 6404 23206 8768 1674 85 88648 74034 6027
is_linear=0
shrinkage=0.1


Tree=160
num_leaves=31
num_cat=0
split_feature=93 103 88 63 190 3 225 134 3 213 93 11 0 97 138 109 157 219 182 82 102 204 4 187 218 186 178 12 153 192
split_gain=18.0251 9.91249 7.88042 5.23794 4.27954 4.34245 3.76693 4.85144 4.22461 3.88589 3.5666 4.0477 3.50085 3.42977 3.34686 3.34563 3.25568 5.62923 4.70095 4.54997 4.04814 4.72672 4.11572 4.03949 3.93714 3.45808 3.91836 3.37068 3.95286 3.37587
threshold=0.28821231424808508 0.10236249491572381 0.69899111986160289 -0.40591825544834131 -0.23987071961164472 0.23876593261957171 0.074385546147823348 -0.022389692254364487 0.25782012939453131 -0.15375690907239911 0.10129794478416444 0.035576667636632926 0.47442455589771276 0.025924819521605972 0.01658097188919783 0.060818733647465713 0.51441779732704174 -0.046729533001780503 -0.019379682838916775 0.050423728302121169 0.15168116241693499 0.0173404710367322 0.15411606431007388 -0.14839477092027661 0.060488093644380576 0.026434508152306083 -0.078239738941192613 224.50000000000003 -0.029532106593251225 0.26440531015396124
decision_type=2 2 2 2 2 10 2 2 10 2 2 10 10 2 2 2 2 2 2 2 2 2 10 2 2 2 2 10 2 2
left_child=1 2 10 -4 5 -5 9 -8 13 -2 -1 -12 16 -9 -7 -13 17 23 19 25 22 -22 -20 -3 -21 -19 -27 28 -18 -30
right_child=6 12 3 4 -6 14 7 8 -10 -11 11 15 -14 -15 -16 -17 27 18 20 24 21 -23 -24 -25 -26 26 -28 -29 29 -31
leaf_value=0.094010727402142266 0.14835771104246995 0.096052514533804548 0.10056170146120263 0.12558983806950708 0.081262330190707222 0.088876782438520541 -0.039161312461408124 0.06933782307595962 -0.02294364229276713 0.068249584242434033 0.091742566899272196 0.069982216782573728 0.14452194501221502 -0.064340288908080065 -0.017100640163745597 -0.040764861709015533 0.026027341382006561 0.055778074934893097 0.081821122550045408 0.17955532857060283 0.16925883278884801 -0.11378357662634959 -0.027618020400149396 0.018730769657638181 -0.11208592665963342 0.066808608467763334 -0.049742248269308349 0.070623157595980326 0.087786554237193795 -0.011696487176619454
leaf_weight=1668.7049668749737 6.1333726297154945 8.275109361743942 166.14650989214988 42.876332985783165 1943.781058748614 15.097501001370803 6.4907566742417648 43.169763254152031 6.4802631122208814 475.82987467896987 166.48289360672925 110.72067412463412 7.3606260752414974 2.0086113291745269 3.7127956901849748 2.7967086519547584 11.025572149253547 20.987532669738812 98.952370827675509 3.594401942801027 8.1466916794804511 0.63607269049316606 3.5600046073964213 36.817686241278125 0.53132064994724704 4.3718678498412364 8.4786623646673416 293.69563893660688 352.51014208235074 3.444373127364087
leaf_count=74543 367 785 8000 1156 101883 396 1100 2790 860 29491 9769 4242 2245 244 191 161 509 4615 12569 411 289 175 1825 6945 89 647 2759 4280 12272 271
internal_value=0 0.0856011 0.0876416 0.0834989 0.0820853 0.108016 0.0663682 0.0423254 0.0525639 0.069269 0.0922583 0.0818143 0.0758518 0.0633946 0.0679588 0.0672538 0.0752607 0.0638836 0.0732379 0.0428518 0.0836029 0.14876 0.0780206 0.0329203 0.141997 0.0307634 -0.0100906 0.0786075 0.0849973 0.0868239
internal_weight=0 4982.71 4120.32 2171.61 2005.47 61.6866 540.113 58.1494 51.6586 481.963 1948.71 280 862.388 45.1784 18.8103 113.517 855.027 194.352 149.259 37.9638 111.295 8.78276 102.512 45.0928 4.12572 33.8381 12.8505 660.676 366.98 355.955
internal_count=285879 251027 200341 111626 103626 1743 34852 4994 3894 29858 88715 14172 50686 3034 587 4403 48441 31109 23379 8521 14858 464 14394 7730 500 8021 3406 17332 13052 12543
is_linear=0
shrinkage=0.1


Tree=161
num_leaves=31
num_cat=0
split_feature=74 88 225 104 88 4 193 171 157 143 112 180 109 75 165 63 111 180 197 225 0 187 94 231 88 149 162 181 198 74
split_gain=17.5071 7.83029 5.8494 4.95783 4.20453 4.98166 4.3076 4.20452 4.4491 3.90071 3.81229 3.75707 3.68863 3.88763 3.76582 3.67266 3.54623 4.64023 4.56404 4.08891 3.63308 3.49641 3.47851 3.78892 4.54755 3.84594 3.81057 3.44692 3.4457 3.40221
threshold=0.26975052058696752 0.69899111986160289 0.16359712183475497 -0.066872995346784578 0.81457769870758068 0.10312600806355478 -0.14686479419469831 0.069433979690074935 0.46011552214622503 -0.01856637746095657 -0.07327044382691382 -0.2496528550982475 0.0035407220711931591 0.095695972442626967 81.500000000000014 -0.40591825544834131 -0.048248060047626488 0.022425603121519092 0.085780434310436263 0.06974379345774652 0.33480826020240789 -0.10504356771707533 -0.11344063282012938 0.027952511794865135 0.85800006985664379 0.028710818849503997 95.067607879638686 -0.10186534374952315 -0.067476697266101823 0.068278945982456221
decision_type=2 2 2 2 2 8 2 2 2 2 2 2 2 2 2 2 2 2 2 2 10 2 2 2 2 2 2 2 2 2
left_child=1 3 7 16 15 27 9 8 12 -7 -8 -10 13 -2 -14 -3 18 20 19 21 29 -1 -9 24 -24 -25 -26 -6 -21 -18
right_child=2 4 -4 -5 5 6 10 22 11 -11 -12 -13 14 -15 -16 -17 17 -19 -20 28 -22 -23 23 25 26 -27 -28 -29 -30 -31
leaf_value=0.12393162694408466 0.09687050084772042 0.098192428593755723 -0.05424964894124739 0.093036076914508048 0.089811535929697206 0.15641569914522793 -0.1147974932957905 0.10162627967355276 -0.032819674924174945 -0.042975390215228768 0.092084854955865061 0.084133959370886691 0.060056750450741839 0.010283050615523426 0.0016732467929410112 0.082346975834326153 0.10407062025278524 0.071029576902761002 -0.043657481468019947 -0.1307561601656719 0.029877144180502142 0.057758250155420021 0.06938256114667983 0.052635462289129999 -0.10915450015155273 -0.013870672737931012 0.1630331585903203 0.041041194381859318 0.041560576095219431 0.079831401198374466
leaf_weight=11.042729084125765 30.249649955630161 157.40388041542701 3.7036138233129341 1714.9450490598986 18.166387699472125 1.2545420184906104 0.9003108804272405 24.643265159814405 2.7674265410225862 4.5021394422351468 83.567184904887199 367.95014973895161 32.233042645994487 6.2580539042444334 16.809287551607326 2068.935643597079 154.70867230993701 159.87058417697574 4.2028037422428488 1.7912476943620275 8.8745800552667315 28.832554142369645 334.66840109576685 99.460573663366631 2.4563608793851013 9.52818836185679 0.65056759567596589 71.642616098012695 3.2951959779711606 92.544751050829518
leaf_count=446 6918 7735 826 78066 1044 29 136 860 287 367 4568 14302 7734 2203 6771 108203 6188 7860 429 87 1373 1592 11129 4184 155 612 38 5975 225 5152
internal_value=0 0.0862114 0.0711735 0.0905525 0.0822786 0.0675793 0.0841755 0.0716742 0.0785172 0.000477509 0.0898798 0.0832609 0.0579613 0.0820279 0.0400458 0.0834673 0.081396 0.0843976 0.0559979 0.0653132 0.0927417 0.0760838 0.0650509 0.0630335 0.0682646 0.0468213 -0.0521604 0.0509064 -0.0191227 0.0949981
internal_weight=0 4586.48 931.379 2180.11 2406.37 180.033 90.2242 927.675 456.268 5.75668 84.4675 370.718 85.55 36.5077 49.0423 2226.34 465.163 415.999 49.1645 44.9617 256.128 39.8753 471.407 446.764 337.775 108.989 3.10693 89.809 5.08644 247.253
internal_count=285494 229475 56019 101418 128057 12119 5100 55193 38215 396 4704 14589 23626 9121 14505 115938 23352 20573 2779 2350 12713 2038 16978 16118 11322 4796 193 7019 312 11340
is_linear=0
shrinkage=0.1


Tree=162
num_leaves=31
num_cat=0
split_feature=86 86 103 86 88 161 189 103 206 205 72 99 218 139 142 216 10 184 103 170 144 129 66 124 171 5 230 71 182 171
split_gain=27.6412 13.9678 5.24572 4.53398 3.76946 4.02776 3.65656 4.20286 3.68522 3.39092 4.86931 4.79036 3.37982 3.27776 3.60703 3.44631 3.26717 3.19557 3.31347 4.82744 5.2701 3.84501 4.22608 3.56971 3.58315 3.55107 3.52218 3.84553 3.27696 3.92259
threshold=-1.0720092654228208 -0.76440677046775807 0.068924289196729674 -1.1817154288291929 0.72879391908645641 2.6733570098876958 0.15722425282001498 -0.12181637808680533 0.13547877222299579 -0.098236143589019762 0.10084745660424234 -0.035742966458201401 -0.096399415284395204 0.0061351791955530652 0.007126197451725603 0.055961789563298232 1.0000000180025095e-35 -0.11136342585086821 0.015458685345947744 0.60105058550834667 0.02527637500315905 0.035455189645290382 2.6309621334075932 0.074630014598369612 0.55871063470840465 0.081939239054918303 0.10521414130926134 0.058397272601723678 -0.057006342336535447 -0.22589773684740064
decision_type=2 2 2 2 2 2 2 2 2 2 2 2 2 2 2 2 8 2 2 2 2 2 2 2 2 10 2 2 2 2
left_child=3 16 6 -1 -5 -6 8 -8 17 10 12 -12 -4 14 15 -10 -2 28 19 26 -21 23 25 24 -20 -23 -19 -28 -3 -30
right_child=1 2 9 4 5 -7 7 -9 13 -11 11 -13 -14 -15 -16 -17 -18 18 21 20 -22 22 -24 -25 -26 -27 27 -29 29 -31
leaf_value=0.055829730662155547 -0.10428768034369873 0.082538139392543897 0.17742800166414996 0.051990077249270308 -0.042335962359128815 0.077177423262384928 -0.13827479590950337 0.11177684406919285 0.12041296800778933 0.084999955623263526 0.12234399796823908 -0.067837013233843904 0.058431888382371761 0.14269851734077785 0.036456055508795902 -0.048103474031675447 0.081617117856402965 0.097433942388958819 0.086555943453646103 0.056830162692759506 -0.14466387327508845 0.034979930512801446 0.072588985445740092 -0.12975287569367464 -0.0098951010873142911 -0.12036188794773309 0.0037286890568136266 0.08989822164346592 0.039133273081718642 0.11167355805514685
leaf_weight=305.85579086769394 0.94565992739671756 62.540014791392878 2.713340338111272 78.71298358525803 2.8429514644303699 347.48148176623124 0.67538914453279986 141.44357302674439 28.580648773023771 362.08069769743634 1.748924378438687 5.4569476775204739 19.837247904179776 28.070130030274868 7.6908991448749466 1.2673983344297983 2851.6877610352362 584.23614464850095 392.46038520727564 10.776494747362447 1.475825427995004 3.501651184663845 11.772352812134498 0.77114900478863901 3.8898645809936161 2.5382993589601028 8.454200266105774 13.368682435955064 7.7603297704454226 189.11160934492113
leaf_count=23774 6749 2384 92 5935 370 21888 50 4885 998 15741 125 775 1357 943 630 427 145903 23976 18058 742 146 213 635 143 735 205 546 535 354 6406
internal_value=0 0.0859744 0.0926362 0.0651326 0.0717645 0.0762075 0.0953269 0.110589 0.09373 0.0823331 0.0498829 -0.0216785 0.0727498 0.116851 0.0975226 0.113257 0.0815555 0.0925565 0.0900652 0.0947042 0.0325597 0.0831524 0.0376996 0.0851912 0.0856094 -0.0303027 0.0959606 0.0565161 0.102479 0.108814
internal_weight=0 4744.86 1892.22 734.893 429.037 350.324 1500.39 142.119 1358.27 391.837 29.7565 7.20587 22.5506 65.6091 37.5389 29.848 2852.63 1292.66 1033.25 618.311 12.2523 414.934 17.8123 397.121 396.35 6.03995 606.059 21.8229 259.412 196.872
internal_count=285720 233753 81101 51967 28193 22258 63011 4935 58076 18090 2349 900 1449 2998 2055 1425 152652 55078 45934 25945 888 19989 1053 18936 18793 418 25057 1081 9144 6760
is_linear=0
shrinkage=0.1


Tree=163
num_leaves=31
num_cat=0
split_feature=74 88 103 3 119 120 198 171 63 222 158 131 72 10 65 13 80 194 63 197 80 83 98 111 227 63 69 175 102 35
split_gain=20.3727 11.2103 6.15499 5.09948 4.66099 4.18145 5.47629 4.33227 4.21607 4.57969 4.16966 4.10505 4.56936 4.0878 4.00782 5.45643 7.47249 4.56579 3.89333 3.88447 3.83888 3.81533 3.93982 3.8086 3.76797 3.63098 4.84266 3.4016 3.65353 3.39527
threshold=0.26975052058696752 0.73535346984863292 0.076344631612300887 0.11167800426483156 0.047763617709279067 0.0011485328432172539 -0.084150124341249452 -0.12833252549171445 0.16068677604198459 0.093976218253374114 1.0000000180025095e-35 0.013167848344892265 0.093121796846389784 603.50000000000011 110.50000000000001 0.025346565991640094 0.035190919414162643 -0.079611737281084047 0.051160620525479324 0.19782816618680957 0.35173201560974127 1.5000000000000002 0.10610998421907426 0.10015220567584039 -0.0047375136055052272 0.33389289677143102 135.80162048339847 -0.10978503152728079 0.015555955003947021 1.0000000180025095e-35
decision_type=2 2 2 8 2 2 2 2 2 2 2 2 2 10 2 8 2 2 2 2 2 2 2 2 2 2 2 2 2 2
left_child=1 2 -1 11 5 7 -7 -5 9 -9 -11 12 21 -6 -4 16 -16 -17 -18 25 -19 23 -23 -2 -21 -3 -27 28 -10 -26
right_child=3 19 14 4 13 6 -8 8 27 10 -12 -13 -14 -15 15 17 18 20 -20 24 -22 22 -24 -25 29 26 -28 -29 -30 -31
leaf_value=0.092269188973606808 -0.035791087613697585 0.08033637069260309 0.084125925064420695 0.07854785788849572 0.095838081787549573 0.029120026444216952 0.077004434968644508 0.065948711621755626 0.018659296649880957 0.086144740385162219 -0.03981399395609983 0.1400151050076642 -0.045161784858498782 0.044986430288902396 0.077145464862197824 0.11559684716679129 -0.11578934637429564 0.05829625876632305 0.056241449840202823 0.05718494236946188 -0.13172165631905169 0.1043393163999691 -0.036062325946984511 0.14411762828369096 0.1302408046460278 0.068593955101733009 -0.058532272675729927 0.042916325070909339 -0.13440317879976943 0.025002972253217577
leaf_weight=2211.0389561025654 4.3208797059924668 1253.7085329746478 726.51218775273696 81.177511602498441 88.856275323506907 25.996676775048059 293.82013078477166 184.27325792140442 5.300934423364196 3.9278162164628139 7.9423819654434737 15.87589730741149 2.672902621669663 19.229081624919672 6.6713508265902401 16.953219264625204 5.1008756288547374 33.630636311340595 1.7727650412903129 12.006996441469481 1.0979117050364937 45.68284507203856 2.0900707594632868 1.6170504352035093 35.780545257596032 241.57119084401347 3.0341296598749059 125.36543306038857 2.2094520795610606 3.3529955885073823
leaf_count=101133 1541 68565 38682 6089 3958 3023 12732 7144 486 176 562 1969 1619 681 569 406 440 1486 315 1050 39 8242 1059 190 1330 14509 966 6239 235 236
internal_value=0 0.0859952 0.08956 0.069608 0.0674104 0.0645409 0.0731121 0.0578581 0.0527535 0.0620705 0.00186541 0.0950972 0.0824498 0.0867912 0.0819941 0.0582491 0.0017527 0.0730559 -0.0714213 0.079087 0.052289 0.0888003 0.0981967 0.0132027 0.106189 0.0781619 0.0670171 0.0390002 -0.0263696 0.121224
internal_weight=0 4552.23 3002.78 910.359 838.099 730.014 319.817 410.197 329.019 196.143 11.8702 72.2596 56.3837 108.085 791.739 65.2268 13.545 51.6818 6.87364 1549.45 34.7285 53.7108 47.7729 5.93793 51.1405 1498.31 244.605 132.876 7.51039 39.1335
internal_count=285671 229726 143070 55945 41325 36686 15755 20931 14842 7882 738 14620 12651 4639 41937 3255 1324 1931 755 86656 1525 11032 9301 1731 2616 84040 15475 6960 721 1566
is_linear=0
shrinkage=0.1


Tree=164
num_leaves=31
num_cat=0
split_feature=86 86 86 83 160 167 83 162 93 204 172 155 202 227 212 209 189 6 7 188 207 147 205 177 66 222 132 93 159 194
split_gain=30.5902 8.82003 4.54273 3.89516 3.87225 3.7151 3.60858 4.42861 3.51778 3.37653 5.18985 3.32735 3.19342 4.43157 3.27391 3.07806 3.06608 3.56222 2.96604 5.63286 3.04913 3.017 4.24682 3.70631 3.19756 2.95962 3.29947 3.01282 3.24113 3.33198
threshold=-0.92546641826629628 -1.1817154288291929 -0.59688934683799733 7.5000000000000009 1.0000000000000002 2.5000000000000004 7.5000000000000009 41.934040069580085 0.34220205247402197 0.014776734169572594 -0.063118666410446153 -0.014073046855628489 -0.016928617842495438 -0.037449032068252557 -0.090023662894964204 0.053759111091494567 -0.096181910485029207 0.14947716146707538 0.04446640424430371 -0.15395978838205335 -0.18347018212079999 -0.01024906989187002 -0.15808726847171781 -0.27416829764842982 8.1257772445678729 -0.1331851929426193 -0.026276499964296814 0.064679164439439787 0.036408500745892532 -0.10433004796504973
decision_type=2 2 2 2 2 2 2 2 2 2 2 2 2 2 2 2 2 8 8 2 2 2 2 2 2 2 2 2 2 2
left_child=1 4 3 25 6 9 -1 -8 -3 16 -11 -12 14 -14 -9 -15 -6 -18 19 -5 -21 22 -20 -23 -24 26 -2 -27 -29 -30
right_child=2 8 -4 18 5 -7 7 12 -10 10 11 -13 13 15 -16 -17 17 -19 21 20 -22 23 24 -25 -26 27 -28 28 29 -31
leaf_value=0.056459278427436116 0.064269302714780638 0.07819855193365717 0.096486855171233635 0.14552897609001081 0.09049310382292737 -0.022962984651033337 0.011088976950056768 -0.092529636486643085 0.064425660496619547 -0.048129995482502137 0.021130835044261387 0.091680481221923543 -0.048632326272269849 0.092031396943296373 0.11577160810162311 -0.032138424696162723 0.032213232428720727 -0.044328325426429921 -0.11661591846737517 0.98033057979027627 -0.020324580146808852 -0.091154528056102663 0.11279484386533012 0.092062027610586711 0.006554273669334431 0.087209583274152735 0.11401455017045313 0.11184676527260816 0.094090160403327336 0.074800509660762821
leaf_weight=152.16695634191319 16.686056940777235 1366.139884745038 656.97591291856043 3.3010275915635816 6.2776249359703788 8.3146304578265227 7.500093364237272 0.7706596928333046 214.57364364307296 3.6294781033302561 8.4799718393387575 31.584595095935128 2.994703867540923 21.464383744418232 36.078670993980722 2.2011113718572224 26.196733585077709 7.9181231757324886 0.82940745006362604 0.030598753806202583 6.3214839837146979 1.1068072240077516 125.42507280431272 452.89981559189056 2.8984111341642338 1584.5194271842674 66.359887600951424 29.336860154274405 106.59058273561595 560.04890378855714
leaf_count=10897 1074 79157 26441 670 613 2431 489 132 14142 769 627 1403 506 1058 1345 261 2072 1063 171 44 5104 239 4234 15687 587 74832 2937 1209 5362 30108
internal_value=0 0.0732817 0.0889653 0.0872938 0.0580181 0.0408028 0.0651457 0.08376 0.076329 0.0471081 0.066375 0.0767481 0.092342 0.0659792 0.111415 0.0804824 0.0262664 0.0144478 0.0945416 0.0395635 -0.0155043 0.0954517 0.108937 0.0916154 0.110395 0.085476 0.104019 0.0848007 0.0793163 0.0778848
internal_weight=0 1896.29 3613.33 2956.35 315.578 92.4012 223.177 71.0096 1580.71 84.0865 43.694 40.0646 63.5095 26.6602 36.8493 23.6655 40.3925 34.1149 592.813 9.65311 6.35208 583.16 129.153 454.007 128.323 2363.54 83.0459 2280.5 695.976 666.639
internal_count=285664 116965 168699 142258 23666 8978 14688 3791 93299 6547 2799 2030 3302 1825 1477 1319 3748 3135 26736 5818 5148 20918 4992 15926 4821 115522 4011 111511 36679 35470
is_linear=0
shrinkage=0.1


Tree=165
num_leaves=31
num_cat=0
split_feature=86 86 17 86 93 92 170 128 198 116 199 222 158 221 219 209 222 232 85 146 3 13 168 107 180 149 138 13 138 92
split_gain=29.2752 10.514 5.87098 4.54731 3.7521 4.00029 4.14424 4.46735 5.20012 3.73637 5.25163 4.8729 3.58495 3.70838 3.5745 3.36922 3.35964 4.18751 3.25201 4.70604 5.77294 7.06157 4.20034 3.66408 3.50564 5.40102 3.64658 3.40772 4.83027 3.82005
threshold=-1.0720092654228208 -0.6793040633201598 6.5000000000000009 -1.1817154288291929 0.34220205247402197 0.84590578079223644 0.51944497227668773 0.055807622149586684 0.11890083551406862 -0.031675523146986954 -0.096296545118093477 0.012910011224448683 0.18333333730697635 -0.14745282381772992 -0.064320519566535936 -0.14949890226125714 -0.013696257025003431 0.013717762194573881 66.500000000000014 -0.016773656941950318 0.21081871539354327 0.03686997294425965 3.1070193052291875 0.0044875077437609443 0.17897325009107592 -0.021206691861152645 0.021922689862549308 0.022579822689294819 -0.028210272081196305 0.91145142912864696
decision_type=2 2 2 2 2 2 2 2 2 2 2 2 2 2 2 2 2 2 2 2 10 10 2 2 2 2 2 8 2 2
left_child=3 2 4 -1 5 6 7 -2 -9 10 -4 14 -5 -14 -12 -13 -16 -18 24 20 -20 -22 -21 -23 27 -26 -27 28 -3 -30
right_child=1 18 9 12 -6 -7 -8 8 -10 -11 11 15 13 -15 16 -17 17 -19 19 22 21 23 -24 -25 25 26 -28 -29 29 -31
leaf_value=0.055742164373992056 0.093954811177338504 -0.016495372684155348 0.0087402391753160918 0.053496352435816789 0.066215158104989652 0.081338856008412425 0.11737073438316521 0.0532040593452505 -0.18336297582521982 0.093451873827922041 -0.011902350367662301 -0.05887924707430181 -0.019527043637443158 0.077416375489179901 0.08340241586688614 0.10420808568672589 0.069179292112601223 -0.051149534693381786 0.096960829282724537 0.13030216189646246 -0.03219982632720083 -0.020915671572185743 0.10207390077257011 0.095396498058913121 -0.025340649811297453 0.090032789648054612 0.035923476693649453 0.095542045944187415 0.096693741432507654 0.042109497607313168
leaf_weight=303.90070378711414 103.29595904627786 5.694634052397304 10.922929120603156 86.297988285315682 150.77830480847479 2355.4493627153938 63.263154774186205 17.641533879798548 0.98085202084825951 778.9357221424965 6.1467598741835436 1.2940587241137098 3.992239580513341 340.04971899844668 38.39195882305512 60.012805943154603 7.5798104928089725 4.6764432612499149 92.917438697284297 66.5243696171583 8.2851989022765355 3.2111009310583567 253.89380895514864 17.301042529469214 5.4635923628202354 55.20412427492488 16.083703030632023 578.64158089611988 41.588836513667275 18.535746226136553
leaf_count=23640 5418 1439 1089 9586 9572 121334 4228 1210 115 35206 650 92 341 18211 2075 2559 598 294 4043 3595 925 169 10422 531 508 2254 1014 16444 4501 3112
internal_value=0 0.0865588 0.0838876 0.065107 0.0815419 0.0824515 0.0966033 0.0858271 0.0407439 0.0908411 0.0750793 0.0812148 0.0717202 0.0762915 0.0601108 0.100766 0.0688504 0.0232671 0.0948232 0.101576 0.0848366 0.0457165 0.107935 0.0771883 0.0906836 0.0704809 0.0778248 0.0930896 0.0715289 0.079866
internal_weight=0 4762.71 3599.37 734.241 2691.41 2540.63 185.181 121.918 18.6224 907.96 129.025 118.102 430.34 344.042 56.795 61.3069 50.6482 12.2563 1163.35 442.133 121.715 28.7973 320.418 20.5121 721.212 76.7514 71.2878 644.461 65.8192 60.1246
internal_count=285175 233397 184440 51778 141877 132305 10971 6743 1325 42563 7357 6268 28138 18552 3617 2651 2967 892 48957 19685 5668 1625 14017 700 29272 3776 3268 25496 9052 7613
is_linear=0
shrinkage=0.1


Tree=166
num_leaves=31
num_cat=0
split_feature=86 86 74 121 157 122 86 0 219 177 228 76 82 188 159 183 70 8 159 214 105 156 133 141 219 199 135 105 13 11
split_gain=29.9451 13.1083 4.35497 5.14456 5.00858 4.91028 3.8818 4.83179 4.57818 3.94657 5.61621 4.18594 3.97687 3.93126 3.62743 3.60302 4.15943 3.8679 3.61899 3.55166 3.70322 3.49682 3.49248 3.47786 7.30169 4.57969 8.17416 4.33271 4.11758 4.10971
threshold=-1.1152490973472593 -0.76440677046775807 0.26975052058696752 0.065809894353151335 0.55760741233825695 0.033102417364716537 -1.0720092654228208 0.33480826020240789 -0.039872813969850533 -0.0047043692320585242 0.096770662814378752 0.072595518082380309 0.073350071907043471 0.11429221555590631 0.054243924096226699 0.056314880028367049 7.5000000000000009 0.37767456471920019 0.61923387646675121 -0.072915460914373384 -0.15159573405981061 0.027149877510964874 -0.04867799021303653 -0.011134887579828499 -1.0000000180025095e-35 0.22859477251768115 -0.033669613301753991 0.0062965941615402707 0.012480529490858318 0.099808428436517729
decision_type=2 2 2 2 2 2 2 10 2 2 2 2 2 2 2 2 2 8 2 2 2 2 2 2 2 2 2 2 8 10
left_child=21 2 3 23 5 15 8 9 -4 10 12 22 -8 -9 -7 18 -17 -18 19 -5 -21 -1 -12 24 28 -25 -27 29 -2 -26
right_child=1 -3 6 4 -6 14 7 13 -10 -11 11 -13 -14 -15 -16 16 17 -19 -20 20 -22 -23 -24 25 27 26 -28 -29 -30 -31
leaf_value=-0.006835976471391514 0.020389222926685512 0.092250051949768833 0.0056408589499108985 0.073944185952251287 0.081260322653841977 -0.081775596501867429 0.071919877018588721 0.11506014228875899 0.066257532592796278 0.084727680768702129 -0.17858206752559419 -0.071311198177242005 -0.0082609774792378864 -0.052913193604535308 0.091274549879842515 0.11539572652366972 0.059031421457181481 -0.083497540721347657 0.052860815795684392 0.067137027486135037 -0.033049135400708585 0.06113313497973924 0.055231734897795384 0.089591890266110752 0.055813774050088208 0.12113345763580917 -0.062164266976593378 0.07778925120257503 0.089443980476909324 -0.15276409592679274
leaf_weight=7.6856750395390909 8.7870903733222558 1860.6781409903033 16.436204888988414 6.0457782969177769 284.42478288531174 1.2467651066353926 278.52277690253993 40.981694131242193 51.500509458690658 210.68525020038931 0.67853400364811101 4.5848600440840519 6.3263655834871306 1.442359805331306 42.594370586666855 13.694731144168143 18.00910242588316 2.1291075949432061 38.502788555548761 4.6487323116004999 17.879703205761245 499.458460255707 10.92100083726632 1197.999186454867 120.82830616105298 4.4538613032618741 5.3618355898813643 215.05375305803159 498.40958882756479 0.9521024387433944
leaf_count=7541 5572 81107 1294 726 4904 233 14580 3066 3368 11783 73 407 450 372 4539 1271 1990 437 5035 416 3888 30201 726 60463 8774 142 759 14026 17186 409
internal_value=0 0.0856137 0.0816344 0.0835103 0.0735536 0.0584106 0.074153 0.0769189 0.0515923 0.0742302 0.0668833 0.00958083 0.0701391 0.109349 0.0863533 0.0462707 0.0728769 0.0439626 0.0328508 0.00588795 -0.0123758 0.0601031 0.0415544 0.0855929 0.0806679 0.0890345 0.0210069 0.0692546 0.0882476 0.0541831
internal_weight=0 4963.78 3103.1 2481.02 429.176 144.751 622.08 554.143 67.9367 511.719 301.034 16.1844 284.849 42.4241 43.8411 100.91 33.8329 20.1382 67.077 28.5742 22.5284 507.144 11.5995 2051.85 844.031 1207.81 9.8157 336.834 507.197 121.78
internal_count=285738 247996 166889 130770 23439 18535 36119 31457 4662 28019 16236 1206 15030 3438 4772 13763 3698 2427 10065 5030 4304 37742 799 107331 45967 61364 901 23209 22758 9183
is_linear=0
shrinkage=0.1


Tree=167
num_leaves=31
num_cat=0
split_feature=86 86 86 159 11 132 176 0 107 4 109 157 233 17 187 157 10 228 103 165 223 222 132 152 181 207 186 8 131 108
split_gain=26.1798 9.19834 5.94363 3.58057 5.30833 4.60057 3.95327 3.94689 3.92324 4.69792 3.45621 6.76093 7.21526 3.3725 3.69438 3.28955 3.17652 3.40412 3.26772 3.17259 3.14036 4.22582 3.63041 3.75832 3.43167 3.0447 3.00271 4.21891 4.54375 3.55827
threshold=-0.93582496047019947 -1.1529442071914671 -0.57369077205657948 0.64198821783065807 0.08684339746832849 0.020404788665473465 0.12716944515705111 1.0000000180025095e-35 -0.036778384819626801 0.15849281847476962 0.08069030195474626 0.60610115528106701 -0.04645526967942714 8.5000000000000018 -0.19486258924007413 0.54883304238319408 440.50000000000006 0.078724764287471785 0.0091894962824881094 70.500000000000014 0.042600952088832862 -0.0090904766693711263 0.020404788665473465 0.0067807640880346307 0.41372723877429968 0.13677608221769336 0.0067764476407319316 0.18482562899589541 0.0016641488764435055 0.024515518918633464
decision_type=2 2 2 2 10 2 2 8 2 10 2 2 2 2 2 2 10 2 2 2 2 2 2 2 2 2 2 8 2 2
left_child=1 -1 13 4 8 6 -6 -5 9 15 26 12 -12 -2 -15 20 17 -17 -18 -4 22 -22 23 -3 -25 -23 27 28 -10 -30
right_child=2 3 19 7 5 -7 -8 -9 10 -11 11 -13 -14 14 -16 16 18 -19 -20 -21 21 25 -24 24 -26 -27 -28 -29 29 -31
leaf_value=0.059745342489280553 0.085321119485980812 0.10181101526628461 0.11061179321820991 -0.054524784969439605 0.071333139824938649 -0.10156938797180591 -0.056288490115993975 0.073240411831478919 0.108295343902476 -0.044783032702252007 0.092707483857751377 0.10935925404705955 -0.032009979195500547 0.014257186073365553 0.095157229924920372 0.10316780510863688 0.070555786471879961 -0.047715839378484212 -0.1515097312456947 0.093452265807661292 -0.10137223756473593 0.12130233411345495 -0.12621288532633693 -0.028667628545217212 0.47471447615305168 0.52623501329387523 0.095516763858291609 0.07042637217044935 0.063109242841529509 -0.10647278047065817
leaf_weight=372.49229006912992 2611.2626244174407 4.2133210841433897 147.18302804986706 2.425352306521062 13.973052355886812 2.3002667473783722 2.9374675025846946 782.17981612696599 72.601582054086805 4.0429563694636945 7.6961634525509899 13.681938441797682 11.676498149793931 5.7092004280815436 499.92359246614626 28.699946162405471 1.6931994372280308 1.5774584919981851 1.0887308126402784 402.12587237329399 0.87592492780140663 4.0731672235788201 1.7826835668256524 6.6517162424916592 0.13824314321186637 0.19455527643731318 300.15831803226916 151.87694884460211 13.423758828605967 1.3629404607222557
leaf_count=28300 129082 442 6125 7039 1223 483 596 31648 5903 610 609 182 1944 782 21816 825 28 113 25 15735 376 571 528 1526 39 21 17396 9670 1816 477
internal_value=0 0.0737434 0.0884589 0.0773863 0.0828954 0.0311158 0.0491644 0.0728455 0.0844806 0.058978 0.0869321 0.0555437 0.0175364 0.0867686 0.0942438 0.0672053 0.0859108 0.0953067 -0.0163513 0.09805 0.0327154 0.0986988 0.00617098 0.027619 -0.0184188 0.139762 0.0888555 0.080499 0.0980047 0.0474783
internal_weight=0 1803.82 3666.2 1431.33 646.721 19.2108 16.9105 784.605 627.51 55.0319 572.478 33.0546 19.3727 3116.9 505.633 50.9889 33.0593 30.2774 2.78193 549.309 17.9296 5.14365 12.786 11.0033 6.78996 4.26772 539.424 239.265 87.3883 14.7867
internal_count=285930 112390 173540 84090 45403 2302 1819 38687 43101 5104 37997 2735 2553 151680 22598 4494 991 938 53 21860 3503 968 2535 2007 1565 592 35262 17866 8196 2293
is_linear=0
shrinkage=0.1


Tree=168
num_leaves=31
num_cat=0
split_feature=74 88 171 88 208 218 184 177 149 10 189 103 189 191 81 183 142 230 186 108 129 220 118 90 199 121 88 172 227 99
split_gain=15.2623 7.73636 6.69031 5.11724 8.06575 4.75276 4.60609 4.42532 4.80958 4.35521 4.28443 4.5077 4.13775 4.13518 4.1007 4.53738 3.95776 4.54592 5.25922 4.0758 3.82403 3.81635 3.76447 3.81472 3.73251 4.05338 4.18124 3.59738 4.745 3.65241
threshold=0.18903904408216479 0.69899111986160289 -0.043722767382860177 0.76352873444557201 0.040003204718232162 0.11356235668063165 0.10350763797760011 0.15609982609748843 0.025621714070439342 173.50000000000003 -0.1164017654955387 0.10919729247689249 0.15722425282001498 -0.23276989907026288 0.30825792253017431 -0.04416301287710666 -0.028473231010138985 0.032798819243907935 -0.0089019462466239912 0.030633182264864448 0.02137071825563908 0.026496469974517826 0.011130988597869875 1.4514151215553286 -0.060318887233734124 -0.065802484750747667 0.67325720191001903 -0.19003179669380185 0.013479790184646847 -0.11175949126482008
decision_type=2 2 2 2 2 2 2 2 2 10 2 2 2 2 2 2 2 2 2 2 2 2 2 2 2 2 2 2 2 2
left_child=1 10 3 -2 5 20 -6 14 13 12 24 27 -10 -9 -3 -16 17 18 22 -19 -5 -21 23 -4 -1 26 -26 28 29 -12
right_child=2 7 16 4 6 -7 -8 8 9 -11 11 -13 -14 -15 15 -17 -18 19 -20 21 -22 -23 -24 -25 25 -27 -28 -29 -30 -31
leaf_value=0.080413150345465464 0.088234031265505275 0.085707767300346696 -0.028683419465678317 0.063158199428148237 0.10266191586086562 -0.04362356191522735 0.020447803703257748 0.12887933166696136 -0.07774141429018 0.055016432396074656 0.012051794525548179 0.076343584402215905 0.085746863111213822 0.073272358014530289 0.042410186349775308 0.08358998692952456 0.071796032112029035 -0.0065315657914200081 0.083739771107364525 0.086994624158418909 0.0063913761926639116 -0.11666285051537624 -0.0018902408538881395 0.088735274704715622 -0.017701248930292495 0.11237800413564694 0.1194480938908408 0.093543852159414229 0.099637989369349006 0.073030785531048345
leaf_weight=56.607297554068055 456.5671408079977 1654.4024964258567 3.4565486066253497 86.40710918999298 64.516828914727512 5.0975240865873266 7.6193864698980169 14.095122083077056 5.3265200395167076 29.704428197221205 10.662679926630743 227.007138004436 2.1823330517775048 261.11555454073755 47.369803899879685 61.489454639712335 723.13621630370869 20.680538252985119 52.443487961922187 10.129557437505353 13.755930840576182 1.0120585452568764 16.070935572808821 13.866998291081471 4.9635937117934628 197.80999585525024 4.0257924984348392 1241.6453482069012 74.599215447629149 124.64417096393413
leaf_count=3440 29254 84611 259 8080 4093 488 863 439 1278 780 557 12615 99 13958 2836 5672 34981 1406 2342 320 1461 122 1228 638 630 9660 167 56844 2443 4268
internal_value=0 0.0867716 0.0748771 0.0826338 0.0682204 0.0505685 0.0939781 0.0825271 0.0715579 0.0378163 0.0913083 0.0894476 -0.0302261 0.0761203 0.0844707 0.0656707 0.0690286 0.0520197 0.0639877 0.0197369 0.0553621 0.0684952 0.0329686 0.0653068 0.103165 0.109393 0.0437195 0.091497 0.0793892 0.0682254
internal_weight=0 4017.65 1474.76 633.964 177.397 105.261 72.1362 2075.69 312.424 37.2133 1941.97 1678.56 7.50885 275.211 1763.26 108.859 840.796 117.66 85.838 31.8222 100.163 11.1416 33.3945 17.3235 263.407 206.799 8.98939 1451.55 209.906 135.307
internal_count=285832 200297 85535 44239 14985 10029 4956 109673 16554 2157 90624 76727 1377 14397 93119 8508 41296 6315 4467 1848 9541 442 2125 897 13897 10457 797 64112 7268 4825
is_linear=0
shrinkage=0.1


Tree=169
num_leaves=31
num_cat=0
split_feature=93 81 182 93 186 102 63 171 180 115 168 106 205 205 156 1 185 55 56 92 12 157 63 90 8 157 7 156 70 187
split_gain=15.0462 9.00324 5.39594 5.22848 4.99547 5.19842 4.12894 3.93989 4.73222 4.81348 3.70578 3.91162 3.70404 3.93552 3.70275 3.64277 4.81218 4.51065 4.2975 3.62607 3.78801 3.55883 3.46008 3.5366 4.21163 3.45843 3.45127 4.00159 3.28849 5.49945
threshold=0.27116318047046667 0.14595036953687671 -0.042105430737137788 -0.080577716231346116 -0.058069963008165353 0.15168116241693499 0.33389289677143102 0.069433979690074935 0.01714806538075209 -0.054202662780880921 3.8238824605941777 -0.0081944148987531645 -0.043704465031623833 -0.055287513881921761 0.29198718070983892 0.0050808819942176351 0.13509769737720492 1.0000000180025095e-35 1.0000000180025095e-35 0.90856283903121959 362.50000000000006 0.48972110450267797 0.5599481761455537 1.4514151215553286 0.334251418709755 0.58398589491844188 0.06612021848559381 0.073350071907043471 9.5000000000000018 -0.1653717905282974
decision_type=2 2 2 2 2 2 2 2 2 2 2 2 2 2 2 8 2 2 2 2 10 2 2 2 10 2 8 2 2 2
left_child=1 3 15 -1 28 10 -5 8 9 -2 11 -6 13 14 -8 16 17 18 -3 21 -21 -9 23 24 -13 -16 -17 -28 -4 -30
right_child=7 2 4 6 5 -7 12 19 -10 -11 -12 22 -14 -15 25 26 -18 -19 -20 20 -22 -23 -24 -25 -26 -27 27 -29 29 -31
leaf_value=0.092928710529808278 -0.018627725674560669 0.09159366751896722 0.06088070059576059 0.08641104668354696 0.060461429195546527 0.12929532159233351 0.093127383461818092 -0.00042698045828356364 0.094286537331201792 0.070308106732244441 0.099425182198060083 0.065893207917447169 0.066609172130302569 0.1207510614412789 -0.013521113117083972 0.11829210814106544 -0.025979525100096108 -0.13667488867187835 -0.02628188968902382 -0.11676322978132905 0.059037621483655406 0.064876928957118191 0.022869093615180847 0.093467228817341735 -0.077956605100336307 0.068556633644512685 0.0017397444469724899 0.061470381665981205 -0.028306294667398115 0.096972491737995117
leaf_weight=1186.7566644840485 6.3940990177959511 105.56637758937188 140.31789077259447 2319.0155377850169 80.886113257732518 28.831217613805393 53.508724986727657 8.5403951619903165 107.0412907862576 126.14652306587891 130.63770826721452 20.069039441828355 212.14679290315507 29.116143738735218 6.8717523862706029 10.110271922053128 3.9551895272500124 0.8998431871534639 3.1862700100541579 2.2977875639353433 2.6268287528073415 364.83785975374167 8.2662958217149463 182.12119421468003 2.2650261410717567 20.296826926794893 11.757256985853926 243.63944749432267 3.7413862290250099 55.226494606473807
leaf_count=53452 1262 7894 10025 115674 6382 1036 3693 2315 10780 14759 3702 2228 12614 886 658 900 1177 301 384 232 35 10075 861 11236 212 310 2324 7537 214 2492
internal_value=0 0.0851808 0.0768889 0.0874153 0.0824026 0.0882062 0.0849378 0.0686135 0.0786477 0.0660176 0.0854138 0.0791796 0.0743257 0.0892358 0.077862 0.0674011 0.0823864 0.0862952 0.0881401 0.0622588 -0.0229897 0.0633832 0.0862971 0.0888615 0.0513046 0.0477967 0.0609891 0.0587207 0.0692081 0.0890238
internal_weight=0 4859.19 1031.48 3827.71 652.362 453.077 2640.96 617.885 239.582 132.541 424.245 293.608 321.94 109.793 80.6773 379.115 113.608 109.652 108.753 378.303 4.92462 373.378 212.722 204.455 22.3341 27.1686 265.507 255.397 199.286 58.9679
internal_count=285650 246192 58905 187287 38388 25657 133835 39458 26801 16021 24621 20919 18161 5547 4661 20517 9756 8579 8278 12657 267 12390 14537 13676 2440 968 10761 9861 12731 2706
is_linear=0
shrinkage=0.1


Tree=170
num_leaves=31
num_cat=0
split_feature=86 86 86 156 6 157 212 105 188 156 170 126 231 225 199 157 175 157 156 141 121 132 138 180 102 185 94 64 183 2
split_gain=29.086 8.06549 6.43051 4.11249 4.20337 4.01338 3.99025 5.38052 4.49826 4.01983 3.87431 3.87965 3.7528 3.73909 3.66196 3.54861 4.26291 3.50065 3.35735 3.32684 3.43524 4.41184 4.9045 3.68183 4.17972 3.30618 3.61175 3.20306 3.17956 3.16391
threshold=-0.93582496047019947 -1.0984927415847776 -0.6793040633201598 0.54616478085517894 0.14222503453493121 0.62632915377616893 -0.02314667962491512 0.11070729419589044 -0.04081097058951854 0.16749174892902377 0.56638106703758251 0.0046714774798601874 0.077899094671010985 -0.055712169036269181 -0.024699762463569638 0.39523905515670782 0.60585469007492077 0.45251888036727911 0.019324122928082946 0.021179481409490112 0.0075638671405613431 -0.022224520333111283 -0.01345452945679426 -0.17340207099914548 -0.030184729956090447 -0.1610550060868263 0.069546490907669081 4.5000000000000009 -0.097878549247980104 0.16491228342056277
decision_type=2 2 2 2 10 2 2 2 2 2 2 2 2 2 2 2 2 2 2 2 2 2 2 2 2 2 2 2 2 10
left_child=1 3 15 6 5 -5 7 8 9 17 18 28 -11 -6 -3 -2 -17 -1 -8 20 21 22 -16 24 -23 26 -21 -15 -12 -27
right_child=2 14 -4 4 13 -7 10 -9 -10 12 11 -13 -14 27 19 16 -18 -19 -20 25 -22 23 -24 -25 -26 29 -28 -29 -30 -31
leaf_value=-0.032256776092302937 0.041531260435452459 0.083667654064432481 0.094485358647516893 -0.098656182353103597 -0.032074155283994259 0.032022583146770374 -0.056998407027105263 0.020228915940771659 0.091126774369677976 0.0041921185043458124 0.1887757391768291 -0.070639739007232014 0.08655505803866001 0.11004911446727489 -0.017505833105012952 0.085273341412482162 0.11665219291253637 0.09717101607154166 0.063429038359788803 0.051335612430414762 0.085555565302929126 -0.059280424512858691 0.058068690439908859 0.079528205471986968 0.063596049735240343 0.066206122287903221 -0.10998892135087648 -0.041488082294655997 0.028054673784082319 0.0025151570859263078
leaf_weight=2.3027621220526298 18.218542702509694 533.93996093099145 1165.9744204481685 2.4673522037992361 2.5949054322409237 49.486086284341582 2.3339976022375586 15.359552565948887 138.44935480200002 18.296380671550654 1.3146167056329492 3.8849879159711227 7.9297962261089188 15.77531111919234 10.22108412722025 2460.9253459103261 44.069731637671339 22.591077842595041 283.99762248505158 3.4119803930666412 230.65146200831595 4.0934375307758719 53.712658266329129 191.84490414644671 8.5512784409916645 150.35865852354789 2.3391975198928776 1.5301392537148775 19.328315737609955 8.2262517001068982
leaf_count=1729 12599 27462 49068 182 79 1136 3774 1814 8456 1317 83 791 215 278 1018 110705 845 1277 19265 494 12673 411 3943 12871 1026 8466 211 46 2159 1000
internal_value=0 0.0727941 0.0883436 0.063199 0.0407856 0.0258164 0.0663213 0.0771542 0.0817665 0.0564159 0.0591799 0.0210365 0.0290955 0.0798653 0.0775033 0.0855056 0.0858254 0.0851985 0.0624474 0.0725419 0.0766055 0.0689148 0.0459866 0.0760833 0.0238176 0.0602012 -0.0142805 0.0966503 0.03829 0.0629023
internal_weight=0 1784.99 3689.19 587.642 71.8538 51.9534 515.788 204.929 189.569 51.12 310.86 24.5279 26.2262 19.9004 1197.35 2523.21 2505 24.8938 286.332 663.411 499.075 268.423 63.9337 204.49 12.6447 164.336 5.75118 17.3055 20.6429 158.585
internal_count=285393 112176 173217 42601 1721 1318 40880 14808 12994 4538 26072 3033 1532 403 69575 124149 111550 3006 23039 42113 31942 19269 4961 14308 1437 10171 705 324 2242 9466
is_linear=0
shrinkage=0.1


Tree=171
num_leaves=31
num_cat=0
split_feature=86 86 86 93 17 143 68 6 149 219 218 129 173 151 227 207 99 181 184 197 2 175 219 74 218 76 187 224 209 193
split_gain=27.2334 10.2205 6.09834 4.66822 3.74703 3.42151 3.12768 5.25846 3.75774 3.96871 3.94503 3.65838 3.63312 3.5771 3.49909 3.48001 3.36717 5.31456 3.10041 3.01947 4.43214 3.64965 3.35825 3.26021 3.39435 3.14833 4.176 3.17279 3.11775 3.05646
threshold=-0.92546641826629628 -1.1529442071914671 -0.6793040633201598 0.18408870697021487 7.5000000000000009 0.0042820216622203597 37.56804275512696 0.031009615398943428 0.0035860553616657857 0.14024414122104648 -0.10128793492913245 0.019356880336999897 -0.036619622260332101 -0.018743007443845269 0.076212253421545043 0.082310970872640624 -0.10164219141006468 -0.0074250679463148108 -0.10461028665304183 -1.0000000180025095e-35 0.0089832418598234671 -0.066288765519857393 -0.043839735910296433 0.66190478205680858 0.052513521164655692 0.18808962404727939 0.25354062020778662 -0.08865685015916823 0.099572774022817626 0.1645583584904671
decision_type=2 2 2 2 2 2 2 8 2 2 2 2 2 2 2 2 2 2 2 2 10 2 2 2 2 2 2 2 2 2
left_child=1 19 4 5 -2 -3 7 -7 11 10 -10 -9 15 18 16 -13 17 -15 -8 20 21 22 -1 -22 -25 26 27 -21 -27 -29
right_child=2 3 -4 -5 -6 6 13 8 9 -11 -12 12 -14 14 -16 -17 -18 -19 -20 25 23 -23 -24 24 -26 28 -28 29 -30 -31
leaf_value=-0.0047567142886296657 0.083840336271678806 0.07399061420979787 0.094580103767572907 0.068839080734842073 0.093641179555435272 0.13546770494745855 0.11000672303736965 0.11056312672244131 -0.041725333203506326 -0.02190269124961702 0.082927736516179601 -0.057233272578880084 0.088105360465747629 -0.032983237980564038 0.10958598124960189 0.097879500411219109 0.080044213418308044 0.087690689791836474 0.010298230842442323 0.021096883721720115 0.040787546148956445 0.051809853625341823 0.11987077322355288 -0.096214208929990261 0.18245535771635751 0.11118073792222201 -0.10803437502452802 0.064871338420553468 -0.0460012035708499 0.12457044677323292
leaf_weight=2.4488560965851347 1962.6528221014971 421.55459437013155 1163.8127218988557 441.88865439942992 486.84941335925237 26.428508063253901 4.1094981618211959 100.46908331212444 2.5835428852351461 3.8617608095087226 146.91436865315245 3.7621739464584598 25.932724093004936 6.8982659833411617 38.688625874794582 2.3497757463719608 279.83817730026226 7.7494453501337244 12.933040919632331 15.747554147736535 108.24219254493551 32.757091142353488 18.467655139620547 3.0573154198100378 0.51001166010610166 21.611267874510762 1.4201076567765074 165.57209878326159 1.3401867075676808 9.0444295339434557
leaf_count=732 97311 24284 48850 26755 22264 4422 224 4341 356 280 5957 350 891 566 2367 68 16339 366 929 1377 6646 4967 1309 263 86 871 277 11103 98 670
internal_value=0 0.0738471 0.0886201 0.0775022 0.0857883 0.0810335 0.0855148 0.0927909 0.0888455 0.0781881 0.0807735 0.101179 0.0717587 0.0790265 0.0813123 0.00240076 0.0775978 0.0308599 0.0343411 0.0591778 0.0490265 0.072647 0.10528 0.0376876 -0.0563735 0.0670008 0.062812 0.0640865 0.102003 0.0679635
internal_weight=0 1906.18 3613.31 1525.96 2449.5 1084.07 662.519 312.302 285.873 153.36 149.498 132.514 32.0447 350.217 333.175 6.11195 294.486 14.6477 17.0425 380.219 165.483 53.6736 20.9165 111.81 3.56733 214.736 191.784 190.364 22.9515 174.617
internal_count=285319 116894 168425 88495 119575 61740 37456 16665 12243 6593 6313 5650 1309 20791 19638 418 17271 932 1153 28399 14003 7008 2041 6995 349 14396 13427 13150 969 11773
is_linear=0
shrinkage=0.1


Tree=172
num_leaves=31
num_cat=0
split_feature=86 86 86 17 233 82 163 233 5 191 0 10 163 144 106 92 159 193 205 133 112 147 225 82 187 147 185 205 142 188
split_gain=32.5986 10.9663 5.20968 3.60641 4.30025 3.28585 5.28001 3.6677 3.31529 3.14719 4.52808 4.72902 5.50952 4.54877 4.26197 3.93193 4.9884 4.01303 3.88179 6.44665 3.80935 3.70423 3.54222 3.49686 3.47262 5.00505 3.10561 3.03904 5.83863 2.99879
threshold=-1.0720092654228208 -0.72748047113418568 -1.1817154288291929 10.500000000000002 0.11757617443799974 0.055867666378617294 0.68025997281074535 -0.11753482744097708 0.10869157686829568 0.030413435772061351 0.27947369217872625 7.5000000000000009 0.68025997281074535 -0.0071345465257763854 0.024905927479267124 0.88006901741027843 0.59589767456054699 0.12316504493355752 -0.15808726847171781 0.013067854568362238 -0.07327044382691382 0.0077641052193939694 0.0516441147774458 0.025158228352665905 -0.17750654369592664 0.0057044341228902349 -0.24920026212930677 -0.12198899313807486 -0.039948832243680947 0.10521032288670541
decision_type=2 2 2 2 2 2 2 2 8 2 8 8 2 2 2 2 2 2 2 2 2 2 2 2 2 2 2 2 2 2
left_child=2 3 29 9 26 -3 7 -7 -9 21 18 13 14 -12 20 -16 17 -17 19 -11 -13 -2 23 -23 25 -22 -5 28 -25 -1
right_child=1 5 -4 4 -6 6 -8 8 -10 10 11 12 -14 -15 15 16 -18 -19 -20 -21 24 22 -24 27 -26 -27 -28 -29 -30 -31
leaf_value=0.058673872665607467 0.079389334298121422 0.091240918041775948 0.070291179983505633 -0.034969081277341156 -0.010032409649756885 -0.03405578349721574 -0.052932524214762779 0.12073641917802121 0.090307401835199586 0.060198647519949702 0.73188941940924768 0.016285228883260429 -0.065116015960968721 -0.10598286185447892 0.075940172982062876 -0.022818178832209206 0.059271757051354228 0.10184022993563298 0.082925689483273793 -0.10725782517544898 -0.11624289789770458 0.08081323754330931 0.099165058234976303 0.11925749930732837 0.078905451199013918 0.086249501530014427 0.093832214983712733 0.10171474351296789 -0.070366548644925128 0.035279587101399758
leaf_weight=231.15131804730635 923.75047948919757 1375.0630564598191 424.90887616413772 1.8820039970178175 4.0858414250869819 1.7867792883707796 2.0546242749028343 101.75512413093475 55.244401582780029 18.349446539540171 0.20348038296219784 10.74118876948978 3.1309666222251726 0.095066899751144684 30.396967077729641 18.660025558732062 26.246093447734893 2.9972296175842521 648.25497149539706 2.6282368522047355 2.2414641518546423 508.49899457303962 228.60576391653785 3.5249923291448795 234.35140788153319 2.6802551951836904 352.32276454116118 136.31259316877544 3.0105723205588211 71.817004399930227
leaf_count=18935 47462 60744 28212 259 462 149 1307 2751 2126 1058 262 770 3441 430 1588 1996 1372 178 35187 270 318 27774 9930 48 11541 191 15793 6106 357 4606
internal_value=0 0.0858902 0.0631474 0.0825238 0.0919712 0.0928228 0.106347 0.108408 0.110029 0.0813169 0.0768202 0.0672674 0.0669091 0.465084 0.0681681 0.0478089 0.0299583 -0.00556623 0.0815556 0.0392185 0.0745443 0.0838124 0.0884555 0.0846968 0.0771596 -0.00597019 0.0931479 0.098521 0.0319082 0.0531284
internal_weight=0 4698.87 727.877 3162.97 358.291 1535.9 160.841 158.786 157 2804.68 1000.98 331.744 331.446 0.298547 328.315 78.3003 47.9033 21.6573 669.233 20.9777 250.014 1803.7 879.953 651.347 239.273 4.92172 354.205 142.848 6.53556 302.968
internal_count=285623 233870 51753 166793 16514 67077 6333 5026 4877 150279 58602 22087 21395 692 17954 5134 3546 2174 36515 1328 12820 91677 44215 34285 12050 509 16052 6511 405 23541
is_linear=0
shrinkage=0.1


Tree=173
num_leaves=31
num_cat=0
split_feature=86 86 93 86 17 146 224 206 224 233 125 147 142 12 170 98 137 15 148 172 220 175 85 176 189 125 224 196 173 121
split_gain=31.9275 9.29518 5.18025 4.62272 4.06398 3.31573 8.81987 5.5054 3.76285 3.92074 4.44585 3.38763 3.36635 3.35593 3.72739 4.04225 4.84327 3.36862 3.31189 3.28534 3.1717 3.10627 3.5102 4.31304 3.20695 3.17481 4.61624 3.331 4.27266 3.98212
threshold=-0.94577196240425099 -1.1529442071914671 0.34220205247402197 -0.6793040633201598 7.5000000000000009 -0.016773656941950318 0.087893463671207442 0.019262337125837806 1.0000000180025095e-35 0.058224270120263107 0.014619993045926096 0.02684078644961119 0.044492375105619437 362.50000000000006 0.51383313536643993 -0.017885359935462471 0.0049073330592364081 1.0000000180025095e-35 0.030319718644022945 0.60387092828750621 -0.15437377989292142 0.60585469007492077 88.500000000000014 0.11578222364187242 0.0060606861952692279 -0.0061976432334631673 -0.16108159720897672 -0.014484440442174671 0.055521501228213317 0.042701594531536109
decision_type=2 2 2 2 2 2 2 2 2 2 2 2 2 8 2 2 2 2 2 2 2 2 2 2 2 2 2 2 2 2
left_child=1 -1 -3 4 21 6 8 -8 19 12 -11 -9 -10 17 18 16 -16 -7 20 -5 -15 24 23 -23 25 26 -2 -27 29 -29
right_child=3 2 -4 5 -6 13 7 11 9 10 -12 -13 -14 14 15 -17 -18 -19 -20 -21 -22 22 -24 -25 -26 27 -28 28 -30 -31
leaf_value=0.057329000235067089 -0.11391351680182978 0.077684186637398081 0.059032810290151942 0.097397902618418325 0.093376139051088658 0.099812051106996397 -0.043790137670412496 0.06966432498310525 0.083456590223870336 -0.020350470208111718 0.09167439001015748 -0.13558428494912933 -0.11181419723010698 -0.079558232443715168 0.073361633137539017 0.08295001534657187 -0.020155851556738595 0.168241347769085 0.0092048385316065885 -0.08385982215254234 0.10355745068605693 -0.14024783128749713 0.14167144284623989 0.092748869585334071 0.07895319631602167 0.097681693135677039 0.079609347415948786 0.080092156958402536 0.095637805712852297 0.040951422678050554
leaf_weight=372.10330003584727 1.2371185447764208 1136.9283722749515 171.35544736044017 221.65028518705356 527.74470470463029 572.79428912675564 7.6053696955596051 15.608423933838139 85.039929115361474 8.6612945057745474 5.9944797555328924 0.84782711045500114 0.89210738046312954 0.9541610009418936 13.712238029786024 83.275499394573899 9.289969181050763 7.2854628929526362 3.9879939940342402 1.0045009366040165 109.14479827805394 0.82062391440513494 19.370637626754842 24.939951036908724 1005.1561291350731 346.2664156820872 337.90980423678377 163.22323471578153 168.06193712223495 30.91633426338899
leaf_count=28239 135 67062 12208 7637 23781 25200 1121 924 4435 769 329 131 91 56 455 2903 515 130 198 78 3927 318 284 1050 51424 15039 17380 8651 8190 2668
internal_value=0 0.0712748 0.0752413 0.0878463 0.0855321 0.0931402 0.0849804 0.0265717 0.0893283 0.073276 0.0254697 0.0590899 0.0814294 0.0966806 0.0861752 0.0727002 0.0355925 0.100671 0.0987278 0.0965802 0.10197 0.0835589 0.10951 0.0853266 0.0829884 0.08686 0.0789034 0.0906688 0.0839644 0.0738591
internal_weight=0 1680.39 1308.28 3773.4 2625.65 1147.75 347.304 24.0616 323.243 100.588 14.6558 16.4563 85.932 800.444 220.365 106.278 23.0022 580.08 114.087 222.655 110.099 2097.9 45.1312 25.7606 2052.77 1047.61 339.147 708.468 362.202 194.14
internal_count=285328 107509 79270 177819 128920 48899 15515 2176 13339 5624 1098 1055 4526 33384 8054 3873 970 25330 4181 7715 3983 105139 1652 1368 103487 52063 17515 34548 19509 11319
is_linear=0
shrinkage=0.1


Tree=174
num_leaves=31
num_cat=0
split_feature=86 86 74 159 86 17 160 180 93 161 193 131 181 7 79 2 66 142 4 156 178 188 112 227 161 194 157 90 173 174
split_gain=25.4191 7.83106 4.39671 4.56399 3.90324 3.47173 3.39271 8.75176 4.18524 3.53508 3.47954 3.44698 3.21005 3.74014 3.9076 3.16111 3.95066 3.13453 3.11457 3.03473 3.02783 3.50547 2.95109 2.9477 2.94331 2.93707 2.76112 3.4203 3.39062 4.40252
threshold=-1.0720092654228208 -0.83693176507949818 0.26975052058696752 0.090470809489488616 -1.1817154288291929 6.5000000000000009 2.0000000000000004 -0.21687611192464826 0.18408870697021487 2.7981818914413457 0.034160887822508819 0.00097996921977028272 -0.047960728406906121 0.16321159899234775 0.072508212178945555 0.040312498807907111 0.40463162958621984 0.0025870129466056828 0.13693182170391086 0.055815160274505622 -0.024655080400407311 -0.13350950926542279 0.063628613948822035 0.083812624216079726 3.3705497980117802 0.19005829095840457 0.44036899507045751 1.2644284367561343 -0.48493254184722895 -0.032201714813709252
decision_type=2 2 2 2 2 2 2 2 2 2 2 2 2 10 2 10 2 2 10 2 2 2 2 2 2 2 2 2 2 2
left_child=2 5 4 -4 12 -2 26 11 10 -10 -9 -8 18 15 -15 16 -14 -11 -1 25 -6 24 -21 -20 -22 -12 27 -3 -29 -30
right_child=1 6 3 -5 20 -7 7 8 9 17 19 -13 13 14 -16 -17 -18 -19 23 22 21 -23 -24 -25 -26 -27 -28 28 29 -31
leaf_value=0.083631956885070163 0.080153590969523208 0.45138107501875535 -0.032860711300973559 0.059132171694654505 0.092552780582687108 0.090107781343338078 -0.078586119855332093 0.070395199807042397 0.4636196340907468 -0.066961219839762443 -0.073535449821122909 0.074071613999907179 -0.058574502487461433 0.019232173914135293 0.091557278994058022 0.0081686931134026582 0.065223583034992538 0.080949712583828923 -0.065950030190997128 0.10244863095014407 0.09635215282931453 0.075652581365330873 -0.036527315803624949 0.20707305132149242 -0.011807961123038484 0.15772600443627513 0.09201116177731096 0.19011559293061797 0.021917360114348527 0.082272769597194637
leaf_weight=58.885831358409177 1603.320106630626 0.23457104919543681 5.4984351044698192 281.42672461631628 117.35931308098623 448.35538138343099 4.8449018641939565 90.591302399423398 0.16121754252253495 3.7741806548078785 1.9206101082124853 2.1291147855658892 2.8210736839009192 9.9815197273528593 29.690954095162851 26.69016050002142 29.886712653838686 2.3094774442270136 2.4577173492343714 96.766001302943096 3.5593890270981765 158.38556605837164 1.5524436083869648 0.47127084930707486 8.5824385601060822 0.7690781453720773 2476.300381030067 2.2173799861444641 17.29499484652149 40.12403979654573
leaf_count=3856 88281 59 1596 19623 6804 22621 498 6468 37 475 1034 119 294 1146 1392 2033 2776 255 638 3001 398 9742 102 113 1111 42 85082 773 9161 15355
internal_value=0 0.0870011 0.0670374 0.0573693 0.0732188 0.0823289 0.0904983 0.0781182 0.0819992 0.0014366 0.084625 -0.0319809 0.0607435 0.0495858 0.0733604 0.0337065 0.0545459 -0.0108113 0.0786258 0.0973873 0.0801906 0.0716829 0.100254 -0.0220209 0.0198993 -0.00740952 0.0914981 0.070278 0.068779 0.0640933
internal_weight=0 4792.67 735.697 286.925 448.772 2051.68 2740.99 204.818 197.844 6.24488 191.599 6.97402 160.885 99.0704 39.6725 59.3979 32.7078 6.08366 61.8148 101.008 287.887 170.527 98.3184 2.92899 12.1418 2.68969 2536.17 59.871 59.6364 57.419
internal_count=284885 233363 51522 21219 30303 110902 122461 12031 11414 767 10647 617 12248 7641 2538 5103 3070 730 4607 4179 18055 11251 3103 751 1509 1076 110430 25348 25289 24516
is_linear=0
shrinkage=0.1


Tree=175
num_leaves=31
num_cat=0
split_feature=86 86 74 86 159 182 129 123 103 133 75 175 169 112 104 105 81 145 117 97 69 233 172 143 194 100 7 159 194 74
split_gain=29.7224 13.0366 5.1576 4.26838 3.31158 3.46478 4.63447 3.41921 3.30009 3.5849 3.42763 3.1938 3.75068 3.47139 3.41515 4.05974 4.01269 3.40091 3.33565 3.26869 3.22984 3.19443 3.07999 3.07362 3.19309 3.31064 3.01477 3.01245 3.49524 3.26213
threshold=-1.0720092654228208 -0.79820320010185231 0.26975052058696752 -1.1817154288291929 0.12676987797021869 -0.10250912979245184 0.012886798474937679 -0.039089486002922051 0.083904825150966658 0.030570128932595256 0.21294035762548449 0.050398726016283042 13.500000000000002 -0.013237002305686472 -0.10148865357041358 0.0062965941615402707 0.075614638626575484 0.016729770228266719 -0.051068520173430436 0.12835027277469638 2.1656754016876225 0.09707562625408174 0.52249667048454296 -0.024143029935657975 -0.025502297095954415 0.010488879401236774 0.17749471962451938 0.090470809489488616 -0.12009352073073386 0.66190478205680858
decision_type=2 2 2 2 2 2 2 2 2 2 2 2 2 2 2 2 2 2 2 2 2 2 2 2 2 2 10 2 2 2
left_child=2 4 3 -1 22 6 23 26 9 -3 -10 12 18 -14 15 21 -16 -18 -7 -20 -21 -13 -2 24 25 -6 -8 29 -29 -4
right_child=1 8 27 -5 5 11 7 -9 10 -11 -12 14 13 -15 16 -17 17 -19 19 20 -22 -23 -24 -25 -26 -27 -28 28 -30 -31
leaf_value=0.058673044074362114 0.094289416243320961 0.092222856293480648 -0.07559502929772087 0.078789776290654603 -0.088268345445052923 0.094686049519536214 0.12763052664506916 0.036250154712888838 0.081020285754709473 0.10633244284504087 0.12280222552424631 0.035499803996189253 -0.099383486407301255 0.057899500867101231 0.086302377754476176 0.13233257060569376 0.12424517161333311 0.048079216114011114 0.078692084102180801 -0.10618162920315016 0.13668966503816368 -0.16263220588776228 0.056013898769876662 0.071505302882632585 0.11943551086411419 0.10393950320951406 -0.067097538408112126 0.018197528938500879 0.059096484323113256 0.11778038965876905
leaf_weight=164.20287349414821 277.36509034789856 1705.9842647424966 3.4043401328962082 294.90476696117832 1.6023807953631632 151.29262928246999 7.1765627019269669 53.719645191301993 347.94727593386688 201.32321275722506 20.808598381321644 11.767015699283434 2.1732364213850701 3.9606930297916838 116.9482595960759 4.5076424281050995 60.997153887964146 6.4857085291251897 1540.7385631007648 0.57050511289162287 13.612104996791457 0.87419206342247058 22.747816389593254 161.67166134102899 25.351683194491102 2.0331712466431782 0.89410911363393086 22.75874601144335 255.22521543112532 1.1729284042285142
leaf_count=12384 14665 74458 1427 18233 240 7696 296 4103 16712 7814 529 1216 634 579 6332 191 2452 514 81617 53 1205 104 672 10569 848 170 99 2301 17393 185
internal_value=0 0.08658 0.0650528 0.0715949 0.0815435 0.0801797 0.0691682 0.045368 0.0920379 0.0937122 0.083378 0.0816321 0.0802306 0.00217452 0.0935381 0.0508526 0.0975071 0.116925 0.0805112 0.079132 0.12692 0.0217982 0.0913882 0.0768816 0.106867 0.0192233 0.106058 0.0544231 0.0557481 -0.0260424
internal_weight=0 4742.55 741.669 459.108 2466.49 2166.38 252.449 61.7903 2276.06 1907.31 368.756 1913.93 1712.35 6.13393 201.58 17.1489 184.431 67.4829 1706.21 1554.92 14.1826 12.6412 300.113 190.659 28.9872 3.63555 8.07067 282.561 277.984 4.57727
internal_count=285691 233768 51923 30617 134255 118918 16325 4498 99513 82272 17241 102593 91784 1213 10809 1511 9298 2966 90571 82875 1258 1320 15337 11827 1258 410 395 21306 19694 1612
is_linear=0
shrinkage=0.1


Tree=176
num_leaves=31
num_cat=0
split_feature=74 103 121 175 17 170 179 93 206 128 128 181 0 177 183 201 126 90 80 159 101 179 4 178 4 5 128 5 23 155
split_gain=19.2049 8.88565 5.29902 5.37651 5.20565 5.02273 4.64892 4.22527 4.21205 4.1573 4.13632 4.04805 4.69692 4.29743 3.98222 4.02629 4.61929 4.26511 4.14932 3.88988 3.8269 5.31083 4.13051 4.01991 3.81984 5.70987 3.7505 3.71035 6.97174 4.06496
threshold=0.2623975276947022 0.12912379205226901 0.037864826619625098 -0.049609888345003121 14.500000000000002 0.39896512031555181 0.29995828866958624 0.34220205247402197 0.13547877222299579 -0.025878401473164555 -0.052850186824798577 -0.0074250679463148108 0.40072992444038397 -0.21964500844478604 -0.32998743653297419 -0.11448049545288085 0.015219196211546661 1.5723809599876406 0.14854215830564502 0.036408500745892532 -0.1335627734661102 -0.074584219604730592 0.22401433438062671 0.28817343711853033 0.08590350300073625 0.10566188395023347 0.02339896094053984 0.032522473484277732 1.0000000180025095e-35 -0.0084563433192670328
decision_type=2 2 2 2 2 2 2 2 2 2 2 2 10 2 2 2 2 2 2 2 2 2 10 2 8 10 2 8 2 2
left_child=1 2 5 14 7 -1 8 27 20 -8 -10 -3 13 -13 -4 16 18 -18 -16 -15 21 -7 -23 -22 -6 -26 -25 28 29 -2
right_child=4 11 3 -5 24 6 9 -9 10 -11 -12 12 -14 19 15 -17 17 -19 -20 -21 23 22 -24 26 25 -27 -28 -29 -30 -31
leaf_value=0.11845622737815507 0.045645715102506229 0.084525589140038798 -0.10506574591698664 0.088935256265353077 0.12247205416653073 0.065979895924368537 0.060851187269127339 0.060565552454325149 -0.059572877615368482 0.12275594422018342 0.10952270782199885 -0.062079478690209328 0.12325578297689005 -0.035790959267399954 -0.021661872929976664 0.077618880816567842 -0.12792514784960213 0.095580362034636143 0.066990547676900616 0.066486769893384715 0.090682346931598365 0.090756949552368196 -0.027333653715031991 0.062758127050174126 0.092752875449528621 -0.036874643622379424 0.10346230198583857 0.071964584966241127 -0.046103407357653364 0.12407373149529244
leaf_weight=61.43194677890142 8.0003852875448711 217.8568041156426 1.2291008543700161 538.97490788922607 32.770411749361529 175.345626780565 12.870515116041359 357.0146467238726 1.4649217296254153 69.04668878161624 115.6899950629105 2.6789303212756286 14.014629129175999 3.7674565137920686 13.145202796795845 485.76805384721342 0.90220895241782528 15.910815005618131 8.8232341017903746 286.4593346157265 2107.4534184713862 222.43855805864996 3.0018928387889892 96.542301517076282 18.715841617542541 4.1518880100711604 29.569980310289395 518.55686258990931 3.032904502595783 37.990369555437951
leaf_count=2310 2198 17577 131 29052 1297 6123 1410 24890 343 4871 5461 245 901 466 1112 23198 85 377 508 13428 96746 13961 618 5663 973 352 1415 22876 1644 5315
internal_value=0 0.0863282 0.0879488 0.0819168 0.0708768 0.0901674 0.089554 0.0690891 0.0888551 0.11303 0.107408 0.0741009 0.0667013 0.0639954 0.0747221 0.0751434 0.0441363 0.0835868 0.0139438 0.0651591 0.08803 0.0790324 0.0891845 0.0896446 0.100584 0.0692176 0.0723022 0.0744506 0.100747 0.110431
internal_weight=0 4484.39 3959.61 1064.75 980.233 2894.86 2833.42 924.595 2751.51 81.9172 117.155 524.777 306.92 292.906 525.779 524.55 38.7815 16.813 21.9684 290.227 2634.35 400.786 225.44 2233.57 55.6381 22.8677 126.112 567.581 49.0237 45.9908
internal_count=285546 226001 193384 54463 59545 138921 136611 56923 130330 6281 5804 32617 15040 14139 25411 25280 2082 462 1620 13894 124526 20702 14579 103824 2622 1325 7078 32033 9157 7513
is_linear=0
shrinkage=0.1


Tree=177
num_leaves=31
num_cat=0
split_feature=86 86 86 132 187 208 110 219 159 10 66 93 17 143 208 208 108 78 13 11 8 206 116 191 105 123 85 206 56 211
split_gain=31.0876 10.5964 5.43965 4.01024 3.27169 4.11743 3.25014 4.52194 3.24697 3.24544 3.78214 3.22061 3.07927 3.01818 5.36244 3.99121 4.42846 4.526 3.72736 3.59918 5.295 3.87249 3.48211 3.70521 3.51914 3.47476 3.37696 6.02855 4.81657 5.21016
threshold=-0.93582496047019947 -1.1817154288291929 -0.76440677046775807 -0.0010012745042331515 -0.0039876851951703421 -0.18403090536594388 0.060297019779682166 0.050155712291598327 0.12676987797021869 603.50000000000011 8.9322071075439471 0.093066472560167326 12.500000000000002 0.0024680288042873148 0.11811084300279619 -0.015962520614266392 -0.064065922051668153 0.013793759513646366 0.014466593507677318 0.010349444113671781 0.30278083682060247 -0.1301649063825607 0.028583102859556678 0.12405129149556161 0.18358709663152697 0.016973442398011688 49.500000000000007 -0.098448228091001497 1.0000000180025095e-35 0.048273751512169845
decision_type=2 2 2 2 2 2 2 2 2 8 2 2 2 2 2 2 2 2 10 10 10 2 2 2 2 2 2 2 2 2
left_child=1 3 12 8 5 -5 7 -6 -1 13 -11 -4 -2 14 18 16 25 -18 22 20 21 -19 23 24 -3 -15 27 -20 -29 -30
right_child=2 9 11 4 6 -7 -8 -9 -10 10 -12 -13 -14 15 -16 -17 17 19 26 -21 -22 -23 -24 -25 -26 -27 -28 28 29 -31
leaf_value=-0.078412369084664049 0.084226908065455297 0.067502306612810786 0.094637790467688804 0.11595185236275266 0.059396299583539862 0.028485828550210441 0.088865418485668868 -0.0075886814576562947 0.073242943652613399 0.07113821386789447 -0.036801327087300773 0.082531070125653097 0.10012192487531098 -0.023889518215021239 0.021758817412956079 0.092060082527872469 0.09100175783130704 0.43541657251271904 -0.015204385456847264 0.055206440750734831 0.66406050760203372 0.098091188093153758 -0.034193011897738837 -0.11129118789926234 0.66432897796358326 0.059276415247217676 0.084899304371506612 0.077058945461776523 -0.096274042702666263 0.082096472104530638
leaf_weight=1.4294698748894905 1708.822795335175 15.87970161367571 1629.564426484239 5.7438821628511496 67.224796259916957 85.437266548207845 28.258911017861692 11.855132268515261 113.99192712820286 527.22547420529361 3.2663196545867086 253.97278733341227 131.23827608928036 7.1928558385634487 19.064285366820286 327.71117664005453 133.40310742056056 0.36122583424150878 8.9176844768371648 76.459554274699485 0.18250672407111768 5.8815296236219856 5.302877432342938 1.1956179139618814 0.099414553291581664 16.659701921692431 250.43388708542216 87.185165262599298 3.4554583251974682 3.11277690623956
leaf_count=783 86632 5495 69179 234 5135 7972 1375 1566 6610 21283 1567 12137 5436 887 2086 22178 8190 122 671 4207 78 1694 2654 742 50 1309 11305 3701 374 124
internal_value=0 0.0732422 0.0892276 0.0565423 0.0479244 0.0339957 0.0597564 0.0493544 0.0713647 0.0767538 0.0704736 0.0930053 0.0853606 0.0802151 0.073498 0.0848834 0.0750897 0.0795994 0.0761242 0.0612472 0.133132 0.11761 0.0366399 0.0585103 0.0712155 0.0341973 0.0786377 0.0633643 0.0708377 -0.0117418
internal_weight=0 1806.93 3723.6 313.941 198.52 91.1811 107.339 79.0799 115.421 1492.99 530.492 1883.54 1840.06 962.499 394.647 567.852 240.14 216.288 375.583 82.8848 6.42526 6.24276 22.4776 17.1747 15.9791 23.8526 353.105 102.671 93.7534 6.56824
internal_count=285776 112392 173384 23675 16282 8206 8076 6701 7393 88717 22850 81316 92068 65867 27202 38665 16487 14291 25116 6101 1894 1816 8941 6287 5545 2196 16175 4870 4199 498
is_linear=0
shrinkage=0.1


Tree=178
num_leaves=31
num_cat=0
split_feature=86 86 86 93 17 227 102 141 79 175 132 186 135 10 5 206 15 179 134 93 104 0 79 186 120 136 163 66 213 135
split_gain=25.7208 9.50183 6.58594 5.08895 3.78695 4.43266 5.19194 3.74412 3.39471 3.34675 3.1904 3.51109 4.69237 3.09011 3.03653 3.13683 3.56435 3.15917 3.91004 4.57431 4.89903 3.8396 5.90429 6.34473 4.95444 4.49705 3.83759 3.78736 3.41817 5.18129
threshold=-0.93582496047019947 -1.1817154288291929 -0.57369077205657948 0.34220205247402197 12.500000000000002 0.060785738751292236 -0.051247755065560334 -0.018624789081513878 0.35424837470054632 0.60585469007492077 -0.010878978762775658 -0.14338201284408567 -0.029711431823670861 281.50000000000006 0.34848485887050634 0.13547877222299579 1.0000000180025095e-35 -0.02484207600355148 -0.038633562624454491 0.34220205247402197 -0.095406197011470781 0.14222503453493121 0.3706690520048142 -0.047999983653426163 -0.0039579120930284253 -0.0033618011511862274 0.25523115694522863 6.3862459659576425 0.015272201038897039 0.0050204191356897363
decision_type=2 2 2 2 2 2 2 2 2 2 2 2 2 8 10 2 2 2 2 2 2 10 2 2 2 2 2 2 2 2
left_child=1 10 4 13 9 -6 -7 -8 -9 14 -1 12 -12 -3 15 17 -17 18 19 20 27 22 -19 25 -25 -24 -22 -2 29 -20
right_child=2 3 -4 -5 5 6 7 8 -10 -11 11 -13 -14 -15 -16 16 -18 21 28 -21 26 -23 23 24 -26 -27 -28 -29 -30 -31
leaf_value=0.075085563941046901 -0.023787736473447348 0.084856529591357727 0.097646727472363928 0.061684419729699694 0.10362457130802799 -0.10832111561938634 -0.062686622001254355 0.11055936180847137 -0.057784625184388816 0.10953092282373256 0.087059600190827924 0.055242610467729297 -0.017909878650413404 0.074857200748382494 -0.027075375111096225 0.095927543953428243 0.16233250355431225 0.083137979987023214 0.083235945925452914 -0.12252033345058613 0.078540800608848244 0.088983845428472444 0.11726409067375898 -0.017465341909183311 0.058333343462945747 0.033132058057624231 -0.014184054179292319 0.084767081239367326 0.089111622971961013 0.06241844867729035
leaf_weight=75.225333839425048 10.247154542415954 504.86583650412712 565.70789820613572 202.22852885650377 182.56953441795986 1.8762593970114938 1.8495264203530712 10.118317329101272 1.3587171647404819 54.587543936113889 5.9720421942884085 212.48790838343825 14.842853121916276 796.82726976244408 2.4355843048597299 99.500864623986786 8.7978216900004309 310.30297516318223 371.41917066583756 1.3529250367687371 72.51027092019649 1370.9760439410591 16.828589571565548 17.080917891884951 17.415362640524847 10.206809706225952 4.7561764309558603 4.682617684982687 356.91758925186662 176.31327536581443
leaf_count=4961 723 46441 21735 13582 7094 366 289 564 268 2282 365 16694 1605 28729 2593 5912 139 24909 14266 115 2462 54503 1150 2417 2213 1711 1524 297 16540 9536
internal_value=0 0.0731632 0.0877234 0.0764427 0.0859149 0.0993044 0.0474243 0.0693518 0.0906298 0.0850037 0.0571773 0.0514031 0.0122071 0.0787355 0.0845342 0.0846296 0.101322 0.0839701 0.0794842 0.0600216 0.0627003 0.0865394 0.0775267 0.0492289 0.0208014 0.0855013 0.0728331 0.0102597 0.0814969 0.0765349
internal_weight=0 1812.45 3669.81 1503.92 3104.1 197.772 15.2028 13.3266 11.477 2906.33 308.528 233.303 20.8149 1301.69 2851.74 2849.31 108.299 2741.01 998.199 93.5491 92.1962 1742.81 371.835 61.5317 34.4963 27.0354 77.2664 14.9298 904.65 547.732
internal_count=285985 112377 173608 88752 151873 8581 1487 1121 832 143292 23625 18664 1970 75170 141010 138417 6051 132366 45463 5121 5006 86903 32400 7491 4630 2861 3986 1020 40342 23802
is_linear=0
shrinkage=0.1


Tree=179
num_leaves=31
num_cat=0
split_feature=86 86 86 93 17 226 12 157 179 112 140 187 67 4 98 120 222 156 220 178 70 158 205 219 120 229 164 177 110 75
split_gain=27.8199 7.45502 5.43702 4.61271 3.79173 3.44357 3.00705 2.97941 2.96827 3.63304 3.51951 2.96583 2.91529 2.88783 2.83626 2.81563 3.90194 3.76972 3.43267 2.78619 4.34995 3.60697 4.86239 4.04783 3.99488 3.42107 3.32483 4.27591 4.69571 3.90717
threshold=-0.94577196240425099 -1.1817154288291929 -0.57369077205657948 0.34220205247402197 7.5000000000000009 0.098187752068042769 2.5000000000000004 0.68788212537765514 0.22382845729589465 -0.030424338765442368 -0.033581774681806557 -0.19486258924007413 0.66252687573432933 0.12556306272745135 0.055524129420518882 -0.088510572910308824 0.067645326256752028 0.26209992170333868 0.063216928392648711 -0.058994321152567857 8.5000000000000018 0.22500000149011615 0.075831156224012389 -0.10437352582812308 -0.0062123814132064572 0.11347740143537523 5.0782890319824228 0.032999783754348762 0.10634744912385942 0.071946170181036009
decision_type=2 2 2 2 2 2 8 2 2 2 2 2 2 8 2 2 2 2 2 2 2 2 2 2 2 2 2 2 2 2
left_child=1 -1 4 5 6 7 -2 15 -8 14 13 -6 -7 -11 -10 16 17 18 -3 26 21 22 -21 24 -23 -24 27 28 29 -17
right_child=2 3 -4 -5 11 12 8 -9 9 10 -12 -13 -14 -15 -16 19 -18 -19 -20 20 -22 23 25 -25 -26 -27 -28 -29 -30 -31
leaf_value=0.058728574374029424 -0.099875419753315153 0.087760146023092844 0.097286608706901867 0.061593217457827421 0.033782285626640034 -0.08234733536439591 0.084184475692886784 0.096213983898872729 0.079536611828010945 0.072018766727760683 0.11679337551327812 0.094267854877163423 0.099140576661119834 -0.16339650020916052 -0.035339747167340417 0.087878562110056513 -0.094284129057360083 -0.033160632118432176 -0.065406207379360828 0.076195082306480699 0.064289158007303268 0.07473153023364898 0.024156793542067786 0.08886082338435379 -0.044229624047167425 0.13939071993668536 0.062213093402878297 0.080205416861356835 -0.12853631060811613 0.13680396120230046
leaf_weight=313.51337804031732 0.88144600734665246 15.802050196232139 545.55621054957328 196.47612842222043 8.21454561708242 0.89427498850829934 2482.8119169386223 72.55906569979561 21.636031136757541 1.5244177635968292 71.764711290285845 617.26837091944344 86.165012188969854 0.79169607675612486 2.3862797748512312 29.513488051508034 1.9543584673801877 4.0849314525166838 1.6125195215131487 144.02805959173003 322.10691529799448 7.4184949134680664 30.606691017798539 273.8553776759984 4.5568699757847053 2.8131263881241457 47.587240477383602 114.88271588543887 0.80175030396048796 36.521228839320656
leaf_count=23665 7182 998 21761 13676 1008 184 112756 554 1434 274 4825 27824 4107 129 675 3121 255 298 218 11338 21380 534 3123 12467 476 110 1905 7011 232 2260
internal_value=0 0.0726618 0.0880577 0.0757949 0.0864879 0.0781245 0.0847955 0.0766233 0.0848586 0.101919 0.112878 0.0934735 0.0972763 -0.00845109 0.0681253 0.0752541 0.0409995 0.0532972 0.0735776 0.0760459 0.0732144 0.07942 0.0682212 0.0863723 0.0294644 0.0338567 0.0857436 0.0919056 0.112017 0.114937
internal_weight=0 1707.75 3752.84 1394.24 3207.28 1197.76 2581.8 1110.7 2580.92 98.1031 74.0808 625.483 87.0593 2.31611 24.0223 1038.15 23.4539 21.4995 17.4146 1014.69 785.386 463.279 177.448 285.831 11.9754 33.4198 229.306 181.719 66.8365 66.0347
internal_count=285780 107912 177868 84247 156107 70571 127275 66280 120093 7337 5228 28832 4291 403 2109 65726 1769 1514 1216 63957 49428 28048 14571 13477 1010 3233 14529 12624 5613 5381
is_linear=0
shrinkage=0.1


end of trees

feature_importances:
implicit_mean_localness=345
interact_cos_taste_poi=312
text_emb_00=207
interact_category_affinity=151
implicit_taste_01=113
text_emb_01=104
cat_subcategory=102
behav_visit_rate=99
num_localness=78
num_rating_shrunk=74
explicit_days_remaining=72
interact_price_gap=63
text_emb_05=55
behav_impressions=54
implicit_mean_pop_pct=50
behav_archetype_affinity_04=48
implicit_taste_11=48
behav_save_rate=46
interact_interest_match=46
behav_archetype_affinity_03=45
implicit_category_dist_historic_site=44
implicit_mean_price_level=41
interact_localness_gap=41
num_crowd_index=40
behav_archetype_affinity_05=38
explicit_touristiness_pref=38
implicit_category_dist_restaurant=38
behav_archetype_affinity_06=36
behav_unique_travelers=36
num_pop_pct=35
text_emb_09=33
behav_ctr_smoothed=32
text_emb_12=31
text_emb_35=31
geo_dist_to_tourist_centroid_km=30
behav_archetype_affinity_00=29
text_emb_23=28
text_emb_34=28
implicit_interaction_count=27
implicit_taste_00=27
implicit_taste_40=27
text_emb_10=27
text_emb_36=27
text_emb_49=27
behav_archetype_affinity_07=26
implicit_taste_50=26
text_emb_16=26
text_emb_54=26
behav_archetype_affinity_02=25
implicit_category_dist_viewpoint=25
implicit_taste_34=25
implicit_taste_46=25
text_emb_03=25
text_emb_06=25
text_emb_37=25
text_emb_52=25
geo_dist_to_transit_km=24
geo_lat=24
implicit_taste_28=24
implicit_taste_29=24
implicit_taste_54=24
text_emb_13=24
text_emb_57=24
behav_dismiss_rate=23
implicit_taste_37=23
implicit_taste_55=23
text_emb_17=23
text_emb_19=23
text_emb_25=23
text_emb_50=23
implicit_taste_36=22
implicit_taste_39=22
num_log_review_count=22
text_emb_02=22
text_emb_08=22
text_emb_11=22
text_emb_15=22
text_emb_18=22
text_emb_28=22
text_emb_38=22
text_emb_43=22
implicit_category_dist_museum=21
implicit_taste_20=21
implicit_taste_02=20
implicit_taste_06=20
implicit_taste_15=20
implicit_taste_32=20
text_emb_27=20
text_emb_30=20
text_emb_31=20
text_emb_39=20
text_emb_56=20
implicit_category_dist_family_activity=19
implicit_taste_07=19
implicit_taste_08=19
implicit_taste_10=19
implicit_taste_12=19
implicit_taste_13=19
implicit_taste_24=19
implicit_taste_25=19
implicit_taste_27=19
implicit_taste_33=19
implicit_taste_43=19
num_expected_duration_min=19
text_emb_07=19
text_emb_22=19
text_emb_47=19
text_emb_48=19
implicit_taste_17=18
implicit_taste_21=18
implicit_taste_57=18
implicit_taste_63=18
text_emb_21=18
text_emb_24=18
text_emb_29=18
text_emb_32=18
text_emb_42=18
text_emb_45=18
text_emb_63=18
implicit_taste_14=17
implicit_taste_18=17
implicit_taste_30=17
implicit_taste_53=17
implicit_taste_58=17
implicit_taste_59=17
implicit_taste_60=17
implicit_taste_61=17
text_emb_04=17
text_emb_41=17
text_emb_55=17
text_emb_58=17
text_emb_60=17
implicit_taste_04=16
implicit_taste_41=16
text_emb_20=16
text_emb_59=16
text_emb_61=16
implicit_taste_05=15
implicit_taste_16=15
implicit_taste_23=15
implicit_taste_26=15
implicit_taste_49=15
implicit_taste_52=15
text_emb_14=15
behav_archetype_affinity_01=14
geo_density_500m=14
geo_lon=14
implicit_taste_03=14
implicit_taste_35=14
implicit_taste_38=14
implicit_taste_45=14
implicit_taste_47=14
implicit_taste_51=14
text_emb_62=14
implicit_category_dist_nightlife=13
text_emb_26=13
implicit_category_dist_entertainment=12
implicit_taste_19=12
implicit_taste_44=12
implicit_taste_62=12
num_open_hours_per_week=12
num_price_level=12
text_emb_40=12
text_emb_46=12
text_emb_51=12
implicit_category_dist_cafe=11
implicit_category_dist_nature_park=11
implicit_days_since_last_interaction=11
text_emb_44=11
implicit_category_dist_wellness_spa=10
implicit_taste_09=10
implicit_taste_48=10
text_emb_33=10
implicit_category_dist_shopping=9
implicit_taste_22=9
implicit_taste_31=9
implicit_taste_42=9
implicit_taste_56=9
implicit_breadth_categories=8
text_emb_53=8
explicit_budget_ordinal=7
explicit_party_family_teens=5
explicit_party_family_young_kids=5
explicit_interest_authentic=4
cat_indoor_outdoor=4
explicit_accessibility_wheelchair=3
explicit_interest_historic_site=3
explicit_interest_outdoor=3
explicit_pace_ordinal=3
explicit_trip_duration_days=3
implicit_category_dist_religious_site=3
num_reservation_lead_days=3
explicit_accessibility_stroller=2
explicit_interest_cultural=2
explicit_interest_family-friendly=2
explicit_interest_luxury=2
explicit_interest_relaxing=2
explicit_interest_romantic=2
explicit_interest_viewpoint=2
explicit_party_solo=2
explicit_season_summer=2
explicit_interest_artsy=1
explicit_interest_indoor=1
explicit_interest_museum=1
explicit_interest_nature_park=1
explicit_interest_nightlife=1
explicit_interest_shopping=1
explicit_interest_touristy=1
explicit_mobility_walk=1
explicit_party_couple=1

parameters:
[boosting: gbdt]
[objective: lambdarank]
[metric: ndcg]
[tree_learner: serial]
[device_type: cpu]
[data_sample_strategy: bagging]
[data: ]
[valid: ]
[num_iterations: 180]
[learning_rate: 0.1]
[num_leaves: 31]
[num_threads: 16]
[seed: 201]
[deterministic: 1]
[force_col_wise: 0]
[force_row_wise: 1]
[histogram_pool_size: -1]
[max_depth: -1]
[min_data_in_leaf: 20]
[min_sum_hessian_in_leaf: 0.001]
[bagging_fraction: 0.8]
[pos_bagging_fraction: 1]
[neg_bagging_fraction: 1]
[bagging_freq: 1]
[bagging_seed: 201]
[feature_fraction: 0.8]
[feature_fraction_bynode: 1]
[feature_fraction_seed: 201]
[extra_trees: 0]
[extra_seed: 14638]
[early_stopping_round: 0]
[early_stopping_min_delta: 0]
[first_metric_only: 0]
[max_delta_step: 0]
[lambda_l1: 0]
[lambda_l2: 0]
[linear_lambda: 0]
[min_gain_to_split: 0]
[drop_rate: 0.1]
[max_drop: 50]
[skip_drop: 0.5]
[xgboost_dart_mode: 0]
[uniform_drop: 0]
[drop_seed: 7456]
[top_rate: 0.2]
[other_rate: 0.1]
[min_data_per_group: 100]
[max_cat_threshold: 32]
[cat_l2: 10]
[cat_smooth: 10]
[max_cat_to_onehot: 4]
[top_k: 20]
[monotone_constraints: ]
[monotone_constraints_method: basic]
[monotone_penalty: 0]
[feature_contri: ]
[forcedsplits_filename: ]
[refit_decay_rate: 0.9]
[cegb_tradeoff: 1]
[cegb_penalty_split: 0]
[cegb_penalty_feature_lazy: ]
[cegb_penalty_feature_coupled: ]
[path_smooth: 0]
[interaction_constraints: ]
[verbosity: -1]
[saved_feature_importance_type: 0]
[use_quantized_grad: 0]
[num_grad_quant_bins: 4]
[quant_train_renew_leaf: 0]
[stochastic_rounding: 1]
[linear_tree: 0]
[max_bin: 63]
[max_bin_by_feature: ]
[min_data_in_bin: 3]
[bin_construct_sample_cnt: 200000]
[data_random_seed: 201]
[is_enable_sparse: 1]
[enable_bundle: 1]
[use_missing: 1]
[zero_as_missing: 0]
[feature_pre_filter: 1]
[pre_partition: 0]
[two_round: 0]
[header: 0]
[label_column: ]
[weight_column: ]
[group_column: ]
[ignore_column: ]
[categorical_feature: 234,235,236,237]
[forcedbins_filename: ]
[precise_float_parser: 0]
[parser_config_file: ]
[objective_seed: 17700]
[num_class: 1]
[is_unbalance: 0]
[scale_pos_weight: 1]
[sigmoid: 1]
[boost_from_average: 1]
[reg_sqrt: 0]
[alpha: 0.9]
[fair_c: 1]
[poisson_max_delta_step: 0.7]
[tweedie_variance_power: 1.5]
[lambdarank_truncation_level: 20]
[lambdarank_norm: 1]
[label_gain: 0,1,3,7]
[lambdarank_position_bias_regularization: 0]
[eval_at: 10]
[multi_error_top_k: 1]
[auc_mu_weights: ]
[num_machines: 1]
[local_listen_port: 12400]
[time_out: 120]
[machine_list_filename: ]
[machines: ]
[gpu_platform_id: -1]
[gpu_device_id: -1]
[gpu_use_dp: 0]
[num_gpu: 1]

end of parameters

pandas_categorical:[["cafe", "entertainment", "family_activity", "historic_site", "museum", "nature_park", "nightlife", "religious_site", "restaurant", "shopping", "viewpoint", "wellness_spa"], ["indoor", "mixed", "outdoor"], ["1", "2", "3", "4"], ["amusement_park", "aquarium", "arcade", "art_museum", "artisan_shop", "bakery", "bar", "botanical_garden", "boutique", "cathedral", "cinema", "city_park", "club", "dessert_cafe", "escape_room", "fine_dining", "flea_market", "fortress", "fusion", "gallery", "garden", "hiking_trail", "history_museum", "interactive_museum", "live_music", "live_show", "local_eatery", "mall", "market", "massage", "monastery", "monument", "observation_deck", "old_town", "onsen", "palace", "playground", "riverside", "rooftop_bar", "rooftop_view", "scenic_overlook", "science_museum", "shrine", "spa", "speakeasy", "specialty_coffee", "street_food", "tea_house", "temple_site", "temple_worship", "theater", "tower", "traditional", "yoga_studio", "zoo"]]
