tree
version=v4
num_class=1
num_tree_per_iteration=1
label_index=0
max_feature_idx=237
objective=lambdarank
feature_names=behav_archetype_affinity_00 behav_archetype_affinity_01 behav_archetype_affinity_02 behav_archetype_affinity_03 behav_archetype_affinity_04 behav_archetype_affinity_05 behav_archetype_affinity_06 behav_archetype_affinity_07 behav_ctr_smoothed behav_dismiss_rate behav_impressions behav_save_rate behav_unique_travelers behav_visit_rate explicit_accessibility_stroller explicit_accessibility_wheelchair explicit_budget_ordinal explicit_days_remaining explicit_interest_adventurous explicit_interest_artsy explicit_interest_authentic explicit_interest_budget-friendly explicit_interest_cafe explicit_interest_cultural explicit_interest_entertainment explicit_interest_family-friendly explicit_interest_family_activity explicit_interest_foodie explicit_interest_hidden-gem explicit_interest_historic explicit_interest_historic_site explicit_interest_indoor explicit_interest_lively explicit_interest_local explicit_interest_luxury explicit_interest_museum explicit_interest_nature explicit_interest_nature_park explicit_interest_nightlife explicit_interest_outdoor explicit_interest_relaxing explicit_interest_religious_site explicit_interest_restaurant explicit_interest_romantic explicit_interest_shopping explicit_interest_touristy explicit_interest_trendy explicit_interest_viewpoint explicit_interest_wellness_spa explicit_mobility_car explicit_mobility_mixed explicit_mobility_public_transport explicit_mobility_walk explicit_pace_ordinal explicit_party_couple explicit_party_family_teens explicit_party_family_young_kids explicit_party_friends explicit_party_solo explicit_season_autumn explicit_season_spring explicit_season_summer explicit_season_winter explicit_touristiness_pref explicit_trip_duration_days geo_density_500m geo_dist_to_tourist_centroid_km geo_dist_to_transit_km geo_lat geo_lon implicit_breadth_categories implicit_category_dist_cafe implicit_category_dist_entertainment implicit_category_dist_family_activity implicit_category_dist_historic_site implicit_category_dist_museum implicit_category_dist_nature_park implicit_category_dist_nightlife implicit_category_dist_religious_site implicit_category_dist_restaurant implicit_category_dist_shopping implicit_category_dist_viewpoint implicit_category_dist_wellness_spa implicit_days_since_last_interaction implicit_days_since_last_interaction_was_missing implicit_interaction_count implicit_mean_localness implicit_mean_localness_was_missing implicit_mean_pop_pct implicit_mean_pop_pct_was_missing implicit_mean_price_level implicit_mean_price_level_was_missing implicit_taste_00 implicit_taste_01 implicit_taste_02 implicit_taste_03 implicit_taste_04 implicit_taste_05 implicit_taste_06 implicit_taste_07 implicit_taste_08 implicit_taste_09 implicit_taste_10 implicit_taste_11 implicit_taste_12 implicit_taste_13 implicit_taste_14 implicit_taste_15 implicit_taste_16 implicit_taste_17 implicit_taste_18 implicit_taste_19 implicit_taste_20 implicit_taste_21 implicit_taste_22 implicit_taste_23 implicit_taste_24 implicit_taste_25 implicit_taste_26 implicit_taste_27 implicit_taste_28 implicit_taste_29 implicit_taste_30 implicit_taste_31 implicit_taste_32 implicit_taste_33 implicit_taste_34 implicit_taste_35 implicit_taste_36 implicit_taste_37 implicit_taste_38 implicit_taste_39 implicit_taste_40 implicit_taste_41 implicit_taste_42 implicit_taste_43 implicit_taste_44 implicit_taste_45 implicit_taste_46 implicit_taste_47 implicit_taste_48 implicit_taste_49 implicit_taste_50 implicit_taste_51 implicit_taste_52 implicit_taste_53 implicit_taste_54 implicit_taste_55 implicit_taste_56 implicit_taste_57 implicit_taste_58 implicit_taste_59 implicit_taste_60 implicit_taste_61 implicit_taste_62 implicit_taste_63 interact_category_affinity interact_cos_taste_poi interact_interest_match interact_localness_gap interact_price_gap num_crowd_index num_expected_duration_min num_localness num_log_review_count num_open_hours_per_week num_pop_pct num_price_level num_rating_shrunk num_reservation_lead_days text_emb_00 text_emb_01 text_emb_02 text_emb_03 text_emb_04 text_emb_05 text_emb_06 text_emb_07 text_emb_08 text_emb_09 text_emb_10 text_emb_11 text_emb_12 text_emb_13 text_emb_14 text_emb_15 text_emb_16 text_emb_17 text_emb_18 text_emb_19 text_emb_20 text_emb_21 text_emb_22 text_emb_23 text_emb_24 text_emb_25 text_emb_26 text_emb_27 text_emb_28 text_emb_29 text_emb_30 text_emb_31 text_emb_32 text_emb_33 text_emb_34 text_emb_35 text_emb_36 text_emb_37 text_emb_38 text_emb_39 text_emb_40 text_emb_41 text_emb_42 text_emb_43 text_emb_44 text_emb_45 text_emb_46 text_emb_47 text_emb_48 text_emb_49 text_emb_50 text_emb_51 text_emb_52 text_emb_53 text_emb_54 text_emb_55 text_emb_56 text_emb_57 text_emb_58 text_emb_59 text_emb_60 text_emb_61 text_emb_62 text_emb_63 cat_category cat_indoor_outdoor cat_price_level cat_subcategory
feature_infos=[0:1] [0:1] [0:1] [0:1] [0:1] [0:1] [0:1] [0:1] [0.0055497223511338234:0.62498992681503296] [0:1] [0:6042] [0:0.5] [0:584] [0:1] [0:1] [0:1] [0:2] [1:164] [0:1] [0:1] [0:1] [0:1] [0:1] [0:1] [0:1] [0:1] [0:1] [0:1] [0:1] [0:1] [0:1] [0:1] [0:1] [0:1] [0:1] [0:1] [0:1] [0:1] [0:1] [0:1] [0:1] [0:1] [0:1] [0:1] [0:1] [0:1] [0:1] [0:1] [0:1] [0:1] [0:1] [0:1] [0:1] [0:2] [0:1] [0:1] [0:1] [0:1] [0:1] [0:1] [0:1] [0:1] [0:1] [-0.9655526876449585:1] [2:10] [0:116] [0.021191015839576721:21.412565231323242] [0.05207129567861557:15.534337997436523] [34.860679626464844:41.578414916992188] [2.0387704372406006:135.91542053222656] [1:12] [0:0.49019607901573181] [0:0.44999998807907104] [0:0.66666668653488159] [0:0.83333331346511841] [0:0.93103450536727905] [0:1] [0:0.6111111044883728] [0:0.46153846383094788] [0:0.81818181276321411] [0:0.72727274894714355] [0:0.66666668653488159] [0:0.25609755516052246] [1:164] none [2:151] [-1.7797163724899292:-0.26616141200065613] none [0.42279192805290222:0.95031058788299561] none [1:3.2241380214691162] none [0.59477716684341431:0.97488892078399658] [-0.43858450651168823:0.62415558099746704] [-0.31171634793281555:0.36904746294021606] [-0.42053014039993286:0.39036154747009277] [-0.34041944146156311:0.41415837407112122] [-0.25920736789703369:0.30391359329223633] [-0.2358517050743103:0.31770187616348267] [-0.29771414399147034:0.40380805730819702] [-0.36651107668876648:0.4388214647769928] [-0.30595335364341736:0.22217352688312531] [-0.20948196947574615:0.22131527960300446] [-0.24775315821170807:0.36996161937713623] [-0.2711048424243927:0.25207141041755676] [-0.28191685676574707:0.26110810041427612] [-0.20094713568687439:0.16626758873462677] [-0.16527366638183594:0.18616436421871185] [-0.16928394138813019:0.14132086932659149] [-0.20206160843372345:0.17175500094890594] [-0.19328296184539795:0.17563380300998688] [-0.14603090286254883:0.24440135061740875] [-0.13613225519657135:0.13954539597034454] [-0.16909117996692657:0.17941060662269592] [-0.13495446741580963:0.18130546808242798] [-0.15851303935050964:0.17463861405849457] [-0.17047809064388275:0.14725363254547119] [-0.15562349557876587:0.14453977346420288] [-0.14128944277763367:0.19179722666740417] [-0.19813212752342224:0.12314403057098389] [-0.14228041470050812:0.16201747953891754] [-0.13509683310985565:0.20208346843719482] [-0.13565665483474731:0.16597357392311096] [-0.11702318489551544:0.1132306382060051] [-0.11334942281246185:0.16350466012954712] [-0.1279589980840683:0.14252346754074097] [-0.13050307333469391:0.12186077237129211] [-0.13708750903606415:0.13468082249164581] [-0.11906753480434418:0.11088670045137405] [-0.13899222016334534:0.10267281532287598] [-0.1084619015455246:0.089178502559661865] [-0.11919090151786804:0.071580931544303894] [-0.11874961107969284:0.096414081752300262] [-0.11466296762228012:0.10284779220819473] [-0.095809221267700195:0.091158740222454071] [-0.10253777354955673:0.08225492388010025] [-0.10553955286741257:0.1180543377995491] [-0.12811583280563354:0.095268204808235168] [-0.10427157580852509:0.10017471760511398] [-0.092184342443943024:0.11072251945734024] [-0.12115511298179626:0.09478083997964859] [-0.092715971171855927:0.096345871686935425] [-0.086088024079799652:0.10565819591283798] [-0.10114496946334839:0.10056562721729279] [-0.13512273132801056:0.087142087519168854] [-0.073734365403652191:0.097973056137561798] [-0.10147803276777267:0.093480505049228668] [-0.086102209985256195:0.1023106575012207] [-0.11831405758857727:0.088953226804733276] [-0.10229801386594772:0.093699775636196136] [-0.090669639408588409:0.08360009640455246] [-0.11035910248756409:0.085057847201824188] [-0.099300086498260498:0.13352523744106293] [-0.085660234093666077:0.088212095201015472] [-0.10855717211961746:0.11362701654434204] [-0.072306267917156219:0.088762454688549042] [0:1] [0.049438480287790298:0.88764119148254395] [0:1] [7.8382854553638026e-06:3.1852610111236572] [0.5:2.5] [2.5485823154449463:5.3309640884399414] [15:300] [-2.2179117202758789:1.8724242448806763] [0.69314718246459961:8.0404472351074219] [36:105] [0.0020703934133052826:1] [1:4] [1.6120688915252686:4.5217084884643555] [0:14] [0.32416447997093201:0.65636014938354492] [-0.31660717725753784:0.71838390827178955] [-0.45795035362243652:0.68267017602920532] [-0.61014962196350098:0.50857901573181152] [-0.40947476029396057:0.52698755264282227] [-0.26005589962005615:0.79931795597076416] [-0.57793354988098145:0.46906685829162598] [-0.38699272274971008:0.5120316743850708] [-0.52089846134185791:0.51966255903244019] [-0.46495679020881653:0.4552294909954071] [-0.2977428138256073:0.44194278120994568] [-0.30275160074234009:0.55359691381454468] [-0.49580603837966919:0.5362810492515564] [-0.44251111149787903:0.46060755848884583] [-0.34212762117385864:0.36990499496459961] [-0.37616515159606934:0.3880174458026886] [-0.3147437572479248:0.3363058865070343] [-0.29219326376914978:0.39536005258560181] [-0.39982202649116516:0.31621810793876648] [-0.3834976851940155:0.41348108649253845] [-0.36725780367851257:0.3064713180065155] [-0.34936785697937012:0.38033422827720642] [-0.34510073065757751:0.38328292965888977] [-0.33057644963264465:0.33288359642028809] [-0.40244349837303162:0.37094253301620483] [-0.26097491383552551:0.40840733051300049] [-0.288188636302948:0.40808486938476562] [-0.31503972411155701:0.3266105055809021] [-0.31540456414222717:0.32317006587982178] [-0.29291972517967224:0.35593584179878235] [-0.31266158819198608:0.37510642409324646] [-0.33211511373519897:0.29312002658843994] [-0.31406748294830322:0.30381119251251221] [-0.2734890878200531:0.36704990267753601] [-0.34357258677482605:0.24741937220096588] [-0.26656851172447205:0.32804849743843079] [-0.20159848034381866:0.24319593608379364] [-0.28975421190261841:0.27648249268531799] [-0.33705943822860718:0.26798981428146362] [-0.32380011677742004:0.29791733622550964] [-0.25453466176986694:0.38841700553894043] [-0.30357715487480164:0.29289805889129639] [-0.29712143540382385:0.26045814156532288] [-0.25278228521347046:0.34213274717330933] [-0.33229947090148926:0.25091928243637085] [-0.22893556952476501:0.21988382935523987] [-0.23165377974510193:0.31832039356231689] [-0.20833024382591248:0.40913042426109314] [-0.26650699973106384:0.24067015945911407] [-0.29394838213920593:0.27541038393974304] [-0.27113410830497742:0.3310864269733429] [-0.24472339451313019:0.31705185770988464] [-0.24432000517845154:0.25000399351119995] [-0.24773885309696198:0.23663166165351868] [-0.23521457612514496:0.22563724219799042] [-0.21364669501781464:0.24460819363594055] [-0.21396258473396301:0.26981928944587708] [-0.22185257077217102:0.28129103779792786] [-0.23144182562828064:0.2175757884979248] [-0.27865231037139893:0.29086548089981079] [-0.22811342775821686:0.25541409850120544] [-0.27383169531822205:0.27264690399169922] [-0.23763503134250641:0.29348507523536682] [-0.17762419581413269:0.19497372210025787] -1:8:9:3:0:5:4:6:1:2:10:7:11 -1:0:2:1 -1:1:0:2:3 -1:52:26:15:46:18:47:4:45:31:8:48:33:28:11:16:22:37:13:5:17:41:35:27:19:21:40:12:7:44:20:2:36:3:6:24:0:50:54:32:10:25:38:9:51:23:39:14:29:49:42:34:43:1:30
tree_sizes=3520 3538 3510 3559 3549 3558 3561 3537 3565 3549 3550 3499 3537 3567 3547 3557 3550 3535 3542 3541 3550 3532 3532 3540 3545 3539 3545 3520 3514 3553 3557 3564 3543 3524 3505 3541 3544 3550 3511 3510 3524 3539 3511 3516 3531 3513 3544 3544 3525 3511 3507 3536 3523 3521 3502 3513 3532 3512 3496 3517 3513 3531 3551 3543 3526 3522 3512 3522 3515 3528 3536 3518 3518 3554 3543 3521 3510 3495 3506 3554 3512 3530 3514 3513 3497 3501 3524 3503 3509 3493 3519 3522 3501 3509 3518 3529 3504 3497 3483 3510 3510 3505 3481 3495 3552 3495 3517 3515 3530 3503 3505 3522 3511 3510 3496 3515 3487 3497 3498 3519 3474 3497 3535 3508 3511 3548 3508 3526 3514 3527 3516 3514 3507 3512 3494 3513 3509 3508 3506 3518 3487 3551 3509 3509 3502 3519 3518 3484 3521 3528 3529 3518 3493 3511 3500 3505 3507 3508 3499 3500 3523 3494 3525 3521 3535 3513 3517 3513 3509 3497 3496 3504 3521 3511 3506 3514 3512 3492 3498 3513 3519 3506 3508 3500 3500 3511 3532 3502 3518 3486 3512 3513 3510 3516 3511

Tree=0
num_leaves=31
num_cat=1
split_feature=13 237 158 11 11 8 12 100 222 168 108 101 173 160 167 145 97 144 154 160 168 146 66 88 73 158 107 160 98 65
split_gain=430.535 191.795 111.104 80.3432 75.0207 60.0583 57.1589 52.58 53.8111 47.8632 45.1611 33.7511 49.2198 33.0862 70.7615 34.81 32.0327 32.1945 31.1127 28.0088 27.5367 26.475 36.4179 25.2608 25.1565 22.9169 22.5793 20.3112 20.2485 24.5759
threshold=1.0000000180025095e-35 0 0.29166667163372045 0.0054878049995750198 0.025918047875165943 0.14990550279617312 19.500000000000004 0.03211066126823426 0.15821085870265963 3.1909397840499882 -0.010105531197041271 0.076224748045206084 -0.015531274024397133 1.0000000000000002 2.5000000000000004 0.028218538500368599 -0.034099722281098359 0.0041395493317395457 -0.041864283382892602 1.0000000000000002 3.1673040390014653 0.020753369666635994 3.7627093791961674 0.78284549713134777 0.055867666378617294 0.29166667163372045 -0.043518153950572007 1.0000000000000002 -0.0061428882181644431 1.0000000180025095e-35
decision_type=8 9 2 8 10 10 10 2 2 2 2 2 2 2 2 2 2 2 2 2 2 2 2 2 2 2 2 2 2 2
left_child=5 4 3 -3 7 6 -1 10 11 23 13 12 21 15 26 16 17 -2 -18 -8 -4 22 -9 -5 -10 28 -15 -11 29 -12
right_child=1 2 20 9 -6 -7 19 8 24 27 25 -13 -14 14 -16 -17 18 -19 -20 -21 -22 -23 -24 -25 -26 -27 -28 -29 -30 -31
leaf_value=-0.17185917833968709 -0.088516846842172259 0.018796100028360838 0.12860814376346652 0.099748954542193277 0.13711543843206761 0.04780511098950152 0.022179094948434497 0.076223851768739831 -0.19831988071731066 0.1330197864411482 -0.12608035799784853 0.14083360289811561 0.076708099779026553 -0.14821022324933367 -0.17015373380284804 -0.10667646488609375 -0.081924790678489262 0.076274427714337442 0.14641817527597575 -0.10361966876191163 0.15327365379003044 0.077774192371209222 -0.14164141827519108 0.0372932137427383 0.025047269335677559 0.13141579920374966 0.074856227220438873 0.1095821745359416 0.022549489498425744 0.12378411968083161
leaf_weight=45.490707218289572 17.8903921523397 90.045414210055924 736.09547287722307 633.30357425544935 124.27865002767203 48.961881415079006 43.375873510241036 9.8048081166198227 17.582987696718195 1030.3063108403535 4.223291964033705 21.66948132714424 49.352156648454184 5.1258816666304474 21.904204858754383 11.017220172756423 6.6070747587345968 35.143817791118636 61.602773485337821 29.898118291230503 1175.2983144258633 11.15950892638284 35.280545166489901 72.135802445066474 7.0692930046789106 114.24592189522264 39.550435662395103 576.71945496946637 52.684922417423877 57.950520682577917
leaf_count=27327 607 15759 27246 31716 7079 17995 8119 1095 78 51738 254 362 2070 117 435 376 282 470 815 6334 50600 239 897 6092 30 1618 1730 36793 1890 1023
internal_value=0 0.117479 0.125492 0.111468 0.0656769 -0.0453915 -0.0838127 0.0514985 0.000958455 0.115077 0.06944 0.0271524 0.00382403 0.0345701 -0.0229225 0.063512 0.0789767 0.0206843 0.1243 -0.0291508 0.143775 -0.0601282 -0.0942618 0.0933624 -0.134267 0.0997039 0.049263 0.124609 0.0681611 0.106812
internal_weight=0 5018.05 4313.9 2402.51 704.144 167.727 118.765 579.865 151.919 2312.47 427.946 127.267 105.597 198.842 66.5805 132.261 121.244 53.0342 68.2098 73.274 1911.39 56.2449 45.0854 705.439 24.6523 229.105 44.6763 1607.03 114.859 62.1738
internal_count=301186 241411 219944 142098 21467 59775 41780 14388 4771 126339 9617 4663 4301 4832 2282 2550 2174 1077 1097 14453 77846 2231 1992 37808 108 4785 1847 88531 3167 1277
cat_boundaries=0 2
cat_threshold=1073745920 532487
is_linear=0
shrinkage=0.1


Tree=1
num_leaves=31
num_cat=1
split_feature=157 156 157 170 157 170 157 156 156 166 234 163 13 173 170 157 168 208 10 10 11 11 220 13 170 6 193 156 119 72
split_gain=2518.58 1210.15 417.894 354.868 287.035 259.489 183.241 144.011 124.501 114.837 88.1773 72.2069 65.4005 60.6479 58.4429 56.7248 54.5446 50.6648 48.6218 47.6397 46.5763 45.9861 45.8415 45.1086 46.0258 43.9507 42.1029 40.6734 40.462 39.8708
threshold=0.48986887931823736 1.0000000180025095e-35 0.56410160660743724 0.49834191799163824 0.42051003873348242 0.54416155815124523 0.40533988177776342 0.022347066551446918 1.0000000180025095e-35 0.92124342918396007 0 0.8946710228919984 0.012121656909585001 -0.080371119081974016 0.47982421517372137 0.61189672350883495 3.7418887615203862 0.040003204718232162 137.50000000000003 169.50000000000003 0.062208414077758796 0.016886585392057899 0.10949296131730081 0.009051441680639984 0.5227518379688264 0.2264957278966904 -0.19151625037193296 0.022347066551446918 0.040671421214938171 0.12403846159577371
decision_type=2 2 2 2 2 2 2 2 2 2 1 2 8 2 2 2 2 2 10 10 10 8 2 8 2 10 2 2 2 2
left_child=1 -1 5 4 10 8 -5 -7 -2 11 19 13 26 -8 -14 23 22 -11 -16 -3 -15 -6 29 -4 -25 -26 -10 -21 -12 -9
right_child=2 3 15 6 21 7 9 16 12 17 28 -13 14 20 18 -17 -18 -19 -20 27 -22 -23 -24 24 25 -27 -28 -29 -30 -31
leaf_value=-0.19773009916938933 -0.19912470996514275 0.015929937410551643 0.04183426229520916 -0.095865693999020285 0.054587687677699774 -0.12810162832963601 0.048648442546541486 0.068616696580256931 -0.17703626267505787 0.037542090618818275 -0.031180140787338235 -0.17150092257022345 0.15654047162556872 -0.025031406357839521 0.10081773394567013 0.16974378985944549 0.11005420852631674 0.12467706970660841 0.13452810822561814 -0.045659596056708419 0.058669270066410033 0.11504960834192256 -0.12611184489382901 0.16453518256734778 0.13741626017809841 -0.031589098407021725 0.071528300674796125 0.10995059917189032 0.04613085094417721 -0.024706692474143286
leaf_weight=204.15412173914501 11.531124233502849 121.62537681536651 39.294439318994591 142.66067043854218 141.80100849457085 37.754154688294875 268.29613137976867 377.29963447431692 7.2848960681349118 132.2219971605482 244.37863950190149 22.416018996275852 771.52138068432942 392.99173967150909 617.85921713954485 2742.1040219626502 247.71693410849366 134.72143619825874 1391.386905125737 18.5274331931505 80.019421671699092 1114.4373246847426 14.07482655743024 1064.7671693921529 1007.5706020485904 15.62602831193726 105.53194478674595 179.85541038673364 93.634145537516815 52.101593953406336
leaf_count=19600 1227 10926 8827 9498 13268 2467 9134 19413 315 4413 16356 6317 10048 21356 19428 24485 3321 1949 15672 531 3868 26035 1514 9272 14859 732 15412 3325 4254 3287
internal_value=0 0.0380664 0.141086 0.0536575 0.0801995 0.115425 0.0103549 0.0620796 0.12881 0.0250575 0.0266958 0.00532309 0.130117 0.01067 0.133145 0.160237 0.0724676 0.0815175 0.124162 0.063231 -0.0108717 0.108225 0.0514724 0.147983 0.149981 0.134835 0.0554778 0.0954178 -0.00948338 0.0572933
internal_weight=0 3291.74 8503.42 3087.59 1914.26 3634.06 1173.33 728.947 2905.12 1030.67 658.021 763.723 2893.58 741.307 2780.77 4869.36 691.193 266.943 2009.25 320.008 473.011 1256.24 443.476 2127.26 2087.96 1023.2 112.817 198.383 338.013 429.401
internal_count=301109 150830 150279 131230 74695 92104 56535 30002 62102 47037 35392 40675 60875 34358 45148 58175 27535 6362 35100 14782 25224 39303 24214 33690 24863 15591 15727 3856 20610 22700
cat_boundaries=0 1
cat_threshold=2083
is_linear=0
shrinkage=0.1


Tree=2
num_leaves=31
num_cat=0
split_feature=156 13 156 158 158 13 160 158 166 92 11 163 8 166 156 93 66 131 182 166 4 156 188 164 156 10 4 3 182 10
split_gain=1492.54 408.794 226.348 177.238 152.191 149.943 140.535 89.9063 80.1139 79.0208 76.1093 71.0914 62.5254 61.5006 57.3124 42.5458 38.4202 41.6376 37.6119 36.2066 34.7023 32.9183 32.7989 32.6556 31.445 30.0845 29.8439 29.6956 27.852 27.7261
threshold=0.097693528980016722 0.019769410602748397 0.025751547887921337 0.29166667163372045 0.29166667163372045 1.0000000180025095e-35 1.0000000000000002 0.29166667163372045 0.64693629741668712 0.91027551889419567 0.021912938915193084 -0.34070363640785212 0.18482562899589541 0.7881617844104768 0.20483683049678805 0.19220163673162463 9.7978043556213397 -0.0090168323367834074 -0.047833580523729317 0.55290481448173534 0.043961353600025184 1.0000000180025095e-35 -0.049518279731273644 4.2555875778198251 0.26209992170333868 88.500000000000014 0.077193934470415129 0.10050505027174951 -0.026045070961117741 34.500000000000007
decision_type=2 8 2 2 2 10 2 2 2 2 10 2 10 2 2 2 2 2 2 2 8 2 2 2 2 10 8 8 2 10
left_child=2 5 21 6 9 -2 13 19 10 -4 -5 24 20 14 -3 28 18 22 -10 -7 -6 -1 -18 27 -8 -13 -19 -16 -9 -14
right_child=1 3 4 8 12 7 11 15 16 -11 -12 25 29 -15 23 -17 17 26 -20 -21 -22 -23 -24 -25 -26 -27 -28 -29 -30 -31
leaf_value=-0.15931905905153176 -0.093776895627737264 0.0492562315036058 -0.045380546384511694 0.086637060288312084 -0.085595812174982036 -0.022845527231437464 0.059732165936927199 0.065798407806758635 0.12553173237903364 0.025667230247663122 0.12999950788308634 -0.023781644411684288 -0.14112370028264426 0.12918765194210455 -0.019912767785509263 0.042650471781760964 -0.19768179256838564 -0.18557432322218326 0.1468343427382541 0.046541461981240262 0.034213504360381362 -0.07027578366038803 0.13009744731822662 0.045659077989595703 0.11303412625936529 0.045754655127077118 0.039777241090987375 0.12262223269955058 0.11641812324316475 0.094163211897051777
leaf_weight=56.670542469346401 63.628456009239017 220.82798400824686 353.69075291949412 677.544769952161 27.93344833147421 117.8842503594351 220.17501393375278 159.81170172975544 1198.5021171402477 280.85201614602556 1005.4176617253688 94.822299841805943 5.0981845813657847 1083.6695578744111 15.072872851102145 172.69554634642554 3.1667971873248453 7.7646725736267426 2686.9990875676303 207.7039005432016 179.70441081153695 155.27552559523247 84.793346625345293 70.649262071077828 222.55357541654666 180.95121410144202 24.169442052021623 482.94810941577452 339.84196938227979 284.18830312149657
leaf_count=22550 36183 13229 38287 15230 5306 8203 7066 3102 7018 20858 9679 11479 2077 13127 1798 2542 180 284 13741 7400 8674 19365 681 2429 3366 6470 325 9012 4419 7304
internal_value=0 0.113485 0.000755648 0.120975 0.018521 0.0550616 0.0992996 0.0645515 0.13085 -0.0139344 0.112542 0.0617006 0.0599647 0.113722 0.0924929 0.0854387 0.138543 0.0827884 0.140263 0.0214188 0.0180956 -0.0940843 0.118297 0.109283 0.0865263 0.0218452 -0.0150162 0.118308 0.100228 0.0900167
internal_weight=0 9341.59 1343.41 8280.03 1131.47 1061.57 2591.67 997.937 5688.36 634.543 1682.96 718.502 496.924 1873.17 789.498 672.349 4005.4 119.894 3885.5 325.588 207.638 211.946 87.9601 568.67 442.729 275.774 31.9341 498.021 499.654 289.286
internal_count=301384 176963 124421 115114 82506 61849 67976 25666 47138 59145 24909 28381 23361 39595 26468 10063 22229 1470 20759 15603 13980 41915 861 13239 10432 17949 609 10810 7521 9381
is_linear=0
shrinkage=0.1


Tree=3
num_leaves=31
num_cat=7
split_feature=157 168 157 157 237 157 237 166 13 237 157 12 237 237 156 168 93 237 156 161 157 177 13 12 197 157 237 156 12 157
split_gain=2318.7 374.762 352.656 195.988 188.123 166.447 112.747 96.8893 91.4949 78.1448 64.3969 58.2668 57.1321 51.9666 43.1304 36.4389 35.3763 35.0479 34.2864 31.5825 39.9842 45.8202 30.8647 30.4021 29.5008 29.1262 30.0828 28.9282 28.8258 26.1181
threshold=0.51455250382423412 3.1909397840499882 0.45341856777668005 0.56920528411865245 0 0.59474343061447155 1 0.64693629741668712 0.013341424055397512 2 0.39950715005397802 72.500000000000014 3 4 0.077296491712331786 3.2102260589599614 0.13221641629934314 5 0.10275264084339143 3.8938921689987187 0.68536502122879039 0.0896420292556286 0.027106754481792453 173.50000000000003 0.038263749331235893 0.48628522455692297 6 0.29198718070983892 100.50000000000001 0.65575143694877636
decision_type=2 2 2 2 9 2 9 2 10 9 2 8 9 9 2 2 2 9 2 2 2 2 8 10 2 2 9 2 10 2
left_child=2 3 10 13 17 6 24 15 9 -5 -1 -8 -12 28 -9 -6 29 22 -13 -18 21 -21 -4 -10 -3 26 -16 -20 -2 -7
right_child=1 5 4 8 7 16 11 14 23 -11 12 18 -14 -15 25 -17 19 -19 27 20 -22 -23 -24 -25 -26 -27 -28 -29 -30 -31
leaf_value=-0.10872548534095337 -0.025590124947890237 0.020294907916854107 -0.074047732184951212 -0.024396342243308059 -0.037493376807557779 0.13932342978845272 0.047237898223752184 0.0078353651060206458 0.08083967895804485 0.084571547223930357 0.0061001774779629514 0.067609197309169922 -0.066000690487224539 -0.037769738653099183 -0.014907906635545795 0.042825261870789111 0.14771443443030338 -0.062555906845872769 0.13121236178051177 0.074159813646186151 0.13740245476316551 0.15632809827124217 0.015127277184127489 0.126774427435797 0.08043436653896352 0.097468209886945587 0.075098299214096595 0.10578403710558951 0.064416282948474998 0.15892370233877515
leaf_weight=197.90306488678652 48.297949226358469 168.39526554230724 48.703328166977371 106.93940208178174 127.34562685956371 2028.0257038047421 115.37998299592982 86.728653280162689 210.86457336441526 156.24518999941756 174.60254244185489 117.49362405769352 302.65612334217076 155.20589357461904 56.32674448162652 101.51046843674703 417.02025987129309 164.64061853751264 1410.0596750146942 316.37882441766851 367.43600446503842 86.398513438529335 191.12570692446752 454.97446686035983 158.19169635253274 415.65352113143672 105.04847246047575 655.30977158238238 135.15384786645154 1022.6960970195069
leaf_count=43604 8531 5607 7709 8640 16603 8875 12657 7310 6581 7347 16664 4396 41944 17432 3001 9565 1451 16682 9718 2936 1386 225 12024 4193 3548 6098 3480 6405 4138 2291
internal_value=0 0.118711 -0.002155 0.0687574 0.0283531 0.127938 0.10815 0.0536401 0.0924972 0.0425812 -0.0607655 0.11599 -0.0408781 0.00363309 0.0735867 -0.00186757 0.140194 -0.028084 0.120155 0.125549 0.113547 0.0917855 -0.0028626 0.112227 0.0479567 0.0834693 0.0474122 0.123144 0.0386151 0.145894
internal_weight=0 8130.47 1972.24 1267.68 1297.08 6862.79 2624.83 892.613 929.024 263.185 675.162 2298.24 477.259 338.658 663.757 228.856 4237.96 404.47 2182.86 1187.23 770.213 402.777 239.829 665.839 326.587 577.029 161.375 2065.37 183.452 3050.72
internal_count=301041 116357 184684 56862 82472 59495 42331 46057 26761 15987 102212 33176 58608 30101 19889 26168 17164 36415 20519 5998 4547 3161 19733 10774 9155 12579 6481 16123 12669 11166
cat_boundaries=0 2 4 6 8 10 12 14
cat_threshold=2420343608 746891 2684486400 590223 2185634916 2033818 2075135106 4327540 898702835 4241776 272662840 9217 17581186 1343504
is_linear=0
shrinkage=0.1


Tree=4
num_leaves=31
num_cat=4
split_feature=157 157 157 170 168 237 237 168 166 168 170 157 157 157 170 237 170 171 12 8 205 171 224 168 237 158 163 72 170 129
split_gain=2279.49 398.905 250.174 224.875 161.032 147.478 131.167 100.48 87.3551 66.1673 64.1957 68.6505 56.6081 53.7221 87.9232 50.3344 43.2474 42.2077 41.38 34.8091 36.3385 33.0223 29.5833 29.238 27.7486 26.9427 26.1709 26.1402 26.1085 29.6208
threshold=0.51455250382423412 0.56410160660743724 0.47200755774974829 0.52684506773948681 3.1909397840499882 0 1 3.1909397840499882 0.68153604865074169 3.7418887615203862 0.48385892808437353 0.41595986485481268 0.61189672350883495 0.62295880913734447 0.53399008512496959 2 0.53399008512496959 0.44739343225955969 200.50000000000003 0.25840498507022863 0.033227039501070983 0.44739343225955969 -0.13352238386869428 3.3216068744659428 3 0.36666667461395269 -0.65348243713378895 0.027973395772278312 0.61243727803230297 0.0030671866843476896
decision_type=2 2 2 2 2 9 9 2 2 2 2 2 2 2 2 9 2 2 10 10 2 2 2 2 9 2 2 2 2 2
left_child=2 3 10 7 6 -4 25 24 -7 -5 11 -1 18 14 21 -9 -10 28 -8 20 22 -6 -16 -13 -2 -3 -19 -22 -15 -30
right_child=1 4 5 9 13 8 12 15 16 -11 -12 23 -14 17 19 -17 -18 26 -20 -21 27 -23 -24 -25 -26 -27 -28 -29 29 -31
leaf_value=-0.088947028355986654 0.037381592120826222 -0.032108595351968534 -0.043175597618413185 -0.028532121010065688 0.13420013604003372 -0.021056391445469242 0.02605160883003467 -0.0072147265507284996 0.087206207220331428 0.058430287753108927 -0.096474580414942113 -0.049898976537778916 0.1260787914228815 0.14577597774267043 -0.059076469811433885 0.10402745115637438 -0.02732939524277983 0.12321267389929427 0.099428332002984662 0.10974816142859643 -0.061863915836821604 0.068737987437975517 0.092234075190543899 0.023711644770429318 -0.050813510953168009 0.047392951965349289 0.067662354984547882 0.052650024557083709 0.13101410028860069 0.036959938138676422
leaf_weight=154.02270731800672 102.48308447402815 98.171972048978205 256.55229249205877 261.34586857025715 1519.9572291995428 126.87825583362428 125.94975408013852 49.851208008025424 322.06229775131214 131.5277357269224 343.8767195547407 84.596195438942232 435.15127633993689 2384.2679023857054 13.570234653161604 954.10469668299629 36.726366735441843 599.78451121560647 197.16877845619456 423.14914390593185 31.424266215777607 81.174949455889873 270.22713021988602 148.99626910104416 42.777440445424872 75.34204294680967 98.776588791690301 54.515967339582858 120.34474619856337 46.392170569102746
leaf_count=34237 7082 7035 31666 26244 7525 16895 10378 2610 7456 3196 67215 12265 6668 5627 344 12988 2266 2047 2308 4207 1120 1316 3369 12582 6021 2613 1458 1172 383 367
internal_value=0 0.111668 -0.0235199 0.065893 0.122404 0.017383 0.0838899 0.0882206 0.0492478 0.000581489 -0.0650227 -0.0371198 0.1012 0.128762 0.117395 0.0994681 0.0754821 0.137137 0.0708265 0.0901624 0.0677473 0.130881 0.0849989 -0.00294666 0.0104845 0.00228058 0.115358 0.0107777 0.143101 0.104845
internal_weight=0 8117.46 1473.71 1542.09 6575.37 742.219 931.784 1149.22 485.667 392.874 731.492 387.615 758.27 5643.58 2394.02 1003.96 358.789 3249.57 323.119 792.887 369.738 1601.13 283.797 233.592 145.261 173.514 698.561 85.9402 2551 166.737
internal_count=300660 116078 184582 58141 57937 58283 29002 28701 26617 29440 126299 59084 19354 28935 19053 15598 9722 9882 12686 10212 6005 8841 3713 24847 13103 9648 3505 2292 6377 750
cat_boundaries=0 2 4 6 8
cat_threshold=2420359992 5236619 3758238308 722442 2147614720 590218 899003813 5544304
is_linear=0
shrinkage=0.1


Tree=5
num_leaves=31
num_cat=4
split_feature=156 13 163 156 237 13 8 237 166 136 8 13 171 70 13 237 156 85 237 8 86 173 10 76 73 214 86 214 173 107
split_gain=1139.61 426.148 124.759 100.117 99.5081 69.6903 66.8152 60.6538 53.887 38.9259 39.5708 38.908 38.7013 36.9013 35.5027 32.3799 25.7566 24.9446 24.8385 24.6065 24.4867 23.4921 23.0069 23.3662 23.7644 22.5622 21.0306 20.9709 20.601 20.0256
threshold=0.097693528980016722 0.019769410602748397 0.3110466748476029 0.029557367786765102 0 0.05279884114861489 0.24995663017034533 1 0.80103605985641491 -0.025871706195175644 0.17955233156681064 0.013341424055397512 0.33477982878685003 9.5000000000000018 0.0072203108575195083 2 0.25116822123527532 100.50000000000001 3 0.18482562899589541 -1.1534370779991148 0.077140230685472502 522.00000000000011 0.35252693295478826 0.069605946540832533 0.020656355656683448 -0.91503310203552235 -0.10694538056850432 0.053667657077312476 -0.062334548681974404
decision_type=2 8 2 2 9 10 10 9 2 2 10 10 2 2 10 9 2 2 9 10 2 2 8 2 2 2 2 2 2 2
left_child=3 4 5 -1 14 8 15 17 9 25 18 26 22 19 -2 -4 28 -5 -11 -9 -8 -12 23 -10 -25 -3 -6 -22 -7 -23
right_child=1 2 6 7 11 16 20 13 12 10 21 -13 -14 -15 -16 -17 -18 -19 -20 -21 27 29 -24 24 -26 -27 -28 -29 -30 -31
leaf_value=-0.091919245331516672 -0.086293912194765343 0.12522849506684147 0.044580223293238568 -0.052234713439553604 -0.034694416948367016 0.11599363847256033 -0.14739006732482637 -0.038860974350671158 0.10542150630947898 0.07525245784764048 0.10851469688425273 0.078823379960308998 0.084392905904705426 0.064228914559803785 -0.0053561175041415441 -0.030768663463610454 0.12648204641972907 0.047637389449734197 0.029136288807140438 0.028927876242146683 -0.001160026526598883 0.13134255341612885 0.12511710810413365 0.085357811407506506 -0.12765887829220299 0.036321139487611252 0.045800358190934892 0.097458216937376024 0.083106815434700221 0.056393753571707173
leaf_weight=179.84270428005402 77.201723422396753 315.75001615690417 159.63633022071735 252.1460307723537 58.026866679429077 653.12496362502861 4.3555227898177682 103.355658675835 659.11111886122671 487.62166643945966 494.66958683621488 224.04039625669247 462.86115629359847 127.27795012851857 181.8560059946758 78.970713346003322 2079.823184397741 27.762000853079371 210.69302413880359 111.11214330269286 23.036958045442589 43.714944716455648 1184.6090928233752 13.110933006741108 8.7207515955669788 31.380151708581252 73.659098942924174 336.9432831256272 268.8999849070824 193.22786918611382
leaf_count=46709 28660 3360 11618 38054 7132 6507 666 15538 6458 12016 5422 5908 4544 10357 11742 12171 10758 3094 7714 10422 1916 369 8949 107 45 1351 8478 9817 6118 4987
internal_value=0 0.0986405 0.105029 -0.0262092 0.018517 0.108734 0.0613559 -0.00719951 0.100267 0.0871528 0.0798606 0.0520062 0.110276 0.0209602 -0.0283808 0.0202212 0.120315 -0.0408691 0.0628333 -0.00374072 0.0882955 0.0961129 0.116697 0.10205 0.000267464 0.117191 0.0103307 0.0911471 0.106403 0.0702215
internal_weight=0 8325.05 7710.26 801.496 614.784 7107.32 602.943 621.654 4105.47 1777.06 1429.93 355.726 2328.41 341.746 259.058 238.607 3001.85 279.908 698.315 214.468 364.336 731.612 1865.55 680.943 21.8317 347.13 131.686 359.98 922.025 236.943
internal_count=300987 176813 114893 124174 61920 78705 36188 77465 55322 35219 30508 21518 20103 36317 40402 23789 23383 41148 19730 25960 12399 10778 15559 6610 152 4711 15610 11733 12625 5356
cat_boundaries=0 2 4 6 8
cat_threshold=2352467365 1269934 2621346330 5861675 88943516 4209685 491622682 1496000
is_linear=0
shrinkage=0.1


Tree=6
num_leaves=31
num_cat=7
split_feature=157 157 168 157 13 237 170 166 157 170 170 171 237 13 237 156 237 170 170 170 237 170 157 93 170 201 11 237 237 157
split_gain=1762.77 348.913 199.728 172.822 147.106 137.574 112.206 83.2681 75.7011 89.5473 49.8468 46.8368 44.8819 39.8349 37.9474 35.5128 46.8485 26.0672 25.0975 24.2896 23.8253 22.549 22.4813 24.5949 22.1322 21.1964 20.799 20.7723 19.659 19.602
threshold=0.51455250382423412 0.56920528411865245 3.1909397840499882 0.45341856777668005 0.013341424055397512 0 0.52684506773948681 0.66632089018821727 0.62295880913734447 0.52853217720985424 0.53399008512496959 0.33477982878685003 1 0.057443765923380859 2 0.2416573911905289 3 0.5227518379688264 0.44583775103092199 0.48579195141792303 4 0.60061484575271618 0.68536502122879039 0.36546161770820623 0.48174977302551275 -0.051795141771435731 0.024211404845118526 5 6 0.39950715005397802
decision_type=2 2 2 2 8 9 2 2 2 2 2 2 9 10 9 2 9 2 2 2 9 2 2 2 2 2 8 9 9 2
left_child=3 2 17 18 20 -5 12 24 9 15 26 -10 28 21 -8 -6 -17 27 29 -14 -3 -11 23 -13 -7 -21 -9 -2 -4 -1
right_child=1 4 6 5 8 7 14 10 11 13 -12 22 19 -15 -16 16 -18 -19 -20 25 -22 -23 -24 -25 -26 -27 -28 -29 -30 -31
leaf_value=-0.072720891853681427 0.034734738659989266 0.046453463081979486 -0.02261030837951733 -0.050847196562977065 0.13453157216255193 0.011818568091903028 0.05720761879806896 -0.016488921795588651 0.13261172069220203 0.063276524946263679 -0.066178988525144242 0.093512811660387496 0.11781159146918777 0.10404671958942786 -0.014681065924427462 0.12261087360622101 0.066523685277030495 -0.064362977286876996 -0.082088170637492019 0.043599602000296125 -0.0377187727191967 -0.031748615560567787 0.11655539957018012 0.0077938791361766725 -0.070460642170051366 0.096161237512612074 0.071656547541264368 -0.041343960485172554 0.056339718293152499 0.011518390731159374
leaf_weight=51.824430974189454 78.975325019273441 54.360986918363778 36.436356367528788 277.41592824344843 673.98233232804341 57.8737291268626 130.24361005386163 28.847934807912679 2731.4453444050741 458.43711632335908 31.069638025888707 206.94707606494194 458.45327765087131 308.92370552361535 150.73381977267854 580.01381246687379 332.12656724467524 95.0841495231507 367.20519530690945 96.058286970946938 60.511063951154938 26.410497665929142 497.90160544106038 39.931439339066856 75.135114942975633 381.15598338213749 371.58547389421437 50.330107946851058 183.11943940684432 59.151512417491176
leaf_count=13354 6137 5136 2519 43437 2871 6993 4713 2680 8836 9671 3188 2115 3966 3200 11450 3364 3523 17003 80916 2200 10578 1155 2043 818 16452 4228 9825 7041 3625 7972
internal_value=0 0.103669 0.0631231 -0.0214833 0.114945 0.00578473 0.0768314 0.0339151 0.117143 0.103402 0.055839 0.126551 0.0906162 0.075982 0.0201556 0.117124 0.104262 -0.0246163 -0.0694937 0.100301 0.0028745 0.0581003 0.104321 0.0796482 -0.03466 0.0855811 0.0653064 0.00461117 0.0428234 -0.0278203
internal_weight=0 7631.58 1660.59 1320.11 5970.99 841.928 1436.2 564.512 5856.12 2379.89 431.503 3476.23 1155.22 793.771 280.977 1586.12 912.14 224.39 478.181 935.668 114.872 484.848 744.78 246.879 133.009 477.214 400.433 129.305 219.556 110.976
internal_count=301009 116192 62882 184817 53310 82575 32701 39138 37596 23784 15693 13812 16538 14026 16163 9758 6887 30181 102242 10394 15714 10826 4976 2933 23445 6428 12505 13178 6144 21326
cat_boundaries=0 2 4 6 8 10 12 14
cat_threshold=2420359992 5235595 3795993384 5194127 155353248 16448 487900497 1053248 2100115539 824193 898970785 5568608 2147614720 590090
is_linear=0
shrinkage=0.1


Tree=7
num_leaves=31
num_cat=3
split_feature=156 13 168 12 13 156 158 160 92 237 156 12 237 10 237 171 8 6 9 10 124 116 12 196 148 201 128 78 134 185
split_gain=775.937 323.476 119.544 75.2954 75.0439 73.9191 47.3469 49.9526 42.0004 39.5716 32.2575 29.7545 29.137 26.6917 25.8267 22.2295 20.5597 19.5317 20.6274 19.106 25.0536 22.8478 18.7323 20.8811 18.689 18.5699 23.6351 20.9591 19.618 18.5697
threshold=0.097693528980016722 0.019769410602748397 3.1909397840499882 200.50000000000003 0.009051441680639984 0.025751547887921337 0.29166667163372045 1.0000000000000002 0.91457375884056102 0 0.17512886226177218 64.500000000000014 1 137.50000000000003 2 0.33477982878685003 0.2115290388464928 0.13373984396457675 0.023588683456182483 567.50000000000011 -0.032297940924763673 0.060651041567325599 55.500000000000007 0.19150047004222873 -0.018879428505897519 0.13218392431735995 0.045701390132308013 0.10620300844311716 0.04044052958488465 -0.044784717261791222
decision_type=2 8 2 10 10 2 2 2 2 9 2 8 9 8 9 2 10 8 10 8 2 2 8 2 2 2 2 2 2 2
left_child=5 4 3 10 -2 -1 7 11 12 -6 -3 -4 -7 -9 -12 22 -14 -13 -19 20 -17 29 23 -8 -23 -24 27 28 -27 -22
right_child=1 2 6 -5 9 8 15 13 -10 -11 14 17 16 -15 -16 19 -18 18 -20 -21 21 24 25 -25 -26 26 -28 -29 -30 -31
leaf_value=-0.087458690747205331 -0.049709321865801105 -0.031252651527581193 0.031072456895505286 0.089990864981762703 0.064021562386528674 -0.055867739172915321 0.078641648851016155 0.0010030672917468928 0.032025542815577943 -0.0038189119127399213 -0.044829397452489879 0.10925616799198695 -0.024002877536210311 0.075056303342338704 0.050968236212658585 -0.082364167962367785 0.042953404998657907 0.08911390786772401 -0.053154335765562388 0.10386695426950182 0.10939340508002258 -0.18434875357195329 0.11488733196679785 -0.19669455589909779 0.05745396862490814 0.10530206786048667 -0.042698930504512567 -0.11590100429903796 -0.024308378909351593 0.03231977335037306
leaf_weight=128.51304020202224 135.50797833471006 68.302431757212617 59.986066638026386 473.34668378060451 209.83074487862177 150.6064162493858 112.81516268453561 52.252865603979444 209.44523296147963 147.69480914654559 25.621536794234999 1287.746293587581 116.04371459438698 710.42800479693688 317.6447842989146 11.423306475742718 75.826479486873723 507.16593794210348 10.400275467429308 267.7651089047431 91.301167350698961 6.0445468566031195 3157.0824687643908 2.8233253884827709 6.7837400035932642 210.10113693110179 13.457424584426915 4.6728080335888071 12.365490226657128 47.53583092361805
leaf_count=41768 43278 10419 5471 6949 7332 29796 4841 5903 25963 11342 2676 11656 18922 13468 21137 314 7564 7975 293 1663 504 60 19080 231 53 1384 182 94 95 699
internal_value=0 0.0921094 0.0972961 0.0627911 0.0136617 -0.019154 0.101942 0.0915439 -0.00324955 0.0376803 0.0315086 0.10036 -0.0248224 0.0699828 0.0439967 0.10887 0.00233627 0.102662 0.0862551 0.0874325 0.0604498 0.0712064 0.111499 0.0719193 -0.0564808 0.112846 0.0860664 0.0936954 0.0980979 0.0830045
internal_weight=0 7950.1 7457.07 884.915 493.034 680.435 6572.15 2627.98 551.922 357.526 411.569 1865.3 342.477 762.681 343.266 3944.17 191.87 1805.31 517.566 430.854 163.089 151.665 3513.32 115.638 12.8283 3397.68 240.597 227.139 222.467 138.837
internal_count=301112 177099 115147 41181 61952 124013 73966 44766 82245 18674 34232 25395 56282 19371 23813 29200 26486 19924 8268 3293 1630 1316 25907 5072 113 20835 1755 1573 1479 1203
cat_boundaries=0 2 4 6
cat_threshold=864571928 5021553 2491392025 1274122 2148149316 589960
is_linear=0
shrinkage=0.1


Tree=8
num_leaves=31
num_cat=5
split_feature=157 157 168 157 170 170 157 237 93 13 170 168 168 170 157 170 166 157 237 237 237 170 7 157 8 203 237 220 156 170
split_gain=1240.82 240.608 168.661 123.537 90.6064 88.873 74.1733 58.6995 57.7655 56.5755 46.9727 46.7884 37.8049 37.7774 37.6545 35.7441 34.3723 29.0113 28.6795 27.0936 26.8183 24.2997 23.4231 22.7219 20.0861 20.0499 19.9701 18.8437 18.1197 16.6866
threshold=0.51455250382423412 0.61189672350883495 3.1909397840499882 0.47200755774974829 0.52853217720985424 0.48174977302551275 0.55453500151634227 0 0.21133834123611453 0.014371278230100872 0.53171861171722423 3.1909397840499882 3.4504811763763432 0.5227518379688264 0.68536502122879039 0.47530725598335272 0.68153604865074169 0.43368178606033331 1 2 3 0.60061484575271618 0.043015725910663612 0.55453500151634227 0.18482562899589541 0.066642604768276228 4 0.01115949032828212 0.49683544039726263 0.46884198486804968
decision_type=2 2 2 2 2 2 2 9 2 10 2 2 2 2 2 2 2 2 9 9 9 2 8 2 10 2 9 2 2 2
left_child=3 2 9 15 7 -4 10 -5 14 -2 18 -10 20 23 22 17 -9 -1 -7 -14 28 -21 -3 -11 -15 -20 -12 -24 -8 -18
right_child=1 8 5 4 -6 6 12 16 11 13 26 -13 19 24 -16 -17 29 -19 25 21 -22 -23 27 -25 -26 -27 -28 -29 -30 -31
leaf_value=-0.045852928828750944 -0.029838443547216816 0.046297475186146436 0.11396492647046011 -0.025523032584875094 -0.065300563391054084 -0.0057197872641039449 0.083220055115525604 -0.0016387702168835741 0.011725339633119364 0.018301516858573938 0.030852160432739442 0.099319607386918252 0.040268020051590053 -0.0321044042269341 0.14563979804819996 -0.066456805013512088 0.099200909837502932 0.021832960909027341 0.083502995439751482 0.10872925247493688 0.0079234302618686591 0.032277689163138445 0.12543177120183055 0.097835219331856821 0.04245131221491083 0.023537610767770285 -0.039382486097901542 0.10720601885653298 -0.050871300951949874 0.052221780742498274
leaf_weight=146.33299442132557 139.07813520163472 46.035044490097789 924.44867673315457 115.01907914075127 103.77960399194126 61.249102496309206 269.86708485201234 82.262617766558833 66.619506953487871 49.091308736053179 74.75699624644767 720.34360491126426 118.12113644197234 66.797844455126324 563.565833526809 323.81877622027969 125.69532476604218 111.63229705607228 329.58642021735432 908.05447364156134 89.906289703634684 43.569372167636175 1452.5596765315131 133.88501696834282 78.72132700237853 67.112501371753751 67.627347613684833 930.77853561895608 10.468340397725113 189.72969331666536
leaf_count=35519 26591 2922 6733 16555 20379 3382 4295 13096 4583 3867 3641 3910 2344 7322 1560 78059 1946 12500 4961 6593 3910 1123 6518 2813 3989 1730 7736 4995 664 6045
internal_value=0 0.0986076 0.0794401 -0.0112812 0.0199105 0.0882434 0.0765892 0.0371585 0.116013 0.023621 0.0470595 0.0919044 0.0889001 0.0462546 0.122352 -0.0443334 0.0545572 -0.0165624 0.0626569 0.0984324 0.0613583 0.104135 0.116949 0.0764969 0.00822791 0.0715545 -0.00310583 0.118314 0.0755189 0.0709427
internal_weight=0 7212.24 3432.34 1198.27 616.486 2964.77 2040.32 512.707 3779.9 467.574 600.332 786.963 1439.99 328.495 2992.94 581.784 397.688 257.965 457.948 1069.74 370.242 951.624 2429.37 182.976 145.519 396.699 142.384 2383.34 280.335 315.425
internal_count=300281 116182 91694 184099 58021 47112 40379 37642 24488 44582 21450 8493 18929 17991 15995 126078 21087 48019 10073 10060 8869 7716 14435 6680 11311 6691 11377 11513 4959 7991
cat_boundaries=0 2 4 6 8 10
cat_threshold=2420359738 5202827 2192705409 852367 2452816136 593928 117542704 1884320 1212211888 540737
is_linear=0
shrinkage=0.1


Tree=9
num_leaves=31
num_cat=3
split_feature=156 13 168 10 13 156 163 171 237 160 167 6 237 121 156 88 70 168 103 225 159 156 201 67 133 70 173 237 156 230
split_gain=488.44 225.795 87.1072 65.3989 61.8376 59.3873 39.2641 35.6519 34.0624 30.1676 56.4619 29.937 28.3246 26.1241 25.9444 23.4349 21.6325 21.3765 20.4506 18.8196 18.8722 18.0192 17.6568 16.0167 15.5185 15.1336 14.4395 13.5852 13.3512 19.3396
threshold=0.097693528980016722 0.019769410602748397 3.1909397840499882 293.50000000000006 0.009051441680639984 0.043717153370380409 0.3110466748476029 0.44739343225955969 0 1.0000000000000002 2.5000000000000004 0.16754386574029925 1 0.062312275171279914 1.0000000180025095e-35 0.7246500849723817 1.5000000000000002 4.1289913654327401 0.043301137164235122 -0.082749214023351655 0.96198496222496044 0.22287581861019137 0.13218392431735995 4.371047019958497 -0.026889218948781487 8.5000000000000018 0.30176873505115515 2 0.39638906717300421 0.058438487350940711
decision_type=2 8 2 10 10 2 2 2 9 2 2 8 9 2 2 2 2 2 2 2 2 2 2 2 2 2 2 9 2 2
left_child=5 4 3 15 -2 14 7 9 -7 16 21 18 -6 19 -1 -3 -4 -9 -8 20 -12 23 -18 -11 -24 -10 28 -17 29 -21
right_child=1 2 6 -5 12 8 11 17 25 10 13 -13 -14 -15 -16 27 22 -19 -20 26 -22 -23 24 -25 -26 -27 -28 -29 -30 -31
leaf_value=-0.11646933942587855 -0.044469501724809478 0.049748157189338789 -0.16072498991914935 0.086873002206309613 -0.0011429064158203028 -0.016155413108364637 0.097510523500312654 0.067757216632344089 0.012610436497108329 0.083990938564049197 -0.10745193530548064 0.010275001543974278 0.061647465490039036 -0.034597897272531167 -0.029993343275957055 0.023340117407951319 0.10909396243592329 0.11150717918655768 0.039913929319783617 0.079078433670409676 0.084584372884782946 0.10384983133375091 0.0057933565530351918 -0.035507742679700409 0.089261818417213479 0.067419072268834188 -0.036578462901900914 -0.036393247199507976 0.12308627726971635 -0.041571469761256821
leaf_weight=42.907065909166704 115.18470904968126 229.95706340596371 3.0167651255615047 463.85522351184045 116.46107218270481 161.24479213582526 199.1025675958299 537.88411982638354 82.962944246377447 489.52542188223742 12.64025855207001 79.22724296762317 206.44088608121092 36.778262925014133 181.24494901257276 78.664086245073122 3112.730486097731 140.94598435494117 89.295096187779563 73.942812298599165 8.5986729097203334 1193.6541661537485 25.235070762224495 11.479234077065483 189.84524120864808 128.26697408677865 11.526937521237413 56.83714931589202 47.119259248313028 16.19604182196781
leaf_count=22512 43049 18981 15 6894 9601 30503 6959 6449 13283 8746 393 7517 9165 925 43546 7750 23902 727 4857 1348 68 8125 480 638 1871 14495 361 7552 211 438
internal_value=0 0.0881125 0.0924069 0.061947 0.0184354 -0.00587669 0.0964301 0.0984022 0.0185981 0.101199 0.0911497 0.0647202 0.0408746 0.0418212 -0.0465465 0.0303097 0.106937 0.0768411 0.0796772 0.0583516 -0.0297052 0.0971693 0.107179 0.0812529 0.0794686 0.0438179 0.0709217 -0.00267887 0.0799495 0.0574002
internal_weight=0 7546.14 7108.06 829.314 438.087 596.627 6278.74 5911.12 372.475 5232.29 1901.46 367.625 322.902 206.802 224.152 365.458 3330.83 678.83 288.398 170.024 21.2389 1694.66 3327.81 501.005 215.08 211.23 148.785 135.501 137.258 90.1389
internal_count=301361 177022 115207 41177 61815 124339 74030 54697 58281 47521 21253 19333 18766 3744 66058 34283 26268 7176 11816 2819 461 17509 26253 9384 2351 27778 2358 15302 1997 1786
cat_boundaries=0 2 4 6
cat_threshold=2218690330 5854186 3429338277 1122458 1585487563 1089642
is_linear=0
shrinkage=0.1


Tree=10
num_leaves=31
num_cat=4
split_feature=156 13 168 156 13 10 158 160 237 167 237 10 86 85 86 237 168 85 86 159 190 88 237 159 158 63 217 7 85 6
split_gain=419.927 195.97 87.2816 46.5788 44.004 43.8414 38.8901 35.9071 33.3596 30.3354 23.6554 21.1545 26.2782 20.6231 19.4897 19.3889 18.3326 16.5116 15.5464 15.825 18.1118 18.5329 14.8217 13.5551 13.4001 13.2454 13.1601 13.1165 13.9042 14.2443
threshold=0.097693528980016722 0.019769410602748397 3.1909397840499882 1.0000000180025095e-35 0.009051441680639984 293.50000000000006 0.29166667163372045 1.0000000000000002 0 2.5000000000000004 1 522.00000000000011 -0.96707141399383534 95.500000000000014 -0.83778271079063404 2 3.8561456203460698 65.500000000000014 -1.0724866986274717 1.4920418858528139 0.024970296770334247 0.82340031862258922 3 0.07180031388998033 0.22500000149011615 0.16068677604198459 -0.046424128115177148 0.053342817351222045 60.500000000000007 0.19341284781694415
decision_type=2 8 2 2 8 10 2 2 9 2 9 10 2 2 2 9 2 2 2 2 2 2 9 2 2 2 2 8 2 10
left_child=3 4 5 -1 -2 14 7 11 -5 16 -6 12 15 -10 22 25 -9 -14 19 20 21 26 -3 -17 -7 -4 -8 -20 29 -29
right_child=1 2 6 8 10 24 18 9 13 -11 -12 -13 17 -15 -16 23 -18 -19 27 -21 -22 -23 -24 -25 -26 -27 -28 28 -30 -31
leaf_value=-0.11201604037087212 -0.036229474817802927 0.029270156495565015 0.036193612452113236 0.038896789244524749 -0.0034160741587486785 0.05322492593849492 0.0036797088434636217 0.061857545895790539 -0.023090154462924492 0.00078514370594001247 0.058116799916048262 0.10974375586063459 0.10521926994168003 0.05214919778612212 0.056806049464532354 -0.048711574905785211 0.09549374161185796 0.077584567352339096 0.052678741044881586 0.11242926311871954 0.097984597384835989 -0.041366418036509756 -0.030012464570155925 0.078052339173533186 0.09172783128059056 -0.071916936846820809 0.077454999581611367 0.11273180450612026 0.098797524591024338 -0.023921823494563042
leaf_weight=36.058555990690365 103.28481003014531 104.92073417353095 32.101896309381118 180.85502594341961 96.581315834220732 125.53711255919188 30.201882456720341 437.39034340114449 291.77250924632244 61.030764610266488 196.20821273590263 596.75722975240205 619.18967037902621 41.627967910957523 168.22425996475795 8.6908648527751193 257.38654733488511 332.21808708533354 46.82920529608964 153.80011180695146 157.80300396692473 19.274983444542158 57.486227987508755 287.09282339748461 322.84907226894575 17.516166103334399 121.24564718623878 1696.952867145068 1450.5500919445331 7.6622243446763596
leaf_count=22448 42986 9753 832 28298 9403 3195 438 12554 65982 3373 9262 3591 8141 7505 16006 362 3614 7142 2109 664 1371 332 8428 4713 3781 725 1229 10672 11801 394
internal_value=0 0.0883509 0.0921631 -0.00214731 0.0198905 0.0605769 0.0960481 0.0868076 0.00555646 0.0683806 0.0396875 0.0941626 0.0869926 -0.013297 0.0329505 0.0633671 0.0743184 0.0955696 0.102693 0.085956 0.0735625 0.0509885 0.00824053 0.071897 0.080948 -0.00164087 0.0627426 0.105214 0.105994 0.112118
internal_weight=0 7508.79 7112.71 550.314 396.074 779.017 6333.69 2649.37 514.256 755.808 292.79 1893.57 1296.81 333.4 330.631 345.402 694.777 951.408 3684.32 482.326 328.526 170.723 162.407 295.784 448.386 49.6181 151.448 3201.99 3155.17 1704.62
internal_count=301104 176871 115220 124233 61651 41163 74057 45047 101785 19541 18665 25506 21915 73487 34187 6632 16168 15283 29010 4034 3370 1999 18181 5075 6976 1557 1667 24976 22867 11066
cat_boundaries=0 2 4 6 8
cat_threshold=1652566247 134292 3362253989 1130654 2451842056 4207673 1578665627 1060979
is_linear=0
shrinkage=0.1


Tree=11
num_leaves=31
num_cat=0
split_feature=157 157 170 157 171 171 170 170 11 13 157 166 8 157 157 170 170 8 11 170 13 13 229 13 5 166 160 175 157 166
split_gain=794.47 190.433 125.8 93.1615 94.19 67.911 51.1947 50.5084 44.8369 44.6508 40.188 29.7577 28.3027 27.8261 25.0358 22.0638 21.9204 20.2123 19.7531 19.4085 19.2005 18.6709 18.4843 18.8232 17.4285 16.4075 16.1237 14.9775 14.5664 14.3333
threshold=0.54567062854766857 0.48628522455692297 0.5227518379688264 0.62295880913734447 0.33477982878685003 0.33477982878685003 0.48385892808437353 0.5227518379688264 0.021912938915193084 0.05279884114861489 0.41595986485481268 0.80103605985641491 0.19935282319784167 0.68536502122879039 0.59474343061447155 0.54416155815124523 0.47982421517372137 0.19935282319784167 0.017754137516021732 0.47702896595001226 0.057443765923380859 0.048980407416820533 -0.025416263379156586 0.032316081225872047 0.15452449023723605 0.8878503441810609 1.0000000000000002 0.22792105376720431 0.63708066940307628 0.82710206508636486
decision_type=2 2 2 2 2 2 2 2 10 10 2 2 10 2 2 2 2 10 8 2 10 10 2 8 10 2 2 2 2 2
left_child=1 6 8 4 7 13 10 19 11 14 -1 -3 -6 15 25 -5 -10 -18 27 -2 -4 29 24 -24 -17 -9 -21 -12 -23 -7
right_child=3 2 20 5 12 21 -8 9 16 -11 18 -13 -14 -15 -16 22 17 -19 -20 26 -22 28 23 -25 -26 -27 -28 -29 -30 -31
leaf_value=-0.042735466371268988 0.11625391774708137 0.0013804325457180563 -0.030950194081100103 0.1222602660925539 -0.028823545603998108 0.035432462043509944 -0.046794501558898013 0.010404963424628719 0.095176585139238018 0.090333280397321775 -0.049857052117081004 0.065701637402538954 0.056204787553449112 0.13846577672607771 0.075146237628402737 0.079727187647181202 -0.0010017278507472431 0.069536614163865168 0.042545403898125771 0.10189899608992491 0.023208690012604841 0.0158067305253588 0.053876005005769938 0.11268791373839687 -0.028487113087266931 0.07932919038082431 0.076110485901175917 0.1697647117382923 0.10750137045958436 0.079975479749288494
leaf_weight=108.01657423193683 548.86603509604174 154.56115285503984 177.58655791095225 1074.098325445404 84.325261744248564 96.932206292229239 314.55678570240343 178.31480598596681 364.56580981089064 537.25290619676525 38.899048729294009 134.53382023677113 73.068388174113352 567.3755421488604 165.91143011667737 107.84720897168154 46.683412112644874 312.87768550160399 211.72586132447032 716.27933737660351 103.67436984449159 18.449448571656831 60.310325885046041 557.26815135549987 17.265646685147658 42.834879298199667 366.49371434975183 3.3745801210461641 284.15322467900114 283.60806506342487
leaf_count=34282 5182 19620 29746 4309 7593 5362 81650 16750 5063 6920 10456 4544 1525 1518 5697 1168 3972 7518 19021 7641 7337 158 1648 2320 321 750 5895 612 842 1921
internal_value=0 0.02571 0.0481815 0.099229 0.0857314 0.111169 -0.0172845 0.0903549 0.0646061 0.0716779 0.00835686 0.0313131 0.01065 0.119134 0.0457836 0.113097 0.0778977 0.0603783 0.0300845 0.100935 -0.0109869 0.0833716 0.0998439 0.106945 0.0647936 0.023755 0.0931702 -0.0323253 0.101911 0.0686294
internal_weight=0 1971.06 1294.48 5780.65 2713.35 3067.31 676.573 2555.95 1013.22 924.314 362.016 289.095 157.394 2384.17 387.061 1816.79 724.127 359.561 253.999 1631.64 281.261 683.143 742.691 617.578 125.113 221.15 1082.77 42.2736 302.603 380.54
internal_count=301341 223821 77800 77520 57953 19567 146021 48835 40717 30117 64371 24164 9118 11284 23197 9766 16553 11490 30089 18718 37083 8283 5457 3968 1489 17500 13536 11068 1000 7283
is_linear=0
shrinkage=0.1


Tree=12
num_leaves=31
num_cat=5
split_feature=157 157 170 11 237 157 170 74 170 13 157 170 234 237 166 157 237 157 156 237 156 160 170 92 230 108 207 92 68 148
split_gain=643.801 163.789 100.861 73.0276 63.4331 62.5614 88.7721 44.2205 44.0453 38.0605 34.5894 33.042 32.3161 30.7029 25.7231 24.2651 24.2136 23.4291 22.966 20.3083 18.8149 16.9463 16.7179 20.164 22.6793 16.0801 14.2634 14.055 13.9482 14.4912
threshold=0.54567062854766857 0.48628522455692297 0.52853217720985424 0.0088107436895370501 0 0.62295880913734447 0.52684506773948681 0.35574388504028326 0.48385892808437353 0.062617629766464247 0.4296079427003861 0.47982421517372137 1 2 0.85254395008087169 0.65575143694877636 3 0.59474343061447155 0.26209992170333868 4 0.25116822123527532 1.0000000000000002 0.5425086021423341 0.91977283358573925 -0.082400415092706666 -0.050039749592542641 0.01839405577629805 0.90585851669311535 35.040086746215827 0.0070735039189457902
decision_type=2 2 2 8 9 2 2 2 2 10 2 2 1 9 2 2 9 2 2 9 2 2 2 2 2 2 2 2 2 2
left_child=1 8 4 13 -3 6 12 15 10 17 -1 -6 18 -2 21 22 -12 19 -5 -8 -14 -13 -7 24 -24 -11 -9 -22 29 -26
right_child=3 2 -4 5 11 7 9 26 -10 25 16 14 20 -15 -16 -17 -18 -19 -20 -21 27 -23 23 -25 28 -27 -28 -29 -30 -31
leaf_value=-0.027181850079301025 0.067069225518163744 -0.0025001301761492902 -0.016219633155116996 0.083712350414489115 0.092470506944799316 0.11504142234612234 -0.015811132840792993 0.094652094967593678 -0.040490539173355169 0.024526688609562586 -0.021852588821842833 0.050378478539177374 0.1154975810440345 -0.018648992435930229 0.076997049407727849 0.12478629227056502 0.054716703120102475 0.066598393797102001 0.0094446311248859872 0.041884263886214412 0.081908611399356346 -0.0057809443400445746 -0.050344220069460599 0.11130106546746235 0.11248034816531982 0.096855730371373724 0.058162023376388532 0.10824693384459382 0.056875925403593743 -0.07112237688596465
leaf_weight=133.64388492331273 84.454993381721579 138.41705271377577 188.05161223242249 94.319820004733629 447.27438769672153 695.72242182763875 88.358941163809504 297.2600886321452 280.43614221347525 34.623000480758492 52.211014708176663 160.44528221407381 899.64958261577704 72.512578431484144 257.95776119536458 1266.9779214768787 162.43384210126533 241.66308950541134 74.545724373107078 173.82350741955452 423.76957061653957 80.786057589077245 14.42016780405538 251.970530800696 105.75952158798464 273.86243302650109 167.47103279308067 388.21753340766008 132.54150105299777 4.4809099588892414
leaf_count=40705 5657 12760 32479 2035 9304 2671 6744 2297 81465 630 8897 11194 5259 16173 4026 4151 14839 5582 2153 8171 4476 7976 238 1328 479 3024 1663 3492 1411 45
internal_value=0 0.0307649 0.0513904 0.0978326 0.0631098 0.0997086 0.0886998 0.109803 -0.0109939 0.0610747 0.0127562 0.071971 0.100633 0.0305557 0.0550452 0.115124 0.0376228 0.0441376 0.0480796 0.0234346 0.104924 0.0315712 0.104964 0.0911954 0.0714987 0.0887378 0.0815025 0.0945012 0.0787357 0.105018
internal_weight=0 1901.66 1272.93 5786.4 1084.88 5629.44 2692.83 2936.6 628.725 812.331 348.289 946.463 1880.5 156.968 499.189 2471.87 214.645 503.846 168.866 262.182 1711.64 241.231 1204.9 509.173 257.202 308.485 464.731 811.987 242.782 110.24
internal_count=301324 223645 77739 77679 45260 55849 41566 14283 145906 24151 64441 32500 17415 21830 23196 10323 23736 20497 4188 14915 13227 19170 6172 3501 2173 3654 3960 7968 1935 524
cat_boundaries=0 2 3 5 7 9
cat_threshold=2148139784 5063055 1032 294252712 572865 2437661186 6120843 1245447448 1376795
is_linear=0
shrinkage=0.1


Tree=13
num_leaves=31
num_cat=8
split_feature=156 13 163 158 8 156 13 160 10 237 237 160 107 12 149 8 237 237 237 111 190 237 168 99 237 10 101 237 230 88
split_gain=185.411 130.99 58.0684 49.34 40.8792 34.6129 29.4502 27.2944 20.6516 19.2125 18.6156 18.4711 17.8375 16.881 16.7141 16.3674 27.7372 14.1587 14.0098 13.3686 13.112 16.229 12.5943 12.2947 12.2377 12.213 12.0835 12.0631 11.4774 11.6142
threshold=0.064309347420930876 0.013341424055397512 0.3110466748476029 0.18333333730697635 0.24995663017034533 1.0000000180025095e-35 0.054079741239547736 1.0000000000000002 1074.5000000000002 0 1 1.0000000000000002 0.051613811403512962 22.500000000000004 0.032700123265385635 0.17510279268026355 2 3 4 -0.042052511125802987 -0.02960582077503204 5 3.1971637010574345 0.026172257028520111 6 448.50000000000006 0.12144350260496141 7 0.11832691356539728 0.78880721330642711
decision_type=2 8 2 2 10 2 8 2 10 9 9 2 2 10 2 10 9 9 9 2 2 9 2 2 9 10 2 9 2 2
left_child=5 13 3 7 9 -1 8 18 11 -4 -7 20 14 -2 19 16 -13 -17 25 -6 21 -5 24 -21 -9 -3 -8 -15 29 -19
right_child=1 2 4 6 12 10 26 22 -10 -11 -12 15 -14 27 -16 17 -18 28 -20 23 -22 -23 -24 -25 -26 -27 -28 -29 -30 -31
leaf_value=-0.10608978061990418 -0.082243545850644736 0.021177171174765426 -0.026140225064633784 0.01631548157793394 0.0287854777808298 -0.019093980249471947 0.099747773950120647 0.040513247587797924 0.11330600825320336 0.038378302006721245 0.033772997024329711 -0.014091663093813321 0.0037698944084766056 0.041966973853194589 -0.056761450705549998 0.0037769695177298336 0.064660052539466578 0.090250628739785455 0.086732136226850373 0.071028875772174205 0.096373564224688318 0.082080392772370198 0.055653815803340473 0.12006802671401494 -0.039320357269468163 0.073718639881074036 0.036018995130869598 -0.010751823226924483 -0.092086484245300138 0.040987162511802573
leaf_weight=26.985609933108208 21.614895385861018 89.643762284540571 69.783671928431431 63.194822230827413 32.134361226737383 105.18557771318228 2954.2998872817407 31.506733419329976 219.5529357141495 103.78329275840224 154.28998152967688 59.632561954276753 31.22616302545066 64.185971479433647 8.158869082486488 36.104497545238701 188.18443127853971 459.0065272328211 731.55277990207105 92.556029192666756 800.96234656371234 451.86769494232431 312.43901767012721 114.21139261171629 25.908223485064809 87.347366860733018 30.055122715828475 99.9195249369659 3.6814818168350021 53.426638999342686
leaf_count=22398 28876 4475 14800 2465 2297 31683 31066 1412 3501 15889 35235 3097 2900 9785 917 944 4540 7091 15311 4898 11359 6902 10423 3431 2457 1699 534 19387 222 979
internal_value=0 0.0837262 0.08591 0.0882849 0.0512293 0.00169767 0.0925239 0.0706447 0.0841135 0.0131433 0.0129076 0.0810846 0.0749834 0.000828341 0.0839842 0.0691018 0.0477505 0.0786835 0.0799675 0.0887908 0.0883692 0.0759218 0.0477434 0.0981165 0.00469648 0.0445878 0.099106 0.01177 0.0822566 0.0851144
internal_weight=0 7235.94 7050.22 6598.37 451.854 286.461 5319.97 1278.4 2335.61 173.567 259.476 2116.06 278.287 185.72 247.061 800.036 247.817 552.219 908.544 238.902 1316.02 515.063 369.854 206.767 57.415 176.991 2984.36 164.105 516.115 512.433
internal_count=300973 211657 153609 108477 45132 89316 72700 35777 41100 30689 66918 37599 14443 58048 11543 16873 7637 9236 21485 10626 20726 9367 14292 8329 3869 6174 31600 29172 8292 8070
cat_boundaries=0 2 4 6 8 10 12 14 16
cat_threshold=2394558673 5595433 2618606251 5469001 2421565760 1056825 8667137 524680 2721252873 5115147 269778948 4923424 1354862722 323753 1697177710 168768
is_linear=0
shrinkage=0.1


Tree=14
num_leaves=31
num_cat=4
split_feature=157 157 170 157 168 170 171 237 170 171 156 237 170 157 157 170 156 166 157 237 168 237 13 3 170 138 170 86 202 157
split_gain=487.874 127.723 126.199 59.3916 55.0585 52.8432 48.4994 37.6738 29.5327 28.5 26.917 41.093 25.6039 23.1185 23.0966 20.8691 19.1599 18.5668 17.8899 25.1817 16.8732 15.8222 15.8178 14.2927 14.0135 16.012 13.0867 12.9569 12.9446 12.9178
threshold=0.55453500151634227 0.45341856777668005 0.52853217720985424 0.61189672350883495 3.1781096458435063 0.52684506773948681 0.44739343225955969 0 0.45447091758251196 0.055818954482674606 0.2416573911905289 1 0.42745165526866918 0.68536502122879039 0.68536502122879039 0.57068678736686718 0.35097050666809088 0.75829985737800609 0.49697370827198034 2 3.4659839868545537 3 0.062617629766464247 0.15838661789894107 0.61243727803230297 0.022556660696864132 0.47213083505630499 -1.1364612579345701 0.067392591387033476 0.41595986485481268
decision_type=2 2 2 2 2 2 2 9 2 2 2 9 2 2 2 2 2 2 2 9 2 9 10 10 2 2 2 2 2 2
left_child=1 12 4 5 21 10 13 -6 -9 15 -2 26 -1 16 17 20 -5 -8 19 -10 -7 -3 -4 -17 27 -26 -12 -18 -20 -14
right_child=3 2 22 6 7 9 14 8 18 -11 11 -13 29 -15 -16 23 24 -19 28 -21 -22 -23 -24 -25 25 -27 -28 -29 -30 -31
leaf_value=0.044899534173574375 0.10676397771762823 0.044926320178027369 -0.031680832934549014 0.115262395464274 -0.0045042000933211675 0.053870453472177941 -0.010597798189455184 0.098712467054163477 0.06897284669226314 -0.0052311450211913035 0.12260481605130279 0.034745319341385354 -0.05684558593655939 0.12835777805543044 0.094139268066794998 -0.0059139469398332926 0.048911606176515687 0.066184906999319934 0.062905613601657917 -0.0027897615378343539 0.097427198896049519 -0.013194592825268921 0.025745644175666139 0.05635595902158709 -0.029488032429520136 0.11951485947451733 0.086586054683371272 0.10063212430844488 0.094404289102321015 -0.01268625820321884
leaf_weight=52.942983471433763 727.90561018833978 65.159365251129202 182.09220819605252 1028.194810908506 75.782813256686495 154.699344209017 38.05213855644979 316.7703583916591 96.635674571138225 63.948005801888939 137.17331124143675 200.49940882949886 113.61681806463275 562.66769527556607 355.15213158953702 54.223652769192995 50.945209256664384 182.69652421365026 534.00953181385557 97.548918233078439 209.22120077189174 117.58173040848487 65.117201638277038 115.10831388922088 18.365321011689961 11.875453002983702 381.17201883815869 983.79802675326937 172.64849879261601 158.87429504661486
leaf_count=11696 6330 9010 41936 5195 9204 9202 3463 5519 5765 5474 991 5241 49159 1713 3122 4798 488 1825 13698 14151 2348 20697 7888 3512 573 108 5479 7995 3305 41486
internal_value=0 0.0387218 0.0495719 0.0962201 0.0606461 0.0828785 0.104658 0.0679055 0.071859 0.0578523 0.0932091 0.0794833 -0.018735 0.110363 0.0783507 0.0654173 0.105525 0.0529493 0.063214 0.0363311 0.0789116 0.00926581 -0.0165542 0.0364158 0.0961247 0.0290249 0.0942987 0.0980857 0.0706013 -0.0310988
internal_weight=0 2048.78 1723.35 5275.7 1476.14 2043.95 3231.75 1293.4 1217.61 597.201 1446.75 718.845 325.434 2655.85 575.901 533.253 2093.18 220.749 900.843 194.185 363.921 182.741 247.209 169.332 1064.98 30.2408 518.345 1034.74 706.658 272.491
internal_count=301371 233514 131173 67857 81349 43375 24482 51642 42438 25334 18041 11711 102341 16072 8410 19860 14359 5288 36919 19916 11550 29707 49824 8310 9164 681 6470 8483 17003 90645
cat_boundaries=0 2 4 6 8
cat_threshold=2147615232 852363 490068308 1097792 964700421 4148 630267938 5548048
is_linear=0
shrinkage=0.1


Tree=15
num_leaves=31
num_cat=3
split_feature=156 168 237 12 237 163 156 158 237 160 167 156 0 158 111 88 163 180 194 127 233 10 4 131 88 114 5 131 111 106
split_gain=111.972 70.6525 44.6549 35.7478 32.8123 30.7487 29.3679 25.7542 21.08 18.9304 24.9254 18.2769 18.265 16.3866 16.115 16.1043 14.2074 16.1048 16.6217 13.9446 13.7168 13.3569 13.1636 22.227 15.0904 15.0063 12.6272 12.3773 11.7793 11.556
threshold=0.055815160274505622 3.1909397840499882 0 64.500000000000014 1 0.16595286875963214 1.0000000180025095e-35 0.36666667461395269 2 1.0000000000000002 2.5000000000000004 0.30471627414226538 0.29459981620311743 1.0000000180025095e-35 -0.038731312379240983 0.76591417193412792 -1.7881804108619688 1.0000000180025095e-35 -0.078825231641530977 0.01319655077531934 -0.0018488682107999919 16.500000000000004 0.14174107462167743 -0.075031906366348253 0.71356904506683361 0.043153798207640655 0.077193934470415129 0.041181771084666259 -0.019392390735447403 -0.052927771583199494
decision_type=2 2 9 8 9 2 2 2 9 2 2 2 8 2 2 2 2 2 2 2 2 10 10 2 2 2 8 2 2 2
left_child=6 2 15 7 16 11 -1 -3 -8 22 13 26 19 -11 -9 -2 -5 18 -18 -12 -14 -16 -6 -24 -25 27 -4 -26 -20 -23
right_child=1 3 5 4 9 -7 8 14 -10 10 12 -13 20 -15 21 -17 17 -19 28 -21 -22 29 23 24 25 -27 -28 -29 -30 -31
leaf_value=-0.10286263941158856 0.033554551660452001 0.01615712867537443 0.037556765281741684 0.11423886842816561 0.10115186210945581 0.022521163299400019 0.059743533431100039 -0.031137618368651476 -0.0060883766289923438 0.054767117238894908 0.09620731319338012 0.093673899435337438 0.047529321390759945 0.092594803801650166 -0.044490020996207788 -0.025757743042878069 0.0063013097000755762 0.080021810007303129 0.085714159430555353 0.011086358446091033 -0.054541066987228264 -0.11204741257417133 -0.13359985473813671 0.10058590531432539 0.070663478552158474 -0.069504953297752969 0.0761499617021002 -0.12981221546345972 0.054588193690362843 0.10502476993160595
leaf_weight=21.220598898946264 174.53137926160707 120.75162967232245 134.63447866521165 80.593612556156586 2358.8876296741946 117.60804679483772 71.751268436313694 11.75702137752887 122.06546933214486 127.08967473941448 67.031495966381044 358.71725660881202 27.263631235189678 1157.5955120858853 6.784823215501091 62.053451729785593 54.671231730273576 861.9365901369456 174.24539347963582 26.996734226748231 25.462041471029806 2.5096592218324068 4.848140041664009 176.66095987417066 101.42794009723002 9.0709267969941703 228.94286331944022 3.176097525516524 402.28421082831483 107.59016621552291
leaf_count=22523 26043 29410 9886 1925 28091 32612 17038 1963 41072 4620 1385 7725 1122 14800 3864 9478 2190 13643 2927 1151 1400 494 62 1929 1523 311 11598 33 7339 3666
internal_value=0 0.0820854 0.0585232 0.0863782 0.088011 0.0691156 0.00882283 0.0493257 0.021051 0.0934328 0.0843927 0.0776593 0.0453501 0.0888526 0.0804598 0.0172678 0.0728788 0.0711344 0.0589983 0.071768 -0.00176205 0.091685 0.0986606 0.0787521 0.0822981 0.0538771 0.0618587 0.0645764 0.0639954 0.100077
internal_weight=0 6985.12 1076.49 5908.64 5659.24 839.903 215.037 249.393 193.817 4085.51 1431.44 722.295 146.754 1284.69 128.642 236.585 1573.73 1493.14 631.201 94.0282 52.7257 116.885 2654.07 295.184 290.336 113.675 363.577 104.604 576.53 110.1
internal_count=301823 221190 97342 123848 84451 61821 80633 39397 58110 56427 24478 29209 5058 19420 9987 35521 28024 26099 12456 2536 2522 8024 31949 3858 3796 1867 21484 1556 10266 4160
cat_boundaries=0 2 4 6
cat_threshold=3763301988 724623 2723873280 5179837 568861764 788660
is_linear=0
shrinkage=0.1


Tree=16
num_leaves=31
num_cat=3
split_feature=157 170 157 157 170 171 237 170 156 237 171 11 170 237 157 13 157 9 224 11 157 170 156 160 143 8 8 86 7 116
split_gain=385.815 94.6524 83.1978 68.135 61.865 54.3946 46.6863 32.0637 31.8676 44.8031 30.2939 17.4133 16.6372 16.3879 16.3525 16.2894 14.7528 14.7139 14.6487 17.7748 14.599 14.1222 13.6035 11.9767 11.7132 11.4809 11.3898 11.2715 12.33 16.498
threshold=0.54567062854766857 0.5227518379688264 0.43775133788585668 0.62295880913734447 0.5227518379688264 0.33477982878685003 0 0.48174977302551275 0.2416573911905289 1 0.06923586875200273 0.031631058081984527 0.47530725598335272 2 0.68536502122879039 0.057443765923380859 0.65575143694877636 0.020725945010781292 -0.074881233274936662 0.020887871272861961 0.49697370827198034 0.61243727803230297 0.20483683049678805 1.0000000000000002 0.051318006590008743 0.17955233156681064 0.18482562899589541 -0.93589836359024037 0.2123106122016907 0.023173362948000435
decision_type=2 2 2 2 2 2 9 2 2 9 2 10 2 9 2 10 2 10 2 8 2 2 2 2 2 10 10 2 10 2
left_child=1 2 13 4 8 14 26 -8 12 -10 15 -9 -2 -1 18 21 -7 22 -5 24 -3 23 -13 -6 -20 -12 -4 28 -14 -30
right_child=3 20 6 5 10 16 7 11 9 -11 25 17 27 -15 -16 -17 -18 -19 19 -21 -22 -23 -24 -25 -26 -27 -28 -29 29 -31
leaf_value=-0.039531309187692008 0.1262522599629323 -0.040051140196554494 -0.019408980984457858 0.086907468920466052 0.068972772180476372 0.045118696510030989 0.081371131863006638 0.022080060772508143 0.021131215384726329 0.088891677311521644 -0.035393569154661436 0.082864968209274803 0.084336128204620858 0.016369284488947828 0.12691125056291266 0.080627074519049532 0.085042334928648919 -0.030898605284050897 0.08179118460999979 0.11465410112416026 0.0054884151836545802 -0.068669451238253187 0.036158129746079251 0.031921630553512187 -0.077659717879683662 0.036313857093606405 0.037397169848060505 0.10591298400925642 -0.10630089385617042 0.098633326537432536
leaf_weight=89.702260748539629 276.95549715474772 109.75881483223566 85.808190885531076 306.53171277848014 227.13775358611019 115.46577910977066 647.5351954200014 175.05759136185952 140.88102120651456 681.86597704249289 39.105119282270607 186.17824151778404 179.79333810660319 103.67223292410563 523.49300163218868 397.54849137715064 466.54099601741473 16.165725048711465 126.26298780905199 1271.2544080545922 196.28951932859127 9.5116536892892309 93.761252943833824 141.65323575458751 4.7815024094888932 52.042568173856125 59.95952693788422 425.46068689749518 8.1868321514193649 7.5518690381431943
leaf_count=33065 1609 38892 14956 1542 11099 2838 25976 24403 5283 8972 5631 8465 1914 36673 1496 5649 5439 1777 3094 5080 31270 1435 3638 9746 102 1878 5008 4211 253 154
internal_value=0 0.0397145 0.0503283 0.0935801 0.0818679 0.104349 0.0596704 0.0663369 0.0928434 0.0786261 0.0600854 0.0470828 0.10587 -0.0107596 0.111448 0.0664923 0.0771218 0.0618645 0.106711 0.111039 -0.0108435 0.0516385 0.0672213 0.0547414 0.0759732 0.0055492 0.00370338 0.0967797 0.0769064 -0.00796772
internal_weight=0 1763.89 1457.84 5402.02 2587.69 2814.33 1264.47 1118.7 1720.7 822.747 866.999 471.163 897.948 193.374 2232.32 775.851 582.007 296.105 1708.83 1402.3 306.048 378.303 279.939 368.791 131.044 91.1477 145.768 620.993 195.532 15.7387
internal_count=301548 224123 153961 77425 57834 19591 84223 64259 22396 14255 35438 38283 8141 69738 11314 27929 8277 13880 9818 8276 70162 22280 12103 20845 3196 7509 19964 6532 2321 407
cat_boundaries=0 2 4 6
cat_threshold=2152350208 852363 2185888290 5195163 357427497 1860299
is_linear=0
shrinkage=0.1


Tree=17
num_leaves=31
num_cat=5
split_feature=157 157 237 237 234 157 168 168 11 157 168 237 166 180 157 160 86 159 237 219 180 76 190 149 160 152 152 168 198 2
split_gain=307.25 85.5228 58.45 43.3044 39.821 31.3821 28.2372 25.9054 24.3472 21.8217 18.5912 16.6206 16.5554 17.0638 14.5303 14.1007 13.7032 17.5812 13.4152 13.3472 12.7978 12.0707 11.6692 11.6274 11.2015 11.1619 11.0009 10.9456 10.6678 10.585
threshold=0.51821506023406994 0.59474343061447155 0 1 2 0.43368178606033331 3.4874182939529423 3.276749968528748 0.0088107436895370501 0.65575143694877636 3.9033331871032719 3 0.64693629741668712 0.26222568750381475 0.43775133788585668 1.0000000000000002 -1.1364612579345701 1.0279383063316347 4 0.10451418161392213 0.26222568750381475 0.15424266457557681 0.030514271929860119 0.0028293378418311481 1.0000000000000002 0.043473439291119582 0.021755207329988483 3.6476100683212285 -0.1618147939443588 0.3390804678201676
decision_type=2 2 9 9 1 2 2 2 10 2 2 9 2 2 2 2 2 2 9 2 2 2 2 2 2 2 2 2 2 10
left_child=2 3 14 12 10 -4 8 -7 11 24 16 -5 -2 25 -1 22 17 -3 -17 29 21 -9 -10 -21 -6 28 -15 -16 -14 -8
right_child=1 4 5 6 9 7 19 20 15 -11 -12 -13 13 26 27 18 -18 -19 -20 23 -22 -23 -24 -25 -26 -27 -28 -29 -30 -31
leaf_value=-0.03930372378834051 0.065432889504135602 -0.0155003339262896 0.0019014064292162541 -0.036710067514942879 0.1059400474687021 0.017850867900232499 0.078373177802899555 0.080616718323706121 0.04718845902327054 0.11917394969950901 0.094539349298746633 0.032833275952685446 0.031260249441775786 -0.076342697676611296 -0.0032516626274565197 0.054618972808379664 0.07499467401705022 0.064525065006039092 -0.0015320200965885835 -0.05179351271620989 -0.023646069730886756 0.037573481404179605 0.085083952543388686 0.058601476774659073 0.088669937040918467 0.07105555877345586 0.062995759599989862 0.038008787664071203 0.11221233867472916 -0.19575719113385448
leaf_weight=77.384491624121438 154.74706916990908 41.707581417111214 117.00151763401209 45.184524001571845 1114.7414369829166 122.10104724749544 784.52434973820345 358.3155364248978 141.39531379896653 935.80662294662034 424.07970622740686 82.708757850909024 16.762361808359856 7.570915534481176 212.75939858401944 106.95036613880802 445.70160601761017 80.325925360200927 75.205308376062021 14.672884676372631 14.207563159798154 79.629954355528753 191.05341078151832 27.277609935314103 566.3820662174403 84.891170859176782 22.521069234964671 92.136897153948667 564.04551648528286 1.4110961076803494
leaf_count=36326 12825 1782 44093 10551 9221 24558 11969 19359 7422 3587 1589 10716 502 290 44939 4488 9315 1214 5441 786 1906 5243 5036 738 7503 1139 352 13326 5033 97
internal_value=0 0.0895431 0.0314037 0.0745679 0.0991743 0.0484051 0.0623156 0.0587229 0.0470089 0.106528 0.0779126 0.00796058 0.0939123 0.101596 -0.000589651 0.0567134 0.0668653 0.0371747 0.0343507 0.0749475 0.0697601 0.0727903 0.0689664 0.019989 0.100122 0.104926 0.0279393 0.00921687 0.109876 0.077881
internal_weight=0 5929.67 1073.54 2320.92 3608.74 691.256 1470.38 574.254 642.498 2616.93 991.815 127.893 850.538 695.791 382.281 514.604 567.735 122.034 182.156 827.886 452.153 437.945 332.449 41.9505 1681.12 665.699 30.092 304.896 580.808 785.935
internal_count=301346 111596 189750 77385 34211 95159 57244 51066 43654 20311 13900 21267 20141 7316 94591 22387 12311 2996 9929 13590 26508 24602 12458 1524 16724 6674 642 58265 5535 12066
cat_boundaries=0 2 4 5 7 9
cat_threshold=2420884266 6275979 27278566 1092672 3084 2148171777 4932254 173048577 21393
is_linear=0
shrinkage=0.1


Tree=18
num_leaves=31
num_cat=3
split_feature=157 170 157 171 157 170 157 170 8 156 237 81 170 93 237 157 237 204 156 157 92 8 231 8 156 152 9 189 67 127
split_gain=273.302 72.1095 64.2214 62.2843 46.9878 39.2658 32.7325 30.179 31.6304 23.836 23.8093 20.3864 19.7982 18.2684 14.4695 14.2977 13.5396 13.4587 13.2624 14.0207 12.6633 12.4084 11.6955 14.6326 12.9914 11.6505 11.3717 12.8692 11.1876 22.7088
threshold=0.55922460556030285 0.53171861171722423 0.45341856777668005 0.33477982878685003 0.63708066940307628 0.57068678736686718 0.63708066940307628 0.46185006201267248 0.14990550279617312 0.2323504984378815 0 0.25545799732208258 0.44100475311279302 0.18131834268569949 1 0.57481110095977794 2 0.031276267953217037 0.12838828563690188 0.49697370827198034 0.86937320232391369 0.23422013223171237 -0.064260009676218019 0.25840498507022863 0.3352713286876679 0.001197942881844938 0.0044363026972860107 -0.11678718030452727 4.814012050628663 0.011342385318130256
decision_type=2 2 2 2 2 2 2 2 8 2 9 2 2 2 9 2 9 2 2 2 2 10 2 10 2 2 8 2 2 2
left_child=1 2 12 4 5 9 13 17 16 -2 -10 15 -1 -5 -3 -11 -9 -4 -12 -20 26 -8 -7 -24 -25 -26 27 -17 -6 -30
right_child=3 14 7 6 28 22 21 8 10 11 18 -13 -14 -15 -16 20 -18 -19 19 -21 -22 -23 23 24 25 -27 -28 -29 29 -31
leaf_value=0.056502674433992643 0.10688083905626473 0.021947666012951287 0.096909235979252301 0.05781476706967608 0.11231186201464008 0.088500421273142893 0.062510915980133461 0.037358594834467594 0.007201903205029077 0.066151993201546536 0.088180038867603019 0.043619162591468856 -0.0075529711834652824 -0.010690957404144118 -0.023866329881308178 -0.13319504318987246 -0.021352248218772608 0.056903996500085929 0.023818678129720546 0.066386417729432295 0.098785318602448297 0.093179483759288431 0.0092409458863397208 0.083308309755564386 0.085038471498913484 -0.016095783425659312 0.084530347202940212 0.044073897967089132 0.095572084450296302 -0.087724406570951804
leaf_weight=65.814896669548943 876.85991190147615 134.52350338701945 327.00213404655369 81.467041810890805 1618.4419350343669 81.35239747853484 275.2723676256137 75.255084649761557 87.768914254666015 221.3857565629005 231.7407277633647 105.59914292840404 180.81252739910997 74.546110479554045 121.81209779243363 4.5516486104461356 65.08881474674854 113.20905486853735 90.742864838706737 525.30048855880887 906.92151038761222 253.3382595020812 78.092744301760831 100.27128192812961 17.877185329882195 31.393197177894763 128.37483999150572 40.848350189917255 36.550640847184695 8.292519498994805
leaf_count=18221 8796 25897 9204 4093 6782 1549 6159 11985 9965 5295 15202 1862 70855 4388 37090 177 14818 4772 7850 12296 11386 852 5651 1564 313 877 1539 786 599 289
internal_value=0 0.0496593 0.0568659 0.0933249 0.0978273 0.0894136 0.06533 0.0645643 0.0555396 0.0939388 0.0621806 0.085877 0.00954089 0.0250814 0.000101752 0.0893041 0.0112701 0.0866211 0.0669972 0.0601162 0.0940469 0.0772089 0.0559563 0.0443256 0.0626473 0.0205996 0.0693176 0.0263015 0.110947 0.0616764
internal_weight=0 2019.07 1762.74 4941.44 4256.81 2593.53 684.624 1516.11 1075.9 2284.54 935.553 1407.68 246.627 156.013 256.336 1302.08 140.344 440.211 847.784 616.043 1080.7 528.611 308.987 227.634 149.542 49.2704 173.775 45.4 1663.29 44.8432
internal_count=301112 238155 175168 62957 47465 39795 15492 86092 72116 29841 45313 21045 89076 8481 62987 19183 26803 13976 35348 20146 13888 7011 9954 8405 2754 1190 2502 963 7670 888
cat_boundaries=0 2 4 6
cat_threshold=2149598088 4804874 1263067889 835648 1182868264 5173812
is_linear=0
shrinkage=0.1


Tree=19
num_leaves=31
num_cat=3
split_feature=157 157 237 234 157 237 160 168 156 175 11 157 156 11 93 181 4 198 101 11 213 156 3 156 157 5 160 157 13 173
split_gain=211.105 58.3079 41.5675 38.7471 37.6454 24.6272 18.0393 17.7085 17.042 18.469 15.252 14.7646 17.2918 14.183 13.9277 13.7907 14.5186 12.8814 12.8228 13.8847 13.1399 12.3243 13.4529 11.9149 11.8594 11.4631 11.2967 11.1184 10.4659 10.2139
threshold=0.56410160660743724 0.48628522455692297 0 1 0.65575143694877636 2 1.0000000000000002 3.0505933761596684 1.0000000180025095e-35 0.60585469007492077 0.0088107436895370501 0.68536502122879039 0.44023808836936956 0.016886585392057899 0.30705134570598608 0.059384578838944442 1.0000000180025095e-35 -0.1618147939443588 -0.18778508156538007 0.090326342731714263 -0.047030651941895478 0.2323504984378815 0.11167800426483156 0.29198718070983892 0.41595986485481268 0.14089233428239825 1.0000000000000002 0.58731243014335643 0.08631784096360208 -0.097912773489952074
decision_type=2 2 9 1 2 9 2 2 2 2 8 2 2 8 2 2 8 2 2 10 2 2 8 2 2 8 2 2 10 2
left_child=1 5 23 11 6 -1 21 -8 -7 13 -4 12 15 -10 -13 16 -2 -9 28 27 -21 -5 -23 -3 -15 -12 -26 -20 -19 -24
right_child=3 2 10 4 -6 8 7 17 9 -11 25 14 -14 24 -16 -17 -18 18 19 20 -22 22 29 -25 26 -27 -28 -29 -30 -31
leaf_value=-0.011356117738633601 -0.076905201205165918 0.085415538462575019 -0.021934197791708299 0.10933846297143208 0.11394987443109023 -0.10061500494238106 0.034025667999307452 0.022651595025219264 -0.015627387171399772 0.1704905109763418 0.055328284526340546 0.11799802928637269 0.017276566194173091 0.005794213812689443 0.073894810433986782 0.089233392927244512 0.056870935188583063 -0.038247448883853827 0.07261033599549159 -0.088549201699480745 0.070033236466042897 0.034089303186650363 0.072562572068573916 0.052354708585655434 0.070494052243403035 0.025260125046553242 0.026897518760750784 0.098756326374126971 0.12012405883052867 0.097823434478431448
leaf_weight=135.33770561807432 8.4015777688546205 737.59407676184492 32.551866484620405 600.84640661381854 1063.7487998776633 8.5400095617342213 75.244141280491021 32.305912740295753 42.848839114642033 10.903270361493922 527.5710331451628 98.004337499733083 81.909045665772283 60.545341734043177 265.81234588305233 171.9896484977362 235.96209617354907 14.232991999189837 229.13651866826331 8.2938328883174126 14.120585786979062 39.036581851320079 190.80626723793102 127.91288430924033 166.72260863521296 166.90240427643948 92.362488892504189 560.45030412637425 5.9034961571451268 993.47625760849041
leaf_count=50990 2502 28529 16489 5537 4170 13418 5061 1058 23255 2693 29337 529 2331 21594 2867 1842 6765 321 4045 185 438 4312 1739 5082 20089 17882 13715 5494 45 9088
internal_value=0 0.0548196 0.0642941 0.0929083 0.0977089 0.0256499 0.0918117 0.0805555 0.038064 0.0422553 0.0443561 0.069652 0.0592772 0.038398 0.0857753 0.0675399 0.0522715 0.0846056 0.0870108 0.0889656 0.0113542 0.0976101 0.0918496 0.0796097 0.0456405 0.048102 0.0549521 0.0911688 0.00818297 0.0937535
internal_weight=0 2109.79 1592.53 4689.68 3827.6 517.26 2763.85 939.688 381.923 373.383 727.025 862.079 498.262 362.479 363.817 416.353 244.364 864.444 832.138 812.001 22.4144 1824.17 1223.32 865.507 319.63 694.473 259.085 789.587 20.1365 1184.28
internal_count=301402 243073 97319 58329 41493 145754 37323 16647 94764 81346 63708 16836 13440 78653 3396 11109 9267 11586 10528 10162 623 20676 15139 33611 55398 47219 33804 9539 366 10827
cat_boundaries=0 2 3 5
cat_threshold=154680567 1084496 1032 2152317728 1917827
is_linear=0
shrinkage=0.1


Tree=20
num_leaves=31
num_cat=4
split_feature=157 170 157 170 11 93 156 237 157 157 160 237 237 168 154 170 5 117 109 170 28 156 237 188 11 13 170 151 156 196
split_gain=161.44 44.6078 41.4466 41.6942 36.8288 30.1328 29.875 36.0906 26.5727 19.6328 19.5433 17.6635 16.7715 16.5846 13.8309 13.9489 14.0644 13.6214 13.8424 13.003 12.7497 12.0963 13.1788 12.0231 11.9946 11.659 12.0005 11.6164 11.6129 14.0621
threshold=0.52949872612953197 0.54416155815124523 0.61189672350883495 0.54416155815124523 0.021912938915193084 0.30705134570598608 0.2416573911905289 0 0.41595986485481268 0.68536502122879039 1.0000000000000002 1 2 3.7686382532119755 0.072225950658321394 0.53623268008232128 0.094044812023639693 -0.018272750079631802 0.039380645379424102 0.47702896595001226 1.0000000180025095e-35 0.14523021876811984 3 0.13576000928878787 0.015091557521373035 0.089163407683372511 0.61243727803230297 -0.01289169257506728 0.13938769698143008 0.15136788785457614
decision_type=2 2 2 2 8 2 2 9 2 2 2 9 9 2 2 2 10 2 2 2 2 2 9 2 10 10 2 2 2 2
left_child=1 4 3 6 11 9 19 -8 -6 14 -10 -1 28 24 15 -4 20 18 -18 -2 25 -21 -23 -22 -5 26 -17 -25 -12 -30
right_child=2 -3 5 13 8 -7 7 -9 10 -11 12 -13 -14 -15 -16 16 17 -19 -20 21 23 22 -24 27 -26 -27 -28 -29 29 -31
leaf_value=0.054627514599873223 0.11300176134302345 -0.019701950065714464 0.10460793962722276 0.00024784139460746612 0.0042208856201350975 0.070632816936140305 0.081656965249223279 0.025100812303347791 0.077576338153103275 0.11727562664494409 0.085435646545439711 -0.0092725111550982908 0.00099769123473838063 0.080181667396985679 0.011700072250109167 0.096117441166502823 0.041916473385597425 0.080472057479007236 -0.12077849730336097 0.10546018860765323 0.065090806605404034 0.0089515151198373537 0.084014928204404996 0.082116902712587772 0.04930636311804272 0.13083709782846739 0.0070660128922749787 -0.19694186073227515 0.026764903286956118 0.10896108947814714
leaf_weight=55.082617889951507 335.59061429425492 87.899452565348838 1092.1853818691015 61.383769931187999 73.878329886249048 383.42459206651256 708.62322228594348 170.75643626967212 579.53524760840992 558.58801597825368 107.10305093493116 125.56907507042433 74.64419826719859 150.76088958299079 19.221940878895111 512.35230626858538 52.208075165137416 206.05479207843018 5.8116863978211759 293.48358802561779 40.498835293619777 40.024516938668967 443.29282515882369 2.4991367318143602 264.95674552294076 99.295536065998022 15.593363687687086 3.700428402691613 114.61024711250502 25.432070967857726
leaf_count=16063 2973 32186 6675 14928 35691 5664 15163 7605 41084 1938 10197 49134 12473 2846 171 4895 665 2335 186 7322 689 1624 7183 23 12477 334 824 50 6655 767
internal_value=0 0.0489727 0.0888934 0.0793032 0.0541952 0.0968083 0.0856635 0.071889 0.0618779 0.100657 0.0666039 0.0127219 0.0468427 0.0527509 0.0961269 0.0969263 0.087982 0.0684205 0.0256197 0.0965526 0.095647 0.0894463 0.0797223 0.0452383 0.0400786 0.0993999 0.0934872 -0.0844491 0.0582902 0.041692
internal_weight=0 1243.75 5460.31 2468.87 1155.85 2991.43 1991.77 879.38 975.203 2608.01 901.325 180.652 321.79 477.101 2049.42 2030.2 938.014 264.075 58.0198 1112.39 673.94 776.801 483.317 46.6984 326.341 627.241 527.946 6.19957 247.145 140.042
internal_count=300820 204250 96570 72121 172064 24449 41870 22768 106867 18785 71176 65197 30092 30251 16847 16676 10001 3186 851 19102 6815 16129 8807 762 27405 6053 5719 73 17619 7422
cat_boundaries=0 2 4 6 8
cat_threshold=498399696 1106528 1619001429 305172 1020571333 1215605 2182086656 197376
is_linear=0
shrinkage=0.1


Tree=21
num_leaves=31
num_cat=3
split_feature=157 170 157 234 168 170 160 157 170 170 237 92 168 157 88 215 187 160 216 9 237 160 196 204 90 182 151 118 170 144
split_gain=154.287 61.0163 34.0101 33.008 26.9557 22.876 25.4739 20.0357 21.0079 19.2749 17.2917 14.8747 12.558 13.3187 12.2379 11.9197 11.4714 13.3765 12.1014 11.3577 12.9539 11.1862 12.0545 11.0942 11.0482 10.8549 11.436 10.5254 10.3918 18.3677
threshold=0.57481110095977794 0.5227518379688264 0.45341856777668005 0 3.5064965486526494 0.45447091758251196 1.0000000000000002 0.68536502122879039 0.48174977302551275 0.42745165526866918 1 0.91027551889419567 3.8561456203460698 0.65575143694877636 0.75699988007545482 -0.12623874843120572 0.047739198431372649 1.0000000000000002 0.095697410404682173 0.020258449949324134 2 1.0000000000000002 -0.094657141715288148 0.028359617106616501 1.5723809599876406 -0.15497444570064542 -0.039485283195972436 -0.046341508626937859 0.61243727803230297 -0.030007329769432541
decision_type=2 2 2 1 2 2 2 2 2 2 9 2 2 2 2 2 2 2 2 8 9 2 2 2 2 2 2 2 2 2
left_child=1 2 9 12 14 23 19 8 -5 -1 15 16 13 25 -3 -8 17 -10 -18 -7 -21 -6 -23 -4 -19 26 -2 -26 -13 -30
right_child=3 4 5 7 21 6 10 -9 11 -11 -12 28 -14 -15 -16 -17 18 24 -20 20 -22 22 -24 -25 27 -27 -28 -29 29 -31
leaf_value=0.087044689051620619 -0.046101633882563574 0.020027226517884522 0.10428585003352453 0.11288321693225252 0.069387213289031302 0.083584071602210083 -0.03168332490295913 0.11714478086771758 0.084192508176421377 0.014834256103914194 0.023144090462005225 0.10106909511883018 0.083275158563020424 0.07448026478934297 -0.029648025122719697 0.075271378029947864 0.097786008698492924 -0.042966277328812606 0.023047829739745451 -0.0061002342823491462 0.066039218017471257 0.12092218539873612 0.0070632658152524957 0.068091806756643933 -0.01114999419452619 0.010999855008357071 0.073335779613913299 0.066594822600187273 -0.21535095748159008 0.068472212931357648
leaf_weight=47.773868330152254 8.8999694305966823 176.48905063547136 299.85492260327737 537.93633575952845 152.89116234315588 658.1857583847559 10.971363497024866 478.95125152065884 460.57800244119426 163.38316987637154 213.73324333498022 1109.6886092784662 427.97177463604021 226.66086483556137 68.976286903049186 207.32117411932632 485.05261399279698 11.136475167499155 22.677516212432238 34.699996066536187 193.83028091286542 10.793591641613601 67.13037723727939 118.02100280844024 19.215289042011136 81.1341941571809 80.771973666924168 185.75817404279951 2.3885429170622947 50.235325348803599
leaf_count=11667 248 44817 6950 3369 13063 24798 584 1439 5285 72440 19588 12467 2227 4814 18332 9268 4842 459 346 4431 11680 1779 8946 4140 421 6040 1934 3474 94 1140
internal_value=0 0.0612216 0.0690669 0.09292 0.0291375 0.0736746 0.0672139 0.0979128 0.095059 0.0311717 0.0473024 0.0909732 0.070534 0.0585895 0.00606837 0.0668342 0.0830864 0.0745617 0.0944479 0.0769152 0.0577084 0.0536708 0.0228344 0.0940635 0.0540363 0.0375024 0.0614816 0.0593066 0.09901 0.0555898
internal_weight=0 2424.06 1947.77 4189.06 476.28 1736.62 1318.74 3363.62 2884.67 211.157 432.026 2346.73 825.439 397.467 245.465 218.293 1184.42 676.688 507.73 886.716 228.53 230.815 77.924 417.876 216.11 170.806 89.6719 204.973 1162.31 52.6239
internal_count=301082 252483 165546 48599 86937 81439 70349 33336 31897 84107 29440 28528 15263 13036 63149 9852 14827 9639 5188 40909 16111 23788 10725 11090 4354 8222 2182 3895 13701 1234
cat_boundaries=0 1 3 5
cat_threshold=1032 2038474917 1212448 2175140096 983435
is_linear=0
shrinkage=0.1


Tree=22
num_leaves=31
num_cat=3
split_feature=157 171 170 168 157 170 237 157 86 157 228 157 9 157 168 237 156 237 160 230 81 228 116 154 4 86 164 131 86 10
split_gain=128.184 48.9921 43.5007 42.4676 22.498 26.5051 20.9879 19.4228 17.4604 17.3429 17.2236 16.4138 14.4768 14.315 14.254 13.3188 12.9179 11.93 11.3594 10.5145 10.442 10.2877 10.1717 16.0285 10.2368 10.0143 10.0126 9.81847 9.73 9.59482
threshold=0.57481110095977794 0.44739343225955969 0.48385892808437353 3.4874182939529423 0.65575143694877636 0.53623268008232128 0 0.38624396920204168 -0.92546641826629628 0.49335704743862158 -0.0030442987335845824 0.52949872612953197 0.019569546915590767 0.68536502122879039 2.9499142169952397 1 0.2126329839229584 2 1.0000000000000002 -0.062529470771551118 0.425279051065445 0.017463123425841335 0.042003508657217033 -0.0195006625726819 0.071503762155771269 -1.0724866986274717 3.8176519870758061 -0.036545576527714722 -0.63214540481567372 104.50000000000001
decision_type=2 2 2 2 2 2 9 2 2 2 2 2 10 2 2 9 2 9 2 2 2 2 2 2 8 2 2 2 2 8
left_child=2 4 7 6 5 8 11 -1 20 15 19 25 21 29 -9 -5 -11 -18 -8 27 -2 -12 -15 24 -24 -4 -19 -7 -28 -3
right_child=1 13 3 9 -6 10 18 14 -10 16 12 -13 -14 22 -16 -17 17 26 -20 -21 -22 -23 23 -25 -26 -27 28 -29 -30 -31
leaf_value=0.0057962325665494472 0.086077439654796722 -0.073415631541721774 -0.043653042853773347 -0.018511076914370504 0.10807018502427056 -0.081542232444954788 0.02441065244958297 0.02611418768380366 0.10563607837410843 0.082695277017343152 0.027795780995731392 0.078163931577441628 -0.0084811579040127427 0.085416513495809185 0.083416231498052745 0.050148183589080103 -0.0251305332164692 -0.018808351607206363 -0.016126915743519998 0.093171263185302319 0.010150918573258897 0.074120505723770977 0.026006081835058571 0.060558641210847343 -0.20003407915671759 0.039130865214872856 0.072955528676824338 0.060421189852637329 -0.00050686651608561806 0.047686883431356179
leaf_weight=35.79450230742259 492.50732586917002 6.7521725757760569 18.420013769347861 38.893752555410174 1102.7603733370779 5.4862753468696601 218.50781052402544 45.504091179320312 1104.4852483317809 412.47849939131265 57.936339121122728 125.2652227139406 28.190917104446271 261.64503713724844 943.5937698169846 78.998198630209117 17.58810038176307 14.743864339972786 101.11350924225553 477.21603920355119 18.804845980048412 277.83392644019477 3.8173604158801 45.593404510262189 4.2165265543153518 70.694376408961034 199.66614115766788 43.498437481583096 19.819088404219656 210.48332982430293
leaf_count=21844 4452 2471 5595 13809 4816 363 45901 9395 9184 14601 2305 8371 2449 2600 52682 22001 795 1274 29709 6564 349 4989 37 484 37 21996 3746 1354 756 6199
internal_value=0 0.0919894 0.0627136 0.0506849 0.0961676 0.0909298 0.0289451 0.0781612 0.0985632 0.0655267 0.0770738 0.0523821 0.0603484 0.0636747 0.08078 0.0301804 0.0717995 0.0539522 0.0112349 0.0886424 0.083285 0.0661273 0.0772846 0.0376096 -0.0926294 0.0220194 0.0584672 0.0445213 0.066322 0.0439227
internal_weight=0 4141.23 2341.08 1316.19 3608.72 2505.96 534.001 1024.89 1615.8 782.188 890.162 214.38 363.961 532.508 989.098 117.892 664.296 251.817 319.621 526.201 511.312 335.77 315.272 53.6273 8.03389 89.1144 234.229 48.9847 219.485 217.236
internal_count=301128 48653 252475 168554 36825 32009 111572 83921 13985 56982 18024 35962 9743 11828 62077 35810 21172 6571 75610 8281 4801 7294 3158 558 74 27591 5776 1717 4502 8670
cat_boundaries=0 2 4 6
cat_threshold=1527853985 299664 473777098 938243 2156544008 327755
is_linear=0
shrinkage=0.1


Tree=23
num_leaves=31
num_cat=0
split_feature=86 10 163 8 158 171 10 86 156 149 204 11 207 86 129 203 146 160 104 126 133 128 78 124 156 163 94 198 153 190
split_gain=52.464 56.1282 25.9509 33.4024 24.5633 16.5553 15.6806 15.5137 14.8653 12.2066 13.0312 11.3949 11.0479 11.718 10.9449 10.356 10.1093 9.53048 11.5861 9.30346 9.18088 11.6063 8.9729 9.11072 8.84858 8.41962 10.6891 8.32244 8.67034 7.94088
threshold=-0.83778271079063404 117.50000000000001 -1.2203632593154905 0.26736092567443853 0.29166667163372045 0.043289098888635642 16.500000000000004 -1.0855413675308225 1.0000000180025095e-35 0.032700123265385635 -0.010332509875297545 0.0073450077325105676 -0.140033483505249 -0.67822298407554615 -0.01682899426668882 0.022320791147649292 -0.019360291771590706 2.0000000000000004 -0.017109604552388188 -0.025924447923898693 0.028836926445364956 0.018490469083189968 0.032002048566937454 -0.030272537842392918 0.029557367786765102 -0.12796583771705625 0.019229571335017685 -0.021824059076607224 0.029544960707426075 0.11779310181736947
decision_type=2 8 2 10 2 2 8 2 2 2 2 8 2 2 2 2 2 2 2 2 2 2 2 2 2 2 2 2 2 2
left_child=1 7 -3 4 11 -6 -2 22 -8 10 -9 -4 14 15 -10 29 -16 20 -19 -5 24 -22 -1 -24 -13 -7 -27 28 -17 -14
right_child=6 2 3 19 5 25 8 9 12 -11 -12 17 13 -15 16 27 -18 18 -20 -21 21 -23 23 -25 -26 26 -28 -29 -30 -31
leaf_value=-0.036929277477364818 -0.0072798996410922178 0.094709131844034525 -0.020609792798053687 0.099947810729492909 0.084558717204592543 0.058768247330183293 -0.10349597749185746 0.072821003206765864 0.13345381799962122 -0.043679071488390696 0.023448451489461387 -0.033014644380616041 0.080217416212177955 0.097194051865641354 -0.0088722215313610398 0.083786704798673409 0.09906472782226014 -0.040333353830810409 0.052755539236103523 0.079101902802417315 -0.028220324247329266 0.065649015814163464 -0.16298890664552146 0.062465406263616907 0.060201160649802778 -0.088018414795162064 0.056633368260459907 0.10151589087326274 0.0085691711664780679 0.047607130703786055
leaf_weight=44.995145263699669 16.257392343288302 628.6414044852645 22.881621264119531 340.51663455946255 533.94789522577776 223.29031216858493 3.9170063565570663 112.82204472301419 118.67805684194172 15.070923013430727 101.59744925001723 10.375696024061652 840.11731849532589 1243.9142283679066 10.014247994346077 240.47560684101518 64.991944677050924 24.29503718966771 29.733695179525967 576.65116297853456 28.647483372329589 24.382946095789521 1.9743023015616952 19.454337036178913 549.58508420920407 9.2280245195106563 11.44348651383916 454.18073849457869 16.367996504348412 81.956899706536205
leaf_count=16183 19885 14795 3774 6295 15196 5433 7350 21630 1883 4569 27212 5208 30941 38774 727 8977 2154 2040 1513 11322 2507 1235 671 3862 25790 1087 841 13524 954 4611
internal_value=0 0.0725536 0.0766344 0.0718701 0.0625153 0.0746978 0.0906716 0.0309942 0.0911895 0.0433126 0.049427 0.0487787 0.0914378 0.0898815 0.114556 0.0843117 0.0846538 0.051159 0.0108964 0.0868414 0.0547078 0.01494 -0.0115652 0.0416934 0.0584739 0.0531158 -0.00794102 0.09338 0.0789933 0.0773189
internal_weight=0 3309.53 3013.62 2384.98 1467.81 777.91 3090.87 295.914 3074.61 229.49 214.419 689.902 3070.7 2877.01 193.684 1633.1 75.0062 667.02 54.0287 917.168 612.991 53.0304 66.4238 21.4286 559.961 243.962 20.6715 711.024 256.844 922.074
internal_count=300943 171163 97036 82241 64624 22557 129780 74127 109895 53411 48842 42067 102545 97781 4764 59007 2881 38293 3553 17617 34740 3742 20716 4533 30998 7361 1928 23455 9931 35552
is_linear=0
shrinkage=0.1


Tree=24
num_leaves=31
num_cat=1
split_feature=157 170 171 157 170 160 13 157 170 0 157 156 90 6 182 237 69 93 171 171 175 168 157 104 138 17 144 146 226 157
split_gain=105.773 56.5268 43.5254 29.2387 21.1539 18.7156 18.5428 17.2993 15.5468 17.9296 14.7864 16.9102 13.4271 13.3649 13.1004 12.2801 12.6784 11.5254 11.1737 11.2285 10.7501 11.2363 10.0111 9.86338 10.3831 24.8785 9.76951 9.63126 9.55999 9.55284
threshold=0.58731243014335643 0.5227518379688264 0.33477982878685003 0.50747352838516246 0.47982421517372137 1.0000000000000002 0.057443765923380859 0.68536502122879039 0.60061484575271618 0.25080645084381109 0.65575143694877636 0.2323504984378815 2.0449495315551762 0.022991543635725979 -0.1114361174404621 0 126.92689132690431 0.21133834123611453 -0.19260641932487485 0.06923586875200273 0.22792105376720431 3.1163240671157841 0.48628522455692297 -0.1424051225185394 -0.047213438898324959 12.500000000000002 1.0000000180025095e-35 0.039307735860347755 -0.05865096673369407 0.38624396920204168
decision_type=2 2 2 2 2 2 8 2 2 8 2 2 2 8 2 9 2 2 2 2 2 2 2 2 2 2 2 2 2 2
left_child=1 3 8 5 -5 13 -3 17 10 -10 11 -2 26 -1 -6 16 -7 -4 -16 -20 21 -15 -8 -13 25 28 -11 -14 -25 -23
right_child=2 6 7 4 14 15 22 -9 9 12 -12 23 27 20 18 -17 -18 -19 19 -21 -22 29 -24 24 -26 -27 -28 -29 -30 -31
leaf_value=-4.5314049857435211e-05 0.10949135774955643 0.018016722227047526 0.074130162774113925 0.094319120323909711 0.031564827384658489 0.019382825165412048 -0.0033241944346429839 0.081905466902563243 0.095338394989048433 -0.096325126400040706 0.10893345401097371 0.050497889481309025 0.075125349035440436 0.022276809538012043 0.032181331322286955 0.0094249320926031444 0.089639690362033231 0.029157851197618958 0.082473762370002618 0.041923999821323721 0.15811920518373468 0.0057773461363510616 0.059619462367230092 -0.035860252381269123 0.09210483151940041 -0.15478066166146406 0.028681005645900592 -0.20722280994332426 0.083887001459654276 0.079716558858480391
leaf_weight=26.561638666918043 507.01180947307148 246.51049232967853 94.035791929942206 702.58802676806954 77.060357520553225 42.118337801304733 27.591116087216506 344.48867869950482 79.326080185244791 12.355969798023581 982.10774898530508 66.169907115108799 31.429420821383246 43.818116269811981 57.019401231547818 128.73327054867968 65.83242835123292 144.63366974468227 643.28911448637518 76.398016226608888 14.364430373883804 18.419471752854406 300.15802807851651 7.5639337562461142 1269.2767929181355 5.3519537842366836 12.655088428175075 1.256424301827791 56.2188005662465 340.28160488527374
leaf_count=21380 3699 59032 2923 11890 4275 7136 13435 3332 1453 685 3656 872 645 10492 3487 34897 10036 5823 14186 5391 2976 10229 20401 120 14732 23 442 51 683 32682
internal_value=0 0.0667229 0.092588 0.0739089 0.0814674 0.0566125 0.0387366 0.0675693 0.097402 0.0644883 0.0989605 0.0938368 0.0220732 0.0687316 0.0708914 0.0339065 0.0569523 0.0468769 0.0747932 0.0781692 0.0731137 0.0700802 0.0543206 0.088186 0.0900492 0.0523095 -0.0330746 0.0642721 0.0696863 0.0759197
internal_weight=0 2810.74 3613.88 2236.48 1556.35 680.129 574.26 583.158 3030.72 137.023 2893.7 1911.59 57.6969 443.445 853.767 236.684 107.951 238.669 776.707 719.687 416.884 402.519 327.749 1404.58 1338.41 69.1347 25.0111 32.6858 63.7827 358.701
internal_count=301064 261925 39139 169057 39229 129828 92868 12078 27061 3276 23785 20129 1823 77759 27339 52069 17172 8746 23064 19577 56379 53403 33836 16430 15558 826 1127 696 803 42911
cat_boundaries=0 2
cat_threshold=1687162049 35936
is_linear=0
shrinkage=0.1


Tree=25
num_leaves=31
num_cat=2
split_feature=157 171 170 157 156 237 237 157 170 172 157 12 160 170 13 163 81 163 107 150 17 68 119 233 126 94 119 117 102 163
split_gain=79.56 40.1087 37.1772 31.1734 22.8402 33.5349 20.2615 17.8466 15.345 14.3279 14.9132 13.3905 13.2868 11.4002 11.0336 11.0217 10.2761 12.8821 10.0493 13.7416 13.0651 9.70194 9.50594 9.46732 10.3501 9.26221 9.05494 9.49477 9.02458 8.88771
threshold=0.61189672350883495 0.44739343225955969 0.53623268008232128 0.49697370827198034 0.2416573911905289 0 1 0.54138076305389415 0.47213083505630499 -0.20636551827192304 0.68536502122879039 164.50000000000003 1.0000000000000002 0.47530725598335272 0.019769410602748397 -0.61403793096542347 0.099295776337385191 -0.40978141129016871 0.053632967174053199 0.0058884532190859326 8.5000000000000018 37.589035034179695 -0.013866901863366364 -0.034608475863933556 -0.056538214907050126 0.1397645100951195 -0.030139887705445286 -0.024300844408571717 -0.12267681583762167 0.4086474627256394
decision_type=2 2 2 2 2 9 9 2 2 2 2 8 2 2 8 2 2 2 2 2 2 2 2 2 2 2 2 2 2 2
left_child=2 9 3 6 13 16 -1 -4 21 10 23 18 26 25 -15 -3 17 -6 28 20 22 -8 -20 -2 -25 -5 -9 -28 -11 -14
right_child=1 15 7 4 5 -7 8 12 -10 11 -12 -13 29 14 -16 -17 -18 -19 19 -21 -22 -23 -24 24 -26 -27 27 -29 -30 -31
leaf_value=0.016087784478704029 0.10005974023361904 0.073667250208157481 0.014313003501980896 0.095661765129454651 0.099868739351088309 0.027016546905306554 0.10173945954737736 0.10236236737048608 0.046565863739323851 -0.0884847314072994 0.10683208577977257 0.10724837540945747 0.040905911121226414 0.044494411932708061 0.086677826658434154 0.029180141811603263 0.058621103368554674 0.07074144029806366 0.0013493452239563926 -0.061410608500258451 -0.13379932932057645 0.061563773269238786 0.099403473049610794 -0.065782997631185239 0.056531632407968761 0.13102504863773276 0.019459832134392112 0.070184976726637163 0.09555790848085155 -0.049320362304238856
leaf_weight=130.989857410882 52.166682717273943 399.16032972431276 118.71443046219792 352.93100720566144 321.5937820601539 189.9274615063332 134.9838770134329 66.748663002166722 202.04888319090333 2.6816926453611805 129.39687804441201 1560.3044454701012 148.12551078905017 66.890789498458616 849.11217731469696 64.719952449064294 174.96639288406732 287.65854712203873 12.304163269465787 8.9947763076488609 2.9908158403995904 108.36070596195714 50.327363569522277 7.2701946989109265 142.8503406670352 93.735180835705251 45.2604509274679 199.79241893339713 411.79823110382131 11.786215037733198
leaf_count=45123 500 4352 46423 5755 3169 8602 20479 2589 53797 132 410 6211 8555 10591 19220 4080 5008 12512 311 360 128 16198 642 111 1294 1031 2561 10440 5948 4635
internal_value=0 0.0943613 0.0718506 0.076488 0.0816255 0.0699326 0.0556593 0.0489693 0.0654662 0.0996021 0.0803199 0.102723 0.0576911 0.0899845 0.0835974 0.0674605 0.0789748 0.0861163 0.0882853 0.0545019 0.0703899 0.0838493 0.0801404 0.0633609 0.0506081 0.103083 0.0697102 0.0608162 0.0943671 0.0342558
internal_weight=0 2844.97 3503.63 2913.2 2336.82 974.146 576.383 590.428 445.393 2381.09 331.684 2049.4 471.713 1362.67 916.003 463.88 784.219 609.252 489.097 74.6171 65.6223 243.345 62.6315 202.287 150.121 446.666 311.802 245.053 414.48 159.912
internal_count=301167 24479 276688 201485 65888 29291 135597 75203 90474 16047 2315 13732 28780 36597 29811 8432 20689 15681 7521 1441 1081 36677 953 1905 1405 6786 15590 13001 6080 13190
cat_boundaries=0 2 4
cat_threshold=490059220 1110112 2153497122 1917323
is_linear=0
shrinkage=0.1


Tree=26
num_leaves=31
num_cat=3
split_feature=157 237 170 160 157 170 167 170 92 237 170 237 227 157 13 157 86 232 103 170 157 139 86 204 107 160 176 230 157 124
split_gain=75.9264 31.3762 27.8745 22.2081 20.0599 24.3294 20.0355 12.8332 13.1881 12.8173 13.1016 12.2508 12.223 11.5448 10.0335 10.0107 9.90589 11.9188 9.73016 9.47567 13.1797 9.8159 9.57906 9.27763 12.2123 9.02524 9.15748 9.00174 8.8765 8.83282
threshold=0.56410160660743724 0 0.45447091758251196 1.0000000000000002 0.63708066940307628 0.48174977302551275 2.5000000000000004 0.57068678736686718 0.91027551889419567 1 0.54596516489982616 2 -0.078224636614322648 0.33286879956722265 0.0072203108575195083 0.43368178606033331 -1.1364612579345701 -0.022189555689692494 0.12367791682481767 0.5133810043334962 0.65575143694877636 -0.01029429631307721 -1.0855413675308225 -0.15751120448112485 -0.040208544582128518 1.0000000000000002 -0.14962334930896756 -0.11824175342917441 0.58077546954154979 0.050189616158604629
decision_type=2 9 2 2 2 2 2 2 2 9 2 9 2 2 8 2 2 2 2 2 2 2 2 2 2 2 2 2 2 2
left_child=2 12 13 9 5 -3 11 8 -7 -4 15 -5 18 -1 -14 -11 17 -15 -2 -16 22 -22 -21 24 -6 -9 -27 -23 -10 -30
right_child=1 4 3 6 23 7 -8 25 28 10 -12 -13 14 16 19 -17 -18 -19 -20 20 21 27 -24 -25 -26 26 -28 -29 29 -31
leaf_value=-0.039153192510090751 0.043467517097828867 0.10916985113823681 0.012718423114553526 -0.0013381390894105069 -0.12724094544033734 0.076003407847319432 -0.012362419294001115 0.074211383628909847 0.075710449412108458 0.028851831718478951 0.032941724653136689 0.054568257820223801 -0.004377484228413467 -0.045309760714570345 0.087091033777551966 0.07739601720956947 0.092958043412487909 0.075124234040615898 -0.07056119958505444 -0.0056512402350364825 0.055847917554511919 -0.097927567680391625 0.055202146184467255 0.10646693041540418 0.076317195250476755 0.12417053474752462 0.018351091223741706 0.091957818647211781 0.1041388631038583 0.018762057645850171
leaf_weight=7.1949519872841838 43.686119676480303 453.08919161454833 60.800652061919209 52.550264620769667 3.1184932032192583 611.03595295164996 60.756014234098075 174.79949318687068 164.8167627773073 44.91231431889446 82.325451326294569 378.01338057540215 16.306198836584372 11.420051329692795 374.31083078979282 784.55180087260487 429.09079226584799 29.301530728505895 9.0300962140572647 30.560631429514615 131.19503549291403 2.5234170857584095 168.44025796927599 1247.6477137259062 53.676220791967353 9.405164264564517 62.674874958222063 234.63273708894849 532.46870222470898 12.399868858090484
leaf_count=4863 1668 3050 14764 12189 76 10072 16595 5260 3899 27515 23796 54947 4451 1335 4509 55342 29178 2248 301 1050 1091 62 4724 6032 561 292 3595 1755 5606 216
internal_value=0 0.0893627 0.0655656 0.0587248 0.0947156 0.0887599 0.0413955 0.0828608 0.0867727 0.067479 0.0702209 0.0489812 0.0701207 0.0865596 0.0733943 0.0747675 0.0884848 0.0413495 0.0239348 0.074741 0.0665931 0.0777958 0.0458569 0.104668 0.0651402 0.0619335 0.0321586 0.0899374 0.0960449 0.102196
internal_weight=0 4335.82 1940.92 1463.91 3325.13 2020.69 491.32 1567.6 1320.72 972.59 911.79 430.564 1010.69 477.007 957.969 829.464 469.812 40.7216 52.7162 941.663 567.352 368.351 199.001 1304.44 56.7947 246.88 72.08 237.156 709.685 544.869
internal_count=301042 58270 242772 205148 38659 31990 83731 28940 19793 121417 106653 67136 19611 37624 17642 82857 32761 3583 1969 13191 8682 2908 5774 6669 637 9147 3887 1817 9721 5822
cat_boundaries=0 2 4 6
cat_threshold=2726429696 4788126 3223339008 724235 3162120 333274
is_linear=0
shrinkage=0.1


Tree=27
num_leaves=31
num_cat=0
split_feature=86 163 12 13 220 179 10 11 86 160 158 170 158 134 229 92 115 212 0 210 122 88 195 206 141 203 125 168 152 53
split_gain=50.889 29.0257 19.6866 14.6986 12.9604 12.7527 12.1766 14.0901 11.6972 10.7142 10.4383 10.2956 10.0445 9.56829 9.40084 9.22015 8.99407 8.95392 8.44593 8.23552 8.15242 9.1833 7.98547 8.71812 7.78466 10.0852 10.5919 10.0185 11.2163 9.79228
threshold=-0.93589836359024037 0.34742195904254919 14.500000000000002 0.012121656909585001 -0.075873900204896913 0.13981986045837405 567.50000000000011 0.04474942013621331 -0.57249638438224781 1.0000000000000002 1.0000000180025095e-35 0.48385892808437353 0.22500000149011615 0.017423197627067569 0.017144883051514629 0.900182604789734 -0.054378669708967202 0.16501245647668841 0.16749174892902377 0.0078247189521789568 0.055570170283317573 0.83445373177528392 -0.11800764128565787 -0.043241959065198891 -0.030436570756137368 0.1329021826386452 0.014619993045926096 3.9322458505630498 0.0040899082086980352 1.5000000000000002
decision_type=2 2 8 8 2 2 10 10 2 2 2 2 2 2 2 2 2 2 10 2 2 2 2 2 2 2 2 2 2 2
left_child=1 3 -2 9 -3 6 7 10 11 -1 14 18 13 -13 15 19 -15 24 -4 -5 21 -9 -14 -24 27 -26 -27 -12 -29 -28
right_child=2 4 8 5 -6 -7 -8 20 -10 -11 17 12 22 16 -16 -17 -18 -19 -20 -21 -22 -23 23 -25 25 26 29 28 -30 -31
leaf_value=0.057130358670073038 -0.019843390216589721 0.070097220108047267 0.082260882749933914 -0.012668793921158279 -0.0067664705233634317 0.10521121000010743 0.084206811620300373 0.093946925398945752 0.10211508819709997 -0.028445646829136258 0.059114595397786886 0.067660517079394036 0.10503571404191686 0.0050512261415763017 -0.01655251309964979 0.09147429765075199 0.09599821479277254 -0.035105403341462678 0.10240314244955531 0.065482013470203451 0.054125863498346555 0.0016268434050008566 0.07572085889378033 0.091268165072367194 0.072891486477504791 -0.034641054623338496 0.10018508903008075 -0.19558530722492901 0.015469515969381882 -0.068447164418461603
leaf_weight=37.417131908419833 16.752805837550113 31.868006836170025 313.78613941325784 29.247077829000773 70.393347429866481 117.96452545651118 518.91870226316678 277.98075636573958 566.37437581884751 24.023949386864842 120.92232922487165 600.54386097040424 230.24425665268245 11.434955621443804 30.238762739889353 31.358845301667316 221.56567459536836 9.1069585996883671 618.52920397889375 25.019018509203306 79.025010295415996 11.209201305311579 601.99595977701119 899.71728196268305 593.4462797926335 18.431078180328768 17.974902923804624 2.7057648516711188 36.289163465542515 4.2595334364159489
leaf_count=8584 26137 5524 17795 2415 32360 4682 10596 9201 19518 6497 5524 36820 5563 746 3475 1629 11615 548 22268 1634 2825 701 17098 25909 19262 974 443 63 968 165
internal_value=0 0.0691421 0.088337 0.071818 0.0171868 0.0733555 0.0712749 0.0660616 0.0887829 0.0236695 0.0594391 0.0866242 0.0833536 0.0743341 0.0313797 0.0483072 0.0915348 0.063487 0.0956239 0.0233621 0.0825903 0.0903685 0.0876945 0.0850357 0.0646178 0.0695902 0.0214135 0.044901 0.000824926 0.0678796
internal_weight=0 2087.8 4080.94 1985.54 102.261 1924.1 1806.13 1287.21 4064.19 61.4411 919 3497.82 2565.5 833.544 115.864 85.6249 233.001 803.136 932.315 54.2661 368.215 289.19 1731.96 1501.71 794.029 634.112 40.6655 159.917 38.9949 22.2344
internal_count=301539 118070 183469 80186 37884 65105 60423 49827 157332 15081 37100 137814 97751 49181 9153 5678 12361 27947 40063 4049 12727 9902 48570 43007 27399 20844 1582 6555 1031 608
is_linear=0
shrinkage=0.1


Tree=28
num_leaves=31
num_cat=0
split_feature=86 11 65 156 168 12 170 156 161 10 171 158 93 156 103 81 168 179 0 7 156 9 64 88 199 86 93 125 210 207
split_gain=56.9502 27.625 21.3586 15.7731 14.8755 13.8881 13.2979 10.5903 10.0699 9.94664 10.5398 9.89551 13.0554 9.18107 9.12047 8.91326 8.89991 8.74821 8.71221 8.52059 8.42738 8.88678 8.02793 7.85502 7.79807 7.53249 7.53215 8.53921 7.43311 7.39549
threshold=-0.94671633839607228 0.0088107436895370501 1.5000000000000002 1.0000000180025095e-35 3.2519081830978398 9.5000000000000018 0.47982421517372137 1.0000000180025095e-35 2.7328655719757085 1922.0000000000002 -0.0069648998323827973 0.18333333730697635 0.056992594152688987 0.097693528980016722 0.10896006226539613 0.016530054621398452 3.7418887615203862 -0.14294929802417752 0.24876349419355395 0.043015725910663612 0.46247655153274542 0.023022701963782314 7.5000000000000009 0.73498621582984935 -0.03858565911650657 -0.67822298407554615 -0.14299747347831723 0.022270898334681991 -0.11258661374449729 0.028214046731591228
decision_type=2 8 2 2 2 8 2 2 2 10 2 2 2 2 2 2 2 2 10 10 2 10 2 2 2 2 2 2 2 2
left_child=1 19 4 -2 17 -5 8 -4 15 10 -9 12 -8 -13 24 18 22 -3 -7 -1 21 -16 -15 -19 -12 26 -17 -28 -26 -18
right_child=3 2 7 5 -6 6 11 9 -10 -11 14 13 -14 16 20 25 29 23 -20 -21 -22 -23 -24 -25 28 -27 27 -29 -30 -31
leaf_value=-0.058211189097386963 -0.093855395230414473 -0.052887783408469884 -0.10345782891288968 -0.041100199983410572 0.062332401729677633 -0.065268619610137371 0.084112809311445449 0.084613743050407086 0.10132830360599601 0.11316858645202038 0.092180914079492859 0.11558946707978578 0.05251149653804689 0.08375461922786244 0.054496920022614519 -0.10080866833264693 0.10219738211243956 0.069464572166872185 0.086755355274023935 0.025610404224139793 -0.094291310965651784 -0.05012915060365674 0.030645571376889027 0.010826474779767661 -0.059493762982162614 0.13552925836128624 -0.0067288052363219976 0.10685795136741666 0.065304954252992181 0.081585119080312615
leaf_weight=15.03810329754924 4.7458593350211222 13.629527793673331 3.2176878806931191 8.2456073847115459 534.66206390457774 9.4830566420860105 412.56855019207978 644.89095294786239 956.09662082204341 76.404219489326351 135.50504004549293 117.82285509899884 191.37145918773967 1627.7717274041825 97.771228017132671 2.8882088008249402 548.19696514654788 36.365622452758544 6.2569042525792602 62.648815621338144 4.4736435670056371 8.853423876091254 28.968581077919225 61.44357453799239 4.8506708133427301 16.981976258619397 10.007989814912436 19.542496249698161 296.33690298634974 255.05243408741808
leaf_count=17716 12329 2423 3987 18913 23549 535 23991 23587 36934 2250 3493 22463 12598 48789 3218 176 4968 3594 230 11512 93 656 1187 8765 611 294 624 529 7936 3094
internal_value=0 0.0678445 0.0702119 0.0883479 0.0554051 0.0885533 0.0888076 0.0777311 0.098736 0.0781905 0.0759498 0.0856209 0.0740992 0.0883202 0.06575 0.0606992 0.0870142 0.0221692 -0.00483648 0.00938479 0.0401679 0.0458094 0.082826 0.0326282 0.0722583 0.0815717 0.0533244 0.068389 0.0632951 0.0956525
internal_weight=0 1996.09 1918.4 4216 646.101 4211.26 4203.01 1272.3 1021.26 1269.09 1192.68 3181.75 603.94 2577.81 547.791 65.1606 2459.99 111.439 15.74 77.6869 111.098 106.625 1656.74 97.8092 436.693 49.4207 32.4387 29.5505 301.188 803.249
internal_count=301044 113390 84162 187654 38331 175325 156412 45831 39322 41844 39594 117090 36589 80501 16007 2388 58038 14782 765 29228 3967 3874 49976 12359 12040 1623 1329 1153 8547 8062
is_linear=0
shrinkage=0.1


Tree=29
num_leaves=31
num_cat=2
split_feature=157 171 156 175 157 13 170 170 156 79 86 237 11 160 167 157 93 156 237 157 231 221 215 182 1 168 99 116 157 133
split_gain=58.5362 39.5074 23.8777 22.1035 20.8428 18.5373 16.9949 15.3793 14.1567 13.6087 13.1727 12.6478 11.9006 11.6526 16.0689 11.5002 11.1263 10.9334 11.8623 10.3456 11.6265 10.4805 10.3135 9.93363 9.559 9.50601 9.21988 10.4861 9.12241 8.92287
threshold=0.56410160660743724 0.33477982878685003 1.0000000180025095e-35 0.22792105376720431 0.65575143694877636 0.010591556318104269 0.48174977302551275 0.48385892808437353 0.15170694142580035 0.35424837470054632 -0.93589836359024037 0 0.052770815789699561 1.0000000000000002 2.5000000000000004 0.63708066940307628 0.13221641629934314 0.12838828563690188 1 0.58731243014335643 -0.054123071953654282 0.0021816594526171689 0.13055375963449481 -0.13544713705778119 0.0097674862481653708 3.3874071836471562 0.11776676401495935 -0.016681004315614697 0.37867735326290136 0.0090851602144539374
decision_type=2 2 2 2 2 8 2 2 2 2 2 9 10 2 2 2 2 2 9 2 2 2 2 2 10 2 2 2 2 2
left_child=2 4 -1 5 6 -4 10 9 -8 12 -2 -9 17 23 19 16 -3 28 29 21 -21 -15 -12 -10 -16 -13 27 -24 -7 -19
right_child=1 15 3 -5 -6 7 8 11 13 -11 22 25 -14 14 24 -17 -18 18 -20 20 -22 -23 26 -25 -26 -27 -28 -29 -30 -31
leaf_value=-0.096378541351222938 0.080938660990462458 0.082165671861062647 0.0099837268943526875 0.13245214352998649 0.10472943731712699 -0.0012664509830836372 0.10537452390844007 0.028229064954198042 0.048936159577192391 0.10268449004017027 0.11534849304544388 0.047331181106389932 0.095575387165133807 0.0077278132677515102 -0.028837828685617711 0.071319995826798543 0.01571288176182448 0.081857535683423716 0.026244947836591322 0.11036702261427909 0.072637927106704511 0.069771318415450048 0.12599420483272017 0.088369974394546913 0.051540471552305046 0.072610883041225746 0.14069933277445462 -0.17844308607433049 0.092078034567228198 0.036716512142975791
leaf_weight=8.8434006654624664 187.86796607894939 36.495179237688717 56.235969118656612 52.280466978150798 990.14800519983692 11.207195352766574 260.67588430974138 168.99054043233627 67.63820708754065 174.03971456459112 392.37329214684723 203.93775050613476 160.69215620033356 40.884340413955215 23.561228615813889 457.0681643549251 81.377097754429997 194.13061530015693 145.69036319527368 108.28924491203361 332.34627202492993 81.500507847456902 1.6768644856347235 1149.9394540498433 39.769774782413151 549.66997924664429 3.016515908704605 3.4781806544342526 159.08968891690893 56.542613695819455
leaf_count=22190 1858 2211 50077 6098 4356 5487 4661 34533 1084 10996 2512 42232 6058 1784 2030 7009 5648 5269 7623 1064 5289 2183 50 15499 1009 35527 20 65 14559 2003
internal_value=0 0.0885176 0.0675654 0.0683157 0.0923233 0.0665323 0.0877619 0.0682758 0.0835614 0.0775656 0.102786 0.0591995 0.0715552 0.0804777 0.0693942 0.0641378 0.0362877 0.0647436 0.0556388 0.0747661 0.0819101 0.0490448 0.113033 0.0861794 0.0216371 0.0649085 0.00184049 -0.0794139 0.0859351 0.0689258
internal_weight=0 4258.11 1941.35 1932.51 3683.17 1880.23 2693.02 1823.99 2104.6 901.392 588.413 922.598 727.353 1843.93 626.351 574.94 117.872 566.66 396.364 563.02 440.636 122.385 400.545 1217.58 63.331 753.608 8.17156 5.15505 170.297 250.673
internal_count=300984 58332 242652 220462 43464 214364 39108 164287 34603 51995 4505 112292 40999 29942 13359 14868 7859 34941 14895 10320 6353 3967 2647 16583 3039 77759 135 115 20046 7272
cat_boundaries=0 2 4
cat_threshold=217204488 4916491 528495898 5280816
is_linear=0
shrinkage=0.1


Tree=30
num_leaves=31
num_cat=1
split_feature=156 79 237 7 168 5 88 63 218 10 193 190 90 170 112 189 92 104 17 168 88 187 135 204 140 184 144 204 197 224
split_gain=23.5159 22.7515 18.6965 16.1638 13.9031 11.8331 12.4612 11.5716 10.489 10.1504 9.88428 9.46252 11.9007 9.44794 9.15088 8.97653 8.9378 8.92015 8.68223 8.21848 8.11982 7.27859 10.8407 7.14488 7.11943 7.05748 7.65025 7.71878 7.17052 7.06608
threshold=1.0000000180025095e-35 0.32554347813129431 0 0.12403846159577371 3.6476100683212285 0.090593434870243086 0.72241657972335827 0.051160620525479324 -0.075315162539482103 78.500000000000014 -0.22743408381938932 0.079171076416969313 1.99462366104126 0.5150744915008546 -0.013237002305686472 0.051974367350339896 0.81490695476531994 -0.11360296607017516 8.5000000000000018 3.1971637010574345 0.76840013265609752 -0.19459274411201474 -0.0066405849065631619 -0.12939066439867017 -0.02985474560409784 -0.1558963134884834 -0.045715840533375733 -0.038916936144232743 -0.029705073684453961 -0.10641922429203986
decision_type=2 2 9 10 2 8 2 2 2 8 2 2 2 2 2 2 2 2 2 2 2 2 2 2 2 2 2 2 2 2
left_child=-1 2 5 7 13 -2 -7 25 15 -10 -6 12 16 -3 -13 -9 -11 -5 24 20 23 22 -15 -19 -14 29 27 -27 -29 -4
right_child=1 4 3 17 10 6 -8 8 9 11 -12 14 18 21 -16 -17 -18 19 -20 -21 -22 -23 -24 -25 -26 26 -28 28 -30 -31
leaf_value=-0.090637217584474711 0.081480272264198725 0.096633087913753191 -0.051051342476715 0.060966276690178692 -0.13749429947626701 0.11052432155631607 0.083496210294021378 0.028285276346792884 -0.024848002144969 -0.043550546033996003 0.10275250214885667 0.038974313676714119 -0.019411395365818332 0.077657052080611355 0.10296097032490968 -0.081964133489820359 0.035487477622362117 -0.007533281508726581 -0.038069968378321363 0.083804175620364602 0.023793259731499275 0.079504734654411768 -0.070379280009743111 0.076672869649097072 0.083244249051231178 0.092359811883677187 0.068758372539292276 -0.14363817879911608 0.013810546170634888 0.10512395199230735
leaf_weight=7.8716536553611141 762.28659997538125 417.4515638505145 3.0164596109534605 274.69516555167138 1.7165118878983765 416.40615851664188 288.94832478486205 26.380411125075625 15.790103565881507 16.419272521001403 732.19944264399237 32.809226528508589 7.2341681409307048 12.569924763411111 70.112259850786359 10.256302572655839 111.23233582883768 10.653186908315545 7.045677036890992 1256.7357889131163 42.240897690840939 720.57312639461452 8.1567721609244455 186.12459034731364 102.17447696538875 6.6149832943010578 474.33482717575862 4.4249997110891863 8.3518719183230097 73.173575193137367
leaf_count=22489 35717 29532 534 11016 183 12671 13459 2695 10895 1048 14869 2166 378 533 2099 2198 6829 1651 631 36560 5032 29938 586 14535 3855 501 33471 405 607 3817
internal_value=0 0.0823156 0.0782196 0.0715849 0.0914212 0.0895078 0.0994523 0.0614659 0.0484155 0.0535648 0.102191 0.0571327 0.0464105 0.0846003 0.0825634 -0.00257861 0.0253212 0.0775297 0.0695275 0.0805715 0.0635745 0.0778242 0.0193989 0.0721141 0.0764566 0.0706129 0.0662415 0.00467741 -0.0407185 0.0989408
internal_weight=0 6100.13 4207.46 2739.82 1892.67 1467.64 705.354 969.371 399.454 362.818 733.916 347.027 244.106 1158.75 102.921 36.6367 127.652 1770.45 116.454 1495.75 239.019 741.3 20.7267 196.778 109.409 569.917 493.727 19.3919 12.7769 76.19
internal_count=300900 278411 202770 140923 75641 61847 26130 72129 32794 27901 15052 17006 12741 60589 4265 4893 7877 68794 4864 57778 21218 31057 1119 16186 4233 39335 34984 1513 1012 4351
cat_boundaries=0 2
cat_threshold=421558754 307264
is_linear=0
shrinkage=0.1


Tree=31
num_leaves=31
num_cat=2
split_feature=157 86 171 156 237 156 157 86 157 170 173 157 175 163 168 95 107 93 170 182 124 88 109 12 204 151 126 156 237 102
split_gain=50.517 28.5228 24.5191 19.4243 17.5919 16.6613 14.0756 13.7161 13.6706 20.9353 11.9692 11.8932 11.6005 11.1 10.8397 10.4579 10.1157 9.59383 9.2396 9.16407 12.1856 9.06442 8.8683 8.62507 9.80655 12.1261 8.45861 10.3322 9.29856 8.68818
threshold=0.52949872612953197 -0.83778271079063404 0.055818954482674606 0.13938769698143008 0 1.0000000180025095e-35 0.63708066940307628 -0.66562828421592701 0.65575143694877636 0.53623268008232128 0.31048737466335302 0.38624396920204168 0.22792105376720431 0.68888208270072948 3.1673040390014653 0.17980607599020007 1.0000000180025095e-35 0.21133834123611453 0.48735144734382635 -0.079462345689535127 0.015310669783502819 0.81004324555397045 -0.037475578486919396 164.50000000000003 0.061656510457396514 0.015804389491677288 -0.027106124907732006 0.3656191378831864 1 0.081702228635549559
decision_type=2 2 2 2 9 2 2 2 2 2 2 2 2 2 2 2 2 2 2 2 2 2 2 8 2 2 2 2 9 2
left_child=3 2 13 5 18 -1 26 11 9 22 16 -7 14 19 -13 -12 17 -11 21 20 -2 -5 -3 24 -21 -26 27 -4 -28 -29
right_child=1 8 6 4 -6 7 -8 -9 -10 10 15 12 -14 -15 -16 -17 -18 -19 -20 23 -22 -23 -24 -25 25 -27 28 29 -30 -31
leaf_value=-0.092587095832954394 0.085528530067580558 0.070593277332227339 0.078388141072535375 0.078161172002603418 0.019691484977712843 0.014915389516346354 0.074763687497359149 0.12473530621811053 0.10610649842940628 0.099596840810427953 0.060729315472587579 0.03319905599044478 0.15156340513096295 0.014552940882426478 0.080495071892388942 -0.010983087231808138 0.064895822448841164 -0.025264126985477465 0.044402197068771417 0.083023848736746522 0.040229735590943304 -0.00028128085228506828 0.099219624080838148 0.093756022120076304 -0.0023030763087672668 0.095608980208199495 -0.022322860462390286 -0.068826754563197257 0.040270877513570273 0.10971767088043766
leaf_weight=5.7030587049839587 164.47953296662672 119.21043094959532 100.1004407997716 271.93780003092979 168.71958648734471 32.16092812954048 446.61945515530533 59.023631338144696 697.90678202302661 213.72739418726451 97.43523233212909 55.675522599938631 20.388805545033392 21.700883205596256 373.82511986927238 25.699211860322976 199.1627362704412 6.3361666785167463 168.15892601207634 251.55982258751465 92.939711224433267 15.574892064330923 1173.8698475337806 1114.9536606674374 32.523850189441873 20.698666082465934 24.848689217786159 9.2247461737060785 145.45509685458819 3.8683271952322675
leaf_count=21438 2756 2468 3984 14030 23398 19614 6475 16373 3277 7320 3048 22666 2650 6064 59743 987 10639 508 23368 7474 1996 1085 18185 8939 2380 744 1832 691 7082 71
internal_value=0 0.0867699 0.0790273 0.0636801 0.0516287 0.0774422 0.0637015 0.0792344 0.0941936 0.0896638 0.0731731 0.0736631 0.0778628 0.0856138 0.0743642 0.0457623 0.0812242 0.0960018 0.0616684 0.0865333 0.0691737 0.0739119 0.0965805 0.0896809 0.0747732 0.0357757 0.0462741 0.0674615 0.0321918 -0.0160761
internal_weight=0 4962.32 2428.97 1171.17 624.391 546.777 730.117 541.074 2533.35 1835.44 542.361 482.05 449.889 1698.86 429.501 123.134 419.226 220.064 455.672 1677.16 257.419 287.513 1293.08 1419.74 304.782 53.2225 283.497 113.194 170.304 13.0931
internal_count=301285 96920 50488 204365 61881 142484 20135 121046 46432 43155 22502 104673 85059 30353 82409 4035 18467 7828 38483 24289 4752 15115 20653 19537 10598 3124 13660 4746 8914 762
cat_boundaries=0 2 4
cat_threshold=531411164 1062976 2147549580 160
is_linear=0
shrinkage=0.1


Tree=32
num_leaves=31
num_cat=2
split_feature=86 157 170 163 237 171 157 156 157 156 66 124 237 174 220 92 157 187 134 186 153 227 173 95 145 125 146 170 85 13
split_gain=49.2149 37.3148 23.0445 20.8199 15.9543 15.7194 14.7391 12.4844 13.5471 10.9621 10.8608 12.2658 12.723 10.6302 10.5423 11.4845 10.4643 10.307 10.1743 9.77183 10.0009 9.75165 10.1803 9.06904 9.02647 9.26193 8.76716 8.65095 8.57224 8.56006
threshold=-0.94671633839607228 0.61189672350883495 0.50857836008071911 0.3110466748476029 0 0.44739343225955969 0.42518542706966406 0.097693528980016722 0.49335704743862158 0.31726674735546118 5.6568076610565194 -0.028479596599936482 1 -0.10133757069706915 0.068574443459510817 0.88929009437561046 0.54138076305389415 0.18544316291809085 -0.023864548653364178 0.067439407110214247 0.023000882938504223 -0.057034155353903764 0.38619768619537359 0.082322571426630034 0.043263679370284087 -0.022507034242153164 -0.006512006511911749 0.44100475311279302 130.50000000000003 0.054079741239547736
decision_type=2 2 2 2 9 2 2 2 2 2 2 2 9 2 2 2 2 2 2 2 2 2 2 2 2 2 2 2 2 10
left_child=3 2 7 6 -5 13 28 -2 -9 23 17 12 18 14 -3 -16 -4 27 -12 -17 -21 -11 24 -10 25 26 -23 -8 -1 -29
right_child=1 5 16 4 -6 -7 10 8 9 21 11 -13 -14 -15 15 19 -18 -19 -20 20 -22 22 -24 -25 -26 -27 -28 29 -30 -31
leaf_value=0.013756591506547801 0.11583436842869055 0.09771570102235333 0.048439396749063966 0.049226595156764544 -0.02976036819354377 0.068055565399252532 0.10380986400295809 0.059953793218686581 0.088953965616816122 0.015870006737485808 -0.1386366881646951 0.063016678448052407 -0.058869262605262998 0.10996718815634993 -0.0069351815684658112 0.10006294447777248 0.073499085567243827 0.10278971025382629 0.072292270131432176 0.039861097138290974 -0.20608731698574903 -0.057349317361967522 0.0039674317621029099 0.11395013080500681 -0.070405789511504349 0.093304273339675864 0.072258571547958991 0.066078252838113069 0.50399219397076178 0.083572381968220019
leaf_weight=48.788833851062009 144.41325077736337 804.0658968504431 218.68935397804353 61.070170490640521 33.556082553808665 151.79500226545497 88.689993271522326 186.71055189479921 556.87451422343656 27.705461727520742 2.5308693844344843 232.46339331603303 11.94936852705723 805.98422320653481 19.288706010891474 53.946711412747391 700.02034941679995 132.3752541324393 23.715062242625208 12.724199694013803 1.9002043617074367 8.1149926378784603 17.083980312560016 196.31988403252399 3.7255102225608416 203.1248796094078 14.625236373001824 897.00635725590109 0.35931167271428321 406.43095566111879
leaf_count=21019 40717 6235 54601 16726 21059 2960 2079 23953 11923 1457 149 8366 1269 4387 398 617 30097 3291 995 240 36 405 683 4137 180 4460 400 31884 68 6450
internal_value=0 0.0883363 0.079767 0.0690212 0.0232736 0.0988872 0.0713684 0.0880386 0.0847329 0.0892353 0.0728476 0.0543876 0.00186937 0.101644 0.0941219 0.0612326 0.0675339 0.076125 0.0376192 0.0804079 0.00790409 0.0721226 0.0784406 0.0954692 0.0839822 0.0865288 0.0260072 0.0735895 0.0173406 0.0715332
internal_weight=0 4127.11 2277.41 1938.94 94.6263 1849.7 1844.31 1358.7 1214.29 1027.57 1795.16 270.659 38.1953 1697.91 891.926 87.8598 918.71 1524.5 26.2459 68.5711 14.6244 274.38 246.675 753.194 229.591 225.865 22.7402 1392.13 49.1481 1303.44
internal_count=301241 187886 173013 113355 37785 14873 75570 88315 47598 23645 54483 10779 2413 11913 7526 1291 84698 43704 1144 893 276 7585 6128 16060 5445 5265 805 40413 21087 38334
cat_boundaries=0 2 4
cat_threshold=861885608 153941 470335769 1134920
is_linear=0
shrinkage=0.1


Tree=33
num_leaves=31
num_cat=0
split_feature=86 13 170 166 86 12 151 160 16 106 112 12 139 159 66 86 86 160 208 17 146 134 66 120 201 63 186 159 224 81
split_gain=55.086 15.9233 14.2994 12.5058 16.2473 13.7369 12.1606 10.801 15.6053 10.9939 9.49834 8.90467 8.94349 8.40862 8.36627 7.95126 7.54132 9.94742 7.78562 7.27593 7.22896 7.22148 8.46739 9.1166 7.03706 7.93065 8.43983 6.98089 15.1671 6.73636
threshold=-0.94671633839607228 0.0051115783862769612 0.47982421517372137 0.89823457598686229 -1.0724866986274717 258.50000000000006 0.010830017738044264 1.0000000000000002 1.0000000180025095e-35 0.025072544813156131 -0.063874680548906312 136.50000000000003 0.010370192583650352 0.73673596978187572 8.9517459869384783 -0.76415729522705067 -1.1852712035179136 1.0000000000000002 -0.074097570031881319 10.500000000000002 0.0059630009345710286 -0.010146227665245531 5.2622580528259286 0.067730337381362929 -0.051795141771435731 0.29478834569454199 0.017824368551373485 1.0994741320610049 -0.13352238386869428 0.045804196968674667
decision_type=2 8 2 2 2 10 2 2 2 2 2 8 2 2 2 2 2 2 2 2 2 2 2 2 2 2 2 2 2 2
left_child=1 -1 21 4 5 6 16 10 9 -9 -4 12 -5 -8 19 24 17 18 -3 -6 -14 -2 -23 -24 25 -10 -27 -17 -29 -12
right_child=2 3 7 11 14 -7 13 8 15 -11 29 -13 20 -15 -16 27 -18 -19 -20 -21 -22 22 23 -25 -26 26 -28 28 -30 -31
leaf_value=-0.014295012173555881 0.10743326609580167 -0.079306103046267423 0.061989324558916176 -0.050423653347290431 0.070128297730745956 0.069630169449665477 0.081817348172535734 -0.010560157352399242 0.058923176863503235 0.095469225531886331 0.096225059333315002 0.08095892168602703 0.09506522946754481 0.010933691318169455 -0.0062256047606954121 0.091672085295059463 0.037021904132113509 -0.058965619850887878 0.032333773676081652 0.10401218851732144 -0.089159414190502662 0.096946705551158918 0.071668217394664432 -0.11509775470398612 0.077054039751384487 -0.13487452422985535 0.031073106783384187 -0.18927902086292836 0.065067869449367627 0.084262810960801279
leaf_weight=23.469158409503507 464.36877204709208 7.0773686284683199 122.52523124609979 10.366126835570869 586.92129782929987 185.26814455292151 71.031287785549466 33.456951289611879 113.61117167155135 13.818028966893506 1022.5798080047298 706.58841472616041 14.319495693816863 21.893432178560033 13.33302695200109 472.86112591201845 125.92823500798113 22.277468788186525 53.226409354872885 71.04360335641104 2.5022014194109934 470.63992649612828 122.51258758967651 2.6705611898350972 392.86122585942667 4.4202869151349651 9.9936229572685971 2.4620585280927108 49.102037934228065 872.36875092961554
leaf_count=23770 18976 1059 5849 1615 31480 5511 5485 4916 6233 1227 38845 14353 679 1924 3196 18897 11781 3518 5464 3004 416 18424 10888 360 21964 493 394 177 4797 35516
internal_value=0 0.0675685 0.0880554 0.0685841 0.0621119 0.0482008 0.0350299 0.0846365 0.0766285 0.0204312 0.0889733 0.078798 0.0226386 0.0651169 0.0721977 0.07917 0.0216212 -0.00186329 0.0192315 0.0737869 0.0676621 0.0980846 0.0907986 0.0676839 0.0704189 0.050058 -0.0198177 0.0878621 0.0529234 0.0907181
internal_weight=0 1915.25 4170.25 1891.78 1158 486.702 301.434 3110.06 1092.59 47.275 2017.47 733.776 27.1878 92.9247 671.298 1045.31 208.509 82.5812 60.3038 657.965 16.8217 1060.19 595.823 125.183 520.886 128.025 14.4139 524.425 51.5641 1894.95
internal_count=301211 113255 187956 89485 72422 34742 29231 139308 59098 6143 80210 17063 2710 7409 37680 52955 21822 10041 6523 34484 1095 48648 29672 11248 29084 7120 887 23871 4974 74361
is_linear=0
shrinkage=0.1


Tree=34
num_leaves=31
num_cat=0
split_feature=86 157 170 156 86 163 157 170 183 163 171 86 160 157 223 105 11 228 161 151 157 170 181 92 93 229 187 63 11 13
split_gain=55.621 27.9144 18.6757 17.6349 16.9331 18.2641 13.9151 12.8922 12.0848 11.7767 10.8989 10.6961 10.3802 9.77996 9.4379 9.59219 9.20653 10.155 8.01531 7.88501 7.60136 9.96846 10.6358 11.818 9.13012 9.50966 8.62728 8.10643 7.76259 7.63014
threshold=-0.93589836359024037 0.61189672350883495 0.57068678736686718 0.14523021876811984 -1.1534370779991148 -0.61403793096542347 0.51455250382423412 0.47702896595001226 0.09264636412262918 0.78085526823997509 0.44739343225955969 -0.78950834274291981 1.0000000000000002 0.51821506023406994 -0.0023350033443421121 -0.028323901817202565 0.011207622010260822 0.11274169757962228 3.8415366411209111 -0.0054440100211650124 0.68536502122879039 0.52853217720985424 0.049760222434997566 0.95600420236587536 0.28457662463188177 -0.0051679667085409156 -0.19459274411201474 0.37629920244216924 0.027149877510964874 0.10199128463864328
decision_type=2 2 2 2 2 2 2 2 2 2 2 2 2 2 2 2 10 2 2 2 2 2 2 2 2 2 2 2 8 8
left_child=4 2 3 11 5 8 19 -8 -1 12 20 -2 -6 -14 15 -9 -7 -18 -17 -5 21 -3 23 24 25 26 -23 -28 -25 -22
right_child=1 10 -4 6 9 16 7 14 -10 -11 -12 -13 13 -15 -16 18 17 -19 -20 -21 29 22 -24 28 -26 -27 27 -29 -30 -31
leaf_value=0.076469828387528194 0.083666863154340479 0.10555812870885045 0.042012964810760951 0.027870429810329805 0.079915202362464355 -0.020014180742067195 0.095347529001927819 0.062057248277296286 0.022985625106764843 -0.031897078814925366 0.072228339103643763 0.11061033230512118 0.033616693252117316 0.068834806068086327 0.063284128753329297 0.10199883770637777 0.04251085829555791 -0.11046611891403627 0.059518480000970167 0.067964884301816839 0.11920283458187951 -0.095452036000483007 0.10816502054033886 0.058541229137661334 -0.12278958219614611 0.092297080030000367 0.068774595749246048 -0.12702218841141324 -0.24181328200245314 0.074995684998956008
leaf_weight=221.76491542304757 281.77205899098954 645.38896314606245 116.65649737161493 75.930407466081306 974.10922464544728 36.958397793864606 432.1402359066451 132.89900999070596 52.188052935956875 10.633011054704182 154.47311730442743 308.82199095034957 95.341885661480774 455.86288093175972 412.23442645237446 245.94531912753519 118.43734157062681 4.5044175401817474 54.205727050622954 138.54915829109814 294.71439812969766 3.3779802128556176 194.55171216651797 1.5953628140996436 2.1695527131087138 337.77863545856962 153.75052760289691 2.1440398727427228 1.8680002648616207 45.005689161247574
leaf_count=6339 40725 3259 15345 11597 44739 10243 5712 5559 1689 12798 2908 47117 19600 11586 16771 6816 10905 473 2442 16121 889 226 1052 57 71 3633 2226 58 71 195
internal_value=0 0.0885493 0.0809487 0.0831298 0.068051 0.0506058 0.07734 0.0812973 0.0662811 0.0729786 0.0976492 0.0977556 0.0737097 0.0627431 0.0741142 0.0844238 0.0237498 0.036906 0.0943271 0.0537706 0.0999833 0.0966021 0.088312 0.0806284 0.0819055 0.082799 0.0626558 0.0660818 -0.103458 0.113346
internal_weight=0 4035.97 2199.15 2082.5 1969.8 433.853 1491.9 1277.42 273.953 1535.95 1836.82 590.594 1525.31 551.205 845.284 433.05 159.9 122.942 300.151 214.48 1682.34 1342.62 697.236 502.684 499.221 497.051 159.273 155.895 3.46336 339.72
internal_count=301222 182850 168205 152860 118372 29649 65018 37300 8028 88723 14645 87842 75925 31186 31588 14817 21621 11378 9258 27718 11737 10653 7394 6342 6214 6143 2510 2284 128 1084
is_linear=0
shrinkage=0.1


Tree=35
num_leaves=31
num_cat=1
split_feature=86 86 160 167 90 10 237 66 171 120 63 98 158 168 90 167 79 90 217 7 3 136 63 63 149 85 144 128 214 124
split_gain=44.8368 16.5744 14.187 19.8854 13.0724 10.1352 11.9633 9.83212 9.52914 9.989 9.50773 9.44263 9.22453 9.41118 10.7714 9.06668 10.1193 11.5732 9.61792 9.04339 8.64279 9.80663 8.30959 7.42673 7.24542 7.22976 7.21267 8.75196 10.2284 8.6437
threshold=-0.94671633839607228 -1.1534370779991148 1.0000000000000002 2.5000000000000004 1.5524578690528872 293.50000000000006 0 4.7505090236663827 0.55871063470840465 -0.0062123814132064572 -0.10060228034853934 -0.13004062324762342 0.55000001192092907 3.4659839868545537 2.6496554613113408 1.5000000000000002 0.35424837470054632 1.5028735399246218 -0.093061622232198701 0.06612021848559381 0.20114503800868991 0.020392306149005893 -0.17315388470888135 -0.55030804872512806 0.03577078320086003 24.500000000000004 -0.0045865303836762896 -0.0087829343974590284 -0.06930880248546599 -0.030272537842392918
decision_type=2 2 2 2 2 8 9 2 2 2 2 2 2 2 2 2 2 2 2 8 10 2 2 2 2 2 2 2 2 2
left_child=1 5 8 12 11 6 -1 -3 15 23 -9 -5 13 14 22 -2 -17 18 -18 -6 -15 24 -4 -10 -22 -8 29 28 -28 -12
right_child=2 7 3 4 19 -7 25 10 9 -11 26 -13 -14 20 -16 16 17 -19 -20 -21 21 -23 -24 -25 -26 -27 27 -29 -30 -31
leaf_value=-0.02150884057545796 0.10606222743605685 0.077872827599816757 0.090238606928576617 0.096956342415907226 -0.053900117006295115 0.060272586307145451 -0.1166404904180612 0.091567578931801341 -0.1876979964392092 0.089315196246641429 -0.014055569868464511 -0.070174983802448881 0.10418215488838907 0.096154504261327878 -0.021529063654841602 0.084530585109495224 -0.13611931647029751 0.1007270507729302 0.05380334717002383 0.062971388100194897 0.086755681043641189 0.038024997288233123 0.06261173974850319 0.028093692309864554 -0.06466384468238949 0.056244502643469224 -0.074043120801122977 0.0027336183648998687 0.066687195659807005 0.073876754492530505
leaf_weight=36.047173108031529 414.36124682408035 1149.8455212213894 161.58072161286236 4.3267372623195142 7.1037824812410681 318.55711598669222 2.5022180043961262 67.989704998949492 1.6737489774950507 43.728724932725072 12.312132697045852 15.456960041615273 174.34328584027389 416.45736379622394 12.732101783797587 1325.192107819872 3.1482127706804048 779.45278788235191 17.423170302221479 97.390593570527017 180.06921917906948 61.765908450818642 333.75225285177794 33.84657626746457 3.2165410584238989 72.600101690820338 5.6039860447090168 55.539108936039156 65.865289706703152 121.46527270239676
leaf_count=7808 15410 50813 12901 205 3647 11282 554 6019 65 2086 2223 3564 3521 14543 1245 60766 89 26570 800 7621 4662 2454 25740 1829 104 9916 1426 7138 6512 9911
internal_value=0 0.0684884 0.0870534 0.0791847 0.0409142 0.0512008 0.025201 0.0735124 0.0914648 0.0573175 0.0582626 -0.033623 0.0827238 0.0795251 0.0692894 0.0925304 0.0898921 0.0987731 0.0247379 0.0550262 0.0873865 0.0724855 0.0716238 0.0179254 0.0840984 0.0445522 0.0495796 0.0325117 0.0556524 0.0657839
internal_weight=0 1908.33 4087.02 1468.2 124.278 429.707 111.149 1478.62 2618.83 79.2491 328.775 19.7837 1343.92 1169.57 508.065 2539.58 2125.22 800.024 20.5714 104.494 661.509 245.052 495.333 35.5203 183.286 75.1023 260.786 127.008 71.4693 133.777
internal_count=301424 113602 187822 80207 15037 29560 18278 84042 107615 3980 33229 3769 65170 61649 39886 103635 88225 27459 889 11268 21763 7220 38641 1894 4766 10470 27210 15076 7938 12134
cat_boundaries=0 2
cat_threshold=3521398063 4311624
is_linear=0
shrinkage=0.1


Tree=36
num_leaves=31
num_cat=1
split_feature=86 86 163 237 160 168 13 182 175 183 113 159 7 13 206 189 67 12 201 176 208 1 202 156 17 164 67 132 161 81
split_gain=53.6362 18.1993 16.12 22.8934 10.34 11.702 9.76964 9.46386 7.79294 7.83716 7.72317 7.63909 7.4224 7.07841 7.58816 7.25396 7.30312 7.01905 6.91689 6.82071 6.81192 6.79488 6.73847 6.71482 6.68404 8.54324 6.53941 9.8679 6.86336 7.7201
threshold=-0.83778271079063404 -1.1170034408569334 -0.61403793096542347 0 1.0000000000000002 3.0961004495620732 0.036589428782463081 -0.044191041961312287 0.22792105376720431 -0.23453328013420102 0.025410353206098083 1.4920418858528139 0.12144130468368532 0.05279884114861489 -0.060112675651907914 -0.16836127638816831 1.6351703405380251 14.500000000000002 -0.10675537213683127 -0.28532813489437098 -0.0098688718862831575 1.0000000180025095e-35 -0.10571052134037016 0.53279572725296032 16.500000000000004 4.0689902305603036 4.371047019958497 -0.044548666104674332 2.7328655719757085 1.0000000180025095e-35
decision_type=2 2 2 9 2 2 8 2 2 2 2 2 8 8 2 2 2 8 2 2 2 8 2 2 2 2 2 2 2 2
left_child=1 2 7 12 8 -6 -5 -1 9 -3 -8 13 -4 14 18 -15 23 -2 -7 -19 21 -9 -14 -17 -21 -26 28 -28 29 -11
right_child=17 4 3 6 5 11 10 20 -10 26 -12 -13 22 15 -16 16 -18 19 -20 24 -22 -23 -24 -25 25 -27 27 -29 -30 -31
leaf_value=0.052867779242275981 0.0030550776307831794 0.038567970918514632 -0.003559689546196006 -0.068513288004455303 0.031706388127333084 -0.091909475286356512 0.030537842009848187 -0.013276674011845202 0.12971089082048878 -0.11230045080807674 -0.07201340788596175 0.095342735028668746 -0.02609689903984071 -0.073139100589780945 0.064617096605189106 0.09470612478423529 0.064048619567067033 0.12092329855906676 0.035420665685490189 0.08977226387068464 0.10253559303135572 0.074301848205315699 0.071964947636636967 -0.041489241474724367 0.14207515949167351 0.082620803371062729 -0.13409846330861866 0.057968759507905449 0.083646667994445159 0.053544556353207921
leaf_weight=185.76884628791595 9.0072365529381369 44.396829027768717 16.960040638013197 23.052394658863705 82.936173570714573 4.5562691192471894 38.278062571207556 9.7937594118866382 32.159954075340465 3.0694827132128912 9.0870393476034206 112.34724554977311 7.4124276535767413 3.2213819958078593 229.01982015189515 178.38759997282978 193.73188161905091 76.562996594497235 67.029423862281874 2774.0740878891143 100.89188258908871 92.822149141029513 128.26718610882745 3.6949937669560304 55.732483618219703 42.67524229749597 2.8035131861770415 58.338670984794589 1411.9965922376814 32.803682254896557
leaf_count=5164 18434 3088 5713 7150 13614 1002 4309 621 2485 319 1536 3927 1288 554 14766 6279 9004 5647 6246 102763 3010 1995 8770 92 1322 1236 519 8611 60302 1366
internal_value=0 0.0723322 0.0569054 0.0354711 0.0761714 0.0674445 -0.0132416 0.0691874 0.0809869 0.0799781 0.0108633 0.071187 0.0551952 0.067194 0.0557344 0.0762824 0.0775632 0.0911968 0.0273164 0.091466 0.0840844 0.0659433 0.0666076 0.0919423 0.0906808 0.116292 0.0811965 0.049162 0.0825493 0.039354
internal_weight=0 3072.83 612.334 223.057 2460.49 874.925 70.4175 389.277 1585.57 1553.41 47.3651 791.989 152.64 679.641 300.606 379.036 375.814 2958.05 71.5857 2949.04 203.508 102.616 135.68 182.083 2872.48 98.4077 1509.01 61.1422 1447.87 35.8732
internal_count=301132 171730 39556 28766 132174 55484 12995 10790 76690 74205 5845 41870 15771 37943 22014 15929 15375 129402 7248 110968 5626 2616 10058 6371 105321 2558 71117 9130 61987 1685
cat_boundaries=0 2
cat_threshold=2300940532 6190471
is_linear=0
shrinkage=0.1


Tree=37
num_leaves=31
num_cat=3
split_feature=86 157 170 86 157 173 110 79 153 128 96 237 66 206 166 237 158 72 227 88 111 66 237 104 13 75 154 0 162 170
split_gain=49.0933 21.8181 21.8934 20.6563 16.5693 9.02106 13.7445 12.3365 8.81809 8.24991 8.16018 8.63002 8.66577 7.96702 8.75583 10.508 8.71529 10.4456 7.87699 9.57837 7.74971 7.49511 8.60658 7.44977 7.35484 8.64154 7.29843 7.17881 9.34852 7.15898
threshold=-0.87493729591369618 0.60268843173980724 0.5150744915008546 -1.2557591199874876 0.52949872612953197 0.2934254258871079 -0.02277744002640247 0.30707196891307836 -0.017781806178390976 0.072028055787086501 -0.16934598237276074 0 4.8977344036102304 0.085310447961092009 0.89823457598686229 1 0.36666667461395269 0.040270268917083747 0.11881510168313981 0.76840013265609752 -0.07397762686014174 4.1937479972839364 2 -0.062389565631747239 0.066902238875627532 0.034935163334012038 0.072225950658321394 0.24031249433755877 138.37730407714847 0.54416155815124523
decision_type=2 2 2 2 2 2 2 2 2 2 2 9 2 2 2 9 2 2 2 2 2 2 9 2 10 2 2 8 2 2
left_child=3 2 5 21 10 7 -7 8 9 -2 -5 -12 29 14 15 -6 17 -17 -16 23 -8 -1 -23 -20 25 -4 -3 -19 -29 -13
right_child=1 26 24 4 13 6 20 -9 -10 -11 11 12 -14 -15 18 16 -18 27 19 -21 -22 22 -24 -25 -26 -27 -28 28 -30 -31
leaf_value=0.051023374154831429 0.06284196113668071 0.098415499739499632 0.039652559674401344 0.1097676180785415 0.080925640028019774 -0.0083278545333459325 -0.068816002303250121 0.10596158130100274 0.08842474403858043 -0.057899918586632432 0.026632941566110669 0.076682419954970049 0.03789388281094902 0.091304393180649132 0.088146397717497049 0.020797387422817951 0.071482482132074546 0.081430698541602883 0.046689893304985616 0.084979598244613749 0.085737730000383816 0.033818512428874181 -0.041462160039091922 -0.09240897761160384 0.081295527831755199 0.071977546390255248 -0.073368535283543257 0.005863145165702046 0.10628606218940567 0.0063748792674432238
leaf_weight=156.55191808627706 83.312597094376315 1668.0657000761021 165.14698992637932 30.447226490457297 507.32936014097322 22.049182170919266 3.372267891518276 408.41707474333612 569.56708166455655 6.0713050787308012 131.83667047236713 302.44103115695975 88.25531921144011 405.39618886848257 539.39102146187361 125.1578588899738 152.80262681127715 74.113343572358644 8.0652382789412496 20.145819005323574 85.524347627196221 26.647101305590695 16.032412860128716 7.3675434788456178 172.79208566111265 165.66060854643001 2.4768971395678809 35.780026893400645 12.511422547759137 15.211028817010627
leaf_count=8505 5813 14835 27421 7270 11731 2292 313 30001 32731 488 30377 29316 24388 7644 4163 6959 4549 2893 72 123 4519 2928 3104 104 9176 21357 20 2016 193 5751
internal_value=0 0.0900661 0.0820261 0.071864 0.0743759 0.0894849 0.0623455 0.0923059 0.0838421 0.0546407 0.059404 0.0565524 0.0640364 0.0788815 0.0754848 0.0693687 0.0514184 0.0411113 0.0851403 0.0395665 0.0798748 0.0408961 0.00374865 -0.0197153 0.0645742 0.0558401 0.0981608 0.0618822 0.0318809 0.0733157
internal_weight=0 3352.46 1681.91 2655.48 2456.25 1178.31 110.946 1067.37 658.951 89.3839 568.191 537.744 405.907 1888.06 1482.66 907.695 400.365 247.563 574.97 35.5786 88.8966 199.231 42.6795 15.4328 503.6 330.808 1670.54 122.405 48.2914 317.652
internal_count=301052 148966 134111 152086 137549 76157 7124 69033 39032 6301 97102 89832 59455 40447 32803 28341 16610 12061 4462 299 4832 14537 6032 176 57954 48778 14855 5102 2209 35067
cat_boundaries=0 2 4 6
cat_threshold=2158445058 5194730 218994068 1070432 3667183432 1197286
is_linear=0
shrinkage=0.1


Tree=38
num_leaves=31
num_cat=0
split_feature=157 171 157 92 156 156 145 170 170 157 157 93 157 170 71 104 96 157 219 85 10 149 124 134 199 166 145 158 156 175
split_gain=32.8996 27.9924 19.4038 18.0352 14.8993 13.6497 13.3489 11.881 10.4748 10.9817 10.4387 16.5028 10.2103 10.3502 10.1113 10.7469 9.73915 10.7394 8.85349 8.45619 14.5904 7.89299 7.528 8.37346 10.0529 10.3699 7.44053 7.41621 7.34466 9.10386
threshold=0.53746896982193004 0.33477982878685003 0.65575143694877636 0.91027551889419567 0.15170694142580035 1.0000000180025095e-35 -0.028437521308660504 0.49834191799163824 0.57068678736686718 0.63708066940307628 0.65575143694877636 0.21133834123611453 0.39950715005397802 0.44100475311279302 0.048583790659904487 -0.12820155173540113 -0.16934598237276074 0.48273526132106787 -0.0014223985490389166 109.50000000000001 312.50000000000006 0.029130334034562114 0.085941251367330565 -0.02230548299849033 0.20268961042165759 0.9108807146549226 -0.028437521308660504 1.0000000180025095e-35 0.28281377255916601 -0.034167228266596787
decision_type=2 2 2 2 2 2 2 2 2 2 2 2 2 2 2 2 2 2 2 2 10 2 2 2 2 2 2 2 2 2
left_child=4 2 3 7 5 -1 -6 28 -5 14 11 -3 -7 -14 26 -16 -15 -18 -9 -4 -21 -8 23 -20 25 -25 -10 -19 -2 -30
right_child=1 10 19 8 6 12 21 18 9 -11 -12 -13 13 16 15 -17 17 27 22 20 -22 -23 -24 24 -26 -27 -28 -29 29 -31
leaf_value=-0.090089606641474473 0.09763993426630671 0.06926636519398964 0.10242498731370907 0.096093258916424298 0.084670530184007581 0.03499505290127454 0.054049393671459403 0.079444382738708241 -0.085436309726662038 0.10570055945876729 0.074376835483991335 0.0072272924779596378 0.11642701602242725 0.13156650676331208 -0.18194971356788592 0.086470205996868582 0.055671347626497114 0.055940558682630065 0.082815796967936173 -0.17553874530353597 0.1021356582037577 0.013222910353808154 -0.11296507379211591 0.043495022379767531 -0.049860560062987766 0.086157429106209896 0.037028444369725043 0.092822702574114013 0.088863065744640077 0.055484358670546033
leaf_weight=4.7772853362585002 347.80702243248379 110.14321250042303 917.87255213198659 1316.7141483778705 140.17742903244653 47.904309753645066 460.77634302767183 464.22628380308015 5.4194090530145322 64.596690902602859 376.26296913004626 70.208433594725648 80.329066078580581 32.056382626139794 1.5229778509165033 72.420603114787809 188.70990636644888 68.206675554993126 119.99279212463898 2.9925379745836818 5.1470064455643296 52.778132234037912 2.5173569408943868 213.74821741297819 9.4634433569262892 77.680555574424943 58.670220566024 271.67858490790604 235.26881091109681 125.19370826979866
leaf_count=21687 3821 7882 4308 22934 10563 29660 44745 11316 540 653 5454 5069 6021 6773 96 3279 56176 8336 3175 78 28 5778 177 8006 531 706 3638 24278 3078 2480
internal_value=0 0.08592 0.0888158 0.0850379 0.0681513 0.0783598 0.0573193 0.0776139 0.092836 0.07167 0.0648957 0.0451154 0.079528 0.0828562 0.0557444 0.0809417 0.0780462 0.0748005 0.0699065 0.101525 4.74879e-05 0.0498536 0.0594489 0.0604801 0.0515729 0.0548667 0.0266728 0.0854214 0.0872731 0.0772702
internal_weight=0 4597.87 4041.25 3115.24 1347.39 693.662 653.732 1595.9 1519.34 202.63 556.615 180.352 688.885 640.981 138.033 73.9436 560.652 528.595 887.629 926.012 8.13954 513.554 423.402 420.885 300.892 291.429 64.0896 339.885 708.27 360.463
internal_count=301266 87249 68844 64430 214017 152931 61086 33290 31140 8206 18405 12951 131244 101584 7553 3375 95563 88790 23911 4414 106 50523 12595 12418 9243 8712 4178 32614 9379 5558
is_linear=0
shrinkage=0.1


Tree=39
num_leaves=31
num_cat=0
split_feature=86 157 170 157 171 66 157 170 70 97 165 156 10 183 158 175 79 156 174 163 156 79 157 182 13 10 79 142 220 227
split_gain=44.3768 25.2305 15.0853 11.6211 10.7108 12.0814 9.61076 10.0264 9.57068 9.53825 9.0558 7.77234 7.61561 7.65832 9.29689 7.43131 7.34301 7.79593 7.28057 7.22304 7.76682 7.09377 8.01567 8.21509 7.04124 6.90312 6.82704 6.78938 8.91689 8.1041
threshold=-0.93589836359024037 0.62295880913734447 0.5150744915008546 0.4296079427003861 0.06923586875200273 8.9517459869384783 0.57481110095977794 0.45127125084400183 5.5000000000000009 -0.101993091404438 99.500000000000014 0.63438084721565258 1922.0000000000002 0.065411113202571883 0.18333333730697635 -0.044111300259828561 0.20169491320848468 0.14523021876811984 -0.082987863570451723 0.3110466748476029 0.12838828563690188 0.51191151142120372 0.60268843173980724 -0.0070075718685984603 0.076166305691003813 257.50000000000006 0.031498016789555557 0.0033885604934766893 0.046773843467235572 -0.0048348628915846339
decision_type=2 2 2 2 2 2 2 2 2 2 2 2 10 2 2 2 2 2 2 2 2 2 2 2 10 8 2 2 2 2
left_child=3 2 6 -1 5 19 7 8 -2 10 25 16 13 14 18 21 -9 -18 -6 20 -5 22 -4 24 -24 -8 -10 28 -22 -30
right_child=1 -3 15 4 12 -7 9 11 26 -11 -12 -13 -14 -15 -16 -17 17 -19 -20 -21 27 -23 23 -25 -26 -27 -28 -29 29 -31
leaf_value=0.02759436964356515 -0.018569405223466201 0.099051090732873839 0.058590476230208813 0.09617211321886833 0.063522306658359617 0.0034181645335326356 -0.00073368553240554758 0.06634144863668727 0.045993954309033996 0.10455090776645824 -0.041094303945757096 -0.069608244603560743 0.11016093474964808 0.041456209766252611 0.074457775671120774 0.083063103501399838 0.10487894289023986 0.076970710147954938 -0.0040358599064403136 0.046077495272050031 0.075133212052215931 0.017766107286425078 0.022173571091095055 0.10380471891928698 0.10391292680253639 0.094741452099367074 0.106559625469081 0.085768097583239528 0.021107992740632353 0.073960848467680917
leaf_weight=61.020508612552476 6.7324380581953838 1517.2228295619789 329.20305747722523 232.92088750432868 34.422978215788135 22.093433192114389 9.3394320688457793 323.50331898677678 20.084562527239541 452.6984351866995 7.5229896587261456 3.5901300717887343 29.048671359319997 189.51979783199022 277.36276913661641 349.8183103217707 148.24776705361728 308.14208831826909 29.727866095583522 67.362314533741483 490.424035305281 31.03794337824138 28.77391144584908 95.209241176198702 16.629322077729739 40.038145013095345 253.74454726149861 417.15216413414237 65.619214982260019 52.002559046395618
leaf_count=35411 1010 11153 35430 15143 1761 6616 344 29613 1951 4467 244 391 1009 9196 8985 34798 23576 16666 3050 17217 9373 3759 988 1423 178 288 16720 7191 1537 1458
internal_value=0 0.0889376 0.0826083 0.0705528 0.0719269 0.0767576 0.088408 0.0829997 0.0992213 0.0997005 0.0611113 0.0771909 0.0603041 0.0575769 0.0665229 0.0718794 0.0778666 0.0860361 0.0322155 0.0779801 0.0796882 0.0640682 0.0671271 0.0871131 0.0521113 0.076683 0.102117 0.0759431 0.0692026 0.0444751
internal_weight=0 3941.54 2424.32 1968.68 1907.66 1347.57 1573.64 1064.04 280.562 509.599 56.9006 783.483 560.082 531.033 341.514 850.672 779.893 456.39 64.1508 1325.48 1258.12 500.853 469.816 140.612 45.4032 49.3776 273.829 1025.2 608.046 117.622
internal_count=300946 182999 171846 117947 82536 58535 95270 89927 19681 5343 876 70246 24001 22992 13796 76576 69855 40242 4811 51919 34702 41778 38019 2589 1166 632 18671 19559 12368 2995
is_linear=0
shrinkage=0.1


Tree=40
num_leaves=31
num_cat=0
split_feature=86 66 63 211 171 191 10 10 81 93 208 166 158 168 13 74 220 129 232 159 169 196 137 161 113 126 160 4 182 197
split_gain=55.4569 14.1062 12.1256 12.3951 9.96095 9.65284 9.11257 8.10648 8.72651 8.03943 7.84028 6.7764 7.62215 7.85222 8.38686 6.75317 6.65822 7.88903 9.16158 8.52468 7.39403 6.92518 8.16918 6.54184 7.93222 6.41482 6.39594 6.37922 6.37027 6.30363
threshold=-0.93589836359024037 5.2622580528259286 0.098220799118280425 -0.024501758627593514 -0.0069648998323827973 -0.19852689653635022 14.500000000000002 137.50000000000003 0.16152751445770266 0.067382778972387328 0.10341575741767885 0.11929296702146532 0.18333333730697635 3.4504811763763432 0.029520696960389618 0.57259953022003185 -0.011914364993572233 0.015890322625637058 0.010975037701427938 0.19886474311351779 6.5000000000000009 -0.010961648076772688 0.0019837304716929798 2.7981818914413457 -0.031072409823536869 -0.037795003503561013 1.0000000000000002 0.15849281847476962 0.064713608473539366 0.18116897344589236
decision_type=2 2 2 2 2 2 8 10 2 2 2 2 2 2 8 2 2 2 2 2 2 2 2 2 2 2 2 10 2 2
left_child=1 4 10 -4 -1 -6 -2 25 -9 16 -3 15 13 14 -13 -11 17 23 -19 -20 21 22 -21 24 -8 -5 -10 -15 -7 -18
right_child=6 2 3 7 5 28 9 8 26 11 -12 12 -14 27 -16 -17 29 18 19 20 -22 -23 -24 -25 -26 -27 -28 -29 -30 -31
leaf_value=0.078927673053894642 -0.0029918798589701904 0.075370053978509821 -0.0056035026991853977 -0.097767127894430261 -0.042786768018159317 0.058642629258155644 -0.025382948605106023 0.087069490320196952 0.041952400663904467 0.10560330703144037 -0.026586946922307422 0.070542547536601968 0.083792819927388532 0.077253390585260248 -0.002571244836546414 -0.10943899987392809 0.094798705171465991 0.08851521581635434 0.096693085200355328 0.049619367624328906 -0.065488029027281444 0.073433962375651723 -0.035613546859626311 0.092781816388137262 0.075631772285891158 0.028028406988614991 -0.10576124690117597 -0.093233737396461264 0.08055849675200101 0.12047234840004276
leaf_weight=931.02791452063593 10.721257057301953 139.02023308898742 60.656072853691967 4.7675087365942117 8.5050641129182605 504.21019985655221 9.7995639443515739 57.977373688150692 10.384834070648138 129.30918433477291 7.9748484028777957 30.197648480704174 715.54178138811812 146.74408099501488 32.655239953717683 1.4770406711049862 1460.7348385364826 166.08910545179288 34.470299010145482 32.32103096083938 6.3260680458552079 47.3760639714219 17.244966856712836 984.55174953884784 37.602111830651438 27.075574475670692 4.0841461645122754 2.2280712153697086 179.96938939457505 102.3346497054963
leaf_count=46480 24898 15641 9056 2394 1137 22845 348 2011 540 4897 1589 4242 26464 6039 3938 87 59128 6254 841 1111 481 2078 885 37102 1226 9206 421 360 6830 2673
internal_value=0 0.0684301 0.0489536 0.0303414 0.0721718 0.0630913 0.0890764 0.0512474 0.0697314 0.0893259 0.0698386 0.0818654 0.0788601 0.0621976 0.0325563 0.103175 0.0920491 0.0868649 0.0727017 0.0536333 0.0392602 0.0460956 0.0199652 0.0910348 0.0547485 0.00919445 0.000257401 0.0747035 0.0644075 0.0964796
internal_weight=0 1935.65 311.941 164.946 1623.71 692.685 3967.72 104.289 72.4464 3957 146.995 1058.15 927.367 211.825 62.8529 130.786 2898.85 1335.78 303.828 137.738 103.268 96.9421 49.566 1031.95 47.4017 31.8431 14.469 148.972 684.18 1563.07
internal_count=301202 118150 40858 23628 77292 30812 183052 14572 2972 158154 17230 46027 41043 14579 8180 4984 112127 50326 11650 5396 4555 4074 1996 38676 1574 11600 961 6399 29675 61801
is_linear=0
shrinkage=0.1


Tree=41
num_leaves=31
num_cat=1
split_feature=86 157 170 13 86 163 160 129 156 82 211 213 170 157 4 156 160 237 170 67 102 157 192 196 211 63 177 138 109 135
split_gain=58.5636 17.7416 12.6267 12.4175 10.7736 11.0117 9.95779 10.3594 7.79271 10.2715 7.25616 7.22523 7.80681 6.93504 7.36477 6.94683 6.87481 11.1998 8.95602 6.85764 10.1592 6.79534 7.32534 7.14027 6.5972 6.53982 6.42423 6.17429 7.72897 6.17004
threshold=-0.93589836359024037 0.62295880913734447 0.45447091758251196 0.0072203108575195083 -1.1170034408569334 0.19967179000377658 1.0000000000000002 0.014275002293288709 0.37858313322067266 0.012501953635364773 0.0054500598926097163 -0.12990547716617581 0.47530725598335272 0.57481110095977794 0.028991596773266796 0.13938769698143008 1.0000000000000002 0 0.45127125084400183 2.7800184488296513 0.037125725299119956 0.63708066940307628 -0.10760604590177535 0.10739492997527124 0.026553672738373283 0.37629920244216924 0.0896420292556286 0.033273052424192436 0.050245083868503577 -0.036297684535384171
decision_type=2 2 2 8 2 2 2 2 2 2 2 2 2 2 8 2 2 9 2 2 2 2 2 2 2 2 2 2 2 2
left_child=3 2 -2 -1 5 16 7 25 -9 10 -10 29 -13 15 -15 26 -5 -18 -19 -20 -21 23 -23 -14 -12 -4 -8 -24 -29 -6
right_child=1 -3 6 4 11 -7 13 8 9 -11 24 12 21 14 -16 -17 17 18 19 20 -22 22 27 -25 -26 -27 -28 28 -30 -31
leaf_value=0.0039888550025402262 0.09949064124824171 0.098163115404042878 0.092377782828618832 0.068980049403529156 0.11380253967911627 -0.0079511226229437276 0.08731278455739841 0.077429219264314258 0.084351639664424646 -0.066565845825258971 -0.11280389366853252 0.088673834321021994 0.061157408720864982 0.010836418417646959 0.084554337240602087 0.048526958967461141 -0.022042015516915349 0.10858730909438211 0.053535141381921114 -0.083667531947852619 0.074637944187764482 0.11483680578153106 0.080845994340743257 0.091595840162323069 0.034931151033439967 0.051288324191274159 0.02811500856705796 0.058425719192482288 -0.071211936955567545 -0.0046833253289811369
leaf_weight=29.372665240794959 450.34356928163447 1514.145706665382 981.10068648225206 360.87167604061324 5.6470933682139757 24.248442417614569 115.4388906499521 250.77674870981355 30.140659174208849 8.267738245038343 3.784917579261676 330.9736680619435 582.75375347615636 14.178109173200935 307.03754670433955 194.44213341373143 21.791142603452499 26.72315884447562 122.31738404082716 9.3623034293141263 7.1495644731621715 58.389997942926129 244.72578079698724 88.812426421029159 15.009243331061951 40.32728093976948 21.792778936460536 21.600949698535263 5.8429471851559347 19.821221208614588
leaf_count=26379 23239 11241 61615 12684 190 9095 25254 18520 804 652 234 13514 36932 2710 6239 23214 1865 960 4850 641 292 280 2021 6130 725 2503 5763 219 66 1855
internal_value=0 0.0896649 0.0843753 0.0685198 0.0695013 0.0579946 0.0809413 0.0859083 0.0698321 0.0365264 0.0539442 0.07435 0.0753579 0.0708277 0.0813005 0.0606852 0.0609115 0.0453693 0.0524082 0.0453693 -0.015122 0.0709601 0.0826973 0.0651828 0.00517909 0.0907555 0.077912 0.0758022 0.0308252 0.0215886
internal_weight=0 3946.79 2432.64 1960.4 1931.03 572.464 1982.3 1329.41 307.979 57.2026 48.9348 1358.57 1333.1 652.889 321.216 331.674 548.215 187.344 165.552 138.829 16.5119 1002.13 330.56 671.566 18.7942 1021.43 137.232 272.17 27.4439 25.4683
internal_count=300686 182713 171472 117973 91594 30387 148233 85053 20935 2415 1763 61207 59162 63180 8949 54231 21292 8608 6743 5783 933 45648 2586 43062 959 64118 31017 2306 285 2045
cat_boundaries=0 2
cat_threshold=364209155 4202576
is_linear=0
shrinkage=0.1


Tree=42
num_leaves=31
num_cat=0
split_feature=86 157 86 156 13 11 171 156 157 72 181 144 79 97 227 202 163 10 176 67 98 198 215 207 129 0 115 11 145 207
split_gain=57.6302 16.7489 13.7607 13.5872 12.5309 11.3235 9.42192 8.88853 9.7801 8.57798 9.37125 8.41029 8.31138 11.0948 8.09411 8.11002 7.82924 7.62027 7.25106 6.94286 7.62079 6.89566 7.98238 7.44968 11.5374 7.59549 7.18392 7.45717 6.83562 6.75046
threshold=-0.93589836359024037 0.61189672350883495 -1.1852712035179136 0.097693528980016722 0.062617629766464247 0.011207622010260822 0.44739343225955969 0.2416573911905289 0.68536502122879039 0.11726508662104608 0.069385390728712096 -0.045715840533375733 0.4403389841318131 0.033757969737052924 -0.049477040767669671 -0.07082075253129004 0.10029682144522668 1922.0000000000002 0.31758312880992895 2.5590814352035527 0.090105231851339354 0.069816447794437422 0.054789595305919654 -0.064763922244310365 0.0094298603944480437 0.25080645084381109 0.072041563689708724 0.030442035757005218 0.018089296296238903 -0.12978826463222501
decision_type=2 2 2 2 10 8 2 2 2 2 2 2 2 2 2 2 2 10 2 2 2 2 2 2 2 10 2 8 2 2
left_child=2 3 5 12 17 -1 7 -3 11 21 18 14 -2 -14 -9 -16 -7 19 -11 -4 -21 23 26 24 -5 -25 -23 -28 -20 -13
right_child=1 6 4 9 -6 16 -8 8 -10 10 -12 29 13 -15 15 -17 -18 -19 28 20 -22 22 -24 25 -26 -27 27 -29 -30 -31
leaf_value=-0.01830484192411224 0.098376933725226753 0.11521075561778649 0.068826735076821022 0.10074615105716761 0.088625142046259042 0.058102130840468773 0.071721775599711352 0.099176825797044066 0.11046151055290357 0.051142762352984518 0.08597695830984449 0.11918013680058903 0.13345956092997777 0.3316941308210053 -0.11229401452493411 0.036411293527876719 -0.017385275157504577 0.10531767221125408 0.012068297848860043 0.053578118915113597 -0.022098386541418907 0.087876567089863744 0.11775193877035617 0.066767966556926767 0.053817565767696286 0.085806704842395609 0.082206452104132743 -0.1531033045985665 -0.21246898231942893 0.089730461244811488
leaf_weight=22.648958796853549 234.37736023296929 263.8586962131667 1016.8602519242077 269.96494957747905 351.45473389463132 314.09083302054023 143.98964177402377 15.562451200923531 319.97009886105661 138.04080269063525 101.85711372723745 84.998099374162848 24.209855932986105 3.1960571725480795 4.6530786041257697 17.314651638560463 14.367990593564171 50.438386101173819 4.300334430550719 163.61379752860967 14.485020035032901 316.03412580866825 104.36338706246897 542.15282070687704 65.001943117640621 341.56275100894072 2.8658227464984511 2.5408023334894096 1.9801078778982626 923.53549537135405
leaf_count=7206 55638 1219 56620 10653 13839 11335 2882 108 1057 9353 3320 420 12762 1018 105 303 5961 2100 280 17941 2965 14887 4380 35976 4755 15181 237 262 95 8434
internal_value=0 0.0890473 0.0680086 0.0831181 0.0719497 0.0500842 0.0962418 0.098408 0.0951624 0.0801617 0.0627526 0.0904827 0.10447 0.156578 0.0440011 0.00491339 0.0548 0.0672438 0.0463617 0.0656367 0.0474232 0.0827678 0.0937228 0.0789402 0.0916394 0.0741266 0.0859212 -0.0283756 -0.0587242 0.0922124
internal_weight=0 3926.33 1947.96 2152.45 1596.85 351.108 1773.88 1629.89 1366.03 1890.66 246.178 1046.06 261.783 27.4059 37.5302 21.9677 328.459 1245.4 144.321 1194.96 178.099 1644.49 425.804 1218.68 334.967 883.716 321.441 5.40663 6.28044 1008.53
internal_count=301292 183325 117967 168797 93465 24502 14528 11646 10427 99379 13048 9370 69418 13780 516 408 17296 79626 9728 77526 20906 86331 19766 66565 15408 51157 15386 499 375 8854
is_linear=0
shrinkage=0.1


Tree=43
num_leaves=31
num_cat=0
split_feature=86 157 170 171 157 207 157 129 66 63 171 170 93 200 124 101 122 6 172 131 145 109 182 11 173 121 92 128 122 4
split_gain=48.0388 17.4085 15.1383 10.1881 12.5902 11.1142 9.02839 8.48453 8.29255 10.2961 8.17444 7.90871 9.44323 9.29064 8.32401 8.22042 7.812 10.3826 8.77892 8.65806 8.00108 7.75937 7.59553 7.48294 10.1363 8.42495 7.41828 7.30726 11.2085 7.26042
threshold=-1.0724866986274717 0.58077546954154979 0.47982421517372137 0.44739343225955969 0.68536502122879039 -0.086774043738841997 0.46466463804245001 0.0062974896281957635 5.438622474670411 0.019811251200735572 0.06923586875200273 0.49566511809825903 0.30705134570598608 0.0088809304870665091 0.085941251367330565 -0.084257714450359331 -0.02478762902319431 0.13373984396457675 -0.30509971082210535 -0.04428571090102195 -0.019512441940605637 -0.037475578486919396 0.11535584926605226 0.058957219123840339 0.25819219648838049 0.025108834728598598 0.93802252411842357 0.023687290027737621 0.037046464160084731 0.061648298054933555
decision_type=2 2 2 2 2 2 2 2 2 2 2 2 2 2 2 2 2 10 2 2 2 2 2 10 2 2 2 2 2 10
left_child=6 2 8 4 5 -3 -1 26 27 -10 -8 -7 13 15 16 -13 17 19 20 -15 -18 29 -12 24 -9 -25 -4 -2 -29 -20
right_child=1 3 7 -5 -6 11 10 23 9 -11 22 12 -14 14 -16 -17 18 -19 21 -21 -22 -23 -24 25 -26 -27 -28 28 -30 -31
leaf_value=0.026282072605594866 0.087957311491557444 0.10634277167185147 0.072808405320845024 0.073833861416440563 0.10993882345889439 0.098753418083783767 0.071628227414625101 0.059292176488716902 0.086460707546830634 0.038012907350624875 0.043416701453393741 0.075691242839795503 -0.031650447067866419 -0.059705006819510069 -0.1526326523748458 0.09756810093734003 -0.20096289391936001 -0.031408780949760705 -0.035351782479625039 0.070651781369759886 0.033106631549035669 0.086755926017638027 0.092293289364343542 0.11219393184284006 0.0062148676854870463 0.055506958648934325 0.096274581067709031 0.1218969776857713 0.060984960278138156 0.063318156904840467
leaf_weight=71.085905467119119 522.18149216457209 371.99128797054072 618.01856549683475 293.22057655459503 395.12792120914673 461.08139472100447 468.14767633413976 233.71828153917886 140.58338099812954 63.7608372720033 238.92970337639872 244.94417003672606 7.0681002947530933 5.4361491907438895 1.6107854150177434 574.88196220145983 1.9287706048926336 13.633156081588821 9.2747832536988408 81.21562572332914 6.0132491469266816 408.1327428918521 36.675264908685676 49.999974707922775 42.52677026873971 55.121926193482068 172.26656284637056 161.38903463098268 37.166298940184788 38.059902791137574
leaf_count=26916 29713 4257 87002 7357 1406 3897 16766 32109 13544 9031 9217 3719 264 223 62 6772 89 412 455 1151 109 5755 1175 3574 7929 3872 14198 6553 2432 488
internal_value=0 0.0865108 0.0795623 0.0915112 0.0934892 0.0905684 0.0603301 0.0720121 0.0891249 0.0713437 0.0635843 0.0874022 0.0836427 0.0842311 0.0743683 0.0910318 0.075017 0.049711 0.0804934 0.0624738 -0.0237387 0.0823109 0.0499208 0.0597621 0.0511211 0.0824694 0.0779236 0.0941663 0.110495 0.0439847
internal_weight=0 5010.35 2096.73 2913.62 2620.4 2225.27 814.839 1171.65 925.081 204.344 743.753 1853.28 1392.2 1385.13 565.305 819.826 563.694 100.285 463.409 86.6518 7.94202 455.467 275.605 381.367 276.245 105.122 790.285 720.737 198.555 47.3347
internal_count=300447 246373 209957 36416 29059 27653 54074 148684 61273 22575 27158 23396 19499 19235 8744 10491 8682 1786 6896 1374 198 6698 10392 47484 40038 7446 101200 38698 8985 943
is_linear=0
shrinkage=0.1


Tree=44
num_leaves=31
num_cat=1
split_feature=86 86 157 170 163 237 170 112 172 171 157 225 170 93 128 157 6 95 157 92 193 210 160 193 149 184 65 94 2 223
split_gain=55.7589 13.6472 11.1647 13.1001 9.44795 10.1081 8.23376 8.37996 7.96458 7.86206 9.20001 7.59012 7.42794 8.87043 9.29468 7.9512 7.64165 7.91719 7.35477 9.58166 7.38895 10.0761 7.14529 6.93254 6.90866 6.82763 6.4459 10.8725 10.192 8.87815
threshold=-0.93589836359024037 -1.1852712035179136 0.62295880913734447 0.53946587443351757 -0.34070363640785212 0 0.45447091758251196 -0.081343308091163621 0.52206715941429149 -0.0069648998323827973 0.52949872612953197 -0.096527494490146623 0.52853217720985424 0.30705134570598608 0.0555539969354868 0.68536502122879039 0.11085509508848192 -0.015323038678616284 0.56920528411865245 0.91027551889419567 -0.096617128700017915 0.021153834648430351 1.0000000000000002 0.10426978021860124 0.0098124477081000822 0.075670763850212111 3.5000000000000004 -0.093447539955377565 0.24404761940240863 0.14218477904796603
decision_type=2 2 2 2 2 9 2 2 2 2 2 2 2 2 2 2 10 2 2 2 2 2 2 2 2 2 2 2 10 2
left_child=1 4 3 6 -1 -6 7 -2 18 10 11 -3 -4 14 15 26 24 -18 -8 20 21 -20 -13 -5 -15 -24 28 -28 29 -14
right_child=2 9 12 23 5 -7 8 -9 -10 -11 -12 22 13 16 -16 -17 17 -19 19 -21 -22 -23 25 -25 -26 -27 27 -29 -30 -31
leaf_value=0.058918645001855188 0.0072970410347587642 -0.0027265178302218387 0.10449687984930796 0.061819650984943214 0.042203689259312588 -0.028139696082226984 0.080031339453048356 0.10221941123548131 0.051352635620903447 0.063564250886290932 0.084371240289196264 0.078534924182711185 0.070936334635435125 -0.02329986825349081 0.037466678717300132 0.10896413926021778 0.083133347038852265 -0.13021978664474024 0.061992197246966696 0.10384227288627779 0.086293859323245056 -0.074861555038486835 0.054816512663160177 0.092645253147605147 0.1181744451162168 -0.026402396222791266 0.051736996484050994 0.10566763088364502 -0.18985259724436551 0.12583790433346995
leaf_weight=276.68685245838151 9.4943178213388801 16.528053176411959 634.7020649412807 313.96928652773067 42.391122721199281 26.118108763310374 782.83898275567344 455.50565363168516 66.938783828858959 593.77175088681406 693.43394304343747 180.27727105423355 237.35098910948 5.2662554053822559 30.220473807778035 245.98603078619635 2.7155286988709122 4.8380842758779172 31.623324945663626 410.56871515957755 227.20397383227464 6.4828876135361488 77.070793971347484 95.042517444118403 10.018017905938903 11.956025540494919 43.896160096526728 251.89161655006319 1.4307665736123443 33.627685116254725
leaf_count=9321 785 3609 3501 38688 7859 7323 88859 22435 4560 33591 13333 26368 3806 167 299 959 48 146 491 4749 3996 314 12566 6915 138 4099 480 1459 86 151
internal_value=0 0.068692 0.0895149 0.0852828 0.0506864 0.0174392 0.0886319 0.100281 0.0850813 0.0726433 0.0781483 0.0630513 0.0962765 0.0902603 0.0919235 0.0939448 0.0287639 -0.0535192 0.0866291 0.094271 0.0794594 0.0387097 0.0670883 0.0689826 0.0694289 0.0439091 0.0874426 0.0976641 0.0763439 0.0777495
internal_weight=0 1918.23 3901.61 2399.67 345.196 68.5092 1990.66 465 1525.66 1573.04 979.266 285.832 1501.94 867.242 844.404 814.183 22.8379 7.55361 1458.72 675.879 265.31 38.1062 269.304 409.012 15.2843 89.0268 568.197 295.788 272.409 270.979
internal_count=301101 118069 183032 171792 24503 15182 126189 23220 102969 93566 59975 46642 11240 7739 7240 6941 499 194 98409 9550 4801 805 43033 45603 305 16665 5982 1939 4043 3957
cat_boundaries=0 2
cat_threshold=68739320 5682191
is_linear=0
shrinkage=0.1


Tree=45
num_leaves=31
num_cat=0
split_feature=86 86 171 157 156 170 170 157 95 11 160 107 185 70 203 202 166 1 144 109 124 170 136 174 157 7 232 0 113 101
split_gain=49.1336 14.9996 9.50769 9.07231 15.265 11.7059 9.1841 8.13975 7.51944 7.27589 6.93458 9.01186 8.60876 6.53892 6.50253 6.90213 6.53032 6.45359 9.75238 8.00362 7.6233 6.09982 9.10647 6.94695 6.59207 6.09673 6.05104 5.96755 5.9299 5.85822
threshold=-0.91503310203552235 -1.1852712035179136 -0.0069648998323827973 0.58731243014335643 0.14523021876811984 0.56793779134750377 0.53399008512496959 0.68536502122879039 0.16311722248792651 0.011207622010260822 2.0000000000000004 0.0067352326586842546 -0.12350424006581305 8.5000000000000018 -0.14546044170856473 0.12544023245573047 0.8878503441810609 0.12060972675681116 -0.045715840533375733 0.055807562544941909 -0.030272537842392918 0.45127125084400183 -0.0097621320746839029 -0.19909957051277158 0.51455250382423412 0.26726190745830541 0.074716690927743926 1.0000000180025095e-35 0.012586615048348905 -0.097226805984973894
decision_type=2 2 2 2 2 2 2 2 2 8 2 2 2 2 2 2 2 10 2 2 2 2 2 2 2 8 2 8 2 2
left_child=1 9 27 4 8 10 17 -8 13 -1 21 12 -12 -2 25 -16 -17 -5 -19 -20 -21 26 24 -24 -23 28 -6 -3 -11 -13
right_child=3 2 -4 6 5 -7 7 -9 -10 14 11 29 -14 -15 15 16 -18 18 19 20 -22 22 23 -25 -26 -27 -28 -29 -30 -31
leaf_value=-0.0062562335276703275 0.076099804643257885 -0.015457244091393971 0.06411919887806522 0.10172218961417318 0.086050328226848619 0.025604409950570714 0.081483646493132292 0.1024346061120448 0.13236070426891819 0.084544495323563895 0.10991659362992523 -0.072214014060138887 -0.0338342061454599 0.10067219604329652 0.062730032794407517 -0.051789824241949514 0.052156885836140032 -0.14138900501326737 0.091382049141091937 0.11154645482436648 -0.080527094458976628 0.054821972044001847 0.039169210011686648 0.07351946780301577 0.099384162662703321 -0.074776420780908293 0.12756973032814875 0.079921150436533667 -0.068663226804363181 0.087586374846019721
leaf_weight=20.893862328396608 157.61831686849314 6.5988919266424082 646.6477543560768 1032.0942889657672 130.45255928300139 43.776374255634437 759.24986344280842 245.36921824926685 53.659422749908344 8.9092731942691916 5.360006555489238 2.4584493918446233 18.701693808072378 346.07537656353861 278.60807150913388 10.588186300326926 14.081946004678683 2.1384652523556715 50.613586958294036 3.2342131115728989 5.7225693858053983 39.510939916684947 68.444478829978834 421.1196076158576 207.70685023412807 7.1516784673476641 48.023753414592647 1109.7143318245749 3.5261890910351203 34.313841673458228
leaf_count=7258 29600 11581 36847 8000 4366 7039 13543 1117 16182 446 449 454 1841 43027 14893 1087 307 65 700 20 87 6278 4880 25174 7704 282 674 55030 272 2176
internal_value=0 0.0700421 0.073768 0.0891966 0.0834661 0.0761934 0.0935038 0.0866007 0.096774 0.0509334 0.0784623 0.0457686 -0.00181215 0.0929829 0.0546343 0.0582409 0.00754395 0.099844 0.0684304 0.0759625 -0.0111711 0.0806353 0.0766173 0.0687171 0.0922621 -0.00120826 0.0972222 0.0793573 0.041101 0.0769028
internal_weight=0 2106.72 1762.96 3675.64 1577.22 1019.87 2098.42 1004.62 557.353 343.759 976.092 60.834 24.0617 503.694 322.865 303.278 24.6701 1093.8 61.7088 59.5704 8.95678 915.258 736.782 489.564 247.218 19.5871 178.476 1116.31 12.4355 36.7723
internal_count=301379 128003 103458 173376 149844 61035 23532 14660 88809 24545 53996 4920 2290 72627 17287 16287 1394 8872 872 807 107 49076 44036 30054 13982 1000 5040 66611 718 2630
is_linear=0
shrinkage=0.1


Tree=46
num_leaves=31
num_cat=1
split_feature=86 86 12 17 237 198 171 199 12 73 180 79 77 204 146 223 208 13 194 143 179 103 164 227 88 231 179 69 4 76
split_gain=49.8774 12.7979 9.54191 8.83165 8.66705 8.48122 6.89698 7.51724 7.17128 6.95765 6.87343 6.54417 6.84838 6.99791 6.22491 7.97596 6.59341 6.33086 6.09278 6.13143 7.8468 7.5512 6.04882 7.34225 5.97825 5.88292 5.83244 6.56071 8.52313 5.79583
threshold=-0.94671633839607228 -1.1852712035179136 22.500000000000004 7.5000000000000009 0 0.066791582852602019 -0.035692071542143815 -0.20517418533563611 87.500000000000014 0.27393887937068945 -0.2496528550982475 0.40640640258789068 0.25357143580913549 -0.15751120448112485 -0.029626456089317795 0.097034297883510603 0.090364668518304839 0.11651583760976793 -0.018395362421870228 -0.0057703903876245013 -0.11564266309142111 -0.057275697588920586 3.8606742620468144 0.11881510168313981 0.63987851142883312 1.0000000180025095e-35 0.086285732686519637 2.1683131456375127 0.12034482508897783 0.060153776779770858
decision_type=2 2 8 2 9 2 2 2 8 2 2 2 2 2 2 2 2 10 2 2 2 2 2 2 2 2 2 2 8 2
left_child=1 4 -2 5 -1 11 8 -8 -3 18 -7 22 13 24 15 16 17 -15 19 20 21 -9 -4 -24 -13 -6 27 28 -10 -25
right_child=2 6 3 -5 25 10 7 9 26 -11 -12 12 -14 14 -16 -17 -18 -19 -20 -21 -22 -23 23 29 -26 -27 -28 -29 -30 -31
leaf_value=0.0094012446311553949 0.026538851838076822 0.042480808249578367 0.089888373982380781 0.098178554093145687 0.044119912446271115 -0.05779482421734803 -0.038805170356835235 0.0977785518535738 0.067119195280244737 0.13612586604610105 0.095994914726593467 -0.059699821734376518 -0.076982922519963415 0.088591555726611385 0.10006619123761971 -0.074391671411157378 -0.026819812497265921 -0.20187081002962187 0.072341903255019671 0.06272199151963577 0.042939777054209288 -0.086260711081339245 0.077755511350654116 0.066328631934420554 0.065063564691646689 0.072638521759302452 0.10206713212245884 0.08107809687552385 -0.015897085432317833 -0.041255753149773144
leaf_weight=61.569832091664466 24.723549168742693 51.158392053059742 487.46647410840296 808.18303176620657 129.93211831086228 2.9169464432152372 6.90075785815361 2.9001917696259616 58.003323319795527 13.893488554047961 785.69302812295291 4.6318497674401469 2.3701907325739731 66.641759873803949 474.06011854695771 3.6744646639044722 5.685292518681762 0.75892875209683452 392.78472425151494 172.32649890459561 62.863305386818865 9.6395533117110954 1257.9773118356293 10.90598080255768 22.482504380352111 163.16839181225077 113.5933189409343 583.76433753449328 15.718723028337989 9.2584419744716779
leaf_count=5218 35023 23398 29852 28585 9669 362 478 130 1921 1946 30907 294 105 2119 16006 251 365 52 20220 10270 3791 724 41746 542 696 9801 4724 19519 1720 649
internal_value=0 0.0685432 0.0884694 0.0888577 0.0514781 0.0864545 0.0726229 0.0650201 0.0787377 0.0661149 0.0954261 0.0834386 0.0926514 0.0933471 0.0957885 0.0693699 0.0765976 0.085321 0.0645963 0.0523154 0.028532 -0.0436961 0.0804106 0.0767959 0.0437507 0.0580167 0.0811432 0.0775282 0.0494188 0.0169315
internal_weight=0 1838.22 3967.43 3942.71 354.67 3134.52 1483.55 661.309 822.238 654.408 788.61 2345.91 580.305 577.935 550.821 76.7604 73.086 67.4007 640.514 247.73 75.4031 12.5397 1765.61 1278.14 27.1144 293.101 771.08 657.486 73.722 20.1644
internal_count=301083 113529 187554 152531 24688 123946 88841 37559 51282 37081 31269 92677 19888 19783 18793 2787 2536 2171 35135 14915 4645 854 72789 42937 990 19470 27884 23160 3641 1191
cat_boundaries=0 2
cat_threshold=279971337 264661
is_linear=0
shrinkage=0.1


Tree=47
num_leaves=31
num_cat=1
split_feature=157 74 170 156 157 154 181 168 157 79 152 230 156 157 170 120 92 157 170 158 237 222 104 155 136 79 156 157 191 79
split_gain=22.8154 26.9847 15.8764 11.2739 11.2443 10.4002 8.44869 8.25339 9.53521 8.26684 8.2245 7.84296 7.68208 10.011 7.79012 8.4549 8.17041 7.50353 7.5025 7.18908 7.12051 7.11652 7.29017 7.06311 7.02963 6.87795 12.8057 9.26779 6.76914 6.69586
threshold=0.58731243014335643 0.33602151274681097 0.47530725598335272 0.13938769698143008 0.50747352838516246 0.072225950658321394 -0.057715049013495438 4.006747007369996 0.58077546954154979 1.0000000180025095e-35 0.065023697912693038 0.058438487350940711 0.20483683049678805 0.65575143694877636 0.49566511809825903 -0.088510572910308824 0.91027551889419567 0.39950715005397802 0.42745165526866918 0.45000000298023229 0 0.12193077430129053 -0.038015035912394517 -0.010424324776977299 0.03735183738172055 0.31494164466857916 0.31726674735546118 0.53344655036926281 0.14841087907552722 0.025158228352665905
decision_type=2 2 2 2 2 2 2 2 2 2 2 2 2 2 2 2 2 2 2 2 9 2 2 2 2 2 2 2 2 2
left_child=2 5 10 4 19 12 -5 8 -8 -10 17 -12 -2 14 15 -14 28 -1 -19 20 -4 22 23 24 -6 26 27 -20 -16 -22
right_child=1 -3 3 6 21 -7 7 -9 9 -11 11 -13 13 -15 16 -17 -18 18 25 -21 29 -23 -24 -25 -26 -27 -28 -29 -30 -31
leaf_value=0.041046397837664145 0.10433223440385427 0.062887193285293949 0.0125149492374367 0.074070638351934212 0.063513905823425532 0.017535953318797978 0.044926316828683449 0.081543433090286499 -0.087631218237945618 0.08642206773872764 0.023417133321333192 0.097246235793899349 -0.072446694191421523 0.097800790311429436 0.065361714809999152 0.097001584274206173 0.087637640018802351 0.10668548167107353 0.070477212626590166 0.10417378588335391 0.014054330558394857 -0.019766198675490669 0.10507954758664509 0.091044484950532245 -0.03220397663824117 0.09953180358379593 0.022487032775221221 0.09828439065674377 0.10738488431516668 0.078281441221413478
leaf_weight=34.029257095147841 409.60958700522315 384.35547383748781 52.997296537432021 407.63931183838395 40.751286006053306 19.030033549868676 455.18086021464478 103.69415624928661 2.8189536294776181 85.345456898627162 40.300654749916248 22.378883146977387 2.9661066978005683 881.65675411507982 403.47254363259708 407.10980495835975 540.9990307966691 188.12571098604712 275.87137948154168 35.837105469297967 18.575303181676645 5.7188801854445037 204.63038473642973 105.714813785773 9.4523665673277701 211.75919310381869 38.27102512968122 211.93524890817207 42.35547454864718 128.66494687327963
leaf_count=21591 4494 7712 29912 26675 3019 326 50081 1766 126 2325 3280 1056 58 4849 8428 3806 8664 6292 20733 8041 7799 772 15286 7167 962 9491 1632 2490 698 41329
internal_value=0 0.0876822 0.075075 0.069028 0.0799427 0.0912024 0.0627945 0.0556904 0.0507565 0.0808569 0.0848728 0.0497768 0.0917239 0.0894574 0.0841914 0.095776 0.0793775 0.0871643 0.0888591 0.0629243 0.0555418 0.0909118 0.0926673 0.0763772 0.0454921 0.084314 0.0781884 0.0825585 0.0693541 0.0657156
internal_weight=0 3091.55 2679.69 1657.02 602.342 2707.2 1054.68 647.039 543.345 88.1644 1022.67 62.6795 2688.17 2278.56 1396.9 410.076 986.827 959.992 925.963 236.075 200.238 366.268 360.549 155.918 50.2037 737.837 526.078 487.807 445.828 147.24
internal_count=300860 39035 261825 195260 114287 31323 80973 54298 52532 2451 66565 4336 30997 26503 21654 3864 17790 62229 40638 87081 79040 27206 26434 11148 3981 34346 24855 23223 9126 49128
cat_boundaries=0 2
cat_threshold=1194424066 1723719
is_linear=0
shrinkage=0.1


Tree=48
num_leaves=31
num_cat=1
split_feature=86 86 157 170 171 17 157 170 76 12 132 237 159 222 220 77 6 156 155 227 218 194 133 170 86 156 17 79 175 98
split_gain=49.7608 12.5953 10.5322 8.43598 7.46999 8.65196 7.10925 10.8703 8.53742 8.09466 7.10872 14.1923 9.43775 7.71916 7.09937 7.12232 6.86398 6.86041 6.66901 7.47576 6.52306 6.46557 6.29665 6.27344 6.21446 6.01328 5.88485 5.74335 6.48944 10.8297
threshold=-0.93589836359024037 -1.1852712035179136 0.47561772167682653 0.42745165526866918 0.44739343225955969 28.500000000000004 0.65575143694877636 0.57068678736686718 0.35252693295478826 72.500000000000014 -0.0098817725665867311 0 0.29117386043071752 0.040701543912291534 -0.08915823325514792 0.23836579918861392 0.065844733268022551 0.2323504984378815 0.023105625994503502 0.035883886739611633 -0.096042189747095094 0.17430475354194644 1.0000000180025095e-35 0.5425086021423341 -0.79838886857032765 0.18993670493364337 14.500000000000002 0.42146381735801702 -0.16873402148485181 -0.028432648628950116
decision_type=2 2 2 2 2 2 2 2 2 10 2 9 2 2 2 2 8 2 2 2 2 2 2 2 2 2 2 2 2 2
left_child=1 10 3 25 5 6 7 17 -9 14 12 13 -1 -12 -8 -16 -14 24 23 -20 21 -19 -5 -6 -4 -2 -25 28 29 -26
right_child=2 -3 4 22 18 -7 9 8 -10 -11 11 -13 16 -15 15 -17 -18 20 19 -21 -22 -23 -24 26 27 -27 -28 -29 -30 -31
leaf_value=-0.071730571834215218 0.11374564290165201 0.073001699749080995 0.08832097495277913 0.041152042079312584 0.092152945489546598 -0.12061770294981133 0.1377484787092588 0.068182802942625451 0.34929471690558644 0.10532994026101639 0.07693159854121992 0.0082329008707794967 0.017557512242325213 0.027001615874533202 0.071873289072028959 -0.10600140729734825 0.097977813032685449 0.107308740370594 -0.038932014027432904 0.066006846641705683 0.083889780757332374 -0.08883854007676574 0.079522342978291805 0.05533663404095357 0.12368470414656081 -0.0013328205962249138 -0.16296670544875036 0.13315152364620494 0.10255765677155311 -0.014826896703029903
leaf_weight=4.0408625232257682 48.357609865575569 1552.2238706112198 473.08822908475122 100.27142001029256 112.71166335549378 1.9244048107939296 16.913529164012289 251.43025716868078 1.0850216990520483 585.71875667452696 119.58706083029119 95.791480580684947 12.657950222243015 41.781252639446393 107.37901375509682 2.2992936317459671 65.698756695399425 160.4544413417334 10.805808057551987 18.260778640164062 1204.2305171363259 1.6983018155660818 74.576662261330512 49.918730104689985 10.342891087942464 5.0112550893827565 1.2661738235783548 59.0609422463599 556.18419456104266 12.426899342560771
leaf_count=1299 6695 93673 19262 37937 5652 184 164 16019 267 1797 7839 8601 1457 2754 1337 22 2484 3351 1169 545 32687 280 27323 3131 197 666 132 4061 19588 726
internal_value=0 0.0691853 0.0889785 0.0681399 0.0902861 0.0913587 0.0914772 0.0891559 0.0693907 0.100374 0.0517396 0.0435494 0.0773009 0.0602689 0.0774439 0.0681443 0.0849865 0.0911704 0.0711397 0.0269947 0.0864252 0.105254 0.0575178 0.0789687 0.097006 0.10294 0.0499364 0.103446 0.100415 0.0480903
internal_weight=0 1891.78 3865.42 228.217 3637.2 3444.24 3442.31 2730 252.515 712.311 339.557 257.16 82.3976 161.368 126.592 109.678 78.3567 2477.49 192.963 29.0666 1366.38 162.153 174.848 163.897 1111.1 53.3689 51.1849 638.015 578.954 22.7698
internal_count=301299 118107 183192 72621 110571 99942 99758 96438 16286 3320 24434 19194 5240 10593 1523 1359 3941 80152 10629 1714 36318 3631 65260 8915 43834 7361 3263 24572 20511 923
cat_boundaries=0 2
cat_threshold=756161009 2029098
is_linear=0
shrinkage=0.1


Tree=49
num_leaves=31
num_cat=0
split_feature=86 86 13 2 56 11 157 156 85 149 157 208 108 176 68 67 156 157 11 220 124 12 0 96 213 130 216 71 0 95
split_gain=45.2627 13.41 9.14809 8.89588 12.9387 7.93739 7.76021 9.13722 8.94105 8.18039 7.55481 7.45927 7.43391 7.05824 7.00557 7.40113 6.99871 7.77597 7.07127 7.0566 9.29279 7.84713 7.15755 9.04131 7.41121 7.01532 6.70155 6.68526 6.70399 6.46457
threshold=-1.0724866986274717 -0.83778271079063404 0.054079741239547736 0.063214566558599486 1.0000000180025095e-35 0.010349444113671781 0.59474343061447155 0.097693528980016722 116.50000000000001 -0.0085335760377347452 0.68536502122879039 -0.074097570031881319 0.072503704577684416 -0.1629313454031944 37.564325332641609 1.9403234124183657 0.22287581861019137 0.5039929747581483 0.058957219123840339 -0.08915823325514792 0.085941251367330565 289.50000000000006 0.16749174892902377 0.25893680751323706 -0.083558373153209672 0.055439954623579986 -0.056003497913479798 0.018693221732974056 0.51315790414810192 0.15152888000011447
decision_type=2 2 10 8 2 10 2 2 2 2 2 2 2 2 2 2 2 2 8 2 2 8 10 2 2 2 2 2 10 2
left_child=3 2 6 4 5 -1 7 8 -2 13 16 -4 27 -10 15 -9 29 18 -18 -19 21 22 24 25 -21 -24 -8 28 -5 -3
right_child=1 10 11 12 -6 -7 26 14 9 -11 -12 -13 -14 -15 -16 -17 17 19 -20 20 -22 -23 23 -25 -26 -27 -28 -29 -30 -31
leaf_value=0.024866153540756636 0.084795969738491461 0.092214552446317377 0.067343784353847067 0.041568574146325497 -0.083876867278974893 0.078578332177140331 0.10228935072765805 0.059689715336438881 0.99620621410811361 0.12558890809933046 0.10518946351109296 0.093321562771647326 -0.0093361080170914733 0.30544785617429498 0.071694729122670262 0.019981560031456791 0.0068993842542596218 0.102108507951856 0.081355495225041249 0.11910712848543424 -0.034192033990830588 0.074342909473494964 0.096711900818580346 -0.019335954900540742 0.049078571490214974 0.0022367375126778224 0.077630278077082282 0.067322124851525056 0.49381936149862143 0.11713384248667519
leaf_weight=29.958205868506411 129.01482288910711 867.63496056090958 134.22207606983193 229.73870622636696 5.2524397219758603 337.03033264789337 138.92190225665036 176.24321591941498 0.15861667364151832 4.9566374761520811 309.66419961411157 626.281318172993 19.509940026060576 2.1947590403301547 320.97761998744045 63.979416321180906 24.245784459870265 223.17829515929225 26.915455410893628 19.210940473514711 6.7518377788655917 538.45863037554955 603.52844192870361 6.9360714364011065 70.839829388187354 7.9635226309001146 533.25164879930526 196.71282296462232 0.32824223584248002 118.29831664803419
leaf_count=11508 37242 67159 4331 13759 860 16047 1738 12438 57 966 1168 20050 1250 214 22753 8928 5239 3727 2547 1390 229 8535 13037 196 7188 396 8523 10670 75 18927
internal_value=0 0.0859323 0.0799421 0.0605483 0.0719632 0.0741937 0.075059 0.06767 0.090892 0.198481 0.0904513 0.0887367 0.0510273 0.352005 0.0620291 0.0491141 0.0886359 0.0843977 0.0460701 0.0857254 0.0828089 0.0834425 0.0903583 0.0941938 0.0640181 0.0954815 0.0827267 0.0537868 0.0422138 0.0952045
internal_weight=0 4953.83 2130.2 818.531 372.241 366.989 1369.7 697.525 136.325 7.31001 2823.63 760.503 446.29 2.35338 561.2 240.223 2513.96 1528.03 51.1612 1476.87 1253.69 1246.94 708.479 618.428 90.0508 611.492 672.174 426.78 230.067 985.933
internal_count=301147 246978 117240 54169 28415 27555 92859 82598 38479 1237 129738 24381 25754 271 44119 21366 128570 42484 7786 34698 30971 30742 22207 13629 8578 13433 10261 24504 13834 86086
is_linear=0
shrinkage=0.1


Tree=50
num_leaves=31
num_cat=0
split_feature=86 86 157 170 157 171 170 173 170 93 76 2 157 121 135 126 13 133 4 145 157 60 76 176 163 80 202 13 17 19
split_gain=42.0582 15.1019 12.9321 10.3721 8.01106 8.21401 8.52156 8.8296 7.72919 7.16316 7.00316 6.68863 6.47226 6.4635 6.74166 6.98943 6.43106 6.13816 6.09494 6.08616 5.96978 5.76162 6.10793 7.61402 5.72483 5.70107 5.6879 5.63002 5.54083 5.5044
threshold=-0.92546641826629628 -1.1170034408569334 0.5039929747581483 0.48174977302551275 0.68536502122879039 0.49157020449638372 0.54832735657691967 0.31048737466335302 0.45447091758251196 0.15756443142890933 0.020204081200063232 0.20156250149011615 0.37867735326290136 0.048389310017228133 -0.036297684535384171 -0.02842130325734615 0.025105042383074764 0.054712118580937392 0.074304118752479567 -0.025414747186005112 0.60268843173980724 1.0000000180025095e-35 0.38952971994876867 -0.32065947353839869 0.19967179000377658 0.36794872581958776 0.029523125849664215 0.089163407683372511 17.500000000000004 1.0000000180025095e-35
decision_type=2 2 2 2 2 2 2 2 2 2 2 10 2 2 2 2 8 2 10 2 2 2 2 2 2 2 2 10 2 2
left_child=1 12 13 11 5 6 -5 16 -3 -7 -9 -4 -1 14 -2 -16 -8 20 21 26 -18 22 -17 -24 27 -22 -13 -14 -10 -12
right_child=2 8 3 4 -6 9 7 10 28 -11 29 19 24 -15 15 18 17 -19 -20 -21 25 -23 23 -25 -26 -27 -28 -29 -30 -31
leaf_value=-0.030767553380144409 0.12117656248147844 0.094390348919884459 0.10242105213245095 0.09103665069538508 0.10165346999294655 0.087941906356753807 0.051419275356992825 0.024753102357866201 0.072306535948765543 0.030038731835521516 0.075596960584346715 -0.10464029662737773 0.058968917643235724 0.044747147991118792 0.047643728234996692 0.075932065288698739 0.070042506213159481 -0.11964527619207484 0.063131445331650951 0.079824152137800489 0.098099470379650028 0.11959425738463328 2.6413474848691259 0.41150495869061637 0.0099692450952855328 0.027283436842669435 0.071874490476269343 0.1285394155512363 0.11604762662182409 -0.020805298642027095
leaf_weight=8.2583303102796872 32.424969215805504 202.87602169182446 783.01291786639922 1416.9693659765771 351.41900314411032 37.850352810470213 54.612254314488382 47.408788022152294 1219.0343923023838 49.053290600520995 109.51125520821552 4.0154314891551648 530.03652029508839 71.555066922303467 79.342486011844585 75.078612525851895 127.64722442455695 1.4228422076157574 98.2875000479562 23.455705488428066 315.04315962114197 58.144869597231263 0.016225497942286893 0.27234379417109167 23.392552467526912 11.793807101028504 3.3473304714425467 11.893140416639651 29.664504943073553 6.2615751920056928
leaf_count=7070 6366 11324 9596 37043 1544 3547 10125 1695 70941 2401 3355 82 20258 18102 19164 19948 10066 181 18962 693 3003 11536 33 301 11520 185 54 488 1394 342
internal_value=0 0.0708586 0.0887359 0.0908031 0.0876432 0.0853823 0.0866344 0.0773755 0.0762869 0.0552581 0.0571263 0.100623 0.0571211 0.0720892 0.0777838 0.0732617 0.0838479 0.0877324 0.0820305 0.0549263 0.0883817 0.0959434 0.077697 0.536883 0.058405 0.0955441 -0.0243914 0.0604957 0.0733457 0.070383
internal_weight=0 2025.16 3757.95 3342.82 2528.99 2177.57 2090.67 673.701 1451.57 86.9036 163.182 813.831 573.581 415.122 343.567 311.142 510.519 455.907 231.8 30.8185 454.484 133.512 75.3672 0.288569 565.322 326.837 7.36276 541.93 1248.7 115.773
internal_count=301319 122995 178324 83912 73487 71943 65995 28952 83659 5948 5392 10425 39336 94412 76310 69944 23560 13435 50780 829 13254 31818 20282 334 32266 3188 136 20746 72335 3697
is_linear=0
shrinkage=0.1


Tree=51
num_leaves=31
num_cat=0
split_feature=74 171 81 161 182 12 228 200 109 126 122 63 104 170 72 160 16 189 121 156 134 226 177 149 229 198 145 11 156 142
split_gain=20.2861 11.0169 10.7572 9.38582 9.28954 7.63114 6.37549 6.2108 8.11543 6.57728 6.26939 6.06574 5.81009 5.79999 6.62215 6.25956 10.2578 7.50746 6.28862 6.92445 6.23685 6.12494 6.36027 6.25918 5.52465 5.48298 6.48804 5.47896 6.2302 5.40666
threshold=0.26695403456687933 -0.028797738254070279 0.19292803853750232 3.8415366411209111 -0.079462345689535127 22.500000000000004 -0.08986762166023253 0.056257577612996108 -0.040670035406947129 0.0080215227790176886 -0.053523279726505273 0.019811251200735572 -0.092237848788499818 0.5820605754852296 0.34980392456054693 1.0000000000000002 1.0000000180025095e-35 -0.070958085358142839 0.051223250105977065 0.097693528980016722 0.0077968626283109197 -0.049731027334928506 1.0000000180025095e-35 0.03577078320086003 -0.042422691360115998 -0.12672455608844754 0.014040019363164903 0.073215402662754073 0.047847986221313484 0.034965896978974349
decision_type=2 2 2 2 2 8 2 2 2 2 2 2 2 2 2 2 2 2 2 2 2 2 2 2 2 2 2 10 2 2
left_child=2 -2 3 5 11 -1 -3 -5 -9 10 -10 -4 -11 14 15 18 17 -17 19 24 -15 22 -22 -23 -7 26 -18 28 -8 -14
right_child=1 6 4 7 -6 13 27 8 9 12 -12 -13 29 20 -16 16 25 -19 -20 -21 21 23 -24 -25 -26 -27 -28 -29 -30 -31
leaf_value=0.023460579927045793 0.084825216976539386 0.010522309043833132 0.072455718340434586 0.083539850750186301 0.081259386655699595 0.074723193545652475 -0.0049695360124761617 0.010255030612570448 -0.036040881869911334 -0.15952897545200717 0.083344799909333397 0.03817019302209293 0.053197394127768916 0.088606924809758736 0.03919913599159041 0.096285256613317216 0.074265865085037783 -0.0064102617069547625 0.083945994663585821 0.097953531680819023 -0.12923649655141653 0.0713936243949988 0.036354511102325369 -0.092619643598790449 0.13742307817733515 0.090304720608674102 -0.017611470175997072 0.12540030936460919 0.06424934452655609 -0.089028301665205409
leaf_weight=16.913131569125881 323.39458946326477 22.933328200316282 110.57059064837676 861.35389363669674 555.65379431614747 17.157967020162687 13.283521443566768 24.091863604383434 4.5179245247072677 1.4658252227754918 166.63349185291463 96.755719218777813 37.732701291075045 223.78883216584381 23.122436747406027 11.061422476912869 37.001140383982602 19.970325969525675 298.87332445124457 1142.2142340895934 3.1603927482901772 108.15220407225843 8.7181248749802744 2.377960559231723 77.658367094353707 919.24525708384726 9.7010479889904655 14.293582920648985 616.33086584528974 2.8766065262880138
leaf_count=27540 32662 2016 4436 42837 34742 3751 6046 2110 362 231 9157 5348 3099 5778 878 944 2498 2672 9911 27176 279 3549 340 156 12908 38646 989 890 19039 283
internal_value=0 0.0696789 0.0854045 0.0874717 0.0745193 0.0904368 0.0623335 0.0795933 0.0652693 0.0714852 0.0801933 0.0564552 0.0360626 0.0908272 0.0924724 0.0929587 0.0867885 0.0301961 0.0969639 0.100109 0.0786802 0.060532 -0.00770255 0.067865 0.126077 0.0886065 0.055181 0.0641788 0.062789 0.0431227
internal_weight=0 990.236 4780.77 4017.79 762.98 2919.12 666.841 1098.67 237.318 213.227 171.151 207.326 42.0751 2902.2 2556.01 2532.88 996.979 31.0317 1535.9 1237.03 346.198 122.409 11.8785 110.53 94.8163 965.947 46.7022 643.908 629.614 40.6093
internal_count=301273 60653 240620 196094 44526 138015 27991 58079 15242 13132 9519 9784 3613 110475 100373 99495 45749 3616 53746 43835 10102 4324 619 3705 16659 42133 3487 25975 25085 3382
is_linear=0
shrinkage=0.1


Tree=52
num_leaves=31
num_cat=0
split_feature=88 160 16 210 188 93 13 166 71 90 171 70 157 128 161 150 205 171 157 157 156 124 181 180 155 67 206 124 126 110
split_gain=21.072 12.8963 19.1759 9.50415 9.21597 8.63156 8.52837 10.058 8.73822 8.10524 8.13447 6.54383 6.44023 6.82004 6.40936 7.14804 6.04788 5.90536 8.78778 5.82546 9.57545 6.71454 8.72897 5.7901 7.09345 6.32567 5.75491 5.74048 5.71954 5.69102
threshold=0.7246500849723817 1.0000000000000002 1.0000000180025095e-35 -0.12628609687089917 -0.011328055523335932 0.094588369131088271 0.044623587280511863 0.40207296609878546 0.18469785153865817 2.077524065971375 -0.072070453315973268 2.5000000000000004 0.51101723313331615 -0.041059337556362145 2.7981818914413457 -0.048954783007502549 -0.016172053292393681 0.33477982878685003 0.58077546954154979 0.60268843173980724 0.097693528980016722 0.058530222624540336 -0.068216584622859941 -0.20279803127050397 -0.023367741145193573 3.7112681865692143 0.081428863108158125 0.025996292009949688 -0.010508797131478785 0.056870670989155776
decision_type=2 2 2 2 2 2 10 2 2 2 2 2 2 2 2 2 2 2 2 2 2 2 2 2 2 2 2 2 2 2
left_child=5 9 4 29 -3 11 7 8 16 10 14 -1 13 -8 15 -2 -5 18 26 20 -13 -21 -23 24 25 -16 -9 -26 -29 -4
right_child=1 2 3 6 -6 -7 12 17 -10 -11 -12 19 -14 -15 23 -17 -18 -19 -20 21 -22 22 -24 -25 27 -27 -28 28 -30 -31
leaf_value=-0.083893188074700059 -0.15302092894567987 0.041695156261284144 0.035881586405956893 0.050819077178030338 -0.061830301619451238 0.07837706319000172 -0.02921321023375438 0.063734221179520989 0.14543778448872766 0.094518268708586539 0.069383114199855697 0.10809819751552707 0.087969277999765783 0.066229254146168343 -0.081799967637644799 0.060565834472753703 -0.014750245320399201 0.042868015924511872 0.088196248434914665 0.097213213111381508 0.082661248197438628 0.11298216387691436 0.031097125902055364 0.092480276499154246 0.095053556459585992 0.18340820667583796 0.007950945967817492 -0.11715749590188247 0.055571958247643188 -0.073943770480068727
leaf_weight=2.1441596638801448 1.6102152975545312 18.372328220645613 30.161712968671509 24.697641336672177 16.164693578156857 727.18734546809219 8.7563336783077812 116.62199210266226 5.4985511297281837 356.97815350959945 620.0569472960633 171.01914267287293 322.93483142429432 51.644510541411819 5.6956671539837762 58.234152514849256 32.68122014267874 75.52920488384143 184.8493123211083 1216.8934726390762 1098.9452306879984 20.781440154562006 34.849096713594918 482.23690672544353 26.724380201955682 1.0679974512731858 21.979489738064331 2.7585752508111909 6.2839564111927739 5.5932606317401214
leaf_count=198 101 2870 1690 6232 3245 40794 1716 12392 543 16115 32607 46787 4207 7039 716 2845 8431 4118 1927 10867 63247 124 456 24619 2071 146 3887 295 421 560
internal_value=0 0.0757594 0.0663356 0.0692013 -0.00675886 0.0879852 0.0713376 0.0621861 0.025013 0.0812839 0.0773621 0.090731 0.0823636 0.0523929 0.0858249 0.0548189 0.0134728 0.0680444 0.0739234 0.0908782 0.0860867 0.0956601 0.0616862 0.0893608 0.0539905 -0.039923 0.0548881 0.0717499 0.00287795 0.0187013
internal_weight=0 2477.13 915.485 880.948 34.537 3271.82 845.193 461.857 62.8774 1561.65 1204.67 2544.63 383.336 60.4008 584.612 59.8444 57.3789 398.98 323.451 2542.49 1269.96 1272.52 55.6305 524.767 42.5306 6.76366 138.601 35.7669 9.04253 35.755
internal_count=301266 138793 58857 52742 6115 162473 50492 37530 15206 79936 63821 121679 12962 8755 31214 2946 14663 22324 18206 121481 110034 11447 580 28268 3649 862 16279 2787 716 2250
is_linear=0
shrinkage=0.1


Tree=53
num_leaves=31
num_cat=0
split_feature=86 86 86 4 140 138 65 170 160 74 2 77 221 113 120 104 2 116 4 194 226 131 225 149 160 156 6 149 174 23
split_gain=44.2848 19.3697 8.66331 6.90063 8.7292 7.09248 6.51541 6.47882 6.37688 6.39039 6.35828 5.39749 5.24974 5.20544 4.80311 5.52441 5.42638 4.72882 5.89493 5.62043 4.71977 5.98469 4.93777 4.66848 5.87145 6.62959 5.95399 6.02179 8.56988 5.7198
threshold=-0.93589836359024037 -1.1852712035179136 -0.76415729522705067 1.0000000180025095e-35 -0.010396221186965702 -0.041844272986054414 1.5000000000000002 0.45127125084400183 2.0000000000000004 0.16359986364841464 0.29212120175361639 0.16843971610069278 -0.14745282381772992 -0.097955655306577669 0.020363192074000839 0.06174177676439286 0.55000001192092907 -0.078758925199508653 1.0000000180025095e-35 -0.018395362421870228 -0.069842211902141557 -0.034854387864470475 -0.043317604809999459 -0.0073328756261616937 1.0000000000000002 0.53279572725296032 0.13608305156230929 0.011749467346817257 -0.02003070060163736 1.0000000180025095e-35
decision_type=2 2 2 8 2 2 2 2 2 2 10 2 2 2 2 2 8 2 8 2 2 2 2 2 2 2 10 2 2 2
left_child=1 17 3 4 5 -2 13 -4 -9 -10 23 12 -7 -3 15 -6 -17 19 -19 -1 -20 -22 -23 -8 26 29 -25 -28 -29 -26
right_child=2 6 7 -5 14 11 10 8 9 -11 -12 -13 -14 -15 -16 16 -18 18 20 -21 21 22 -24 24 25 -27 27 28 -30 -31
leaf_value=0.13103519649387868 -0.030739003049648713 -0.052001666117511641 0.1111879783023204 0.085627248051237462 0.029053466000394962 0.78284262544531058 0.088293157731745064 0.093628235517464228 0.076694513499301606 -0.0081057793905335504 -0.020728545272652336 -0.088038456927330588 0.11802874435211141 0.066504895993428653 -0.037270389908910129 0.12159120595338342 0.72270022934029476 -0.037261571986201981 0.072730439060956317 -0.062167805788436462 0.080668716989731604 0.0016128989718677653 0.042455612777822054 0.085434592127680453 0.059032529788517807 0.002103747010888482 0.08027490302266066 -0.062963277379550806 0.067474263807905652 0.10493735244414321
leaf_weight=11.7614604667433 3.9587706536494798 3.7343537545148129 194.15219123150246 1851.9449988034476 34.006383974876826 0.11927827326690632 415.87789862675208 1579.7903090879499 115.29108631622785 9.6287091943240721 6.3014168520135163 1.2936361092342838 28.347166006866701 498.30491821392479 8.9842811501184752 5.0880667212377366 0.15474439157696895 8.3116503280284615 62.002026695779932 1.7267752771676885 34.14522941220639 35.643360332478551 174.60339702715646 388.47558453124202 167.58852443277556 17.395153787698291 24.466422737973517 9.4532379852789763 10.781897042713352 32.389299162388852
leaf_count=351 2165 586 9182 69349 13858 40 16207 68742 6259 986 919 978 4935 45525 5003 1168 11 6672 2660 429 1723 3008 9667 15028 10500 424 1257 984 719 1526
internal_value=0 0.07042 0.0890817 0.0843707 0.0559744 0.0950085 0.0750258 0.0938796 0.0919084 0.0701582 0.0794261 0.111736 0.120814 0.0656234 0.0286866 0.0437844 0.139333 0.0483202 0.0458351 0.106301 0.0480893 0.0418378 0.0355315 0.0800179 0.0747278 0.0613168 0.0814576 0.0468962 0.00653782 0.0664675
internal_weight=0 1902.96 3832.76 1933.9 81.9523 33.7189 1574.77 1898.86 1704.71 124.92 1072.73 29.7601 28.4664 502.039 48.2335 39.2492 5.24281 328.194 314.706 13.4882 306.394 244.392 210.247 1066.43 650.55 217.373 433.177 44.7016 20.2351 199.978
internal_count=300861 118185 182676 97507 28158 8118 93675 85169 75987 7245 47564 5953 4975 46111 20040 15037 1179 24510 23730 780 17058 14398 12675 46645 30438 12450 17988 2960 1703 12026
is_linear=0
shrinkage=0.1


Tree=54
num_leaves=31
num_cat=0
split_feature=86 86 86 163 157 170 160 163 65 156 99 163 88 222 145 168 160 5 114 156 5 2 94 175 63 131 184 229 142 11
split_gain=43.277 12.8861 10.119 9.26495 7.66065 9.81439 7.43225 7.28078 6.00475 7.65424 7.8421 7.83808 7.36754 7.89506 6.62143 6.18925 7.13199 6.1956 6.62819 6.09875 6.03578 8.56991 5.86837 6.57585 11.4062 5.82993 8.33166 6.19894 5.54484 6.08282
threshold=-0.94671633839607228 -1.1852712035179136 -0.66562828421592701 1.0000000180025095e-35 0.56410160660743724 0.48174977302551275 2.0000000000000004 0.19967179000377658 1.5000000000000002 0.57259953022003185 -0.011397327296435831 -0.81838205456733693 0.83445373177528392 0.012785354163497688 0.0017610286595299842 3.3404341936111455 1.0000000000000002 0.091094873845577254 0.082379806786775603 0.44023808836936956 0.080145984888076796 0.22474747896194461 -0.16536332666873929 -0.1502486169338226 0.46641315519809728 -0.041568689048290246 0.18198991566896441 -0.13928847759962079 -0.0090445918031036836 0.021912938915193084
decision_type=2 2 2 2 2 2 2 2 2 2 2 2 2 2 2 2 2 8 2 2 10 10 2 2 2 2 2 2 2 8
left_child=1 3 4 6 -2 7 -1 -6 14 12 -11 -12 20 -14 15 16 28 18 19 -17 21 22 23 24 -10 26 27 -4 29 -3
right_child=2 8 25 -5 5 -7 -8 -9 9 10 11 -13 13 -15 -16 17 -18 -19 -20 -21 -22 -23 -24 -25 -26 -27 -28 -29 -30 -31
leaf_value=0.059627636829629654 0.078067272634345306 0.081278236260376474 -0.091844346515448608 -0.015477187387417017 0.10759037882189125 0.085619698118959309 -0.010358366828291311 0.041889506777694173 0.022454700636471984 0.079084341262704694 0.043736779991490955 -0.071427988796281539 0.071002103557552279 -0.058857028171829001 0.047854800724448456 0.078839592965398123 0.011591826493270091 0.099077873058749294 -0.081167615187819217 0.00098086071407496307 0.08889181085715378 0.0011291721009890775 0.072685815376290736 0.11550411409708637 0.9558765171083583 0.099708187551334967 -0.028524310525163923 0.086042080948595112 0.088023901603029822 -0.044323906964508983
leaf_weight=298.6370705901345 961.7660884760262 7.7651578301679338 1.9892509949677322 19.202958113197838 329.2472075275 1549.7814330453439 15.986182546665985 17.77763984908961 0.27089323671316634 25.73602746627148 15.789143523885288 9.4449510345802974 11.738753691511194 7.7877743407079825 160.70481256074618 78.426635666412039 30.007335361738114 108.98100243661384 3.0447704312755368 11.54115599850047 494.15209623682222 16.055539507409776 408.0181704668471 23.838954879811354 0.25334827382175718 912.7979884333181 7.0158462068511644 128.76563917795829 46.925059784250152 7.6586604857175198
leaf_count=12294 113437 2047 118 11018 1848 24853 1207 850 40 346 187 286 563 422 16402 5939 6497 4868 316 234 18271 1323 22892 1019 5 40019 443 6112 5649 1527
internal_value=0 0.06969 0.0884216 0.0519558 0.0853373 0.0890235 0.0560716 0.104225 0.0737225 0.0780087 0.0402441 0.000631385 0.0800093 0.0192103 0.0641801 0.0730932 0.0516483 0.0828983 0.0639409 0.0688518 0.0812688 0.0728687 0.0755326 0.123208 0.473546 0.0968141 0.0776394 0.0833358 0.0709268 0.0189108
internal_weight=0 1801.97 3909.14 333.826 2858.57 1896.81 314.623 347.025 1468.14 1013.09 50.9701 25.2341 962.116 19.5265 455.055 294.35 92.3562 201.994 93.0126 89.9678 942.589 448.437 432.381 24.3632 0.524242 1050.57 137.771 130.755 62.3489 15.4238
internal_count=301032 113352 187680 24519 140988 27551 13501 2698 88833 45354 819 473 44535 985 43479 27077 15720 11357 6489 6173 43550 25279 23956 1064 45 46692 6673 6230 9223 3574
is_linear=0
shrinkage=0.1


Tree=55
num_leaves=31
num_cat=0
split_feature=93 171 88 157 170 157 93 157 81 2 170 103 157 170 103 133 170 85 139 161 154 7 231 172 150 173 121 224 131 70
split_gain=20.8622 9.9415 9.92975 9.33328 9.45937 12.4893 9.34912 8.87157 8.51707 7.65471 7.61727 7.40792 6.99751 7.61977 6.85983 7.04179 6.81959 7.31391 6.14315 6.02838 5.84942 5.6794 5.58784 7.09021 6.72746 6.40489 6.28685 10.0279 6.95508 6.2485
threshold=0.067382778972387328 -0.028797738254070279 0.71356904506683361 0.44958826899528509 0.51898869872093212 0.65575143694877636 0.26758758723735815 0.56920528411865245 0.024099883623421196 0.065630350261926665 0.45127125084400183 0.12884292006492618 0.48273526132106787 0.48735144734382635 -0.050889907404780381 -0.0052780399564653626 0.60061484575271618 85.500000000000014 -0.011844880878925322 4.6579341888427743 -0.049980178475379937 0.06612021848559381 0.072242606431245818 0.05316766910254956 0.024180001579225067 -0.10665976628661154 0.069418605417013182 -0.060427891090512269 -0.075031906366348253 9.5000000000000018
decision_type=2 2 2 2 2 2 2 2 2 10 2 2 2 2 2 2 2 2 2 2 2 8 2 2 2 2 2 2 2 2
left_child=2 12 -1 -3 7 6 8 9 19 10 -5 22 13 -2 -8 -16 -14 -18 -7 -6 -20 -22 25 24 -24 29 -27 28 -28 -4
right_child=1 3 11 4 5 18 14 -9 -10 -11 -12 -13 16 -15 15 -17 17 -19 20 -21 21 -23 23 -25 -26 26 27 -29 -30 -31
leaf_value=0.092309435840157952 0.079785758195802053 0.009774036445132429 0.064496110189267014 0.10593974385990379 0.081609975898373058 0.052554142240410578 -0.088594132158434369 0.088919115256807957 0.033162241401619191 0.036511790251432537 0.06174275188591604 0.064135113734201207 0.08920820934746207 0.032701569563300323 0.04959798597790166 -0.044101791670158041 0.056485636817811324 -0.11033043804839525 0.032804438149076742 -0.13149081181181932 -0.06518194328152481 0.09001095237050738 0.053976494523923585 0.091313320584546109 -0.072955111435384162 0.095823836361489223 -0.10826577453093496 0.085184987146551164 0.038103211577217952 0.096093220149591596
leaf_weight=2212.5600745209349 102.44495195168292 25.553318006858262 200.58071590958161 56.54014162092426 75.244341188096314 95.719634011591552 7.1323800509544517 375.95451863464768 96.229614144612242 69.801119344214385 125.66813666413145 206.71930377645458 734.21962434262514 51.725080651714961 24.310494539627143 11.969626187357333 25.496577626540788 2.9303654922059641 21.103047882308601 1.3513288984331655 2.3865487272050805 197.68345032828802 80.190102063331778 64.861362627321796 4.4048948122745051 657.77854463813105 3.7921464760365806 119.61912826432717 22.558479490466198 90.972451600913928
leaf_count=104560 19102 10922 10324 1342 4508 1346 870 6774 7858 4088 9690 13996 21436 24120 2082 1626 1707 375 300 170 475 1680 5128 2049 365 33654 79 6222 1194 3119
internal_value=0 0.0755983 0.088093 0.0695555 0.0708711 0.0610752 0.0425466 0.0791878 0.0529679 0.0646702 0.0754573 0.0816656 0.0834196 0.0639887 0.0010592 0.0186843 0.0873475 0.0392896 0.0737185 0.0778504 0.082878 0.0881597 0.084577 0.066439 0.0473671 0.0870519 0.0916576 0.0728832 0.0170391 0.0743553
internal_weight=0 2103.46 3664.04 1186.65 1161.09 533.13 216.238 627.964 172.825 252.009 182.208 1451.48 916.817 154.17 43.4125 36.2801 762.647 28.4269 316.893 76.5957 221.173 200.07 1244.76 149.456 84.595 1095.3 803.748 145.97 26.3506 291.553
internal_count=301161 120471 180690 53731 42809 20915 17114 21894 12536 15120 11032 76130 66740 43222 4578 3708 23518 2082 3801 4678 2455 2155 62134 7542 5493 54592 41149 7495 1273 13443
is_linear=0
shrinkage=0.1


Tree=56
num_leaves=31
num_cat=1
split_feature=86 86 157 170 182 103 171 163 113 237 66 85 0 6 213 142 203 165 1 77 90 122 115 157 156 168 156 125 66 63
split_gain=45.1257 11.0191 8.19959 9.23522 8.33001 8.75523 7.70486 6.77102 7.12609 8.81548 6.63085 6.34092 5.83286 5.95603 6.18221 10.0209 14.1037 6.95884 5.76753 5.75134 5.96397 5.74826 5.58178 5.55751 7.23749 7.20745 5.52118 7.09374 5.51946 7.59651
threshold=-0.92546641826629628 -1.1852712035179136 0.53746896982193004 0.47702896595001226 -0.10218846425414084 0.065145708620548262 -0.1109516993165016 -0.61403793096542347 -0.044416224583983414 0 6.2190549373626718 32.500000000000007 0.15412896126508716 0.18350168317556384 0.068910475820302977 0.017529513686895374 0.026527385227382187 99.500000000000014 1.0000000180025095e-35 0.19859155267477038 2.1727453470230107 0.017548632808029655 0.01580203510820866 0.63708066940307628 0.12838828563690188 3.1861792802810673 0.3352713286876679 -0.0078477305360138399 5.082777976989747 -0.40591825544834131
decision_type=2 2 2 2 2 2 2 2 2 9 2 2 8 10 2 2 2 2 8 2 2 2 2 2 2 2 2 2 2 2
left_child=1 7 4 12 5 -2 -7 -1 -9 -10 23 18 -4 14 -14 17 -17 -16 -6 20 26 -12 -15 24 25 -3 28 -28 -13 -30
right_child=2 10 3 -5 11 6 -8 8 9 -11 21 19 13 22 15 16 -18 -19 -20 -21 -22 -23 -24 -25 -26 -27 27 -29 29 -31
leaf_value=0.064440430749252597 0.071050456368744991 0.043337071844478436 0.070432329986278699 0.089082372156817524 -0.0096790793462447691 -0.1046204465060125 0.030291106580714707 0.07535471494598546 0.040584932278560845 -0.02029907468275325 0.038018621613887513 0.092924532360724371 0.11536620757745511 0.077147369412577049 0.10348310273646888 0.074526426351629468 -0.15589671163697402 -0.052932278416436357 0.067766040249458981 0.055865505619677736 0.10692687883140826 0.075348330381112313 -0.082518341297489348 0.086167594003539918 0.067507737263396581 0.09245887090586638 -0.045308652923816556 0.068173493088362444 0.13137192329557221 0.054430917023326079
leaf_weight=227.79231602337222 50.291213728296043 34.108791356706206 47.823208375852118 2376.262671414217 11.85530675915197 5.6976405843315687 16.469637129398507 31.915471465580595 54.062812987288908 32.493036752877742 90.3212735236566 331.75867209590933 352.09546261520882 8.3975492905883566 98.951135445619002 8.7046425919179438 3.8229471619706592 2.9284956555929957 50.913307924759465 56.507000980531302 144.91595739185664 75.926428872663564 2.9617512643744695 401.44530735141598 791.10197591138422 240.3488196195608 6.9601892687951468 26.406895088934107 15.125650213475636 84.627046834554903
leaf_count=6683 10082 11085 1375 51244 5146 747 3883 3261 7197 7360 13731 39090 2347 133 541 71 32 159 5643 8775 18043 12835 77 4207 29603 26971 1189 2980 3761 22808
internal_value=0 0.0705596 0.0892628 0.0917357 0.0803097 0.0479724 -0.00438512 0.0543558 0.0349654 0.0200728 0.073995 0.0835235 0.10373 0.107062 0.108804 0.0886089 0.00420999 0.098987 0.0531387 0.0863859 0.0892141 0.0550673 0.0355172 0.0761399 0.072362 0.0863542 0.0836925 0.0445017 0.0867229 0.0660976
internal_weight=0 1979.52 3703.48 2901.95 801.529 72.4585 22.1673 346.264 118.471 86.5558 1633.25 729.07 525.685 477.862 466.503 114.407 12.5276 101.88 62.7686 666.301 609.794 166.248 11.3593 1467 1065.56 274.458 464.878 33.3671 431.511 99.7527
internal_count=301059 122933 178126 55979 122147 14712 4630 24501 17818 14557 98432 107435 4735 3360 3150 803 103 700 10789 96646 87871 26566 210 71866 67659 38056 69828 4169 65659 26569
cat_boundaries=0 2
cat_threshold=2286784584 6190089
is_linear=0
shrinkage=0.1


Tree=57
num_leaves=31
num_cat=0
split_feature=86 86 86 157 93 157 170 6 213 174 156 171 126 65 209 127 205 205 136 188 105 193 157 98 182 74 112 156 54 3
split_gain=43.874 14.1511 8.11025 6.81187 6.81971 6.23185 9.0427 6.55292 6.27031 6.97988 6.09306 8.6995 7.4468 6.40101 5.85816 5.73073 6.60391 5.66753 6.28567 6.02579 5.83988 6.80089 5.65924 6.92926 8.92172 7.37965 6.24307 6.51411 6.97282 7.36372
threshold=-0.92546641826629628 -1.1852712035179136 -0.66562828421592701 0.63708066940307628 0.36546161770820623 0.48273526132106787 0.48174977302551275 0.06273148208856584 0.11196482181549074 0.038013143464922912 0.28281377255916601 -0.048613363876938813 -0.025924447923898693 79.500000000000014 0.11357244849205018 0.035851983353495605 -0.03646468557417392 -0.050899313762783997 -0.010871819220483301 -0.11912022531032561 -0.026242811232805249 0.0032978408271446828 0.54567062854766857 0.10148831084370614 -0.074990004301071153 0.033994607627391822 -0.02893914561718702 0.11853256076574327 1.0000000180025095e-35 0.22276159375905993
decision_type=2 2 2 2 2 2 2 8 2 2 2 2 2 2 2 2 2 2 2 2 2 2 2 2 2 2 2 2 2 8
left_child=1 -1 5 10 -5 7 8 -2 -7 -10 12 17 14 22 -3 16 -13 -12 19 -19 -21 -22 26 24 25 -24 -14 28 -28 -30
right_child=2 3 -4 4 -6 6 -8 -9 9 -11 11 15 13 -15 -16 -17 -18 18 -20 20 21 -23 23 -25 -26 -27 27 -29 29 -31
leaf_value=0.05200021851803787 0.028405937838048435 0.089983283175874396 0.096427222384109404 0.092414607910959901 0.065194751934790532 0.099003595878089046 0.083713229004453146 0.077167723275563163 -0.064822203130045247 0.076379628812348582 0.095158171737539987 -0.025758434265970437 0.070783088455567938 0.085513916003201379 0.0099103126416006018 0.082249371906283827 0.039440918682564378 -0.11032341887682549 0.068314112569705959 0.083585924457131727 0.050828612085904147 -0.11377349770597192 -0.12241233714864962 0.010405610566931685 0.086240816198667414 0.042397802067853034 0.037323952079961524 0.0165899610514279 0.037616286056795123 0.16645437277120623
leaf_weight=339.43653951904707 33.245798752520386 290.11279411904616 1057.0586405776476 329.14375529550307 127.7755859664976 646.93711865698788 1779.4632029810568 161.13993081470244 4.7480536567800327 13.326899569037776 61.763522719891625 21.531939916952979 89.015961160195275 154.38212842992334 9.4337959273384495 19.258270830967376 55.779850663999241 3.4181921279960106 122.42307797388457 10.923394162062326 5.6985284339079918 4.4862584365055227 3.1844268022759961 16.106762670726312 172.88748590897194 18.503700171986566 37.367548258524494 72.623311739229393 7.6084291278357368 10.639864613854114
leaf_count=24502 20451 25728 46576 3016 2210 10014 62987 36885 580 306 2304 1683 14259 9592 1907 745 2489 200 4014 254 279 278 177 766 3844 922 10251 8332 2913 2429
internal_value=0 0.0705893 0.0890258 0.0744273 0.0848027 0.086061 0.0874314 0.068828 0.0973805 0.0392878 0.0704339 0.0582576 0.0746491 0.0680583 0.0874615 0.0334406 0.0212824 0.0697402 0.059057 0.0128501 0.0327964 -0.0216764 0.061761 0.0734388 0.0786566 0.018199 0.0504366 0.0363132 0.0620679 0.112737
internal_weight=0 1983.51 3695.92 1644.07 456.919 2638.86 2444.48 194.386 665.012 18.075 1187.15 305.283 881.866 582.32 299.547 96.5701 77.3118 208.713 146.949 24.5264 21.1082 10.1848 427.937 210.682 194.576 21.6881 217.255 128.239 55.6158 18.2483
internal_count=300893 123094 177799 98592 5226 131223 73887 57336 10900 886 93366 12246 81120 53485 27635 4917 4172 7329 5025 1011 811 557 43893 5709 4943 1099 38184 23925 15593 5342
is_linear=0
shrinkage=0.1


Tree=58
num_leaves=31
num_cat=0
split_feature=86 86 157 156 207 129 94 86 79 170 185 150 142 12 195 135 164 185 171 116 145 179 99 7 184 88 85 180 114 191
split_gain=36.5626 12.2726 7.69935 8.81339 7.56207 7.01721 7.54107 6.7357 6.41047 7.98001 8.58717 6.39926 6.98193 6.0666 6.01912 5.8128 5.68234 5.96041 5.65786 6.14562 5.75934 5.60961 5.77528 5.57006 6.03962 6.45179 5.75124 5.50698 5.47194 5.45297
threshold=-0.93589836359024037 -1.1170034408569334 0.65575143694877636 0.15821565687656405 -0.12978826463222501 0.0021624471992254262 0.041272576898336417 -0.76415729522705067 0.31494164466857916 0.5820605754852296 -0.064603991806507097 -0.0095917335711419565 0.028019285760819915 72.500000000000014 0.062896169722080245 0.030452221632003788 5.0782890319824228 0.18027141690254214 0.55871063470840465 0.064982824027538313 -0.0055449635256081811 -0.31312882900238032 0.037135407328605659 0.12144130468368532 0.14453317224979403 0.82340031862258922 81.500000000000014 -0.2496528550982475 -0.046931870281696313 -0.012840188574045895
decision_type=2 2 2 2 2 2 2 2 2 2 2 2 2 10 2 2 2 2 2 2 2 2 2 10 2 2 2 2 2 2
left_child=1 23 3 7 5 -5 -7 21 14 27 -11 -12 -13 28 -6 16 -9 -18 -15 -20 -21 22 29 -1 25 -25 -26 -10 -4 -2
right_child=2 -3 13 4 8 6 -8 15 9 10 11 12 -14 18 -16 -17 17 -19 19 20 -22 -23 -24 24 26 -27 -28 -29 -30 -31
leaf_value=0.044616724590657408 -0.043560876204327956 0.077404941814322559 0.0050409209300268445 0.10936787259506689 0.080631162597744152 0.09088038964207279 -0.0043501419193519913 0.11616816217889694 0.017004919336482373 -0.0052726006659727081 0.10124526826021968 0.018679619900786509 0.1222739640984058 0.10492864836032226 0.063174372525808223 0.067977727777173064 0.089112237476755382 -0.069769747948044275 0.080640465087978772 0.085366928074157009 -0.15836593391366618 0.089883617502314925 -0.077966363029403893 0.077376040079471339 0.043919159064296408 0.041967289941330893 -0.078501104206919872 0.091789172826814883 0.084076211064326375 0.096382245427454841
leaf_weight=168.93769543771305 3.7049172417127947 1335.27260086655 9.4535191344621108 183.17533179346628 819.46770778729388 28.767880660072478 11.696100943905547 270.58987869396378 9.9664874353784381 16.559173734054639 40.766750407801737 27.335345754163427 8.5378547097716346 586.71359861992096 260.24356967280346 36.828148614478778 61.386378545762909 2.4556199876651581 51.0146901125554 1.7550048865959982 2.166057350812479 451.79434675443508 3.6999568366345548 283.6443945842675 44.696195620069375 62.863424559103805 4.1979888341229517 819.68808765562426 119.39077685360098 11.206561874805628
leaf_count=19807 659 78651 182 3309 28851 1516 759 34709 969 1245 1290 1579 120 2216 10985 4718 5899 202 401 15 34 53024 778 13031 2212 4021 278 26968 1812 935
internal_value=0 0.0721795 0.0891421 0.0868976 0.083602 0.101042 0.063354 0.0956146 0.0816543 0.0877741 0.0600296 0.074139 0.0433352 0.098079 0.0764235 0.105684 0.109837 0.083001 0.102055 0.0713677 -0.049275 0.0876672 0.0338637 0.0598158 0.0663096 0.0709522 0.0334083 0.0908908 0.0782773 0.0616119
internal_weight=0 1899.61 3838.36 3067.87 2226.2 223.639 40.464 841.666 2002.56 922.854 93.1991 76.64 35.8732 770.494 1079.71 371.26 334.432 63.842 641.649 54.9358 3.92106 470.406 18.6114 564.34 395.402 346.508 48.8942 829.655 128.844 14.9115
internal_count=301175 118000 183175 178515 77591 5584 2275 100924 72007 32171 4234 2989 1699 4660 39836 45528 40810 6101 2666 450 49 55396 2372 39349 19542 17052 2490 27937 1994 1594
is_linear=0
shrinkage=0.1


Tree=59
num_leaves=31
num_cat=0
split_feature=86 86 157 96 127 122 156 24 157 156 228 93 156 157 145 6 63 13 67 156 125 108 156 67 88 14 193 109 200 184
split_gain=36.681 15.2099 6.66043 8.99879 8.82686 6.70692 6.98692 6.61953 6.42456 5.94062 5.697 5.63925 7.46414 8.66769 8.24073 7.36766 6.4454 6.03145 5.76607 5.55729 5.52555 5.85305 5.76698 5.49635 6.46028 5.47685 5.36372 5.33329 5.2898 6.34768
threshold=-0.92546641826629628 -1.1534370779991148 0.53344655036926281 -0.16934598237276074 0.052180601283907897 0.050201319158077247 0.10275264084339143 1.0000000180025095e-35 0.37027060985565191 1.0000000180025095e-35 0.08681108802556993 0.067382778972387328 0.12838828563690188 0.53746896982193004 -0.026737906038761135 0.12041463330388071 0.21021857112646106 0.0072203108575195083 0.32310858368873602 0.17512886226177218 0.0074968275148421535 0.010257088579237463 0.2416573911905289 2.4135230779647832 0.61586168408393871 1.0000000180025095e-35 -0.080574553459882722 0.055807562544941909 0.036189926788210876 -0.11222951859235762
decision_type=2 2 2 2 2 2 2 2 2 2 2 2 2 2 2 10 2 8 2 2 2 2 2 2 2 2 2 2 2 2
left_child=1 8 3 -3 5 -5 7 -7 -1 -2 -8 12 17 14 -14 16 20 -11 27 26 22 -22 -16 -4 -25 -26 -10 -15 29 -20
right_child=9 2 23 4 -6 6 10 -9 19 11 -12 -13 13 18 15 -17 -18 -19 28 -21 21 -23 -24 24 25 -27 -28 -29 -30 -31
leaf_value=-0.051537934663315625 -0.088330253803538386 0.12041665036765133 0.083441516127662235 0.073489378460122656 0.0070791929265084227 0.04691839381831818 0.027162476107572636 0.14121826292021808 0.027337152141246181 0.019277069824335757 -0.13066480736463629 0.082194868420711997 0.10306877944452471 0.05721849092581488 0.05893959428219292 0.096003215210601095 0.0031753511513410121 0.10563927905949222 0.11116499443608759 0.048450769461454463 0.062552136833644106 0.12331097112343953 -0.0039100144846002886 -0.12789697943065512 0.069190348536380092 -0.08181482386085237 0.082994197313958559 -0.1094288214863478 0.084154480147928409 0.09237046917689308
leaf_weight=5.6102457238280286 1.8965446874344696 27.760676455376597 950.85434858424105 271.78883750326395 27.697073679340974 22.546366101501008 53.997608844087154 11.113124686739409 20.760040073982054 8.2610928844642313 2.3882379220194698 980.43212027836125 69.443673864163429 22.204346470800377 50.166626592485045 53.874254916918289 22.066725599230267 383.20171527762977 212.04571759425244 283.13113638266441 58.701182205995792 21.721845295793173 20.592611036531707 1.704053919223951 221.28005076033878 2.4282160808015751 104.3466801728614 2.1022505336295572 623.97228143784923 1178.1125256280898
leaf_count=5074 11765 4999 18201 41623 6425 6999 5340 1710 3441 10283 487 47828 4970 636 5722 6260 3141 40475 3240 9434 7195 2015 3341 105 7511 139 11624 83 11543 19510
internal_value=0 0.0718267 0.0762626 0.0654084 0.0614881 0.0656529 0.0419996 0.0780527 0.0547459 0.0886086 0.0204777 0.0886991 0.091038 0.0888957 0.0729223 0.063705 0.0536614 0.103817 0.0912196 0.0562065 0.0610304 0.0789628 0.0406489 0.0801133 0.0660737 0.0675513 0.0737585 0.0428054 0.0918038 0.0952373
internal_weight=0 2007.41 1593.56 417.292 389.531 361.834 90.0453 33.6595 413.848 3708.8 56.3858 3706.9 2726.47 2335 296.567 227.123 173.249 391.463 2038.44 408.238 151.182 80.423 70.7592 1176.27 225.412 223.708 125.107 24.3066 2014.13 1390.16
internal_count=301119 123112 93539 67583 62584 56159 14536 8709 29573 178007 5827 166242 118414 67656 32644 27674 21414 50758 35012 24499 18273 9210 9063 25956 7755 7650 15065 719 34293 22750
is_linear=0
shrinkage=0.1


Tree=60
num_leaves=31
num_cat=0
split_feature=86 86 86 170 161 137 156 156 163 146 94 166 86 206 173 81 97 132 211 113 13 187 93 2 86 163 11 73 17 184
split_gain=40.5355 15.7944 7.56569 6.24008 6.25653 5.95104 5.94605 5.9428 5.92967 6.10516 5.89557 6.73256 5.35938 5.5837 5.37037 5.28263 5.07038 4.83281 5.13277 4.82041 5.00062 4.76569 4.66122 4.79145 6.59298 4.75029 5.28994 4.61427 4.59195 5.25424
threshold=-0.92546641826629628 -1.1852712035179136 -0.57249638438224781 0.54416155815124523 4.0729744434356698 1.0000000180025095e-35 0.022347066551446918 0.097693528980016722 -0.40978141129016871 0.042295722290873534 0.1397645100951195 0.87538927793502819 -0.9867488145828246 0.1727438494563103 0.36448727548122412 0.10566188395023347 -0.0080103673972189409 -0.0098817725665867311 -0.027567281387746331 0.015973855741322044 0.020654105581343177 -0.19459274411201474 0.36546161770820623 0.13930203020572665 -0.96707141399383534 0.73838225007057201 0.038992328569293029 0.45095694065094 8.5000000000000018 0.085239015519619002
decision_type=2 2 2 2 2 2 2 2 2 2 2 2 2 2 2 2 2 2 2 2 10 2 2 10 2 2 10 2 2 2
left_child=1 8 3 28 21 15 -3 12 17 10 11 -10 13 19 -15 -6 -13 27 -19 20 -8 -5 25 -24 -25 -9 -27 -1 29 -2
right_child=2 6 -4 4 5 -7 7 22 9 -11 -12 16 -14 14 -16 -17 -18 18 -20 -21 -22 -23 23 24 -26 26 -28 -29 -30 -31
leaf_value=0.088226398615561946 0.090152285082161138 0.0052236685919386698 0.099793263439277399 0.013122821165331958 -0.013364480573876429 0.085051225400789965 0.036968910349270877 0.076397299583203779 -0.017220938865349818 0.096204650024856328 0.084978892602763423 -0.058024646791955486 0.06478341654672351 -0.047886148926162206 0.50816864333447331 0.079585939194804778 0.10713462116826225 0.070093586564379237 0.036177445497146174 0.12791672229276793 0.10117379206403201 0.082707442535659911 0.062032523240541593 0.037828278756460887 -0.160870528746446 -0.083462508485914036 0.067214788145929932 -0.015648848966268201 0.09948659685085294 0.076740979144687305
leaf_weight=63.673099108886163 1633.8857620364049 12.000672594511796 563.15955385535653 9.9823338212772779 19.796254882476664 21.39598819906746 15.725584071695264 1288.666041595041 41.845137721465107 10.652716564875389 9.9359179256175576 2.3783647239492884 45.228810354241432 0.23867988707752275 0.63785806945816148 8.8467331059346161 8.5090523181497684 75.703783303220916 108.67652124013239 47.496769548275552 53.065951600929111 701.92106092234167 156.81244902009712 6.3199556414765539 2.2695893718446296 3.9238546439528346 5.7361113025017403 4.5842952561133634 400.8214665090029 355.72506728476128
leaf_count=1628 77990 12923 22762 1157 2265 1739 6184 41235 12500 1203 1691 329 9175 227 40 619 396 2509 4122 8091 6951 33667 5503 557 111 5822 1750 132 17587 20237
internal_value=0 0.0713553 0.0891171 0.0872098 0.0793293 0.0451501 0.0753554 0.075873 0.0512521 0.0262159 0.0143189 0.00100503 0.0940225 0.10531 0.356756 0.0153444 0.0710555 0.0585182 0.0501029 0.103414 0.0864967 0.0817317 0.0738594 0.0580491 -0.0146733 0.0758736 0.00601004 0.0812499 0.0897217 0.0877545
internal_weight=0 1964.08 3715.53 3152.37 761.942 50.039 1638.12 1626.12 325.959 73.3212 62.6685 52.7326 162.394 117.165 0.876538 28.643 10.8874 252.638 184.38 116.288 68.7915 711.903 1463.73 165.402 8.58955 1298.33 9.65997 68.2574 2390.43 1989.61
internal_count=301102 123079 178023 155261 39447 4623 98569 85646 24510 16119 14916 13225 30668 21493 267 2884 725 8391 6631 21226 13135 34824 54978 6171 668 48807 7572 1760 115814 98227
is_linear=0
shrinkage=0.1


Tree=61
num_leaves=31
num_cat=0
split_feature=86 86 156 157 170 177 157 157 173 156 157 205 119 231 153 101 153 5 2 106 135 213 140 187 157 233 136 205 157 143
split_gain=40.2812 12.0133 6.69965 7.63412 5.90642 7.31597 8.08189 7.09855 6.73778 9.61221 6.22677 7.04851 7.33417 6.52664 15.0065 7.49434 6.36703 10.1541 6.16647 6.50103 5.86228 7.39397 5.79138 5.77213 5.74178 5.76796 5.7366 5.70635 6.03004 5.63076
threshold=-1.0855413675308225 -0.67822298407554615 0.16749174892902377 0.50747352838516246 0.48174977302551275 -0.2008966729044914 0.47561772167682653 0.61189672350883495 0.064941428601741805 0.31726674735546118 0.68536502122879039 -0.085212536156177507 0.025204486213624481 -0.04175221920013427 0.01279122242704034 0.0096151470206677931 -0.017781806178390976 0.062223451212048538 0.22474747896194461 -0.035679878666996949 0.028500104323029522 -0.019823463633656498 -0.021957904100418087 -0.17750654369592664 0.56920528411865245 -0.023361115716397759 0.039825012907385833 0.075556524097919478 0.41595986485481268 0.058850785717368133
decision_type=2 2 2 2 2 2 2 2 2 2 2 2 2 2 2 2 2 8 10 2 2 2 2 2 2 2 2 2 2 2
left_child=2 4 27 -4 7 -6 -7 8 9 -2 11 12 -8 14 -13 18 17 -15 19 -16 29 -22 -11 -12 25 -24 -26 28 -1 -18
right_child=1 -3 3 -5 5 6 10 -9 -10 22 23 13 -14 16 15 -17 20 -19 -20 -21 21 -23 24 -25 26 -27 -28 -29 -30 -31
leaf_value=0.021228899299796895 0.084343720717245135 0.094672737541251648 0.011669531025833567 0.05754089589044295 0.10161800400478127 0.046007277603472591 0.099794008038068094 0.10494574492327474 0.10186832421611453 -0.038183423477720142 0.011488534577847924 0.094984750975760229 0.0654285333409651 -0.0083692325940970813 0.012094932150552256 -0.0047950205042159499 0.077163442532603155 0.063783308383622089 0.33462497180472811 0.075414401161188457 0.010217634471465386 0.068998417280285829 0.066487651955024124 0.095504282474161276 0.090316878485071528 -0.038853225703628778 -0.073802279631800957 0.040653370399210777 0.08802352902618503 -0.024100363569486707
leaf_weight=14.729045495206263 666.76582853375339 1177.7283048453364 39.46760559006816 449.31191704210323 154.37183101109304 71.326897169768017 255.15253989839243 226.64848727981735 191.86321783153608 7.6237590078089843 8.401279903133398 381.70356367823842 82.079604337583987 23.465173919576273 20.267328716007796 18.116587235408588 1005.6457547502205 115.55998977883974 0.84119515415750257 81.088739994283969 30.474368334395876 71.863562863776679 10.270460378895224 306.84202901466051 32.55286124120903 10.52424348318891 2.2788827259209929 39.800764335221629 164.06234896357773 5.5212418673690982
leaf_count=11453 42346 51720 5382 11498 10259 42027 10588 1576 9962 395 93 11288 4773 3062 1230 1475 43030 4336 83 3277 2237 3509 442 2160 571 795 91 6841 14183 378
internal_value=0 0.0858535 0.0603451 0.0538369 0.0831066 0.0804962 0.0791806 0.0890904 0.0851923 0.0808095 0.0801636 0.0781891 0.0914297 0.0756442 0.085278 0.0544826 0.0717829 0.0516051 0.0649907 0.0627529 0.0743022 0.0514946 0.0435531 0.0932653 0.0547553 0.0131744 0.0795793 0.0748978 0.0825209 0.0766105
internal_weight=0 4958.98 707.372 488.78 3781.25 2632.72 2478.35 1148.53 921.879 730.016 2407.02 2091.78 337.232 1754.55 502.017 120.314 1252.53 139.025 102.197 101.356 1113.5 102.338 63.2502 315.243 55.6264 20.7947 34.8317 218.592 178.791 1011.17
internal_count=301060 251703 49357 16880 199983 143805 133546 56178 54602 44640 91519 89266 15361 73905 17353 6065 56552 7398 4590 4507 49154 5746 2294 2253 1899 1237 662 32477 25636 43408
is_linear=0
shrinkage=0.1


Tree=62
num_leaves=31
num_cat=1
split_feature=86 86 194 157 156 159 0 175 208 85 164 141 176 210 123 121 190 156 179 223 218 208 108 92 85 178 93 147 163 237
split_gain=44.3025 13.2144 7.40838 7.10395 8.4955 6.08538 5.80184 5.67795 7.11731 5.62497 7.2973 5.52143 5.33617 5.14919 5.97554 5.57629 5.44637 4.9631 4.90094 4.77282 5.02998 6.06091 6.24668 5.29963 4.96263 5.79 4.71724 4.75772 4.70438 9.14079
threshold=-1.1170034408569334 -0.83778271079063404 -0.13155984133481977 0.61189672350883495 0.13938769698143008 1.0279383063316347 0.2736185491085053 0.064805265516042723 -0.00352455663960427 35.500000000000007 2.2499048709869389 0.045414127409458167 0.31758312880992895 0.0830853506922722 -0.012842868454754351 -0.0040910004172474137 0.0091177290305495279 0.10275264084339143 -0.31312882900238032 0.097034297883510603 -0.044724283739924424 -0.0098688718862831575 0.015261667314916851 0.88929009437561046 77.500000000000014 0.37573242187500006 -0.10236671939492224 -0.025803357362747189 -1.0621505975723264 0
decision_type=2 2 2 2 2 2 10 2 2 2 2 2 2 2 2 2 2 2 2 2 2 2 2 2 2 2 2 2 2 9
left_child=9 2 -2 4 13 7 19 -4 11 10 -1 -9 -8 -3 -15 -16 -17 -18 -12 20 21 22 -6 -22 25 -25 -21 -28 -11 -30
right_child=1 3 5 -5 6 -7 12 8 -10 28 18 -13 -14 14 15 16 17 -19 -20 26 23 -23 -24 24 -26 -27 27 -29 29 -31
leaf_value=-0.02107010880719656 0.095919942986964657 0.10087157087989838 0.072028177101447863 0.095506709266279813 0.028236389816806703 0.085750559077471089 0.095798816591957089 0.064162270487925485 0.12144082922359063 0.064429030534001827 -0.049346750432738923 0.13873591168397154 0.022680159262012042 0.10782042936707137 0.086988383481538478 0.052109446238863801 0.016386347320764171 -0.14055442851828523 0.082558061827738671 0.00036753151014888927 0.053203663059030806 0.10011055325578705 0.10895870711604572 0.086002369484450017 0.060767291319329259 -0.079032347216814666 -0.125243089452093 0.070583302047321383 0.0034141168304796126 0.051116686204704755
leaf_weight=7.6628390819432743 252.95767656987664 399.80738343410985 1277.3591918684538 1267.5058102754192 26.509039203385328 655.97786094135881 265.9632816298481 69.770661029605435 54.629284148511033 146.55542582981434 2.883941591529946 11.575672721492536 10.370144107828308 23.976156693979192 15.921703930167494 11.271550762987774 4.4108822470884643 3.7097737683016021 121.02026246750756 14.864157840693222 105.17628381417217 167.31420447742403 15.017272987650356 309.11688022949875 117.77142963755978 2.1405485089380809 1.2760239057988645 44.780971024098108 62.647157288141898 213.1139680728711
leaf_count=1197 13264 55678 82003 10684 3344 28399 12005 4246 3775 4391 311 336 743 3126 2269 1792 1085 334 6256 1215 6905 5742 1573 13772 6301 152 139 3047 8245 18843
internal_value=0 0.0853457 0.0797654 0.0899625 0.0853976 0.0777906 0.0805548 0.0740962 0.0935229 0.0555762 0.0736311 0.0747742 0.0930548 0.0967932 0.069292 0.0431334 0.00712696 -0.0553092 0.0794879 0.0762583 0.0784645 0.0916235 0.0574282 0.0733202 0.0782518 0.0848674 0.0493497 0.0651579 0.0499514 0.0422571
internal_weight=0 5129.17 2322.27 2806.9 1539.4 2069.31 1080.3 1413.33 135.976 553.884 131.567 81.3463 276.333 459.097 59.2901 35.3139 19.3922 8.12066 123.904 803.967 743.046 208.841 41.5263 534.205 429.029 311.257 60.9212 46.057 422.317 275.761
internal_count=301172 261929 132023 129906 119222 118759 54938 90360 8357 39243 7764 4582 12748 64284 8606 5480 3211 1419 6567 42190 37789 10659 4917 27130 20225 13924 4401 3186 31479 27088
cat_boundaries=0 2
cat_threshold=1356099338 329804
is_linear=0
shrinkage=0.1


Tree=63
num_leaves=31
num_cat=1
split_feature=86 86 86 175 71 107 192 157 179 171 12 201 175 142 95 159 122 148 135 237 163 200 206 218 152 13 128 194 137 105
split_gain=39.6375 14.1657 7.15792 7.04485 7.70177 6.12213 6.34981 5.39312 5.65472 5.06931 5.14161 5.79536 5.69982 5.46734 6.42651 7.0056 5.26267 7.61111 5.01776 8.13841 7.96597 7.83336 4.91361 4.89141 5.20864 4.66388 5.53875 4.83551 4.64091 4.50898
threshold=-0.92546641826629628 -1.1852712035179136 -0.76415729522705067 -0.18151747435331342 0.13994288444519046 0.015574319288134577 -0.099872589111328111 0.68536502122879039 0.10050574690103532 -0.035692071542143815 87.500000000000014 0.072491578757762923 0.043115269392728812 -0.019104621373116967 0.11319846287369729 0.036095742136240012 0.073912288993597045 -0.029388009570538994 -0.023550017736852166 0 -0.70348590612411488 0.15586207807064059 0.025660233572125438 0.0079218405298888701 0.061418190598487861 0.037516755983233459 0.0014025005511939528 0.21972499042749408 -0.0066069876775145522 0.11179528757929803
decision_type=2 2 2 2 2 2 2 2 2 2 8 2 2 2 2 2 2 2 2 9 2 2 2 2 2 10 2 2 2 2
left_child=1 18 7 4 5 -4 -7 8 -2 10 -3 12 -12 14 15 -13 29 -18 21 20 -20 22 28 24 -10 27 -27 -11 -1 -15
right_child=2 9 3 -5 -6 6 -8 -9 23 25 11 13 -14 16 -16 -17 17 -19 19 -21 -22 -23 -24 -25 -26 26 -28 -29 -30 -31
leaf_value=0.12053348514924059 0.080708586449393896 0.05220374069161822 -0.038400503196421701 0.094061922773159792 -0.16380704985944328 -0.11913848815420464 0.10245717134341947 0.10132860274468072 0.088135918862777538 0.061001856000270964 0.08309554345584301 -0.18123483932231729 0.1116157574354715 0.087152880892066797 -0.053453986509329254 0.058987639037207454 -0.17078728028828341 0.047887979620591659 0.028154341483681147 0.051228697996019291 -0.076059908379115637 -0.073899383352674361 0.047530876201800951 0.11685733947934199 -0.034239523828095857 0.068473867442097811 0.097667941707152858 0.15350787198684984 0.06125085939445013 -0.026532064243840928
leaf_weight=33.220438257367732 1431.1426800780516 61.231011131822697 5.3152471934131489 1894.7582287427463 1.7249582739718778 1.4081372025939423 15.831068475157728 173.11631952832977 79.150223824003433 411.94887146232327 617.56151187855085 1.2491793439185119 79.042660299789532 115.14712335650847 6.6125705122194622 43.106617340370576 1.8549545421637947 11.213233212451085 20.472004422836111 213.4425309120038 11.429829248597342 3.4880035807718732 31.641136452542924 85.529357565537794 3.6379054343105954 182.03444444134902 101.06756496029266 5.7292922328233535 21.917666680801631 3.5977770817662522
leaf_count=1550 79160 26129 518 84433 203 76 474 921 6673 31058 21218 56 3011 4157 274 1629 81 333 794 14964 2710 394 2474 5374 498 6300 3459 563 1703 196
internal_value=0 0.071598 0.0891441 0.0933761 0.0398517 0.0554274 0.0843567 0.0845624 0.0827477 0.0754256 0.0802224 0.0821733 0.0863317 0.0663252 0.038512 0.0522223 0.0770798 0.0168483 0.0528781 0.0454614 -0.00699196 0.0730367 0.0789426 0.100086 0.0827585 0.0689871 0.0788962 0.0622708 0.0969684 0.0837084
internal_weight=0 1977.01 3691.61 1919.04 24.2794 22.5545 17.2392 1772.58 1599.46 1641.4 940.617 879.386 696.604 182.781 50.9684 44.3558 131.813 13.0682 335.612 245.344 31.9018 90.2672 86.7792 168.317 82.7881 700.78 283.102 417.678 55.1381 118.745
internal_count=301383 123053 178330 85704 1271 1068 550 92626 91705 98464 57084 30955 24229 6726 1959 1685 4767 414 24589 18468 3504 6121 5727 12545 7171 41380 9759 31621 3253 4353
cat_boundaries=0 2
cat_threshold=11699201 1364
is_linear=0
shrinkage=0.1


Tree=64
num_leaves=31
num_cat=0
split_feature=86 86 157 175 8 13 166 157 170 205 108 27 0 211 95 223 4 202 179 211 194 164 8 107 67 137 229 115 230 157
split_gain=43.2656 16.4963 7.24443 7.57715 7.32585 6.72776 8.74526 6.65017 6.73379 6.54473 6.50084 7.16699 6.22245 8.22934 5.99859 6.62037 6.34734 5.89596 5.82579 6.1663 5.72219 5.55409 5.38288 5.15487 6.58678 7.51525 6.44017 5.39399 5.28858 4.93116
threshold=-1.0724866986274717 -0.82283037900924672 0.61189672350883495 0.22792105376720431 0.26736092567443853 0.020654105581343177 0.61036229133605968 0.4296079427003861 0.51093181967735302 -0.085212536156177507 0.066080331802368178 1.0000000180025095e-35 0.51315790414810192 -0.097992438822984682 0.082322571426630034 -0.12209320068359374 0.052770815789699561 0.073178559541702284 0.30183188617229467 -0.051229320466518395 0.08163813874125482 4.7405652999877939 0.17955233156681064 -0.0057559239212423554 1.3022099137306216 -0.070886764675378786 -0.048838699236512177 -0.08541292697191237 0.058438487350940711 0.56920528411865245
decision_type=2 2 2 2 10 10 2 2 2 2 2 2 10 2 2 2 8 2 2 2 2 2 10 2 2 2 2 2 2 2
left_child=5 2 3 4 9 6 -1 -3 18 -2 -6 -12 -7 -14 15 -8 -17 -13 29 -20 -10 23 -23 26 25 -25 -11 -27 -26 -9
right_child=1 7 -4 -5 10 12 14 8 20 21 11 17 13 -15 -16 16 -18 -19 19 -21 -22 22 -24 24 28 27 -28 -29 -30 -31
leaf_value=0.014377009079351119 0.088474105448283658 0.050895849057007704 0.08769443113420991 0.11479448677935811 0.086156122458484349 0.066582585635153804 -0.097195679675204746 0.090741181321788489 0.091142060731949637 -0.013427516316479218 0.069083434984834269 -0.06927817188615526 1.4618165136850239 0.24929078941949748 0.099363657524700222 -0.019323127646545916 0.060513059525556703 0.10090053113541851 0.27503764199396435 0.12444820168699362 0.075324524120406494 0.086279388127013135 0.057707944331242815 -0.11860277764366495 0.037956642937354158 0.39270033900425999 0.049586137663522226 0.080621764293314482 0.086192938032228536 0.10338587107996611
leaf_weight=61.542694964279463 133.87849845445749 38.739911277577903 852.38330422220679 48.672471331019096 537.72170906983774 571.63815500456803 3.0123994580314948 605.48755396657475 1079.0259965291882 20.221334805193692 32.736737502105825 7.8950690999317867 0.060006543944837176 0.83282713391690677 29.743715687563054 10.999123761380813 105.25345280608963 2.7432148057505401 3.5376424096939436 11.752862606952474 290.22564755384064 166.58556084290171 109.14238676009609 1.8955338514624589 108.77786982917814 0.55615582298196287 81.9481827218342 132.8496677061803 28.733585339005003 628.59640902854517
leaf_count=17507 15054 24082 9466 3693 24080 25741 382 33387 43219 4025 1392 270 40 424 1393 2493 6218 65 340 1050 12971 10925 4481 287 21769 57 13030 14662 3723 4991
internal_value=0 0.0866791 0.0804122 0.0760235 0.0746417 0.0613736 0.0460891 0.0920249 0.0926333 0.0683386 0.0831521 0.0459113 0.0669946 0.330784 0.0591866 0.0491668 0.0529594 -0.0253955 0.097942 0.159289 0.0877894 0.0641958 0.0749699 0.0562736 0.0634488 0.0791135 0.0371145 0.0819228 0.0480358 0.0971819
internal_weight=0 4924.11 2266.74 1414.36 1365.69 783.082 210.551 2657.37 2618.63 784.589 581.097 43.375 572.531 0.892834 149.009 119.265 116.253 10.6383 1249.37 15.2905 1369.25 650.71 275.728 374.982 272.813 135.301 102.17 133.406 137.511 1234.08
internal_count=301217 247019 126979 117513 113820 54198 27993 120040 95958 88013 25807 1727 26205 464 10486 9093 8711 335 39768 1390 56190 72959 15406 57553 40498 15006 17055 14719 25492 38378
is_linear=0
shrinkage=0.1


Tree=65
num_leaves=31
num_cat=0
split_feature=86 86 170 157 156 160 182 228 131 222 200 130 208 67 157 191 161 154 225 136 136 183 129 168 109 99 123 225 226 149
split_gain=39.7267 11.1926 6.76318 7.14521 7.35921 6.72979 6.6567 6.51009 6.54288 6.33117 6.20184 8.23255 9.48713 6.56638 6.14525 6.49405 7.65857 6.12886 6.01243 5.95067 6.4432 5.7254 5.71254 7.32936 5.61476 6.14336 6.27351 5.65779 6.38805 5.58448
threshold=-0.93589836359024037 -1.1170034408569334 0.41605599224567419 0.50052592158317577 0.15821565687656405 1.0000000000000002 0.13200771063566211 0.029681584797799591 -0.02540903631597757 0.034474499523639686 0.039298342540860183 -0.038088314235210412 0.01748868823051453 6.6703209877014169 0.61189672350883495 -0.19852689653635022 2.7981818914413457 -0.010824644938111304 1.0000000180025095e-35 0.030995874665677551 0.035565758123993881 0.039045976474881179 0.0094298603944480437 3.9033331871032719 0.015668704640120271 1.0000000180025095e-35 0.03809678182005883 -0.12503491342067716 0.063255410641431822 0.021442667581140998
decision_type=2 2 2 2 2 2 2 2 2 2 2 2 2 2 2 2 2 2 2 2 2 2 2 2 2 2 2 2 2 2
left_child=1 5 -2 22 -5 -1 7 8 9 -7 13 12 -12 14 15 -6 19 -13 -10 -17 -21 -19 24 -24 25 -4 -27 28 -28 -14
right_child=2 -3 3 4 10 6 -8 -9 18 -11 11 17 29 -15 -16 16 -18 21 -20 20 -22 -23 23 -25 -26 26 27 -29 -30 -31
leaf_value=0.066484114211429399 0.11177553805394327 0.075904380734007404 0.11127610218827477 0.099611191900156548 0.1169804491685216 0.024653946897308234 0.096345035007754695 0.065312324867149607 -0.025031068361709735 0.1211002790176615 0.070894512164203907 0.07030656240152687 0.014532203131759831 0.0088567788111191242 0.095672931032914854 0.062142255568394637 0.084144837507738046 0.079487664065061636 0.031347816882822843 -0.18192341050109231 0.01342381959744565 0.10240369321238388 0.036783252907437107 0.10202534991343899 0.063751766907130622 0.058141279999304678 -0.046477490211481759 0.13196708209105698 1.3593611639123342 -0.15377514139919518
leaf_weight=378.9907669494396 122.93986698886692 1317.9461477793056 88.452313275425013 578.99970235826822 56.991230890052975 17.357593115637886 20.534423452352712 50.425904298434034 33.934618364223297 11.196882145947709 74.668834177589815 228.05568530931851 23.52258649155738 9.8764974956638962 1070.4625280070395 25.800410378244123 775.47695025424855 226.20206759705252 42.738013816002422 2.1553001357315207 7.794935267411347 210.46573579062533 69.271823206078352 22.915169199482079 102.43170621189051 57.716581178442084 0.054580344321037866 11.125751413846954 0.079257449364376953 2.1517435395944622
leaf_count=23894 5846 78888 18324 26376 1278 1641 1384 4207 4011 619 1470 6382 894 2585 8665 780 28878 5878 3622 147 357 4298 21469 3538 26385 16597 82 2125 14 135
internal_value=0 0.0708873 0.0887067 0.0879286 0.0893764 0.0589773 0.0428295 0.0357695 0.0216123 0.0624728 0.0871926 0.0795632 0.0528642 0.0901882 0.0906025 0.0843509 0.0820586 0.0835935 0.00639503 0.0368059 -0.0288899 0.0905328 0.0743876 0.0530007 0.0819748 0.0938317 0.0714617 0.139742 0.786047 0.000426509
internal_weight=0 1873.12 3767.61 3644.67 3292.62 555.178 176.187 155.653 105.227 28.5545 2713.62 765.067 100.343 1948.56 1938.68 868.219 811.228 664.723 76.6726 35.7506 9.95024 436.668 352.047 92.187 259.86 157.428 68.9762 11.2596 0.133838 25.6743
internal_count=300769 118266 182503 176657 88123 39378 15484 14100 9893 2260 61747 19057 2499 42690 40105 31440 30162 16558 7633 1284 504 10176 88534 25007 63527 37142 18818 2221 96 1029
is_linear=0
shrinkage=0.1


Tree=66
num_leaves=31
num_cat=0
split_feature=86 86 156 157 194 69 141 79 219 179 8 106 5 170 128 74 103 101 0 141 160 198 193 202 225 129 68 8 207 156
split_gain=37.6709 11.1567 6.37927 8.43935 7.63917 6.13088 5.56882 6.33259 6.31614 6.26851 5.31531 5.56984 5.30221 5.19537 9.60577 7.26768 7.00972 6.33445 5.27398 5.22164 5.14994 10.169 7.60122 6.19989 5.58026 5.07187 5.57776 5.54833 5.45805 8.0561
threshold=-1.0855413675308225 -0.83778271079063404 0.09268804639577867 0.60268843173980724 -0.097968038171529756 135.73447418212893 -0.0018445497262291608 0.35424837470054632 -0.078950066119432435 0.10050574690103532 0.072386089712381377 -0.11044267937541007 0.03670033626258374 0.60061484575271618 0.025288878940045837 0.13759297132492068 -0.020102114416658875 0.089860975742340102 0.3964285701513291 -0.050042787566781037 2.0000000000000004 -0.12672455608844754 0.033457903191447265 -0.1117989458143711 0.076748032122850432 0.0081331296823918837 37.577888488769538 0.055345840752124793 0.086311895400285735 0.46247655153274542
decision_type=2 2 2 2 2 2 2 2 2 2 8 2 10 2 2 2 2 2 8 2 2 2 2 2 2 2 2 8 2 2
left_child=-1 2 10 5 -5 6 7 -4 -8 -9 -2 -12 -10 20 15 17 -17 18 -15 -16 25 -22 23 -23 -25 26 28 -27 -3 -30
right_child=1 13 3 4 -6 -7 8 9 12 -11 11 -13 -14 14 19 16 -18 -19 -20 -21 21 22 -24 24 -26 27 -28 -29 29 -31
leaf_value=0.06129101913228413 -0.020695458025408967 0.10271186059221904 0.067047546098422658 0.10745506878278105 0.082053852827082788 0.061411592667517736 0.03374995432883552 0.10554859092305156 0.061176892311755438 -0.026981338339545042 0.28421025872914996 0.097602546374497001 0.10186125254186906 0.10310842451375049 0.15554868764334512 -0.14620515803259249 0.045805073521808119 -0.1657026136450592 -0.0083623942986534704 -0.066308875614344009 -0.026494155377739532 -0.021542204012715178 0.099251496766092032 0.074840502281143709 -0.025668124188875402 -0.043905692552796451 0.088352728270597314 0.086058419692789656 0.094524846763198916 0.035438537503559936
leaf_weight=702.07004825195236 3.7749230198789965 899.69398932707077 420.29335045304379 140.07242034300725 765.07242230653355 325.39000556440533 18.283092568770371 70.08559440974841 38.683308882285928 3.7604017793964877 1.611643255457692 212.21564840599808 186.33877562168163 55.226439806139751 1.2384430160818736 2.486605613217761 8.0775567238733839 0.95014653257840009 4.597755801513812 7.3983880751984525 9.2079662517751313 8.2753913797687328 109.35578988484099 90.001193491798858 5.8851359864001997 3.2990713294061598 693.70171437660747 761.9749408993921 98.597230883756538 30.1261430667073
leaf_count=49175 2811 35351 25543 1648 9279 18889 1839 3707 6147 281 527 45755 5995 1608 72 232 581 138 528 724 1277 818 4348 5452 648 1267 35435 34554 5955 676
internal_value=0 0.0860353 0.0806851 0.0788887 0.0859847 0.0728454 0.0778905 0.0717927 0.0902746 0.0987999 0.0969324 0.099009 0.0948672 0.0902263 0.0651066 0.0771653 0.000609467 0.0904727 0.0945414 -0.0344965 0.0909676 0.0763998 0.0808371 0.0615044 0.0686717 0.092272 0.0952821 0.0854981 0.0999563 0.0806964
internal_weight=0 4975.68 2185.58 1967.98 905.145 1062.83 737.445 494.139 243.305 73.846 217.602 213.827 225.022 2790.09 79.9753 71.3385 10.5642 60.7743 59.8242 8.63683 2710.12 222.725 213.518 104.162 95.8863 2487.39 1722.12 765.274 1028.42 128.723
internal_count=301260 252085 122421 73328 10927 62401 43512 29531 13981 3988 49093 46282 12142 129664 3883 3087 813 2274 2136 796 125781 12543 11266 6918 6100 113238 77417 35821 41982 6631
is_linear=0
shrinkage=0.1


Tree=67
num_leaves=31
num_cat=0
split_feature=86 86 170 157 160 200 68 159 110 156 196 159 163 72 11 190 63 156 222 129 227 156 161 219 143 112 143 17 157 209
split_gain=41.6634 12.3995 8.26116 7.90225 7.28186 7.94928 5.79676 5.70108 6.27975 5.84954 8.00243 7.05229 5.79674 5.70104 5.88309 6.22984 6.06002 5.55852 6.35273 5.54025 5.53339 5.44457 6.72319 7.13995 6.50981 5.40134 5.34136 5.31655 5.30484 5.83764
threshold=-0.93589836359024037 -1.1534370779991148 0.42745165526866918 0.52949872612953197 1.0000000000000002 -0.088446270674467073 35.00396919250489 0.31026235222816473 -0.052203794941306107 0.35097050666809088 -0.068365171551704393 1.3128175735473635 -0.073283486068248735 0.11726508662104608 0.051061308011412627 0.1115320846438408 0.40219578146934515 0.097693528980016722 0.093976218253374114 0.017219013534486297 -0.049477040767669671 0.10733487084507944 3.2910528182983403 0.025166798382997516 -0.015978647395968434 0.035261379554867751 0.024428136646747593 18.500000000000004 0.68536502122879039 0.038102947175502784
decision_type=2 2 2 2 2 2 2 2 2 2 2 2 2 2 8 2 2 2 2 2 2 2 2 2 2 2 2 2 2 2
left_child=1 -1 -2 13 5 6 25 8 20 10 11 -9 -11 14 15 -4 21 18 -5 -17 -6 27 23 -23 -25 -3 -15 -16 29 -19
right_child=2 4 3 17 7 -7 -8 9 -10 12 -12 -13 -14 26 16 19 -18 28 -20 -21 -22 22 -24 24 -26 -27 -28 -29 -30 -31
leaf_value=0.054595870048570541 0.10913310234361127 -0.070955630800762781 0.065313936765229438 0.11582875639459729 0.08650840259680391 0.083732271502684197 0.064242344940173848 0.01228505878636825 0.089313864139131047 0.043406055006399408 0.07496124877707025 0.084723224025414753 -0.069743402159284651 0.06088744925844463 0.11355928690396616 0.12150069048953821 0.0020383578242963887 0.083586853411215217 0.010383836184076355 0.025586757358006515 -0.10277323722137935 -0.014622625270831953 0.094088710415667437 -0.087195443501728601 0.10306013227098912 0.086752192374444662 -0.021201848712136317 0.34226965051840458 0.099655967468977286 0.094049485627117568
leaf_weight=404.53103389798139 182.36571273122308 6.2288744197239776 261.65345853109193 114.06707226692379 2.9069734603181132 785.86189080622171 155.59196708048648 43.591847788416089 112.14089732327307 95.726511180062516 223.68494001156023 19.430530854567678 4.7524960313467082 60.599470698456571 75.423915214112412 37.022070708198271 7.2936839967187543 1685.9800199838819 6.0148704609437109 7.1923226798471651 3.2951215364846567 12.835894040032146 135.2215782477324 2.0177768847643192 16.543788298269646 3.3341021930118586 9.1192532245595412 1.0302674446638764 375.43321922278847 779.99402007360186
leaf_count=29575 8773 1178 53545 6024 159 42250 8575 4397 8988 1920 17966 980 1141 11538 17422 7692 1223 37322 525 2382 857 2092 11068 175 1048 228 2234 373 1778 17690
internal_value=0 0.0700843 0.0883705 0.087315 0.0743859 0.079541 0.0595977 0.064688 0.0838965 0.0588169 0.0660934 0.0346186 0.0380543 0.0771064 0.0804851 0.0711806 0.0918523 0.0894728 0.110547 0.105898 -0.0140554 0.0945473 0.0844093 0.0427222 0.082378 -0.0159713 0.0501501 0.116641 0.0885821 0.0868962
internal_weight=0 1861.08 3769.81 3587.44 1456.55 951.017 165.155 505.529 118.343 387.186 286.707 63.0224 100.479 625.953 556.235 305.868 250.367 2961.49 120.082 44.2144 6.20209 243.073 166.619 31.3975 18.5616 9.56298 69.7187 76.4542 2841.41 2465.97
internal_count=301118 118214 182904 174131 88639 52231 9981 36408 10004 26404 23343 5377 3061 110792 97020 63619 33401 63339 6549 10074 1016 32178 14383 3315 1223 1406 13772 17795 56790 55012
is_linear=0
shrinkage=0.1


Tree=68
num_leaves=31
num_cat=0
split_feature=86 86 86 185 65 3 131 150 85 212 68 149 67 232 66 129 181 129 128 133 176 114 137 69 129 136 75 12 88 178
split_gain=43.1983 13.2673 6.83853 6.12032 5.99749 5.37898 7.36812 6.63215 5.19262 5.14341 4.96786 4.95884 7.18304 5.50953 4.94154 5.23935 4.87565 4.87479 4.86385 4.78265 5.9865 6.0229 5.51075 4.64544 10.3358 5.80034 4.8254 5.81104 5.94116 5.3919
threshold=-0.92546641826629628 -1.1170034408569334 -0.66562828421592701 0.20067202299833301 1.5000000000000002 0.17411248385906222 0.0038956219796091322 -0.036765856668353074 112.50000000000001 0.16501245647668841 35.016925811767585 0.020058246329426769 2.2140970230102544 0.0048858230002224454 3.7627093791961674 0.065256122499704375 -0.031353011727333062 -0.070902135223150239 -0.0087829343974590284 -0.039869420230388634 0.085113566368818297 0.01747060660272837 0.0050118060316890487 135.8464050292969 0.0081331296823918837 0.018024611286818985 0.016530054621398452 126.50000000000001 0.61586168408393871 -0.037721442058682435
decision_type=2 2 2 2 2 8 2 2 2 2 2 2 2 2 2 2 2 2 2 2 2 2 2 2 2 2 2 8 2 2
left_child=1 5 3 23 19 6 7 10 16 11 -1 -6 13 -13 -4 -16 -5 -18 -11 20 21 22 -3 26 25 -25 27 28 29 -2
right_child=2 4 14 8 9 -7 -8 -9 -10 18 -12 12 -14 -15 15 -17 17 -19 -20 -21 -22 -23 -24 24 -26 -27 -28 -29 -30 -31
leaf_value=0.037261527528101461 0.087534815237998886 0.046122893229613292 0.090541122676760843 0.12259359931368435 0.084670829408700451 0.063696528846226189 -0.0032336863888550692 0.060520976552449507 -0.0088749149678045147 0.057001218732267461 -0.099839666186931908 0.052970637261694598 0.01181137618274495 0.087579503165596165 0.10501092210702152 -0.15884989417718753 -0.18362381554551735 0.092287325581517435 -0.11952720661584851 0.069735772640313151 0.069241669478765214 -0.10142122754040633 -0.15031338354602441 0.10839647129009085 -0.089698369692058716 -0.092326029225380149 0.088828064668160567 0.082703279753907247 0.064852310655434217 -0.080621882461255887
leaf_weight=6.1245424597050242 2.9157002964548155 13.803093583157533 641.36151891194345 91.725303561701821 772.73765798481145 421.01846412003215 29.519764288880424 103.9991579894604 4.014863707645417 4.3426041280317804 4.649222847845067 77.542722653392957 20.949641066637923 113.07230921517703 415.46460938923587 0.7539018331153774 0.64462082063073367 96.664703246534827 2.4365571729704234 375.48639740421027 23.421001002158846 4.9074589756405649 1.5929400452987472 10.867008099353827 4.8840733517463368 1.6595169666529717 1565.1314932842747 736.91957744491447 104.38977996193967 5.5109306426686526
leaf_count=533 615 2558 22275 2128 31626 23646 4169 10224 208 308 931 4251 1805 4258 24460 94 62 3327 219 35652 1699 950 314 385 909 487 78638 22344 20550 1503
internal_value=0 0.0709295 0.0892585 0.0865235 0.0761178 0.057986 0.0413237 0.0527839 0.103662 0.0803591 -0.021902 0.0809569 0.0673919 0.0735005 0.0960477 0.104533 0.106052 0.0904596 -0.00644639 0.0660909 0.0347903 -0.00495098 0.0257987 0.0851633 0.0336941 0.0818047 0.0855343 0.0794676 0.0583323 -0.0224379
internal_weight=0 1975.6 3682.91 2625.33 1410.29 565.311 144.293 114.773 193.049 991.081 10.7738 984.302 211.565 190.615 1057.58 416.219 189.035 97.3093 6.77916 419.211 43.7245 20.3035 15.396 2432.28 17.4106 12.5265 2414.87 849.736 112.816 8.42663
internal_count=301128 123143 177985 131156 83640 39503 15857 11688 5725 42467 1464 41940 10314 8509 46829 24554 5517 3389 527 41173 5521 3822 2872 125431 1781 872 123650 45012 22668 2118
is_linear=0
shrinkage=0.1


Tree=69
num_leaves=31
num_cat=0
split_feature=88 166 104 139 160 170 79 174 225 139 219 163 176 219 223 145 143 63 146 181 66 92 63 10 213 223 100 205 137 195
split_gain=18.0762 12.4064 8.27577 8.20575 7.42828 7.8775 7.09915 6.52313 6.20687 6.30234 6.04765 5.95564 5.82014 5.81988 5.81964 8.00193 6.41988 5.7609 8.92534 6.34807 6.04354 8.31903 5.75002 8.00345 5.89289 5.65229 5.58216 5.5533 5.54579 5.52293
threshold=0.76840013265609752 0.62901514768600475 -0.10853520780801772 0.025488436222076419 1.0000000000000002 0.55425468087196361 0.28918129205703741 -0.29172867536544794 0.02192088216543198 0.044124929234385497 0.028030616231262687 -0.073283486068248735 -0.19846734404563901 -0.084780033677816377 -0.062509104609489427 -0.002387986052781343 0.058850785717368133 1.0000000180025095e-35 0.017567067407071594 0.19366034865379336 1.8249189257621767 0.86408710479736339 0.098220799118280425 67.500000000000014 0.15028562396764758 -0.014394572470337151 -0.050071991980075829 0.095710646361112608 0.045327123254537589 -0.012650204822421072
decision_type=2 2 2 2 2 2 2 2 2 2 2 2 2 2 2 2 2 2 2 2 2 2 2 8 2 2 2 2 2 2
left_child=2 3 11 -2 6 14 -4 -7 9 10 -5 -1 13 -3 15 -6 25 -9 20 -20 21 -19 24 -24 -14 -16 -23 -22 -25 -27
right_child=1 12 4 8 5 7 -8 17 -10 -11 -12 -13 22 -15 16 -17 -18 18 19 -21 27 26 23 28 -26 29 -28 -29 -30 -31
leaf_value=0.068411159091492077 0.038350878298177474 0.27420119692252853 0.085729582728646656 -0.06698292479419464 0.084843438671845905 -0.024219046203744432 0.096246794705066682 0.082303626230399871 0.12874531031551656 0.096648238819604104 0.069802121756554675 0.094423468378574502 0.082238306438802131 0.096504573068478414 0.10092343674619918 0.045588625355955315 -0.0094550396235145891 -0.082744581155636321 0.10164191425562837 -0.19580225595112466 -0.0096212021247750884 -0.043381771024177437 -0.1063159233426902 0.069667666086049282 -0.11672812619217439 0.072614451094531018 0.088048620760963398 0.074180651836500452 0.026901062683799232 0.091315296164736423
leaf_weight=421.12370916524333 159.81875211402712 1.8811545552653104 1480.173457950687 6.2464813111055282 140.99819610883947 7.7773060579015683 1133.1423333707558 143.1166698684126 19.573328633282017 16.79421090711503 6.6984409770516322 111.27510543004428 424.30823667357458 91.177320393171158 280.40103905800834 82.204192341033831 6.6667778047735728 3.6067960172804296 34.207160686335101 0.73288786172633891 34.154129945013437 3.5571553369131825 2.7251010479783409 327.26290084820903 1.4938096906998897 259.70984008014716 35.303771198522554 10.289986094757749 33.417977817297469 402.94557619186389
leaf_count=15124 27738 116 73813 1796 7222 731 43684 8060 2339 1916 1084 16320 13509 3148 17132 6613 511 303 1596 49 3369 332 2197 10501 264 19080 1041 845 1408 19499
internal_value=0 0.0712529 0.0855705 0.049354 0.0871081 0.0813564 0.0902899 0.0660485 0.0850143 0.0562319 0.00379746 0.0738479 0.0764438 0.100097 0.084916 0.0703861 0.0883308 0.068698 0.052718 0.0954028 0.0355579 0.0625343 0.0736548 0.0644153 0.0815403 0.089022 0.0760181 0.00978114 0.0657052 0.083986
internal_weight=0 1091.4 4591.39 209.131 4058.99 1445.67 2613.32 272.746 49.3125 29.7391 12.9449 532.399 882.267 93.0585 1172.93 223.202 949.723 264.969 121.852 34.94 86.9118 42.4677 789.208 363.406 425.802 943.056 38.8609 44.4441 360.681 662.655
internal_count=301340 66016 235324 34873 203880 86383 117497 16326 7135 4796 2880 31444 31143 3264 70057 13835 56222 15595 7535 1645 5890 1676 27879 14106 13773 55711 1373 4214 11909 38579
is_linear=0
shrinkage=0.1


Tree=70
num_leaves=31
num_cat=0
split_feature=86 86 86 197 160 10 157 170 73 171 183 138 232 161 209 219 126 17 220 158 150 133 219 233 184 147 156 170 102 181
split_gain=37.4378 12.4561 11.1247 6.14405 5.72542 5.70015 7.73992 5.58657 6.25497 5.81335 5.48334 7.89723 5.70793 5.32752 5.30711 6.83071 5.54137 5.28273 5.24452 6.536 6.6078 6.08556 5.51264 5.80562 5.61481 5.67371 5.37654 5.22594 5.00043 5.16394
threshold=-0.95708391070365895 -0.67822298407554615 -1.1852712035179136 0.008136386517435314 2.0000000000000004 374.00000000000006 0.46466463804245001 0.48174977302551275 0.016261236742138866 -0.1109516993165016 -0.039834890514612191 0.037154648452997215 0.16102843731641772 3.105188369750977 -0.097071286290884004 -0.013449498917907475 -0.020389322191476818 17.500000000000004 -0.053499121218919747 0.18333333730697635 0.016770211048424247 -0.025413404218852517 -0.0014223985490389166 -0.10177950933575629 -0.17054674774408338 -0.017561982385814186 0.18993670493364337 0.55425468087196361 0.0033626754302531485 -0.06013656593859195
decision_type=2 2 2 2 2 10 2 2 2 2 2 2 2 2 2 2 2 2 2 2 2 2 2 2 2 2 2 2 2 2
left_child=2 4 3 13 7 28 -7 -2 9 -9 11 12 -10 -1 15 -6 -17 18 -4 20 21 -20 24 26 25 -21 -24 -12 29 -5
right_child=1 -3 17 5 14 6 -8 8 10 -11 27 -13 -14 -15 -16 16 -18 -19 19 22 -22 -23 23 -25 -26 -27 -28 -29 -30 -31
leaf_value=-0.016936639528749436 0.093104468069529878 0.096827812561598697 0.083968023446827814 0.066793839068885072 -0.074273064509111253 -0.017276934069969118 0.091648016747692962 0.099443369050361621 0.071367757937566709 0.081732538872833285 0.086543667928223461 0.0030455966791397178 -0.1118205243150554 0.045735983123566172 0.074003481387029418 -0.081271283444426384 0.086109672977717086 0.11938965126702519 0.025115005211635649 -0.1166937349040871 0.010470751804177952 0.070236284713619673 0.1068999522356615 0.067612082031817108 0.086663750817510876 0.052916227507363814 -0.094084318639131026 0.068610646597970601 0.066959408888858915 -0.015032714944251027
leaf_weight=15.019585859326979 767.61634268940406 1197.1514525125353 364.45538128796306 12.686621012546309 5.5693195287844928 7.0438541106050243 88.309553529565164 344.29005111623201 202.5290561177037 401.40973891668182 601.15552412084207 19.387315891196522 1.7153238721057267 139.89998020069424 202.97039460905489 2.3945716213697787 11.366907175256525 25.822171248644281 37.035385156058965 2.1374091939978852 29.19878168642208 154.94483599749219 1.9490937343139183 385.44903029536817 339.36227724805531 25.525662968461802 4.1972012596115746 222.70111292170236 52.881955479678709 19.670626358351001
leaf_count=1500 35005 51525 19664 1479 859 1008 1066 14592 12465 20532 31028 1421 93 11555 12256 367 696 1174 5083 205 2908 14696 501 20878 17276 1207 339 12039 5193 2720
internal_value=0 0.0882983 0.0705907 0.0542705 0.0846293 0.0668041 0.0836016 0.0859657 0.0829097 0.0899096 0.0779266 0.0640396 0.0698293 0.0396598 0.0692351 0.0191684 0.0569845 0.0745873 0.0737266 0.0699172 0.054791 0.0615318 0.0743272 0.0660745 0.0831324 0.0398112 -0.0303488 0.0816961 0.0480135 0.0170498
internal_weight=0 3980.26 1705.59 335.512 2783.11 180.593 95.3534 2560.8 1793.19 745.7 1047.49 223.632 204.244 154.92 222.301 19.3308 13.7615 1370.08 1344.26 979.8 221.179 191.98 758.621 391.595 367.025 27.6631 6.14629 823.857 85.2392 32.3572
internal_count=301330 192878 108452 24521 141353 11466 2074 127175 92170 35124 57046 13979 12558 13055 14178 1922 1063 83931 82757 63093 22687 19779 40406 21718 18688 1412 840 43067 9392 4199
is_linear=0
shrinkage=0.1


Tree=71
num_leaves=31
num_cat=0
split_feature=86 86 86 156 17 160 184 189 156 128 111 154 8 163 76 170 157 177 67 119 232 156 156 226 148 99 171 180 195 158
split_gain=45.0728 12.2155 6.69871 5.95103 7.31663 4.98914 5.71277 5.95076 5.90538 8.16662 5.81736 5.66641 5.60686 7.768 6.28319 4.96431 5.0627 7.6554 4.87084 4.7263 4.66856 4.66804 4.74302 5.60755 8.26722 5.3192 4.62801 4.59376 4.55908 7.56389
threshold=-0.93589836359024037 -1.1534370779991148 -0.57249638438224781 0.11853256076574327 2.5000000000000004 1.0000000000000002 0.085239015519619002 0.10405218601226808 0.097693528980016722 -0.075597777962684617 0.058014903217554099 0.017363012768328193 0.2115290388464928 0.5267980992794038 0.35252693295478826 0.42745165526866918 0.57481110095977794 -0.27416829764842982 3.7112681865692143 0.0045526556205004462 -0.11099541187286376 0.025751547887921337 0.17512886226177218 0.022455716505646709 0.0037642701063305144 0.12479196488857271 -0.02174359746277332 -0.18050681799650189 -0.10110948979854582 0.45000000298023229
decision_type=2 2 2 2 2 2 2 2 2 2 2 2 10 2 2 2 2 2 2 2 2 2 2 2 2 2 2 2 2 2
left_child=1 21 5 4 -3 6 8 11 9 -2 -9 -8 13 15 20 -7 17 -17 -13 -12 -15 -1 23 25 -25 -23 -5 -24 29 -6
right_child=2 3 -4 26 28 12 7 10 -10 -11 19 18 -14 14 -16 16 -18 -19 -20 -21 -22 22 27 24 -26 -27 -28 -29 -30 -31
leaf_value=-0.031169596739180891 0.37147831478971866 0.064263229691348109 0.09958628576953249 0.076923938417135518 0.014089780249257512 0.11197096492192211 0.090062815689797598 0.066290197001111148 0.09137318286194096 0.10991240858915985 0.048647810277565331 0.06523484700132047 0.088675612187212025 0.30302141110273961 0.38654261288546243 0.14706529330344018 0.081206685063120579 0.053386125092594196 -0.055854820627765839 -0.087533091616676315 -0.025692004725972207 0.095274394558486131 -0.0056893200509109442 0.0019979545184413187 0.089517893980598506 0.021237458747824085 0.064204419711533303 0.052101458911629199 0.10592776125757884 0.14577904660083232
leaf_weight=6.1519748804328165 1.2031023011418245 84.160210924199191 558.24924604266562 711.19997266808605 13.879295801809805 36.889697121722975 306.24202661234085 27.340603281277481 1524.2255671727089 152.06146756695239 4.9007596870496837 74.098638880268936 645.4948683500902 0.44797332517600708 0.40414843656799426 9.282876654201571 310.72678285857182 144.71792420284578 3.4778427331589219 5.309717765176174 12.165685410594048 79.268379667712907 14.531368334235593 23.334130038607327 20.081839875740116 11.057640581578196 478.53020839797409 257.34984799751328 155.54422142481144 6.3603221589846717
leaf_count=6208 263 16010 22759 26546 3842 1909 14221 1601 42609 27513 267 4571 23496 223 244 577 6216 24566 654 443 10959 7115 693 3535 1461 1643 17493 8934 24320 356
internal_value=0 0.0704854 0.0894647 0.0748028 0.0885099 0.0877309 0.0906399 0.0802303 0.0932546 0.111966 0.0422371 0.0839474 0.0824682 0.0746824 -0.00158204 0.0766616 0.0738588 0.0590329 0.0598063 -0.0221699 -0.0140178 0.0552857 0.0565969 0.0720147 0.0424799 0.0862109 0.0718079 0.0490127 0.100118 0.0554733
internal_weight=0 1861.45 3817.24 1449.67 259.944 3258.99 2098.86 421.37 1677.49 153.265 37.5511 383.819 1160.13 514.635 13.0178 501.617 464.728 154.001 77.5765 10.2105 12.6137 411.775 405.623 133.742 43.416 90.326 1189.73 271.881 175.784 20.2396
internal_count=301247 118156 183091 88567 44528 160332 92142 21757 70385 27776 2311 19446 68190 44694 11426 33268 31359 25143 5225 710 11182 29589 23381 13754 4996 8758 44039 9627 28518 4198
is_linear=0
shrinkage=0.1


Tree=72
num_leaves=31
num_cat=0
split_feature=86 86 86 13 131 136 191 131 152 67 158 173 162 175 157 75 152 163 13 79 109 124 196 129 126 155 186 93 71 188
split_gain=34.6515 11.3502 7.24483 6.44017 5.26352 6.14695 10.364 4.98027 10.2378 4.94628 4.71909 6.03387 6.16085 4.53368 5.07766 5.86265 6.0332 4.69553 6.20606 5.27 4.75598 4.65946 4.63304 4.59856 4.52083 6.24846 4.54924 4.61308 4.503 5.58586
threshold=-0.93589836359024037 -1.1170034408569334 -0.67822298407554615 0.046006407588720329 -0.034854387864470475 -0.0071234002243727437 -0.17485604435205457 0.013303887564688923 0.036648886278271682 2.7800184488296513 1.0000000180025095e-35 -0.010514223948121069 151.2087097167969 0.020341969095170501 0.5039929747581483 0.026671408675611023 -0.004283725516870617 0.37736400961875921 0.033514924347400672 0.5501580834388734 0.046351876109838493 -0.059162573888897889 0.25367511808872228 0.024970274418592456 -0.007187419803813099 0.0065532601438462743 0.14432530105113986 -0.11751691624522208 0.10186786577105524 -0.23359211534261701
decision_type=2 2 2 10 2 2 2 2 2 2 2 2 2 2 2 2 2 2 10 2 2 2 2 2 2 2 2 2 2 2
left_child=1 3 13 10 5 -4 9 -5 -9 -7 11 -1 -13 14 15 16 -2 -16 20 -20 -19 -17 -18 -23 25 26 -15 -28 -6 -30
right_child=2 -3 4 7 28 6 -8 8 -10 -11 -12 12 -14 24 17 21 22 18 19 -21 -22 23 -24 -25 -26 -27 27 -29 29 -31
leaf_value=0.051209554117036461 0.09290596621635662 0.07662826669114059 0.096190291687204083 0.078535010274870337 0.10270937771686775 -0.12660264533769783 0.070503849483737877 -0.06145413203396121 0.073930430837399266 0.13555067567480281 0.056009441370363337 -0.040276913749300453 0.11523398207243732 0.061352190749143581 0.086531177526134373 0.0098050775106165791 0.042113078663320654 0.044853620877662086 0.087152334924986793 -0.045428868827235347 -0.063991705517828082 0.092345226550969439 -0.10124234410614419 0.035258066455495951 0.107582930271994 0.10412395213840453 -0.12217991269731639 0.13766556457215914 -0.036157699844659767 0.088833502693343641
leaf_weight=31.138579393341161 26.764105540823039 1308.6662748946439 128.46452251921892 192.96619845577425 652.0887011356499 3.9731443294126612 101.03860308246703 8.0901739994815234 18.04225857955862 0.87894633630321539 288.50291754533737 17.961849533288845 2.9685609085563547 95.04675007289552 1836.7917867457345 8.3600463013999597 74.528815425332823 30.343820577302722 71.032438927884868 3.1302258956693541 4.6264605517262671 137.20557143180963 2.3247580201195879 15.728090137978596 168.95201922152501 95.423714361868861 0.72221048386563858 12.654926008162416 3.626774400827343 252.66318468627833
leaf_count=3725 5461 78852 5729 8266 28277 226 5310 546 762 63 22202 3711 178 6767 34399 1874 19848 10271 5241 274 2049 24973 328 4044 9800 4914 158 806 416 11531
internal_value=0 0.0715311 0.0882182 0.0596126 0.0948482 0.0814865 0.0636481 0.0729868 0.0320176 -0.0791141 0.0510086 0.0233003 -0.0182208 0.0852857 0.0835656 0.0705769 0.0520164 0.0853338 0.0651812 0.0815564 0.0304537 0.0825004 0.0377767 0.0864742 0.0954869 0.0854615 0.0690368 0.123637 0.0982954 0.0870647
internal_weight=0 1868.34 3726.37 559.671 1142.73 234.355 105.891 219.099 26.1324 4.85209 340.572 52.069 20.9304 2583.64 2210.84 264.911 103.618 1945.92 109.133 74.1627 34.9703 161.294 76.8536 152.934 372.8 203.848 108.424 13.3771 908.379 256.29
internal_count=301001 118242 182759 39390 51552 11328 5599 9574 1308 289 29816 7614 3889 131207 108762 56528 25637 52234 17835 5515 12320 30891 20176 29017 22445 12645 7731 964 40224 11947
is_linear=0
shrinkage=0.1


Tree=73
num_leaves=31
num_cat=2
split_feature=86 86 197 237 160 197 5 114 168 237 90 191 187 86 130 230 206 128 160 187 144 186 143 181 111 0 108 162 173 136
split_gain=35.5494 15.5321 7.07821 8.20107 6.69608 6.65891 6.65449 6.2961 6.24787 6.13297 5.81245 5.78355 5.7834 5.33215 10.2356 5.03851 4.98904 8.926 6.06708 6.04021 5.8708 5.5465 5.16758 5.06993 4.85998 9.15784 6.12819 4.85141 8.32821 6.94467
threshold=-1.1170034408569334 -0.81387522816658009 1.0000000180025095e-35 0 1.0000000000000002 -0.048871904611587517 0.12599206715822223 -0.032480595633387559 3.0961004495620732 1 2.077524065971375 -0.1613735035061836 0.10285846143960954 -0.82283037900924672 -0.029936219565570351 0.0060196192935109147 -0.066772460937499986 0.015523492824286224 2.0000000000000004 0.064539596438407912 0.013255217112600805 -0.13118419051170346 -0.0022678549867123361 -0.091193661093711839 0.010261801537126304 0.17839463055133822 -0.036421399563550942 57.363210678100593 0.18777444958686831 -0.0097621320746839029
decision_type=2 2 2 9 2 2 8 2 2 9 2 2 2 2 2 2 2 2 2 2 2 2 2 2 2 8 2 2 2 2
left_child=2 4 3 7 10 -5 15 -1 11 -8 27 -6 -10 -14 -15 -4 17 18 21 22 -20 -3 23 -19 25 -21 -27 28 -2 -30
right_child=1 16 6 5 8 -7 9 -9 12 -11 -12 -13 13 14 -16 -17 -18 19 20 24 -22 -23 -24 -25 -26 26 -28 -29 29 -31
leaf_value=-0.084259255721289367 0.075356732915347363 0.049637117256743614 0.061834144327615727 0.072438069215755421 -0.09266453401271163 0.030623329703070513 -0.017903607876451105 0.020609788466932358 0.071461515875808942 0.054784301370473631 0.093874143288456155 0.052488115973117346 0.093587401484905144 -0.24321485443205543 0.071797694312520949 0.093429535529220217 0.094212187975613759 -0.082418966687193701 0.07026226201980551 -0.10662804029791483 -0.032278146452926058 0.095635516476570689 0.033897113269399953 0.090001837409294849 0.10741399430161006 -0.059655719014302416 0.090749013127504302 0.083639793617948641 -0.092676006365996821 0.039849170575559756
leaf_weight=6.3264338158437559 210.84187238666618 27.624846778553092 89.476971779627775 124.73409345826076 2.8397004057119366 54.822785429430496 13.645172367861958 60.222871491071601 649.10970862833824 94.964699147139982 441.83185668623264 82.324646046163707 196.09752206246503 1.3681659279964149 4.1913829264904043 115.78464244221254 1746.5779206710326 1.7985121682740999 31.574693218580251 3.1154835741890592 6.7829760003182846 513.27816224222238 70.032054138183184 32.935376890215593 45.258009933900212 3.04366524914031 24.63758595589297 982.18425237722181 4.55884580774591 29.811564123831886
leaf_count=814 14960 2386 6711 7511 1066 5153 1781 5997 37653 5553 20113 14153 9017 99 265 5890 79953 251 1733 421 748 18051 6327 2133 1848 222 972 47020 521 1959
internal_value=0 0.0856496 0.0591095 0.0464128 0.0802426 0.0565232 0.069065 0.00925051 0.073472 0.0490479 0.0840389 0.0476482 0.076057 0.0908494 -0.00572468 0.0796566 0.0912691 0.0845064 0.090561 0.0651104 0.0521295 0.0932863 0.049538 0.0810739 0.0865615 0.0559172 0.0742114 0.0804984 0.067916 0.0222712
internal_weight=0 5111.82 559.978 246.106 2605.16 179.557 313.871 66.5493 935.931 108.61 1669.23 85.1643 850.767 201.657 5.55955 205.262 2506.66 760.081 579.261 180.821 38.3577 540.903 104.766 34.7339 76.0547 30.7967 27.6813 1227.4 245.212 34.3704
internal_count=301281 261871 39410 19475 146826 12664 19935 6811 62253 7334 84573 15219 47034 9381 364 12601 115045 35092 22918 12174 2481 20437 8711 2384 3463 1615 1194 64460 17440 2480
cat_boundaries=0 2 4
cat_threshold=579987117 4659505 149195799 4718784
is_linear=0
shrinkage=0.1


Tree=74
num_leaves=31
num_cat=0
split_feature=171 121 79 179 182 209 122 200 4 178 11 188 165 125 104 173 68 105 191 179 159 133 97 101 230 1 131 229 172 174
split_gain=19.7231 12.2475 12.4303 8.74706 8.41565 7.11011 6.45693 5.82052 5.74847 6.10323 5.65357 6.00237 6.92434 5.70558 5.48831 5.40529 5.27135 6.70603 6.93495 5.34316 5.13239 5.04114 4.99105 4.92795 5.22949 4.92301 4.79897 4.71703 4.52244 4.62819
threshold=0.44739343225955969 0.065763749182224288 0.31494164466857916 0.074703574180603041 -0.026045070961117741 -0.13544365018606183 -0.0018629542901180682 0.043947502970695503 0.094228636473417296 -0.095797553658485399 0.038992328569293029 0.0087543642148375529 99.500000000000014 0.041022898629307754 0.0027973663527518515 0.31048737466335302 41.370130538940437 0.1050926521420479 -0.097849939018487916 0.0078539950773119944 0.78860214352607738 -0.011853506322950123 -0.04352487996220588 0.0031213050242513423 -0.041922934353351586 0.0078672047238796967 -0.014071580953896044 -0.011318442877382038 -0.30509971082210535 1.0000000180025095e-35
decision_type=2 2 2 2 2 2 2 2 8 2 10 2 2 2 2 2 2 2 2 2 2 2 2 2 2 8 2 2 2 2
left_child=1 2 3 8 6 26 25 23 10 -10 11 28 -13 22 -11 16 -7 19 -19 -18 -20 27 -14 24 -8 -3 -4 -2 -1 -30
right_child=21 4 5 -5 -6 15 7 -9 9 14 -12 12 13 -15 -16 -17 17 18 20 -21 -22 -23 -24 -25 -26 -27 -28 -29 29 -31
leaf_value=0.026379964259554241 0.058354239732657937 0.033599018822907542 0.080980535591466896 0.093675997457692783 0.080920233787448254 0.10292541748169269 -0.013453446334523276 0.06809211176929246 0.09192104596365977 0.06552071151346317 0.091411159350396745 0.074294995009159814 -0.059210012298285458 0.095701185752329943 0.082165123340712992 0.086244091508465612 0.11030699921405246 -0.07698532469049274 0.0096503246212645884 0.075805493892408954 0.1100380714193314 0.052780005475126512 0.03819817692085125 -0.025918066896525729 0.054665549420577601 0.082985442223631439 0.028897886307321659 0.086607089692162395 0.10984963435479755 0.082450561510891557
leaf_weight=10.855267880659992 110.0574314845594 25.130677908022335 60.196474860005537 586.9382672074189 396.68627107067118 826.73992338692074 15.227309028282887 48.560628316464545 169.21149878699271 581.84642902066389 617.90910928596622 392.69456282162014 9.0539212858493574 8.1206626364764798 300.38260546798529 451.42544234894558 83.340528302961047 4.4383547245688559 9.9650122426937759 97.284738232210202 10.416242281091852 231.01067631093872 12.553636946988265 15.830651730827865 43.36549708675102 102.55074140061197 25.054874973663118 127.61603107248504 95.793381690728893 172.97391277183101
leaf_count=941 6172 2959 1981 37153 23116 43261 1450 2465 7649 35850 22685 24581 611 362 16338 9954 3580 344 788 5409 381 14632 677 1780 2590 3688 1660 6409 9815 11871
internal_value=0 0.0847224 0.0865621 0.0827462 0.0718567 0.0937575 0.0575134 0.0411601 0.080041 0.0745245 0.0844352 0.0782953 0.0707723 0.0242396 0.0711878 0.0953712 0.099363 0.0850273 0.0362883 0.0917245 0.0609555 0.0632996 -0.00261745 0.0235872 0.0369625 0.073265 0.0656737 0.0735243 0.0896602 0.0922161
internal_weight=0 5174.55 4527.19 2958.33 647.352 1568.86 250.666 122.984 2371.39 1051.44 1319.95 702.045 422.423 29.7282 882.229 1483.61 1032.18 205.445 24.8196 180.625 20.3813 468.684 21.6076 74.4235 58.5928 127.681 85.2513 237.673 279.623 268.767
internal_count=301152 273939 235891 168533 38048 67358 14932 8285 131380 59837 71543 48858 26231 1650 52188 63717 53763 10502 1513 8989 1169 27213 1288 5820 4040 6647 3641 12581 22627 21686
is_linear=0
shrinkage=0.1


Tree=75
num_leaves=31
num_cat=0
split_feature=79 171 157 63 181 175 95 79 157 67 173 120 157 113 71 113 151 161 202 181 134 217 135 134 94 221 119 123 103 124
split_gain=20.0036 10.7839 10.0447 7.57478 9.04018 7.4047 7.44405 10.708 7.97937 6.45544 5.85592 7.87659 5.83689 8.25255 6.93598 6.35944 7.86171 5.86985 5.66994 5.91315 5.4809 5.68232 5.43672 12.4773 5.42397 5.39251 6.2563 6.32728 5.29989 5.31185
threshold=0.30707196891307836 0.44739343225955969 0.53344655036926281 0.011172026395797731 -0.045190012082457535 0.22792105376720431 -0.15239047259092328 0.20958942919969561 0.33286879956722265 2.2140970230102544 0.32252989709377294 -0.088510572910308824 0.62295880913734447 0.04800753481686116 0.14686274528503421 -0.0035524086561053987 -0.035222826525568955 3.4594603776931767 0.067392591387033476 0.41372723877429968 -0.0061897616833448401 -0.12738434970378873 0.040103908628225333 -0.018175599165260788 -0.11380500346422194 0.041308172047138221 0.035949895158410079 0.0044092028401792058 0.075939022004604353 -0.014085829257965086
decision_type=2 2 2 2 2 2 2 2 2 2 2 2 2 2 2 2 2 2 2 2 2 2 2 2 2 2 2 2 2 2
left_child=1 2 5 -4 9 6 7 -1 -8 -5 20 -12 13 -13 15 16 -14 -16 25 28 -2 24 -6 -24 -22 26 27 -10 29 -20
right_child=10 -3 3 4 22 -7 8 -9 18 -11 11 12 14 -15 17 -17 -18 -19 19 -21 21 -23 23 -25 -26 -27 -28 -29 -30 -31
leaf_value=0.090620562702502294 0.10083634860089796 0.063158751385224296 0.089260358156081937 0.095059253497459181 0.072493981845126107 0.11148448064456949 -0.053851652596679539 0.26497301817142582 0.047884849231343556 0.067646116660978903 -0.086842865513814607 0.075633258331545355 -0.080126009210553795 0.0045637088888110175 0.077432519246977236 0.1038076202188162 0.077289285048633083 -0.034696796087113541 0.065388553124679602 -0.055420338366217542 -0.14491878141682207 0.089859230812379121 -0.057046884573441425 0.065166376953229618 0.051278409395129267 0.04866841765427616 0.087872872110207861 0.075786506679684978 0.058089250816179487 0.10791784286559775
leaf_weight=79.144520331640251 665.6855551756264 414.40960846084135 1223.2292679427237 348.18760827213191 562.83225550838688 44.652826515691686 5.4321803608488599 3.6865988497929711 164.46874839402994 114.03783792487957 2.7560187478757134 177.3430569690654 3.3102987158636088 17.996903990429928 11.902861836344529 216.00645593026275 76.302484545478364 7.6815205776802022 42.070488653514985 3.0553810842211524 1.5191448675732342 736.03997243236108 10.831011494889024 36.524886425231671 19.446117499295951 182.97823265738111 126.64039099084539 160.67575310244069 53.660095970727525 97.262586649044351
leaf_count=15445 34809 20713 22642 5145 12539 5862 5395 678 27066 3286 143 7750 51 1339 86 1291 566 65 7078 659 226 42672 243 795 982 24625 17295 23449 7967 10491
internal_value=0 0.0783531 0.080285 0.0838819 0.077747 0.071717 0.069785 0.0983805 0.0669525 0.088296 0.0909139 0.0817577 0.0826679 0.0690855 0.0910852 0.0949033 0.070744 0.0334524 0.0677424 0.0826073 0.0942175 0.088397 0.069756 0.0372144 0.0370619 0.0631513 0.0690171 0.0616729 0.0847925 0.0950765
internal_weight=0 3673.78 3259.37 2295.64 1072.41 963.728 919.075 82.8311 836.244 462.225 1935.99 513.3 510.544 195.34 315.204 295.619 79.6128 19.5844 830.812 196.049 1422.69 757.005 610.188 47.3559 20.9653 634.763 451.785 325.145 192.993 139.333
internal_count=301353 211373 190660 44650 22008 146010 140148 16123 124025 8431 89980 11291 11148 9089 2059 1908 617 151 118630 26195 78689 43880 13577 1038 1208 92435 67810 50515 25536 17569
is_linear=0
shrinkage=0.1


Tree=76
num_leaves=31
num_cat=0
split_feature=86 86 86 15 99 156 159 183 63 192 137 231 134 214 23 123 85 74 174 203 200 131 160 90 212 13 161 71 167 101
split_gain=34.7105 10.5297 8.80552 5.52812 5.43539 4.66341 4.25931 4.45382 5.88367 6.60218 5.90289 5.50684 7.26891 5.78902 5.51221 5.14804 5.05958 4.82597 4.72521 4.67573 4.43279 4.17033 4.16813 5.91396 5.88438 5.75326 5.72826 5.32491 5.2138 5.19914
threshold=-0.93589836359024037 -1.1534370779991148 -0.66562828421592701 1.0000000180025095e-35 -0.062278097495436661 1.0000000180025095e-35 1.5688760876655581 0.022277559153735641 0.42208679020404821 0.19363061338663104 -0.003377099870704114 0.025316450744867328 0.037931431084871299 -0.033290294930338853 1.0000000180025095e-35 0.044187773019075401 100.50000000000001 0.6557319462299348 -0.03301823511719703 0.076123666018247618 -0.034263098612427705 -0.02540903631597757 1.0000000000000002 1.9321838617324831 0.16501245647668841 0.017637178301811222 3.6114664077758794 0.29583333432674414 1.5000000000000002 -0.1478207930922508
decision_type=2 2 2 2 2 2 2 2 2 2 2 2 2 2 2 2 2 2 2 2 2 2 2 2 2 10 2 2 2 2
left_child=1 6 4 -4 -2 -3 7 8 10 -10 -1 12 13 16 19 17 -9 -15 -16 -13 -12 -21 23 24 28 26 -24 -28 29 -7
right_child=2 5 3 -5 -6 22 -8 11 9 -11 20 14 -14 15 18 -17 -18 -19 -20 21 -22 -23 25 -25 -26 -27 27 -29 -30 -31
leaf_value=0.092014295906122839 0.076313714091523377 -0.10068178918038417 0.095938485895995268 0.20556493669497733 0.087856321469388821 0.15343565037639501 0.075233516243139995 -0.061082931573281742 -0.0011213532136799455 0.12097846003797262 0.0079130894546628264 0.087898808157477359 0.093456558858735272 0.045549902151954466 -0.13644675596088118 -0.055543894301106823 0.12427585899811355 -0.059313430581306906 0.040206826159624551 0.13306532709162763 0.067722871398120374 -0.059167371235085899 0.07157513167434669 0.090265071988692783 -0.057761599131058175 0.074111609163454745 0.018793777676584682 0.28096009222108087 0.068379784631689144 0.084247178684066754
leaf_weight=70.752951401160317 500.44513091126237 1.4911680290410902 1073.8389752123135 4.6196740045093057 2207.6426507702354 11.566176371452455 104.98628056898997 14.050297741733173 22.970445343964006 5.4861950757112927 18.104335326483579 42.00039997640215 12.974462840732938 50.495024583026407 2.3062913587018556 6.8372808242334022 1.6450261430254602 4.8064669340619721 4.4085974125514431 1.5375341016156197 39.271935433116596 4.2424950281092597 48.017812521406086 359.28725771011341 3.3685308290787352 406.08662787142202 48.307908264125217 0.78737198617454751 405.48982920411072 178.10186233394415
leaf_count=6015 27332 6811 46608 191 109236 561 3021 2403 3535 147 1958 2527 736 3828 327 843 74 278 337 120 2880 468 7867 16871 423 17492 7672 16 22105 8772
internal_value=0 0.0721127 0.0887665 0.0964081 0.0857233 0.0760713 0.0578836 0.05185 0.0635505 0.0224184 0.0726856 0.039241 0.02416 0.0126087 0.0643712 0.0263151 -0.0416555 0.0364358 -0.0204665 0.076294 0.0488507 -0.00803193 0.0762517 0.0801232 0.0740351 0.0688826 0.0470172 0.0229983 0.0747811 0.0884664
internal_weight=0 1869.38 3786.55 1078.46 2708.09 1462.5 406.876 301.89 156.586 28.4566 128.129 145.304 90.8086 77.8341 54.4953 62.1388 15.6953 55.3015 6.71489 47.7804 57.3763 5.78003 1461.01 957.814 598.526 503.2 97.1131 49.0953 595.158 189.668
internal_count=301454 118087 183367 46799 136568 88590 29497 26476 14535 3682 10853 11941 8162 7426 3779 4949 2477 4106 664 3115 4838 588 81779 48732 31861 33047 15555 7688 31438 9333
is_linear=0
shrinkage=0.1


Tree=77
num_leaves=31
num_cat=0
split_feature=86 86 86 70 170 157 205 170 124 83 218 156 112 184 170 157 88 108 221 173 201 71 156 124 229 169 130 201 156 79
split_gain=40.7403 13.1777 5.92191 5.59331 4.78542 5.28484 5.06136 6.1765 5.16221 4.70005 7.52374 4.67357 4.63298 4.8771 4.44861 5.51503 7.70964 7.08622 7.03503 5.48846 5.19058 5.22992 6.00114 4.9572 4.78798 4.57999 4.47002 4.70751 4.39633 5.22247
threshold=-0.93589836359024037 -1.1852712035179136 -0.67822298407554615 2.5000000000000004 0.45447091758251196 0.58077546954154979 -0.050899313762783997 0.56793779134750377 0.011072859168052675 20.500000000000004 0.090575311332941069 0.025751547887921337 -0.002828956581652164 0.12036705017089845 0.48174977302551275 0.52949872612953197 0.72795033454895031 0.037175087258219726 0.02605614718049765 -0.037358647212386124 0.010286363773047926 0.045804196968674667 0.047847986221313484 0.074163738638162627 0.11347740143537523 7.5000000000000009 0.027475348673760894 0.19790857285261157 0.41523948311805731 0.40640640258789068
decision_type=2 2 2 2 2 2 2 2 2 2 2 2 2 2 2 2 2 2 2 2 2 2 2 2 2 2 2 2 2 2
left_child=1 11 9 -3 -4 6 8 28 12 -2 -11 -1 13 -6 -5 16 18 -18 20 -19 21 -16 25 26 -17 -23 27 -20 29 -8
right_child=2 3 4 14 5 -7 7 -9 -10 10 -12 -13 -14 -15 15 24 17 19 23 -21 -22 22 -24 -25 -26 -27 -28 -29 -30 -31
leaf_value=-0.044009625672367103 0.086102472532769481 -0.11914591528585401 0.11085380394586962 0.083371229792898516 0.059345904172021229 0.096935175405431728 0.088232854739058439 0.011392158091210946 0.0023551370557739577 0.13022817897463049 -0.080001027036183198 0.054626957348921069 0.1076880557170191 -0.081915637558943405 0.10545937082994064 0.073534952307345441 0.051200744363576967 0.056662420370203609 0.0066440000129480668 -0.064601165053583598 0.075388281387461925 0.33724892946988266 0.17803782942619262 0.18796610178926487 0.11063098896164165 0.87968109003419337 0.16500537743166011 0.59826523930660369 0.046824051692077644 0.13279309877488329
leaf_weight=4.8753594019724451 2580.6859116068572 1.4802108595381458 166.78146664191468 476.28013764991351 14.913804032339614 743.16570464823781 157.89291014984724 10.24677574420525 14.745798565916628 37.894210355049836 1.7824191516292547 326.66867925756924 18.430898090507071 2.9231078241673449 10.882181961244898 842.05973588701772 111.31042668191594 5.9115716129340425 18.283846402307528 10.125197429960279 18.79211783670371 0.85919821035167732 6.5909491321926907 2.102864261853937 36.293016225332394 0.19009856376760581 2.0993790914621959 0.13549085171689412 20.42463635844706 31.558475326321741
leaf_count=5339 129855 188 6395 27067 2591 9149 15212 2752 2877 1396 160 19099 3074 648 3048 22661 25271 1308 4513 2637 4513 378 903 371 499 16 379 33 1902 6807
internal_value=0 0.0712647 0.0892774 0.0751503 0.0951563 0.0925752 0.0806248 0.0872022 0.0522437 0.0866276 0.120784 0.0531765 0.0725275 0.036196 0.0753368 0.0717459 0.0561663 0.042247 0.0857409 -0.0199002 0.112416 0.149983 0.2134 0.0417395 0.0750677 0.43552 0.0267534 0.0109959 0.0909034 0.0956556
internal_weight=0 1874.94 3801.45 1543.4 1181.08 1014.3 271.136 220.123 51.0136 2620.36 39.6766 331.544 36.2678 17.8369 1541.92 1065.64 187.283 127.347 59.9361 16.0368 37.3145 18.5224 7.64025 22.6216 878.353 1.0493 20.5187 18.4193 209.876 189.451
internal_count=301041 118223 182818 93785 51407 45012 35863 26673 9190 131411 1556 24438 6313 3239 93597 66530 43370 29216 14154 3945 8858 4345 1297 5296 23160 394 4925 4546 23921 22019
is_linear=0
shrinkage=0.1


Tree=78
num_leaves=31
num_cat=0
split_feature=86 86 86 170 157 99 224 214 100 146 96 0 71 205 198 163 128 194 143 85 65 93 195 208 171 147 218 105 113 186
split_gain=41.779 12.4041 7.63858 5.79135 5.1736 5.24523 7.16509 6.0502 5.75649 5.70129 6.86743 5.61365 8.04554 7.94738 5.34382 5.10472 5.01766 4.88514 5.44721 5.26668 5.29522 4.88364 4.87076 4.69266 4.61526 5.99436 10.051 5.43268 4.87814 5.06663
threshold=-0.93589836359024037 -1.1852712035179136 -0.66562828421592701 0.53946587443351757 0.68536502122879039 -1.0000000180025095e-35 -0.065779432654380784 0.0045558218844234952 -0.079533398151397691 -0.014813044574111698 0.034488074481487281 0.23114816099405291 0.045804196968674667 0.085369884967803969 0.066791582852602019 1.135160565376282 0.027301129885017875 0.03497560694813729 0.020936192944645885 49.500000000000007 1.0000000180025095e-35 -0.057038661092519753 0.045673703774809844 0.066140055656433119 -0.12383722141385077 -0.015803001821041104 0.075474478304386153 -0.031404506415128701 -0.035921184346079819 -0.0960092358291149
decision_type=2 2 2 2 2 2 2 2 2 2 2 8 2 2 2 2 2 2 2 2 2 2 2 2 2 2 2 2 2 2
left_child=1 24 3 15 5 7 9 -5 14 -7 16 12 13 21 -9 -2 -11 19 -19 -10 -21 -8 -12 -23 25 26 -1 -28 -26 -30
right_child=2 -3 -4 4 -6 6 11 8 17 10 22 -13 -14 -15 -16 -17 -18 18 -20 20 -22 23 -24 -25 28 -27 27 -29 29 -31
leaf_value=0.12771158598084539 0.089492184164883984 0.074801414657931886 0.096628363654430352 0.077584515703767357 0.098760961735339381 0.082140556730203304 0.08981946313578576 -0.069352351491540898 0.10696186560113707 -0.059686445886886222 0.12542136690409411 0.09873177109703335 0.10055847111532755 -0.086015006472726419 0.15913591296900195 -0.037450107731458952 0.08360633960344234 -0.024401904123290956 0.060247275277203464 -0.0015901583484115346 0.069647566105026593 0.036383972183153583 -0.041691335917788772 -0.11627423029336924 0.069252724182959538 0.068169384760326704 0.38008714065016425 1.046044797038054 -0.0036911509385663594 0.044832058640492015
leaf_weight=3.5436953865419119 2015.1838971981615 1523.7827405201137 1043.3634941280507 152.68601708352014 109.38587565378111 23.730679928395375 19.181336602037618 6.7758739495056934 22.927446065562435 11.569915116888298 6.6393331316212407 198.40901465942216 40.309118013567968 4.5638436989911488 1.2057256659891207 3.1727987051440314 3.0980823890140519 14.637875566501863 15.815708315972641 14.613491112439077 36.486115424323543 19.188488088557396 2.365543309874738 2.2497101224835196 69.874685156918076 72.175384528694622 0.42950681325237383 0.17137081015061983 24.954053238002643 156.32147204496414
leaf_count=452 92822 93552 46739 9633 744 1153 1483 715 1318 1239 370 8512 2606 897 147 4626 248 1745 918 1477 2613 2200 347 428 4064 6459 71 49 2651 10768
internal_value=0 0.0710068 0.0893526 0.086566 0.0787692 0.0751028 0.0834921 0.0646204 0.0470194 0.0475027 0.0127802 0.0895013 0.0680796 0.0391044 -0.0348362 0.0892926 -0.029421 0.0532726 0.0195596 0.0671416 0.049275 0.0531623 0.0815216 0.0203641 0.0533494 0.0748852 0.191837 0.570019 0.0468051 0.0381524
internal_weight=0 1851.25 3767.56 2724.2 705.839 596.453 331.305 265.148 112.462 47.4036 23.6729 283.902 85.4925 45.1834 7.9816 2018.36 14.668 104.481 30.4536 74.0271 51.0996 40.6195 9.00488 21.4382 327.47 76.32 4.14457 0.600878 251.15 181.276
internal_count=301046 118066 182980 136241 38793 38049 19483 18566 8933 3357 2204 16126 7614 5008 862 97448 1487 8071 2663 5408 4090 4111 717 2628 24514 7031 572 120 17483 13419
is_linear=0
shrinkage=0.1


Tree=79
num_leaves=31
num_cat=1
split_feature=86 86 170 158 237 138 190 218 207 162 101 203 130 140 232 108 171 67 96 220 128 124 141 193 118 187 162 83 232 68
split_gain=33.2554 14.8067 6.84611 4.94162 5.973 4.60649 5.41217 4.61424 6.4538 5.29191 5.36202 5.08402 4.30424 4.71913 4.79944 6.42946 4.21443 6.08072 6.15644 4.12623 4.09324 4.43673 4.2987 4.29715 4.08795 4.05246 4.60295 5.09764 4.84017 4.59908
threshold=-1.1170034408569334 -0.83778271079063404 0.43519434332847601 1.0000000180025095e-35 0 -0.01089072087779641 -0.034334203228354447 -0.030289364047348496 -0.12978826463222501 138.37730407714847 0.02712033782154322 0.22047227621078494 -0.0046469676308333865 0.027707441709935669 -0.010881068650633095 -0.056031817570328706 0.55871063470840465 1.9403234124183657 0.056573923677206046 1.0000000180025095e-35 0.011476083192974331 0.042442085221409805 -0.050042787566781037 -0.0089735281653702242 -0.057732045650482171 0.15467663109302524 57.363210678100593 4.5000000000000009 0.065493863075971617 35.00396919250489
decision_type=2 2 2 2 9 2 2 2 2 2 2 2 2 2 2 2 2 2 2 2 2 2 2 2 2 2 2 2 2 2
left_child=3 2 24 4 -1 -4 7 9 -9 20 -11 12 -10 14 -14 -16 -3 -18 -19 -6 21 22 -7 -23 -2 26 27 29 -29 -8
right_child=1 16 5 -5 19 6 25 8 11 10 -12 -13 13 -15 15 -17 17 18 -20 -21 -22 23 -24 -25 -26 -27 -28 28 -30 -31
leaf_value=-0.013515069843127572 0.034625707798684076 0.091082345237362208 0.084295770788166746 0.063586738645934768 0.023062713512018509 -0.1578907549263773 -0.0012197513450643641 -0.023004134072481551 0.084641728413728939 -0.059860142384324133 0.14127199882758265 -0.18755098003243187 0.074098233062163024 0.095565758571142745 -0.094522443415151411 0.040095705406609949 0.082103798519859772 -0.04146505436805531 0.10292803791014818 0.076756581564497731 0.077103779755137491 -0.12735710952686535 0.052345881855447689 0.026819904336360851 0.10435407643848321 0.097078908327959054 0.081122348463645993 0.091643600188040117 0.0015914443438224 0.057495252216503014
leaf_weight=20.629695584558021 8.9373425422681958 2708.8556610769647 779.95224863098088 463.71001117679202 23.173840818696817 0.98546308431059415 15.610584184199068 6.9080324676679075 196.62934128103052 7.2831025479472355 1.6203440653443975 0.73780555957455263 47.747636794966184 30.927127430457858 3.8161889880066147 50.458961392478841 41.579258714820071 9.1873596854964017 4.3513434872843382 37.426951328118093 56.219534139508824 2.8540906518041993 74.32628904503531 4.9310517305930253 141.92664316609944 112.63831939356464 571.23412178256808 65.136334316554439 6.5706813896508711 91.739045564258959
leaf_count=3764 473 125333 43442 29185 3007 79 1147 1020 11612 1110 132 45 2509 1741 305 3351 2630 1403 398 3441 2998 331 4511 427 8466 4956 31268 3795 735 7625
internal_value=0 0.0856049 0.079638 0.0596011 0.0368489 0.0781788 0.0746405 0.0661936 0.0726572 0.0514878 -0.023256 0.0746578 0.0752448 0.0613469 0.0509738 0.0306304 0.0905253 0.0631507 0.00494293 0.0482603 0.0562646 0.0421657 0.0495949 -0.0297025 0.100223 0.0793923 0.0767371 0.0627472 0.0833919 0.048957
internal_weight=0 5043.16 2279.19 544.94 81.2305 2128.33 1348.37 485.445 337.225 148.22 8.90345 330.317 329.579 132.95 102.023 54.2752 2763.97 55.118 13.5387 60.6008 139.316 83.0969 75.3118 7.78514 150.864 862.929 750.291 179.057 71.707 107.35
internal_count=301239 261842 132078 39397 10212 123139 79697 30171 20583 9588 1242 19563 19518 7906 6165 3656 129764 4431 1801 6448 8346 5348 4590 758 8939 49526 44570 13302 4530 8772
cat_boundaries=0 2
cat_threshold=3803852341 5899329
is_linear=0
shrinkage=0.1


Tree=80
num_leaves=31
num_cat=0
split_feature=86 86 157 133 121 178 172 175 146 157 153 159 217 146 172 181 86 170 172 197 142 135 94 167 96 109 170 193 131 63
split_gain=41.4135 16.6205 7.32198 8.35067 6.27313 6.70043 8.33077 6.63046 5.93914 5.64778 7.94636 5.57829 7.58038 6.2095 5.53632 6.31491 5.53341 5.51662 5.63407 9.00191 6.70874 5.8752 5.86846 5.78446 5.4831 5.25805 5.15189 5.13691 5.70006 5.53078
threshold=-1.0724866986274717 -0.66562828421592701 0.59474343061447155 0.002534910687245429 0.062312275171279914 0.28817343711853033 0.043981129303574569 -0.044111300259828561 -0.0023448738502338524 0.47561772167682653 -0.04438930191099643 0.27230781316757208 -0.14985151588916776 0.012199621181935074 -0.17652179300785062 -0.019308431074023243 -1.2557591199874876 0.61243727803230297 0.21707181632518771 0.070818416774272933 -0.023581752553582188 -0.045609293505549424 0.15012700110673907 2.5000000000000004 -0.049378713592886918 -0.040670035406947129 0.48385892808437353 -0.024046688340604302 0.02986299712210894 0.46641315519809728
decision_type=2 2 2 2 2 2 2 2 2 2 2 2 2 2 2 2 2 2 2 2 2 2 2 2 2 2 2 2 2 2
left_child=16 2 3 4 5 9 -7 -6 -9 10 -2 12 13 -3 27 -16 -1 18 22 23 -21 -22 -11 -20 -13 -8 -4 28 -5 -30
right_child=1 11 26 14 7 6 25 8 -10 17 -12 24 -14 -15 15 -17 -18 -19 19 20 21 -23 -24 -25 -26 -27 -28 -29 29 -31
leaf_value=0.04593318689893431 0.17164085117540592 -0.11993719125752073 0.10010664077739276 0.09235716882566497 0.037758552058876939 0.0030482593796625993 -0.065953064648399701 0.04886823275320501 0.096701513546740142 0.08368754940196807 0.05577793612835711 0.11114126059119778 0.088559678936243613 0.113406996816107 0.099343136306177637 0.079268089245755291 0.066263061718283153 -0.035726382562872999 0.087227140414184876 -0.065495709900081425 -0.2226276857471291 0.04919409591068874 0.12127110502213932 -0.053485353704972476 0.094024368712735007 0.10163475539777039 0.085829843775864695 0.04543779896173876 0.29607873851319172 1.3542733014061903
leaf_weight=172.98410753380108 6.1868421920898973 3.1746026502269151 305.29680117052339 31.092579009946352 87.963068235366336 26.240710128912497 2.0627208677879052 47.515214082554621 57.212842015614797 735.11103519601056 136.94589896561615 367.96550186746003 312.18764805879391 1.779758825941826 384.03906198009145 264.69434883030658 592.29041558605218 3.9520783685611596 78.298936083463559 6.8910479611804467 0.81464195920125249 33.24927886495334 44.034637722214939 3.0346726788629885 380.83240102282184 20.263566660531069 1468.7461876262769 54.168617457838764 0.19964009506656921 0.06562862588907592
leaf_count=14546 885 194 2587 3156 9590 3878 324 5055 5239 38606 41278 16775 10632 40 30059 25410 39672 847 2869 343 22 769 3413 256 19013 1950 18975 4541 94 13
internal_value=0 0.0866937 0.0835969 0.0794863 0.0746399 0.0775627 0.0412508 0.0579991 0.0749995 0.0792446 0.0607861 0.0977278 0.0866121 -0.0361128 0.0879993 0.0911522 0.0616677 0.0821628 0.0826796 0.0627242 0.0244896 0.0426935 0.0858116 0.081977 0.102436 0.0861514 0.0882868 0.0640844 0.0962952 0.557881
internal_weight=0 4864.02 3798.08 2024.04 1289.78 1097.09 48.567 192.691 104.728 1048.52 143.133 1065.94 317.142 4.95436 734.26 648.733 765.275 905.386 901.434 122.289 40.955 34.0639 779.146 81.3336 748.798 22.3263 1774.04 85.5265 31.3578 0.265269
internal_count=301031 246813 200159 178597 115324 95440 6152 19884 10294 89288 42163 46654 10866 234 63273 55469 54218 47125 46278 4259 1134 791 42019 3125 35788 2274 21562 7804 3263 107
is_linear=0
shrinkage=0.1


Tree=81
num_leaves=31
num_cat=0
split_feature=86 86 86 66 138 183 214 3 70 156 212 216 11 198 171 129 170 207 157 156 157 171 150 209 119 210 212 131 119 101
split_gain=34.7685 11.2142 6.10178 5.90841 5.67535 7.20327 8.57331 5.97126 5.35641 6.02046 5.23659 5.1402 6.40144 4.73924 4.48935 5.26573 6.70812 5.47709 6.67933 5.14808 5.36301 5.05546 5.55636 4.75946 4.47566 4.45556 4.41175 6.60444 5.45407 4.38936
threshold=-0.93589836359024037 -1.1852712035179136 -0.59552285075187672 3.3841211795806889 -0.01089072087779641 0.025248945690691475 -0.06930880248546599 0.28869047760963445 4.5000000000000009 0.53279572725296032 -0.023234994150698181 0.0025291871279478077 0.035523992031812675 -0.038664994761347764 0.44739343225955969 0.0081331296823918837 0.61243727803230297 0.056394327431917197 0.63708066940307628 0.37858313322067266 0.49697370827198034 -0.061351474374532693 -0.011335892602801321 -0.077467516064643846 0.04783958941698075 -0.026572913862764832 -0.033658334985375397 0.02986299712210894 0.08382617682218553 0.035446535795927055
decision_type=2 2 2 2 2 2 2 10 2 2 2 2 8 2 2 2 2 2 2 2 2 2 2 2 2 2 2 2 2 2
left_child=1 10 14 8 5 7 24 -3 9 -4 -1 -6 29 -8 15 -2 17 18 19 20 -17 23 -23 -21 -7 -14 27 28 -19 -13
right_child=2 4 3 -5 11 6 13 -9 -10 -11 -12 12 25 -15 -16 16 -18 26 -20 21 -22 22 -24 -25 -26 -27 -28 -29 -30 -31
leaf_value=0.070673475039003966 0.090529034373570974 0.088574601848128348 0.077599297192136332 0.10724411999027406 0.062784687097827585 0.032991710131885295 0.097131911900257648 0.13113356339452595 0.090068995353510733 -0.10881934728506604 0.04501692302640771 0.055705085417342419 0.072474079874903771 0.067759233341667544 0.071159649543001802 0.046675775090784889 -0.0058706453876982674 0.083685692548195356 0.095116752559177606 -0.021447291218808371 0.079775786843183927 0.044140031799277009 -0.10978778388743744 0.067414280074303362 -0.12004938573767901 0.096537084336757784 0.10098486352689839 -0.041084612878522442 -0.15051874274061519 0.091312146998462171
leaf_weight=131.86257803816693 1982.7579690527339 268.4734782618134 4.3289470076688294 313.08441802303764 440.65771273826522 30.698967871587456 84.300422338164253 37.582303512107046 334.7722643429895 2.8882754898368148 200.53256323652772 156.98948351868194 133.17311374342216 157.67516878158767 175.52907073885171 57.666905434185082 8.7296599800874883 100.9492851397772 145.057148327287 6.9269437382499737 323.82874442862885 5.3603269359882688 4.1689161630647487 46.413447581037872 2.0377551692663465 182.26190695912692 214.40739137898049 4.6025533312558755 1.0042206954512938 44.414761606549291
leaf_count=8786 97741 15074 346 15559 30503 2864 4612 2958 11542 83 15774 13101 5683 8255 12405 17007 697 3892 752 376 11878 236 278 2053 353 7779 7667 223 117 2545
internal_value=0 0.0718511 0.0885548 0.0973183 0.0754503 0.0832494 0.0714944 0.0938007 0.0882314 0.00299603 0.055195 0.0707197 0.0774851 0.0779922 0.0866894 0.0876288 0.0813721 0.0822087 0.076485 0.0704029 0.0747724 0.0438888 -0.0232013 0.0558744 0.0234654 0.086378 0.0927198 0.0760892 0.0813788 0.0635573
internal_weight=0 1870.66 3732.48 655.074 1538.27 580.768 274.712 306.056 341.989 7.21722 332.395 957.497 516.839 241.976 3077.4 2901.87 919.116 910.386 589.422 444.365 381.496 62.8696 9.52924 53.3404 32.7367 315.435 320.963 106.556 101.954 201.404
internal_count=301139 118287 182852 27530 93727 34116 16084 18032 11971 429 24560 59611 29108 12867 155322 142917 45176 44479 32580 31828 28885 2943 514 2429 3217 13462 11899 4232 4009 15646
is_linear=0
shrinkage=0.1


Tree=82
num_leaves=31
num_cat=0
split_feature=86 86 86 10 157 179 170 118 136 13 141 206 182 66 63 149 160 161 103 203 218 10 112 157 153 190 139 148 15 121
split_gain=41.6789 13.6534 7.08463 5.67941 5.66846 7.34913 6.60843 6.20189 5.52215 5.4633 8.00127 6.85523 6.09198 6.01226 6.77335 5.49343 5.2224 6.04354 6.94839 5.04413 4.98479 4.91633 6.15929 4.9102 7.75491 5.74207 4.90372 4.88178 4.62058 4.61424
threshold=-1.0724866986274717 -0.66562828421592701 -1.1852712035179136 29.500000000000004 0.59474343061447155 0.30183188617229467 0.48174977302551275 0.016539368778467182 0.032789764925837524 0.046006407588720329 0.054049011319875724 -0.060112675651907914 -0.018662013113498684 5.6568076610565194 0.17278607189655307 0.0086889686062932032 1.0000000000000002 3.5193196535110478 0.16719479858875277 0.10832676663994791 0.11302981153130533 848.50000000000011 -0.015033507719635962 0.46083314716815954 -0.04438930191099643 -0.065358120948076234 0.049813266843557365 -0.063606046140193925 1.0000000180025095e-35 0.072767451405525221
decision_type=2 2 2 8 2 2 2 2 2 10 2 2 2 2 2 2 2 2 2 2 2 8 2 2 2 2 2 2 2 2
left_child=2 4 -1 -4 5 9 8 -8 -6 13 15 -12 -13 16 -15 -11 29 18 23 -9 -16 22 -19 24 25 -18 -10 -7 -3 -2
right_child=1 28 3 -5 6 27 7 19 26 10 11 12 -14 14 20 -17 17 21 -20 -21 -22 -23 -24 -25 -26 -27 -28 -29 -30 -31
leaf_value=0.049949013709697156 0.08533279521494111 0.096208440962555875 -0.071635553514910896 0.07038000535553654 0.10736627247716309 -0.11199974603800866 0.090424804633892311 0.073255398930485369 0.081602416524416355 0.091356844045672236 -0.065020817020066443 0.14729186476551068 0.0017700349829732024 0.065996772150662339 -0.0056794555061306642 0.074936662432851284 0.82764854462219839 0.057163467634094259 -0.028381954397182253 0.099310449722213756 0.10201269275131904 0.071408092431279588 -0.0042168092316377265 0.088156616488446915 0.0066855263405048247 0.066849975437747414 -0.018425264494403664 0.11660065300156575 0.21761177677809374 0.053404263260295286
leaf_weight=316.45558479212264 530.4657929984337 1053.6220851013218 2.8338744121240316 446.30209524466773 245.86438462601654 0.94806640290153055 886.89619623809631 496.62571758576996 33.947417681651132 604.89639976677154 6.3507510913450487 5.0210724044522985 6.7360936324412224 126.28786174379502 24.694378430044257 307.22756028109575 0.20315052091973484 38.382142190245759 5.8219284760466499 87.374756424949737 5.2038739326517307 54.873964936134598 28.478174981258462 140.90319848350009 11.612171117163369 0.19388155169690335 5.7279562932235413 63.715596129191226 3.1443385612251396 49.485321898961956
leaf_count=24576 42870 46490 6082 23712 1853 147 11103 7295 335 27856 544 305 629 30655 9676 16470 26 5664 915 826 622 5526 5788 10568 6307 99 100 8228 185 5610
internal_value=0 0.0865247 0.0614092 0.0694839 0.0837075 0.0800831 0.0878582 0.0851556 0.10178 0.0789815 0.0845193 0.0186965 0.0639173 0.0739141 0.0558641 0.0858261 0.0771906 0.0659876 0.0788427 0.0771536 0.0130647 0.0492254 0.0310194 0.0829251 0.0215445 0.45613 0.0671614 0.113249 0.0965697 0.0826084
internal_weight=0 4824.7 765.592 449.136 3767.94 2011.5 1756.44 1470.9 285.54 1946.84 930.232 18.1079 11.7572 1016.61 156.186 912.124 860.42 280.469 158.734 584 29.8983 121.734 66.8603 152.912 12.0092 0.397032 39.6754 64.6637 1056.77 579.951
internal_count=301062 246692 54370 29794 200017 178505 21512 19224 2288 170130 45804 1478 934 124326 40953 44326 83373 34893 17915 8121 10298 16978 11452 17000 6432 125 435 8375 46675 48480
is_linear=0
shrinkage=0.1


Tree=83
num_leaves=31
num_cat=0
split_feature=86 86 17 170 86 76 15 212 132 81 12 111 210 86 157 9 135 158 0 163 189 111 181 223 175 171 191 85 233 168
split_gain=37.5279 12.6035 6.95857 7.6253 5.47946 5.42865 4.73622 4.58408 5.4774 4.81771 5.87143 4.75617 4.54511 4.51636 7.03349 5.85707 5.16315 4.47155 4.88311 4.69693 4.43741 4.28429 8.01473 4.40556 4.12015 4.1167 4.7268 4.1161 4.06407 4.01379
threshold=-1.0724866986274717 -0.66562828421592701 9.5000000000000018 0.42745165526866918 -0.93589836359024037 0.38952971994876867 1.0000000180025095e-35 -0.079858481884002672 0.020404788665473465 0.22295321524143222 36.500000000000007 0.13087780028581622 0.20646420121192935 -1.1852712035179136 0.52949872612953197 0.0049236158374696979 -0.025526449084281918 0.22500000149011615 0.17839463055133822 0.068975757807493224 -0.23210014402866361 -0.048320224508643143 -0.0074250679463148108 -0.11045254766941069 0.22792105376720431 -0.042467879131436341 -0.19852689653635022 35.500000000000007 0.020219577476382259 2.7436002492904668
decision_type=2 2 2 2 2 2 2 2 2 2 8 2 2 2 2 10 2 2 8 2 2 2 2 2 2 2 2 2 2 2
left_child=13 2 3 5 7 -2 -3 8 9 -5 -11 -9 20 16 15 27 21 18 -18 -19 -4 22 -1 -23 29 -16 -27 -15 -29 -6
right_child=1 6 12 4 24 -7 -8 11 -10 10 -12 -13 -14 14 25 -17 17 19 -20 -21 -22 23 -24 -25 -26 26 -28 28 -30 -31
leaf_value=0.090922451108288227 0.10315327779092437 0.096140192317179504 -0.061015900747236368 0.083095537913065093 0.060943397673740199 -0.14506227258935783 0.1998253760153671 0.070048720830514097 0.12294231834584338 0.63644414448749165 -0.058368997048811613 0.11237554323152031 0.15047722031778454 -0.049804717755628614 0.089536280608660063 0.067231237253412249 -0.037454691747653389 0.061016195998367932 0.037380912427583193 -0.025303590191346911 0.09364300905956803 -0.068762661414315349 -0.013004753778158414 0.094680876843583422 0.11570524972050276 -0.11592615135188862 0.068731973154345247 0.053595299977116519 -0.016869987137726094 0.084183658847599263
leaf_weight=16.411672334661493 186.6269789977664 1044.4676976523619 1.8616253872069126 89.585625597070248 77.139988372305879 0.88529672648019087 4.4241912481475074 728.59313919016381 39.512437692337471 0.12598426288241116 3.5114436339072199 27.551554671801568 14.173987148416925 6.9141310559643889 149.18166257665325 68.583777133354488 9.7862509867998124 147.03175072796671 79.971905619184781 6.5860261746590814 533.60435731505868 1.6964428606570425 13.544555029271576 59.184182931047644 40.062155482192338 1.3963797142223473 190.43208470747686 28.982694710739906 11.405940572522011 2028.7739582696756
leaf_count=1400 8696 46549 396 5903 9064 96 185 44348 1654 158 424 1288 345 1737 2739 9868 3191 5052 6781 3619 24379 187 1177 3171 2705 173 5100 6590 3530 100753
internal_value=0 0.0868813 0.0841851 0.0824112 0.081202 0.101981 0.0965775 0.0745998 0.0917399 0.0785148 -0.0343038 0.071591 0.0945848 0.0633821 0.0698442 0.0485607 0.0545477 0.0469543 0.0292217 0.0573154 0.0931053 0.0748926 0.0439323 0.0901265 0.0839367 0.0770771 0.0673878 0.0214905 0.0336956 0.0833324
internal_weight=0 4820.9 3772.01 3222.37 3034.86 187.512 1048.89 888.88 132.735 93.2231 3.63743 756.145 549.64 791.109 456.897 115.887 334.213 243.376 89.7582 153.618 535.466 90.8369 29.9562 60.8806 2145.98 341.01 191.828 47.3028 40.3886 2105.91
internal_count=301258 246943 200209 175089 166297 8792 46734 53775 8139 6485 582 45636 25120 54315 29737 21725 24578 18643 9972 8671 24775 5935 2577 3358 112522 8012 5273 11857 10120 109817
is_linear=0
shrinkage=0.1


Tree=84
num_leaves=31
num_cat=0
split_feature=86 86 86 3 174 157 206 197 164 8 202 194 20 161 73 183 207 67 149 122 159 170 160 2 115 219 72 66 69 10
split_gain=37.8622 12.5949 6.94596 5.48827 6.9204 5.19001 4.65972 6.2391 5.34924 5.44213 4.91477 4.547 4.85429 5.03847 4.54593 4.46405 5.83891 4.38814 4.33235 4.81539 4.18028 4.13688 4.97347 6.3166 5.53977 4.93556 4.93233 4.11279 3.9993 3.97671
threshold=-0.93589836359024037 -1.1852712035179136 -0.66562828421592701 0.28869047760963445 0.28871704638004309 0.41595986485481268 -0.077804163098335252 0.008136386517435314 5.5853724479675302 0.42091573774814611 0.12544023245573047 0.1059270240366459 1.0000000180025095e-35 3.5039054155349736 0.27393887937068945 0.060310639441013343 -0.0065972246229648581 3.7112681865692143 -0.024188017472624775 0.059645619243383415 1.0279383063316347 0.47702896595001226 2.0000000000000004 0.12060606107115747 -0.066403072327375398 -0.091008171439170824 0.062996033579111113 8.1837706565856951 135.77835083007815 2.5000000000000004
decision_type=2 2 2 10 2 2 2 2 2 10 2 2 2 2 2 2 2 2 2 2 2 2 2 8 2 2 2 2 2 8
left_child=1 6 28 5 17 14 18 8 9 11 15 12 -8 -14 -3 -9 -17 -5 -1 -20 -10 -7 -23 24 -24 -26 -25 -27 29 -2
right_child=2 3 -4 4 -6 21 7 10 20 -11 -12 -13 13 -15 -16 16 -18 -19 19 -21 -22 22 23 26 25 27 -28 -29 -30 -31
leaf_value=0.11541743062184423 -0.1036936942898815 0.017634709012122367 0.096555245884026281 0.093419638158517726 -0.064925363352881058 0.084216538447915851 -0.012307118919859838 0.077439306465201752 -0.098427803148014914 0.35141743378721796 -0.0016450692755391357 0.061154865747480219 -0.078747713086301255 0.081151316559790798 0.18001605931254147 -0.065675375849838416 0.053305627907826815 0.15878571064413391 0.070339134533154365 -0.023668800917358512 0.081597048903084127 0.073792795022453936 -0.16756314030381728 -0.057494430384682993 -0.058108130096531277 0.07763004538934995 0.047296011524378692 -0.093198828967605396 0.073545666232519777 0.088179619547710378
leaf_weight=19.643700274369166 1.0806450251884587 23.627597022950344 1057.7766360759788 112.00931172882065 2.6168132176485406 359.96726476408048 49.632911366080862 95.304284588469045 1.3706648210882146 0.48241570759819197 11.357997713029816 16.598963649395955 2.3695992579951044 11.704454475676355 1.8597555954238476 5.0157568331428619 23.21310433169765 11.306850425686433 62.481847204872338 5.9693830163841985 21.877980579148243 914.02224752197071 1.025333398798465 8.8709448257423009 3.0050329231380593 56.208029736400476 9.0986585018849819 1.4455783035000411 204.41872342865918 2486.4583036697277
leaf_count=832 7167 15913 46759 9307 893 11865 6399 5605 77 140 957 1382 484 664 1422 908 1356 2467 4380 795 612 46594 85 1075 348 2418 712 414 14767 114647
internal_value=0 0.0721497 0.0896893 0.0760146 0.0959982 0.0741899 0.0543624 0.0471141 0.0287138 0.0165498 0.0613057 0.0145382 0.0023921 0.0542297 0.0294833 0.0670935 0.0321649 0.099413 0.0740208 0.062141 0.0709834 0.0750316 0.0717043 0.047739 0.0629382 0.0668345 -0.00443525 0.0733468 0.0869913 0.0880963
internal_weight=0 1832.09 3749.73 1505.06 125.933 1379.13 327.023 238.928 104.037 80.7883 134.891 80.3059 63.707 14.0741 25.4874 123.533 28.2289 123.316 88.0949 68.4512 23.2486 1353.64 993.676 79.6536 61.684 60.6586 17.9696 57.6536 2691.96 2487.54
internal_count=301444 118104 183340 93513 12667 80846 24591 18584 9758 9069 8826 8929 7547 1148 17335 7869 2264 11774 6007 5175 689 63511 51646 5052 3265 3180 1787 2832 136581 121814
is_linear=0
shrinkage=0.1


Tree=85
num_leaves=31
num_cat=0
split_feature=93 171 157 88 157 93 170 157 185 191 7 83 156 63 172 156 7 135 157 63 3 211 224 207 181 156 156 65 88 186
split_gain=17.8549 9.86802 8.69684 9.88546 7.67723 8.53427 6.41769 6.46894 6.16964 6.10473 5.9565 5.83866 5.83629 6.46645 6.87443 6.06148 5.63154 5.57603 5.5253 5.48655 7.60347 5.80448 5.88692 5.47461 5.27193 5.08521 5.03613 5.01794 5.75333 4.93731
threshold=0.067382778972387328 -0.028797738254070279 0.65575143694877636 0.7782278060913087 0.60268843173980724 0.33825267851352697 0.45447091758251196 0.47200755774974829 0.15343812108039859 0.056711571291089065 0.11814556270837785 5.5000000000000009 0.097693528980016722 0.46641315519809728 -0.17652179300785062 1.0000000180025095e-35 0.28416149318218237 0.01391319837421179 0.39950715005397802 1.0000000180025095e-35 0.15438786894083026 -0.07987866178154944 0.015359711833298208 -0.12978826463222501 -0.15391247719526288 0.49683544039726263 0.63438084721565258 112.50000000000001 0.73161339759826671 0.0067764476407319316
decision_type=2 2 2 2 2 2 2 2 2 2 8 2 2 2 2 2 10 2 2 2 10 2 2 2 2 2 2 2 2 2
left_child=2 18 3 12 6 -6 7 -3 10 16 25 17 15 23 -15 -1 26 -10 -2 29 21 -21 -23 -14 -12 -7 -5 -26 -29 -8
right_child=1 4 -4 9 5 8 19 -9 11 -11 24 -13 13 14 -16 -17 -18 -19 -20 20 -22 22 -24 -25 27 -27 -28 28 -30 -31
leaf_value=-0.099047232900658186 0.036700604973588749 0.032114361018654239 0.098094900487414816 0.076371061550667613 0.085390973774519277 -0.073720541004552678 0.045918154861831414 0.093238856331342657 0.053024488532620984 0.046075190186680381 -0.032497882206659716 -0.17741063972808474 0.10180208350280816 -0.045686959696058266 0.065749998348811733 0.10158632697117771 0.16349867223995407 -0.16071665671516702 0.085126318638060638 -0.082326584722027779 0.055715160479756276 0.050865641312997679 -0.016138103845965559 0.08512201888177523 0.078318531147436241 0.048093201896337257 -0.048277814915266511 -0.035234984549292629 0.061919487440562485 0.080253873384873345
leaf_weight=1.5133603468948411 24.191924838603882 21.558502124341203 682.42503136808227 210.08869122766419 422.61299423739365 5.3646156880076878 70.890605825987677 87.946022530454684 8.03970331099117 86.542973282655112 4.9419142006809116 1.7672102096548759 218.7200938066012 6.0347720970785295 66.947842009320993 302.05046437155852 7.3460144518053303 1.438988008594605 904.19181885024841 5.8758640831854327 120.51773277406596 30.828084705420679 22.818330050886061 1960.6563461754636 179.0997273541725 9.4883857359636732 3.292097844887393 8.55787062761374 21.182021376858756 102.3333523878789
leaf_count=10651 17621 4247 3868 13108 6786 687 7393 1867 126 6795 126 38 6225 472 3185 51667 1219 35 49319 1699 10088 5208 3995 83303 2950 822 117 104 243 7471
internal_value=0 0.0762328 0.0879504 0.0855325 0.0699365 0.0768399 0.0600536 0.0812051 0.061775 0.0685857 0.0653318 -0.0105363 0.0875698 0.0858155 0.0565355 0.100586 0.0774116 0.0205758 0.0838644 0.0534971 0.0412729 0.0120309 0.0223658 0.086796 0.0695863 0.00409644 0.0744479 0.072002 0.0339626 0.0662022
internal_weight=0 2053.65 3545.62 2863.19 1125.26 662.493 462.768 109.505 239.88 307.27 228.635 11.2459 2555.92 2252.36 72.9826 303.564 220.727 9.47869 928.384 353.264 180.04 59.5223 53.6464 2179.38 213.782 14.853 213.381 208.84 29.7399 173.224
internal_count=301435 120825 180610 176742 53885 11917 41968 6114 5131 21239 4932 199 155503 93185 3657 62318 14444 161 66940 35854 20990 10902 9203 89528 3423 1509 13225 3297 347 14864
is_linear=0
shrinkage=0.1


Tree=86
num_leaves=31
num_cat=0
split_feature=86 86 86 160 163 153 157 6 197 205 176 85 183 213 16 110 197 138 200 117 195 127 128 2 226 153 159 6 143 177
split_gain=40.4895 11.6613 10.5319 6.06333 7.53539 6.01335 5.36246 5.33282 5.1127 5.60794 6.69607 6.12553 5.41224 5.09703 5.86108 5.38631 5.30522 5.0205 4.93062 5.16493 5.77034 4.91708 5.67215 4.91041 4.43744 4.52829 5.42467 4.38523 4.36661 4.59606
threshold=-0.94671633839607228 -1.1534370779991148 -0.76415729522705067 1.0000000000000002 -0.98684802651405323 -0.023301022127270695 0.68536502122879039 0.13608305156230929 -1.0000000180025095e-35 -0.043573301285505288 0.039404625073075301 92.500000000000014 1.0000000180025095e-35 -0.0063667416106909505 1.5000000000000002 0.098270323127508177 -0.10346681624650954 -0.0096933417953550798 0.13105414807796481 -0.006602364592254161 -0.17318532615900037 0.030403477139770988 -0.041059337556362145 0.016051736660301689 0.043671226128935821 -0.0011871308670379219 0.3868349045515061 0.06273148208856584 0.058850785717368133 -0.13310540467500684
decision_type=2 2 2 2 2 2 2 10 2 2 2 2 2 2 2 2 2 2 2 2 2 2 2 10 2 2 2 10 2 2
left_child=1 3 6 13 -5 27 8 -3 9 18 28 12 23 14 15 -1 -16 -9 19 20 -2 22 -14 -12 25 26 -24 -6 -11 -30
right_child=2 7 -4 4 5 -7 -8 17 -10 10 11 -13 21 -15 16 -17 -18 -19 -20 -21 -22 -23 24 -25 -26 -27 -28 -29 29 -31
leaf_value=0.042374061615592928 -0.16895263456932294 0.077336956408542087 0.094404906720226028 0.063259878886434431 -0.084225947792969394 -0.0014500301574272229 0.1003005388151457 0.079207731440984946 0.087153252714556206 0.078258271850135203 0.02408509239341777 0.092439689419674662 -0.074514500635786227 0.077195033357215531 -0.064853712381969214 -0.094707058840160369 0.10246183160168716 0.042201501127768111 0.037529664864462131 0.078777105709367259 0.10911812654410523 0.066296589312988749 -0.045903672386506472 0.078031161960984655 0.076390267615205051 -0.021127202029265567 0.073869455387634342 0.10812807915905023 0.26687989343111002 0.10284251247086296
leaf_weight=99.014462963728192 0.75120706539928406 1202.5227874441025 1913.1294797670923 55.155103578056696 1.3679244058466782 51.650284613947406 181.88840394391445 62.275533437326885 966.31100310216107 281.47626892072969 21.640980823877726 41.172168759183023 6.1809986503853898 136.34464893149038 2.0453324792879384 2.9518471681867586 25.79940413761642 89.128821428218089 18.182515997679616 143.38924282280209 113.35584794231022 28.956857286611466 5.0152593119421445 76.588180269334543 13.48775648679384 21.844837699772828 15.370535480566557 8.8725008992573731 2.4592669818193826 5.5916239485040915
leaf_count=7073 255 68508 85699 1901 445 8786 1084 5752 50672 19216 2661 2060 780 9406 159 299 1015 9647 1364 8398 5287 1894 439 3384 1344 2134 1105 416 84 252
internal_value=0 0.0707512 0.0891377 0.0553505 0.036382 0.0124293 0.0839533 0.07511 0.0822656 0.0763282 0.0702134 0.0574861 0.0498752 0.0636921 0.0495096 0.0384057 0.0901717 0.0574229 0.0878574 0.0914112 0.107287 0.0322837 0.0163723 0.0661462 0.0264546 0.010506 0.0444032 0.0824333 0.0803352 0.15295
internal_weight=0 1737.13 3856.79 383.202 117.046 61.8907 1943.66 1353.93 1761.77 795.464 519.785 230.258 189.085 266.156 129.811 101.966 27.8447 151.404 275.679 257.496 114.107 90.8562 61.8994 98.2292 55.7184 42.2306 20.3858 10.2404 289.527 8.05089
internal_count=301519 113407 188112 29500 11548 9647 102413 83907 101329 50657 35353 15801 13741 17952 8546 7372 1174 15399 15304 13940 5542 7696 5802 6045 5022 3678 1544 861 19552 336
is_linear=0
shrinkage=0.1


Tree=87
num_leaves=31
num_cat=0
split_feature=86 86 86 17 187 171 156 195 212 15 157 171 77 128 163 223 0 162 195 63 130 157 96 122 181 67 72 179 66 125
split_gain=32.824 10.6952 7.29274 6.69297 5.99936 5.80033 5.03607 5.65006 5.23101 4.95913 4.90575 6.13548 4.52882 4.50967 6.08973 4.9338 4.85341 4.48983 4.43056 6.25041 6.14819 4.36022 5.12907 6.48466 5.64961 6.32083 5.87514 6.04768 5.88249 5.2491
threshold=-0.92546641826629628 -1.1852712035179136 -0.66562828421592701 9.5000000000000018 -0.19459274411201474 0.013746987096965315 0.25116822123527532 -0.089377652853727327 0.13483027368783954 1.0000000180025095e-35 0.68536502122879039 0.49157020449638372 0.11566332355141641 0.0093326694332063215 -0.16871038824319837 0.097034297883510603 0.2356633469462395 57.363210678100593 0.050734039396047599 0.46641315519809728 0.046341974288225181 0.52949872612953197 -0.16934598237276074 0.01562198204919696 -0.052385801449418061 0.65109059214591991 0.075235851109027876 0.22776222229003909 4.8977344036102304 0.068974178284406676
decision_type=2 2 2 2 2 2 2 2 2 2 2 2 2 2 2 2 10 2 2 2 2 2 2 2 2 2 2 2 2 2
left_child=1 -1 3 6 -5 21 -2 8 -8 -4 11 12 17 -12 16 -16 -15 -9 19 20 -19 22 -3 29 25 -25 27 28 -26 -24
right_child=2 5 9 4 -6 -7 7 10 -10 -11 13 -13 -14 14 15 -17 -18 18 -20 -21 -22 -23 23 24 26 -27 -28 -29 -30 -31
leaf_value=0.056403896155899358 0.089076374004060793 0.11579926938868801 0.095812365715047976 -0.016409429439882307 0.099582496358248868 0.067563986594661424 0.094056920433639377 0.051889173830624608 -0.097861445878288669 0.20105252730698783 0.1051953049574115 0.021056512555276165 0.089016792733189909 0.098223577008010432 -0.079158439153426033 0.17197018444803952 0.021104908699249594 0.083224985953259167 0.058756694502016288 -0.17824584526622245 -0.044868416743761103 0.08460040762431309 0.078087382247646095 -0.11118583939492853 0.066379182076209881 0.081807570263296159 0.0062661799631539509 0.28167221797669306 -0.028169551279520557 0.17627576130815084
leaf_weight=320.90406587471671 1070.161097480026 23.839561131673122 1033.2421338293657 4.5102079930775281 393.71370107911252 511.49541652930679 242.50560489586042 112.29462187594527 1.4285761394094141 4.4970634083306313 95.691198268061271 22.589937767610536 156.28980897713518 34.728405932954047 4.3063816178037078 0.95600384613499034 10.667413663351907 302.09882587130869 128.90441628636609 0.92826546039577706 3.7941503245383492 771.12983571625432 160.31347453818853 1.7465163966016906 46.345186914080386 59.891814788220131 36.800935801119067 1.1813704684868742 7.6692920535406293 5.6359969860327501
leaf_count=24485 83945 3798 46471 640 16743 30485 5422 4086 205 194 534 1589 4327 160 147 19 69 7664 5388 59 215 15441 24311 543 5002 8661 6132 468 3370 498
internal_value=0 0.0730878 0.0891869 0.0863447 0.0982688 0.0763803 0.0841738 0.0794776 0.092933 0.0962684 0.0757189 0.0723558 0.0740012 0.0924231 0.0682969 -0.0335366 0.0801017 0.0697189 0.0743139 0.0808499 0.0816362 0.0804264 0.071054 0.0677162 0.0529117 0.0763391 0.0372152 0.0578499 0.0529546 0.0814221
internal_weight=0 1946.95 3623.31 2585.57 398.224 1626.05 2187.34 1117.18 243.934 1037.74 873.249 726.9 704.31 146.349 50.6582 5.26239 45.3958 548.02 435.726 306.821 305.893 1114.55 343.424 319.585 153.635 61.6383 91.9968 55.1958 54.0145 165.949
internal_count=301071 123194 177877 131212 17383 98709 113829 29884 5627 46665 24257 23328 21739 929 395 166 229 17412 13326 7938 7879 68224 52783 48985 24176 9204 14972 8840 8372 24809
is_linear=0
shrinkage=0.1


Tree=88
num_leaves=31
num_cat=0
split_feature=86 86 86 93 157 156 80 71 141 170 138 154 86 199 66 230 157 85 200 160 176 115 157 124 199 116 167 75 121 86
split_gain=30.3987 12.5381 6.59857 4.91472 4.57286 6.1872 5.63169 6.4026 6.20736 5.32631 7.68199 5.13191 4.96924 6.37817 5.69622 4.7997 5.38369 6.7687 6.25175 4.6871 6.5398 8.21607 7.05703 5.33499 5.52073 5.70495 5.28221 5.15415 5.04139 4.75419
threshold=-1.0724866986274717 -0.67822298407554615 -1.1852712035179136 -0.21969643980264661 0.68536502122879039 0.13938769698143008 0.013986697886139156 0.13994288444519046 0.0031179699581116442 0.54832735657691967 0.031162411905825142 0.055565612390637405 -0.82283037900924672 -0.018086489289999005 10.867321014404299 -0.082400415092706666 0.51455250382423412 116.50000000000001 0.029023855924606327 1.0000000000000002 0.078153442591428771 -0.074814435094594942 0.52949872612953197 0.032746871933341033 0.14162347465753558 0.064982824027538313 2.5000000000000004 0.4437412172555924 0.08384099975228311 -0.97599831223487843
decision_type=2 2 2 2 2 2 2 2 2 2 2 2 2 2 2 2 2 2 2 2 2 2 2 2 2 2 2 2 2 2
left_child=2 3 -1 -2 5 6 -5 9 -9 11 12 15 13 14 -11 -8 17 18 -17 27 21 -21 -23 -24 25 26 -25 29 -26 -7
right_child=1 -3 -4 4 -6 19 7 8 -10 10 -12 -13 -14 -15 -16 16 -18 -19 -20 20 -22 22 23 24 28 -27 -28 -29 -30 -31
leaf_value=0.054565029991113324 0.10544904493772289 0.096012778554172978 0.073302098611378583 0.1068907487268185 0.094525076656720622 0.071717646468077531 0.11945421661999772 -0.0043725571964555437 0.073571450673288102 0.063618352554940388 0.1142891082733202 0.023801469219660251 0.081500368574296975 -0.02474731471829103 0.79025726879909408 0.087510415126530683 0.10056974722302491 0.15256139059055529 0.051885511867514805 -0.071664309398541848 0.085931414201192671 0.038686486810452253 0.07619515436742004 0.07277196051409128 -0.1227388572817155 -0.091681049522346111 -0.055269536705176703 -0.041278185199545278 0.14250734362742487 0.085843615518089569
leaf_weight=318.99282925038142 104.3415747218437 1154.5238656020592 457.53133018118524 156.37732918536904 336.24271247987053 292.90770779699687 62.219180240103469 14.255292992175326 36.071617361160861 11.989454481897837 19.809071584730304 10.817279782588228 17.929090376224622 17.077577229764302 0.10886174490769995 138.65405086347471 231.94675360737665 11.825709844476021 76.404253128665005 4.2229577803373095 286.06530974037196 69.863889250496868 428.70140685387014 35.359874404575748 3.4210919449060375 2.6077139037515726 3.5449204830265435 3.333010668429778 0.90641014149878163 1276.8815337110204
leaf_count=24584 4613 51489 29641 19568 2404 10613 6052 2520 3203 2227 2305 1527 3660 5088 141 27556 6446 1620 18862 339 13507 10903 11552 1182 211 116 345 155 10 38640
internal_value=0 0.0869285 0.065605 0.0840581 0.0834293 0.0822682 0.089855 0.0857509 0.0514935 0.0886301 0.0620399 0.0919755 0.0400676 0.0146064 0.0701567 0.0933908 0.0898565 0.0789042 0.0748539 0.0797303 0.0736733 0.0672816 0.0683594 0.072728 0.0403026 0.0515074 0.0611051 0.0829441 -0.0671821 0.0832078
internal_weight=0 4808.41 776.524 3653.89 3549.54 3213.3 805.486 649.108 50.3269 598.781 66.9141 531.867 47.105 29.1759 12.0983 521.05 458.831 226.884 215.058 2407.82 834.694 548.628 544.405 474.541 45.84 41.5125 38.9048 1573.12 4.3275 1569.79
internal_count=301079 246854 54225 195365 190752 188348 100775 81207 5723 75484 13421 62063 11116 7456 2368 60536 54484 48038 46418 87573 38165 24658 24319 13416 1864 1643 1527 49408 221 49253
is_linear=0
shrinkage=0.1


Tree=89
num_leaves=31
num_cat=0
split_feature=86 86 86 17 4 201 88 123 17 0 57 4 70 196 17 220 66 0 82 157 92 214 85 157 193 103 223 179 170 139
split_gain=39.594 12.8132 8.2334 5.53795 5.43334 5.0257 9.5277 4.90102 4.88088 4.5263 7.28703 5.9509 5.72384 4.71699 5.60296 4.37222 4.36262 5.62639 4.16335 4.16062 8.84728 4.26116 4.13529 4.91663 4.28282 8.04635 4.31142 4.30278 4.41463 5.18935
threshold=-0.95708391070365895 -1.1852712035179136 -0.67822298407554615 10.500000000000002 0.15411606431007388 0.16814640909433368 0.65094769001007091 -0.011862387415021656 8.5000000000000018 0.16749174892902377 1.0000000180025095e-35 0.28991597890853887 9.5000000000000018 0.15136788785457614 28.500000000000004 -0.053499121218919747 8.9517459869384783 0.44097222387790685 0.055867666378617294 0.37867735326290136 0.81490695476531994 -0.0089659639634191973 27.500000000000004 0.51455250382423412 0.13936918973922732 0.24853829294443133 0.029106698930263523 0.12289585545659067 0.47530725598335272 -0.018276732414960858
decision_type=2 2 2 2 10 2 2 2 2 8 2 10 2 2 2 2 2 10 2 2 2 2 2 2 2 2 2 2 2 2
left_child=1 -1 5 15 -5 8 -7 -8 -2 10 13 19 -13 14 -10 -3 22 -18 -4 20 -12 -21 23 -17 27 26 -26 28 -24 -30
right_child=2 3 18 4 -6 6 7 -9 9 -11 11 12 -14 -15 -16 16 17 -19 -20 21 -22 -23 24 -25 25 -27 -28 -29 29 -31
leaf_value=0.052475786215184367 0.084926843058883456 0.082527887436255568 0.094067955300051742 0.098950298642319343 -0.02200602013215194 -0.064169212178515261 -0.025589715096855023 0.082258577705825245 0.077451975180956631 0.099905580224174034 2.2031921835722841 0.059149346295742006 0.74578761206842437 0.16375486504098888 -0.20842225725819707 -0.00038669632391068746 0.011816750019866484 0.3470441691118375 0.11239413413673208 -0.13223667114625692 0.13569615057569209 0.013365229855605489 0.076636453274862307 0.11036812388091258 0.1035915167164905 -0.13176621336957287 0.059254055258970775 0.089881609612205787 0.037883373915559598 0.063666962266074836
leaf_weight=309.98094922394648 2239.6167822383163 344.71165145921123 1030.6426105379801 119.7706401383698 3.8325620713239905 5.9229984758114815 4.7127288664637481 39.789913054795079 35.825477997488861 401.67332296436439 0.025313802561865439 0.32102546010355659 0.19523704870698566 6.6148133593746925 0.69897056794979917 4.4407642351477525 17.963797608941835 0.51502285802143788 140.91406962677138 3.1419750046045447 0.11349950116755281 5.5789755654584496 177.71410811594092 41.141578295357249 74.961540938648795 1.6523640666555355 31.002698635407796 67.056360456088214 99.665533068269042 360.07987111196803
leaf_count=24468 116361 18401 46133 5955 805 770 1039 2116 3799 14718 12 134 37 291 98 1217 6570 727 5349 870 140 911 10188 517 3164 100 1814 4990 7008 22605
internal_value=0 0.0708036 0.0892543 0.0750292 0.0951998 0.0862582 0.0549798 0.0708377 0.0868437 0.096296 0.0686872 -0.0112152 0.318818 0.0860534 0.0719812 0.0729871 0.0692336 0.0211599 0.0962722 -0.0304463 0.512722 -0.0390921 0.0702693 0.0995781 0.0686243 0.0872048 0.0906194 0.0657861 0.0632514 0.0580775
internal_weight=0 1654.49 3915.79 1344.51 123.603 2744.23 50.4256 44.5026 2693.81 454.189 52.5153 9.37603 0.516263 43.1393 36.5244 1220.91 876.194 18.4788 1171.56 8.85976 0.138813 8.72095 857.715 45.5823 812.132 107.617 105.964 704.516 637.46 459.745
internal_count=301307 108529 192778 84061 6760 141296 3925 3155 137371 21010 6292 2104 171 4188 3897 77301 58900 7297 51482 1933 152 1781 51603 1734 49869 5078 4978 44791 39801 29613
is_linear=0
shrinkage=0.1


Tree=90
num_leaves=31
num_cat=0
split_feature=86 86 86 173 22 82 149 227 227 149 106 201 147 232 171 157 65 190 110 181 162 63 226 209 34 0 178 233 138 206
split_gain=32.7816 9.63229 5.6761 5.07806 5.26077 5.25781 4.97314 8.5524 7.51347 5.73603 5.31876 5.8959 5.19437 7.61889 5.59944 4.32226 6.28708 5.94468 7.14804 7.43448 6.47138 4.43001 4.29314 4.2796 5.58969 4.44851 4.2612 5.24175 4.25162 4.23839
threshold=-1.0724866986274717 -0.66562828421592701 -1.1852712035179136 0.38619768619537359 1.0000000180025095e-35 0.043961353600025184 0.010868041310459377 0.010574469808489086 1.0000000180025095e-35 0.029130334034562114 -0.075721796602010713 -0.034767379984259598 0.0066610672511160382 0.12207562848925592 -0.072070453315973268 0.68536502122879039 76.500000000000014 0.050212586298584945 -0.036030381917953484 -0.015594469383358954 144.43465423583987 0.27411876618862158 0.070873044431209578 0.027315707877278331 1.0000000180025095e-35 1.0000000180025095e-35 -0.062769327312707887 0.10791094973683359 0.044224392622709281 -0.087137296795845018
decision_type=2 2 2 2 2 2 2 2 2 2 2 2 2 2 2 2 2 2 2 2 2 2 2 2 2 8 2 2 2 2
left_child=2 6 -1 22 28 -6 8 9 -2 12 11 -11 13 14 29 17 -17 18 19 20 21 -10 -3 25 -25 -20 -14 -28 -5 -8
right_child=1 3 -4 4 5 -7 7 -9 15 10 -12 -13 26 -15 -16 16 -18 -19 23 -21 -22 -23 -24 24 -26 -27 27 -29 -30 -31
leaf_value=0.053278940141837108 0.090239343219365345 0.093942987652871887 0.07070002098066637 0.08741209176730716 -0.015433823764166571 0.14983940315033636 0.059872468906988635 0.086745803707626273 0.040706701827564674 -0.12038021884965236 0.058918633266038162 0.033124244638159238 0.090904845958018177 -0.054230238635011731 0.069638284327875763 0.11230750799024454 0.060168760530551868 0.08774382431212506 -0.068289715344885565 0.075347059658534929 -0.1325449967071114 -0.045219480497065027 0.1154621970585395 0.095459284987327392 0.03497845032372876 0.0695976033468233 0.058161709268122676 -0.040002904647915283 -0.02718263843348169 0.10498924547227895
leaf_weight=324.28796863976868 1514.9608933625302 827.91418176084426 441.85286447715362 64.106455390624433 11.129219732440104 2.327402882045134 24.577278191673031 582.55600845130471 30.890205635281291 3.4401047421497415 147.42586794271938 9.1766631462123751 40.821443108975018 3.9361388295533279 121.2693099442597 80.948905146222387 32.377990614375449 311.58231087717957 2.3564552886359698 36.226228517154084 2.8354028973694758 7.4463936082477735 104.39975711607258 137.71034971722554 17.188301137028475 329.66311508403351 137.6249485596727 5.6634362992549532 3.4098209783387565 136.28019838069486
leaf_count=24600 68275 39879 29615 1299 314 29 1636 29723 2730 340 10037 643 2503 424 7659 451 246 20138 3425 2935 204 715 5096 10362 2081 20730 8971 497 107 5642
internal_value=0 0.0856237 0.0633261 0.0942664 0.0702453 0.0131512 0.0832676 0.0780115 0.0858131 0.0699376 0.0535856 -0.00873049 0.0755037 0.083936 0.0858637 0.0790345 0.0974112 0.0766569 0.0705353 0.0423064 0.0132347 0.0240166 0.0963527 0.0750224 0.088748 0.068619 0.062402 0.0542818 0.0816246 0.0980959
internal_weight=0 4730.24 766.141 1013.29 80.9729 13.4566 3716.96 1212.77 2504.19 630.215 160.043 12.6168 470.173 286.063 282.127 989.226 113.327 875.899 564.316 77.3982 41.172 38.3366 932.314 486.918 154.899 332.02 184.11 143.288 67.5163 160.857
internal_count=301306 247091 54215 46724 1749 343 200367 68075 132292 38352 11020 983 27332 15361 14937 64017 697 63320 43182 6584 3649 3445 44975 36598 12443 24155 11971 9468 1406 7278
is_linear=0
shrinkage=0.1


Tree=91
num_leaves=31
num_cat=0
split_feature=93 104 224 157 122 200 170 187 88 162 215 160 168 88 126 224 174 156 129 133 122 130 156 101 216 221 201 145 83 174
split_gain=19.35 9.0038 8.05951 6.67121 6.15903 6.91422 6.491 5.85492 5.52729 5.47418 5.85995 5.33615 7.28502 6.33348 5.27237 5.22798 5.37886 5.17136 5.10215 5.00515 5.82834 5.11807 4.61389 4.53843 4.53132 4.49374 4.46145 4.29911 4.28082 4.61933
threshold=0.077446773648262038 -0.053991200402379029 0.11916305497288705 0.34838473796844488 0.059645619243383415 0.10600106790661813 0.47982421517372137 -0.079150319099426256 0.81457769870758068 81.196788787841811 0.17154660075902942 1.0000000000000002 3.8561456203460698 0.78284549713134777 0.0027276993496343498 0.027901521883904937 -0.20827145874500272 0.63438084721565258 0.021091262809932235 -0.037560584023594849 0.011745869647711517 -0.0071915839798748485 0.051836095750331886 -0.1698595732450485 -0.015052400529384611 0.021147665567696098 -0.15807224065065381 -0.0044906267430633298 16.500000000000004 -0.22344613075256345
decision_type=2 2 2 2 2 2 2 2 2 2 2 2 2 2 2 2 2 2 2 2 2 2 2 2 2 2 2 2 2 2
left_child=1 2 8 -2 6 7 -5 -6 -1 -3 23 -8 13 15 24 16 22 25 -16 -17 -21 -22 27 -11 -4 -14 -18 -13 -25 -30
right_child=3 9 14 4 5 -7 11 -9 -10 10 -12 12 17 -15 18 19 26 -19 -20 20 21 -23 -24 28 -26 -27 -28 -29 29 -31
leaf_value=0.083983507728980916 -0.01361893856405033 0.096006770089984927 0.040541244549628694 0.088259799871351852 0.077437861239772976 0.09355788325681097 0.079050324943666303 0.039019892966702503 0.048389503432776933 0.063834316997964768 0.030484891872948838 0.53523786199425716 0.063341349187146553 0.018288904819851969 0.088546320379246646 0.12318622930552972 -0.051755666041927141 -0.041021413394507995 -0.07676902430417698 0.087402357240545264 -0.025506807159389095 0.071916459710886074 -0.032422399062446781 0.087813647915818499 -0.047371067064628486 0.1005030193205374 0.058570560224728709 -0.05423867563322618 0.0078412011685165522 0.12545268854712285
leaf_weight=999.66070239699752 8.3172674060335776 1280.5495671357658 16.84853343415239 466.67845527676786 59.051566670553711 50.334823662322606 812.59838135237442 120.85755291533928 45.618168177075859 75.68352131024244 18.234227796343021 0.28319545222257148 52.768523999553508 39.648069126499195 22.37822823183706 20.982624349936486 3.7818984454970623 3.2680109951761542 2.0368530264104256 45.958677815944156 10.525407215792258 11.057242166266859 10.400570642754245 1141.2169313127872 8.9922687631424179 84.884330878968285 118.96717336778738 0.21970616194857839 3.5892784390453008 47.985244682687153
leaf_count=52978 8107 66383 696 21311 3463 2439 41606 9258 3927 3854 640 134 1897 5150 671 901 522 35 252 3781 1253 996 1484 53721 1028 1881 11179 135 205 1178
internal_value=0 0.0881392 0.0805494 0.0757465 0.0761352 0.0607959 0.0782349 0.0516298 0.0824301 0.091378 0.0867714 0.0743854 0.0649733 0.0551064 0.0414326 0.0616766 0.0491924 0.0833056 0.0747547 0.080525 0.0672718 0.0244052 -0.0181182 0.0875805 0.00994888 0.0862573 0.0551714 0.277709 0.0890872 0.117268
internal_weight=0 3662.79 1095.53 1920.58 1912.27 230.244 1682.02 179.909 1045.28 2567.26 1286.71 1215.34 402.745 261.825 50.2559 222.176 133.653 140.921 24.4151 88.524 67.5413 21.5826 10.9035 1268.47 25.8408 137.653 122.749 0.502902 1192.79 51.5745
internal_count=301065 185533 59552 115532 107425 15160 92265 12721 56905 125981 59598 70954 29348 25535 2647 20385 13454 3813 923 6931 6030 2249 1753 58958 1724 3778 11701 269 55104 1383
is_linear=0
shrinkage=0.1


Tree=92
num_leaves=31
num_cat=0
split_feature=88 79 104 164 156 63 65 76 163 157 204 166 219 154 104 174 11 142 122 96 201 232 94 176 81 172 156 12 206 208
split_gain=19.0603 14.2768 10.5434 8.55457 6.4998 6.48708 8.22964 6.27009 6.16878 5.77844 6.61611 5.73962 8.47047 9.68037 5.58118 5.3434 5.33835 6.4991 5.20135 5.09513 5.15613 4.96156 4.87653 4.85277 4.78035 5.25834 4.69462 4.65541 4.5264 4.51036
threshold=0.7782278060913087 0.35424837470054632 -0.085044816136360155 4.3757371902465829 0.35097050666809088 0.37629920244216924 1.5000000000000002 0.19504830986261371 -0.46572685241699213 0.56920528411865245 0.10752837359905244 0.62901514768600475 0.12666144222021106 0.029976103454828266 -0.062389565631747239 -0.063651435077190385 0.019005478359758857 0.011757084168493749 0.078454431146383299 0.089323665946722045 -0.077195715159177766 -0.034241966903209679 0.069144718348979964 -0.19846734404563901 0.016530054621398452 0.21707181632518771 0.3352713286876679 223.50000000000003 0.13482258468866351 0.029939212836325172
decision_type=2 2 2 2 2 2 2 2 2 2 2 2 2 2 2 2 10 2 2 2 2 2 2 2 2 2 2 8 2 2
left_child=1 2 -1 5 9 7 8 -4 -7 10 29 12 13 24 -10 -3 21 -18 -14 20 27 -15 26 -13 -2 -26 -8 -6 -17 -5
right_child=11 15 3 4 19 6 22 -9 14 -11 -12 23 18 16 -16 28 17 -19 -20 -21 -22 -23 -24 -25 25 -27 -28 -29 -30 -31
leaf_value=0.071959157906885382 -0.0067819127830425381 0.090558150553907507 0.089854903244599715 0.086093382539902605 -0.091055695989102112 0.078524218891928871 0.10411543464446044 0.10817971684775425 0.087603090567900471 0.090145596489424024 0.041615447145179285 0.098799919051481749 0.11483758877750397 -0.040765879990677344 -0.052880355900069766 0.10268520336813147 0.068056546615527957 -0.077473612655737073 0.34298049296243716 0.088026350219764335 0.063628195782508973 0.12420662002191099 0.026921129186820478 0.070451596596874874 0.048882949729109601 -0.10078958308319873 0.016002148762701947 0.032167253772350142 0.1737480347329976 0.06688451783432281
leaf_weight=739.77978907819306 30.916355860592148 944.64175244853664 940.45930334113837 350.81134523961146 3.4950240763355422 10.523461907468119 57.992302370441621 232.97761699771854 3.6841292757515012 590.56076442422636 50.705757180496221 67.180390345684827 8.7213136211089459 1.9737809831617621 12.169157473367248 394.97707311627505 20.277942920964509 3.6158334544643358 1.1286373888037804 69.329857883712975 143.45972604850613 23.869560199332 12.59519806418575 597.05755289737249 53.132937134808571 2.4557689963394287 6.7505483174791143 24.978289990569465 9.1714314642390473 187.6104635045258
leaf_count=45130 7462 30363 71720 22471 141 298 3273 14739 628 6070 4891 2591 1162 1096 3667 29522 1988 649 158 823 1977 3461 863 21703 10187 954 223 397 1446 11331
internal_value=0 0.085956 0.0825352 0.085435 0.0800967 0.0913743 0.0674019 0.0934932 0.0191676 0.0831553 0.076148 0.0693718 0.0514261 0.0449517 -0.0202335 0.0946751 0.0801054 0.0460335 0.140979 0.0651413 0.0559132 0.111607 0.0838526 0.0733187 0.0247397 0.0422708 0.0949281 0.017042 0.104298 0.0794001
internal_weight=0 4786.67 3437.88 2698.1 1420.95 1277.15 103.715 1173.44 26.3767 1179.69 589.128 810.33 146.092 136.242 15.8533 1348.79 49.7371 23.8938 9.84995 241.263 171.933 25.8433 77.338 664.238 86.5051 55.5887 64.7429 28.4733 404.149 538.422
internal_count=301384 249973 188642 143512 48101 95411 8952 86459 4593 44763 38693 51411 27117 25797 4295 61331 7194 2637 1320 3338 2515 4557 4359 24294 18603 11141 3496 538 30968 33802
is_linear=0
shrinkage=0.1


Tree=93
num_leaves=31
num_cat=0
split_feature=74 103 163 161 152 158 121 208 100 175 163 232 122 79 220 104 120 94 6 75 110 228 142 131 224 213 132 195 146 85
split_gain=16.1256 15.613 7.1005 6.81707 7.15905 5.70071 5.4896 5.38977 6.17205 6.55392 5.28657 5.66491 5.2806 5.08968 4.93484 5.34039 5.24085 4.84574 7.74161 5.87922 4.83451 5.92135 4.51555 4.29706 4.18846 5.00623 4.12738 6.31794 4.20388 4.11396
threshold=0.1912404075264931 0.12884292006492618 -0.040197012946009629 3.6669213771820073 0.051856007426977165 0.22500000149011615 0.062312275171279914 -0.056398306041955941 0.020598861388862136 -0.069717042148113237 -0.040197012946009629 0.020039886236190799 0.025882831774652008 0.57259953022003185 0.02987010404467583 -0.10853520780801772 0.067730337381362929 0.20988957583904269 0.20294117927551272 0.030536131002008918 0.091284602880477919 0.049527814611792571 -0.010091343428939579 0.041181771084666259 0.052623433992266662 -0.058315677568316453 0.016738111153244976 -0.11800764128565787 -0.023713221773505207 130.50000000000003
decision_type=2 2 2 2 2 2 2 2 2 2 2 2 2 2 2 2 2 2 10 2 2 2 2 2 2 2 2 2 2 2
left_child=1 3 5 6 12 14 29 8 9 -4 11 13 -5 -6 15 16 -2 23 -19 -20 -8 -22 -16 -14 25 -17 28 -28 -26 -1
right_child=2 -3 7 4 10 -7 20 -9 -10 -11 -12 -13 17 -15 22 24 -18 18 19 -21 21 -23 -24 -25 26 -27 27 -29 -30 -31
leaf_value=0.094731893515705268 0.027229123575393168 0.071645721149570393 -0.055007028790411673 0.082360051201156179 0.048564550376892349 0.077906058132450537 0.085388229281571748 0.097278671910911774 0.10308324136148712 0.057042592374753426 0.015678092611130984 0.10122522579288294 0.097105057975922893 0.21795197864480859 0.016043862856341986 0.031278797536708668 0.1433224632751238 0.15981914043429191 0.39252030470696053 1.327185385360391 0.060834266430573075 -0.069768111682839085 0.058614301989485307 -0.12558137820532678 0.0022666333174852248 0.074247097346700777 -0.20361751546669918 0.063247038435125233 0.11325815577735468 0.14483758214167616
leaf_weight=2098.7995723790136 41.388538656098945 517.85710843314882 6.6025263937604022 771.00070818831955 65.660906262118829 743.75765669459656 327.46315731134132 218.98961512800406 21.481742765484341 24.931814891872364 21.001160677033226 38.466764897358871 276.33265314187429 1.8231517109179538 34.66888385436323 31.454413916640988 4.2917628811701425 5.6457670263839637 0.23798492793821413 0.0938337997358758 28.136654955713993 3.960107531643188 88.581194883909575 0.86925722986825249 3.6356652166505219 196.56056016982257 0.98363325660102319 9.0436983442914407 55.590596115705466 16.515444763512278
leaf_count=97093 2709 31809 2415 44279 2524 20666 14455 33769 3770 4083 3449 1272 13800 82 2776 2359 158 1122 48 33 1319 442 4751 74 405 8258 64 422 1770 757
internal_value=0 0.0878964 0.0757536 0.0901983 0.0839476 0.0724717 0.0931814 0.0903526 0.0617435 0.0335821 0.0615132 0.0705984 0.0866494 0.0531407 0.0638019 0.0699697 0.0381363 0.0983277 0.187409 0.656831 0.081758 0.0447205 0.0466397 0.0964068 0.0748614 0.0683197 0.0963998 0.0370689 0.106445 0.0951231
internal_weight=0 4173.86 1481.96 3656.01 1181.13 1209.96 2474.87 272.006 53.0161 31.5343 126.952 105.951 1054.18 67.4841 466.199 342.949 45.6803 283.179 5.97759 0.331819 359.56 32.0968 123.25 277.202 297.269 228.015 69.2536 10.0273 59.2263 2115.32
internal_count=300933 212558 88375 180749 66683 44338 114066 44037 10268 6498 7327 3878 59356 2606 23672 16145 2867 15077 1203 81 16216 1761 7527 13874 13278 10617 2661 486 2175 97850
is_linear=0
shrinkage=0.1


Tree=94
num_leaves=31
num_cat=0
split_feature=93 103 88 159 168 165 182 128 121 178 100 8 197 196 6 141 124 207 129 191 199 115 198 98 193 63 65 12 155 222
split_gain=17.0387 8.99654 7.42652 6.44521 7.59389 6.42628 5.93673 5.62085 5.51449 6.198 6.67606 5.00183 6.07218 5.84182 4.96846 5.12978 4.93508 4.70549 4.82178 4.63905 4.517 5.03229 6.56529 5.28447 5.26538 4.48605 6.74623 6.10958 5.1054 4.47969
threshold=0.067382778972387328 0.13652691245079043 0.69883292913436901 0.68693438172340404 2.7987183332443242 54.500000000000007 -0.026045070961117741 0.018490469083189968 0.042701594531536109 -0.11044254899024962 0.0031275508226826791 0.22477278858423236 0.070818416774272933 0.10739492997527124 0.13021738827228549 0.031292827799916274 -0.021538392640650269 -0.043691910803318017 0.0081331296823918837 -0.078359652310609804 0.11780212447047235 -0.021741943433880802 0.0087036751210689562 0.062979027628898634 -0.072320897132158266 0.079597778618335738 4.5000000000000009 77.500000000000014 -0.041426176205277436 0.058220921084284789
decision_type=2 2 2 2 2 2 2 2 2 2 2 8 2 2 8 2 2 2 2 2 2 2 2 2 2 2 2 8 2 2
left_child=1 2 17 4 16 7 29 -4 -6 -10 -11 12 13 -12 19 -16 -2 18 -1 -3 25 -22 -23 24 -24 -7 27 -27 -29 -5
right_child=3 14 5 6 8 20 -8 -9 9 10 11 -13 -14 -15 15 -17 -18 -19 -20 -21 21 22 23 -25 -26 26 -28 28 -30 -31
leaf_value=0.10563429781916307 -0.024001797808164829 0.051703163742179849 0.04451775423825384 0.067382242054284475 0.086520886459038396 0.092724000316649929 0.077478871744391442 0.109945699621805 0.10734969198520786 0.024839643901497628 0.085428238174471705 0.091946029414085695 -0.053095833678782373 -0.072005882930238213 0.06284541369259615 -0.0014323995765833878 0.058793020029184774 0.089997775057191087 0.082056729121787284 0.086725270251672482 0.051104776171071543 0.10706944664159797 -0.032360587321869937 0.1125358490466804 0.059625390344714792 0.0090530088850707003 0.092587830676330585 -0.030093140381988376 0.075035760552489519 0.043911149487796931
leaf_weight=458.51853848076075 9.6392893690751844 46.770303946062313 67.70907488488524 361.70731637584851 832.6309231370974 756.86809257633149 544.12681121036894 16.289164924880197 28.75583812910827 44.346054875843265 17.15365324261348 50.407702024327136 5.7228992166378694 2.7323863472477106 89.005354304745651 14.428568743511276 28.44046002553705 1128.400762643791 106.97426618810027 197.68413308793038 74.055907312456839 62.804441562349666 7.2079992306985323 16.081863107724303 45.528328546917237 16.130414861731538 226.52215605828212 4.7199169081245591 216.90862108643387 104.90005648923983
leaf_count=18418 2263 3336 4502 17792 48542 38045 29607 1129 1184 4880 1974 2857 787 350 6419 1490 4674 54316 6267 11292 3174 3172 720 661 1405 8542 7968 441 9467 5373
internal_value=0 0.0875246 0.0891826 0.076041 0.0816497 0.0840853 0.0703818 0.0572057 0.0833492 0.0656394 0.0556744 0.0736626 0.0376742 0.0637964 0.072251 0.0538789 0.0378348 0.0937289 0.101174 0.0800247 0.0856678 0.071958 0.0836909 0.0623552 0.0470528 0.0879769 0.0802382 0.0684723 0.0727969 0.0621056
internal_weight=0 3552.61 3204.72 2030.56 1019.83 1510.83 1010.73 83.9982 981.749 149.119 120.363 76.0166 25.6089 19.886 347.888 103.434 38.0797 1693.89 565.493 244.454 1426.83 205.679 131.623 68.8182 52.7363 1221.15 464.281 237.759 221.629 466.607
internal_count=301047 180764 158227 120283 67511 79226 52772 5631 60574 12032 10848 5968 3111 2324 22537 7909 6937 79001 24685 14628 73595 9132 5958 2786 2125 64463 26418 18450 9908 23165
is_linear=0
shrinkage=0.1


Tree=95
num_leaves=31
num_cat=1
split_feature=86 86 86 200 111 129 83 148 167 90 235 157 167 93 206 120 95 63 149 198 214 141 165 231 121 160 5 65 81 199
split_gain=40.1678 9.92068 9.76571 5.4761 6.10887 5.34914 5.2484 5.82545 5.07404 5.82367 5.70831 6.92768 5.39256 9.02875 6.55658 5.22263 5.05849 4.95857 4.98472 4.9115 4.69735 8.36811 4.63795 4.62446 4.57378 4.85601 5.26743 4.54928 4.39502 5.96185
threshold=-0.96707141399383534 -1.1852712035179136 -0.67822298407554615 -0.0040372745133936397 -0.012100497726351021 0.014275002293288709 8.5000000000000018 0.024030474014580253 1.5000000000000002 1.8670067787170412 0 0.55453500151634227 2.5000000000000004 0.16818635910749438 -0.1011541113257408 0.0058081962633878001 -0.22605256736278531 -0.032234342768788331 0.017774645239114765 -0.1618147939443588 -0.12197035923600195 0.016592387109994892 83.500000000000014 0.099513258785009398 0.020199912600219253 1.0000000000000002 0.077193934470415129 4.5000000000000009 0.038648245856165893 0.22859477251768115
decision_type=2 2 2 2 2 2 2 2 2 2 1 2 2 2 2 2 2 2 2 2 2 2 2 2 2 2 8 2 2 2
left_child=1 -1 3 4 -2 6 22 24 15 10 11 -10 -12 14 -14 16 -3 -16 -19 -17 21 -7 -5 -22 25 -8 -27 -20 -4 -30
right_child=2 8 28 5 -6 20 7 -9 9 -11 12 -13 13 -15 17 19 -18 18 27 -21 23 -23 -24 -25 -26 26 -28 -29 29 -31
leaf_value=0.053868406630340183 0.080595165467040042 -0.025469896616370027 0.10055756852796267 0.074609394300099524 0.094345941048302753 -0.071653176827110865 0.1005566460012173 0.0076150829649691033 -0.032101766885014364 0.076502705700742593 0.073557054781755157 0.048847755968192054 -0.030805626133196692 -0.0091217779537580614 -0.014749749260588904 -0.088851942285513644 0.07522094938690238 0.10939044505062874 -0.10446435541860506 0.096705516610355161 0.074093760226871669 0.071555255000469872 0.089293302287949822 -0.012810668386123981 0.11832204832259959 -0.020208811529672754 0.077789875040973011 0.068184578269262219 0.088622338399585332 -0.063201676330146409
leaf_weight=317.05345785898771 488.87050315634974 5.0846467345584179 781.14432021098492 511.19838129397851 952.64900108511688 6.4589785310840879 79.267576445575742 6.8095929847845573 13.099505435581248 443.20024480686698 212.25388414924601 54.793852380852513 6.1093926203106994 23.41956468221349 4.9178572203036302 1.4378225722002742 266.10205340202322 31.191286867269582 2.1482329939424281 180.37840525362412 274.82719097676545 11.079364043240728 371.36249943070902 6.2627117664737844 90.068053186609063 7.3892790946654285 21.280183984510586 5.2709626137498162 393.28577991039765 2.6035474914442593
leaf_count=24509 26211 375 32714 28905 45489 722 3329 595 2953 25708 13615 1510 705 3679 1102 445 16403 2051 666 9242 15472 504 19071 859 2966 1076 1074 279 18483 228
internal_value=0 0.0696662 0.0885535 0.0853673 0.0896826 0.0808792 0.0841349 0.0985565 0.0736751 0.0688688 0.0592899 0.0332292 0.0654914 0.042058 0.0662051 0.0821248 0.073333 0.079821 0.0918666 0.0952381 0.0690247 0.0188148 0.0807881 0.0721575 0.101684 0.0878006 0.0525317 0.018194 0.0962074 0.0876239
internal_weight=0 1566.46 4004.56 2827.52 1441.52 1386 1087.38 204.815 1249.41 796.405 353.205 67.8934 285.311 73.0573 49.6377 453.003 271.187 43.5283 38.6105 181.816 298.628 17.5383 882.561 281.09 198.005 107.937 28.6695 7.4192 1177.03 395.889
internal_count=300940 103242 197698 146273 71700 74573 57016 9040 78733 52268 26560 4463 22097 8482 4803 26465 16778 4098 2996 9687 17557 1226 47976 16331 8445 5479 2150 945 51425 18711
cat_boundaries=0 1
cat_threshold=4
is_linear=0
shrinkage=0.1


Tree=96
num_leaves=31
num_cat=0
split_feature=86 86 86 15 157 131 168 157 175 88 133 90 177 153 138 212 194 12 156 157 225 130 80 105 201 157 4 186 125 167
split_gain=36.3249 13.9368 9.6137 6.2356 5.90963 4.6027 5.00122 4.6533 4.59565 4.41316 5.44524 7.25967 5.45484 4.39083 4.07098 5.85996 4.22005 6.03156 3.94767 3.92268 3.85459 3.78726 3.80267 3.9618 4.01631 3.74426 5.20309 4.54623 3.73367 3.70038
threshold=-0.96707141399383534 -1.1852712035179136 -0.66562828421592701 1.0000000180025095e-35 0.42518542706966406 -0.057836700230836861 3.2901133298873906 0.59474343061447155 0.22792105376720431 0.69370639324188244 0.030697036534547809 2.1377155780792241 0.040964726358652122 -0.04438930191099643 -0.01089072087779641 0.16501245647668841 0.0075270878151059159 59.500000000000007 0.11278963834047319 0.37867735326290136 0.066635672003030791 -0.029936219565570351 0.18245838582515719 0.0061111592222005138 -0.11481321975588797 0.53344655036926281 0.038711288943886764 -0.019351919181644913 0.097295701503753676 1.5000000000000002
decision_type=2 2 2 2 2 2 2 2 2 2 2 2 2 2 2 2 2 8 2 2 2 2 2 2 2 2 8 2 2 2
left_child=1 -1 4 5 9 6 20 -8 -6 -2 13 12 19 -11 16 29 17 -3 -10 -12 -4 25 23 -23 -25 27 -27 -18 -15 -16
right_child=2 14 3 -5 8 -7 7 -9 18 10 11 -13 -14 28 15 -17 21 -19 -20 -21 -22 22 -24 24 -26 26 -28 -29 -30 -31
leaf_value=0.051871716129054092 0.01624861710039632 -0.052238818172920802 0.113219357729408 0.2465736425114019 0.085527133014180204 0.097588308868307327 -0.0093687040525241225 0.080649282701594563 0.13544758378787403 0.26079205404417288 0.045189287123749505 -0.043535551514821746 -0.014870278184172112 0.050735815646850695 0.080499393721354368 -0.061093270279897062 0.076123458239183095 0.074998812278564322 0.085292284583407152 0.45141780408166954 -0.013900990890386303 0.086359343956056878 0.073883788648750559 0.014225188673605817 0.12335557084380407 -0.084028864158751146 0.091866024554132342 -0.047729283365714498 0.32612404397892031 0.066249095073256867
leaf_weight=317.16933748431256 20.518622520008876 3.7852737652658552 20.30181854667649 2.7645342308387617 2813.5640610898799 1021.7449390515878 12.374609462970968 10.714786603333776 34.69685592066844 1.0782923206975308 0.28572434105262789 0.84693182940259237 0.43177292307882442 29.23486867565703 285.81403347641617 3.3516363428261675 6.231062465195917 236.40028753659954 28.652051074575866 1.4144644817588412 2.7028994019719894 63.980717032876328 51.487255100538732 3.5117610183301613 84.96662580985344 1.7758244499927958 31.736867915526091 5.6520960315051525 0.50075020027747896 502.74910466562505
leaf_count=24467 12133 4671 1020 173 119285 44152 1118 85 1546 375 286 454 384 15068 15935 617 963 10719 579 371 265 3948 2831 414 4044 231 433 1218 201 33001
internal_value=0 0.0706396 0.0884721 0.0965822 0.0855099 0.0961939 0.0652836 0.0324047 0.0861269 0.0528306 0.0750428 0.204148 0.302541 0.0625617 0.0752848 0.0708533 0.0824536 0.0729936 0.112763 0.383149 0.0982836 0.0915663 0.0973808 0.105316 0.119024 0.0654438 0.0825454 0.0172142 0.0553734 0.0714141
internal_weight=0 1598.61 4001.83 1070.6 2931.22 1067.84 46.0941 23.0894 2876.91 54.3114 33.7928 2.97889 2.13196 30.8139 1281.44 791.915 489.528 240.186 63.3489 1.70019 23.0047 249.342 203.946 152.459 88.4784 45.3959 33.5127 11.8832 29.7356 788.563
internal_count=300987 103492 197495 46813 150682 46640 2488 1203 121410 29272 17139 1495 1041 15644 79025 49553 29472 15390 2125 657 1285 14082 11237 8406 4458 2845 664 2181 15269 48936
is_linear=0
shrinkage=0.1


Tree=97
num_leaves=31
num_cat=0
split_feature=93 103 103 171 79 65 216 173 88 180 233 112 90 167 135 2 171 179 140 146 220 189 9 77 5 210 210 74 116 72
split_gain=17.8737 11.1744 6.09659 6.69061 5.84464 5.42232 5.35401 5.32518 5.28924 5.10743 5.0677 5.04045 4.88513 5.69014 7.71914 4.59543 4.59167 4.87024 7.8277 6.15586 5.93891 4.76248 5.68446 4.7058 4.96747 4.55782 5.0901 6.24834 5.75657 5.50363
threshold=0.067382778972387328 0.12884292006492618 0.1021050587296486 0.013746987096965315 0.32554347813129431 89.500000000000014 -0.094437565654516206 0.28483276069164282 0.76341146230697643 -0.2496528550982475 0.063601747155189528 0.081427872180938735 1.5028735399246218 1.5000000000000002 -0.030965666286647316 0.1513878330588341 0.06923586875200273 -0.18061103671789167 0.010171977337449791 -0.006512006511911749 0.058131629601120956 0.051974367350339896 1.0000000180025095e-35 0.031830463558435447 0.063660927116870894 0.011520990636199714 0.062070289626717574 0.11803405731916429 -0.0049639153294265262 0.037210106849670417
decision_type=2 2 2 2 2 2 2 2 2 2 2 2 2 2 2 10 2 2 2 2 2 2 8 2 10 2 2 2 2 2
left_child=1 4 3 8 9 10 -7 12 -2 -1 -4 -10 13 -6 -15 -5 17 18 20 -20 -11 22 -21 24 -24 -3 27 -27 29 -28
right_child=2 25 5 15 7 6 -8 -9 11 16 -12 -13 -14 14 -16 -17 -18 -19 19 21 -22 -23 23 -25 -26 26 28 -29 -30 -31
leaf_value=0.03867948166305149 0.088721947616098251 0.080344836490044577 0.062665192464881961 0.072814171394541688 0.097084779365595328 -0.14032530523228576 0.041656793268689818 0.087683550392367332 0.071568398140604547 0.095752161950848014 0.10495977951114513 0.38507288946330648 0.1019805224815149 0.066297226889663108 -0.094235549091336024 0.026071805841780156 0.10493837118314825 0.087483545813382385 0.07723764812614177 -0.06517735462570097 0.023794594623013483 -0.031809300888522622 0.064390690609875692 0.090090922231382792 -0.052263832108663713 0.043496859332827098 -0.021122307913454444 -0.11457736173368088 0.092603942143029541 0.069023997437921633
leaf_weight=22.320424352401005 671.46522782776276 284.15927994035269 157.10287835872168 787.02883748563033 19.593786051750044 1.6581912842734698 64.564605125848175 582.61414369055319 270.1599008475057 106.45174900355755 34.562118179974732 0.51381483975001074 747.6527333183443 8.9609030101801164 4.499247432292349 21.610709621548949 129.51999842074747 1414.425995144559 41.750583916359574 4.366171311139623 12.854803658918625 11.34766140462443 8.5275663033617075 18.349068023609107 6.382388715189335 59.348940191112888 10.160268348427282 2.6105833469446216 58.275569328688562 20.312074039319668
leaf_count=1632 44214 15057 12365 33814 931 237 2889 13057 22010 4801 2132 132 45957 750 503 2706 14147 66888 2055 760 1124 995 427 554 301 5250 971 349 3015 1275
internal_value=0 0.0879125 0.0761232 0.0782376 0.0899933 0.0617687 0.0371 0.0949183 0.0839648 0.0862134 0.070292 0.0721635 0.100317 0.0626961 0.0126369 0.071565 0.0868183 0.0853736 0.0711644 0.0490258 0.087999 0.0249746 0.0421004 0.0561836 0.0144553 0.0728892 0.0588315 0.0368366 0.0741872 0.0389669
internal_weight=0 3574.48 2008.67 1750.78 3139.62 257.888 66.2228 1363.32 942.139 1776.3 191.665 270.674 780.707 33.0539 13.4602 808.64 1753.98 1624.46 210.03 90.7234 119.307 48.9729 37.6252 33.259 14.91 434.867 150.707 61.9595 88.7479 30.4723
internal_count=301298 180799 120499 102876 154882 17623 3126 61198 66356 93684 14497 22142 48141 2184 1253 36520 92052 77905 11017 5092 5925 3037 2042 1282 728 25917 10860 5599 5261 2246
is_linear=0
shrinkage=0.1


Tree=98
num_leaves=31
num_cat=0
split_feature=86 86 86 131 159 170 114 137 109 5 185 124 164 111 71 156 73 227 130 206 178 3 170 159 207 39 164 96 182 137
split_gain=40.8188 9.70466 6.93901 4.38244 4.04887 4.50648 7.93121 4.80222 6.10995 5.20658 4.06332 4.75099 4.0399 4.03224 4.72754 3.84965 4.51301 6.15493 5.56919 4.7652 4.62973 4.42432 3.69137 3.68301 3.75069 5.58675 5.40562 4.738 4.6643 4.55403
threshold=-0.94671633839607228 -1.1852712035179136 -0.66562828421592701 -0.04428571090102195 0.36745832860469824 0.55733183026313793 0.051871752366423614 -0.024596438743174073 -0.014350418932735918 0.066024884581565871 -0.072269022464752183 0.085941251367330565 5.7524466514587411 -0.014981056563556193 0.054669987410306937 0.043717153370380409 0.059262510389089591 0.098286934196949019 0.011350422166287901 0.067177455872297301 -0.40949024260044092 0.17694497108459475 0.42745165526866918 0.14369866251945498 -0.026063952594995495 1.0000000180025095e-35 3.8606742620468144 0.20308240503072741 0.13200771063566211 -0.056832728907465928
decision_type=2 2 2 2 2 2 2 2 2 8 2 2 2 2 2 2 2 2 2 2 2 10 2 2 2 2 2 2 2 2
left_child=1 -1 22 12 5 10 7 -7 9 -9 -5 15 -4 14 -10 21 20 18 19 -18 -17 -12 -2 24 25 27 -27 -24 -26 -28
right_child=2 -3 3 4 -6 6 -8 8 13 -11 11 -13 -14 -15 -16 16 17 -19 -20 -21 -22 -23 23 -25 28 26 29 -29 -30 -31
leaf_value=0.055368895020655312 0.10193745822949969 0.074698169986760987 0.080860314708533471 0.11460566969966464 0.10404289413409795 0.11317467199419196 -0.15792255276746645 -0.14779655915791634 -0.10672228508893529 0.026338353941544285 0.26518558191385994 -0.072357311056365836 -0.079888301175438881 0.094546126256868146 0.059059447808879478 -0.11191630299240192 0.099972972072189747 -0.11150031081379064 -0.005899619922780883 0.016878028114396693 0.099128933184019691 0.0339540661792588 0.08975339530656061 0.084482046639607927 0.10283010691646786 -0.075079035935616739 0.47662526668743965 -0.078762319359652763 0.029828223427088491 0.05033425813258563
leaf_weight=317.82579781053619 156.02426715835736 1421.3963337050359 122.77945533147135 86.546381686076074 574.37181237439609 22.46989576709575 1.501830433467602 1.9947964786781511 2.2263958236653689 12.331564122625423 2.5520331990926475 1.814169514533204 1.5835861573204955 32.581039904850968 7.5645967789050701 1.0470738733201859 36.157644876946506 1.9310201883490652 8.123107473324124 8.5292733212645526 142.78588906790901 1.2245045444708464 105.09521741667731 2218.6529880152684 291.86987208852179 4.2590826206635475 0.25876602107018598 1.6953707797281357 9.0227956928524673 7.9427458509007911
leaf_count=24487 6860 89014 5716 2871 28114 544 52 133 159 374 889 61 229 893 227 86 1175 159 351 467 3548 628 4941 116736 10393 462 36 248 918 544
internal_value=0 0.0711659 0.0896134 0.096461 0.0987816 0.0906446 0.0697332 0.0740518 0.0585473 0.00209188 0.0964474 0.08875 0.0788134 0.0776353 0.021362 0.0901944 0.0882922 0.0638554 0.0702674 0.0841129 0.0975926 0.190211 0.0869915 0.0861078 0.0946929 0.0796846 0.0163202 0.0870781 0.100641 0.0637842
internal_weight=0 1739.22 3864.94 1070.12 945.753 371.381 80.6701 79.1683 56.6984 14.3264 290.711 204.165 124.363 42.372 9.79099 202.351 198.574 54.741 52.81 44.6869 143.833 3.77654 2794.82 2638.8 420.144 119.251 12.4606 106.791 300.893 8.20151
internal_count=301315 113501 187814 46676 40731 12617 2382 2330 1786 507 10235 7364 5945 1279 386 7303 5786 2152 1993 1642 3634 1517 141138 134278 17542 6231 1042 5189 11311 580
is_linear=0
shrinkage=0.1


Tree=99
num_leaves=31
num_cat=0
split_feature=86 86 157 170 223 179 90 96 145 125 93 173 180 9 187 207 2 130 215 179 121 108 151 173 146 120 106 88 172 135
split_gain=31.9296 8.9989 6.9757 8.91107 5.03959 4.81717 5.37989 6.04354 4.79499 6.04064 4.70033 4.29514 6.32943 4.29391 4.28656 5.63872 4.25866 5.15074 5.11061 5.02591 4.80906 4.74281 4.61507 4.75055 5.98018 4.52174 4.25191 4.14188 4.05071 5.98372
threshold=-0.94671633839607228 -1.1852712035179136 0.62295880913734447 0.5150744915008546 0.12516442686319354 0.30183188617229467 2.1377155780792241 -0.10436357557773589 -0.014934660401195286 0.049753844738006599 0.21133834123611453 -0.43478488922119135 -0.074596133083105073 0.079682540148496642 -1.0000000180025095e-35 -0.081649761646985994 0.1003144644200802 -0.0060611390508711329 -0.14172008633613584 -0.31312882900238032 0.11225463822484018 -0.059448411688208573 -0.029877359047532078 0.36448727548122412 0.02278239838778973 0.023358834907412532 -0.11044267937541007 0.65094769001007091 0.21707181632518771 -0.038572594523429864
decision_type=2 2 2 2 2 2 2 2 2 2 2 2 2 10 2 2 8 2 2 2 2 2 2 2 2 2 2 2 2 2
left_child=1 -1 3 5 -5 6 7 13 9 -6 11 12 27 28 15 -8 20 18 -18 -19 22 -21 -9 -24 25 -25 -16 -4 -2 -30
right_child=2 -3 10 4 8 -7 14 16 -10 -11 -12 -13 -14 -15 26 -17 17 19 -20 21 -22 -23 23 24 -26 -27 -28 -29 29 -31
leaf_value=0.057365965675374712 0.1046145298162174 0.07573640821525407 -0.082371357753293628 0.078666114477826635 -0.089886372841703199 0.12538013826709379 0.11086313817409812 0.1071988288285005 0.061981384356605565 0.073306670962290363 0.076527559329939376 0.097331810673876057 0.099842785462378084 0.30427482312929249 -0.064028561232408424 0.077902935520878153 -0.08694164512341597 -0.0084512413074791064 0.10025238403059802 0.012984549852066145 -0.018263772121022002 0.083874079449863387 0.074873376456529847 0.068666350256086556 -0.095465492462535398 -0.056797305654990984 0.10723784560849166 0.042694114002377694 -0.039184739058589331 0.084633988962972473
leaf_weight=327.90840125152363 198.43859130337989 1427.4939782152446 3.7888803354871952 792.29170996092535 5.4035273581202983 37.04515481693511 74.529155066958083 41.328841261583079 26.625623787185305 3.9090698501822772 132.09785901497889 1174.235805053333 15.990532098861875 0.99964494519485825 1.4576614355501067 170.9761080760502 1.4688822231128131 7.0086313268830045 205.15527816338613 10.222747036792496 5.5560732989795261 122.9160409562005 387.98563610467886 18.306759702532652 3.3020923310241406 3.4071973205336681 261.23907100230645 8.7943838951177877 4.090765316631404 85.034656063925013
leaf_count=24486 14854 89141 50 74412 1003 4267 2795 1939 3074 258 2240 8828 103 601 121 12066 226 561 9293 817 603 7075 25640 789 259 214 12670 160 264 2783
internal_value=0 0.0723048 0.0886094 0.0854603 0.0770048 0.0897292 0.0889056 0.0849598 0.040379 -0.0213842 0.0944332 0.0963996 0.0580921 0.0973797 0.097409 0.0879088 0.0805169 0.0888844 0.0989216 0.0740861 0.0742075 0.078431 0.0753383 0.0721501 0.0299129 0.0489795 0.106288 0.00503631 0.0966605 0.0789508
internal_weight=0 1755.4 3803.61 2468.7 828.23 1640.47 1603.42 1095.22 35.9382 9.3126 1334.91 1202.81 28.5738 288.564 508.202 245.505 806.658 346.772 206.624 140.147 459.887 133.139 454.331 413.002 25.016 21.714 262.697 12.5833 287.564 89.1254
internal_count=301592 113627 187965 176584 78747 97837 93570 65918 4335 1261 11381 9141 313 18502 27652 14861 47416 17972 9519 8453 29444 7892 28841 26902 1262 1003 12791 210 17901 3047
is_linear=0
shrinkage=0.1


Tree=100
num_leaves=31
num_cat=0
split_feature=86 86 86 17 154 199 126 174 141 15 227 8 77 226 17 181 157 127 179 135 196 166 177 178 175 205 96 191 108 159
split_gain=35.4201 11.146 7.30352 6.03489 4.41615 4.31149 5.41454 4.96924 4.08582 3.86318 3.82809 7.18747 5.70581 5.08707 3.79828 3.77492 3.73969 5.62127 4.29991 3.94357 3.95332 3.83253 3.67944 3.63756 5.49293 4.15532 3.72296 3.82089 6.23096 5.20629
threshold=-0.94671633839607228 -1.1852712035179136 -0.66562828421592701 6.5000000000000009 0.02045251335948706 0.11780212447047235 -0.056538214907050126 -0.29172867536544794 0.063425280153751387 1.0000000180025095e-35 0.060994589701294906 0.26736092567443853 0.19859155267477038 0.063255410641431822 10.500000000000002 -0.17321622371673581 0.55453500151634227 -0.0050664653535932294 0.027354275807738308 0.033301737159490592 -0.21141127496957776 0.017632778733968738 0.040964726358652122 0.058206684887409217 -0.18151747435331342 0.1713787838816643 -0.12179733440279959 -0.10434985905885695 0.012942668981850149 0.63895827531814586
decision_type=2 2 2 2 2 2 2 2 2 2 2 10 2 2 2 2 2 2 2 2 2 2 2 2 2 2 2 2 2 2
left_child=1 -1 3 4 -2 16 -7 -8 -9 -4 -5 12 13 -12 23 -16 17 18 -6 -19 -21 -18 -13 -3 -25 26 -26 28 29 -28
right_child=2 14 9 10 5 6 7 8 -10 -11 11 22 -14 -15 15 -17 21 19 -20 20 -22 -23 -24 24 25 -27 27 -29 -30 -31
leaf_value=0.055046214676549902 0.086427003762469687 0.076725622676569571 0.095681368050897275 0.096752934435678728 0.064447335477334125 -0.086519868968502861 -0.18341026106694341 0.064433595331598967 -0.15225772491102285 0.18149225862722901 0.10341501425297656 0.041905781678462067 -0.038200024621471207 -0.016449243116947673 -0.11612172633966136 0.092835919962074645 -0.036181997849011584 0.05913008192967846 0.13714608783981883 0.4106731274203389 -0.099680687540403698 0.086291751404205239 -0.069216692177074532 -0.1346705538194036 0.092960533104473012 -0.059502978447949807 0.0026260289889841952 0.066464234853300386 -0.058830090284232819 0.087757538344727173
leaf_weight=322.99301616720959 1494.5924311020331 1013.2363975771304 1041.3689091652041 638.031014046461 15.24258460754845 2.6434955550876102 0.83544704506766621 72.988650232927057 0.8806539132110619 5.2729526200637329 53.21527499741137 10.131510987343971 3.3844860409426465 3.7930654299029802 0.87011282984224081 135.3102153616345 2.574557148225721 117.04710942159977 17.450068709482366 0.16216562593399464 2.3703105278809735 337.21921826412836 4.221220716051902 1.3871432693281338 43.24132652943922 2.6626172895212212 12.805422570996599 196.05726800500065 6.3636451824722817 16.363293532272564
leaf_count=24654 77705 62955 46435 27852 2146 132 33 3332 63 189 3575 751 481 595 223 6933 90 16240 1535 12 529 5749 374 207 2713 1085 1461 12024 634 660
internal_value=0 0.0718224 0.0889948 0.0863115 0.0835719 0.0760779 0.0541304 0.0591074 0.0618502 0.0961137 0.0942446 0.0728333 0.0879505 0.0954398 0.0756161 0.0915008 0.0795279 0.0665051 0.103251 0.0564589 -0.0670005 0.0853638 0.00922402 0.073942 0.0638285 0.0648208 0.0660253 0.060996 0.0308242 0.0503838
internal_weight=0 1751.29 3823.43 2776.78 2064.01 569.414 77.3482 74.7048 73.8693 1046.64 712.777 74.7456 60.3928 57.0083 1428.3 136.18 492.066 152.272 32.6927 119.58 2.53248 339.794 14.3527 1292.12 278.881 277.494 274.831 231.59 35.5324 29.1687
internal_count=301367 113549 187818 141194 107566 29861 3560 3428 3395 46624 33628 5776 4651 4170 88895 7156 26301 20462 3681 16781 541 5839 1125 81739 18784 18577 17492 14779 2755 2121
is_linear=0
shrinkage=0.1


Tree=101
num_leaves=31
num_cat=0
split_feature=88 63 104 66 0 8 166 85 2 186 166 8 143 125 204 64 104 13 166 174 173 138 93 185 197 214 188 1 185 114
split_gain=16.6205 10.2497 7.04474 5.80604 10.4253 5.96574 5.5956 6.29439 5.35018 5.15534 5.11474 7.9442 6.2411 7.74499 5.38922 5.35058 4.67783 4.85362 4.67541 4.48113 4.40004 5.29172 4.3394 5.58536 4.69047 4.95514 4.32013 4.76114 4.61646 4.31346
threshold=0.72241657972335827 0.33526432514190679 -0.085044816136360155 1.5886483788490298 0.21864652633666995 0.32022412121295935 0.9646936058998109 24.500000000000004 0.25357143580913549 0.25139719247817999 0.55290481448173534 0.1218552812933922 0.0014362468500621619 0.022270898334681991 -0.038916936144232743 3.5000000000000004 -0.032732577994465821 0.047581315040588386 0.57009300589561474 -0.12365362048149107 -0.17792709171772 0.017501544207334522 -0.19795993715524671 0.16430783271789554 -0.06026411056518554 -0.14926922321319577 0.070059522986412062 0.36666667461395269 -0.044784717261791222 0.0018365157302469017
decision_type=2 2 2 2 8 8 2 2 8 2 2 10 2 2 2 2 2 8 2 2 2 2 2 2 2 2 2 10 2 2
left_child=2 10 9 20 8 -6 22 -8 -5 -1 11 12 26 15 -15 -14 17 -12 -7 -16 21 -3 24 -24 -4 -26 27 -2 -28 -13
right_child=1 3 6 4 5 18 7 -9 -10 -11 16 29 13 14 19 -17 -18 -19 -20 -21 -22 -23 23 -25 25 -27 28 -29 -30 -31
leaf_value=0.079659461325017625 -0.01663136188099288 0.060982113015740295 0.13202920321797282 0.0096802016402439892 0.041885433180452035 0.017767484772087668 -0.11267272186444686 0.076186063814275784 0.11353183588798735 -0.035987567967267098 0.067767655721151052 0.062773933382309091 0.059837188916232936 0.020759141099035046 0.018533308756526298 -0.020005580253916848 0.087965397410871449 0.083594622424476642 0.094206493815985282 0.15143299279982225 0.078540779399542834 -0.067958779460908031 0.089494638868332643 0.10591296198452574 -0.13447353785005264 0.098255525076523353 0.1382507137133227 0.46456985694418895 -0.014770822176103629 0.090082042289413661
leaf_weight=573.76404205739345 23.554859172824997 10.796745380899209 54.49318441168441 59.640237973783314 54.241780780546151 9.071720721287873 1.7819240627994748 182.94501228522324 5.4107299692327606 3.8807517383165751 314.71120135634703 96.046277137648985 27.466816010696675 5.7096158069246057 2.9940808930573501 12.086635619861452 897.03121036750429 504.17590884791389 67.848442499666362 16.623339721553972 205.53162550995535 4.5133665013790951 1945.4371649863524 231.90075501819501 0.92230088463565962 113.40784154022288 4.5790255035706195 0.20742681777983207 3.4622173374664253 145.41517000889985
leaf_count=31994 7122 559 2108 7340 5715 1686 197 6859 430 435 16921 13841 6461 1562 878 4009 31061 14142 2296 1894 8599 266 101203 9016 211 5394 854 33 1669 16388
internal_value=0 0.0778596 0.0888471 0.0635667 0.0510492 0.0672824 0.0911214 0.0743643 0.0183182 0.0788825 0.0807616 0.0695207 0.0452981 0.0630864 0.106263 0.0354391 0.0829768 0.0775121 0.0851915 0.131149 0.0746883 0.0229708 0.0924408 0.0912433 0.107886 0.0963781 0.00900933 -0.0124308 0.0723661 0.0792197
internal_weight=0 2471.12 3108.53 417.055 196.213 131.162 2530.89 184.727 65.051 577.645 2054.06 338.145 96.684 64.8805 25.327 39.5535 1715.92 818.887 76.9202 19.6174 220.842 15.3101 2346.16 2177.34 168.823 114.33 31.8035 23.7623 8.04124 241.461
internal_count=301143 143726 157417 26891 17467 9697 124988 7056 7770 32429 116835 54711 24482 14804 4334 10470 62124 31063 3982 2772 9424 825 117932 110219 7713 5605 9678 7155 2523 30229
is_linear=0
shrinkage=0.1


Tree=102
num_leaves=31
num_cat=0
split_feature=86 86 86 17 10 172 203 96 160 69 187 145 193 191 69 159 232 2 157 156 192 194 95 228 168 139 196 201 139 191
split_gain=32.6109 11.5001 9.72138 4.32432 4.02373 4.9673 4.29411 3.96576 4.1475 5.4673 4.43675 3.6394 5.47095 3.87419 4.8263 3.88875 5.11841 3.85232 3.71777 4.26015 4.16298 5.14677 4.57427 4.10651 4.27846 3.9802 4.71868 3.89368 3.73131 3.57966
threshold=-0.94671633839607228 -1.1534370779991148 -0.66562828421592701 10.500000000000002 199.50000000000003 -0.13490908592939374 0.1329021826386452 -0.045395318418741219 2.0000000000000004 126.93966674804689 0.10285846143960954 -0.032251929864287369 0.11585063859820367 0.04147977568209172 135.76856231689456 0.21680343896150592 0.060589820146560676 0.24404761940240863 0.46466463804245001 0.097693528980016722 0.14508581161499026 0.07538271322846414 0.059292543679475791 -0.057938171550631516 3.4659839868545537 0.0070845617447048434 0.16646116226911548 -0.14396948367357251 0.031388813629746444 0.021107380278408531
decision_type=2 2 2 2 10 2 2 2 2 2 2 2 2 2 2 2 2 10 2 2 2 2 2 2 2 2 2 2 2 2
left_child=1 -1 -2 11 5 -5 -7 8 -4 -10 -11 12 13 15 -15 16 -3 29 23 20 22 -22 27 -13 -25 -26 -27 -20 -28 -17
right_child=2 3 7 4 -6 6 -8 -9 9 10 -12 18 -14 14 -16 17 -18 -19 19 -21 21 -23 -24 24 25 26 28 -29 -30 -31
leaf_value=0.057784110525978517 0.086263847634524604 -0.02434569102021656 0.10529228013548655 -0.013223370250910863 0.077973969373678814 0.1224301123737138 -0.047865262850506823 0.091376527978001235 0.14537915824911801 -0.015149418178568384 0.09532378797921133 0.0024618602752468337 0.11918702574317551 0.10883758734966907 0.030139271908308576 0.081054111874735421 0.16550411137820362 -0.08683151515560629 -0.056385805307189875 0.072738104813148394 0.15323390235116707 -0.092168935695189066 0.012307596984133189 0.032433819763197085 0.10191170070977665 0.011537844774831359 -0.072023281154909691 0.097328747914442792 0.30310549672306591 -0.027752152374344887
leaf_weight=387.56414595589695 2753.4003373740297 8.5928283994738859 518.01529742766252 3.0130274051248298 73.20057803884265 60.453155230018638 1.5178808747891697 533.47284762631875 5.4629512346205074 9.1540619488412158 6.0301782998217268 13.508748639078247 43.781702919154668 53.971022750967336 9.1076317417655428 66.914540436479001 1.7012394730991207 1.4811386632627535 1.6897634319332144 885.69231092323571 16.004811619103751 0.9028353134367525 7.7205342481008747 28.216115481411634 30.469453403474517 10.692970909395624 0.35624076954536477 66.511669422452542 1.037044447015887 3.1667635860580949
leaf_count=29494 141163 845 20984 922 2138 3828 344 24244 303 1121 251 5754 1428 2601 801 3868 194 186 439 28025 555 213 1616 13255 5850 3376 124 6963 88 399
internal_value=0 0.0730164 0.0894095 0.0772644 0.0940519 0.112163 0.118259 0.0974879 0.10354 0.0595887 0.0287232 0.0754108 0.0882081 0.07885 0.0974747 0.0644978 0.00702966 0.0727645 0.0731385 0.0748742 0.0952552 0.14013 0.0852618 0.0529856 0.0626294 0.0826503 0.0340924 0.0935203 0.207191 0.0761375
internal_weight=0 1777.27 3825.54 1389.7 138.185 64.9841 61.971 1072.14 538.662 20.6472 15.1842 1251.52 188.717 144.935 63.0787 81.8565 10.2941 71.5624 1062.8 978.522 92.8296 16.9076 75.922 84.2806 70.7718 42.5557 12.0863 68.2014 1.39329 70.0813
internal_count=301372 113306 188066 83812 7232 5094 4172 46903 22659 1675 1372 76580 10322 8894 3402 5492 1039 4453 66258 37811 9786 768 9018 28447 22693 9438 3588 7402 212 4267
is_linear=0
shrinkage=0.1


Tree=103
num_leaves=31
num_cat=0
split_feature=88 88 170 79 79 164 138 12 160 105 118 109 68 158 161 88 13 3 90 200 134 17 118 131 140 163 131 90 103 200
split_gain=19.3019 9.64779 6.41869 6.30981 6.19961 6.14538 4.87724 4.5511 4.48029 6.2111 6.33651 4.77207 5.32509 4.6303 5.00598 4.62959 4.52897 4.35514 4.32993 4.2245 4.33578 4.6409 4.16242 4.2499 4.30244 4.35853 5.17307 4.23589 4.15516 7.60434
threshold=0.72241657972335827 0.81457769870758068 0.44100475311279302 0.31494164466857916 0.28918129205703741 3.8606742620468144 0.011168443132191898 22.500000000000004 1.0000000000000002 0.18358709663152697 0.0022837836295366292 0.11507329344749452 34.978675842285163 1.0000000180025095e-35 3.5653271675109868 0.80441498756408703 0.038546442985534675 0.125657893717289 1.2644284367561343 -0.072631526738405214 -0.0061897616833448401 5.5000000000000009 0.026618920266628269 -0.063520830124616609 0.0088933864608407038 -1.3052222728729246 0.021864037960767749 1.3621010184288027 0.11667105555534364 0.096259292215108885
decision_type=2 2 2 2 2 2 2 8 2 2 2 2 2 2 2 2 10 8 2 2 2 2 2 2 2 2 2 2 2 2
left_child=4 2 18 8 5 6 7 -1 -4 10 13 12 -12 14 -10 -15 -17 -5 -2 20 -8 -22 23 -14 -25 -26 -27 -24 -7 -30
right_child=1 -3 3 17 -6 28 19 -9 9 -11 11 -13 22 15 -16 16 -18 -19 -20 -21 21 -23 27 24 25 26 -28 -29 29 -31
leaf_value=-0.0098767735011751605 -0.029439394015876814 0.05844560524430617 0.078286180052588472 0.039207388415259815 0.09388512447446265 0.083360198484858192 0.11523474053794112 0.10395460982976315 0.077883030437741391 -0.05783449446488366 0.11595200633896766 0.11589358767842761 0.093854173427617704 0.086644687468772685 -0.0060526415290413256 -0.03927273675063734 0.070284726547524698 0.08808203136768325 0.098526738135041536 0.072424572878470247 0.074495929746747139 -0.10411553462333303 -0.09479483354446247 0.044974524614133968 0.069501612528298923 -0.031586373837937602 0.097762405306813238 0.065036559185755349 0.076976795429913286 0.021537152111751286
leaf_weight=3.5553345943898185 2.6819206731843215 249.76486136173207 896.32284225435922 18.860733763012149 1399.5097757517203 1088.2005994694248 53.212721591030231 290.22619751743082 15.919452717982496 3.9752323197403703 12.851228918832247 12.816100333220673 11.394810153291017 224.28244220866247 12.833794486088662 5.8104622474652414 10.761891532774369 546.96157115200958 187.89853144725362 136.65308509172735 8.9056691710395608 1.7387584600910475 1.6817742003233878 64.280491778362148 7.5649137578675427 25.306089497966472 3.5222300317918771 117.97931436111048 122.62822992399379 30.994589966071544
leaf_count=8042 222 18202 51371 7066 63783 41858 2493 18383 2257 475 1026 510 603 12411 1767 807 358 18940 10623 14412 880 461 498 5146 247 2650 237 8423 5763 1432
internal_value=0 0.0770636 0.079193 0.0775166 0.0889327 0.0849404 0.0943707 0.102577 0.073974 0.0666947 0.067634 0.0564117 0.0532948 0.078348 0.040419 0.082876 0.0318726 0.0864529 0.096726 0.0823469 0.103581 0.0453199 0.04982 0.035971 0.0294195 0.00194508 -0.0157826 0.0627902 0.0811868 0.0657914
internal_weight=0 2433.47 2183.71 1993.13 3135.62 1736.12 494.292 293.782 1427.3 530.98 527.005 257.397 244.581 269.608 28.7532 240.855 16.5724 565.822 190.58 200.51 63.8571 10.6444 231.73 112.069 100.674 36.3932 28.8283 119.661 1241.82 153.623
internal_count=301346 143839 125637 114792 157507 93724 44671 26425 88786 37415 36940 19340 18830 17600 4024 13576 1165 26006 10845 18246 3834 1341 17804 8883 8280 3134 2887 8921 49053 7195
is_linear=0
shrinkage=0.1


Tree=104
num_leaves=31
num_cat=2
split_feature=86 86 157 86 160 74 148 159 178 173 159 156 157 237 11 237 181 182 16 216 193 111 190 17 198 208 92 186 104 210
split_gain=31.9061 12.8568 8.2348 5.52425 5.15073 4.83163 4.81422 7.04555 5.57553 5.19921 4.99645 4.65834 5.42085 6.17632 4.74213 6.09657 4.51428 4.48134 4.3852 7.78341 4.28079 4.21158 4.69424 5.07787 4.59309 4.55824 4.33057 4.3979 4.16281 4.15879
threshold=-0.94671633839607228 -1.1852712035179136 0.65575143694877636 -0.67822298407554615 1.0000000000000002 0.3121218234300614 0.0048410890158265838 0.053978729993104942 -0.059134416282176964 0.044388014823198325 0.32941353321075445 0.25116822123527532 0.65575143694877636 0 0.025062814354896549 1 -0.10683855786919592 -0.032967532053589814 1.0000000180025095e-35 0.040628172457218177 -0.13584103435277936 -0.031232394278049466 -0.042012002319097512 18.500000000000004 -0.011354309041053055 0.059667758643627174 0.89475247263908397 0.055639546364545829 0.021290159784257415 -0.13823829591274259
decision_type=2 2 2 2 2 2 2 2 2 2 2 2 2 9 8 9 2 2 2 2 2 2 2 2 2 2 2 2 2 2
left_child=1 11 3 4 21 17 7 16 -9 -10 20 14 13 -13 15 -1 -3 -4 19 -6 -8 22 26 24 25 -24 -2 -28 -27 -11
right_child=2 6 5 -5 18 -7 10 8 9 29 -12 12 -14 -15 -16 -17 -18 -19 -20 -21 -22 -23 23 -25 -26 28 27 -29 -30 -31
leaf_value=-0.028757457687862142 0.12095169854691455 -0.098294939696898315 0.11364578017631724 0.093444513005337113 -0.0096949758158612672 0.075714534174952608 0.015555426465164349 0.087567478069230376 0.063670728750121627 -0.0037687679752572293 0.079068871014613351 0.041800008241416053 0.060052809850552315 -0.013222399052614362 0.074689891001587197 0.048638772586934165 0.034965768405913526 0.09578139418610325 0.078778017445277765 0.098911701876831071 0.10783239799894846 0.090652272427605873 0.042915350181042963 -0.16273415642825551 0.083564311584892914 0.10039681318626303 0.0938921416827323 0.042432400154508609 -0.043590086616282192 0.082365023601781065
leaf_weight=9.5406497268413641 39.82634799990592 2.9250512467419894 206.44855579390423 881.80771547634185 15.151300946741005 81.923079333577334 5.2697491710155182 240.77164990673896 474.51259237672889 5.7183302240341609 302.8352633823572 41.959077666184385 78.856784803254413 31.17136962335826 131.26307716390284 23.653371442707339 19.41413290126377 439.05251840905839 713.82727630576028 11.68980696587232 109.28314826569954 1087.6058008369232 78.090353057642915 0.93530292591913067 127.31904960692259 26.548871955380495 68.170563063632017 21.95685686347997 2.1721766868868135 284.27292404052548
leaf_count=4054 2119 499 977 50002 4047 1189 709 13605 28262 701 18177 1792 1441 2048 11011 4116 2513 2609 51029 1511 7058 56480 4816 159 6154 1258 3222 1696 223 17385
internal_value=0 0.0727432 0.0890234 0.08676 0.0840725 0.0985915 0.0767412 0.0730626 0.074297 0.0701176 0.085798 0.0544867 0.0418659 0.0222548 0.0661507 0.0323829 0.0175169 0.101495 0.077286 0.0376053 0.103587 0.0875329 0.0782384 0.0698066 0.0707355 0.0554436 0.0934904 0.0813555 0.0895071 0.0806666
internal_weight=0 1761.45 3802.53 3075.1 2193.29 727.424 1445 1027.61 1005.28 764.504 417.388 316.444 151.987 73.1304 164.457 33.194 22.3392 645.501 740.668 26.8411 114.553 1452.63 365.02 235.066 234.13 106.811 129.954 90.1274 28.721 289.991
internal_count=300862 113371 187491 182716 132714 4775 88909 62965 59953 46348 25944 24462 5281 3840 19181 8170 3012 3586 56587 5558 7767 76127 19647 12610 12451 6297 7037 4918 1481 18086
cat_boundaries=0 2 4
cat_threshold=404325712 1368745 2551154410 6054055
is_linear=0
shrinkage=0.1


Tree=105
num_leaves=31
num_cat=0
split_feature=86 86 86 83 133 175 124 214 7 70 178 224 146 146 178 7 6 153 153 216 0 118 100 156 191 133 170 195 211 130
split_gain=35.1216 12.245 8.1351 5.30192 4.17874 3.99432 5.17848 4.87736 4.18859 4.04126 3.64258 3.63573 7.00629 5.71594 5.81625 5.53487 5.33172 7.0956 5.57702 4.8562 4.01586 5.75027 4.65453 4.98946 5.51468 3.87723 3.84741 3.79439 3.72124 3.87447
threshold=-0.93589836359024037 -1.1852712035179136 -0.727817803621292 10.500000000000002 0.030697036534547809 -0.16873402148485181 0.011072859168052675 0.010843608528375627 0.20057471096515658 8.5000000000000018 -0.049706086516380303 -0.0082586882635951025 -0.018268157728016373 0.0018319910741411152 0.37573242187500006 0.13397436589002612 0.095542371273040785 0.033388625830411918 0.0071691181510686883 0.060110373422503478 0.30126051604747778 -0.057732045650482171 0.068485356867313399 0.083722744137048735 0.19036160409450534 0.016524939797818664 0.60061484575271618 -0.089377652853727327 -0.071778662502765642 -0.012912605423480271
decision_type=2 2 2 2 2 2 2 2 10 2 2 2 2 2 2 8 8 2 2 2 10 2 2 2 2 2 2 2 2 2
left_child=1 -1 -2 -3 5 6 8 -8 9 -4 -5 13 16 14 -7 19 17 18 28 25 22 -22 27 24 -24 -15 -23 -14 29 -13
right_child=2 3 4 10 -6 11 7 -9 -10 -11 -12 12 20 15 -16 -17 -18 -19 -20 -21 21 26 23 -25 -26 -27 -28 -29 -30 -31
leaf_value=0.054963643014849489 0.085411963416478193 0.074385529852088267 0.081993130711673537 0.057676200816502099 0.10795788722469245 0.096131814029425 -0.080725419243341631 0.10460060939300571 -0.10694562964745083 -0.00082691178158858167 0.10083968167945248 0.09845250565038817 0.11254220217453269 0.062913578481802873 -0.045981452560245911 0.082583631990554185 0.095885418168208641 -0.12595944563858266 0.091299658712850007 -0.043895394742189259 -0.15922721881077606 0.12790146716388362 0.21457912831771508 0.11492287244819983 1.0161509612986717 -0.10610141176708095 -0.064590137284084637 0.088902918320942451 0.043959303980770012 -0.15978395604081583
leaf_weight=325.31150866657799 2151.8141963547059 1365.7871666722947 13.312701554905749 23.111770488266984 210.41082740416186 413.40802558655287 1.4961562941007311 27.9273032759329 1.9539127638008711 10.569481191839939 126.91219270496731 0.84513614808565796 91.433666770691843 31.121854841007234 2.9000785681528205 170.87230744770227 94.855802943622166 2.0092874528172606 35.975238516175068 5.7842437509174252 0.71412199918449815 89.116230843004359 3.5700704616504022 99.028400177309777 0.087943553051445522 1.4191770421957688 1.0505925231891513 263.81474984583508 27.037829883267477 1.8589920873264443
leaf_count=24624 111919 86091 597 2064 8428 16788 199 445 210 593 5681 113 3304 3058 215 6605 4434 324 2067 850 86 4013 914 2266 25 334 276 12637 2096 174
internal_value=0 0.0725676 0.0894291 0.0763457 0.094823 0.0928379 0.0664914 0.0951769 0.0338227 0.0453397 0.0941902 0.0939269 0.0988168 0.0883654 0.0951418 0.0748802 0.0805836 0.0591522 0.064812 0.0405348 0.104218 0.12342 0.100408 0.119159 0.23385 0.0555425 0.125659 0.0949872 0.032773 -0.0790759
internal_weight=0 1841.12 3754.39 1515.81 1602.57 1392.16 55.2596 29.4235 25.8361 23.8822 150.024 1336.9 711.398 625.506 416.308 209.198 162.582 67.7265 65.7172 38.3253 548.816 90.8809 457.935 102.686 3.65801 32.541 90.1668 355.248 29.742 2.70413
internal_count=301430 118460 182970 93836 71051 62623 2044 644 1400 1190 7745 60579 32729 27850 17003 10847 9208 4774 4450 4242 23521 4375 19146 3205 939 3392 4289 15941 2383 287
is_linear=0
shrinkage=0.1


Tree=106
num_leaves=31
num_cat=0
split_feature=86 86 86 17 221 194 156 197 119 215 119 157 205 163 81 92 184 81 206 5 118 192 225 215 139 65 129 158 86 107
split_gain=33.8386 12.6988 6.94751 5.58288 4.57574 4.87729 4.54825 4.78115 8.45487 5.69892 5.41982 4.96583 5.87241 4.9857 7.29612 4.93511 4.8572 4.81863 4.60088 6.21523 4.56475 4.53611 4.62754 4.52048 5.13822 5.08581 4.63182 4.49084 4.48459 4.47624
threshold=-1.0724866986274717 -0.76415729522705067 -1.1852712035179136 12.500000000000002 -0.022447749972343441 -0.10918805748224257 0.097693528980016722 -1.0000000180025095e-35 0.012210714630782606 -0.089612100273370729 -0.050567859783768647 0.55453500151634227 -0.085212536156177507 0.73838225007057201 0.099295776337385191 0.80228614807128917 -0.057265810668468468 0.20354676246643069 -0.055194649845361703 0.085837088525295271 0.0847047194838524 0.051924603059887893 -0.12503491342067716 0.04982296563684941 0.010370192583650352 71.500000000000014 0.065256122499704375 0.45000000298023229 -0.88824206590652455 0.017391235567629341
decision_type=2 2 2 2 2 2 2 2 2 2 2 2 2 2 2 2 2 2 2 8 2 2 2 2 2 2 2 2 2 2
left_child=2 3 -1 6 -5 -6 20 8 11 -10 17 13 -13 15 -15 16 -8 -9 19 28 21 27 -23 24 25 26 -12 -2 -11 -16
right_child=1 -3 -4 4 5 -7 7 10 9 18 23 12 -14 14 29 -17 -18 -19 -20 -21 -22 22 -24 -25 -26 -27 -28 -29 -30 -31
leaf_value=0.05312692068163502 0.08064424183409577 0.093668076092673497 0.072550080315530605 0.11642122223701067 -0.01462488424645963 0.090083548665154528 -0.065134953728596165 0.065630781847180561 0.090730871903920582 -0.029077641563855585 0.071927857227041814 0.10591503097262776 0.081304284348881428 0.051159523982632626 -0.059078813318067858 0.059951055361437661 0.18031472938318457 -0.028818676622887479 0.066475052960527983 0.06351971282312803 0.030409811658229591 -0.090647874381488858 0.11496420356486579 0.09763485142558638 0.093021903069917977 0.089719295291542045 -0.077271793029758479 0.11839641628512017 0.038339912940241846 0.46513504912370945
leaf_weight=311.66081198845518 182.76881405721076 1893.6729390584501 450.14244762923113 88.325256294778342 4.6650034661438431 95.859265182404556 0.93333962041288021 65.908657927541299 71.674336037620378 16.271905627241722 413.61529229827238 128.324974644951 396.60041242777152 1.4665460052387964 0.1935698434454024 138.12383094491543 5.9201940564266797 5.8838394502581641 273.75882210892951 53.06844840193844 11.258642677023543 1.1066934963300799 100.12380434764634 268.75865378288017 336.18681980029169 229.64420997038178 2.091252822234309 38.073561894732165 25.066200503975779 1.0277577831093365
leaf_count=24501 39058 85224 29767 3030 727 4794 144 3535 2710 1902 16567 1580 7390 2330 369 11615 263 439 11854 2500 2939 514 16930 9150 10090 4801 263 4031 1763 433
internal_value=0 0.0872745 0.0646039 0.0831796 0.0998152 0.0852244 0.0820445 0.0805446 0.0757134 0.0649327 0.0846096 0.0827634 0.0873207 0.0665628 0.201512 0.0640609 0.146888 0.0578901 0.0599103 0.0408741 0.0929997 0.0951876 0.112716 0.0861439 0.0829975 0.0777754 0.0711773 0.0871528 0.0118024 0.382052
internal_weight=0 4850.37 761.803 2956.7 188.85 100.524 2767.85 2434.52 1112.43 439.84 1322.09 672.591 524.925 147.665 2.68787 144.977 6.85353 71.7925 368.165 94.4066 333.332 322.073 101.23 1250.3 981.538 645.351 415.707 220.842 41.3381 1.22133
internal_count=301213 246945 54268 161721 8551 5521 153170 89698 44853 20729 44845 24124 8970 15154 3132 12022 407 3974 18019 6165 63472 60533 17444 40871 31721 21631 16830 43089 3665 802
is_linear=0
shrinkage=0.1


Tree=107
num_leaves=31
num_cat=0
split_feature=86 86 86 93 0 132 127 183 170 3 17 108 212 13 175 217 203 219 65 187 192 155 104 1 127 198 171 138 5 154
split_gain=37.1474 12.7255 7.51199 5.23774 5.71432 4.46049 4.46257 4.54992 4.35173 4.58276 4.34248 4.25316 5.97236 4.19769 6.26621 4.17983 5.91751 4.02594 3.96799 3.854 4.046 4.29106 4.2119 4.05609 4.00385 5.38797 3.77283 4.55748 4.31043 5.58636
threshold=-0.93589836359024037 -1.1852712035179136 -0.66562828421592701 -0.11751691624522208 0.096006143838167204 -0.0098817725665867311 -0.0050664653535932294 0.14192783087491992 0.5425086021423341 0.21494654566049579 7.5000000000000009 -0.1017661690711975 -0.066896162927150712 0.09213085845112802 -0.069717042148113237 -0.037063224241137498 -0.030804780311882492 0.090445328503847136 107.50000000000001 -0.17750654369592664 -0.0076932827942073337 -0.024796459823846814 0.028677025809884075 0.15287244319915774 0.025128446519374851 -0.1618147939443588 -1.0000000180025095e-35 -0.01089072087779641 0.03670033626258374 0.032253455370664603
decision_type=2 2 2 2 8 2 2 2 2 8 2 2 2 10 2 2 2 2 2 2 2 2 2 10 2 2 2 2 8 2
left_child=1 5 3 4 18 15 7 17 -8 -10 -5 12 -4 19 -15 16 -1 -7 -2 -12 21 -21 24 -23 -22 -26 27 -3 29 -28
right_child=2 26 11 10 -6 6 8 -9 9 -11 13 -13 -14 14 -16 -17 -18 -19 -20 20 22 23 -24 -25 25 -27 28 -29 -30 -31
leaf_value=0.090757312521290712 -0.017928569125908986 0.08769046675035197 -0.14868315073244454 0.082095000973612331 0.096669400100386327 0.040667589863866808 0.06520058251600401 -0.042825184955349066 0.063420310309169281 -0.02421546038458533 0.035849924434352337 0.097111349306645209 0.064084553930436439 0.077393768207975847 -0.099423755070767145 0.086664907555590018 -0.023590127529238135 -0.08130523176908766 0.19591151846890009 0.11444318671944168 0.085395173536780056 0.079260921365769427 0.13098785140080182 -0.068604852082792545 -0.089348995872632259 0.12017611071040782 0.048089143189944748 0.073856312674124527 0.071223324654704767 -0.084935656697966599
leaf_weight=8.8188181498362628 6.6885809728337327 401.95369695217357 1.5192857062211267 1715.7920450162378 525.08089361275529 80.613776134989621 125.60269295124294 7.901049266175959 11.675247361760514 12.204982779048349 10.746955257609441 1060.0042735979509 10.02115225064335 7.4954903253078555 2.735803620051227 62.139170668008774 9.2966039903772053 2.8000769448890415 0.99710636318218338 39.848381284206425 101.35725486704246 139.80778993769445 50.424049959563035 1.8800695161403371 1.2495138451390619 69.053532923398734 26.122583691482763 584.28895799775876 496.7181111366649 3.5908792853683726
leaf_count=575 4495 22352 113 90609 20442 6578 8491 785 1334 1449 928 46183 469 531 637 3663 955 702 246 1464 5398 7101 1934 436 158 1956 6820 39136 23987 1412
internal_value=0 0.072008 0.0893798 0.0865441 0.0954164 0.0539256 0.0471209 0.0297032 0.0577609 0.0186304 0.0843357 0.096454 0.0360739 0.0933902 0.0301135 0.0743428 0.0320757 0.0365731 0.00981408 0.0949526 0.0965263 0.0854523 0.105578 0.0772989 0.0981145 0.116452 0.0758459 0.0794946 0.0690102 0.0320131
internal_weight=0 1833.73 3744.7 2673.16 532.767 321.052 240.798 91.3149 149.483 23.8802 2140.39 1071.54 11.5404 424.599 10.2313 80.2546 18.1154 83.4139 7.68569 414.368 403.621 181.536 222.084 141.688 171.66 70.303 1512.67 986.243 526.432 29.7135
internal_count=301339 118239 183100 136335 25183 24532 19339 8065 11274 2783 111152 46765 582 20543 1168 5193 1530 7280 4741 19375 18447 9001 9446 7537 7512 2114 93707 61488 32219 8232
is_linear=0
shrinkage=0.1


Tree=108
num_leaves=31
num_cat=0
split_feature=86 86 86 143 156 202 124 106 212 220 157 122 209 170 106 158 186 221 79 144 179 222 227 222 170 8 99 99 170 196
split_gain=36.7867 11.9445 7.36841 4.80649 6.09385 4.30117 5.28668 4.26827 4.75568 4.67896 4.23374 5.10698 4.30965 4.17463 4.79081 4.93882 4.34387 4.09897 7.8123 4.22355 4.54126 5.12218 5.39882 4.45086 4.21225 4.17829 4.11283 4.73901 4.35506 3.96924
threshold=-0.93589836359024037 -1.1852712035179136 -0.76415729522705067 -1.0000000180025095e-35 0.11853256076574327 0.063294243067502989 0.0024769273586571221 -0.026184126734733578 -0.033658334985375397 0.0056442641653120526 0.58731243014335643 -0.033896697685122483 0.038102947175502784 0.49834191799163824 0.0085282805375754851 0.45000000298023229 -0.15603943169116971 0.033632384613156326 0.26172162592411047 -0.025802579708397385 0.34358693659305578 -0.019612930715084072 -0.012165119871497153 0.010395788587629797 0.5133810043334962 0.37767456471920019 0.06904416531324388 -0.11365053430199622 0.53623268008232128 0.19150047004222873
decision_type=2 2 2 2 2 2 2 2 2 2 2 2 2 2 2 2 2 2 2 2 2 2 2 2 2 10 2 2 2 2
left_child=1 5 -2 4 -3 7 -7 9 -9 -1 11 12 -6 16 15 -15 -13 18 19 23 21 22 -21 -5 -19 -23 27 28 -26 -20
right_child=2 3 -4 17 10 6 -8 8 -10 -11 -12 13 -14 14 -16 -17 -18 24 29 20 -22 25 -24 -25 26 -27 -28 -29 -30 -31
leaf_value=0.10070920140329523 0.084596643504017188 0.088524575221735721 0.093474015771811747 0.098076878334373022 0.021652302516181485 -0.011582759374094304 0.052693457564552793 0.072460601076439327 0.039546024378639785 0.047716940451527495 0.070839616623333213 -0.021265580172543156 -0.11314937410682682 -0.017375420227537328 0.060829680612129317 0.076039974255129636 0.073771397887827703 0.096637729331707153 0.096331579877912119 -0.00082234856973213688 0.13350791675229404 0.064401853829162733 0.054995028216095782 0.057603300907840105 -0.024724915638031354 0.12180189052766693 0.098050694617581036 0.05525044947950343 0.14366759459267417 -0.040018761778325231
leaf_weight=43.540334425003948 1831.9189409304399 113.64757012707992 1909.6373123132644 77.942658571379752 11.253507448749586 20.494797041495758 34.065584684309442 69.279560180688122 119.8137915651123 26.990565673641186 250.25799431535597 5.0743932813547863 3.0049425110610164 22.145986439376433 35.711799842948494 7.6024965164215237 92.09990830535753 223.21465847699574 146.90134990115666 24.280218126022419 8.644811330564151 218.71805299516097 60.522681455661427 41.711127769019868 1.7838362602778932 13.462145579394926 51.83603371636741 88.952886741750945 11.047816573713133 2.1664705732582652
leaf_count=2316 97541 17224 85817 4639 908 3184 2585 4671 9959 1855 4169 537 432 3080 2885 532 4440 10415 8291 3587 798 13720 4861 3313 180 636 2740 5717 289 399
internal_value=0 0.0718139 0.0891275 0.0755006 0.0679449 0.0540722 0.0285491 0.059436 0.0516052 0.0804303 0.0624695 0.0506279 -0.00675691 0.0556589 0.0361385 0.00649774 0.0688086 0.0797079 0.0745349 0.0679014 0.0619977 0.0600475 0.0390138 0.0839679 0.0878668 0.06773 0.0751225 0.0634457 0.120258 0.0943499
internal_weight=0 1826.17 3741.56 1511.98 540.799 314.185 54.5604 259.624 189.093 70.5309 427.151 176.893 14.2584 162.635 65.4603 29.7485 97.1743 971.185 594.35 445.282 325.628 316.983 84.8029 119.654 376.835 232.18 153.621 101.785 12.8317 149.068
internal_count=301720 118362 183358 93792 34207 24570 5769 18801 14630 4171 16983 12814 1340 11474 6497 3612 4977 59585 40244 31554 23602 22804 8448 7952 19341 14356 8926 6186 469 8690
is_linear=0
shrinkage=0.1


Tree=109
num_leaves=31
num_cat=0
split_feature=86 86 156 86 15 206 128 170 86 159 209 85 5 113 221 97 156 77 164 211 123 222 136 189 113 173 7 133 106 215
split_gain=34.9273 17.6741 4.88677 4.61769 4.30123 4.21374 6.79605 4.43675 4.64121 4.5326 5.2546 5.73534 4.29724 4.11497 3.7458 3.68299 3.6429 3.83698 4.42163 3.63526 4.77738 6.73861 4.33827 4.58042 4.42273 4.31426 4.39946 4.95952 4.30675 3.81768
threshold=-1.0724866986274717 -0.66562828421592701 1.0000000180025095e-35 -1.1852712035179136 1.0000000180025095e-35 0.13482258468866351 -0.052850186824798577 0.41605599224567419 -0.87493729591369618 0.036095742136240012 -0.060404201969504349 112.50000000000001 0.066024884581565871 0.036695968359708793 0.053958503529429443 -1.0000000180025095e-35 0.27311578392982488 0.16843971610069278 4.9380581378936776 -0.05683684162795543 0.027073946781456474 0.10108850151300432 0.032789764925837524 -0.15329655259847638 0.064345743507146849 0.32252989709377294 0.12580749392509463 -0.012627539690583943 0.033771123737096793 0.13055375963449481
decision_type=2 2 2 2 2 2 2 2 2 2 2 2 10 2 2 2 2 2 2 2 2 2 2 2 2 2 8 2 2 2
left_child=3 2 -2 16 -3 7 -7 13 -9 10 11 12 -10 -4 15 -15 17 -1 -19 20 22 25 24 -24 -11 26 -22 -28 -29 -25
right_child=1 4 5 -5 -6 6 -8 8 9 19 -12 -13 -14 14 -16 -17 -18 18 -20 -21 21 -23 23 29 -26 -27 27 28 -30 -31
leaf_value=0.06776658357647769 -0.07657530950375957 0.097731449364916068 0.10636552000980713 0.07038812807660369 0.18668718568928511 -0.079807281451857115 0.10461713275066642 0.078309880105872545 0.10554517836033557 0.10302518861891928 0.11832825383079847 -0.23290549071506544 -0.0056667596100250369 -0.066540916353420729 0.10179724957780162 0.061694735866871277 0.041860923659512404 -0.040709375185461125 0.074024396332040845 0.081783837992146363 0.10323970947032018 -0.078695764696326539 0.13588999337354629 0.06790471236661455 0.051811548102576099 0.12437211258957573 0.074638544418127492 0.029496842692595455 -0.093264945411899683 -0.079586336620892442
leaf_weight=169.24199246720048 1.9026141577746774 1073.9387672323646 129.38118982928245 441.64533337617274 5.4632105082159788 2.0306819097404505 124.58259557970996 1549.4121272286989 10.249428403618365 337.23822169145114 76.012113519189825 0.66111666164215499 5.2562824031629143 3.6676663727630512 9.0716121708683186 5.7523320857399103 131.79095415761003 7.2579284713829093 6.2525690989823488 1298.4096432649112 18.518993717314515 2.9797273092099195 10.205747773652545 61.25516575886013 17.749892528078817 14.122282709400677 23.227794455076943 13.748468722664262 3.6076180608797577 1.8067250995190978
leaf_count=18414 13556 46405 4375 29518 187 533 7636 84445 361 12420 2205 33 294 448 474 276 4563 1401 226 65648 1101 193 303 2709 1228 309 742 665 223 220
internal_value=0 0.0869158 0.0836476 0.0637933 0.0981817 0.0837296 0.101659 0.0830976 0.0823695 0.0856886 0.107317 0.0555467 0.0678454 0.100059 0.0559337 0.0117663 0.0545337 0.0636726 0.0123887 0.0845828 0.0917868 0.0687172 0.0958919 0.0737376 0.100464 0.0747158 0.0628507 0.0444206 0.00397971 0.0636791
internal_weight=0 4800.25 3720.85 756.189 1079.4 3718.95 126.613 3592.33 3444.46 1895.05 92.1789 16.1668 15.5057 147.873 18.4916 9.42 314.543 182.752 13.5105 1802.87 504.461 76.2049 428.256 73.2676 354.988 73.2252 59.1029 40.5839 17.3561 63.0619
internal_count=301111 246989 200397 54122 46592 186841 8169 178672 173099 88654 2893 688 655 5573 1198 724 24604 20041 1627 85761 20113 3233 16880 3232 13648 3040 2731 1630 888 2929
is_linear=0
shrinkage=0.1


Tree=110
num_leaves=31
num_cat=0
split_feature=86 86 86 96 66 17 63 199 82 143 221 112 156 133 159 106 110 164 171 0 106 63 205 211 159 216 150 70 77 186
split_gain=40.1564 9.67852 6.39306 4.96126 4.56992 5.9859 7.22228 4.26614 5.72847 4.96934 5.04362 5.61055 4.22983 4.11292 4.00515 3.99075 4.44236 4.13878 3.94192 3.91162 4.14873 3.90926 5.77573 4.57942 3.88566 4.25543 7.07155 6.84613 4.09239 3.83167
threshold=-0.92546641826629628 -1.1852712035179136 -0.66562828421592701 -0.035279789939522736 2.9985244274139409 10.500000000000002 0.24545940756797793 -0.028073904104530808 0.15238095819950107 0.015289957169443371 -0.047055274248123162 -0.002828956581652164 0.17512886226177218 -0.03199483081698417 0.07180031388998033 -0.11044267937541007 0.086045674979686751 5.0782890319824228 0.44739343225955969 0.33060109615325933 0.0499044917523861 0.37629920244216924 -0.040068462491035454 0.1056986227631569 0.25374267995357519 0.034930087625980384 0.020555413328111175 5.5000000000000009 0.14608739316463473 -0.16723144054412839
decision_type=2 2 2 2 2 2 2 2 2 2 2 2 2 2 2 2 2 2 2 10 2 2 2 2 2 2 2 2 2 2
left_child=1 -1 18 12 7 6 -6 -3 9 15 11 -11 -4 -8 -7 -9 19 -18 21 -17 -21 -2 -23 -24 25 26 27 -14 -29 -16
right_child=2 4 3 -5 5 14 13 8 -10 10 -12 -13 24 -15 29 16 17 -19 -20 20 -22 22 23 -25 -26 -27 -28 28 -30 -31
leaf_value=0.056850523474355208 0.089561481694631129 0.087284899416109216 0.1219815021053271 0.089600971119935466 0.071994411226889266 -0.092786897485111694 -0.011890159418037524 0.12544910664814662 -0.10904598422244825 0.068894672414472766 0.091205126386384949 -0.032300281849809695 -0.060218157139798868 0.050041719645046216 -0.10110218939436565 0.064614983876511461 -0.0072264537069343538 0.073979559315046836 0.071991391623881545 0.11077297764104309 -0.001664737163558595 0.098506087819709903 0.058064309278826456 -0.090034247369263798 0.10470627402471043 0.11085289434514811 0.0032603486810934418 0.093783563926790145 -0.1012600580543617 0.1041082933585821
leaf_weight=326.70717751576694 2328.9115714682735 426.54637064386111 99.685905028557499 498.02278302774948 350.66405563038961 1.085780916411976 11.784493663986607 11.393581574748167 1.6985103858462469 38.673050141403792 225.58407427654186 6.3831281628840761 3.1559093948271757 119.06078176637163 0.92395602471788052 289.35506269702057 15.531021488767239 10.532395541691583 150.803219113458 32.60907367686832 3.6488413495244449 47.223247676957612 72.125387842598798 2.1501379271271608 345.26878614180259 39.599835115261158 12.994265526602247 64.874854750556551 1.0938955909259664 59.765387726835797
leaf_count=24548 114632 16336 13260 22450 34570 275 2234 347 186 1962 8756 658 105 11986 265 13807 1220 280 10791 1433 420 1748 3951 338 8340 655 466 1252 74 3983
internal_value=0 0.0725396 0.0903552 0.0968825 0.0757327 0.068273 0.0645133 0.0795491 0.074356 0.0748476 0.0851042 0.0545583 0.103282 0.0444639 0.0975783 0.0672021 0.065315 0.0255894 0.0876835 0.0684948 0.0994577 0.0886492 0.0711621 0.0537771 0.0992903 0.0839271 0.0709428 0.083666 0.0905493 0.100984
internal_weight=0 1931.95 3665.91 1064.7 1605.24 543.284 481.509 1061.96 635.409 633.71 270.64 45.0562 566.673 130.845 61.7751 363.07 351.676 26.0634 2601.21 325.613 36.2579 2450.41 121.499 74.2755 466.988 121.719 82.1189 69.1247 65.9688 60.6893
internal_count=301328 123266 178062 46602 98718 53313 48790 45405 29069 28883 11376 2620 24152 14220 4523 17507 17160 1500 131460 15660 1853 120669 6037 4289 10892 2552 1897 1431 1326 4248
is_linear=0
shrinkage=0.1


Tree=111
num_leaves=31
num_cat=0
split_feature=88 74 103 88 171 157 63 0 204 126 155 189 164 157 215 227 163 190 126 205 217 4 43 168 146 212 157 11 17 133
split_gain=18.1864 13.6662 8.67707 7.11534 6.21873 6.66392 6.06405 5.74579 6.74478 6.93153 5.30691 4.87057 4.64565 4.59255 4.26835 7.27296 4.24615 4.84549 5.30371 5.03624 4.5473 4.20644 7.6104 5.34534 5.72239 4.90453 4.36215 5.38124 5.33646 5.49637
threshold=0.81457769870758068 0.18257576227188113 0.096863478422164931 0.69883292913436901 0.013746987096965315 0.42518542706966406 -0.010864241048693655 0.26692113280296331 0.071022201329469695 -0.034126969054341309 0.025760063901543621 0.051974367350339896 1.8688347935676577 0.49697370827198034 0.13055375963449481 -0.044645301997661584 -0.040197012946009629 0.059456242248415954 0.0091586634516716021 0.085369884967803969 0.13745517283678058 0.18151312321424487 1.0000000180025095e-35 3.0308268070220952 0.0011208163341507318 0.024893868714571003 0.57481110095977794 1.0000000180025095e-35 26.500000000000004 0.028836926445364956
decision_type=2 2 2 2 2 2 2 10 2 2 2 2 2 2 2 2 2 2 2 2 2 10 2 2 2 2 2 8 2 2
left_child=1 2 3 12 5 -3 11 8 -8 -10 13 -6 -1 -2 -4 -16 17 18 -7 -20 -19 26 25 24 -24 -23 28 -28 29 -5
right_child=10 4 14 21 6 16 7 -9 9 -11 -12 -13 -14 -15 15 -17 -18 20 19 -21 -22 22 23 -25 -26 -27 27 -29 -30 -31
leaf_value=0.11043712470077893 0.020089200003311641 0.042489339023019157 0.079773130998470207 0.075699388504330611 0.067798728882753109 0.080636029426009545 0.060114320245630029 0.081058207921424333 -0.079393291718617878 0.033768550341239253 0.091349710587879218 0.094084743505651325 0.092896285750838484 0.058016700151326886 -0.061293038615580026 0.067429606836644548 0.099163462279010489 0.097745947415798895 0.063607553655091367 0.00023287484817389494 0.0081450307761221051 0.052285089312618355 0.46305844506146693 0.093468644629797218 0.071309860153003543 -0.046236215470312092 0.0022695856403554637 0.091224411036699704 0.2757220591022424 0.10627195464780433
leaf_weight=168.70646024798157 39.006615684215831 39.28381550069696 784.73090189285972 542.6898554144052 148.36539616280606 281.002009994334 235.43145385804405 103.68558347743783 6.3580056003797827 36.413825153765174 38.722471295071045 134.29688975581553 1437.7403518698923 175.88002250173304 5.722639802755114 18.839800375782261 159.10626710782014 161.82613775423147 67.875414098270994 15.380801063762645 5.8695137935028461 17.452562658637142 0.94502463974777018 4.4588761981631251 0.6158801358205892 7.1118921123058945 6.8552078220691319 852.67280628952994 1.3822491225100737 65.950981443020055
leaf_count=7114 10066 20623 44786 53660 8157 7909 10282 4195 783 2412 2143 4015 68374 6155 437 1474 18315 4002 2033 514 267 4167 174 575 138 2078 2260 8276 146 6117
internal_value=0 0.0846834 0.087711 0.0901136 0.076184 0.0825531 0.0691843 0.060966 0.0534777 0.0169471 0.0572727 0.0802876 0.0947384 0.051132 0.0784883 0.0374394 0.0848306 0.0805437 0.0740679 0.0518997 0.0946098 0.0851611 0.0484553 0.149222 0.308488 0.0237612 0.0859251 0.0905149 0.0794579 0.0790122
internal_weight=0 5310.77 3915.88 3106.58 1394.9 730.344 664.551 381.889 278.203 42.7718 253.609 282.662 1606.45 214.887 809.293 24.5624 691.06 531.954 364.258 83.2562 167.696 1500.14 30.5842 6.01978 1.5609 24.5645 1469.55 859.528 610.023 608.641
internal_count=301647 283283 199776 153079 83507 53663 29844 17672 13477 3195 18364 12172 75488 16221 46697 1911 33040 14725 10456 2547 4269 77591 7132 887 312 6245 70459 10536 59923 59777
is_linear=0
shrinkage=0.1


Tree=112
num_leaves=31
num_cat=0
split_feature=86 86 157 156 107 185 174 7 163 10 149 168 188 113 76 215 93 17 159 150 156 135 13 173 105 86 131 9 233 191
split_gain=35.3058 13.1192 4.91241 5.47645 6.81082 4.36137 4.99783 4.82319 5.96972 4.74205 4.24997 4.24927 4.2455 6.35065 8.03794 4.33077 4.1238 4.09793 6.0127 5.61102 4.06598 4.04717 4.52876 4.16746 6.65512 4.09334 4.65234 4.52459 5.19798 4.07168
threshold=-1.1170034408569334 -0.79838886857032765 0.60268843173980724 0.09268804639577867 -0.0076684609521180383 -0.050603264942765229 -0.31707450747489924 0.21751744300127032 -0.3122525811195373 78.500000000000014 -0.025710318237543103 2.8385879993438725 -0.11912022531032561 -0.012488936539739369 0.064725596457719817 -0.010808000341057776 0.30705134570598608 18.500000000000004 0.46626336872577673 -0.024660455994307991 0.025751547887921337 -0.025526449084281918 0.030740420334041122 0.36448727548122412 -0.1318932771682739 -1.1852712035179136 -0.027931500226259228 0.0024580176686868076 -0.036873145028948777 0.11758175119757654
decision_type=2 2 2 2 2 2 2 8 2 10 2 2 2 2 2 2 2 2 2 2 2 2 8 2 2 2 2 8 2 2
left_child=21 2 3 11 5 6 -5 12 -9 -10 -8 -2 13 -7 15 -15 -4 20 19 -19 -13 22 -1 25 -25 26 29 28 -27 -23
right_child=1 -3 16 4 -6 7 10 8 9 -11 -12 17 -14 14 -16 -17 -18 18 -20 -21 -22 23 -24 24 -26 27 -28 -29 -30 -31
leaf_value=0.031238422478351908 0.015829119143050168 0.091855625348094369 0.089160603666305016 -0.061206739471398389 0.079761271474048559 0.094247524082387624 0.11856305329457127 0.055966883686209883 -0.066423482316436425 0.035980603459342037 0.072334019081406534 0.050406902680536284 0.067846327636672463 -0.051507333012700551 -0.12228801448626103 0.09290669196310572 0.071577874057656546 0.45110208451300099 0.054300456128962463 0.17936402206067192 0.093456318671771288 0.083524470507738452 0.084030474259096335 -0.14121306596429836 0.044057772437743357 0.082561547253104939 0.038840283936220014 0.073783050993800767 -0.0061463847573576674 -0.051460473648443396
leaf_weight=19.561621510810596 7.525048781011491 2244.8077462157621 954.55678385772353 2.5294565051444797 964.24312285690633 7.5200385106618368 24.26363508022132 27.161930680529622 9.5851343345320874 8.5607532936373882 110.23270657017747 23.871468624507315 170.07433209577528 3.3766041046064856 4.929760362435899 5.393514156168747 155.05863990995203 0.93708701507875947 3.1643475558757928 4.018097930824295 271.11367869012975 39.727928061665807 95.974093892556994 2.8042041096700814 6.282797418364451 11.05401746557334 171.92585554371647 146.35640952073959 16.414192930519334 2.3678009477112019
leaf_count=3599 4555 105123 11187 32 55181 502 924 1301 3168 855 7318 19400 9108 333 486 311 3107 161 736 297 37582 2629 4489 161 786 1215 14982 8082 2974 432
internal_value=0 0.0861794 0.0815596 0.0780972 0.0753199 0.0638577 0.0780548 0.0556356 0.0262981 -0.0181119 0.0806739 0.0900588 0.0625841 0.0204086 -0.0201226 0.0373055 0.0867036 0.0919017 0.161986 0.230753 0.0899726 0.0586203 0.0750921 0.0538258 -0.0131159 0.0553942 0.0461358 0.0667936 0.0295523 0.0759318
internal_weight=0 5002.92 2758.12 1648.5 1337.87 373.628 137.026 236.602 45.3078 18.1459 134.496 310.63 191.294 21.2199 13.6999 8.77012 1109.62 303.105 8.11953 4.95518 294.985 512.469 115.536 396.933 9.087 387.846 214.022 173.825 27.4682 42.0957
internal_count=301016 261667 156544 142250 79519 24338 8274 16064 5324 4023 8242 62731 10740 1632 1130 644 14294 58176 1194 458 56982 39349 8088 31261 947 30314 18043 12271 4189 3061
is_linear=0
shrinkage=0.1


Tree=113
num_leaves=31
num_cat=0
split_feature=86 86 86 182 154 174 86 165 86 173 163 193 103 11 170 94 24 166 217 139 68 142 217 67 118 4 86 80 226 6
split_gain=38.567 12.0758 4.70318 4.67993 5.16522 5.4066 4.40765 4.33936 4.2111 4.08118 4.20682 4.07545 3.8169 3.62021 4.63739 3.69507 3.62996 4.29497 3.92506 4.19575 3.89323 3.78493 3.59605 3.57623 3.72998 3.54725 5.2736 3.51224 3.88418 3.56924
threshold=-1.0724866986274717 -0.83778271079063404 -1.1534370779991148 -0.08675589412450789 0.023181102238595489 -0.14923482388257978 -1.0132718086242674 40.000000000000007 -0.57249638438224781 0.25819219648838049 0.3110466748476029 -0.10327959433197974 0.1021050587296486 0.010349444113671781 0.48385892808437353 0.069144718348979964 1.0000000180025095e-35 0.8878503441810609 0.12052528187632562 0.013326031155884268 41.406105041503913 0.044178493320941932 -0.093061622232198701 2.5590814352035527 0.012457224540412428 0.28991597890853887 -0.73814862966537464 1.0000000180025095e-35 0.15423259139060977 0.18350168317556384
decision_type=2 2 2 2 2 2 2 2 2 2 2 2 2 8 2 2 2 2 2 2 2 2 2 2 2 10 2 2 2 10
left_child=2 3 13 4 6 -6 11 -5 25 10 -10 -2 -12 -1 15 23 17 21 -19 -20 -18 -16 -4 -15 -25 -3 -27 29 -29 -9
right_child=1 8 22 7 5 -7 -8 27 9 -11 12 -13 -14 14 16 -17 20 18 19 -21 -22 -23 -24 24 -26 26 -28 28 -30 -31
leaf_value=0.010402627828892877 0.10101175582927691 0.089247357415661158 0.037728585364240751 -0.07299648252670024 -0.020696320084156325 0.057523985980597742 0.083389954144009668 0.090419462391490971 0.10161813519333823 0.087449175267034704 0.13920925909735929 0.032022277049814724 -0.074405515938422637 0.068449996299296739 0.033675873542081937 0.098764330282083312 0.086888681581113555 0.065148139047755987 -0.061509398014863874 0.060014256939319534 -0.13440182090131433 -0.079115855520577635 0.073605167015381223 -0.072906608396332021 0.060547214212756099 0.17822484364342941 -0.042307280513948158 0.080591554261830484 0.12509740983360149 0.14366187645075032
leaf_weight=17.287239545226385 11.347355221970245 2200.6432258617892 30.328633215995751 1.7746965419962624 10.578317043912646 53.66917610854432 189.39116654130282 337.66740829737068 310.9079325962058 188.19126475500843 42.191112760082774 34.892501527846434 0.85338515802231896 71.219648112306459 102.65839539940612 38.872694575185506 30.641073475421539 97.884131971548413 5.3374547226921987 6.074607151615055 0.81621015391237861 3.0639081621920914 354.5170057561993 3.8542360207229631 4.5866154311565879 8.4416690698940311 1.2441462155902616 1387.6791954754401 19.890497873641607 13.078678702451951
leaf_count=8354 549 103829 2031 115 1295 3982 11553 17966 10928 5380 6153 2914 331 3555 9832 1867 1592 2538 140 133 237 311 22519 579 493 1555 1310 76505 981 1687
internal_value=0 0.0871167 0.0629739 0.0813263 0.0697789 0.0446451 0.076632 0.0832938 0.0914503 0.0993481 0.105675 0.0489524 0.134974 0.0551179 0.0572357 0.0734894 0.049419 0.0447772 0.0586775 0.00317729 0.0811469 0.0304071 0.0707778 0.0611557 -0.000390066 0.0895131 0.149897 0.0834515 0.0812205 0.0924048
internal_weight=0 4812.44 767.142 2059.97 299.879 64.2475 235.631 1760.09 2752.47 542.144 353.952 46.2399 43.0445 382.296 365.009 118.533 246.476 215.018 109.296 11.4121 31.4573 105.722 384.846 79.6605 8.44085 2210.33 9.68582 1758.32 1407.57 350.746
internal_count=301214 247033 54181 117547 20293 5277 15016 97254 129486 22792 17412 3463 6484 29631 21277 6494 14783 12954 2811 273 1829 10143 24550 4627 1072 106694 2865 97139 77486 19653
is_linear=0
shrinkage=0.1


Tree=114
num_leaves=31
num_cat=0
split_feature=86 86 83 6 192 86 103 138 96 216 121 10 173 213 82 83 83 219 204 65 216 199 6 36 209 118 4 138 64 106
split_gain=43.1518 16.9041 4.87271 5.68626 5.16458 4.84926 4.50411 4.35655 5.08383 5.39988 5.07423 5.02701 6.24575 4.33761 4.70122 4.43629 4.20578 5.34731 4.77091 4.71839 4.16105 4.2999 5.12399 7.09028 5.93619 4.01774 4.07855 4.52131 4.04234 3.99404
threshold=-1.1170034408569334 -0.79838886857032765 12.500000000000002 0.03637566231191159 0.26440531015396124 -1.1852712035179136 0.072350539267063155 -0.0049042028840631238 -0.10436357557773589 -0.060276737436652177 -0.030344400554895398 146.50000000000003 0.18777444958686831 0.018679969944059852 0.050423728302121169 8.5000000000000018 9.5000000000000018 0.058083828538656242 0.11486808955669404 112.50000000000001 -0.052114194259047501 0.019219205714762214 0.20294117927551272 1.0000000180025095e-35 0.035322664305567748 0.017708637751638893 0.10471491143107416 0.0096707302145659941 3.5000000000000004 -0.026184126734733578
decision_type=2 2 2 8 2 2 2 2 2 2 2 8 2 2 2 2 2 2 2 2 2 2 10 2 2 2 10 2 2 2
left_child=5 2 7 4 -4 29 -3 8 -2 -10 20 12 13 14 -12 -15 17 19 25 -8 -11 -22 24 -24 -23 28 -27 -28 -19 -1
right_child=1 6 3 -5 -6 -7 16 -9 9 10 11 -13 -14 15 -16 -17 -18 18 -20 -21 21 22 23 -25 -26 26 27 -29 -30 -31
leaf_value=0.067090460177020472 0.097450576232081462 0.095148775702948218 0.13850198630198451 0.090268641285911735 0.60474488714175867 0.0677192345915969 0.087430328968340909 0.076468872682849687 0.094497691179139365 -0.020860554688933063 0.036237954425645667 0.075811103887039766 0.083682868872667793 -0.04542790256095209 0.22637373649767356 0.096011446145082391 0.10714790086496258 0.10842382106402158 -0.046054299914991589 -0.0098331892368914292 0.10853778044904726 0.079856557132737704 -0.10162510945825098 0.992805822457828 -0.045309926670955798 0.05517962965189406 -0.10743835333438022 0.052822984922076988 0.043941375349154349 0.041014341022472089
leaf_weight=79.826401160377145 246.80470509361044 1803.3535321273289 22.80180464657224 162.05014377445605 0.24008172475532674 208.82241679290951 328.62986561765126 1450.1235509371788 224.67904332921501 3.0386907045644866 20.880189250435141 449.67541875102279 25.789852115880876 12.773044000239336 1.3867866157088418 2.6834678516501063 68.775893106712033 25.343388320844042 4.2547827363709976 5.0644936925464199 90.081855310688525 25.196414948484296 0.10365640641430118 0.13800728090245684 4.459719614589857 25.907058762408724 3.6712196419812235 3.3821590978573113 15.772142957624508 222.3571290192881
leaf_count=5465 13483 81058 2574 6141 30 14974 16292 85267 10147 264 6589 16418 3832 4522 205 474 2931 957 435 407 3871 1760 152 45 907 1335 246 234 982 19026
internal_value=0 0.0865014 0.0812097 0.0968779 0.14336 0.0560007 0.0928559 0.0800759 0.0847979 0.0811705 0.076464 0.0720915 0.0457565 0.0198279 0.0480796 -0.020872 0.0842559 0.0804347 0.0569214 0.0859542 0.0947046 0.0976315 0.064771 0.523373 0.0610339 0.0628361 0.036825 -0.0305916 0.083688 0.0479027
internal_weight=0 5027.06 2742.91 185.092 23.0419 511.006 2284.15 2557.81 1107.69 860.886 636.207 513.189 63.5133 37.7235 22.267 15.4565 480.801 412.025 78.3308 333.694 123.018 119.98 29.8978 0.241664 29.6561 74.076 32.9604 7.05338 41.1155 302.184
internal_count=301023 261558 156681 8745 2604 39465 104877 147936 62669 49186 39039 32040 15622 11790 6794 4996 23819 20888 4189 16699 6999 6735 2864 197 2667 3754 1815 480 1939 24491
is_linear=0
shrinkage=0.1


Tree=115
num_leaves=31
num_cat=0
split_feature=93 157 63 66 112 81 4 170 124 171 157 160 206 55 219 210 98 195 217 229 79 0 217 168 129 157 173 156 92 210
split_gain=14.1811 11.4824 9.68019 7.73855 9.31688 6.16294 5.81134 5.51016 6.80264 5.34929 6.714 5.93991 5.24957 5.19716 5.79481 5.92877 5.02101 5.0079 5.69389 4.9465 4.89315 4.86351 4.84193 4.7919 4.7632 4.57603 5.36518 5.61125 4.73612 5.52721
threshold=0.26758758723735815 0.65575143694877636 0.33526432514190679 3.9502558708190922 0.032527474686503417 0.31782107055187231 0.048500882461667068 0.53946587443351757 -0.046751897782087319 0.007610822096467019 0.47200755774974829 2.0000000000000004 0.13482258468866351 1.0000000180025095e-35 -0.030571861192584034 -0.078628405928611741 0.048497106879949577 0.12331525236368181 -0.020698186010122296 -0.014275414403527973 0.51191151142120372 0.24031249433755877 -0.070204634219408021 3.0088191032409672 0.02843365911394358 0.57481110095977794 0.044388014823198325 0.25116822123527532 0.78841722011566173 0.1652791574597359
decision_type=2 2 2 2 2 2 10 2 2 2 2 2 2 2 2 2 2 2 2 2 2 8 2 2 2 2 2 2 2 2
left_child=1 2 5 17 6 7 16 12 21 11 -11 -2 25 23 -15 -16 -5 -4 20 -8 -19 -9 -12 -10 -21 -1 27 -27 29 -29
right_child=9 -3 3 4 -6 -7 19 8 13 10 22 -13 -14 14 15 -17 -18 18 -20 24 -22 -23 -24 -25 -26 26 -28 28 -30 -31
leaf_value=0.083674391394742642 0.086773130182195804 0.096536666322352055 0.081416355833500695 0.072848787502338128 0.096748215214677108 0.065606814798216201 -0.033648643734303346 0.020412494058483974 0.056739413087450424 -0.0090593840557861571 0.094908250324795496 -0.014245824090969859 0.10866433460507995 0.11134152588206943 -0.12358649012670007 0.032043207630702959 -0.038824973232759484 -0.022706799744050758 0.069400208366293722 0.0427852299477905 0.32041386290122859 0.069963855472005565 0.061721766509854184 0.086280015935116361 -0.11939805515983898 0.095745475784483849 0.10118521212571557 -0.059842566499607355 0.079344471348643572 0.14950558132419339
leaf_weight=1516.0880581548122 184.60874737420488 802.06277045375464 330.65135439164703 35.166228620644802 29.315003990168861 153.15816065094668 17.703641861870437 31.141306745978 60.719007609308278 12.388611455015505 49.827391257131694 6.0101903380724471 119.56520076223524 6.0241680592363336 3.2786298560672558 9.6598677450654087 4.5466814973510727 12.314554171982987 28.231118134216786 28.966069941575373 0.43013512920879371 54.427256692321407 373.60192150808416 574.1969297977173 1.9316250882434349 345.75302079793255 411.23930095843207 4.9146513147061333 336.85754624563015 1.6964918266749007
leaf_count=131375 23437 5034 15311 4907 1924 12394 2044 3818 11516 4374 1717 1717 7440 886 325 1545 1945 698 1440 2810 53 3416 11331 36272 371 2987 4808 164 5017 9
internal_value=0 0.0855903 0.0834583 0.0702542 0.0479001 0.0852386 0.0316854 0.0861037 0.0784445 0.0696154 0.063504 0.083588 0.0881736 0.0819142 0.0303269 -0.00739353 0.0600634 0.0773298 0.044354 0.00849738 -0.0111264 0.0519304 0.065627 0.083455 0.032646 0.0872373 0.0921459 0.0867523 0.0776994 -0.00612154
internal_weight=0 4920.04 4117.98 489.256 117.629 3628.72 88.3142 3475.56 739.447 626.437 435.818 190.619 2736.11 653.879 18.9627 12.9385 39.7129 371.627 40.9758 48.6013 12.7447 85.5686 423.429 634.916 30.8977 2616.55 1100.46 689.222 343.469 6.61114
internal_count=301085 258509 253475 31503 14001 221972 12077 209578 57778 42576 17422 25154 151800 50544 2756 1870 6852 17502 2191 5225 751 7234 13048 47788 3181 144360 12985 8177 5190 173
is_linear=0
shrinkage=0.1


Tree=116
num_leaves=31
num_cat=0
split_feature=86 86 86 17 210 202 75 132 219 114 12 1 82 228 157 156 1 201 146 215 105 226 156 199 74 171 121 10 185 161
split_gain=37.9718 12.6522 5.84177 4.31796 4.47576 7.59401 4.9702 4.72093 3.91937 4.3242 3.88623 3.7686 3.74908 5.69983 4.73171 5.54941 3.73299 3.55519 3.9063 6.13219 6.14015 5.76282 3.60961 4.08745 4.7661 4.26973 4.04067 7.134 4.11206 3.90982
threshold=-1.0724866986274717 -0.76415729522705067 -1.1852712035179136 10.500000000000002 -0.09464742615818976 -0.075416926294565187 0.13840996474027636 0.024522088468074802 0.16366218030452731 -0.038640724495053284 164.50000000000003 0.15707236528396609 0.055867666378617294 0.026022147387266163 0.49697370827198034 0.09268804639577867 0.13161150366067889 -0.12999195605516431 -0.014813044574111698 0.059675743803381927 0.1050926521420479 -0.09803276881575583 0.2126329839229584 -0.021452200599014756 0.43980263173580175 -0.23618832975625989 -0.059714226052165024 146.50000000000003 -0.13042089343070981 4.892986774444581
decision_type=2 2 2 2 2 2 2 2 2 2 8 10 2 2 2 2 10 2 2 2 2 2 2 2 2 2 2 10 2 2
left_child=2 3 11 -2 5 -5 7 -7 12 -10 -6 16 14 -14 15 -3 -1 18 -16 20 21 -20 -19 29 25 -25 27 -27 -29 -24
right_child=1 8 -4 4 10 6 -8 -9 9 -11 -12 -13 13 -15 17 -17 -18 22 19 -21 -22 -23 23 24 -26 26 -28 28 -30 -31
leaf_value=0.052026559518568806 0.082364856536831843 0.09927143725848056 0.071079486422133242 -0.13265024347944041 0.11532912780186602 0.094932474272520648 -0.069165925898961172 -0.066694667337533153 -0.018859824022002439 0.13297450851042117 0.090746489136185882 -0.06544934657822267 0.11638651971735792 0.078618578747656903 0.098697114521180629 0.05835900030661028 0.11037352136305954 0.10285032041803628 -0.037898240392378421 -0.033871243096534095 -0.16679959325347793 0.086685740673496117 0.09864449362922631 0.044843384111276523 -0.082767811849508627 -0.080495618071823247 0.090236975604915129 -0.079923879421619659 0.081186403224331349 -0.042602030130215608
leaf_weight=296.3437316906643 2615.9472755860584 54.377020660828066 439.78823912521102 1.9559571217591862 90.805506794333496 24.760560018039548 2.3295895246747014 1.9494534545392515 1.9744632568622353 37.502858886689864 220.39064453231663 2.6558070304163257 149.90063268955237 54.482434582458609 38.045771550451718 84.946295708549769 11.386622351304139 400.60038129362556 4.0880461027700212 6.556144857320759 1.0732503807357705 40.457670030428517 501.94262386415744 24.023111072577194 1.6782708021637507 3.5763724725640627 469.95169396285434 1.6980681397835748 23.626870579289971 1.9674328995752137
leaf_count=22914 145517 20625 29651 320 8116 985 252 253 255 960 6147 1207 5522 3038 1148 15120 462 14780 197 293 116 1505 9841 1453 70 604 9799 61 239 22
internal_value=0 0.0878382 0.063666 0.0837467 0.0943102 0.0580721 0.0709181 0.083136 0.0942002 0.12538 0.0979196 0.0531619 0.0935394 0.106319 0.0919647 0.0743269 0.0541855 0.0935821 0.0743298 0.0565613 0.0695578 0.0752524 0.0947976 0.091661 0.085482 0.0860221 0.0880051 0.0517133 0.0703838 0.098093
internal_weight=0 4860.61 750.174 2958.14 342.192 30.9956 29.0396 26.71 1902.47 39.4773 311.196 310.386 1862.99 204.383 1658.61 139.323 307.73 1519.29 90.2209 52.1751 45.619 44.5457 1429.06 1028.46 524.554 522.876 498.853 28.9013 25.3249 503.91
internal_count=301472 247238 54234 161590 16073 1810 1490 1238 85648 1215 14263 24583 84433 8560 75873 35745 23376 40128 3259 2111 1818 1702 36869 22089 12226 12156 10703 904 300 9863
is_linear=0
shrinkage=0.1


Tree=117
num_leaves=31
num_cat=0
split_feature=86 86 17 233 162 93 158 86 86 4 227 185 82 212 175 195 165 169 67 220 16 170 106 208 132 207 186 199 78 198
split_gain=39.5776 11.4836 5.87201 5.21905 6.82158 4.81092 4.6043 4.62474 4.25247 4.24794 4.11423 3.9738 3.79256 3.76403 3.64188 3.45832 5.07333 5.06295 3.77714 3.36941 3.62135 3.33385 3.98611 4.02641 3.32009 4.69335 4.69006 4.36973 4.75347 3.59798
threshold=-1.0724866986274717 -0.67822298407554615 14.500000000000002 0.059819383546710021 60.385389328002937 -0.21969643980264661 0.18333333730697635 -1.1852712035179136 -0.93589836359024037 0.1490740776062012 -0.12205140665173529 0.046122964471578605 0.055867666378617294 0.12438330054283143 0.22792105376720431 -0.066672239452600465 59.500000000000007 10.500000000000002 5.5851414203643808 0.058131629601120956 1.0000000180025095e-35 0.47982421517372137 -0.057500796392559998 -1.0000000180025095e-35 0.0027245831442996864 0.02483788970857859 -0.18062106519937512 -0.006171194836497306 0.022100122645497326 0.14741887897253039
decision_type=2 2 2 2 2 2 2 2 2 10 2 2 2 2 2 2 2 2 2 2 2 2 2 2 2 2 2 2 2 2
left_child=6 2 5 -4 11 10 9 24 -7 21 -2 -5 -3 19 -10 17 -17 -14 -18 20 -12 -1 23 -23 25 -8 -26 28 -28 -27
right_child=1 12 3 4 -6 8 7 -9 14 -11 13 -13 15 -15 -16 16 18 -19 -20 -21 -22 22 -24 -25 26 29 27 -29 -30 -31
leaf_value=0.070130724228875049 -0.12326244735287212 0.094401377866350236 0.1090796441669447 0.11930402568323598 -0.037850393159714731 0.078068257465317592 0.084954758381353385 0.074305983216555294 0.085162324694113403 -0.035492744576248285 -0.057200639983942571 -0.10501384366411544 0.08561516344348008 -0.075162380850339369 0.10877046561219073 -0.089165543154628227 0.12307778448983536 -0.17938820420634963 -0.1303358899511074 0.14615765943632386 0.10312973512351485 0.02144165657274202 0.046398129340228821 -0.12105952933680829 -0.063893868412662091 0.045031155592566374 0.040736154967391858 0.064725211462816845 -0.038718108448864356 -0.1100485381588007
leaf_weight=57.740256136389235 0.77905601579050099 1022.6468229646011 150.76896709517655 8.8571422953964394 5.7829505944798703 1005.3533453860646 66.709711719145844 354.66249265469401 2290.2550112634149 5.8747641481650126 1.4347657926298314 0.86703708983714101 22.441056951201066 1.1163739050895163 67.262550600861232 1.1526605138124058 109.89047084302365 0.74487252804101345 0.59133581908645183 20.004607436718743 77.744543180514142 6.4268608867857893 86.403026451925939 2.8674860462425595 3.7673374976357072 26.686414209661738 46.769553025269261 76.805131915601351 8.9745263842969489 1.5849108311431326
leaf_count=5316 164 45982 5916 224 922 60831 3467 19440 118637 2495 158 142 1278 199 3986 265 3431 74 331 846 3252 814 10157 756 524 1982 3112 4773 991 190
internal_value=0 0.0878064 0.085041 0.103398 0.0481556 0.0841598 0.0630331 0.0671316 0.0835137 0.047959 0.105656 0.0993032 0.0964798 0.107434 0.0858359 0.112245 0.119544 0.0771016 0.121721 0.109489 0.100224 0.0511541 0.0397044 -0.0225227 0.0561306 0.0704837 0.0461298 0.0492569 0.0279444 0.0363373
internal_weight=0 4787.69 3630.23 166.276 15.5071 3463.95 745.272 585.96 3362.87 159.312 101.079 9.72418 1157.47 100.3 2357.52 134.82 111.634 23.1859 110.482 99.1839 79.1793 153.438 95.6974 9.29435 231.298 94.981 136.317 132.549 55.7441 28.2713
internal_count=300655 246638 195277 7204 1288 188073 54017 34479 183454 19538 4619 366 51361 4455 122623 5379 4027 1352 3762 4256 3410 17043 11727 1570 15039 5639 9400 8876 4103 2172
is_linear=0
shrinkage=0.1


Tree=118
num_leaves=31
num_cat=0
split_feature=86 86 194 213 127 81 199 4 169 186 133 157 201 132 147 170 121 86 109 124 228 189 151 72 161 173 74 4 222 156
split_gain=27.2472 12.0645 4.95679 4.98038 4.95764 4.16898 4.6368 4.39735 5.42196 5.08144 4.94649 4.73955 5.45614 8.0006 4.38354 3.9663 4.47978 3.80675 3.79761 3.85529 3.91214 3.7337 4.5856 3.60515 5.79709 5.42393 3.5775 4.27074 3.85947 3.57444
threshold=-1.0724866986274717 -0.81387522816658009 -0.13155984133481977 -0.088814724236726747 -0.020010414533317086 0.073128342628479018 0.22859477251768115 0.099773757159709944 12.500000000000002 0.25139719247817999 0.002534910687245429 0.63708066940307628 -0.047245413064956658 -0.048163663595914834 0.0076675566378980884 0.58950042724609386 1.0000000180025095e-35 -1.1852712035179136 -0.06949616968631743 -0.0042392394971102467 -0.035622995346784585 0.085690405219793334 -0.0025913490680977698 0.1040497198700905 4.5915441513061532 0.34786808490753179 0.35574388504028326 0.11149961128830911 0.088154997676610961 0.083722744137048735
decision_type=2 2 2 2 2 2 2 8 2 2 2 2 2 2 2 2 2 2 2 2 2 2 2 2 2 2 2 8 2 2
left_child=17 2 3 4 -2 26 7 9 11 23 -11 12 13 -9 -8 21 -17 -1 -14 20 -20 -13 -23 -7 25 -25 -3 28 -28 -4
right_child=1 5 29 -5 -6 6 14 8 -10 10 -12 15 18 -15 -16 16 -18 -19 19 -21 -22 22 -24 24 -26 -27 27 -29 -30 -31
leaf_value=0.058023385513881955 0.10979422666838978 0.094726422578105998 0.09173020008322974 0.097632727676977463 -0.025706301698831674 0.098055713557245933 0.061610135942356294 -0.13189078391248082 -0.025173884289775118 0.069619361384526596 -0.13753021066142185 0.11164095096486036 -0.090433594374112969 0.093485158195245235 -0.097988431020048158 0.094277078344240303 -0.032761376525026496 0.072288373188768171 0.012645216816304115 0.045630470401890028 0.095521769755364569 0.12244338519439768 -0.013070374412855282 0.077855017546753669 -0.17124147568554371 -0.17568129956121431 0.041907509198355508 0.10015886028607231 -0.12748153280860289 0.078370307543743273
leaf_weight=320.74543235733381 4.5510755946938843 1724.5375591892698 224.75738013915179 242.92753879043858 6.6393586647818648 323.26573808614273 5.0993114466837133 1.6042643632172247 5.0946232340509132 3.0935545336608348 1.8373900024416796 77.270149717398454 1.7266348855946478 86.632204649409459 2.597597940010246 6.6845406721695309 4.7470021460903808 448.88014047785327 6.7352598618672337 78.203490129849115 36.904074073583615 4.4875134745961986 5.629685618914662 36.007864364829743 1.0072743775599509 0.86403636909926618 16.066311998589303 15.193525162408148 1.4680141674380127 1837.6233145622791
leaf_count=24644 192 78871 43595 12314 736 16553 252 182 429 126 89 306 280 4226 260 81 98 29617 796 6460 1948 19 51 2021 101 107 1120 749 119 74901
internal_value=0 0.0866223 0.08145 0.094628 0.0294009 0.0915192 0.0849294 0.0858007 0.077153 0.0932589 -0.00756961 0.0788313 0.070394 0.0893875 0.00774788 0.0969155 0.0415238 0.0663434 0.0568314 0.0589183 0.0827307 0.104161 0.0470372 0.0946356 0.0654479 0.0719138 0.0941048 0.061352 0.0277259 0.0798263
internal_weight=0 4763.26 2316.5 254.118 11.1904 2446.76 689.492 681.795 315.719 366.076 4.93094 310.625 211.806 88.2365 7.69691 98.8189 11.4315 769.626 123.569 121.843 43.6393 87.3873 10.1172 361.145 37.8792 36.8719 1757.27 32.7279 17.5343 2062.38
internal_count=301243 246982 131738 13242 928 115244 34385 33873 14876 18997 215 14447 13892 4408 512 555 179 54261 9484 9204 2744 376 70 18782 2229 2128 80859 1988 1239 118496
is_linear=0
shrinkage=0.1


Tree=119
num_leaves=31
num_cat=0
split_feature=86 86 86 157 94 128 110 203 161 174 178 218 114 175 141 221 0 80 216 156 232 118 4 159 6 157 1 225 147 222
split_gain=32.3744 10.9935 7.08317 3.81878 6.23136 4.83555 6.27632 4.35496 4.30531 4.78227 4.28153 4.25596 4.22411 3.8087 3.67421 3.63578 3.44816 3.33984 3.90959 3.52383 4.49315 3.38268 3.28842 3.20702 3.59508 3.19334 5.77793 3.17661 5.90945 4.98677
threshold=-0.94671633839607228 -1.1852712035179136 -0.76415729522705067 0.49335704743862158 -0.035211320966482156 -0.044444093480706208 0.049844285473227508 -0.074813865125179277 3.6114664077758794 0.26840840280056005 -0.086975503712892518 -0.10055008158087729 0.045137804001569755 0.22792105376720431 -0.062484363093972199 0.082855314016342177 0.48913043737411505 0.033520599827170379 -0.16837859153747556 0.12287892028689386 -0.11099541187286376 -0.057732045650482171 0.22401433438062671 0.78860214352607738 0.16754386574029925 0.42051003873348242 0.012372449040412905 0.0080224941484630125 -0.0027060040738433595 0.054330304265022285
decision_type=2 2 2 2 2 2 2 2 2 2 2 2 2 2 2 2 10 2 2 2 2 2 10 2 10 2 10 2 2 2
left_child=1 -1 27 4 5 -3 7 -7 9 16 -10 12 -6 23 -12 25 -5 19 -19 20 -17 -22 -8 -13 -25 26 -4 -2 -29 -30
right_child=2 3 15 8 11 6 22 -9 10 -11 14 13 -14 -15 -16 17 -18 18 -20 -21 21 -23 -24 24 -26 -27 -28 28 29 -31
leaf_value=0.055298264035027779 0.080039815561735755 0.01274662874046326 -0.0062465625333473704 0.08221166011717658 0.12933504205939481 -0.0024859563317174115 0.13661800886266726 0.088777055457225709 0.089141966038857309 0.14146894249847544 0.1295407618466759 0.027757008245519091 -0.0429460699812425 0.1183704455484787 0.067218862187147829 0.60953688965310859 0.18038902040882457 -0.10029338521566263 0.073044138127614427 0.090039196939075861 0.5523529196730389 0.13792963415934686 0.52928435986519617 0.063123929384843999 -0.091474539500677993 0.094889021861953721 0.10121294027470358 0.076273417318376682 0.096931897120079394 0.074151343497238051
leaf_weight=320.28889715814512 929.56407132045138 7.4010919147667655 8.7640021812849245 550.71804696383947 11.146260775325798 6.3042139747367392 22.053397432217029 30.648800297538514 122.91735528776962 14.275536192338221 9.6393661320798838 66.441021532050513 1.6314928945737381 7.083092035966728 507.82065744368083 0.21705845911719723 3.6007693116780493 1.3138621793914342 135.06289774842423 51.424135467855194 0.20207194948761742 7.7817132009782863 0.21535768856847326 60.980324504765122 1.5422159086447198 1649.4386726272126 11.661403982617456 293.67584946190948 583.43298599593822 115.0402836114248
leaf_count=24633 55922 2281 8284 16789 1766 1948 3117 7816 3486 467 337 19802 459 1368 17402 59 729 117 7361 1778 22 1204 172 10190 851 62222 4430 15873 24451 5950
internal_value=0 0.0720383 0.0885013 0.0758024 0.063537 0.0889553 0.0984792 0.0732075 0.0779881 0.0843211 0.072365 0.0521582 0.107338 0.0469756 0.0683798 0.0928901 0.0828494 0.0800055 0.0713742 0.0997474 0.160624 0.148419 0.140415 0.0430544 0.0593105 0.0944024 0.0551049 0.0842402 0.0881756 0.0931799
internal_weight=0 1744.71 3787.58 1424.42 215.447 66.6229 59.2218 36.953 1208.97 568.594 640.377 148.824 12.7778 136.047 517.46 1865.87 554.319 196.002 136.377 59.625 8.20084 7.98379 22.2688 128.964 62.5225 1669.86 20.4254 1921.71 992.149 698.473
internal_count=301286 113613 187673 88980 49770 15334 13053 9764 39210 17985 21225 34436 2225 32211 17739 85477 17518 10541 7478 3063 1285 1226 3289 30843 11041 74936 12714 102196 46274 30401
is_linear=0
shrinkage=0.1


Tree=120
num_leaves=31
num_cat=0
split_feature=86 86 86 17 175 182 200 4 202 170 157 161 218 78 8 0 223 8 63 200 10 162 4 17 141 170 181 103 167 170
split_gain=28.1447 10.7996 8.21464 5.63245 3.9804 3.67319 4.39684 4.73459 3.64298 3.6299 4.50598 3.61945 3.4813 3.3748 3.59576 4.68035 4.50275 3.31113 3.26892 6.87258 4.60798 3.64004 3.30974 3.71462 3.23111 3.229 3.21288 3.17673 4.66061 3.48229
threshold=-0.93589836359024037 -1.1852712035179136 -0.67822298407554615 10.500000000000002 0.050398726016283042 -0.052299678325653069 -0.10442208126187323 0.15411606431007388 0.12544023245573047 0.41605599224567419 0.41595986485481268 2.6733570098876958 0.11302981153130533 0.027973395772278312 0.16855111718177798 0.44097222387790685 -0.12209320068359374 0.11322566866874696 0.5599481761455537 0.14265307784080508 374.00000000000006 129.0442810058594 0.28991597890853887 6.5000000000000009 1.0000000180025095e-35 0.41605599224567419 0.041565811261534698 0.16719479858875277 2.5000000000000004 0.5227518379688264
decision_type=2 2 2 2 2 2 2 10 2 2 2 2 2 2 8 10 2 8 2 2 10 2 10 2 2 2 2 2 2 2
left_child=1 13 17 -3 5 12 -7 8 11 -4 -11 -8 -5 14 16 -16 -1 25 22 20 21 26 -19 -24 -10 -2 -20 -12 29 -29
right_child=2 3 9 4 -6 6 7 -9 24 10 27 -13 -14 -15 15 -17 -18 18 19 -21 -22 -23 23 -25 -26 -27 -28 28 -30 -31
leaf_value=-0.095701007028033039 0.14277716561507961 0.075787576699133982 0.12782159209052815 0.11577552556814551 0.1303102110602149 -0.013239726650868429 -0.14052394808176796 -0.10348891944554678 -0.12361885511068767 0.012390488318338245 0.096426409163896457 0.092373672438586574 -0.11314049010307557 0.07741866114486616 0.057846113217770417 0.3291194590813552 0.036467572430724619 0.08554481526766633 0.065044618989633693 -0.10552789583976244 0.10391425437508427 -0.091634684516320328 0.0040340761725969057 0.21668915375106437 0.076770252933871005 0.095181067730398722 -0.069589524540613998 0.096989330354979017 -0.13121978157966549 -0.023851899749054134
leaf_weight=2.7056219732339732 15.606722513489784 1355.1549395617944 35.517497313407375 41.948048932000574 27.840758546714824 5.1850865625451652 0.67373575324290769 1.3516126384456573 1.5342651300081791 6.5083045632693475 1124.7191097231166 69.718929077868324 0.67502857741510425 67.625984038282695 194.02244445693668 0.63810244749492895 54.491836747309208 2307.3077379454744 14.261611778337743 2.4561239767872385 17.612983969371271 2.0980222071220842 1.0574775952943571 3.6796447820540834 1.6920224162040538 164.39995408894049 2.0240470490671205 9.6216017054566674 1.306840011555322 3.1705096528166896
leaf_count=319 1040 85902 1494 1907 854 708 71 503 199 6956 42266 3249 132 5134 10624 355 8152 105061 1097 152 290 212 1548 505 161 21195 291 244 179 201
internal_value=0 0.0742834 0.0894502 0.0778266 0.0961718 0.0884307 0.0758178 0.0819772 0.0853822 0.0963373 0.0953609 0.0901446 0.11215 0.0575842 0.0522585 0.0587354 0.0302156 0.0862363 0.0852353 0.0563181 0.0673612 0.0323405 0.0857163 0.169218 -0.018525 0.0993077 0.0483117 0.0958351 0.0486623 0.067039
internal_weight=0 1825.26 3711.35 1505.77 150.619 122.779 80.1557 74.9706 73.619 1180.84 1145.33 70.3927 42.6231 319.484 251.858 194.661 57.1975 2530.5 2350.5 38.4528 35.9967 18.3837 2312.04 4.73712 3.22629 180.007 16.2857 1138.82 14.099 12.7921
internal_count=301001 118270 182731 93686 7784 6930 4891 4183 3680 51340 49846 3320 2039 24584 19450 10979 8471 131391 109156 2042 1890 1600 107114 2053 360 22235 1388 42890 624 445
is_linear=0
shrinkage=0.1


Tree=121
num_leaves=31
num_cat=0
split_feature=86 86 86 156 229 0 140 8 72 193 92 142 151 148 226 6 17 175 149 7 193 216 144 95 182 212 175 159 218 118
split_gain=31.5987 13.0103 5.88711 4.35234 3.95754 5.39842 4.32875 5.31253 4.27296 4.56188 4.2644 4.21102 3.92137 6.43773 6.28202 6.11622 4.30522 3.72785 3.60402 3.47373 3.43434 4.01675 3.41193 3.34385 3.41147 4.52561 4.31881 3.33962 3.60068 3.96975
threshold=-0.87493729591369618 -1.1534370779991148 -0.66562828421592701 0.3352713286876679 -0.020702232606709 0.48913043737411505 0.036113640293478973 0.32022412121295935 0.041960094124078758 -0.13584103435277936 0.7650611698627473 0.016323268413543705 0.0034635370830073957 0.0013960644719190898 -0.02879653591662645 0.07175032421946527 7.5000000000000009 -0.1232585199177265 0.044261494651436813 0.1756822615861893 0.14951383322477343 0.03812000900506974 -0.02397100534290075 -0.12861789017915723 0.019369721412658695 0.036412782967090614 0.22792105376720431 1.1779375672340395 -0.075315162539482103 -0.0058546534273773423
decision_type=2 2 2 2 2 10 2 8 2 2 2 2 2 2 2 8 2 2 2 10 2 2 2 2 2 2 2 2 2 2
left_child=1 3 -2 -1 5 10 -6 8 9 19 -3 -7 16 17 15 -15 27 22 -9 -8 21 -11 -14 24 -4 -26 -27 28 29 -12
right_child=2 4 23 -5 6 11 7 18 -10 20 12 -13 13 14 -16 -17 -18 -19 -20 -21 -22 -23 -24 -25 25 26 -28 -29 -30 -31
leaf_value=0.065453424068287039 0.087584383398146198 -0.054726895968732363 0.13323242642761865 0.041990656143403332 0.083529589621782752 0.14985510467536484 -0.1770711217203238 0.089182375376520559 0.069299590260646388 0.060126322404698673 0.068428704382147681 -0.12098888629641261 -0.037338878859912904 -0.080205708656131136 0.0942375790924046 0.059522563385070885 0.0982657241844197 0.03939422928048724 -0.12807344668024051 0.061640252694597053 -0.082688379733813822 -0.034037447006287039 0.087834038360298836 0.095342268916693576 0.10847510073184337 -0.070579295567691658 0.21073368018321859 0.087451258793523251 0.070545282069018653 -0.0053912671381202114
leaf_weight=259.86485341265711 2061.817296166601 2.6835039329561132 45.6689190458967 113.63310578344681 1233.729946783129 12.069020434620821 1.9398621900459141 57.680406932227925 35.64468952500556 22.043410117405308 15.171206991312376 0.60271638958784102 2.3545264522856568 4.0020939419949881 76.230591552590113 14.420120225050594 80.188327346006986 111.61787308129237 0.77380494212411477 0.88896625413508434 2.4521567058097835 5.701875334003943 28.980259125129351 1010.4132318114907 12.249259066247985 2.9584498710009934 0.66918098645692214 103.11684741231056 203.18082611768421 14.013749818640461
leaf_count=26043 102513 389 1703 3557 69512 1712 153 2303 2394 1871 919 423 254 707 4155 1052 3950 10131 81 170 232 799 1132 43868 635 352 21 3469 15013 1611
internal_value=0 0.0754672 0.0907096 0.0583151 0.0786238 0.072324 0.0817192 0.0641492 0.0452886 0.019374 0.0710751 0.136973 0.0715918 0.0613444 0.0815731 0.0291676 0.0774495 0.0479504 0.0863064 -0.102055 0.0307492 0.0407749 0.0784284 0.0967207 0.119351 0.0794207 -0.0186861 0.0724739 0.0658274 0.0329825
internal_weight=0 2402.98 3133.78 373.498 2029.49 668.632 1360.86 127.125 68.671 33.0263 655.96 12.6717 653.276 237.605 94.6528 18.4222 415.671 142.953 58.4542 2.82883 30.1974 27.7453 31.3348 1071.96 61.5458 15.8769 3.62763 335.483 232.366 29.185
internal_count=301124 152032 149092 29600 122432 44917 77515 8003 5619 3225 42782 2135 42393 17431 5914 1759 24962 11517 2384 323 2902 2670 1386 46579 2711 1008 373 21012 17543 2530
is_linear=0
shrinkage=0.1


Tree=122
num_leaves=31
num_cat=0
split_feature=86 86 86 131 132 199 188 147 96 95 180 4 131 94 170 197 143 146 173 149 208 202 16 224 113 130 157 117 173 102
split_gain=29.9246 11.4301 9.7226 3.84244 3.76327 4.99754 4.16551 4.29908 3.80441 3.4466 3.43761 3.39055 4.66294 3.70267 3.25575 4.96774 7.10327 4.47358 4.61898 4.79834 4.38779 6.72308 5.2748 4.54144 4.31961 4.22695 5.24028 4.06564 5.19068 4.04024
threshold=-0.94671633839607228 -1.1852712035179136 -0.66562828421592701 -0.033298671245574944 -0.0061793148051947347 -0.0023033171892166133 -0.014566905330866574 0.0066610672511160382 -0.16934598237276074 -0.12861789017915723 -0.20279803127050397 0.34848485887050634 -0.0011765659437514839 0.12180711328983308 0.48174977302551275 -0.017024424858391281 0.048100342974066741 -0.011552505195140837 -0.062436927109956734 -0.039765436202287667 -1.0000000180025095e-35 0.12544023245573047 1.5000000000000002 0.10933103784918786 0.04800753481686116 0.036851862445473678 0.62295880913734447 0.0062561088707298049 0.053667657077312476 -0.062358591705560677
decision_type=2 2 2 2 2 2 2 2 2 2 2 10 2 2 2 2 2 2 2 2 2 2 2 2 2 2 2 2 2 2
left_child=1 4 11 -4 5 8 7 -7 -1 -5 -6 -2 13 -13 15 16 -3 27 -19 -20 21 25 -23 -22 -24 -16 -27 -17 -29 -25
right_child=2 14 3 9 10 6 -8 -9 -10 -11 -12 12 -14 -15 20 17 -18 18 19 -21 23 22 24 29 -26 26 -28 28 -30 -31
leaf_value=-0.044813989191259868 0.085504728201101166 0.072991304623235678 0.086511236687142917 0.12599065885883137 -0.035415855161424988 -0.089542207102351959 0.065274764186355028 0.038665059140085611 0.097192427389908145 0.098755412540692214 0.050171116049969093 -0.07380422678784844 0.18084282286924638 0.15742612452487525 0.072350753575264465 0.12040772115648501 -0.050389891497025364 0.062824071162676617 -0.00239329265267035 0.099233172695899929 0.082896362818421318 -0.013919439147010019 0.076535771583132337 -0.095878617492898222 -0.094751377040555959 -0.019498024495388636 0.085949426683927521 0.090074295182834219 -0.057677362223606865 0.050527300639715791
leaf_weight=1.9566617899272376 2700.9302681870849 144.17934154325485 263.14838826838582 49.518132191404447 4.801082856580023 3.9213909844834216 32.910021447005306 7.8537276141466918 52.660566733605492 753.6841560078874 208.27796010844611 1.5322504242894868 7.9513640793134055 1.2635973337087305 458.17485019010314 75.458698417860205 4.8222330251310259 75.616655393599558 4.8568689791225088 107.00106903649055 443.52853708879832 17.408025696126515 17.529438176089574 2.0708786032228117 1.6072910955932673 11.256193577333763 8.1072362478444102 33.495878860393987 2.5593916101006462 20.989359179016105
leaf_count=104 138758 7886 11938 2328 880 564 2224 817 3194 32455 16842 1402 821 296 26663 3533 564 4448 433 6434 29645 2411 881 276 168 1617 78 1979 498 1394
internal_value=0 0.0730633 0.088909 0.0969986 0.0557356 0.0718135 0.0470118 -0.00403097 0.092105 0.100434 0.0482427 0.0857278 0.141784 0.0307015 0.0768521 0.0839151 0.0689982 0.0913489 0.081915 0.0948206 0.0736256 0.0672531 0.0259141 0.0806468 0.0621494 0.0704166 0.0246516 0.107209 0.0795861 0.0373796
internal_weight=0 1741.04 3778.03 1066.35 312.381 99.3024 44.6851 11.7751 54.6172 803.202 213.079 2711.68 10.7472 2.79585 1428.66 447.99 149.002 298.989 187.475 111.858 980.672 514.083 36.5448 466.589 19.1367 477.538 19.3634 111.514 36.0553 23.0602
internal_count=301531 113533 187998 46721 24625 6903 3605 1381 3298 34783 17722 141277 2519 1698 88908 25775 8450 17325 11315 6867 63133 31818 3460 31315 1049 28358 1695 6010 2477 1670
is_linear=0
shrinkage=0.1


Tree=123
num_leaves=31
num_cat=0
split_feature=86 86 86 2 88 79 73 0 131 209 209 131 125 96 137 190 17 145 178 201 106 86 100 229 188 123 188 199 131 140
split_gain=30.3738 10.4895 5.73261 4.47496 4.22362 3.97946 4.42425 3.73767 3.70951 7.5093 6.15479 5.78794 4.40223 4.11735 3.95956 3.8893 5.18115 3.83178 3.86523 3.82143 3.72903 3.66981 3.66143 3.65043 3.56449 3.52557 3.48216 3.47343 4.34273 3.4063
threshold=-1.0724866986274717 -0.83778271079063404 -1.2557591199874876 0.25357143580913549 0.65624013543128978 0.31494164466857916 1.0000000180025095e-35 0.11882352828979494 -0.022796243429183956 0.064780794084072127 0.003587097162380815 -0.0090168323367834074 0.010976326186209919 -0.19033922255039212 0.030042980797588829 0.064317643642425551 28.500000000000004 -0.034313593059778207 -0.072586305439472185 0.19790857285261157 0.043052822351455695 -0.82283037900924672 -0.1074526086449623 -0.015669319778680798 0.23295587301254275 0.071799874305725112 0.03413634933531285 0.0048533705994486817 -0.038482010364532464 0.048289425671100623
decision_type=2 2 2 10 2 2 2 8 2 2 2 2 2 2 2 2 2 2 2 2 2 2 2 2 2 2 2 2 2 2
left_child=2 5 7 8 -4 -2 24 -1 9 17 11 21 14 26 27 16 -15 18 -3 -13 -17 23 -5 -10 -7 -12 -14 -11 -29 -19
right_child=1 3 4 22 -6 6 -8 -9 10 12 25 19 13 15 -16 20 -18 29 -20 -21 -22 -23 -24 -25 -26 -27 -28 28 -30 -31
leaf_value=-0.066165133566270337 0.079092972692948404 0.027874394113084566 -0.021345505557038961 -0.0207426430195542 0.070961176338673396 0.080833269300958244 0.098607268032066542 0.051264300738696034 -0.0178046788823863 0.10640425822023275 0.099362426247331687 0.080939481203299593 -0.060377009150463845 0.0083128669878183657 -0.0083243813913014466 0.060017078770511191 0.33975478480000831 0.087745499579401753 0.11653813117959291 -0.023251652263876484 0.25141851465480064 0.10025953358141269 0.13083380113111026 0.084707952875867604 -0.01636728389203964 -0.031592697624449814 0.17263071228646823 -0.031554480261530897 0.080746578657473145 0.041507311538138171
leaf_weight=2.7549271012175032 1541.9632728386 5.2860053775348197 4.999418251447195 1.6636423072675359 584.16689696398805 211.7887524984443 252.39978915321274 168.02765585713678 5.2120672727025985 35.286810104983488 901.31426117119611 480.86346789130721 0.77526927594976669 32.986719439022409 4.6334204023592056 14.666899491349566 0.47848244439228338 805.34986818627897 70.395896128324921 3.5461332716822644 1.0938114935302099 291.35835876244744 37.868375247651556 10.414787600942415 3.8411953925824482 2.0605154916620441 3.7134673870486949 4.5811657455547019 13.86563709653967 16.253936726230222
leaf_count=3009 92868 499 567 411 39191 11527 12382 11585 419 2107 37248 25083 160 3613 549 1268 18 34032 2325 279 155 13357 4656 657 185 183 79 619 794 861
internal_value=0 0.0870326 0.0655018 0.0910532 0.0701779 0.0815444 0.0896207 0.04937 0.0905649 0.0857657 0.0934233 0.0869847 0.061361 0.0407021 0.0803732 0.0323417 0.0130518 0.0888141 0.110345 0.0801767 0.0733006 0.0977274 0.124455 0.0505166 0.0791018 0.0990637 0.132387 0.0880215 0.0528572 0.0868308
internal_weight=0 4753.66 759.949 2743.67 589.166 2009.99 468.03 170.783 2704.14 1009.37 1694.77 791.395 112.082 53.7146 58.367 49.2259 33.4652 897.286 75.6819 484.41 15.7607 306.985 39.532 15.6269 215.63 903.375 4.48874 53.7336 18.4468 821.604
internal_count=300686 246334 54352 129372 39758 116962 24094 14594 124305 47079 77226 39795 9362 5293 4069 5054 3631 37717 2824 25362 1423 14433 5067 1076 11712 37431 239 3520 1413 34893
is_linear=0
shrinkage=0.1


Tree=124
num_leaves=31
num_cat=0
split_feature=86 86 86 132 83 175 69 115 156 96 119 188 157 66 137 186 157 165 9 93 205 74 96 128 204 172 200 168 180 135
split_gain=35.4474 11.1367 7.62208 4.50036 4.13478 3.88995 3.65363 5.17698 3.61351 4.17991 4.3051 6.00697 4.15497 4.04229 3.88642 4.63734 3.59884 3.51994 6.14833 4.06525 3.37298 3.29308 3.43568 3.2419 4.46745 3.70689 3.89561 4.18099 3.56424 3.54096
threshold=-0.93589836359024037 -1.1852712035179136 -0.66562828421592701 -0.0098817725665867311 17.500000000000004 -0.017802878282964226 135.76674652099612 -0.028931926004588601 0.17512886226177218 -0.035279789939522736 0.0018675621249713006 0.041501546278595931 0.5039929747581483 5.8342738151550302 1.0000000180025095e-35 0.026119733229279522 0.46083314716815954 93.500000000000014 1.0000000180025095e-35 0.36546161770820623 -0.13305573910474774 0.10471491143107416 0.056573923677206046 0.031900547444820411 0.18575677275657657 -0.051968775689601891 0.0088809304870665091 4.006747007369996 -0.20279803127050397 0.021015602163970474
decision_type=2 2 2 2 2 2 2 2 2 2 2 2 2 2 2 2 2 2 8 2 2 2 2 2 2 2 2 2 2 2
left_child=1 3 23 6 17 -6 16 -8 9 -4 20 14 13 -10 15 -12 -1 19 21 -3 -11 -19 -23 -2 25 26 -25 29 -27 -28
right_child=2 4 8 -5 5 -7 7 -9 12 10 11 -13 -14 -15 -16 -17 -18 18 -20 -21 -22 22 -24 24 -26 28 27 -29 -30 -31
leaf_value=0.0025317783174014716 0.088471951019694905 0.079244359252973129 0.12249632869617531 0.048549601210559533 0.077074239519616339 0.14077959890555342 -0.040544985614422435 0.083796882827531602 0.031934484015256781 0.008749115941422898 0.091469350781313269 0.10563911172429484 0.095044287474579353 0.13278157924445547 -0.025706760261801961 -0.0066815506541825914 0.091905695348647246 -0.069611146876653901 0.068347184146014109 0.062621200182984865 0.11616481903635799 0.018925537276383315 0.26587158530798111 0.078355243143009137 -0.056097341816060235 -0.017235678150522946 0.066594232537942971 -0.079762125089354749 0.087973582874940059 0.0016212278808400008
leaf_weight=4.8551304816044185 2264.541449515048 1160.8591121037343 106.92050002154213 231.2845122566473 19.233008799735217 19.107377747654027 6.022572047508902 7.5411820723938927 19.104241363370424 3.0412215940089018 16.521829681242714 34.060424093249253 792.96033435236131 5.018846529428628 6.2893523918210112 6.7928489059404447 62.560655081471396 4.4413853609123661 121.23311409954408 168.46570473338988 75.415937518218243 12.273520665040447 0.59049518451638583 91.815842386127315 2.4439982542910448 3.2614353496187496 33.26893153233209 2.6207119854029761 253.59524314678401 11.215690851398902
leaf_count=2001 114063 71465 13225 19226 984 588 645 529 2550 482 1403 2157 16827 1575 993 873 2095 1130 6471 11585 6636 1186 139 4981 256 470 2960 345 12236 884
internal_value=0 0.0728404 0.0898695 0.0556532 0.0764036 0.108823 0.0759416 0.0285867 0.0970146 0.10756 0.096323 0.077002 0.0938005 0.0529159 0.044054 0.0628726 0.0854692 0.0755568 0.0603879 0.0771377 0.112001 0.00462913 0.0302611 0.0870087 0.078688 0.0795203 0.0663608 0.0429817 0.0866377 0.0502129
internal_weight=0 1818.47 3728.89 312.264 1506.2 38.3404 80.9795 13.5638 1066.13 249.042 142.122 63.6645 817.083 24.1231 29.604 23.3147 67.4158 1467.86 138.539 1329.32 78.4572 17.3054 12.864 2662.76 398.222 395.778 138.921 47.1053 256.857 44.4846
internal_count=300960 118044 182916 24496 93548 1572 5270 1174 46721 25769 12544 5426 20952 4125 3269 2276 4096 91976 8926 83050 7118 2455 1325 136195 22132 21876 9170 4189 12706 3844
is_linear=0
shrinkage=0.1


Tree=125
num_leaves=31
num_cat=1
split_feature=63 74 157 66 237 112 157 171 104 170 12 215 194 90 163 74 157 100 63 165 88 114 225 228 174 227 208 190 190 204
split_gain=15.7008 13.5853 8.83546 8.1952 9.57007 5.85907 5.75539 5.68051 5.64999 5.40712 5.61259 9.35256 7.63982 6.86929 5.72938 5.0842 7.13671 4.986 4.87168 4.86768 4.83475 4.83035 5.74065 5.38232 5.26263 4.80379 5.96072 4.79455 4.7889 4.73372
threshold=0.33526432514190679 0.33602151274681097 0.59474343061447155 3.9502558708190922 0 -0.03773952089250087 0.47200755774974829 -0.089866671711206422 -0.12820155173540113 0.55733183026313793 213.00000000000003 0.015111818909645082 0.091295905411243453 1.3621010184288027 0.8946710228919984 0.18257576227188113 0.49335704743862158 0.12844236195087436 -0.45419229567050928 102.00000000000001 0.76100337505340587 0.049155298620462425 -0.12503491342067716 1.0000000180025095e-35 0.34728136658668524 -0.083288680762052522 0.01748868823051453 0.12517427280545237 0.02018678188323975 -0.17213649302721021
decision_type=2 2 2 2 9 2 2 2 2 2 8 2 2 2 2 2 2 2 2 2 2 2 2 2 2 2 2 2 2 2
left_child=1 2 9 8 -5 28 -6 -7 25 10 11 12 -1 -12 15 -15 -17 -11 -19 -8 -14 -4 -23 -24 29 -2 -27 -13 -3 -25
right_child=3 5 21 4 6 7 19 -9 -10 17 13 27 20 14 -16 16 -18 18 -20 -21 -22 22 23 24 -26 26 -28 -29 -30 -31
leaf_value=0.088447404866578538 -0.031992285966510964 0.063020275937088616 0.094399513669516433 -0.015770195713820264 -0.010062946578815171 0.099348223202086666 0.070415559327598173 0.070025713841057838 0.079848348109446923 0.059360840490405291 0.043543508634383186 0.09922929601728421 0.069431708048988947 0.085550980780976407 -0.067550040467881239 0.032384240813579733 0.077689115161146821 0.34244389279739113 0.10010499396592375 -0.08334696102229916 0.017570875873263121 -0.062362376137619482 0.093691489426740493 -0.11124833276503204 -0.089823239237661348 0.078793401321821277 0.012283711873512728 0.13880431066982368 0.016087751803256303 0.068279886349802796
leaf_weight=407.71177850831737 6.6067856715490043 78.04276753593831 1809.5840340215054 22.003294432074767 10.324015977326097 83.661119740364825 118.24309877423161 314.15542513478033 449.93553340761889 143.53009893982335 47.897400680269129 361.90146243467154 86.907053436838964 980.67220632470253 2.550785191765498 43.414445402309411 174.63015730273764 0.86089816207914083 22.767534480213271 2.0953180996730216 22.663985142116871 2.8590898467191428 122.54734788130736 1.4959896498476144 2.2556581840035497 42.471207390930886 19.737032329473095 33.441786009192811 30.137149493275047 80.548974831215673
leaf_count=54443 376 4336 20953 4025 5951 9865 7734 16342 18983 26204 2544 39372 9174 47299 2926 5899 4404 126 2805 193 2875 112 1229 62 53 2048 1366 4976 3387 1222
internal_value=0 0.0860889 0.0878935 0.0697735 0.0494081 0.0705808 0.0572123 0.0761923 0.0757669 0.0836961 0.085036 0.0909973 0.0821473 0.0806808 0.0821615 0.0824801 0.0686685 0.0663683 0.108935 0.0677383 0.0587047 0.0927345 0.0783673 0.0803125 0.0608636 0.0490813 0.0576916 0.102577 0.0499456 0.0650064
internal_weight=0 4854.24 4348.24 671.416 152.666 505.996 130.662 397.817 518.751 2328.95 2161.79 912.626 517.283 1249.16 1201.27 1198.72 218.045 167.159 23.6284 120.338 109.571 2019.29 209.707 206.848 84.3006 68.815 62.2082 395.343 108.18 82.045
internal_count=301284 260608 226678 40676 17903 33930 13878 26207 22773 203047 173912 110840 66492 63072 60528 57602 10303 29135 2931 7927 12049 23631 2678 2566 1337 3790 3414 44348 7723 1284
cat_boundaries=0 2
cat_threshold=538079234 4962176
is_linear=0
shrinkage=0.1


Tree=126
num_leaves=31
num_cat=0
split_feature=86 86 86 193 157 156 102 176 161 170 149 161 149 95 159 1 82 164 149 127 215 107 17 2 162 123 81 194 227 156
split_gain=32.7356 11.7595 5.11546 4.91066 3.88358 4.25679 4.89316 4.80873 4.49262 4.37316 4.74427 4.35273 4.20649 4.15936 6.39361 5.16135 4.81545 4.78434 4.90053 4.44269 5.25546 4.40822 3.82809 3.76737 3.67795 4.10791 3.64741 3.62454 4.09522 3.60727
threshold=-1.0724866986274717 -0.83778271079063404 -1.3520495295524595 0.23337487876415255 0.37027060985565191 0.097693528980016722 0.087499577552080168 -0.22100203484296796 3.2288444042205815 0.46884198486804968 0.032700123265385635 3.3833793401718144 0.020058246329426769 -0.0049800418782979241 0.07180031388998033 0.018874644301831726 0.029557367786765102 3.9019216299057011 -0.025710318237543103 -0.027771091088652607 0.075321424752473845 0.042387187480926521 31.500000000000004 0.3390804678201676 47.887002944946296 0.034010224044322974 0.073128342628479018 0.08163813874125482 -0.098732497543096528 0.17512886226177218
decision_type=2 2 2 2 2 2 2 2 2 2 2 2 2 2 2 8 2 2 2 2 2 2 2 10 2 2 2 2 2 2
left_child=2 4 -1 29 -2 6 9 -8 27 -6 13 -12 -10 14 -11 17 22 19 -19 -16 -21 -22 -15 -14 -9 -26 -3 28 -7 -4
right_child=1 26 3 -5 5 8 7 24 12 10 11 -13 23 16 15 -17 -18 18 -20 20 21 -23 -24 -25 25 -27 -28 -29 -30 -31
leaf_value=0.0336963209288084 0.024700748135477544 0.094256507595020203 0.077575821322112645 -0.060192490614045774 0.11840266717106912 -0.0065179523199204604 -0.052584019448439524 0.14222769985453518 0.08540140320227245 -0.062292870969336459 -0.03584590956874447 0.081063958527652191 0.070370334741002211 0.054836217465205554 -0.045917749281959963 0.12939647806673402 0.12196908804566396 0.12678946694621249 -0.0030192237644728354 0.12428685295757003 0.16529545832523282 0.6296812092407813 0.2833810457622164 0.19167246564801943 0.069186040818275826 -0.056906383823128751 0.086311653532307048 0.036122355647551951 0.074814258106034079 0.062585739642215629
leaf_weight=48.248150131559441 11.820514452407677 1933.5193906898312 248.72330186279692 3.0056949523986978 77.058579255215363 6.3287083734066973 3.5370435828583586 5.7904368910287785 1156.2041949206837 2.1316168463144995 5.5161999617107522 7.5344567611666662 267.14302277947445 45.618967997289246 1.3777613800050375 58.71320157582602 16.112183560019503 4.1506446086741553 9.7162692475905015 9.4749269844622876 0.42559820002691218 0.39332074979711251 0.74485714502861711 2.5851403485394249 20.355271244445479 2.9593311299281586 824.14913001058449 29.268145307880332 284.25334903622479 452.77020295621787
leaf_count=4653 8930 88671 32522 711 6261 392 692 776 43877 953 1088 1833 11863 10967 1047 6130 1660 433 2299 2566 342 134 63 204 3165 787 41182 1750 8726 16275
internal_value=0 0.0876304 0.0651968 0.0673542 0.0818525 0.0821873 0.0938331 0.0575167 0.0803755 0.0987937 0.0894612 0.031649 0.0827781 0.0945296 0.108745 0.113073 0.0748742 0.0755441 0.0358351 0.122722 0.145293 0.388337 0.0585079 0.0715329 0.0708969 0.0531811 0.0918821 0.0696644 0.0730429 0.0679007
internal_weight=0 4786.88 752.747 704.499 2029.21 2017.39 271.611 32.6421 1745.78 238.969 161.91 13.0507 1425.93 148.859 86.3833 84.2517 62.476 25.5385 13.8669 11.6716 10.2938 0.818919 46.3638 269.728 29.105 23.3146 2757.67 319.85 290.582 701.494
internal_count=300952 246791 54161 49508 116938 108008 41196 5420 66812 35776 29515 2921 55944 26594 13904 12951 12690 6821 2732 4089 3042 476 11030 12067 4728 3952 129853 10868 9118 48797
is_linear=0
shrinkage=0.1


Tree=127
num_leaves=31
num_cat=0
split_feature=86 86 86 186 138 156 230 6 221 129 98 16 74 141 199 159 121 130 218 152 3 120 134 102 76 166 124 0 5 114
split_gain=35.3613 11.9145 7.78667 4.92114 4.80221 4.39016 4.35694 4.02623 4.86177 4.69392 6.3839 4.40051 4.91785 3.99516 3.9514 4.69477 3.8149 5.16974 3.7444 3.62079 4.65055 4.42636 5.30649 5.38287 4.32114 4.18889 4.03597 4.75619 3.93638 3.58342
threshold=-0.92546641826629628 -1.1852712035179136 -0.57249638438224781 -0.052870281040668481 -0.01089072087779641 0.043717153370380409 -0.045621335506439202 0.13373984396457675 0.070513553917408003 -0.020983858034014698 0.051362525671720512 1.0000000180025095e-35 0.22361110895872119 -0.072533205151557908 -0.059536855667829507 1.3128175735473635 0.072767451405525221 -0.034482793882489197 -0.058451374992728226 0.0026595460949465637 0.056349206715822227 -0.0082497503608465177 0.022278964519500736 -0.046394644305109971 0.12667141854763034 0.049325618892908103 -0.053758013993501656 0.19026072323322299 0.12599206715822223 -0.025203745812177655
decision_type=2 2 2 2 2 2 2 8 2 2 2 2 2 2 2 2 2 2 2 2 8 2 2 2 2 2 2 10 10 2
left_child=1 -1 6 5 -5 -3 19 8 13 10 14 12 -11 -6 15 -9 -8 -18 29 24 25 26 23 -23 -2 -21 27 -22 -24 -15
right_child=2 3 -4 4 7 -7 16 9 -10 11 -12 -13 -14 18 -16 -17 17 -19 -20 20 21 22 28 -25 -26 -27 -28 -29 -30 -31
leaf_value=0.055248576314589494 0.11121982145604724 0.0096859699886849733 0.10068807892217464 0.088311775767980064 -0.13219025512724134 0.069705490454952612 0.086846929963310365 -0.059072168673890618 0.10257029346662999 0.079406254818839894 -0.052626023182891925 0.081169621520447474 0.0069461036339184441 0.091013061122795461 0.067744122232640133 0.12934539430564179 -0.019113104387910411 0.074343994537623734 0.079906457094098077 0.15723942415326786 -0.037984408497044569 0.035207394133146983 0.11279274301421932 0.080295513966249871 0.08338368117458661 -0.047182097938892657 0.10350685986384467 0.08752073175345236 -0.038358642394862141 0.03817347985009472
leaf_weight=313.51763253977015 202.55226643187132 12.508571385268622 562.22504809785733 442.39761278649746 0.92532269501339115 473.97552050840977 2163.5494583945542 5.6063458951493876 78.216782948554055 17.903024248302927 7.179046239423541 109.4837393987234 19.643584095659662 18.004843995346164 28.232158950719622 1.7306551847761964 6.1625701918776477 149.71881099332791 346.07745667907602 1.2977706136639415 4.4023752350358327 32.939642336808902 51.319713930506168 134.98461860327996 76.954823128007774 4.4044452577950324 211.88935660491029 9.6126376840611538 1.7828022350181516 44.694028613379601
leaf_count=24529 8511 7649 22725 24733 80 25199 109156 730 3814 1506 1034 6969 1411 900 2454 91 444 8489 18999 750 517 2638 1831 6661 3020 4481 7674 536 376 3181
internal_value=0 0.0730804 0.0898737 0.0765602 0.0802077 0.0681623 0.0878813 0.0749174 0.0797244 0.0625584 0.0333916 0.0710385 0.0414967 0.0753629 0.0507528 -0.0146281 0.0857583 0.0706493 0.0758327 0.0946067 0.0890805 0.0902255 0.0801644 0.0714511 0.103556 -0.000657685 0.100069 0.0480972 0.107718 0.0533471
internal_weight=0 1920.1 3613.8 1606.58 1120.09 486.484 3051.57 677.697 487.918 189.779 42.7482 147.03 37.5466 409.702 35.5692 7.337 2319.43 155.881 408.776 732.14 452.633 446.931 221.027 167.924 279.507 5.70222 225.904 14.015 53.1025 62.6989
internal_count=301088 123279 177809 98750 65902 32848 155084 41169 26974 14195 4309 9886 2917 23160 3275 821 118089 8933 23080 36995 25464 20233 11506 9299 11531 5231 8727 1053 2207 4081
is_linear=0
shrinkage=0.1


Tree=128
num_leaves=31
num_cat=0
split_feature=86 86 156 182 118 177 86 157 116 218 206 170 157 142 173 67 119 69 161 102 150 173 156 173 173 171 96 176 106 27
split_gain=32.3309 11.9011 5.30177 4.67713 4.57024 4.51542 4.46302 4.41968 4.12961 4.89972 4.16834 3.88566 5.56329 4.79812 4.96199 4.15916 4.25879 5.04776 4.55943 4.74868 5.00478 3.67735 3.66736 5.19538 4.1249 4.52884 3.64826 6.19075 3.80811 3.58134
threshold=-1.0724866986274717 -0.82283037900924672 0.025751547887921337 -0.094357229769229875 -0.028425738215446469 -0.14576233923435208 -1.1852712035179136 0.34838473796844488 0.084802597761154189 0.025145905092358593 0.0884680710732937 0.42745165526866918 0.45714193582534796 0.016323268413543705 -0.162561260163784 3.1050226688385014 -0.044461179524660104 135.83020782470706 3.7670695781707768 -0.049239553511142724 -0.05619369447231292 0.42309133708477026 0.088365435600280776 -0.12665761262178418 0.34786808490753179 -0.18633998930454251 0.21939679235219958 0.31758312880992895 0.08433112129569055 1.0000000180025095e-35
decision_type=2 2 2 2 2 2 2 2 2 2 2 2 2 2 2 2 2 2 2 2 2 2 2 2 2 2 2 2 2 2
left_child=2 3 -1 4 -2 26 -4 -5 11 10 -10 13 15 14 -9 16 17 -13 -18 20 -20 -8 23 -14 29 -26 28 -28 -3 -25
right_child=1 5 6 7 -6 -7 21 8 9 -11 -12 12 22 -15 -16 -17 18 -19 19 -21 -22 -23 -24 24 25 -27 27 -29 -30 -31
leaf_value=-0.009352967533811039 0.093034388321925371 0.10635248180938749 0.056426297138624806 -0.0060173716351788406 0.063404946932639525 0.090035095537213949 0.072882263816195475 0.043554132375443422 0.042210645115344919 0.087410848576866151 -0.070446939732693323 0.12720784399486504 0.12584906077011893 0.1340637937115709 0.10138794704029404 -0.019859875156923376 0.035393587781510326 0.73020411560651965 0.60742551002732659 0.058330240800316381 0.13650013819944209 -0.044809098496281341 0.082958932135459393 0.091052456106615734 0.39995100894516256 0.08690065245410647 0.097894403508484829 -0.0090781458581668684 -0.0017678542463827028 0.035295644412808636
leaf_weight=9.5277553508740294 67.121053037864158 316.95052861909789 305.12286659620804 5.4995803382851127 231.98126867539258 2210.0925797576247 436.99942376702711 18.556067699298183 22.724326084116232 25.314345529653792 3.8391658995296885 6.6008829964175666 49.268193841362176 33.283695308883352 73.98244652438143 6.4061308525956511 40.156825782676151 0.14180790939781207 0.23177840826974616 16.916356739165622 8.5678111558261225 2.6711113075234598 1485.6521194760098 103.5612055398218 0.87814267477006069 0.97546204909030965 18.306598521138771 7.6794681099854634 3.291403780046493 12.961745873825292
leaf_count=10265 3522 17920 19217 4926 16312 101002 24427 629 1399 1033 364 2027 3065 694 2521 7225 13986 98 35 5644 1725 259 48975 10138 157 201 631 99 439 2110
internal_value=0 0.0870499 0.0647704 0.0816839 0.070054 0.0916986 0.0657186 0.0834998 0.0837576 0.0559295 0.0259285 0.0845345 0.0833021 0.101502 0.089791 0.0573809 0.0641951 0.13989 0.0564471 0.0893232 0.148904 0.0721673 0.084541 0.0985616 0.0872046 0.235208 0.102317 0.0662816 0.105241 0.0848502
internal_weight=0 4770.94 754.321 2214.62 299.102 2556.32 744.793 1915.52 1910.02 51.8778 26.5635 1858.14 1732.32 125.822 92.5385 79.0216 72.6155 6.74269 65.8728 25.7159 8.79959 439.671 1653.3 167.645 118.377 1.8536 346.228 25.9861 320.242 116.523
internal_count=301045 246877 54168 126786 19834 120091 43903 106952 102026 2796 1763 99230 95386 3844 3150 30740 23515 2125 21390 7404 1760 24686 64646 15671 12606 358 19089 730 18359 12248
is_linear=0
shrinkage=0.1


Tree=129
num_leaves=31
num_cat=0
split_feature=86 86 86 156 79 4 112 114 160 118 86 109 5 106 207 78 208 102 183 2 127 204 129 205 94 159 215 101 104 145
split_gain=32.8612 10.3008 5.19154 5.05542 4.54824 4.42393 4.32022 5.63065 4.83528 4.40397 4.12881 3.96643 5.14422 3.96059 5.14114 4.67525 3.76561 4.05205 3.7646 5.79744 3.97636 3.74824 3.77374 3.71793 3.86036 3.75017 4.45377 3.83753 3.55039 6.524
threshold=-1.0724866986274717 -0.83778271079063404 -1.1852712035179136 0.09268804639577867 0.31494164466857916 0.28991597890853887 -0.031931199133396142 -0.011181347072124479 2.0000000000000004 -0.0031112270662561055 -0.57249638438224781 -0.00419498118571937 0.066024884581565871 -0.0025985635584220286 0.13677608221769336 0.026144907809793953 0.15275599807500842 -0.054178593680262559 -0.039834890514612191 0.3390804678201676 -0.015309241134673355 0.046545302495360381 -0.014217488467693327 0.022844514809548858 0.095068845897912993 1.1384256482124331 -0.082957334816455827 -0.031543819233775132 -0.013977477792650459 -0.0032992028864100571
decision_type=2 2 2 2 2 10 2 2 2 2 2 2 8 2 2 2 2 2 2 10 2 2 2 2 2 2 2 2 2 2
left_child=2 3 -1 6 18 10 7 -2 13 -10 -3 12 -9 15 -15 -8 21 -18 19 20 -5 22 -6 24 -22 27 -27 -26 -23 -30
right_child=1 5 -4 4 16 -7 8 11 9 -11 -12 -13 -14 14 -16 -17 17 -19 -20 -21 23 28 -24 -25 25 26 -28 -29 29 -31
leaf_value=0.054452011498011321 0.023701155748040562 0.088481267080263673 0.071283133603091769 0.086873358270832035 0.10958305903518054 0.14571696663690006 0.13282955400133484 -0.076816787569280731 0.098730842248374598 -0.047261936502705978 0.098240077268636816 0.10474554537175847 0.073884586964599042 0.094388436048549157 -0.072591304781932972 0.079002039135342428 0.086991693608145779 -0.060155463862236892 0.079533628088259339 -0.063366524752015527 0.059741796240478401 0.088461765579673057 0.086787374789509375 0.07714609947889306 0.048700697361589551 -0.15957016178716801 0.097268237384628795 -0.041898902208747188 0.066997499539208485 -0.04473873259044344
leaf_weight=315.92912539799192 17.489522676762476 2159.7605103287065 436.40808545373955 86.744613749895507 113.8170407525804 14.556494856241441 68.715720017646049 2.8583101860717735 4.1951368209015527 4.0716786718421627 542.42603496244328 40.428898980918063 10.913852646802525 97.939761115578051 1.8792584732568673 21.087915338589028 4.0106578816676119 3.5085550615249295 1012.4497341396018 3.3659514329283402 114.17085252528977 57.19832268964592 200.64399199743548 95.167673055482737 7.7745674174657369 0.74115889202221286 7.5821490226539918 11.727356270933342 33.366024963152086 6.1958086402282779
leaf_count=24704 5239 104011 29761 3994 3436 3432 8427 1264 1166 1811 22286 6027 2048 15632 665 4698 105 345 40592 214 4884 2303 6788 3796 478 32 234 908 1643 542
internal_value=0 0.0867107 0.0642152 0.0813179 0.0793631 0.0907364 0.0940695 0.073037 0.101689 0.0268246 0.0904402 0.0889567 0.0426076 0.104953 0.0912448 0.12019 0.0884599 0.0183311 0.0765198 0.0671962 0.068553 0.0897422 0.0950381 0.0618521 0.0516019 0.0182029 0.0743978 -0.00578079 0.072531 0.0494984
internal_weight=0 4744.79 752.337 2028.04 1758.46 2716.74 269.58 71.6906 197.889 8.26682 2702.19 54.2011 13.7722 189.623 99.819 89.8036 418.74 7.51921 1339.72 327.274 323.908 411.221 314.461 237.164 141.996 27.8252 8.32331 19.5019 96.7602 39.5618
internal_count=301465 247000 54465 117271 70294 129729 46977 14578 32399 2977 126297 9339 3312 29422 16297 13125 15162 450 55132 14540 14326 14712 10224 10332 6536 1652 266 1386 4488 2185
is_linear=0
shrinkage=0.1


Tree=130
num_leaves=31
num_cat=0
split_feature=86 86 17 9 157 93 164 182 143 179 110 5 205 107 154 205 75 75 166 170 157 216 125 8 219 120 4 180 149 159
split_gain=36.5486 15.4269 6.4185 4.80789 4.59583 6.63312 6.31755 4.53201 5.06228 4.70312 4.5344 5.50034 4.78758 4.81884 4.43542 4.4091 5.50589 6.0753 4.33854 4.33512 4.9359 6.12377 4.16288 5.18975 5.33872 4.52226 4.38603 3.95003 5.06588 3.88879
threshold=-1.1170034408569334 -0.76415729522705067 10.500000000000002 0.0031720877159386878 0.68536502122879039 0.4499343484640122 3.7494349479675297 -0.094357229769229875 -0.0068876005243509999 0.044836517423391349 -0.056913640350103371 0.10869157686829568 0.071188036352396025 -0.014503903687000273 0.023181102238595489 0.029693501070141796 0.12864215672016147 0.024099883623421196 0.28186559677124029 0.50857836008071911 0.52577093243598949 -0.025846796110272404 0.0012017614790238442 0.32022412121295935 -0.033364502713084214 0.018378374166786674 0.099773757159709944 0.24016373604536059 0.0055276725906878718 0.34848977625370031
decision_type=2 2 2 10 2 2 2 2 2 2 2 10 2 2 2 2 2 2 2 2 2 2 2 8 2 2 8 2 2 2
left_child=-1 2 3 7 5 -5 -7 15 9 22 11 12 13 -10 19 -2 17 -17 -15 27 21 -21 29 24 -24 -26 -25 -3 -29 -9
right_child=1 14 -4 4 -6 6 -8 8 10 -11 -12 -13 -14 18 -16 16 -18 -19 -20 20 -22 -23 23 26 25 -27 -28 28 -30 -31
leaf_value=0.058837909208406418 0.06827767872606702 0.10362707717202746 0.095237947551360003 0.083253647864467817 0.099992444533204203 0.10810401289662193 -0.050915080756243153 0.032925913953413988 -0.071739735196556381 0.085309331596245916 0.084528025360362122 0.10012191358036096 0.093703141282082472 -0.11730626777016773 0.084574089093315916 -0.015533906929382958 -0.079651790231409683 0.084606690025835374 0.047710089551247892 0.10065667987455434 0.093379056739683441 0.024412112179359895 0.062125707442944968 0.087730548959552734 -0.094605652705050308 0.029281382126095302 0.029696876266058603 0.010036124530258246 0.1085570079591603 0.082512249116811973
leaf_weight=510.91922565041568 115.29981554281312 676.14270016710316 359.00788710487723 1493.0639877727392 170.85483825492702 3.857978021928373 7.088982347755973 20.796709077748687 5.8849498566366973 81.979300525411645 704.88338722311028 16.688103931624028 8.6421921099777119 1.7598632942958854 390.59417152255719 10.394742066906479 4.3041491653925723 14.521869144238051 16.831082003412575 19.010881599254503 756.3205894034445 23.62530544680078 7.2900937101908339 22.691956046609448 7.4800554121551368 4.8614698196679456 30.563623676935549 10.403176072373073 10.473599338964958 66.035136627923066
leaf_count=39345 7712 29939 17455 74331 1518 629 1068 1880 958 6459 46288 913 669 420 18408 1461 756 1354 1229 5632 19999 9373 1183 783 1774 652 2536 1329 851 4410
internal_value=0 0.0869014 0.0826456 0.0810401 0.0844506 0.082685 0.00512716 0.0760335 0.0784338 0.0658386 0.0824676 0.0533072 0.0297175 0.00712475 0.0940633 0.0594846 0.0247886 0.0428299 0.0320892 0.0965409 0.0915129 0.0584085 0.0558448 0.0382237 -0.0057256 -0.0458051 0.0544248 0.102304 0.0594627 0.070636
internal_weight=0 5061.35 3174.78 2815.77 1674.87 1504.01 10.947 1140.91 996.388 241.698 754.69 49.8062 33.1181 24.4759 1886.57 144.521 29.2208 24.9166 18.5909 1495.98 798.957 42.6362 159.719 72.8872 19.6316 12.3415 53.2556 697.019 20.8768 86.8318
internal_count=301314 261969 176438 158983 77546 76028 1697 81437 70154 19677 50477 4189 3276 2607 85531 11283 3571 2815 1649 67123 35004 15005 13218 6928 3609 2426 3319 32119 2180 6290
is_linear=0
shrinkage=0.1


Tree=131
num_leaves=31
num_cat=0
split_feature=86 86 79 156 79 8 157 78 73 212 223 129 86 211 222 85 5 154 157 166 156 111 214 195 183 149 11 195 174 170
split_gain=30.9216 17.0672 4.20451 4.96404 4.26042 4.33239 4.16068 5.07307 4.81534 3.83537 4.02074 3.75504 3.71682 5.05416 5.19246 3.70518 3.67694 3.48835 3.48244 3.43324 3.41261 3.35965 3.2947 3.58448 3.28503 3.2793 3.74718 3.22564 4.14068 3.19163
threshold=-1.1852712035179136 -0.82283037900924672 0.31494164466857916 0.088365435600280776 0.047905908897519119 0.11734716221690179 0.47923633456230169 0.22245857864618304 0.29777145385742193 0.063956081867218031 0.042617464438080795 -0.048871373757719987 -0.57249638438224781 0.067311204969882979 0.046433439478278167 112.50000000000001 0.22401433438062671 -0.036148184910416596 0.53344655036926281 0.49221237003803259 0.28281377255916601 0.058014903217554099 -0.12197035923600195 -0.0035160618135705586 0.11700888723134996 -0.029564431868493554 0.073215402662754073 -0.037428140640258782 0.075085006654262557 0.48174977302551275
decision_type=2 2 2 2 2 8 2 2 2 2 2 2 2 2 2 2 10 2 2 2 2 2 2 2 2 2 10 2 2 2
left_child=-1 2 3 4 5 -2 7 8 11 -6 24 -5 -3 -14 17 29 -4 20 -17 -20 -15 22 23 -13 -11 26 -7 28 -27 -8
right_child=1 12 16 6 9 25 15 -9 -10 10 -12 21 13 14 -16 18 -18 -19 19 -21 -22 -23 -24 -25 -26 27 -28 -29 -30 -31
leaf_value=0.052923129000692785 -0.02451046423479657 0.089613642841117086 0.088354806480106463 -0.0053032135206898577 0.10370917100709709 0.12502871669176474 0.085122553559212596 0.17925204800001696 0.12810714839756013 0.092530337033837812 -0.0185757161698594 0.16333055311898059 0.10324135282154917 0.064202368588768349 -0.010029065852549365 -0.017052128236804128 -0.043244598577537686 0.089287196653976275 -0.033593819167072873 0.071895538437895257 -0.10208619559079396 0.08323536774277826 0.039362911438496934 -0.01590490047199775 -0.019711157119803438 -0.021594932848939135 0.46156262217279409 0.083595818930922161 0.078134470730117464 0.075438493698732748
leaf_weight=303.54376080262318 4.6373672831488753 2004.4255030409931 555.55517344535701 10.802012599433509 173.2320812617188 6.0676342479503083 481.32741277378773 3.4327512241616196 8.6716323764267127 25.04293113604945 4.7606410211059247 4.3510028187261014 453.12027339213932 3.5587576496591273 6.328173966697249 6.9135518647990457 2.1312879865658934 78.398240942512302 3.442042201946605 29.761983285910901 1.8893319252929357 32.964548682543409 72.536066340691377 1.5005948182279087 2.9106082120606507 7.8770326503307642 0.34994363593477817 39.164313951741917 8.8300491865015811 1161.7655660988949
leaf_count=24483 3058 97342 28060 2501 25393 946 10094 344 1297 4070 1670 811 18537 201 897 784 1420 3187 439 582 63 4157 14456 433 587 3456 130 9419 1768 40626
internal_value=0 0.0857591 0.0801373 0.0780792 0.0906557 0.0687365 0.0761909 0.0592496 0.0561009 0.0977788 0.0663757 0.0509892 0.0916022 0.0989386 0.0773179 0.0775422 0.0878519 0.0839102 0.0475161 0.0609602 0.00653549 0.05645 0.0451859 0.117367 0.0808434 0.0756787 0.14338 0.0679024 0.0311142 0.0782753
internal_weight=0 5195.75 2648.03 2090.34 272.873 66.9263 1817.47 134.259 130.826 205.946 32.7142 122.154 2547.72 543.295 90.1745 1683.21 557.686 83.8463 40.1176 33.204 5.44809 111.352 78.3877 5.8516 27.9535 62.289 6.41758 55.8714 16.7071 1643.09
internal_count=301211 276728 156501 127021 50497 18777 76524 23999 23655 31720 6327 22358 120227 22885 4348 52525 29480 3451 1805 1021 264 19857 15700 1244 4657 15719 1076 14643 5224 50720
is_linear=0
shrinkage=0.1


Tree=132
num_leaves=31
num_cat=0
split_feature=86 86 86 67 0 213 74 208 219 120 17 156 10 17 132 171 115 220 5 125 205 187 104 90 170 149 159 124 148 147
split_gain=33.7961 12.6446 6.234 4.06715 4.14373 3.83448 4.96962 4.75753 3.81576 4.1171 3.76156 3.65265 4.51469 4.75285 5.54326 3.9664 5.36452 4.41108 3.79801 6.31323 4.06285 4.03557 3.69018 3.67843 4.16597 3.84041 3.63073 3.62852 3.55955 4.17618
threshold=-0.94671633839607228 -1.1852712035179136 -0.76415729522705067 6.6703209877014169 0.3964285701513291 -0.12990547716617581 0.11173533275723459 0.096817430108785643 0.14024414122104648 0.038486141711473472 6.5000000000000009 0.18237251043319705 88.500000000000014 3.5000000000000004 -0.022337911650538441 -0.17229638993740079 -0.015748569741845127 0.072831001132726683 0.03670033626258374 0.034329181537032134 0.095710646361112608 -0.023514587432146069 -0.066872995346784578 1.8372862339019778 0.53623268008232128 0.019120573066174987 0.07180031388998033 0.027918463572859768 -0.033115470781922333 -0.023384477943181988
decision_type=2 2 2 2 10 2 2 2 2 2 2 2 8 2 2 2 2 2 8 2 2 2 2 2 2 2 2 2 2 2
left_child=1 -1 3 10 27 6 7 -3 -4 -10 -2 18 13 23 -15 16 17 26 19 20 21 -7 -22 -13 25 -25 -14 -5 -8 -30
right_child=2 5 8 4 -6 11 28 -9 9 -11 -12 12 15 14 -16 -17 -18 -19 -20 -21 22 -23 -24 24 -26 -27 -28 -29 29 -31
leaf_value=0.053638833885352066 0.082837525235744072 -0.032811151524018853 0.092310437184941807 -0.023452155653254411 0.28952710501448492 0.038962186901425146 -0.051928270811226612 0.1557436800707149 0.12584858964980933 0.027567614688513282 0.093376335952530712 0.00074326819986611861 -0.083851877808568107 0.07797159349848419 -0.059931443644966803 0.071177254645283877 0.1024423312365787 -0.0559675174830968 0.085964179392315432 0.10668836995905956 0.15188752900719732 -0.06545162553667247 -0.031005938942098334 0.13313440665979046 -0.040312172570278151 -0.021936400542644525 0.074822400037416248 0.10929242687754107 0.57007956884841116 0.093156900149034036
leaf_weight=307.40193580835626 1434.8351975040357 10.544678752015898 1787.0818617013049 7.9082637642461542 0.56270606287330416 7.7722732086227202 1.7586323590428481 1.5326517398641506 54.413196572440938 4.6246485055876283 443.31609773327568 6.2162943203684362 1.4927567942650046 4.5142459469316227 8.2271470098594346 693.46259919075601 99.458923266709462 2.9963518406839276 460.6096248000415 12.325543322526412 3.4284674263136594 7.0675685419959704 1.6265827862230242 11.680851250226622 2.0726631649927176 1.8499848033179649 42.454576918735256 2.7841313488527248 0.18672369026626157 10.990503278026834
leaf_count=24578 75994 1182 82873 3205 586 5097 373 134 2156 310 21956 2412 100 1067 4293 15190 1611 162 39525 3861 770 6271 1231 1578 1128 473 1108 743 64 1249
internal_value=0 0.0719949 0.089004 0.0849659 0.025032 0.0760477 0.0372477 -0.00888294 0.0931368 0.11815 0.0853251 0.0767575 0.0728772 0.0374561 -0.0110727 0.0743348 0.0892914 0.0614286 0.0836424 0.0504506 0.0156095 -0.0107656 0.0930372 0.0657938 0.0917094 0.111933 0.0694327 0.0111124 0.0803167 0.101124
internal_weight=0 1699.67 3735.53 1889.41 11.2551 1392.27 25.0132 12.0773 1846.12 59.0378 1878.15 1367.26 874.426 34.5612 12.7414 839.865 146.403 46.9437 492.83 32.2204 19.8949 14.8398 5.05505 21.8198 15.6035 13.5308 43.9473 10.6924 12.9359 11.1772
internal_count=301280 113457 187823 102484 4534 88879 3002 1316 85339 2466 97950 85877 29122 10951 5360 18171 2981 1370 56755 17230 13369 11368 2001 5591 3179 2051 1208 3948 1686 1313
is_linear=0
shrinkage=0.1


Tree=133
num_leaves=31
num_cat=0
split_feature=86 86 93 156 157 148 121 4 131 153 66 80 63 135 199 231 165 205 148 138 188 17 229 7 95 104 140 157 65 223
split_gain=40.1706 13.6624 6.86148 4.47399 3.89864 5.60923 4.73584 4.64093 4.26445 4.71211 4.4977 5.46953 4.79287 4.16148 3.93269 3.90329 3.89268 6.0954 4.67963 3.88266 5.73604 5.06645 3.87159 4.27191 4.13904 3.76009 4.41317 3.74559 4.96543 4.99815
threshold=-0.92546641826629628 -1.1534370779991148 -0.084884196519851671 0.15170694142580035 0.57481110095977794 0.019262067973613742 0.042701594531536109 0.11149961128830911 -0.018518407829105851 0.035735098645091064 2.9985244274139409 0.095695972442626967 -0.27079494297504419 0.030452221632003788 -0.13584937900304792 -0.013542734552174805 74.500000000000014 -0.13305573910474774 -0.039171673357486718 -0.047213438898324959 0.10913434997200967 3.5000000000000004 -0.0051679667085409156 0.22986830770969394 -0.20160484313964841 -0.089142892509698854 0.0037494265707209711 0.55453500151634227 1.5000000000000002 0.029106698930263523
decision_type=2 2 2 2 2 2 2 8 2 2 2 2 2 2 2 2 2 2 2 2 2 2 2 10 2 2 2 2 2 2
left_child=1 -1 3 -2 5 6 8 14 22 10 11 -10 -12 -13 -7 -11 -14 -18 -19 20 -6 -22 23 25 -24 26 -4 -8 29 -29
right_child=2 -3 4 -5 19 7 27 -9 9 15 12 13 16 -15 -16 -17 17 18 -20 -21 21 -23 24 -25 -26 -27 -28 28 -30 -31
leaf_value=0.055080183218329949 0.10828469682531644 0.076400792994824399 0.071795850325501218 0.093206587283380604 0.079277932248164235 -0.031393188204358879 0.060269177436126087 0.083119191577820467 0.099910879982958889 -0.023373960564066914 0.1330986980097677 0.073395284795026841 0.11825403173571465 -0.013374985225830392 0.050220888334477458 0.074808639616196035 -0.053700379418275337 0.006299463527283871 0.096634472265646185 0.091551072780105922 -0.11352560756969371 0.044287378543410222 0.31754242255703319 0.0010707267668577734 0.088094063786735788 0.078104828242864577 -0.031890616879526434 -0.017460084165680574 0.11298451191914223 0.11863364795315108
leaf_weight=374.89838897243339 244.79857326134106 1515.7216589425591 9.5598529673291086 1003.427537317124 39.441963007853701 6.7381593214677187 120.3985796231849 46.572231485788052 129.88933746817736 5.6251829136035694 54.397163537501456 80.244946414784408 57.597184572451113 5.9360872460490546 47.702498500112597 14.452053164032689 3.073136339519464 6.2067183608364749 75.381378077484158 1300.6037541446713 3.0632968228892405 6.056194625889475 0.78976679785409842 9.2569486722331913 173.82030847858118 110.75330609855735 7.1939820998345558 6.8116518420320045 34.128547833255652 4.4690690000688846
leaf_count=29505 29551 93473 1316 28221 761 683 17079 4275 9104 965 5091 6374 6838 673 6357 1551 539 1289 7457 18841 72 102 249 2192 15211 10195 944 606 778 313
internal_value=0 0.072173 0.0901675 0.0961637 0.0869962 0.0823011 0.0847828 0.0599446 0.0881881 0.0946089 0.0969102 0.0869511 0.107853 0.0674186 0.0401195 0.0473001 0.0981988 0.0845548 0.0897623 0.0905145 0.062752 -0.00872304 0.0792633 0.0666638 0.0891319 0.0714258 0.0272736 0.0694995 0.093973 0.036456
internal_weight=0 1890.62 3608.39 1248.23 2360.16 1011 909.985 101.013 744.177 432.803 412.726 216.07 196.656 86.181 54.4407 20.0772 142.258 84.6612 81.5881 1349.17 48.5615 9.11949 311.374 136.764 174.61 127.507 16.7538 165.808 45.4093 11.2807
internal_count=300605 122978 177627 57772 119855 100079 88764 11315 69988 39881 37365 16151 21214 7047 7040 2516 16123 9285 8746 19776 935 174 30107 14647 15460 12455 2260 18776 1697 919
is_linear=0
shrinkage=0.1


Tree=134
num_leaves=31
num_cat=0
split_feature=86 86 86 219 177 104 163 155 139 209 165 17 93 158 193 154 13 63 180 17 94 5 80 163 185 207 5 195 88 136
split_gain=37.977 12.5316 8.05844 4.27578 4.44931 4.0794 3.93057 4.33886 4.33875 3.89358 3.79391 3.71749 4.92812 5.03311 4.61212 4.20899 3.78742 3.95789 5.81178 5.16668 4.36738 3.66654 3.60158 5.03986 4.60171 4.15094 6.22865 4.02773 3.54385 3.51817
threshold=-1.060819625854492 -0.76415729522705067 -1.1852712035179136 0.14024414122104648 -0.16354690492153165 -0.15819044411182401 0.068975757807493224 0.025760063901543621 -1.0000000180025095e-35 -0.10434084013104437 61.000000000000007 7.5000000000000009 -0.18261068314313886 0.18333333730697635 -0.12069081887602805 -0.046362698078155511 0.054079741239547736 -0.2205824479460716 0.26222568750381475 5.5000000000000009 0.083886574953794493 0.34848485887050634 0.32392686605453497 -0.25117388367652888 0.28842848539352423 0.051771970465779311 0.085837088525295271 0.25630165636539465 0.61586168408393871 0.024592888541519645
decision_type=2 2 2 2 2 2 2 2 2 2 2 2 2 2 2 2 10 2 2 2 2 10 2 2 2 2 8 2 2 2
left_child=2 11 6 4 5 -3 -1 21 -9 -4 -10 12 13 14 -2 -16 -14 -18 -19 20 -20 -8 -13 25 27 -24 -27 -25 -5 -6
right_child=1 3 9 28 29 -7 7 8 10 -11 -12 22 16 -15 15 -17 17 18 19 -21 -22 -23 23 24 -26 26 -28 -29 -30 -31
leaf_value=0.053965962430237518 -0.065994606396284947 -0.05713740110153475 0.097484026628727211 0.028044478364312394 0.093651345907002304 0.10883766469537826 -0.03864582663606074 0.034073933677448508 0.91546592109941427 0.069146855152879202 0.24510136594252688 0.093371379710687263 0.077717968592194819 0.11408502465278428 -0.091384566602104811 0.091234809943410655 0.10037360368084325 0.084808319417552597 0.068281045703453433 -0.097605608820107492 -0.058094114971454815 0.31976323005069068 0.095237050239748822 -0.043751900791434845 0.43779477817971257 -0.11777788820298928 0.075221928891165288 0.41363047494072647 0.1264053435805586 0.081139991214715337
leaf_weight=294.10817907572664 2.603669868361524 1.4922767835651018 54.295046003669029 3.9124932784998228 1355.0853770360122 193.3891986036781 10.202410146862459 1.2929514320489941 0.1022694868029238 453.37616910218088 0.48381306778128419 508.35699897190977 1393.8248224955266 82.957000512029936 1.3706821401933709 15.927643605102272 161.05590659687505 601.63423506826689 20.441538705860246 2.5825940418294513 3.1569531937761885 0.293644269656398 29.225130058953255 6.4411416219344337 0.21708595335621783 2.4804596898757145 5.1315112071642943 0.19846365532225707 57.429981951769605 269.44418847499969
leaf_count=14152 232 171 3376 468 58782 10289 9051 793 60 31324 272 26211 97482 3113 274 1174 5180 19367 724 155 215 287 725 1512 18 107 125 18 1987 13602
internal_value=0 0.0878343 0.0644474 0.0941645 0.093289 0.107567 0.051643 -0.00356527 0.13638 0.0721775 0.362078 0.0836387 0.0818598 0.10325 0.0580881 0.0767644 0.0808518 0.0863888 0.0828012 0.0366789 0.0513749 -0.0286187 0.0910034 0.0634528 -0.0152672 0.0781053 0.0123304 -0.0300803 0.120132 0.0915762
internal_weight=0 4718.36 814.154 1880.75 1819.41 194.881 306.483 12.3751 1.87903 507.671 0.586083 2837.61 2285.56 102.859 19.902 17.2983 2182.7 788.871 627.815 26.1811 23.5985 10.4961 552.051 43.6938 6.85669 36.8371 7.61197 6.63961 61.3425 1624.53
internal_count=301246 241931 59315 85299 82844 10460 24615 10463 1125 34700 332 156632 127916 4793 1680 1448 123123 25641 20461 1094 939 9338 28716 2505 1548 957 232 1530 2455 72384
is_linear=0
shrinkage=0.1


Tree=135
num_leaves=31
num_cat=0
split_feature=86 86 86 194 156 119 197 214 80 54 72 222 189 205 127 142 213 197 10 136 199 94 132 156 157 125 1 135 145 225
split_gain=32.6207 10.7129 6.72688 3.97189 3.60811 4.16403 5.46579 4.1762 4.37031 3.88982 3.56533 3.55458 3.71742 3.37074 4.29365 5.96348 6.62215 6.38476 5.30941 5.7585 4.49602 3.83299 3.59905 3.50547 4.32062 8.64114 4.0276 4.02229 3.77046 5.46714
threshold=-1.0724866986274717 -0.83778271079063404 -1.1852712035179136 -0.13155984133481977 0.097693528980016722 -0.055914543569087975 0.11439333483576776 0.089223988354206099 0.017700501717627052 1.0000000180025095e-35 0.29778814315795904 0.067645326256752028 1.0000000180025095e-35 0.075556524097919478 -0.0016197204240597782 0.01421951921656728 0.02230189181864262 -0.029705073684453961 312.50000000000006 0.030995874665677551 -0.052026139572262757 -0.081106141209602342 0.011716050561517479 0.2126329839229584 0.57481110095977794 -0.012208000291138886 0.073427468538284316 0.004959994927048684 0.052542796358466155 0.0338620562106371
decision_type=2 2 2 2 2 2 2 2 2 2 2 2 2 2 2 2 2 2 8 2 2 2 2 2 2 2 10 2 2 2
left_child=2 3 -1 10 5 6 -5 9 -9 -7 -2 -11 -13 23 15 16 17 -15 19 -17 -19 -22 -23 -3 25 26 27 -25 -26 -30
right_child=1 13 -4 4 -6 7 -8 8 -10 11 -12 12 -14 14 -16 18 -18 20 -20 -21 21 22 -24 24 28 -27 -28 -29 29 -31
leaf_value=0.053244977020018736 0.09532337830882065 0.098374536608973828 0.072619649906953479 0.13610100476241202 0.078379210118722842 0.080808308263273287 -0.11789574527704252 0.12293003288243304 0.011685819481886107 0.11481605358568228 -0.043308722093606478 0.11291452904045399 -0.062674478269844236 -0.036887006662903059 0.089490249453332837 0.070897348754840536 0.083191484708549701 0.10575877898997424 0.1279341876079623 -0.15958422519753671 -0.061329230804118 0.060024377540327467 -0.032381265094042537 0.074973805013861652 0.093458441879282428 0.088415516863199067 -0.013188199601611078 0.013487837412233262 0.069094725612695668 -0.11271520559203119
leaf_weight=302.09470844414273 226.90085744754379 809.57708923874316 440.51947920009252 26.521543391774575 1550.9628586257475 139.30923369912904 0.87517746024138787 4.7865262087343607 13.46854351294729 69.910286616393591 1.8704113351152489 2.4375076694680038 2.385930543639688 10.464538718810671 445.40885231570076 9.2091398627353538 51.994762040576916 10.890922715291479 26.582003126604377 1.2286432180162581 3.904928240522163 24.444537175775743 5.0931400150348045 36.065885117530343 1067.665604676713 207.75078156887548 9.7852333840237389 15.091547824213192 8.293786135476692 2.0659556782702557
leaf_count=24587 11605 67485 29606 2422 60908 25805 322 1054 3709 9544 122 812 861 1736 17513 1054 2877 637 510 135 306 1274 349 3069 14413 15376 999 1858 146 66
internal_value=0 0.0872645 0.0647381 0.0817745 0.0802058 0.091115 0.127987 0.0867664 0.0408543 0.0906821 0.0941899 0.109088 0.0260588 0.0913426 0.0846397 0.0696167 0.0576273 0.033371 0.104203 0.0437671 0.0499547 0.0317816 0.044091 0.0931742 0.0900481 0.0787027 0.045592 0.0568353 0.0928759 0.0328379
internal_weight=0 4784.95 742.614 2039.43 1810.66 259.695 27.3967 232.298 18.2551 214.043 228.771 74.7337 4.82344 2745.52 589.221 143.813 106.793 54.7981 37.0198 10.4378 44.3335 33.4426 29.5377 2156.3 1346.72 268.693 60.9427 51.1574 1078.03 10.3597
internal_count=301160 246967 54193 117164 105437 44529 2744 41785 4763 37022 11727 11217 1673 129803 26391 8878 7179 4302 1699 1189 2566 1929 1623 103412 35927 21302 5926 4927 14625 212
is_linear=0
shrinkage=0.1


Tree=136
num_leaves=31
num_cat=0
split_feature=79 63 67 74 67 63 160 85 198 206 183 104 229 133 220 95 170 129 205 68 162 11 191 120 211 122 170 206 201 74
split_gain=13.9053 9.69511 8.15646 6.87829 5.03014 4.87473 4.76527 6.47713 9.26579 4.49217 4.31915 4.21329 4.16511 4.82833 4.36031 3.93689 3.92702 3.88801 4.8526 6.02573 4.7664 4.3703 4.00632 3.92122 3.71824 5.06043 4.0474 3.78156 4.44318 4.92081
threshold=0.30707196891307836 0.18136814981698993 3.1050226688385014 0.33602151274681097 2.6479772329330449 -0.45419229567050928 2.0000000000000004 51.500000000000007 -0.062911454588174806 0.0099649750627577322 0.074144601821899428 -0.11360296607017516 -0.058252070099115365 -0.028167422860860821 -0.15290808677673337 -0.12861789017915723 0.42745165526866918 -0.011471124365925787 0.060898358002305038 41.370130538940437 28.642407417297367 0.029520696960389618 -0.1208689510822296 -0.040982574224472039 0.047807650640606887 0.084100946784019484 0.60061484575271618 0.13482258468866351 0.1580774858593941 0.54465711116790783
decision_type=2 2 2 2 2 2 2 2 2 2 2 2 2 2 2 2 2 2 2 2 2 8 2 2 2 2 2 2 2 2
left_child=1 3 11 4 15 -6 17 8 -8 -9 -10 16 -4 -14 -15 -1 -3 23 20 22 -19 -22 -20 -2 27 26 -26 28 -13 -30
right_child=6 2 12 -5 5 -7 7 9 10 -11 -12 24 13 14 -16 -17 -18 18 19 -21 21 -23 -24 -25 25 -27 -28 -29 29 -31
leaf_value=0.093938246092151872 0.07923536836178699 0.11613321368977099 -0.052944138200380679 0.071046422018816363 0.13007826060358832 0.092687852733321696 -0.071599734154744687 0.067386996189696152 0.042642862918446704 0.1136629704709983 0.1242337909114738 0.073158351971852928 -0.044052330824504757 -0.1327823531651742 0.058660444163309733 0.08176317513066457 0.05486174459883876 0.038654381213403768 0.023703502894003622 0.011295025377262806 0.10639076825726589 0.089538147220240005 0.083442379619594512 0.10156218043257109 0.092838528066011838 -0.025071379626041831 -0.056237670420096267 0.11306119628951744 -0.012567002233912281 0.21363031459719931
leaf_weight=320.35260212897128 91.000201761303174 11.295341048909902 4.7429520016714823 360.96983999487111 39.120840494843605 320.76176063251683 6.1989838429606712 45.019040356694404 30.278169906186974 39.280051464022335 8.2574798886757872 557.21081086228321 5.5481341437913434 1.2185321331307921 50.288378315360774 1553.6372500747066 141.5013056987774 15.902591510010209 11.716827595995822 13.000027954955383 208.36578816188887 588.44164741812881 268.08191973666635 580.19760033367936 195.90630656474013 3.7985696895195806 1.8382975075564889 23.246748938191104 10.005227486449938 1.0640282362282949
leaf_count=16956 4765 599 2037 23737 2894 30186 1110 2967 2197 2687 404 28380 1941 132 8291 74200 9425 1462 1420 1098 17155 19723 10485 24475 9496 416 119 1049 1312 89
internal_value=0 0.0806216 0.0722968 0.0838543 0.085924 0.0967524 0.091184 0.0726287 0.0418727 0.0889498 0.0601263 0.0745965 0.0370986 0.0445838 0.0541314 0.0838445 0.0593912 0.0925315 0.0888865 0.0778485 0.0928632 0.0939451 0.0809408 0.0985351 0.077526 0.0892565 0.0914527 0.0735292 0.0719121 0.00917613
internal_weight=0 3602.51 1007.66 2594.84 2233.87 359.883 1905.74 129.034 44.7346 84.2991 38.5356 945.867 61.798 57.055 51.5069 1873.99 152.797 1776.71 1105.51 292.799 812.71 796.807 279.799 671.198 793.07 201.543 197.745 591.527 568.28 11.0693
internal_count=301207 211259 63286 147973 124236 33080 89948 9365 3711 5654 2601 50885 12401 10364 8423 91156 10024 80583 51343 13003 38340 36878 11905 29240 40861 10031 9615 30830 29781 1401
is_linear=0
shrinkage=0.1


Tree=137
num_leaves=31
num_cat=0
split_feature=88 104 115 79 179 88 232 136 13 13 190 205 204 164 174 96 95 81 13 126 113 85 81 224 146 173 214 4 115 137
split_gain=14.7351 9.33222 7.95808 6.89545 7.13087 6.66882 5.98193 4.85438 4.45568 4.52573 4.2443 4.20971 4.73807 4.25662 5.98066 4.75336 3.85538 3.78942 4.84135 3.7106 5.12898 3.69335 3.51809 3.30167 3.34262 3.27571 3.25267 3.23204 4.7918 6.34343
threshold=0.69883292913436901 -0.070551257580518709 0.065189588814973845 0.32554347813129431 0.10937350988388063 0.83445373177528392 0.16102843731641772 -0.017478561960160729 0.078278187662363066 0.06461105123162271 -0.23987071961164472 -0.043573301285505288 -0.15751120448112485 3.5408543348312382 -0.094905026257038103 -0.095986209809780107 0.22206380218267444 0.35450267791748052 0.072866182774305358 -0.027106124907732006 -0.048776011914014809 81.500000000000014 0.10566188395023347 0.040465978905558593 0.0040137106552720079 0.34786808490753179 -0.10694538056850432 0.1002512574195862 0.072041563689708724 0.0050118060316890487
decision_type=2 2 2 2 2 2 2 2 10 10 2 2 2 2 2 2 2 2 10 2 2 2 2 2 2 2 2 10 2 2
left_child=1 2 6 4 5 10 16 -8 9 26 -2 -5 19 14 15 -14 -1 27 23 -13 -21 -10 -16 -19 -25 -26 -7 -12 -29 -30
right_child=3 -3 -4 11 -6 8 7 -9 21 -11 17 12 13 -15 22 -17 -18 18 -20 20 -22 -23 -24 24 25 -27 -28 28 29 -31
leaf_value=0.079297799260931875 0.10376260458213352 0.093528271085565662 0.0071897823158134123 0.099395203279202982 0.092051674702624625 -0.081616685880999129 0.22178945840098085 -0.054970827221586006 0.10237773736970748 -0.063467188592872439 0.078700779793091272 0.074222535838712314 0.063951009843058571 0.088256213258505078 0.098425150818060872 -0.024346237230381703 0.11563668467109565 0.071857460273309054 -0.039619485627622887 0.16276270356043496 -0.038201284579561887 0.38877822377470944 0.018607342398150695 -0.022646712508119823 0.053088761347445446 0.37537508869768338 0.049247240037653149 0.071785325352495669 0.042997951948528956 -0.14047018833005939
leaf_weight=454.2738394314415 54.42496536822614 1855.7403654939608 15.299232165185002 225.61201839564023 280.77046730973279 1.953560498203841 0.72403218250110501 5.0831945864845229 6.947077819790592 4.020830108404879 1422.8385794838009 12.597044650637146 12.81960709022974 492.7224386692352 32.689520732844585 11.626114771671494 31.201382354349107 60.193135887988547 5.1245534028312241 1.4973515615624808 8.3631387920614753 0.48147706435156568 6.6445815489499855 8.465110890023654 8.7550540343661361 0.32715584266702613 68.419726907260156 411.42500066272305 29.258643168396478 2.0142663276924386
leaf_count=25525 2211 89852 1163 12093 18448 407 105 287 572 325 81555 464 1738 15631 4227 2432 1519 4079 682 80 918 31 1668 886 508 37 5454 26722 1738 225
internal_value=0 0.0902444 0.0782146 0.0798108 0.0770908 0.0750758 0.0804264 -0.020465 0.0470928 0.0397189 0.076219 0.0878078 0.0832923 0.0851096 0.0608011 0.0219578 0.0816333 0.0754496 0.0545247 0.0382595 -0.00768417 0.120941 0.0849418 0.0607305 0.0225615 0.064698 0.0456145 0.076379 0.068917 0.0311809
internal_weight=0 2362.32 506.582 3169.99 2365.42 2084.65 491.282 5.80723 81.8227 74.3941 2002.83 804.572 578.96 556.502 63.7798 24.4457 485.475 1948.4 82.865 22.4575 9.86049 7.42855 39.3341 77.7405 17.5473 9.08221 70.3733 1865.54 442.698 31.2729
internal_count=301582 118451 28599 183131 143880 125432 27436 392 6789 6186 118643 39251 27158 25696 10065 4170 27044 116432 6192 1462 998 603 5895 5510 1431 545 5861 110240 28685 1963
is_linear=0
shrinkage=0.1


Tree=138
num_leaves=31
num_cat=0
split_feature=86 86 86 131 155 137 233 121 6 8 79 13 4 210 181 88 137 205 159 159 156 161 174 6 67 141 93 109 132 96
split_gain=34.6016 13.8015 4.04823 3.36989 3.65801 3.29157 3.20362 5.28963 3.35129 3.27806 3.16278 5.83275 4.16738 3.89076 3.74584 3.64237 3.49776 3.50979 3.97113 5.29668 3.77268 3.42616 3.99274 4.79966 3.98993 5.52764 4.5039 6.26995 4.26275 4.15635
threshold=-0.92546641826629628 -1.1852712035179136 -0.67822298407554615 -0.033298671245574944 -0.017840196378529068 -0.052637433633208268 0.066137969493865981 0.0058897268027067193 0.24456521868705752 0.26736092567443853 0.35424837470054632 0.020654105581343177 0.028991596773266796 -0.0070642589125782243 -0.097035542130470262 0.76840013265609752 0.022197470068931583 -0.055287513881921761 0.63895827531814586 0.52873021364212047 0.46247655153274542 3.6114664077758794 0.11647349596023561 1.0000000180025095e-35 0.93772906064987194 -0.044449567794799798 0.0091877947561442869 -0.0014570878702215848 0.032098917290568359 -0.18138262629508969
decision_type=2 2 2 2 2 2 2 2 10 8 2 10 10 2 2 2 2 2 2 2 2 2 2 8 2 2 2 2 2 2
left_child=1 -1 -2 5 6 -4 8 -8 -5 -9 21 13 -13 15 -14 -12 17 -16 19 20 -19 22 24 -24 25 -3 -27 28 -28 -26
right_child=2 10 3 4 -6 -7 7 9 -10 -11 11 12 14 -15 16 -17 -18 18 -20 -21 -22 -23 23 -25 29 26 27 -29 -30 -31
leaf_value=0.053481460617300108 0.087314489766853201 -0.017920212315656752 0.12660148478963704 0.090027446758946889 0.10104594815751072 0.082353125475177313 0.097274146898692501 0.020721710329405636 -0.1232316101826845 -0.13217111399528023 0.1014719854039678 -0.046278228619380676 0.11930634122461375 0.13487125574384709 0.099888236709634926 -0.010138833341855336 0.1511045065756362 0.007911906954027827 0.074022879126357757 -0.10326267301683444 0.088819070789445648 0.07048171453169215 0.18720503383432927 0.092648842255990876 0.12236092287023637 0.091095873904454047 0.096171958900041682 0.010744945165561071 -0.043381369930381344 0.078527234303824897
leaf_weight=304.83716772223056 2459.0189764380339 8.6424970109792394 17.923271076749188 184.62658330639306 678.90867455849798 271.05206771674534 7.6180922414041543 4.7622232332691965 0.73983357251427051 1.9875794777217377 13.522192467002016 2.6523434243586044 20.851098696418148 36.88117692479841 28.184846025432307 3.7306555214699975 5.5018309442511955 13.513703623390034 56.28454685693805 2.7914315960842933 10.049136757634185 759.63720395175858 5.646328905930317 108.98822743438086 22.81394734246976 39.336410185875081 21.713742757970753 25.122839030626778 2.4341910066318624 417.53860352073895
leaf_count=24511 126406 771 585 7410 29325 12478 496 455 418 257 1397 1052 753 2794 849 971 134 946 1164 191 208 41662 2205 5615 1880 1907 1260 2472 204 30282
internal_value=0 0.0729883 0.0896167 0.0944653 0.0975462 0.0850976 0.0856503 0.0401607 0.0891763 -0.0242998 0.0766913 0.0886648 0.077875 0.116535 0.0802755 0.0773379 0.0732793 0.0694157 0.0590227 0.026987 0.0424174 0.0750463 0.0803626 0.0973062 0.0767497 0.0584177 0.0658635 0.0457188 0.0821045 0.0807982
internal_weight=0 1910.67 3626.64 1167.62 878.643 288.975 199.734 14.3679 185.366 6.7498 1605.84 193.963 139.829 54.134 137.177 17.2528 116.325 110.824 82.6388 26.3543 23.5628 1411.87 652.237 114.635 537.602 97.2497 88.6072 49.2708 24.1479 440.353
internal_count=301058 123228 177830 51424 38361 13063 9036 1208 7828 712 98717 10459 5297 5162 4245 2368 3492 3358 2509 1345 1154 88258 46596 7820 38776 6614 5843 3936 1464 32162
is_linear=0
shrinkage=0.1


Tree=139
num_leaves=31
num_cat=0
split_feature=93 63 171 157 103 171 140 184 118 157 197 157 4 65 166 228 223 145 175 147 39 159 130 5 156 160 186 166 164 151
split_gain=14.32 10.6925 8.25396 7.4299 6.89592 6.36462 6.54746 5.96997 5.91839 5.07463 4.4688 5.1229 5.14677 4.51441 4.91843 4.44486 4.31883 11.6669 5.36606 5.21521 5.12012 5.05215 5.32081 4.40861 4.29345 4.24278 4.53274 4.59498 4.19225 4.17442
threshold=0.18131834268569949 0.33526432514190679 0.06923586875200273 0.63708066940307628 0.1021050587296486 0.33477982878685003 0.033235490322113044 0.079642344266176238 0.024498742073774341 0.40533988177776342 0.1595234498381615 0.62295880913734447 0.15849281847476962 4.5000000000000009 0.89823457598686229 0.078508209437131896 -0.062509104609489427 0.002507409313693643 0.020341969095170501 0.0094583071768283861 1.0000000180025095e-35 0.44586980342864996 -0.078600484877824769 0.026334026828408245 0.083722744137048735 2.0000000000000004 0.026119733229279522 0.85254395008087169 2.2499048709869389 -0.0017559806001372633
decision_type=2 2 2 2 2 2 2 2 2 2 2 2 10 2 2 2 2 2 2 2 2 2 2 8 2 2 2 2 2 2
left_child=1 4 9 5 7 6 -4 16 29 -2 11 12 13 14 24 -16 17 21 19 20 -19 -1 -23 -24 -3 -11 27 -27 -18 -7
right_child=2 10 3 -5 -6 8 -8 -9 -10 25 -12 -13 -14 -15 15 -17 28 18 -20 -21 -22 22 23 -25 -26 26 -28 -29 -30 -31
leaf_value=0.10499669198784585 0.03717866256197197 -0.036613264293267056 0.064390272311902932 0.072886419835106922 0.079421010020710919 0.066136139019743176 -0.05933783654364562 0.081457315011045139 -0.039090818814846828 0.086661875660067292 0.10314311784483776 0.087194120191588953 -0.0044407419832816911 0.07642959925876254 0.080374282373970096 -0.05720440597898168 0.10639960647585817 0.021865001373076183 0.11046126208028931 0.076753726043239268 0.075085978031586856 -0.046391640014500773 -0.027336901028985339 0.086682341619035069 0.043661832545721944 -0.061211509459798891 0.083573977286461432 0.068786601425965016 0.092663690462095494 -0.0030119369347012814
leaf_weight=201.46917962008155 23.690010104725729 7.2888888039735766 116.39995661267449 350.01165503991979 740.19101981140875 21.764039531615254 4.4401157417169079 642.13696986521609 13.524584441590376 468.6302797128443 42.784889126537337 116.63795083574951 11.024463591708807 163.86206608522093 55.522882750983626 2.4520193323930917 253.30037475103268 55.764817964454267 20.515408479563121 66.480543267855865 26.746533993028379 3.1402555243353154 3.4490446561873105 201.98390039291235 77.543237338347353 6.1370125202759045 12.993457795702396 4.881955448384133 1809.3046234124097 14.578409631720204
leaf_count=5947 16308 4169 6916 6735 42692 1889 578 41041 1952 28292 1716 1067 2678 7778 2055 258 13192 4278 1343 3647 1267 218 2665 6599 8401 941 907 220 83550 1912
internal_value=0 0.0864624 0.073428 0.0645443 0.0881405 0.04744 0.059844 0.0901056 0.0173821 0.0823872 0.0723078 0.0692703 0.0626897 0.065103 0.0521064 0.0745555 0.0922074 0.0845802 0.0625128 0.0559105 0.0391169 0.0937027 0.0827933 0.0847681 0.0367645 0.0845612 0.0435638 -0.00361583 0.0943505 0.0383981
internal_weight=0 4501.6 1037.05 520.719 4024.48 170.707 120.84 3284.29 49.867 516.333 477.116 434.332 317.694 306.669 142.807 57.9749 2642.15 579.55 169.507 148.992 82.5114 410.042 208.573 205.433 84.8321 492.643 24.0124 11.019 2062.6 36.3424
internal_count=301211 234561 66650 19982 206439 13247 7494 163747 5753 46668 28122 26406 25339 22661 14883 2313 122706 25964 10535 9192 5545 15429 9482 9264 12570 30360 2068 1161 96742 3801
is_linear=0
shrinkage=0.1


Tree=140
num_leaves=31
num_cat=0
split_feature=86 86 86 225 17 93 209 176 212 164 78 151 66 132 213 205 78 103 10 185 159 130 7 205 211 74 107 81 109 196
split_gain=30.8908 9.36915 6.22207 4.3371 4.27976 4.16556 4.1937 5.57586 4.18784 3.59403 3.39397 3.95444 3.85016 3.35687 3.33978 3.27706 7.94149 4.53976 3.74483 3.16855 4.14229 3.26279 4.19936 5.0556 3.13798 3.11405 4.51126 3.21963 4.35233 3.08598
threshold=-0.93589836359024037 -1.1852712035179136 -0.57249638438224781 0.11870554089546205 7.5000000000000009 0.36546161770820623 -0.0066705243661999694 -0.17996312677860257 -0.10204796493053435 3.9019216299057011 0.015038444194942715 -0.01289169257506728 10.145112514495851 -0.0098817725665867311 0.11902461573481561 -0.14293886721134183 0.013072453904896976 0.034692607820034034 34.500000000000007 -0.10147868096828459 0.66252556443214428 -0.017900539562106129 0.06612021848559381 -0.016172053292393681 0.031483044847846038 0.33602151274681097 -0.027245425619184967 0.13976744562387469 -0.030751417391002175 -0.12441457808017729
decision_type=2 2 2 2 2 2 2 2 2 2 2 2 2 2 2 2 2 2 8 2 2 2 8 2 2 2 2 2 2 2
left_child=1 13 3 4 -2 -3 7 -7 -8 24 -6 14 29 -1 -12 16 17 -4 -18 20 -10 -21 -23 -24 -9 27 -27 -5 -29 -13
right_child=2 5 15 25 10 6 8 9 19 -11 11 12 -14 -15 -16 -17 18 -19 -20 21 -22 22 23 -25 -26 26 -28 28 -30 -31
leaf_value=0.074853866548227802 0.084208929627715978 0.077952880235733463 0.11916750954260114 0.10912465025695117 0.086624601341032281 0.16155803636117638 -0.048765727205583205 -0.013179693499872358 -0.077880182653993241 0.077519802350902792 0.13083142865475322 0.050071714312345854 -0.042474763359912265 0.051052244773228728 -0.081956826766517041 0.099881004105007595 0.18176685251203922 -0.055002045059794905 -0.10913057981332859 0.072331720455978785 0.047810026896056894 0.19089813336286171 0.065135959731950285 -0.047254137653638617 0.10209043444333435 0.11167811945525286 -0.11262415770416506 -0.059983216887573812 0.083641381740866882 0.10066935821129082
leaf_weight=79.191249098141725 2361.2187038792817 1313.5354242459434 10.299085478640334 152.90932946095609 298.14005329476083 7.0567029147691747 4.5135413290317947 8.6830100881697927 4.1585225637037393 70.640043349614416 48.920984063274545 12.834580812909733 1.9809064942598968 235.36580114577805 0.74889499358323419 533.11950743281636 0.50968186817431105 1.7509687338579158 3.35939311340735 47.753022863295655 7.0965401101705083 1.3530062798116684 7.7959237168379376 8.22503216589757 3.2439727071155167 1.9855031465167488 1.63507377314363 2.379779537458492 18.605863645614136 198.20690097656291
leaf_count=5255 124997 80696 395 5400 16073 836 519 1607 765 2774 1924 963 738 19261 127 21487 183 167 418 3318 467 402 612 658 785 106 373 272 1004 8473
internal_value=0 0.0727212 0.0887341 0.0869961 0.0860741 0.076044 0.0613396 0.0762388 0.0448329 0.0689469 0.0939268 0.102214 0.0962897 0.0570444 0.127623 0.098546 0.0538371 0.0938593 -0.07081 0.0503638 0.00136999 0.0588308 0.021723 0.00743577 0.0181722 0.102173 0.0103819 0.104084 0.0673543 0.0975922
internal_weight=0 1798.61 3648.61 3099.57 2922.05 1484.05 170.519 89.6237 80.8956 82.567 560.832 262.692 213.022 314.557 49.6699 549.039 15.9191 12.0501 3.86907 76.382 11.2551 65.127 17.374 16.021 11.927 177.516 3.62058 173.895 20.9856 211.041
internal_count=301055 117955 183100 160450 153295 93439 12743 6002 6741 5166 28298 12225 10174 24516 2051 22650 1163 562 601 6222 1232 4990 1672 1270 2392 7155 479 6676 1276 9436
is_linear=0
shrinkage=0.1


Tree=141
num_leaves=31
num_cat=1
split_feature=93 63 157 103 156 151 157 177 68 171 237 170 180 147 208 124 121 180 218 64 215 159 145 220 66 177 117 209 66 93
split_gain=17.2019 11.7019 8.14862 7.26158 6.24905 5.48464 8.60931 5.21866 5.25538 4.97423 6.53485 5.53293 8.23287 4.86662 4.55261 4.65534 5.07919 4.60262 4.96285 5.05674 4.50973 4.56353 4.98276 5.39889 4.93064 5.3525 4.32022 4.31874 7.01396 5.95972
threshold=0.26758758723735815 0.33526432514190679 0.65575143694877636 0.1021050587296486 0.097693528980016722 -0.014678957872092722 0.5039929747581483 -0.16354690492153165 35.01197814941407 -0.11728617548942565 0 0.51898869872093212 -0.18050681799650189 0.044265367090702064 0.075764045119285597 0.03023503161966801 0.040069749578833587 0.038610666990280158 -0.075315162539482103 5.5000000000000009 -0.0069034278858453027 0.4257801622152329 -0.020918105728924271 -0.1046827659010887 0.74860900640487682 -0.22160077095031736 -0.008269092068076132 -0.052783949300646775 3.9502558708190922 -0.012357553001493214
decision_type=2 2 2 2 2 2 2 2 2 2 9 2 2 2 2 2 2 2 2 2 2 2 2 2 2 2 2 2 2 2
left_child=1 2 3 4 14 6 -6 8 -8 -2 -11 -12 -13 27 17 16 -16 -1 19 -19 21 22 23 -7 25 -25 -14 28 -3 -30
right_child=9 13 -4 -5 5 20 7 -9 -10 10 11 12 26 -15 15 -17 -18 18 -20 -21 -22 -23 -24 24 -26 -27 -28 -29 29 -31
leaf_value=0.11276771308217559 0.092562553217609062 0.068893289910250816 0.097382378505343634 0.076536974467275365 0.03930736198954457 -0.045008069830953193 0.020000888090679719 0.077839769390326552 0.11977161146802509 -0.0095351602934126076 0.077080890910555089 -0.11081099434505193 0.040516008515521194 0.033763100302055669 0.098281492405567605 0.010722981247404138 0.016235484110427873 -0.0017683685278057936 0.095121448573797174 0.17655631062059485 0.092997486517816058 0.076948898176824806 0.096566992030987189 0.12910409383083529 0.090729562918134776 0.010252683422969642 0.068389030115309071 0.07962298735466064 0.05449917014784339 -0.05306766901171997
leaf_weight=221.41194905009536 75.072898537757737 100.25668723946183 725.72494186927725 689.35350456460765 53.575084397995852 3.9429671932921329 5.874078964781801 456.8182808271913 52.164616114106138 16.780641836492009 287.6603220677099 2.8998711242393247 85.340117363399486 31.290099275746002 52.926284963629655 9.3091658853977588 8.7998909628353186 10.008615578669831 93.753523457889173 1.8905622346796906 1072.2905738945346 495.86735408183449 335.01661826295913 4.8107749998089302 56.35608383278668 17.844118762248399 159.61173964145087 382.04914710512526 11.193091665828321 9.5414205038789515
leaf_count=37313 12247 4482 4554 44722 9852 239 363 15082 865 3631 16527 332 3844 2592 7465 2154 1967 2278 17739 256 41581 24490 12296 63 2359 839 5795 21752 1304 1901
internal_value=0 0.0859974 0.0877063 0.0857782 0.0879358 0.0861197 0.0774584 0.0814284 0.109674 0.068411 0.0651281 0.0664057 0.0566952 0.0720285 0.0995894 0.0766431 0.0865847 0.104573 0.0874002 0.0265642 0.0885985 0.0834368 0.0911339 0.0691919 0.0748909 0.0354908 0.0586782 0.0744087 0.0579438 0.00500003
internal_weight=0 4902.07 4367.74 3642.01 2952.66 2554.56 568.432 514.857 58.0387 627.366 552.293 535.512 247.852 534.33 398.1 71.0353 61.7262 327.065 105.653 11.8992 1986.13 913.838 417.971 82.9539 79.011 22.6549 244.952 503.04 120.991 20.7345
internal_count=300884 258508 226477 221923 177201 108029 26162 16310 1228 42376 30129 26498 9971 32031 69172 11586 9432 57586 20273 2534 81867 40286 15796 3500 3261 902 9639 29439 7687 3205
cat_boundaries=0 2
cat_threshold=550600832 18452
is_linear=0
shrinkage=0.1


Tree=142
num_leaves=31
num_cat=0
split_feature=88 63 93 103 161 93 171 170 11 81 211 179 228 90 7 232 67 130 106 116 183 170 132 221 76 168 138 222 152 143
split_gain=13.0984 7.64155 7.79393 5.56294 5.29634 4.63105 5.78896 4.38213 4.34719 4.31955 4.15602 4.08738 4.05956 4.03163 3.8894 5.44644 3.77702 3.92482 5.05172 4.58449 3.65575 3.60545 3.81893 3.59235 4.83253 4.87003 4.43889 3.91832 3.79715 3.59459
threshold=0.72241657972335827 0.33526432514190679 0.30705134570598608 0.12884292006492618 4.892986774444581 0.14831666648387912 0.043289098888635642 0.41605599224567419 0.064309347420930876 0.35450267791748052 -0.071778662502765642 0.30183188617229467 0.064778786152601256 1.8193473219871523 0.14699880033731463 0.069180052727460875 2.4631791114807133 -0.0012494986294768748 0.070610288530588164 0.050770437344908721 0.0044878369662910709 0.52853217720985424 0.032098917290568359 0.11154466867446901 0.35252693295478826 3.0742474794387822 -0.044158350676298135 0.010395788587629797 -0.021549588069319722 0.0032965901773422961
decision_type=2 2 2 2 2 2 2 2 8 2 2 2 2 2 10 2 2 2 2 2 2 2 2 2 2 2 2 2 2 2
left_child=3 2 7 5 13 11 -7 10 -8 -9 -2 23 -10 21 15 -4 -5 19 -19 -18 -11 22 -3 -1 26 -26 27 -25 -28 -30
right_child=1 4 14 16 -6 6 8 9 12 20 -12 -13 -14 -15 -16 -17 17 18 -20 -21 -22 -23 -24 24 25 -27 28 -29 29 -31
leaf_value=0.092113631743607233 0.20918680369826559 0.051431208444403603 0.034079148862603478 0.08056660529163856 -0.035628327992992065 0.091200169466775505 0.075589347632336629 0.083495119259336517 0.021909845292619426 0.036956628325546609 0.1008099870518374 0.11685244933835358 0.097674441448008756 0.074057121274749796 0.073610311756421021 0.098416161058386201 0.029330311363659135 0.081565128923223706 -0.087973397666452902 -0.13925213279587734 0.088162491215311806 0.077899780636122684 -0.001773093099956327 0.047791408858425873 0.69765918670303906 0.021523326976979937 -0.022579265536651828 -0.11671247424417902 0.056570254923339627 0.092418677293178986
leaf_weight=2168.0320918509633 3.6918074800844343 62.115323530032356 65.905991848161534 237.42571391870388 5.0442724454323971 243.86904480261637 167.61515316136592 1626.1920871770699 31.264630535903507 37.33020368142968 85.143958190061312 63.345416339487201 9.1393940027455738 276.42277246619767 162.16556380685722 16.440302873695146 15.597983670305895 28.995988360997675 1.8709329828848229 1.7991861984751256 22.253958479904554 36.364682504615985 17.234341258655036 4.4933330837575332 0.24901786812915716 0.18617005385067387 3.6102042569259529 2.1363412564994633 40.419343993674033 90.821386046683642
leaf_count=102294 230 4650 8936 11600 447 17918 6776 90535 1444 2703 3415 5192 236 16988 7376 1329 2124 2638 392 330 2307 3188 1785 140 17 81 344 204 2532 3228
internal_value=0 0.0788665 0.0813607 0.0886805 0.066187 0.0900252 0.0807468 0.0836669 0.0684918 0.0825262 0.105314 0.0917919 0.0390478 0.0674968 0.0646229 0.0469239 0.0753825 0.0498802 0.0712889 0.0118958 0.0560814 0.0518251 0.0398755 0.0911047 0.075691 0.408413 0.0746676 -0.0052182 0.078595 0.0813781
internal_weight=0 2416.31 2019.12 3110.87 397.181 2825.18 451.888 1774.61 208.019 1685.78 88.8358 2373.29 40.404 392.137 244.512 82.3463 285.69 48.2641 30.8669 17.3972 59.5842 115.714 79.3497 2309.95 141.916 0.435188 141.481 6.62967 134.851 131.241
internal_count=301379 143889 116831 157490 27058 140406 26374 99190 8456 95545 3645 114032 1680 26611 17641 10265 17084 5484 3030 2454 5010 9623 6435 108840 6546 98 6448 344 6104 5760
is_linear=0
shrinkage=0.1


Tree=143
num_leaves=31
num_cat=0
split_feature=86 86 170 17 228 171 202 206 66 154 157 193 0 121 199 157 3 178 103 161 212 158 181 79 169 102 102 103 170 190
split_gain=36.0358 11.6961 4.71531 4.48115 4.66988 3.92782 4.63286 3.8142 4.21545 3.76567 3.60363 3.59652 3.50058 3.48546 5.50014 4.42039 4.2823 3.79679 4.15106 3.72404 4.26533 5.01459 5.16042 4.15096 4.05741 3.9654 3.9217 4.18367 3.88521 4.22143
threshold=-1.0724866986274717 -0.76415729522705067 0.5133810043334962 20.500000000000004 0.045386489480733878 -0.067490354180335985 -0.093789957463741289 -0.026393667794764038 4.6034564971923837 0.026731013320386413 0.30717815458774572 -0.072320897132158266 0.51315790414810192 0.054985098540782935 0.019219205714762214 0.61189672350883495 0.26344709098339086 0.010274112690240146 0.0028879886958748107 3.5653271675109868 0.027883572503924373 0.45000000298023229 -0.097035542130470262 0.53197279572486889 11.500000000000002 0.11073198169469835 0.15107479691505435 0.11667105555534364 0.47982421517372137 0.079171076416969313
decision_type=2 2 2 2 2 2 2 2 2 2 2 2 10 2 2 2 8 2 2 2 2 2 2 2 2 2 2 2 2 2
left_child=5 3 9 10 7 -1 -7 -5 -9 -3 -2 -11 -8 19 15 -15 -17 -18 -19 20 26 22 -22 24 -24 -23 27 -12 -21 -30
right_child=1 2 -4 4 -6 6 12 8 -10 11 13 -13 -14 14 -16 16 17 18 -20 28 21 25 23 -25 -26 -27 -28 -29 29 -31
leaf_value=0.07317647485782923 -0.058216037047070193 0.10172602947127363 0.088837010555012891 0.13946436143461491 0.03899000595283314 0.026332179497785109 0.060371173970448999 0.095886814215225477 -0.11689228230029265 0.048912212893309472 0.095698665975055663 0.091162004543486816 0.14234726068443093 0.056337533076895499 0.08528222133925796 0.093168532268505744 0.074345933342351664 0.059035788399473578 -0.085864616974151486 0.089676515793598394 0.023654050279934388 0.10573179898833501 0.081386354361339813 -0.020177449406603397 -0.0086533926902113579 -0.020749642184397066 0.13560475818682108 0.071751160799219948 0.073379572264761925 0.092010163435949352
leaf_weight=286.02148790168224 1.8034532378287611 775.17027981408023 932.74793393983123 36.035234079042311 8.2166394579301123 41.397570282545985 410.34557312288155 20.495994526082772 0.97538641581968377 23.932376810392952 574.17391353258324 127.41808599575756 5.2761069882910752 173.69574517451758 322.9865669588529 80.823766512265138 14.298286458317309 4.0331745856674379 3.8780972914100857 351.91841617033515 18.078429784225477 87.852519503168082 306.79456364041948 4.1988604494026722 5.0877201492071427 2.5507235203622249 21.970667351155498 83.569976910293803 624.51408490966924 151.03319878040065
leaf_count=25141 2054 35727 41704 906 610 4252 24274 583 430 1925 32963 5825 476 18074 15262 674 163 41 88 15907 2162 2822 17501 397 660 187 992 5674 35203 8587
internal_value=0 0.0876653 0.0938562 0.0836948 0.109509 0.063986 0.0582342 0.119585 0.0862208 0.098909 0.083096 0.0844812 0.0614118 0.083186 0.0764178 0.0660717 0.0824817 0.0435907 -0.0119942 0.0850048 0.0891324 0.0812687 0.0756159 0.0785879 0.0799175 0.102163 0.0940443 0.092656 0.0809621 0.0770078
internal_weight=0 4758.25 1859.27 2898.99 65.7233 743.041 457.019 57.5066 21.4714 926.521 2833.26 151.35 415.622 2831.46 599.716 276.729 103.033 22.2096 7.91127 2231.74 1104.28 424.563 334.16 316.081 311.882 90.4032 679.715 657.744 1127.47 775.547
internal_count=301264 247121 85181 161940 2529 54143 29002 1919 1013 43477 159411 7750 24750 157357 34302 19040 966 292 129 123055 63358 23729 20720 18558 18161 3009 39629 38637 59697 43790
is_linear=0
shrinkage=0.1


Tree=144
num_leaves=31
num_cat=0
split_feature=86 86 86 93 157 120 100 170 202 197 17 17 79 78 184 210 96 121 192 215 163 137 192 75 69 114 137 65 214 63
split_gain=34.2629 11.1382 4.82486 4.18092 3.79372 4.93443 3.9872 3.81139 4.84926 4.62398 3.81844 3.63825 4.15978 4.02363 4.32287 5.1309 4.28833 4.04333 3.94187 3.68482 4.65006 4.26628 5.31091 3.82136 4.1368 4.14708 4.58681 4.64261 3.66024 4.18421
threshold=-1.0724866986274717 -0.81387522816658009 -1.1852712035179136 0.36546161770820623 0.43775133788585668 -0.011453469749540089 0.074215155094861998 0.50705909729003917 0.029523125849664215 0.18116897344589236 26.500000000000004 12.500000000000002 0.035556258633732803 0.03084853291511536 -0.14637254923582074 0.01399021176621318 -0.23297778517007825 -0.014149724040180443 0.10172950103878976 0.007330371532589198 0.65243330597877514 0.048003410920500762 0.057569433003664024 0.020620748400688175 2.1885257959365849 -0.040239909663796418 -0.0012282067909836767 108.50000000000001 -0.083306305110454545 -0.25903829932212824
decision_type=2 2 2 2 2 2 2 2 2 2 2 2 2 2 2 2 2 2 2 2 2 2 2 2 2 2 2 2 2 2
left_child=2 3 -1 11 5 6 -3 -6 10 -10 -9 13 18 16 15 17 -2 -15 -13 20 21 23 -23 24 25 -18 -27 -28 29 -25
right_child=1 4 -4 -5 7 -7 -8 8 9 -11 -12 12 -14 14 -16 -17 19 -19 -20 -21 -22 22 -24 28 -26 26 27 -29 -30 -31
leaf_value=0.054577218360640584 0.14370799076433047 0.074683289554209747 0.070924216843059676 0.065207030295157523 0.096924261956254032 0.035942718813530124 0.16414763991676706 0.084214319009575309 0.098150895980829614 -0.025364018231135349 0.2087060074535344 0.060826146129423081 0.10373542085330315 -0.0066050230091326033 0.077511745542420449 -0.0074151399549059228 -0.043828080114379261 0.082858617774556262 -0.14914647778920151 0.089692184068733 0.0099977005267532174 -0.019724608232760163 0.096570222445888712 0.03605871724215453 0.079783641457966625 0.066744324380644357 -0.0746621747617391 0.081570525192345228 0.082760593530492144 0.11215299143572266
leaf_weight=306.4652539704 12.276200896446879 21.079524292183923 439.46735561164428 135.21105288755507 1083.4779607252292 27.439066452520251 6.5231654297574542 869.50963339021382 450.12898062386989 3.0514888312914072 2.4707994496020538 12.972322628374624 135.52783947436262 6.1951094811286103 476.89763826728688 13.113992505822351 4.284248811354245 27.373565222602451 0.96026364478484616 694.09836307528371 9.4492888342856514 9.2616963116395272 6.81742093026969 7.9513152569425065 178.16883986774803 61.850741296904516 4.87794760949373 3.1177108353072072 433.99675897395258 79.239000354583993
leaf_count=24534 777 9578 29656 9402 32622 14903 1980 35566 19523 642 102 631 6154 666 28246 1258 353 1737 144 36125 8391 1049 361 443 8224 3547 400 194 21258 2573
internal_value=0 0.0872526 0.0642081 0.08227 0.0919318 0.0659733 0.0958258 0.092525 0.0889281 0.0973192 0.0845671 0.083329 0.0983864 0.0822199 0.0746689 0.0456267 0.0848461 0.0663481 0.0463544 0.0843622 0.079732 0.0805666 0.0295835 0.0816264 0.0715241 0.0516727 0.0575305 -0.0137431 0.0865168 0.105214
internal_weight=0 4777.32 745.933 2313.64 2463.68 55.0418 27.6027 2408.64 1325.16 453.18 871.98 2178.43 149.46 2028.97 523.58 46.6827 1505.39 33.5687 13.9326 1493.11 799.015 789.566 16.0791 773.487 252.299 74.1306 69.8464 7.99566 521.187 87.1903
internal_count=301039 246849 54190 131933 114916 26461 11558 88455 55833 20165 35668 122531 6929 115602 31907 3661 83695 2403 775 82918 46793 38402 1410 36992 12718 4494 4141 594 24274 3016
is_linear=0
shrinkage=0.1


Tree=145
num_leaves=31
num_cat=0
split_feature=86 86 86 93 227 157 10 193 188 149 3 141 133 129 7 78 188 148 66 131 232 193 143 208 2 150 156 230 179 152
split_gain=33.6192 12.1072 8.15198 4.69811 3.89309 3.66275 3.89165 6.05979 5.30436 4.42086 5.09023 5.11592 4.97494 4.7763 4.46876 4.06094 4.11402 4.00943 3.90415 3.72685 4.58117 4.15546 4.74816 3.89022 3.82977 3.74099 3.84043 3.54462 4.65581 3.65904
threshold=-0.92546641826629628 -1.1852712035179136 -0.67822298407554615 0.36546161770820623 -0.098732497543096528 0.68536502122879039 257.50000000000006 0.02916115336120129 0.14756767451763156 0.001996216364204884 0.19415275752544406 -0.0081597850657999498 0.018000152893364433 0.031983349472284324 0.19935379922389987 0.124143835157156 -0.20331378281116483 -0.02771710883826017 9.2156176567077654 -0.04428571090102195 0.020039886236190799 -0.12069081887602805 -0.0057703903876245013 -0.069927718490362153 0.1003144644200802 -0.048954783007502549 0.029557367786765102 -0.048335587605834 -0.033251401036977761 0.036648886278271682
decision_type=2 2 2 2 2 2 8 2 2 2 10 2 2 2 10 2 2 2 2 2 2 2 2 2 10 2 2 2 2 2
left_child=1 -1 -2 5 -5 6 7 -3 17 12 -11 -12 13 15 -14 16 -9 18 27 20 24 22 -21 -22 -19 -23 -27 28 -8 -30
right_child=2 3 -4 4 -6 -7 8 9 -10 10 11 -13 14 -15 -16 -17 -18 19 -20 21 23 25 -24 -25 -26 26 -28 -29 29 -31
leaf_value=0.054939635711441739 0.086004404011565366 0.092737282361302464 0.096142211394884478 -0.052148833565656985 0.063340498955140948 0.097855437477280705 -0.026828268611869328 -0.027140284747221563 0.054082579446387252 0.0079946602923896878 -0.004153338367855911 0.084704353350981074 0.046845003155604435 -0.082898325974858328 -0.12653774621170466 -0.14898933202929115 0.099316348692980672 0.04267653906518936 -0.064272206156653189 -0.014660678743204827 0.076108186400449793 0.11906896361733132 0.064958601235239638 -0.025832884279418142 0.096742335292837475 -0.015150904220500231 0.076702311461009767 0.093988641427287203 0.092015128328372151 -0.0091555430247742108
leaf_weight=312.63479056108235 2422.9818147041478 304.70338810555893 1179.2118886827593 2.9661327943858842 183.08952407452466 90.575035389570985 5.400523935985805 2.6569291396340295 125.21240076723029 21.026685291623949 7.9672112480510568 34.69665280166123 8.607117902820276 1.5666218986224283 1.7968756260827365 0.68602333185481157 81.117903956207158 32.119274922399654 1.6790506256475044 10.325100980440764 5.4321066240827376 20.874723213032667 27.279358646215769 12.042361089363792 22.127812179395733 4.6058591051605609 388.43502174798596 187.76342549439005 21.579910546848172 4.2846313864542926
leaf_count=24442 126732 31090 51526 799 12561 747 496 540 3866 5660 1476 2542 1538 332 628 215 7437 1699 389 704 228 714 1763 797 453 2426 13129 5516 746 245
internal_value=0 0.0729483 0.0893231 0.076444 0.0614993 0.0783958 0.0770745 0.0844603 0.0731246 0.0687097 0.0482641 0.0681107 0.0822135 0.0901124 0.0169 0.0933215 0.0953058 0.0763296 0.0876331 0.0715617 0.0503862 0.0749253 0.0430974 0.00585648 0.0647304 0.0778169 0.0756259 0.0887975 0.0576222 0.0752555
internal_weight=0 1923.25 3602.19 1610.62 186.056 1424.56 1333.99 464.825 869.162 160.122 63.6905 42.6639 96.4315 86.0275 10.404 84.4609 83.7748 743.949 220.708 523.242 71.7216 451.52 37.6045 17.4745 54.2471 413.916 393.041 219.028 31.2651 25.8645
internal_count=301436 123178 178258 98736 13360 85376 84629 51458 33171 20368 9678 4018 10690 8524 2166 8192 7977 29305 7392 21913 3177 18736 2467 1025 2152 16269 15555 7003 1487 991
is_linear=0
shrinkage=0.1


Tree=146
num_leaves=31
num_cat=0
split_feature=86 86 86 152 93 131 223 90 103 191 125 172 94 193 193 178 66 135 182 228 103 207 2 13 158 13 130 178 163 126
split_gain=34.6072 9.00978 6.03091 3.48973 3.44014 3.18366 3.51081 4.97836 4.30129 3.79871 3.36842 3.14673 3.22815 3.22666 3.06359 3.00213 2.99036 2.92354 4.44893 3.12158 2.91255 4.1358 3.67177 2.88729 2.84364 4.76564 4.55037 3.03061 3.5537 3.31267
threshold=-0.93589836359024037 -1.1852712035179136 -0.66562828421592701 0.051856007426977165 0.36546161770820623 -0.033298671245574944 0.042617464438080795 2.554999947547913 0.065145708620548262 -0.072981230914592729 -0.022507034242153164 -0.004705840488895773 0.014814101159572603 -0.22743408381938932 -0.12069081887602805 -0.079432316124439226 1.5886483788490298 -0.025526449084281918 -0.30503374338150019 0.072278235107660307 -0.011256239376962183 1.0000000180025095e-35 0.14884042739868167 0.072866182774305358 0.22500000149011615 0.06461105123162271 -0.022628045640885826 -0.066630657762289033 -1.0621505975723264 -0.014622391201555727
decision_type=2 2 2 2 2 2 2 2 2 2 2 2 2 2 2 2 2 2 2 2 2 2 10 10 2 10 2 2 2 2
left_child=1 17 -2 5 -3 6 -4 8 9 10 -8 13 14 -6 -13 -16 -5 19 -19 -1 22 -22 -15 -10 25 27 -27 28 -20 -29
right_child=2 4 3 16 11 -7 7 -9 23 -11 -12 12 -14 20 15 -17 -18 18 24 -21 21 -23 -24 -25 -26 26 -28 29 -30 -31
leaf_value=0.078850546378423425 0.086950592707990659 0.077587434624830642 0.094579306725594517 -0.0083506639715608226 0.24106494710313406 0.099973894969763152 0.098624266807974717 -0.064671774056909923 0.034746430070147515 0.094475102277472009 -0.043470748734504024 -0.039633874931140546 0.098188163082101376 0.067829161766297677 -0.0079869614589507774 0.076037091024845765 0.076680144107870107 -0.04204056791392391 0.051790207782249402 0.014237726186026504 0.053856162758426265 -0.015103578897119406 -0.058258401906781554 -0.1453912787412662 0.062085509002337794 0.04522158941389133 -0.11931370744292996 0.071110348933462797 -0.050096410429381101 0.021821735450138841
leaf_weight=78.643239816317418 2652.5544683116987 1315.7800349329161 182.93978660760251 5.2045295629125148 0.87820206759965813 775.97541455774729 2.8476775813874156 2.6932882630235317 11.7747825977176 51.944197021816763 4.0280745378386191 2.9843217869231458 38.316139855649681 54.878625323785059 4.8613623455125881 33.939522784407018 20.143042985637749 5.0132261593653302 7.1800420626300365 8.2627699430827288 21.767193795649405 14.483978720059438 2.4110390761707086 0.96251120572787918 136.75476059759467 3.1727751369260204 3.5745477522502815 42.057109725902819 6.5428066090937573 20.178237358342585
leaf_count=5264 136245 80897 8623 465 121 33189 68 332 702 1647 494 415 2191 3697 500 2327 1067 470 292 673 1559 1527 439 85 8326 436 829 4114 1415 2574
internal_value=0 0.0726052 0.0894972 0.0958787 0.0758377 0.0967781 0.0871359 0.0687967 0.0738202 0.0852292 0.0153797 0.0626454 0.077224 0.0502775 0.0580003 0.0655097 0.0592211 0.0571345 0.0511055 0.0727073 0.0484863 0.0263036 0.0625228 0.0211341 0.0532332 0.0385959 -0.0419447 0.0457502 0.00321251 0.0551298
internal_weight=0 1801.68 3711.07 1058.51 1490.3 1033.17 257.19 74.2505 71.5572 58.8199 6.87575 174.52 80.1013 94.419 41.7852 38.8009 25.3476 311.38 224.474 86.906 93.5408 36.2512 57.2897 12.7373 219.46 82.7055 6.74732 75.9582 13.7228 62.2353
internal_count=300983 118066 182917 46672 93673 45140 11951 3328 2996 2209 562 12776 5433 7343 3242 2827 1532 24393 18456 5937 7222 3086 4136 787 17986 9660 1265 8395 1707 6688
is_linear=0
shrinkage=0.1


Tree=147
num_leaves=31
num_cat=0
split_feature=86 86 86 93 124 202 202 90 170 157 224 81 3 156 74 211 216 122 79 221 202 205 12 65 71 86 3 163 109 96
split_gain=32.6376 12.7088 4.66694 4.3034 4.12684 6.66358 4.55394 4.07031 3.78559 3.46328 5.33491 4.51033 3.6198 3.92819 3.35921 3.28622 4.25895 3.8283 3.23982 3.39174 3.22951 3.19271 3.06842 3.32976 3.0123 3.35859 3.32562 2.9332 3.71153 4.97678
threshold=-0.94671633839607228 -1.1852712035179136 -0.66562828421592701 0.36546161770820623 0.0094315493479371088 -0.10571052134037016 0.098659750074148192 2.1926450729370122 0.44100475311279302 0.58731243014335643 0.097530286759138121 0.16152751445770266 0.20114503800868991 0.39638906717300421 0.18257576227188113 0.096969075500965132 0.005874431226402522 -0.0018629542901180682 0.6163420081138612 0.04706134274601937 0.1452508941292763 -0.055287513881921761 339.50000000000006 112.50000000000001 0.084039550274610533 -0.54906517267227162 0.22611077129840854 -0.20413476228713986 0.0094428858719766157 -0.18138262629508969
decision_type=2 2 2 2 2 2 2 2 2 2 2 2 10 2 2 2 2 2 2 2 2 2 10 2 2 2 8 2 2 2
left_child=1 20 -2 27 8 7 9 21 -4 10 11 12 13 18 -11 -5 17 -17 -7 -20 -1 -6 -10 24 -24 -26 -27 -3 29 -29
right_child=2 3 4 15 5 6 -8 -9 22 14 -12 -13 -14 -15 -16 16 -18 -19 19 -21 -22 -23 23 -25 25 26 -28 28 -30 -31
leaf_value=0.055829103766505107 0.087028032059151952 0.075643944103674934 0.12731475658952288 0.064729996651519711 -0.052070041512331522 0.093625087191174461 0.11085239817018283 -0.059478744181269284 0.10033621990119282 0.094492074341731638 -0.01910889541661966 -0.017606483914886374 0.041029989083258778 -0.05878874695020056 -0.021439279163192593 0.14602518973970499 -0.084621889891393298 -0.036084315423424419 0.16743475461931936 0.80683879004074432 -0.0014319600813349929 0.069848036848009901 0.094948467587703311 -0.10128592785571111 0.082897686885774938 0.049266047068073082 -0.066294930199044685 0.14112462344392715 0.095318127979561018 0.068282048462162612
leaf_weight=290.00609731634881 2729.0690216000125 902.6406148907713 44.368958609364086 161.42245811488806 2.5050701381951574 60.834303825954748 74.274530431109497 3.984416341452742 564.41590635155944 137.06023957941943 6.6103189061277581 5.0506060142429297 18.605752259297446 1.6980756538860067 2.5458204286696846 2.5016509753204446 3.4549396392376366 2.1434098553224867 0.23498366162129869 0.12823318033906617 10.195865640141845 15.066924395489421 86.414879934057353 0.97184314862715737 25.48402873123996 10.304277827012807 3.2839357192542602 10.146356798795294 198.39658013715075 124.09483122876168
leaf_count=23077 141390 32438 2172 11440 427 4824 2082 363 26564 1271 908 764 2484 251 25 319 590 436 107 46 1442 1352 1888 84 559 308 107 789 23914 19118
internal_value=0 0.0725606 0.0892181 0.0765517 0.0948363 0.0855198 0.089293 0.0317756 0.0990001 0.0824136 0.0674817 0.074095 0.0797777 0.09124 0.092378 0.0616111 -0.000543573 0.0619929 0.095403 0.393175 0.0538843 0.0524673 0.0971817 0.0831023 0.0845303 0.0614889 0.0213378 0.0786021 0.0866292 0.0737877
internal_weight=0 1705 3792.91 1404.8 1063.84 328.599 307.043 21.5564 735.244 232.768 93.1623 86.552 81.5013 62.8956 139.606 169.522 8.1 4.64506 61.1975 0.363217 300.202 17.572 690.875 126.459 125.487 39.0722 13.5882 1235.28 332.638 134.241
internal_count=301539 113563 187976 89044 46586 14904 12762 2142 31682 10680 9384 8476 7712 5228 1296 12785 1345 755 4977 153 24519 1779 29510 2946 2862 974 415 76259 43821 19907
is_linear=0
shrinkage=0.1


Tree=148
num_leaves=31
num_cat=0
split_feature=86 86 86 179 132 210 3 147 225 225 86 147 231 208 153 145 146 179 4 153 171 152 3 214 124 182 88 82 214 230
split_gain=33.7701 12.4623 5.97063 4.53608 4.47867 4.05041 4.19407 3.88151 7.30786 6.64273 3.81669 3.76591 4.8061 5.01774 4.72634 4.25624 4.78324 4.11037 3.98243 4.24824 5.15598 3.75606 3.68374 3.6179 3.7062 3.4737 4.26908 3.85637 5.80033 5.37681
threshold=-1.0724866986274717 -0.81387522816658009 -1.1852712035179136 0.30183188617229467 -0.013184531591832636 0.031491769477725036 0.26695403456687933 -0.0014910190366208551 -0.05736290663480758 0.024615447968244556 -0.57249638438224781 0.014977258164435627 0.025316450744867328 -0.031838035210967057 0.029544960707426075 -0.053287615999579423 0.042295722290873534 -0.0086643598042428476 0.043961353600025184 0.0071691181510686883 -0.23618832975625989 -0.0094350250437855703 0.085410334169864668 0.14791067689657214 -0.0075429892167448989 -0.10218846425414084 0.66454005241394054 0.024540800601243976 0.055782623589038856 0.042294343933463104
decision_type=2 2 2 2 2 2 10 2 2 2 2 2 2 2 2 2 2 2 8 2 2 2 8 2 2 2 2 2 2 2
left_child=2 7 4 10 5 6 -1 8 -2 11 -3 12 13 14 21 -13 25 -16 -15 -20 -21 -9 -11 24 -14 26 -17 -27 -29 -30
right_child=1 3 -4 -5 -6 -7 -8 9 -10 22 -12 15 23 18 17 16 -18 -19 19 20 -22 -23 -24 -25 -26 27 -28 28 29 -31
leaf_value=0.092684322983782486 0.09417590027615734 0.089404194659810393 0.0718921377503485 0.11731176109183597 0.047065105255219786 0.028484494722646494 -0.076150756668969463 0.11071188459293271 0.071599357678581249 0.13492185814417598 0.098915971295485614 -0.09246384382272832 0.11566953877791278 0.038698897038980523 0.047506257411637165 -0.043675535253317938 0.11105206191560504 -0.14231878885653745 0.10399281794378297 -0.045304616264948076 0.078287546388614238 0.052839045786472083 0.09164515706982497 -0.16858861211238718 0.084665660571401458 0.069055586731017998 0.055749832843294704 0.10628472183528376 -0.016555190860306733 0.12020978419586117
leaf_weight=54.179087192038082 184.41209158919116 1835.1347690873508 446.79098422994468 70.596634238489514 233.50864267639133 14.329441049375644 1.5124023733461616 13.682537802877276 644.30827271493638 20.334494539669436 547.77623357066614 1.545360451921282 82.517752189753367 15.510310777350297 2.4379928201904022 4.7653777928860555 31.989258693977717 2.1437306286628646 105.65278977540243 3.5721204714327532 61.302671462585636 62.174389284668905 600.94738393912269 0.49872396456339529 72.372383527349712 291.7133542507961 46.058718494895629 64.593466479681183 8.0969630611634766 4.4568610956994226
leaf_count=2924 8810 87966 29784 5513 19667 1456 497 756 38890 5543 21595 250 3414 4018 230 499 1879 371 3972 183 2862 4789 23580 65 4479 19781 3330 3304 668 186
internal_value=0 0.0873595 0.0645396 0.0923308 0.0537169 0.0758994 0.0880993 0.0821135 0.0766232 0.0851542 0.0915907 0.0795402 0.0863397 0.078189 0.0573205 0.0732111 0.0737779 -0.0413105 0.0872122 0.0916247 0.0714823 0.0632777 0.0930616 0.100317 0.101183 0.0709368 0.0464275 0.0743138 0.0941966 0.0319991
internal_weight=0 4778.59 750.321 2453.51 303.53 70.0209 55.6915 2325.09 828.72 1496.37 2382.91 875.085 421.865 266.477 80.4387 453.219 451.674 4.58172 186.038 170.528 64.8748 75.8569 621.282 155.389 154.89 419.685 50.8241 368.861 77.1473 12.5538
internal_count=301261 246933 54328 115074 24544 4877 3421 131859 47700 84159 109561 55036 25139 17181 6146 29897 29647 601 11035 7017 3045 5545 29123 7958 7893 27768 3829 23939 4158 854
is_linear=0
shrinkage=0.1


Tree=149
num_leaves=31
num_cat=0
split_feature=86 86 86 200 122 186 130 101 106 175 175 129 132 210 166 12 152 112 198 13 156 161 222 5 1 178 159 157 126 10
split_gain=36.4533 12.3046 8.19328 4.47655 5.18074 5.97373 5.0389 4.86376 4.55884 4.33879 4.333 4.25802 4.14429 5.04371 4.02753 4.00391 4.85126 4.3276 4.77017 4.43971 3.79806 4.13665 5.21015 3.7555 3.71248 3.6656 3.656 3.57774 7.11896 5.05489
threshold=-0.96707141399383534 -1.1852712035179136 -0.76415729522705067 0.090352930128574385 0.0029770545661449437 -0.15603943169116971 -0.041687469929456704 -0.062806967645883546 -0.033105961978435509 -0.077299315482377992 0.083884656429290785 0.0047377643641084441 -0.0028905026847496624 -0.026572913862764832 0.89823457598686229 235.50000000000003 0.061418190598487861 1.0000000180025095e-35 -0.10260066762566565 0.082036256790161147 0.09268804639577867 3.5518722534179692 0.081478904932737364 0.075853470712900176 0.074227120727300658 -0.014586350880563257 0.29117386043071752 0.52949872612953197 0.023281265050172809 229.50000000000003
decision_type=2 2 2 2 2 2 2 2 2 2 2 2 2 2 2 10 2 2 2 10 2 2 2 8 8 2 2 2 2 10
left_child=1 12 3 -2 5 -5 8 25 -6 -10 -9 -4 13 -1 26 16 17 18 -8 -19 21 -3 24 -13 -23 -7 -15 28 29 -22
right_child=2 20 11 4 6 7 15 10 9 -11 -12 23 -14 14 -16 -17 -18 19 -20 -21 27 22 -24 -25 -26 -27 -28 -29 -30 -31
leaf_value=0.088963234957471077 0.086950721316627913 0.10224790621468045 0.097485864314901319 -0.084381810747475194 -0.04998824539748823 0.055683530291324279 0.013439822237891872 0.08085453903533113 -0.02631020050845756 0.084448070594773703 -0.030699630990895933 0.098373391514196828 0.04487842128912603 -0.066970711388231435 0.0012085145378156776 0.10311109505199992 -0.010052991128002885 0.052996736728189275 0.099504705292478818 -0.16028093174050653 0.084767395899643411 0.093032440773748226 -0.021715471501814361 0.081979657355502805 0.033384615403480596 -0.015626802914621398 0.072667130109316511 0.076464754392886566 0.012512798094695271 0.053333647829441583
leaf_weight=58.474143511603302 1753.3305985641678 101.41467694012601 1236.6961544452324 2.9833762486731521 4.5734560671892295 17.133684652483684 7.0778560925889442 61.664977817527756 4.5225924818555567 16.227098296725899 3.6902754941326057 208.65705450583766 202.46571644143205 1.9942102997222253 14.510328773014178 92.057022651766147 6.3384389016218838 24.945145844820107 71.45327600952055 1.0157753391940776 99.367270136456682 43.352288896154619 5.6843233707024856 423.05830541507601 13.742249594846951 12.443680973468643 31.364157071363593 834.55857916807554 25.4576802475367 105.44809428570079
leaf_count=2917 91148 18351 55002 407 429 1487 622 4348 447 1002 412 13909 17307 1028 699 1928 1197 2386 4163 250 16167 8908 1701 16484 4617 1679 2596 20038 3841 5500
internal_value=0 0.0711191 0.0892679 0.0849497 0.0741916 0.0549499 0.0824474 0.0593285 0.0403875 0.0603073 0.0745556 0.094074 0.0532742 0.0692588 0.0451887 0.0876971 0.074894 0.0800469 0.0917478 0.0446518 0.0756029 0.0897596 0.0695857 0.0873945 0.0786756 0.0256821 0.0643194 0.07342 0.062385 0.0685839
internal_weight=0 1537.83 3947.87 2079.46 326.127 97.916 228.211 94.9326 25.3231 20.7497 65.3553 1868.41 308.809 106.343 47.8687 202.888 110.83 104.492 78.5311 25.9609 1229.03 164.194 62.7789 631.715 57.0945 29.5774 33.3584 1064.83 230.273 204.815
internal_count=300970 103670 197300 111905 20757 8333 12424 7926 1878 1449 4760 85395 24547 7240 4323 10546 8618 7421 4785 2636 79123 33577 15226 30393 13525 3166 3624 45546 25508 21667
is_linear=0
shrinkage=0.1


Tree=150
num_leaves=31
num_cat=0
split_feature=86 86 86 179 148 81 177 109 180 149 227 107 174 151 107 126 144 173 201 199 147 227 107 140 197 133 3 86 205 172
split_gain=35.2833 12.2913 5.79805 4.06691 4.66091 3.74752 3.96745 3.99369 3.79104 3.67557 4.27098 3.82902 4.98623 3.77266 3.74744 4.51775 3.78676 5.18051 3.52419 3.46722 3.60574 3.41138 4.20286 3.6131 5.7493 3.96596 4.6973 4.1338 4.09806 3.75189
threshold=-1.0724866986274717 -0.76415729522705067 -1.1852712035179136 -0.31312882900238032 -0.011273468378931282 0.073128342628479018 -0.14576233923435208 -0.040670035406947129 -0.086985435336828218 -0.0029666656628251071 0.035883886739611633 0.0044875077437609443 -0.19909957051277158 0.047955857589840896 -0.011884902603924273 0.0045743819791823634 0.027663233689963821 -0.010514223948121069 -0.15807224065065381 0.20268961042165759 0.0076675566378980884 0.035883886739611633 0.051613811403512962 0.018925933167338375 -0.2095474302768707 -0.014004251919686793 0.33150184154510504 -0.91503310203552235 -0.15808726847171781 -0.12394610792398451
decision_type=2 2 2 2 2 2 2 2 2 2 2 2 2 2 2 2 2 2 2 2 2 2 2 2 2 2 10 2 2 2
left_child=2 9 -1 4 -4 6 7 8 -3 10 -2 12 13 -12 16 -16 18 -18 -14 -7 -21 22 23 25 -25 29 28 -28 -27 -11
right_child=1 5 3 -5 -6 19 -8 -9 -10 21 11 -13 14 -15 15 -17 17 -19 -20 20 -22 -23 -24 24 -26 26 27 -29 -30 -31
leaf_value=0.053242284049181937 0.089995579195089742 0.12402628871446815 -0.088247404635100168 0.072800797697637185 0.051521396053841186 0.086744880079131129 0.093616582794251918 0.11131689240692991 0.024444467739711956 0.083506458678378234 -0.040866046960232383 0.084203314109386751 -0.061531786319003884 0.46690733316597577 0.050292772300304482 -0.071300867493026346 0.101666400579817 -0.11552431689335876 0.091396503505928983 0.065141157108960346 -0.07541118473417345 0.086948157859336697 0.090014306577469186 -0.094669425427928888 0.083363469549219596 -0.011494209069128569 0.058722471240768709 -0.12151092704640432 0.079312744087879694 0.053454381701955503
leaf_weight=306.10649314670241 1017.8277855414029 5.9844382895007611 3.2537271547115543 426.70015419800836 8.9452189022395014 445.20591348289531 1206.7320393189043 220.69553518760995 10.584447390993772 52.513565048750252 5.9589121779005145 179.08919021461668 1.5526872859149978 0.15000475093620469 21.719635691628358 3.5558926545836576 2.1413126895004098 2.254487736854343 51.096449648493603 6.0831234881939036 2.607660178343167 472.33932354646026 197.46692377587362 1.8241478180457296 323.04553893255706 5.0481098161874334 2.9965290996872227 2.2119186677061853 320.4312980726707 198.86421583638963
leaf_count=24625 51496 276 630 28299 806 21360 52691 9557 764 3064 811 11783 216 30 1362 534 176 231 3685 290 347 26495 10759 304 17959 579 779 865 16779 13825
internal_value=0 0.0872093 0.0638058 0.0711732 0.014242 0.0934495 0.0959408 0.107762 0.060412 0.0830712 0.0870403 0.0757965 0.0587709 -0.0283976 0.0652396 0.0331863 0.0794417 -0.00972487 0.0868865 0.0855238 0.0229686 0.0798357 0.0767938 0.0739152 0.0823638 0.0691998 0.0763967 -0.0178189 0.0779043 0.0597323
internal_weight=0 4759.98 745.006 438.899 12.1989 1897.89 1444 237.264 16.5689 2862.09 1285.35 267.519 88.4294 6.10892 82.3205 25.2755 57.0449 4.3958 52.6491 453.897 8.69078 1576.74 1104.4 906.935 324.87 582.066 330.688 5.20845 325.479 251.378
internal_count=301377 247017 54360 29735 1436 85285 63288 10597 1040 161732 70324 18828 7045 841 6204 1896 4308 407 3901 21997 637 91408 64913 54154 18263 35891 19002 1644 17358 16889
is_linear=0
shrinkage=0.1


Tree=151
num_leaves=31
num_cat=0
split_feature=86 86 86 135 103 228 193 226 188 2 229 129 5 188 93 66 221 8 86 222 200 111 174 231 151 101 196 154 109 109
split_gain=36.0556 11.9483 8.89714 4.68513 3.45517 4.48476 3.50622 3.43796 3.74015 3.30274 3.17375 3.1594 4.70345 4.50738 4.19713 5.28711 5.04979 4.44338 4.4527 4.21684 4.06862 4.76787 4.20051 5.4144 3.78889 3.63672 3.62546 3.872 3.5424 3.54137
threshold=-0.94671633839607228 -1.1852712035179136 -0.67822298407554615 -0.025526449084281918 0.034692607820034034 -0.031172632239758965 -0.15220570564270017 0.04992323741316796 0.12874503433704379 0.55000001192092907 0.15704443305730822 0.0081331296823918837 0.15075758099555972 0.14756767451763156 -0.084884196519851671 5.6568076610565194 -0.030692849308252331 0.21764726936817172 -0.76415729522705067 -0.02451339270919561 0.10029592365026475 0.029285444878041748 0.42637568712234503 0.029609222896397117 0.038324695080518729 -0.20731339603662488 -0.063257221132516847 -0.059824917465448373 -0.060562854632735245 -0.018640539608895775
decision_type=2 2 2 2 2 2 2 2 2 10 2 2 10 2 2 2 2 10 2 2 2 2 2 2 2 2 2 2 2 2
left_child=1 3 11 -1 9 6 -6 8 10 -4 -5 14 13 20 15 16 -2 18 -17 -18 22 -22 -13 -24 -21 -19 27 -15 -28 -14
right_child=2 -3 4 7 5 -7 -8 -9 -10 -11 -12 12 29 26 -16 17 19 25 -20 24 21 -23 23 -25 -26 -27 28 -29 -30 -31
leaf_value=0.074494287348886565 0.11563958596054985 0.076274296470908581 0.1007718597870832 0.043555482322635092 0.12257955811198605 0.095879462425894513 0.065215393700164936 0.068758654992510715 0.0052145639123060781 0.33640857256838275 0.13146814435865731 0.089486315851110151 0.00039237446668507846 0.14766468004811359 0.085941802965703432 0.065679156171413497 0.10742041922608048 -0.064012385176919109 -0.027125483486457786 0.084503676607380798 0.073083644927377678 -0.005910230439602448 -0.094393092897427283 0.10451119248770516 -0.013767938629099459 0.092597413331403172 -0.048819895586592152 -0.047002647465218116 0.071515791714167151 0.065712236097807727
leaf_weight=84.409188147630857 155.11871191350986 1407.6830472829022 779.43687260303955 136.38419978942568 12.032216815398895 290.93985803386954 93.09661845828623 53.899106187381676 26.450283780788027 0.59527744367915048 4.2339603705022446 598.90009392417824 10.799611536693872 1.2658316561373792 1303.2006292570632 17.730824675467833 113.49204571051723 1.5208010408960024 7.2977941906060542 145.4012408424212 58.538066533533765 8.7878253748924617 2.8373879632699746 2.6436798620188711 4.03213873644654 59.282510712084445 2.5245931580584502 5.2991632532227859 78.876374887959628 35.861178557475114
leaf_count=5894 5004 88671 32264 12403 401 12829 5507 3882 2053 269 154 28717 1282 15 69081 3514 3867 163 1892 6909 3903 1065 240 120 260 2712 186 558 2860 3704
internal_value=0 0.0723845 0.0898665 0.0544536 0.0970894 0.0894829 0.0717808 0.0467981 0.0397133 0.100952 0.0462025 0.0866159 0.0814108 0.0833037 0.0889385 0.0966891 0.101331 0.0740825 0.0386194 0.0928887 0.0860912 0.0627728 0.0886888 0.00154428 0.081852 0.0886803 0.0620183 -0.0094678 0.0677837 0.050594
internal_weight=0 1713.06 3789.51 305.377 1176.1 396.069 105.129 220.968 167.068 780.032 140.618 2613.41 806.334 759.673 1807.08 503.876 418.044 85.8319 25.0286 262.925 671.707 67.3259 604.381 5.48107 149.433 60.8033 87.966 6.56499 81.401 46.6608
internal_count=300379 113057 187322 24386 51270 18737 5908 18492 14610 32533 12557 136052 42650 37664 93402 24321 16040 8281 5406 11036 34045 4968 29077 360 7169 2875 3619 573 3046 4986
is_linear=0
shrinkage=0.1


Tree=152
num_leaves=31
num_cat=0
split_feature=86 86 86 170 71 93 171 230 166 182 106 141 131 82 66 223 125 11 172 111 95 1 157 76 139 193 11 133 178 103
split_gain=34.658 9.86854 8.9858 4.94947 4.04441 3.9652 4.11925 4.0759 4.61122 5.04578 5.675 4.62324 3.9193 4.00019 4.21417 3.95044 4.54989 4.86119 3.80069 6.14678 3.93103 4.78015 4.25194 4.11093 3.8458 4.26212 5.43601 3.74065 4.76899 3.73551
threshold=-0.93589836359024037 -1.1852712035179136 -0.66562828421592701 0.49834191799163824 0.15590278059244159 -0.06876856833696364 0.44739343225955969 -0.045621335506439202 0.75829985737800609 0.033818149939179427 0.029231677763164047 -0.038912869989871972 -0.031711217015981667 0.055867666378617294 4.6034564971923837 0.032732099294662483 0.045634010806679733 0.016886585392057899 0.52206715941429149 -0.025830474682152268 -0.1859767064452171 0.0050808819942176351 0.46083314716815954 0.078434720635414137 -0.015891782008111473 0.13936918973922732 0.062208414077758796 -0.020156670361757275 0.37573242187500006 0.24853829294443133
decision_type=2 2 2 2 2 2 2 2 2 2 2 2 2 2 2 2 2 10 2 2 2 8 2 2 2 2 8 2 2 2
left_child=1 27 5 4 -3 6 7 8 -2 11 -11 -10 15 14 -14 -4 -17 -18 20 -20 21 23 -22 -5 25 26 29 28 -1 -24
right_child=2 3 12 18 -6 -7 -8 -9 9 10 -12 -13 13 -15 -16 16 17 -19 19 -21 22 -23 24 -25 -26 -27 -28 -29 -30 -31
leaf_value=0.079561840730355771 0.11601667492765105 0.080678391180542874 0.09418092034374205 0.072933641217665296 0.11455731967687593 0.083646750814481308 0.2663693592998656 0.087652915853487612 -0.040438063658061928 0.018167460466357421 0.11327041670773033 0.1058286435634655 0.092235443333053058 0.11778379577153696 0.10862683220949093 0.073055097877498837 0.093196551352068363 -0.13440504396269834 0.070427624045197409 -0.077764303002583648 0.025753476017555555 0.11181622041642587 0.067520311317568762 -0.080759123864134516 0.075185460012478667 0.095236912495807236 0.02366299795477152 0.050395573082132251 -0.11641085182326411 -0.070677361750371523
leaf_weight=72.310799735398632 125.08362677397542 609.94632119216976 204.13456252832339 6.3543983625850142 37.397196979642331 1736.6644422805311 1.3506351061625981 662.04486705276588 2.2310173818109424 18.190734926057761 9.5782915219065199 68.860405307263818 458.6669436335178 117.53638587311684 238.35970249058528 70.815419245790736 1.6208472496364259 2.2287947474533212 7.4841249501787388 4.471116943994728 21.12839625011884 43.663320866377148 98.451508008741143 2.3967573385251626 574.92019073128188 26.39482963816863 47.310898215509496 237.84997153581389 1.2634489695403761 1.9955524251190571
leaf_count=4860 7504 37820 8579 1254 1801 92457 1394 32185 173 737 208 1654 16203 3987 13659 3801 199 176 283 415 13215 2715 5323 1064 26794 752 2097 19518 191 159
internal_value=0 0.072673 0.0895991 0.0760736 0.0826356 0.0864254 0.0918637 0.0915977 0.10326 0.0871188 0.0509711 0.101238 0.0972157 0.100718 0.0978407 0.0869818 0.0672995 -0.038576 0.0709838 0.0150056 0.0717974 0.0982964 0.069994 0.0308404 0.0712419 0.0582231 0.0516111 0.0564911 0.0761965 0.0647748
internal_weight=0 1793.34 3717.37 1481.91 647.344 2624 887.34 885.989 223.944 98.8604 27.769 71.0914 1093.36 814.563 697.027 278.8 74.6651 3.84964 834.571 11.9552 822.616 52.4145 770.201 8.75116 749.073 174.153 147.758 311.424 73.5742 100.447
internal_count=301177 118261 182916 93692 39621 136312 43855 42461 10276 2772 945 1827 46604 33849 29862 12755 4176 375 54071 698 53373 5033 48340 2318 35125 8331 7579 24569 5051 5482
is_linear=0
shrinkage=0.1


Tree=153
num_leaves=31
num_cat=0
split_feature=86 86 83 4 226 71 86 126 204 171 180 128 66 144 171 228 93 199 233 168 130 228 181 174 200 151 68 85 20 214
split_gain=30.6023 13.9806 4.74343 3.70566 3.49035 4.36749 3.46948 3.18702 7.40586 5.33478 3.81488 3.84253 3.28413 3.17631 5.46666 4.28618 4.20597 9.18434 3.7863 3.24901 3.41459 3.20176 3.74548 4.21791 3.47021 3.14412 3.14003 3.12311 3.04344 3.00761
threshold=-0.83778271079063404 -1.1170034408569334 10.500000000000002 0.23669467866420749 0.15423259139060977 0.14686274528503421 -0.57249638438224781 -0.037795003503561013 0.082529462873935713 -0.25681270658969874 -0.21646007895469663 -0.0025197860086336728 8.5052585601806658 -0.02248295862227678 -0.080562263727188096 -0.057938171550631516 -0.21969643980264661 0.065922915935516371 -0.093743830919265733 3.8131450414657597 -0.041687469929456704 0.08681108802556993 -0.10271951556205748 -0.14923482388257978 -0.16094557940959928 -0.01181416818872094 37.598426818847663 81.500000000000014 1.0000000180025095e-35 -0.053696883842349045
decision_type=2 2 2 10 2 2 2 2 2 2 2 2 2 2 2 2 2 2 2 2 2 2 2 2 2 2 2 2 2 2
left_child=1 13 4 6 -3 28 7 8 9 -2 -10 -12 -11 14 -1 19 17 -17 -18 20 -16 22 -20 25 -25 -24 -21 -14 -6 -15
right_child=3 2 -4 -5 5 -7 -8 -9 10 12 11 -13 27 29 15 16 18 -19 21 26 -22 -23 23 24 -26 -27 -28 -29 -30 -31
leaf_value=0.094174949969289268 -0.10910682195525323 0.077837827236818924 0.093226516543396434 0.11920875105164086 0.12695704224237095 -0.087785455125738224 0.098092612420207018 0.090654362464775096 0.15803272013695113 0.088020530073703362 0.054808704781695139 -0.01506508390956759 -0.059923394317751011 0.035713024251757486 0.072795595890671472 0.037709885805094386 -0.085668899346020178 1.215156886632295 0.11489526834531372 0.086267637922376322 -0.095658545687077878 -0.024096192322928194 0.027853974649842912 -0.12681709118316806 0.071967816069118437 -0.15591879321706067 -0.065356512734979486 0.10750862416082041 0.015861989244911865 0.060624694261862289
leaf_weight=71.385529549078001 1.4028095635371745 1997.5127272344448 240.2973206638726 47.176345127889363 28.945694694213675 1.0715447870325068 540.96310992529334 1852.8437327225938 2.4148751181155594 247.69017530546137 20.403452099988499 12.812416652648833 2.9247575965565593 57.479086986441814 1.6580580316228859 0.19176499497495925 1.6346161299184121 0.10121100105152436 16.300760241337343 5.6059440010039907 4.3872981853928632 3.5673672635967923 2.5941003846210151 0.89497183528884861 46.836990753306516 1.4521065388580598 1.8057974680266395 1.7995147072060715 2.6955308308351951 308.98474670882553
leaf_count=4644 223 118023 12391 6085 1316 131 21630 86838 144 10391 1502 1266 1311 6292 162 105 372 35 799 137 833 482 226 178 2985 277 80 231 255 21778
internal_value=0 0.0765407 0.0799409 0.0914253 0.0783684 0.110769 0.0909368 0.0891299 0.0793713 0.0853644 0.0366789 0.0278562 0.0864452 0.061832 0.0736637 0.0568397 0.0663307 0.444469 0.0648189 0.00494963 -0.0494567 0.0682523 0.0730914 0.0599307 0.0682406 -0.0380986 0.0493259 0.00385286 0.117493 0.0567174
internal_weight=0 2795.4 2270.52 2730.43 2030.23 32.7128 2683.25 2142.29 289.448 253.817 35.6307 33.2159 252.414 524.88 158.417 87.031 73.5739 0.292976 73.2809 13.4571 6.04536 71.6463 68.0789 51.7782 47.732 4.04621 7.41174 4.72427 31.6412 366.464
internal_count=301122 171501 132116 129621 119725 1702 123536 101906 15068 12156 2912 2768 11933 39385 11315 6671 5459 140 5319 1212 995 4947 4465 3666 3163 503 217 1542 1571 28070
is_linear=0
shrinkage=0.1


Tree=154
num_leaves=31
num_cat=0
split_feature=93 104 63 159 88 12 157 6 93 156 157 96 170 159 94 185 88 204 76 68 198 179 157 233 152 108 219 166 129 233
split_gain=15.0895 10.9841 7.34712 4.88423 4.63572 4.47538 4.16752 4.80105 3.97194 3.95838 4.30218 4.64722 3.7894 4.21853 4.00095 4.22745 3.86387 3.76718 3.71447 3.69425 3.64055 4.1186 3.79774 3.72428 5.51768 4.229 4.0189 3.92568 4.00251 3.63764
threshold=0.16818635910749438 -0.11360296607017516 0.33526432514190679 0.68693438172340404 0.69883292913436901 51.500000000000007 0.63708066940307628 0.20294117927551272 0.36546161770820623 0.09268804639577867 0.48986887931823736 -0.16934598237276074 0.50084111094474804 0.12555820494890216 0.26620921492576605 -0.14214389026165006 0.79347464442253124 -0.14773856103420255 0.094916347414255156 41.449935913085945 0.044896408915519721 -0.31312882900238032 0.63708066940307628 0.020219577476382259 0.054418703541159637 -0.074020847678184495 0.16366218030452731 0.64693629741668712 -0.038086788728833192 0.095874786376953139
decision_type=2 2 2 2 2 8 2 10 2 2 2 2 2 2 2 2 2 2 2 2 2 2 2 2 2 2 2 2 2 2
left_child=1 5 4 -2 -3 -1 7 12 17 -6 11 -11 -7 16 -15 -16 -14 -5 -10 -12 23 22 -22 24 27 -25 -26 28 -4 -23
right_child=3 2 20 8 9 6 -8 -9 18 10 19 -13 13 14 15 -17 -18 -19 -20 -21 21 29 -24 25 26 -27 -28 -29 -30 -31
leaf_value=0.12343312967998099 0.081543697926211398 0.093866020024439556 -0.083155894620221243 0.100660559279613 0.099768357284366588 0.076971303574530192 0.090896532081487985 -0.048126022095576766 0.051569073749402054 0.13158604558920789 0.085876207283663852 0.056412160346216267 0.10273104800954168 0.048796607207047066 1.0648025892982715 0.20913091614571433 -0.070551731265092774 0.070508411628285084 0.094710877304386876 0.15753180396991809 -0.065087198980527061 0.069772267714762207 0.092138475020140664 0.0022580341718373351 0.01456014275607242 0.09986613717873366 0.29502259303281414 0.087836055010225733 0.055989238216414675 -0.022456247404251461
leaf_weight=16.660090983921464 513.35598161922462 1815.6306508146249 2.3040081619348056 46.379673478923678 202.71453810002026 186.86902715270617 82.574794913030928 3.6496241960362559 172.68210097966528 9.1330619443669985 1432.4880603786769 82.578947444590767 24.384886179855133 143.08882328780169 0.072889371796918567 0.27777132716118913 1.3584890607344267 388.75861367950495 22.565104473852671 7.2312441053818466 4.6217881485454191 118.59176650575967 2.3012588666751981 4.6218576506502123 18.759535697134655 112.07231819664719 0.52523098627716436 103.70276128339901 20.118738361481519 4.4364919271934005
leaf_count=8317 40079 86386 754 1423 34715 8283 539 715 8993 1360 39417 16487 1037 9628 22 101 277 19788 1262 568 312 6801 14 397 1724 4922 33 3604 3030 293
internal_value=0 0.0871948 0.0888995 0.0743022 0.0903343 0.0725531 0.0706365 0.0659856 0.0684051 0.0866366 0.0848984 0.0638983 0.0671552 0.056313 0.0496234 0.386993 0.0935868 0.0737222 0.0565551 0.0862361 0.0759087 0.0622233 -0.0128245 0.0826939 0.0720154 0.0960002 0.0221987 0.0796324 0.0416916 0.0664464
internal_weight=0 4400.77 3941.83 1143.74 3549.78 458.936 442.276 359.702 630.385 1734.15 1531.43 91.712 356.052 169.183 143.439 0.350661 25.7434 435.138 195.247 1439.72 392.056 129.951 6.92305 262.104 145.41 116.694 19.2848 126.126 22.4227 123.028
internal_count=301281 229736 200817 71545 178933 28919 20602 20063 31466 92547 57832 17847 19348 11065 9751 123 1314 21211 10255 39985 21884 7420 326 14464 9145 5319 1757 7388 3784 7094
is_linear=0
shrinkage=0.1


Tree=155
num_leaves=31
num_cat=0
split_feature=86 86 17 215 157 192 3 114 104 170 116 164 138 80 80 216 218 212 1 188 75 157 191 63 49 157 198 114 175 157
split_gain=33.5602 10.3175 4.81985 4.91969 4.3177 4.20293 4.09098 3.82078 3.78622 3.61974 4.0955 3.57782 3.55014 3.87251 3.73795 4.10661 4.83427 3.98133 3.59719 3.53677 3.51105 3.73835 3.43343 5.01944 5.43102 4.22512 3.93078 3.41608 3.39136 3.36519
threshold=-1.0724866986274717 -0.82283037900924672 14.500000000000002 0.075321424752473845 0.41595986485481268 0.17849431186914447 0.33150184154510504 0.028946383856236938 -0.085044816136360155 0.42745165526866918 0.084802597761154189 5.6489679813385019 -0.01089072087779641 0.2150974050164223 0.19684550911188128 -0.086634557694196687 -0.039933433756232255 0.13483027368783954 0.084040809422731413 -0.18323054164648053 0.097932651638984694 0.54138076305389415 -0.11554061993956564 0.051160620525479324 1.0000000180025095e-35 0.521928369998932 0.03911141678690911 0.014176717959344389 0.064805265516042723 0.62295880913734447
decision_type=2 2 2 2 2 2 10 2 2 2 2 2 2 2 2 2 2 2 10 2 2 2 2 2 2 2 2 2 2 2
left_child=4 2 9 6 28 8 -4 -5 29 10 -2 -10 13 22 -14 16 -16 -17 19 -15 21 -13 23 24 25 -11 -27 -25 -1 -3
right_child=1 5 3 7 -6 -7 -8 -9 11 12 -12 20 14 18 15 17 -18 -19 -20 -21 -22 -23 -24 27 -26 26 -28 -29 -30 -31
leaf_value=0.00396767548204987 0.098696253630507116 0.072887401498466606 0.11066049206448191 0.062405098050069156 0.065775421954826441 0.10816152977662921 -0.13063781988894838 -0.10694909197383731 0.09319229077389965 -0.026377148925948841 -0.05161045686516022 0.0381028381221259 0.074103200879672385 -0.059399185536254007 -0.059972615814334919 0.092310512056362842 0.066586712154438482 -0.051757763228666612 0.021950354702350433 0.078414510137004442 0.042622752963785038 0.094982337206243703 0.091414233556622065 0.11007164451732504 -0.090841753625716393 0.080620290716674092 -0.066358315546249505 0.049212163727985481 0.10541564491274845 0.093180975041730105
leaf_weight=18.89611033021038 138.89851800629549 207.84796711080298 100.60716072817411 7.4160146103655489 722.43414629418282 144.4847098296641 0.70755812243487426 1.623877719719985 1948.035651474602 5.5915509721933203 1.8367722623743237 14.069731592759579 993.98447762582396 1.9046345916249254 3.5574265682000741 244.49137000021108 19.910168681011896 1.9333557162801742 14.8046406645592 83.544701242231781 26.314934267637682 64.648564993176478 548.94313813231759 30.294110789426441 2.8866169905527377 23.968534625681972 1.9690595300426128 13.259956687395968 3.9912713546306113 134.64924501672795
leaf_count=14059 5956 16547 3510 463 38159 7080 407 268 90184 1422 158 2593 60384 428 557 12452 1303 382 897 4976 999 1015 29208 1397 435 674 221 1148 1956 1137
internal_value=0 0.0872342 0.0822904 0.102668 0.0644207 0.0915982 0.108975 0.0319832 0.0905992 0.0812355 0.0967346 0.092223 0.0801399 0.0857069 0.076937 0.0873736 0.0474017 0.0911802 0.0674582 0.0753427 0.0742449 0.084816 0.0886252 0.0689888 0.0404458 0.0524657 0.0694624 0.0915431 0.0216589 0.0808656
internal_weight=0 4782.18 2242.13 110.355 745.322 2540.05 101.315 9.03989 2395.57 2131.78 140.735 2053.07 1991.04 727.167 1263.88 269.892 23.4676 246.425 100.254 85.4493 105.033 78.7183 626.913 77.9698 34.4158 31.5291 25.9376 43.5541 22.8874 342.497
internal_count=300375 246201 126646 4648 54174 119555 3917 731 112475 121998 6114 94791 115884 40806 75078 14694 1860 12834 6301 5404 4607 3608 34505 5297 2752 2317 895 2545 16015 17684
is_linear=0
shrinkage=0.1


Tree=156
num_leaves=31
num_cat=0
split_feature=86 86 86 4 88 218 77 17 170 92 205 132 82 163 191 232 104 203 217 182 198 120 151 8 184 156 157 173 66 139
split_gain=29.4626 9.37842 7.49033 5.0507 6.45133 4.58841 4.37504 4.25432 4.21865 4.19464 6.615 4.04733 3.9759 6.22946 4.27538 4.74782 4.21514 3.99041 3.76878 3.56837 4.03671 4.574 3.36474 3.17424 3.14852 3.06908 4.35947 4.07992 4.17553 4.27189
threshold=-1.027777314186096 -0.76415729522705067 -1.1852712035179136 0.34848485887050634 0.85800006985664379 0.10424610227346422 0.25357143580913549 12.500000000000002 0.61243727803230297 0.9360472857952119 1.0000000180025095e-35 -0.013184531591832636 0.055867666378617294 0.68888208270072948 0.021107380278408531 -0.078383814543485628 -0.023309831507503983 -0.0063363469671457997 0.050383582711219795 0.037043619900941856 0.011855851393193008 -0.046785902231931679 -0.0017559806001372633 0.046711301431059844 -0.18701951205730435 0.25116822123527532 0.59474343061447155 0.064941428601741805 1.5886483788490298 0.049813266843557365
decision_type=2 2 2 10 2 2 2 2 2 2 2 2 2 2 2 2 2 2 2 2 2 2 2 8 2 2 2 2 2 2
left_child=2 3 11 4 7 8 -7 25 -4 24 -11 19 23 14 -14 -16 17 -17 -18 20 -1 -22 -5 -3 -9 26 -2 -27 -29 -30
right_child=1 12 5 22 -6 6 -8 9 -10 10 -12 -13 13 -15 15 16 18 -19 -20 -21 21 -23 -24 -25 -26 27 -28 28 29 -31
leaf_value=0.10349583076023477 0.082467673037512193 -0.0069611055569145514 0.076897070013994026 0.16096875432727564 -0.033810698870712239 0.051351303546164684 -0.10863146201067941 0.1344152044069494 -0.022321306974927738 0.097239246638340132 -0.06789848792458468 0.049248046947170721 0.11784733824183802 -0.06813249675356324 0.15520122381834986 0.066782667611755095 0.10265977019959352 -0.041124317298713207 0.016553795321136933 0.029277541014871761 -0.090607931075936843 0.065358659064961716 -0.027711833874206344 0.091106659397498471 0.096221704024112995 0.072270008186891069 0.097300481024407998 0.095414994221971139 0.079229163527632776 0.0077877996343457953
leaf_weight=42.210197524360751 988.78815476909267 3.3071771907744951 692.54970233248639 11.791436321213494 4.7260090438589932 52.804761742528967 1.7665558312414749 25.658811655566751 4.3120662458641155 6.6452816526134466 3.8201577537956837 237.36204769127608 134.64230064330928 2.0503003926154966 9.4143174654586783 11.943128332737617 47.185696139535594 4.8061302021942529 5.696872483992137 13.679667892396536 2.0840934579350714 19.231419364922544 1.0275002584271522 1648.9067945463676 135.90322008751673 566.89374777101239 247.80522898213167 210.49320389367222 317.05129001985824 8.5968502226405672
leaf_count=1918 96431 1564 45064 1269 177 3338 215 432 623 307 258 19644 3971 1716 253 354 1618 390 320 1362 297 1319 1322 75166 6536 14064 2952 4662 12567 519
internal_value=0 0.0872036 0.0686728 0.0832347 0.0829157 0.0740964 0.0461724 0.0831354 0.0762831 0.0983132 0.0369597 0.0557172 0.0925775 0.105345 0.107009 0.0885487 0.0795372 0.0358192 0.0933838 0.075606 0.0855824 0.0501093 0.145845 0.0909104 0.102287 0.0820194 0.0854401 0.0781845 0.0844383 0.0773432
internal_weight=0 4397.15 1066 2529.2 2516.38 751.433 54.5713 2511.66 696.862 172.027 10.4654 314.567 1867.95 215.739 213.688 79.0461 69.6318 16.7493 52.8826 77.2054 63.5257 21.3155 12.8189 1652.21 161.562 2339.63 1236.59 1103.04 536.141 325.648
internal_count=300628 226848 73780 141496 138905 49240 3553 138728 45687 7533 565 24540 85352 8622 6906 2935 2682 744 1938 4896 3534 1616 2591 76730 6968 131195 99383 31812 17748 13086
is_linear=0
shrinkage=0.1


Tree=157
num_leaves=31
num_cat=0
split_feature=86 86 4 70 156 157 156 138 68 216 184 116 205 133 159 119 194 118 17 216 196 214 138 164 127 146 231 148 159 101
split_gain=34.6142 14.3027 5.19388 21.8248 4.87908 5.30849 4.69297 3.98582 4.12414 5.11377 3.9745 4.15482 4.05057 3.95327 3.4557 4.87509 4.36522 3.78516 3.75135 4.66653 4.73681 4.74776 4.12418 3.88727 3.86148 3.64023 4.79487 5.3709 4.3375 6.72819
threshold=-1.0724866986274717 -0.67822298407554615 0.34848485887050634 2.5000000000000004 0.17512886226177218 0.47200755774974829 1.0000000180025095e-35 -0.006240834714844822 34.994052886962898 0.067589309066534056 0.079642344266176238 0.084802597761154189 -0.10459715500473975 -0.0091684083454310877 0.59397080540657055 0.08382617682218553 -0.038812343031167977 0.019196711480617527 9.5000000000000018 0.023714072071015838 0.031923184171319015 0.02351121045649052 -0.0012489450164139269 5.3589394092559823 -0.056458789855241769 0.0059630009345710286 -0.019527775235474106 0.015527478419244291 1.2653540968894961 0.019602472893893722
decision_type=2 2 10 2 2 2 2 2 2 2 2 2 2 2 2 2 2 2 2 2 2 2 2 2 2 2 2 2 2 2
left_child=4 2 3 -2 5 -1 -5 8 9 -8 -10 -12 -13 -4 15 -6 -17 25 19 20 21 -19 -21 -20 -23 26 -16 28 29 -28
right_child=1 -3 13 6 14 -7 7 -9 10 -11 11 12 -14 -15 17 16 -18 18 23 22 -22 24 -24 -25 -26 -27 27 -29 -30 -31
leaf_value=0.052807170674521779 -0.11702479054086819 0.096922363211524781 0.15037117249713616 -0.09265286523555534 0.066459743648098299 0.083903332035871692 0.070164245629670816 0.081592801408094523 0.092581426231914385 -0.053387904394096776 0.081732741030151421 0.1113272849013951 -0.059893223438756298 -0.014297553361403856 0.072950297576662146 -0.058434123917724207 0.16368244282680569 -0.025751680887012865 -0.033606049334654935 0.011962907421149849 0.058684172653786976 -0.17998511879941034 0.089683775759960255 0.05949830869965838 0.055642632709644139 0.077581301585155971 -0.05661353964696151 0.087055665131970522 0.042815983605228841 0.051742877587211904
leaf_weight=76.979303795123769 5.3923887709884175 1192.2522416736947 17.337263374324838 1.4980053762928935 123.18659342631327 191.38601855564389 57.647149127045623 2101.496000843038 1049.7520973584508 3.5566468668675943 343.97356371252999 2.1008608297488536 4.0360737829460041 1.5917787587048895 54.63359943456544 0.98698130409684282 8.546151759073835 20.5068253182435 12.737937687660635 8.6472318776186494 32.809353078114327 0.72639322339091705 32.443982033184511 6.9209155611824817 16.356735515195396 81.790877002123125 14.179499632019544 15.016083580816028 34.075072026007547 9.6170662369131588
leaf_count=25654 370 51656 1962 12704 7937 10790 3322 108131 48099 924 18121 58 434 1564 1291 142 236 766 545 409 907 27 801 157 512 2174 793 253 675 265
internal_value=0 0.0874331 0.0842803 0.0840032 0.0642127 0.0749835 0.0843074 0.0843818 0.0883933 0.0629844 0.0895042 0.0802777 -0.0012792 0.136524 0.058104 0.0717914 0.140686 0.0527683 0.0394478 0.0465496 0.0309193 0.00668547 0.0733282 -0.000828583 0.0456235 0.0611146 0.0505531 0.033765 0.0199376 -0.0128227
internal_weight=0 4780.63 3588.38 3569.45 741.547 268.365 3564.06 3562.56 1461.07 61.2038 1399.86 350.11 6.13693 18.929 473.181 132.72 9.53313 340.462 131.149 111.491 70.3993 37.59 41.0912 19.6589 17.0831 209.312 127.521 72.8877 57.8716 23.7966
internal_count=301679 247345 195689 192163 54334 36444 191793 179089 70958 4246 66712 18613 492 3526 17890 8315 378 9575 4124 3422 2212 1305 1210 702 539 5451 3277 1986 1733 1058
is_linear=0
shrinkage=0.1


Tree=158
num_leaves=31
num_cat=0
split_feature=86 86 83 79 1 177 204 86 156 170 168 129 8 174 4 194 66 116 98 232 114 146 4 15 131 204 8 94 5 210
split_gain=30.9558 12.2747 6.72076 5.53735 4.0329 4.39495 4.30339 3.82571 3.91215 5.34041 4.10077 3.50915 4.62749 4.64676 3.70109 3.39989 4.40867 4.00335 3.98312 5.82583 4.66312 4.20866 4.69437 3.6178 3.45369 3.37914 4.25457 3.34033 3.32905 3.31797
threshold=-1.0724866986274717 -0.76415729522705067 12.500000000000002 0.020620748400688175 0.13161150366067889 0.0896420292556286 -0.13587639480829236 -1.3520495295524595 0.17512886226177218 0.52412542700767528 3.0961004495620732 -0.023156143724918362 0.20789529383182528 0.013709891121834518 0.13693182170391086 -0.10343140363693236 9.7978043556213397 -0.0014269204111769793 -0.076276078820228563 0.074716690927743926 -0.038640724495053284 -0.022354170680046078 0.14421338587999347 1.0000000180025095e-35 -0.050201410427689545 -0.0077261163387447587 0.16855111718177798 -0.16536332666873929 0.16568627953529361 -0.032020904123783105
decision_type=2 2 2 2 10 2 2 2 2 2 2 2 8 2 10 2 2 2 2 2 2 2 10 2 2 2 10 2 10 2
left_child=3 2 15 11 6 -6 -4 -5 9 -9 -11 12 -1 28 25 16 17 24 19 -19 -21 22 -20 -23 27 26 -13 -2 -14 -28
right_child=1 -3 4 7 5 -7 -8 8 -10 10 -12 14 13 -15 -16 -17 -18 18 21 20 -22 23 -24 -25 -26 -27 29 -29 -30 -31
leaf_value=0.061156627330838556 0.34403693664290835 0.092893688118732207 0.022298873892967825 0.036067022710587621 -0.11296994216389805 0.12695166712276104 0.10507349054204623 0.091565720903082029 0.064882062982663399 -0.036587938900477943 0.062957921474726786 0.0078557721800491514 -0.045623224521975488 0.04341020495226456 -0.024266489647956298 0.079702456872455876 -0.052588488094549496 0.12074120660049846 0.10912033361995735 0.15386959455247573 -0.16335295807976624 0.064596597487795032 -0.056717245401036988 -0.087264401809877226 0.10229079394050961 0.076418664795722374 0.018737327880224534 0.039733874241480976 0.087661762882279365 0.093380753395717706
leaf_weight=27.408357167311465 0.37158815693328406 1855.8585093616343 6.5013673036744413 31.988512009868487 1.8161409653019966 1.3173139777318281 185.15042198817935 155.69216091331532 326.34472698923219 4.5664333921652078 44.135862372498764 20.510080316018161 15.611205779968033 17.116857298241484 5.0680023052034349 2302.8007681267773 2.1692462002933999 31.852038219925049 35.687025857332742 0.70938710109430791 1.3363062200360207 108.89107129270496 1.7926541146134685 1.591674794565505 212.51907455585317 73.249484848225734 8.9510583150527072 12.339720246194473 2.1295813553467715 17.792159945529534
leaf_count=3317 43 85397 707 3347 457 73 7194 15105 12065 2227 6413 2297 1229 1100 1469 130162 2226 1551 1856 19 247 7915 318 248 7883 4262 518 696 86 830
internal_value=0 0.0865401 0.0824837 0.0646899 0.100426 -0.0121062 0.102266 0.0696524 0.0716767 0.0825252 0.0536243 0.0498232 0.030413 0.00623954 0.059448 0.0811951 0.0895938 0.0903514 0.0793154 0.110235 -0.0533494 0.0722319 0.101188 0.0624088 0.0992623 0.0629688 0.0421195 0.0486295 -0.0296239 0.0683973
internal_weight=0 4762.7 2906.85 750.564 194.785 3.13345 191.652 562.728 530.739 204.394 48.7023 187.837 62.266 34.8576 125.571 2712.06 409.26 407.091 181.86 33.8977 2.04569 147.962 37.4797 110.483 225.23 120.503 47.2533 12.7113 17.7408 26.7432
internal_count=301257 246992 161595 54265 8431 530 7901 39157 35810 23745 8640 15108 5732 2415 9376 153164 23002 20776 12154 1817 266 10337 2174 8163 8622 7907 3645 739 1315 1348
is_linear=0
shrinkage=0.1


Tree=159
num_leaves=31
num_cat=0
split_feature=86 86 86 70 17 206 149 88 222 159 140 67 114 217 17 229 187 170 115 75 0 132 122 130 13 104 118 201 192 203
split_gain=31.9991 12.0663 6.71212 5.16452 4.38367 3.37701 5.05619 4.16764 4.08994 3.37386 3.30927 3.3079 3.52385 5.43225 3.20626 4.46004 3.26646 3.1026 3.16014 3.36896 2.98051 2.89432 2.90146 2.82949 4.82172 2.96837 2.87018 5.31075 2.82669 2.81057
threshold=-0.93589836359024037 -1.1852712035179136 -0.66562828421592701 2.5000000000000004 10.500000000000002 -0.077804163098335252 -0.024188017472624775 0.74494466185569774 0.067645326256752028 1.0279383063316347 0.043905030936002738 2.4631791114807133 0.066317602992057814 -0.0027725744294002648 8.5000000000000018 0.12630632519721988 -0.19459274411201474 0.61243727803230297 0.0064834814984351405 0.034935163334012038 0.078461539000272765 0.043813161551952369 0.073912288993597045 -0.039589878171682351 0.062617629766464247 0.12792598456144336 0.070579815655946745 -0.043700834736227982 0.14508581161499026 -0.11477138847112654
decision_type=2 2 2 2 2 2 2 2 2 2 2 2 2 2 2 2 2 2 2 2 8 2 2 2 8 2 2 2 2 2
left_child=1 5 3 -2 -3 6 9 8 -8 -1 -7 -4 23 -14 17 16 -16 28 19 -19 -6 22 -9 24 -13 26 -25 -28 -5 -18
right_child=2 4 11 14 20 10 7 21 -10 -11 -12 12 13 -15 15 -17 29 18 -20 -21 -22 -23 -24 25 -26 -27 27 -29 -30 -31
leaf_value=0.13621415473708839 -0.02744014574651121 0.075420856961395236 0.092865894095524273 0.084750661280144898 -0.0976047078902363 0.046887194647302878 -0.077525063125202631 0.07684369695942915 0.10891360154104329 0.042464281464739267 0.11023055170889325 0.10820281859895112 -0.13066319366739101 0.092403589810618164 0.011006198683314346 0.014662229422510734 0.11696790788920251 0.046711144937031712 0.085359546556878996 -0.072746402681619859 0.09452431931344403 -0.039621755168409122 -0.012751355818085466 0.11168554794361674 0.0051574669331552331 -0.059559516510484502 -0.090119606071781377 0.092862708815185047 0.096491434765130391 0.093699868704594513
leaf_weight=16.537649724152292 3.9365035846776655 1332.1645040195997 764.94189500605876 1956.0594504418591 0.81183902652867246 218.98443149777222 4.0320664608984762 54.249781477803253 1.6615060452086252 4.9990955953794574 8.5704373410292174 12.120524573677359 1.5896959684089322 3.4850807744651311 4.4854749056232768 6.8550014328420721 59.783002975835188 8.0271350839893802 11.8588045147535 3.3444987341263177 148.67022474171301 2.4713739285648435 3.8725170177708597 270.61005779167999 7.2614040937705786 1.0396978319090511 1.9636299191424758 8.2503704953824109 229.07698138898058 394.34210281358378
leaf_count=632 196 85749 30894 101115 1348 18363 581 3373 107 190 319 939 243 228 755 614 2017 522 738 388 6422 478 566 13218 460 175 250 439 12244 17710
internal_value=0 0.0734624 0.0896926 0.0870163 0.0772429 0.0557015 0.0723581 0.0586814 -0.0231183 0.114453 0.0492729 0.0963823 0.105164 0.0225269 0.0871848 0.0947275 0.0959242 0.085595 0.0492422 0.0115776 0.0934809 0.0663676 0.0708742 0.106556 0.0695971 0.109097 0.109721 0.0576846 0.0859815 0.096763
internal_weight=0 1797.03 3749.03 2677.77 1481.65 315.379 87.824 66.2872 5.69357 21.5367 227.555 1071.26 306.32 5.07478 2673.83 465.466 458.611 2208.37 23.2304 11.3716 149.482 60.5937 58.1223 301.246 19.3819 281.864 280.824 10.214 2185.14 454.125
internal_count=301273 118128 183145 136299 93519 24609 5927 5105 688 822 18682 46846 15952 471 136103 21096 20482 115007 1648 910 7770 4417 3939 15481 1399 14082 13907 689 113359 19727
is_linear=0
shrinkage=0.1


Tree=160
num_leaves=31
num_cat=0
split_feature=88 74 171 88 103 149 171 157 137 194 214 100 219 215 74 65 53 130 196 233 201 157 210 0 95 4 116 194 141 216
split_gain=14.2039 5.99847 5.91441 5.3967 4.80226 4.29775 4.20837 3.78357 3.71671 3.65883 6.24237 4.82795 4.2374 3.62072 3.55854 3.51125 4.85323 3.62952 3.50298 3.9077 4.71824 4.43641 3.90063 3.6046 5.98307 3.40915 3.57426 6.07869 4.43809 4.21174
threshold=0.70700979232788097 0.1912404075264931 0.013746987096965315 0.81457769870758068 0.034692607820034034 -0.029564431868493554 0.62772908806800853 0.33286879956722265 0.039300991222262389 -0.044940056279301636 0.020656355656683448 -0.0030272760195657607 -0.05891782417893409 0.039969621226191528 0.017392619512975219 112.50000000000001 1.5000000000000002 0.0044893545564264068 -0.047553118318319314 0.076845634728670134 -0.077195715159177766 0.50052592158317577 -0.12628609687089917 0.21318880468606952 -0.15239047259092328 0.34848485887050634 -0.0014269204111769793 -0.13155984133481977 -0.054258080199360841 0.11841206252574922
decision_type=2 2 2 2 2 2 2 2 2 2 2 2 2 2 2 2 2 2 2 2 2 2 2 8 2 10 2 2 2 2
left_child=1 4 3 7 -1 6 -4 -2 -9 -10 12 13 -11 -12 -6 -3 17 -17 19 20 -16 -22 23 24 -23 26 -7 -28 -29 -30
right_child=2 15 5 -5 14 25 -8 8 9 10 11 -13 -14 -15 18 16 -18 -19 -20 -21 21 22 -24 -25 -26 -27 27 28 29 -31
leaf_value=0.096176117336515751 -0.011449992483733211 0.080575755035570087 0.10116403701980681 0.064832311071753024 0.095558484952471184 0.077396367352902826 -0.011418915996252488 0.085158393156410578 0.086377619229976693 -0.0055254549447909104 0.094648574273201891 -0.056923271297365033 0.079947689238216199 -0.048084866970539979 0.11806812048888488 0.087721528235858881 -0.071801742680604852 -0.07156264022355463 0.077918456168157943 0.12217410752059049 0.032686688926729934 1.0415495412754527 0.087552783069538523 -0.081329554229963602 -0.062046940871927386 0.13513526630464953 0.002320670468303592 -0.0076464502504872108 0.068792408212134962 0.0022356491528307148
leaf_weight=1174.5403041484155 4.1598949137053287 415.47091857354826 68.052904750777316 162.21336017691306 323.0284207849104 310.28262748200598 3.4905301796215999 1818.2509777403279 54.862578042693031 6.6658337148946876 5.8474416281455905 8.1031751812092789 44.662156901604021 2.5532409484176242 39.917616353271455 9.3010878214536188 3.5126880947409509 1.6905687685148212 474.25043314148468 37.933663254611929 17.860055535568563 0.078804989199852571 144.29497806277732 2.1344165517366491 0.13043510074567111 7.9467414849518709 15.774425623513137 8.1013773140050471 381.03093150723623 9.751061224483804
leaf_count=54443 4478 23352 4312 12243 16595 18486 241 94293 2598 665 538 1092 2278 212 1691 414 209 141 25873 1401 4328 4 4239 155 88 707 2561 793 21569 1372
internal_value=0 0.0896957 0.0795715 0.0823561 0.0917946 0.0722769 0.0956712 0.0838175 0.0840217 0.067176 0.0516457 -0.00185287 0.0688475 0.0512672 0.0868445 0.0788873 0.0305224 0.0632229 0.0829165 0.092697 0.0872269 0.0797429 0.0854742 -0.0424998 0.353595 0.0699932 0.0692791 0.0632051 0.0656129 0.0671316
internal_weight=0 2644.14 2911.75 2107.32 2214.17 804.431 71.5434 1945.11 1940.95 122.694 67.8318 16.5039 51.328 8.40068 1039.63 429.975 14.5043 10.9917 716.6 242.35 204.416 164.499 146.639 2.34366 0.20924 732.887 724.94 414.658 398.883 390.782
internal_count=301371 132933 168438 118397 108817 50041 4553 106154 101676 7383 4785 1842 2943 750 54374 24116 764 555 37779 11906 10505 8814 4486 247 92 45488 44781 26295 23734 22941
is_linear=0
shrinkage=0.1


Tree=161
num_leaves=31
num_cat=1
split_feature=86 86 86 17 160 167 122 5 224 159 195 156 0 88 12 7 181 130 172 105 202 124 17 174 226 235 4 121 159 168
split_gain=32.992 10.4371 4.3113 4.25406 3.87896 5.20422 4.4018 4.6236 3.56401 3.35923 3.34579 3.89562 4.06817 6.06615 4.21234 4.87804 3.44605 3.92139 3.52767 3.33082 3.29083 5.70066 3.6289 3.89452 4.26155 3.55308 4.25302 3.37483 3.24034 3.57021
threshold=-1.0724866986274717 -0.67822298407554615 -1.1852712035179136 8.5000000000000018 1.0000000000000002 2.5000000000000004 0.045116189867258079 0.11482182890176774 -0.082292102277278886 0.32941353321075445 -0.089377652853727327 0.57259953022003185 0.26338410377502447 0.67242872714996349 182.50000000000003 0.17988764494657519 -0.011215924751013516 -0.017900539562106129 -0.037200786173343652 0.15732721239328387 0.040433792397379882 0.0041005101520568141 7.5000000000000009 0.1017146483063698 0.060364309698343284 0 0.074304118752479567 0.042701594531536109 1.6631780266761782 4.0550286769866952
decision_type=2 2 2 2 2 2 2 8 2 2 2 2 8 2 8 10 2 2 2 2 2 2 2 2 2 1 8 2 2 2
left_child=2 3 4 10 6 8 20 -8 -6 -3 -2 -12 16 -14 15 -15 17 -13 -19 -4 22 -22 23 -1 -25 26 -24 -28 29 -9
right_child=1 9 19 -5 5 -7 7 28 -10 -11 11 12 13 14 -16 -17 -18 18 -20 -21 21 -23 25 24 -26 -27 27 -29 -30 -31
leaf_value=0.079220028664192282 0.090013575580725966 0.088317302725569938 0.073161375448715649 0.09212966239366116 -0.019482943812239938 -0.034904222240273432 0.062002765430598045 0.011098357803855412 0.052847578201129265 0.099552564365405258 0.082259061633649669 0.010832647972134811 -0.06841757975158945 -0.16195631664393531 0.065902607450678316 0.085371539980012304 0.10111647210013036 0.026424534772799314 0.11944624079189868 0.03297411038651768 -0.019460617557236409 0.070301154209592112 -0.12367966842693641 -0.012453286513394488 0.08599761384861751 0.11302877322180756 -0.11435560741718849 0.1105862108127222 0.072376585742873686 -0.091568899124394088
leaf_weight=56.411974144451506 564.62173281332707 413.25712077018125 408.09475748551642 628.86737010958905 7.5192286382373359 8.8169464498815824 41.665856391792886 15.481596157223754 72.462269297178295 747.42084894133995 2332.7449743791312 12.749731071793578 5.0251944489064071 1.8519697540468798 23.700241240992909 1.4004755393689263 29.27460158485701 6.5928278640694797 10.682551160963156 21.72185651072823 9.8674834377612779 25.003426673506283 1.3671390303616133 11.17904616560236 7.2469409174982493 39.633703001354888 0.79142522606707633 4.2416239338344894 6.025965528924643 4.3356930266818372
leaf_count=3399 30298 14622 27818 29639 799 2582 3187 1720 6055 37020 133512 325 186 156 302 50 431 206 126 1729 1512 1595 140 1156 309 1570 93 136 172 135
internal_value=0 0.0873013 0.0646349 0.0846539 0.0556881 0.0380098 0.0627196 0.0413921 0.0460476 0.0955523 0.0830809 0.0814661 0.0611999 0.0324511 0.0512576 -0.055459 0.0767029 0.0528996 0.0839462 0.0711304 0.0719644 0.0449011 0.079772 0.0661825 0.0262675 0.101865 0.0327293 0.0752151 0.00816246 -0.0113635
internal_weight=0 4778.19 741.867 3617.51 312.05 88.7984 223.252 67.5091 79.9815 1160.68 2988.64 2424.02 91.2776 31.9779 26.9527 3.25245 59.2997 30.0251 17.2754 429.817 155.743 34.8709 120.872 74.838 18.426 46.0339 6.40019 5.03305 25.8433 19.8173
internal_count=300980 246873 54107 195231 24560 9436 15124 5214 6854 51642 165592 135294 1782 694 508 206 1088 657 332 29547 9910 3107 6803 4864 1465 1939 369 229 2027 1855
cat_boundaries=0 1
cat_threshold=2
is_linear=0
shrinkage=0.1


Tree=162
num_leaves=31
num_cat=0
split_feature=63 88 66 82 160 79 156 157 228 180 182 149 179 100 80 155 228 206 203 69 175 157 95 137 170 136 179 217 129 231
split_gain=13.7638 10.7579 7.86019 5.28249 4.96066 5.79715 5.99043 5.77022 5.35168 4.59979 4.46953 5.24885 4.35355 4.20776 4.46715 4.15387 4.11146 4.08219 5.66145 4.07431 3.94317 4.39891 5.62668 6.94693 4.35569 4.11529 4.0856 4.07476 3.90201 3.87054
threshold=-0.17315388470888135 0.81457769870758068 2.3613038063049321 0.055867666378617294 2.0000000000000004 0.30707196891307836 0.29198718070983892 0.56920528411865245 -0.07171206176280974 -0.032794086262583726 -0.30503374338150019 0.020058246329426769 0.039815116673707969 0.13934339582920077 1.0000000180025095e-35 -0.0017879854422062633 -0.0074492851272225371 -0.083594068884849534 0.12576321512460711 135.78605651855472 0.60585469007492077 0.47561772167682653 -0.20160484313964841 -0.056832728907465928 0.47213083505630499 0.018024611286818985 -0.073082413524389253 -0.0229397639632225 -0.022308557294309136 0.025316450744867328
decision_type=2 2 2 2 2 2 2 2 2 2 2 2 2 2 2 2 2 2 2 2 2 2 2 2 2 2 2 2 2 2
left_child=2 3 10 4 5 6 20 15 28 12 11 -1 13 14 -10 16 -8 -3 -19 -12 21 22 23 -2 29 -24 -25 -27 -6 -23
right_child=1 17 -4 -5 8 -7 7 -9 9 -11 19 -13 -14 -15 -16 -17 -18 18 -20 -21 -22 24 25 26 -26 27 -28 -29 -30 -31
leaf_value=0.051026771214553214 0.64912755031550362 0.081651254590953792 0.098276844413915182 0.093689165589626019 0.065060582212860346 0.088479899657609898 0.025085236881707121 0.074072651802044351 -0.046158682356107802 0.083479126768259915 0.085683416655518624 -0.1366397961565807 0.085879940823498827 0.10978020081857301 0.043105288068855073 0.0092425158714977921 0.092467024616350021 0.055417162993993775 -0.023766869724979014 -0.050038624442961421 0.12834784085655623 0.10412929816453993 0.052162201092329954 0.00650326475906774 0.081081145931761259 0.10324191751991707 0.14827795717142361 0.058177581143511507 -0.016027998869593326 0.07956610040435258
leaf_weight=10.148951902586758 0.25412010272611851 57.679537448049132 880.08515442874091 359.75488338066543 11.440774615186685 975.04705683953398 16.202150587667347 556.95843432955826 6.1789141495793833 157.47811773029258 720.57472543196786 1.7468831138685335 35.18159925750399 8.4392156688995765 60.499392352073642 23.987587282636923 20.529503089457648 143.86543652647583 9.6339131878639801 2.2186465859995215 18.64586028376857 179.09070142141081 114.58552585978381 2.5111758434128424 927.58330490813 41.924057639695377 10.666228304069106 38.482577057246317 12.329647728555299 99.954846521086438
leaf_count=582 62 3472 51978 16997 737 46786 1237 9821 861 9776 28118 118 2024 423 4520 2179 1462 11263 1277 275 1636 3436 30594 867 44873 7602 3896 11099 1451 1850
internal_value=0 0.0809192 0.0919023 0.0821795 0.0809316 0.0821317 0.0791143 0.0708814 0.0684737 0.0725104 0.0842662 0.0234683 0.0568498 0.0432535 0.0348334 0.0416086 0.0627453 0.0589702 0.0504474 0.0852668 0.0826613 0.0820593 0.068644 0.131247 0.0843765 0.0643317 0.12126 0.0816741 0.0230002 0.0953307
internal_weight=0 3888.9 1614.77 3677.73 3317.97 3026.42 2051.38 617.678 291.548 267.777 734.689 11.8958 110.299 75.1175 66.6783 60.7192 36.7317 211.179 153.499 722.793 1433.7 1415.05 208.424 13.4315 1206.63 194.992 13.1774 80.4066 23.7704 279.046
internal_count=301272 220201 81071 204189 187192 167400 120614 14699 19792 17604 29093 700 7828 5804 5381 4878 2699 16012 12540 28393 105915 104279 54120 4825 50159 49295 4763 18701 2188 5286
is_linear=0
shrinkage=0.1


Tree=163
num_leaves=31
num_cat=0
split_feature=86 86 86 132 189 129 176 17 117 161 219 230 202 157 195 153 138 82 7 71 230 229 126 226 144 65 209 128 191 81
split_gain=32.813 10.436 5.78976 4.75879 3.63566 3.53795 3.79097 3.32226 3.30966 5.99462 3.61034 4.60677 4.8535 3.30892 3.18035 3.62619 4.42056 4.17653 3.98685 3.74006 6.15608 3.67617 3.94283 3.5944 3.60441 3.59078 3.3925 3.34786 5.09018 3.99963
threshold=-1.0724866986274717 -0.81387522816658009 -1.1852712035179136 -0.0019164197728969155 -0.20470548421144483 0.0010348954237997534 -0.22100203484296796 6.5000000000000009 -0.011454444844275711 2.6733570098876958 -0.05891782417893409 0.047112446278333671 -0.093789957463741289 0.44563925266265875 -0.11039849370718001 -0.00064883200684562315 -0.0077018262818455687 0.017700501717627052 0.17731726914644244 0.19560018926858905 0.072856105864048018 0.055422196164727218 -0.02842130325734615 -0.10184927284717558 0.022202854044735435 111.50000000000001 -0.065433777868747697 -0.038040051236748688 0.062063403427600868 0.19292803853750232
decision_type=2 2 2 2 2 2 2 2 2 2 2 2 2 2 2 2 2 2 10 2 2 2 2 2 2 2 2 2 2 2
left_child=2 7 3 4 -1 6 -3 14 10 -10 11 12 -9 -7 27 16 17 18 25 23 -21 -18 -23 24 -17 -16 -24 28 29 -2
right_child=1 5 -4 -5 -6 13 -8 8 9 -11 -12 -13 -14 -15 15 19 21 -19 -20 20 -22 22 26 -25 -26 -27 -28 -29 -30 -31
leaf_value=0.15152744672528598 0.088234907220930886 0.11372586828086313 0.072324064111738917 0.045154585387393809 0.067095468049454585 0.052097696682585917 0.093821379692574716 -0.064086598980371431 -0.034478083894147908 0.096996841647006657 0.085337361765733644 -0.01788623642813637 0.08440314336501889 0.088428256069077005 0.10013907921641443 0.056298570710850572 0.08253191246322511 0.11715799755583788 0.059463973214647428 0.1134904189724701 -0.034202907205384318 -0.01361116258928345 -0.0026339027656208879 0.075196826726890861 -0.034297649728079457 0.028011059692173702 0.074967388172884189 0.09645582662187123 -0.028282917320750639 -0.046101814204737579
leaf_weight=5.3707360574962868 30.839922004538607 102.94216383314415 428.66448954981752 198.59315501660615 101.1698320471022 25.736910191399943 1357.4816085304469 2.4362786829992755 3.5040942111193649 336.44982174309177 177.39327167055336 7.7910623764294078 22.813783868686869 966.3794467461754 119.92171475530824 43.173904511388969 312.14601374893925 65.891057600129216 39.06127217650203 41.380205832219417 3.0287291674544567 7.3042289345939926 6.4630100532338011 845.60373116057087 4.8887867012590496 7.323591549764159 43.895133969734502 202.77437439703556 5.1478648000602325 2.387915486224073
leaf_count=261 1467 5788 29665 17057 7079 12247 62151 278 270 16848 8920 532 1469 34905 6003 2688 17658 3154 2369 1757 232 598 586 50999 651 502 2602 11468 708 207
internal_value=0 0.08754 0.0648298 0.0543016 0.0713517 0.0920939 0.0952244 0.0827499 0.0895406 0.0956417 0.0796844 0.0493346 0.070076 0.0874858 0.0806516 0.0789796 0.0850368 0.0958511 0.0874092 0.0750924 0.103418 0.0782467 0.0550491 0.0736848 0.0470834 0.0959878 0.065008 0.09133 0.0642457 0.0785808
internal_weight=0 4784.16 733.798 305.134 106.541 2452.54 1460.42 2331.62 550.388 339.954 210.434 33.0411 25.2501 992.116 1781.23 1540.08 602.006 232.198 166.307 938.075 44.4089 369.808 57.6624 893.666 48.0627 127.245 50.3581 241.15 38.3757 33.2278
internal_count=301119 247057 54062 24397 7340 115091 67939 131966 28317 17118 11199 2279 1747 47152 103649 89799 33472 12028 8874 56327 1989 21444 3786 54338 3339 6505 3188 13850 2382 1674
is_linear=0
shrinkage=0.1


Tree=164
num_leaves=31
num_cat=0
split_feature=93 103 63 184 171 129 154 88 201 233 144 137 199 153 179 77 11 177 106 214 173 126 42 157 11 154 177 114 101 95
split_gain=13.6535 10.6271 7.49118 5.2396 5.08655 4.42077 4.41332 4.37477 4.20993 4.40568 5.01707 4.39097 4.04436 5.32863 3.95703 3.93969 3.92292 3.87876 3.85309 4.76133 3.90459 5.0995 3.80553 3.73188 4.68492 4.18015 4.0171 5.5675 4.18786 4.64529
threshold=0.16818635910749438 0.13652691245079043 0.33526432514190679 0.085239015519619002 -0.028797738254070279 0.0094298603944480437 -0.046362698078155511 0.69883292913436901 0.091382388025522246 -0.060101656243205064 -0.0055735453497618428 -0.070886764675378786 0.20268961042165759 -0.029532106593251225 0.065625682473182692 0.021054964512586597 0.021912938915193084 1.0000000180025095e-35 -0.014273909851908682 0.13300479203462603 -1.0000000180025095e-35 0.016796953044831756 1.0000000180025095e-35 0.50052592158317577 0.054963937029242523 0.024623032659292225 0.022130140103399757 0.026838583871722225 -0.10842555016279219 -0.010162638965994118
decision_type=2 2 2 2 2 2 2 2 2 2 2 2 2 2 2 2 8 2 2 2 2 2 2 2 10 2 2 2 2 2
left_child=1 2 3 5 -2 7 14 -1 11 10 -10 -9 23 -14 -6 -16 17 -3 19 20 -5 -22 -11 24 -7 -26 28 -28 29 -25
right_child=4 16 -4 18 6 12 -8 8 9 22 -12 -13 13 -15 15 -17 -18 -19 -20 -21 21 -23 -24 26 25 -27 27 -29 -30 -31
leaf_value=0.098327495744802318 0.083534475560863353 0.10991751634685505 0.075482181177651264 0.055052776535989251 0.056504433926995307 0.053268216800089065 0.072435906475898024 0.011213158190354483 0.083712684322141614 0.087568276093280162 -0.073899471803311564 0.09247863174721016 -0.14976502927291943 0.05861994092478532 0.042743372163855799 -0.079230455347027245 0.06610943061841143 0.072106779083456793 0.086448824232562893 -0.014332932347412425 0.070295038287007769 0.12102998493849303 0.04586170219560063 0.01980610004620792 0.11606806744936959 0.024350737543214762 0.08670170463511799 0.047769790884249243 0.099772048505475316 0.084900944129059686
leaf_weight=1164.6475714637222 406.4238783239332 46.717481602516386 397.58331982748041 72.749124036615285 75.987087922639375 65.438341707591917 640.98912180729872 6.7076717496423717 3.8278034380018653 85.144014586062042 4.275421833335427 758.47581754604357 1.2812221966851236 29.05379196481465 6.3764941642984905 4.5288104849589672 312.93659405712879 64.71160657503367 494.84827640010985 6.5822432614263553 63.981052964675882 28.697214848692511 29.443465267589204 12.220725638359452 27.23747376957499 6.0781370264038506 166.90998867570124 47.097147167594812 371.95241044970271 106.49898645269695
leaf_count=50242 38139 6308 22374 7708 3846 16827 28774 643 501 4225 694 37928 63 1384 502 476 17148 5244 25893 962 5544 1760 2122 491 2268 1515 4569 1779 8990 2314
internal_value=0 0.0868844 0.0884997 0.0899563 0.0745728 0.0918022 0.069569 0.0942965 0.0890089 0.0718125 0.000553395 0.0917663 0.0856617 0.0498186 0.0484201 -0.00791054 0.0718467 0.0879592 0.0819673 0.0690745 0.0723932 0.0860048 0.0768517 0.087015 0.0688093 0.0993351 0.0895664 0.0781338 0.0945527 0.0782002
internal_weight=0 4375.1 3950.73 3553.15 1134.31 2886.29 727.882 2052.52 887.874 122.691 8.10323 765.183 833.768 30.335 86.8924 10.9053 424.366 111.429 666.858 172.01 165.427 92.6783 114.587 803.433 98.754 33.3156 704.679 214.007 490.672 118.72
internal_count=301233 229496 200796 178422 71737 136555 33598 96355 46113 7542 1195 38571 40200 1447 4824 978 28700 11552 41867 15974 15012 7304 6347 38753 20610 3783 18143 6348 11795 2805
is_linear=0
shrinkage=0.1


Tree=165
num_leaves=31
num_cat=0
split_feature=93 81 88 171 74 172 101 2 157 146 132 116 157 175 77 163 103 233 202 212 90 2 164 156 184 157 210 96 5 233
split_gain=15.7682 8.50175 5.48393 5.41932 4.84268 4.45143 5.50361 4.48966 4.25589 5.77237 4.55701 4.79463 4.21698 4.94012 4.29703 4.84375 4.2035 6.75803 5.296 4.15491 4.39356 4.24172 6.11638 4.1121 4.43674 3.96493 4.67641 3.93873 3.92684 4.51896
threshold=0.067382778972387328 0.30283094942569738 0.70700979232788097 -0.13817159831523892 0.35574388504028326 -0.15253804624080655 -0.15936115384101865 0.024845679290592674 0.63708066940307628 -0.044838115572929375 -0.017946330830454823 0.084802597761154189 0.57481110095977794 -0.014289495069533585 0.027973395772278312 0.49387101829051977 0.068529814481735243 0.0047523281536996373 0.03328268229961396 -0.015723259188234803 1.5524578690528872 0.042239073663949973 5.4888010025024423 0.16749174892902377 0.095824513584375395 0.60268843173980724 -0.024647175334393975 -0.10972934588789938 0.097913432866334929 -0.018606139346957203
decision_type=2 2 2 2 2 2 2 8 2 2 2 2 2 2 2 2 2 2 2 2 2 8 2 2 2 2 2 2 8 2
left_child=1 2 5 16 12 6 7 -1 9 -8 11 25 13 14 -5 -16 -2 -18 -19 -14 21 22 -21 27 -25 -11 -27 -15 29 -22
right_child=3 -3 -4 4 -6 -7 8 -9 -10 10 -12 -13 19 23 15 -17 17 18 -20 20 28 -23 -24 24 -26 26 -28 -29 -30 -31
leaf_value=-0.054544924079446368 0.092746467196557186 0.068258703661561407 0.084445113407056266 0.047187038290096878 0.065783995188454361 0.095142401100562352 0.0054010953038634802 0.059595618466214022 0.099811807984943032 0.078578511476082691 0.093233362049893742 -0.10166820211020103 0.092795353665296051 0.13071671830200979 0.07458095792346349 -0.019093803396133702 0.091802323537183372 0.054844064628861079 -0.041257808416808962 -0.051547131154331065 0.095408085837204185 0.063594521633284759 0.13158213679098918 0.073902065943955889 -0.0011063064253654749 0.068762725514542378 -0.046923529398326717 0.085778719898369424 0.090109607156758378 0.049382449787594269
leaf_weight=3.7710224814129552 314.06126424496051 204.80664516949901 1378.888867646388 107.59134878122211 479.66507593709866 1529.8223232079683 10.501949009120606 40.000934874503173 153.565266733116 47.417560013375464 118.43514657792468 1.7825328740702833 268.47467281468744 24.120880871040072 195.76785838269768 5.6801330419049227 59.651242521177096 38.838581922404046 6.7276575229890332 7.9243779689650164 31.956070362239188 35.132558820405393 2.369044520004536 59.196397344501747 9.0977186291020171 8.020421999601238 6.1917311357428835 101.90519417886287 165.01633773275717 64.167828503217606
leaf_count=508 22815 14524 73165 12268 28050 76767 1001 1239 1213 4177 7031 216 4378 2398 13110 4090 4323 2849 1308 557 921 715 108 4437 1135 200 324 12481 2820 1660
internal_value=0 0.0880284 0.089256 0.0768591 0.0741433 0.0927119 0.0831704 0.0497622 0.0873979 0.077487 0.0816501 0.0600159 0.0778615 0.0711777 0.0633221 0.0719397 0.086951 0.0696521 0.040655 0.0837121 0.0757574 0.0470542 -0.00939969 0.083671 0.0639099 0.0646923 0.0183623 0.0943797 0.0807504 0.0646835
internal_weight=0 3503.2 3298.4 1977.34 1558.07 1919.51 389.687 43.772 345.915 192.349 181.847 63.4122 1078.4 503.36 309.039 201.448 419.279 105.217 45.5662 575.041 306.566 45.426 10.2934 194.32 68.2941 61.6297 14.2122 126.026 261.14 96.1239
internal_count=300788 180365 165841 120423 89128 92676 15909 1747 14162 12949 11948 4917 61078 49919 29468 17200 31295 8480 4157 11159 6781 1380 665 20451 5572 4701 524 14879 5401 2581
is_linear=0
shrinkage=0.1


Tree=166
num_leaves=31
num_cat=0
split_feature=93 103 63 152 223 88 156 171 157 170 213 120 151 124 170 0 95 69 25 79 2 170 157 93 229 104 182 160 110 161
split_gain=16.9896 11.1223 6.13923 4.86427 5.20739 4.7134 4.43931 4.18481 4.61615 4.93539 4.72609 6.03098 5.16208 4.46961 4.3164 4.60682 4.88164 5.99804 4.166 4.11446 4.09859 4.76236 4.06778 5.05349 4.03444 4.02593 3.96472 3.91685 4.26405 3.87695
threshold=0.16818635910749438 0.1021050587296486 -0.17315388470888135 0.054418703541159637 -0.036944035440683358 0.69658255577087413 0.072595518082380309 0.06923586875200273 0.63708066940307628 0.46522785723209387 -0.04962887987494468 -0.046785902231931679 -0.027696694247424599 -0.041418759152293198 0.57068678736686718 0.16749174892902377 0.087426230311393752 126.98081588745119 1.0000000180025095e-35 0.047905908897519119 0.019900989718735222 0.61243727803230297 0.52577093243598949 -0.16586194187402722 0.10410545766353609 -0.11360296607017516 -0.032967532053589814 2.0000000000000004 0.048222923651337631 2.7328655719757085
decision_type=2 2 2 2 2 2 2 2 2 2 2 2 2 2 2 8 2 2 2 2 10 2 2 2 2 2 2 2 2 2
left_child=1 2 20 7 -5 6 19 14 9 -9 12 -12 -11 -14 27 -16 17 -17 -6 -4 21 -1 23 29 -25 26 -3 -2 -29 -8
right_child=3 25 5 4 18 -7 22 8 -10 10 11 -13 13 -15 15 16 -18 -19 -20 -21 -22 -23 -24 24 -26 -27 -28 28 -30 -31
leaf_value=0.10475768399862846 0.085704645257863074 0.053136453047091387 0.054287242158614107 0.087569208713666552 0.042253324318644127 0.082340811446187434 -0.11774522559867601 0.078721825912774712 0.074955796476166611 -0.067533697314914931 0.09718673036841817 0.013659961784088268 -0.042812048627113013 0.086287426468434791 -0.077630725560524458 0.052491624247294602 0.093968162523835386 -0.076449671538695932 -0.037930830373028968 0.12056067899951993 0.09101692793462994 -0.0040764762770244605 0.091955133406031911 0.058320255666346479 0.10966676567230756 0.081023195304458034 0.078148994396300561 0.069406739459182076 -0.022165656615751334 0.12278332723216778
leaf_weight=382.41960882422586 478.92510107070899 125.41340326211969 10.641114543109891 22.818611341396718 41.78365257840278 1322.4245962133398 0.68991071055643516 57.028049756287601 348.63712399369797 2.6256156356835154 10.160399145156587 57.937055346811121 2.8864334880033757 37.820880496687664 2.5887555100938462 18.987646439575204 21.502381291245911 4.453895115775139 7.6687242885391234 78.281354017642457 778.84755818319786 4.0633290887385547 857.73028108727112 105.31802735342649 17.903847263465195 546.31958932183113 128.10260088504674 20.588604398642477 6.7528652932725768 23.369417725160474
leaf_count=28131 37942 7112 2733 1658 3381 71902 98 2390 6484 370 734 7012 299 2338 1539 1479 907 1289 587 14088 26685 528 18476 14797 1103 30728 10998 1997 1096 2400
internal_value=0 0.086852 0.0892329 0.0731628 0.0480528 0.0863578 0.0912137 0.0748574 0.0683881 0.0547957 0.0425508 0.0261225 0.0683677 0.0771334 0.0808979 0.0520856 0.0595572 0.0279928 0.0298189 0.11263 0.0951946 0.103613 0.0893189 0.0739658 0.0657808 0.0761902 0.0657754 0.083603 0.04679 0.115886
internal_weight=0 4381.52 3581.69 1143.17 72.271 2416.36 1093.93 1070.89 517.096 168.458 111.43 68.0975 43.3329 40.7073 553.799 47.5327 44.9439 23.4415 49.4524 88.9225 1165.33 386.483 1005.01 147.281 123.222 799.836 253.516 506.267 27.3415 24.0593
internal_count=301281 229779 180941 71502 5626 125597 53695 65876 19627 13143 10753 7746 3007 2637 46249 5214 3675 2768 3968 16821 55344 28659 36874 18398 15900 48838 18110 41035 3093 2498
is_linear=0
shrinkage=0.1


Tree=167
num_leaves=31
num_cat=0
split_feature=93 88 81 221 103 224 201 199 121 208 160 201 159 88 101 203 81 98 215 123 121 13 68 138 127 123 123 160 209 81
split_gain=18.316 10.1297 5.89347 4.92119 4.7142 4.38264 4.3656 5.04058 4.52938 4.71416 4.24206 4.70496 4.10595 4.04862 4.00861 5.16112 4.55531 4.00383 3.97159 3.88947 4.32339 3.89824 3.76896 4.44318 3.75559 3.72 4.63792 4.60684 4.00523 3.79451
threshold=0.16818635910749438 0.69883292913436901 0.28253507614135748 0.10234159231185914 0.1021050587296486 0.048737568780779846 0.091382388025522246 0.021956612356007103 0.011023718863725664 0.11938886344432832 1.0000000000000002 -0.10675537213683127 1.424880385398865 0.82340031862258922 -0.10165616124868392 0.17912618815898898 0.064172957092523589 0.10148831084370614 0.024454259313642982 -0.007382114650681614 -0.084776312112808214 0.029520696960389618 37.572927474975593 0.016090064309537414 0.052180601283907897 -0.010390107054263352 -0.0088179232552647573 2.0000000000000004 -0.031208466738462445 0.425279051065445
decision_type=2 2 2 2 2 2 2 2 2 2 2 2 2 2 2 2 2 2 2 2 2 10 2 2 2 2 2 2 2 2
left_child=1 4 -3 5 14 -4 7 13 9 10 -9 -12 -5 25 15 -1 -17 -6 -13 21 -21 -8 -15 -24 -7 27 -27 29 -29 -2
right_child=6 2 3 12 17 24 19 8 -10 -11 11 18 -14 22 -16 16 -18 -19 -20 20 -22 -23 23 -25 -26 26 -28 28 -30 -31
leaf_value=0.088836952869648989 0.095464036389457912 0.084126907079190572 0.076498715574831372 -0.032517968120694046 0.077619537194681135 0.0018992840307471563 -0.0012164168183627865 0.067702970899994622 0.077908538564804702 -0.024397901494297661 -0.061974513357290144 0.060557439208357128 0.090592026163347716 0.082797540243139747 0.096980884461308536 0.074625242954989526 -0.013918924242543738 0.11787346778192087 -0.012304729070293714 -0.14566289253108136 0.070250040116189086 0.055970900616072163 0.036634170107269937 -0.10156754503182663 0.085493618629483764 -0.011839613287601428 0.077520140356167305 -0.093337130605378196 0.059750843309510394 -0.074519871897524917
leaf_weight=476.4073253861518 243.95656115938908 2063.6120792331403 140.77961729393428 8.8299093312000405 293.4985762644161 15.84692492817817 18.687372702809625 123.31522183023498 160.31202095918132 7.229486908566968 4.7690644518557965 31.019642750708726 3.9081866043597975 15.044785813270435 1349.8777482431028 15.903288667203016 9.1551379398567843 26.98069851882417 9.8586104682398155 0.93521526953554612 110.98898049112643 32.91441957214829 14.302348879821354 2.778182811778378 8.1323391517930741 5.9088590803308412 340.85540624432895 2.243687835553601 7.1715938197276028 1.3203339518013297
leaf_count=22716 11128 112160 9540 942 16691 2149 2980 8939 8595 1156 899 2994 108 1015 62948 687 408 1158 1584 69 6880 1882 1086 310 402 708 20081 419 709 84
internal_value=0 0.0873394 0.082623 0.0651377 0.0922063 0.0697675 0.0730889 0.0756367 0.0657457 0.0546791 0.0580626 0.0320195 0.00525352 0.08089 0.0941447 0.0865103 0.0422755 0.0810085 0.0429853 0.0579741 0.0684459 0.0352608 0.0463016 0.0141554 0.0302495 0.0827375 0.0759975 0.091914 0.0232696 0.094549
internal_weight=0 4412.93 2241.11 177.497 2171.82 164.759 1133.61 970.086 336.504 176.192 168.963 45.6473 12.7381 633.582 1851.34 501.466 25.0584 320.479 40.8783 163.526 111.924 51.6018 32.1253 17.0805 23.9793 601.456 346.764 254.692 9.41528 245.277
internal_count=301427 229909 125301 13141 104608 12091 71518 59707 24167 15572 14416 5477 1050 35540 86759 23811 1095 17849 4578 11811 6949 4862 2411 1396 2551 33129 20789 12340 1128 11212
is_linear=0
shrinkage=0.1


Tree=168
num_leaves=31
num_cat=0
split_feature=86 86 93 0 179 142 170 86 228 228 124 17 225 122 118 193 137 40 66 157 170 125 10 199 157 82 225 231 141 222
split_gain=26.31 10.8387 4.3144 4.29379 4.58829 4.22481 3.6901 3.56734 3.56992 4.04846 3.29848 3.28423 4.02593 3.19614 4.05169 3.17556 3.15496 3.10662 3.95059 3.81077 3.67753 4.35748 4.65784 4.8038 3.90414 3.55497 3.90846 5.61502 4.62397 4.39979
threshold=-1.0724866986274717 -0.76415729522705067 0.26758758723735815 0.17839463055133822 1.0000000180025095e-35 0.034965896978974349 0.41605599224567419 -1.1852712035179136 0.052011473104357726 0.060284387320280082 0.046248385682702071 10.500000000000002 0.16462167352437976 -0.015025169588625429 0.026618920266628269 -0.12069081887602805 0.045327123254537589 1.0000000180025095e-35 2.3613038063049321 0.42051003873348242 0.50857836008071911 0.020595960319042209 277.50000000000006 0.11780212447047235 0.53344655036926281 0.057983193546533592 0.018805405125021938 -0.071639899164438234 -0.034707544371485703 0.010395788587629797
decision_type=2 2 2 8 2 2 2 2 2 2 2 2 2 2 2 2 2 2 2 2 2 2 8 2 2 2 2 2 2 2
left_child=2 11 7 4 13 15 10 8 -1 -10 -3 -2 -13 -4 -15 -6 -11 18 19 -8 -19 24 -23 -24 -22 26 27 28 -21 -28
right_child=1 6 3 -5 5 -7 17 -9 9 16 -12 12 -14 14 -16 -17 -18 20 -20 25 21 22 23 -25 -26 -27 29 -29 -30 -31
leaf_value=0.068608421399188088 0.082493439572271357 0.11870690371584912 0.094342931789287723 0.051033928336884193 -0.098553006625967055 -0.066894060738108593 -0.0078023227066353722 0.079485521989515626 -0.10925556832177162 0.054202796062606723 -0.022274831095036168 0.093734141891087086 -0.075425420425432807 -0.052290802648837523 0.084684725220643464 0.11689073808544126 -0.033189788963078851 0.11464164112633418 0.094929794845882709 -0.047647703791484627 0.018635729148635868 -0.015005563772127277 0.089883428854975522 -0.11578439165736024 0.10498697111635108 0.10507488689476854 0.054504708160811779 0.093656134568397151 0.066207246583356569 0.085130169817939819
leaf_weight=150.90350654026179 2606.6540839516142 71.327410851686182 6.1226393825088499 214.28600873375422 0.699483269007941 1.3743827491948639 4.4253107528181763 311.93842135896909 1.8918951164141606 27.78271931683571 1.6990724137349378 333.03377747660511 1.4128998554622274 5.5631070207119802 3.5296044496832337 31.215192835810175 4.8523870008741588 128.63675867819404 933.07654784057934 3.8723202109840704 5.5235971953549088 6.8819464688842826 21.389608002842127 1.1993485425882671 100.5120715359717 79.496923344096103 88.200817328291578 305.74226064218828 45.250643766235498 100.20463297062645
leaf_count=11030 145600 2477 545 13621 460 374 3740 19917 461 1707 184 15764 256 1363 651 3419 594 5072 47205 208 1971 1028 501 68 2153 1958 3501 10408 1458 3632
internal_value=0 0.087492 0.0674798 0.0571154 0.0839826 0.104776 0.0933845 0.0729559 0.0619715 0.0329641 0.115427 0.0836904 0.0930195 0.0384895 0.000880293 0.112169 0.0412087 0.0925022 0.0908043 0.0846669 0.102531 0.0910349 0.0570202 0.0789636 0.100489 0.0853239 0.0824338 0.0886141 0.0572322 0.0707931
internal_weight=0 4838.54 760.159 262.79 48.5044 33.2891 1897.44 497.369 185.431 34.527 73.0265 2941.1 334.447 15.2154 9.09271 31.9147 32.6351 1824.41 1560.27 627.193 264.143 135.507 29.4709 22.589 106.036 622.768 543.271 354.865 49.123 188.405
internal_count=301326 247184 54142 20433 6812 4253 85564 33709 13792 2762 2661 161620 16020 2559 2014 3879 2301 82903 72110 24905 10793 5721 1597 569 4124 21165 19207 12074 1666 7133
is_linear=0
shrinkage=0.1


Tree=169
num_leaves=31
num_cat=0
split_feature=86 86 86 221 143 155 10 135 212 93 204 170 130 63 4 173 93 198 212 224 188 185 7 154 2 169 7 225 90 129
split_gain=30.7164 10.8435 7.42888 3.80591 4.27434 4.93076 4.03947 3.60612 4.23183 3.57674 3.5216 3.27622 3.99659 3.23217 3.305 3.77093 3.26162 3.19145 4.98354 3.57852 3.16149 3.15517 3.11942 3.11357 4.13664 3.46648 3.46036 3.06325 3.34731 3.23099
threshold=-0.94671633839607228 -1.1852712035179136 -0.66562828421592701 0.096226043999195113 0.0024680288042873148 0.032454488798975951 214.00000000000003 -0.025526449084281918 -0.02612949255853891 0.18131834268569949 0.039583167061209686 0.39896512031555181 -0.06804263591766356 0.37629920244216924 0.069164838641881957 -0.29043549299240107 0.38483257591724401 -0.052124846726655953 -0.02612949255853891 -0.11858821287751196 0.23295587301254275 -0.17265470325946805 0.15815528482198718 -0.043845079839229577 0.016051736660301689 9.5000000000000018 0.40454545617103582 0.11870554089546205 2.1567251682281499 -0.048871373757719987
decision_type=2 2 2 2 2 2 10 2 2 2 2 2 2 2 8 2 2 2 2 2 2 2 8 2 8 2 10 2 2 2
left_child=1 7 11 -4 5 6 -5 8 10 -3 -1 12 -2 27 16 -16 -15 18 -17 -19 23 -10 -20 24 -9 -25 -27 -13 29 -29
right_child=2 9 3 4 -6 -7 -8 20 21 -11 -12 13 -14 14 15 17 -18 19 22 -21 -22 -23 -24 25 -26 26 -28 28 -30 -31
leaf_value=0.11227451656020426 -0.037419699748874539 0.080221754026824424 0.097917261755694415 -0.029978122783863716 0.087430395957610263 -0.12569283308432333 0.081958153166569819 0.076876142755535573 -0.096915748637025234 0.069467317563092171 0.024731451558200959 0.085879057688783331 0.11662670692410987 0.088144053269555406 -0.088539678459782861 -0.092955654789121711 0.28616410515995394 -0.06493322758690219 -0.0071857837278129603 0.07578642865073118 -0.091350560691900895 0.058596225768242208 0.086938420212568604 0.059690698034324696 0.013525868999823751 -0.040136390619962742 0.40179476060546104 0.0037911003083116973 0.11807143110330287 0.092051485559763058
leaf_weight=30.954320057845507 1.7433426725619927 952.24484731325742 985.91060054581385 4.5426342876560311 62.838158629637974 1.7911436700655929 11.105444470766541 13.793086749995608 1.3406967239625363 457.98916242429073 5.3961708988178989 2424.6314406271795 49.62232217604469 49.008093989302779 1.69321168527017 3.0108890842966529 0.84615519130102157 1.8577610538386569 5.9647948537692601 66.332154767336306 1.5885949785870241 48.531405767628826 8.5943126142665278 159.42944374792842 40.787816287360101 4.903028239676245 0.18382146942167299 4.4069733842411543 63.47473291138499 70.491608413819222
leaf_count=1417 54 58816 42250 1091 2831 175 353 1971 266 30214 663 125389 2283 3143 178 401 76 183 330 2778 273 3522 461 12728 3015 570 28 377 1848 3520
internal_value=0 0.073022 0.0891259 0.0962124 0.0752744 0.0314732 0.0494631 0.0559878 0.0733295 0.0767291 0.0992789 0.0863801 0.111398 0.0859042 0.0709567 0.0592428 0.091505 0.0621605 0.0241568 0.0719527 0.0492123 0.0544156 0.0483762 0.0502315 0.0295351 0.0570978 -0.0241665 0.0867049 0.101176 0.0868583
internal_weight=0 1717.14 3817.87 1066.19 80.2774 17.4392 15.6481 306.908 86.2226 1410.23 36.3505 2751.68 51.3657 2700.31 137.307 87.4531 49.8542 85.7599 17.57 68.1899 220.686 49.8721 14.5591 219.097 54.5809 164.516 5.08685 2563 138.373 74.8986
internal_count=301204 113483 187721 46700 4450 1619 1444 24453 5868 89030 2080 141021 2337 138684 7550 4331 3219 4153 1192 2961 18585 3788 791 18312 4986 13326 598 131134 5745 3897
is_linear=0
shrinkage=0.1


Tree=170
num_leaves=31
num_cat=0
split_feature=86 86 88 163 0 158 86 127 7 184 232 17 177 92 135 221 127 110 203 88 152 154 12 115 220 13 6 3 7 186
split_gain=30.6836 11.5833 3.39403 4.43652 3.84022 4.2447 3.93256 3.80954 3.54825 3.39012 3.33828 3.73018 3.45292 3.85779 4.03476 4.9555 4.25965 3.95909 3.74955 3.7188 3.59506 3.18056 3.17047 3.14893 3.06472 2.92858 3.83979 3.29922 3.24984 4.42513
threshold=-1.0724866986274717 -0.77072203159332264 0.67685294151306163 -0.70348590612411488 0.18245838582515719 0.55000001192092907 -1.3520495295524595 0.026552029885351661 1.0000000180025095e-35 -0.068910986185073839 0.0025619750376790766 19.500000000000004 -0.029740049503743645 0.89475247263908397 0.026807779446244243 0.021147665567696098 0.0010117939091287555 0.059445748105645187 0.17912618815898898 0.73498621582984935 -0.018544171936810013 -0.0195006625726819 1.0000000180025095e-35 -0.003535582334734499 0.01892189867794514 0.015097505412995817 0.079286500811576857 0.056349206715822227 0.06612021848559381 0.074184741824865355
decision_type=2 2 2 2 8 2 2 2 8 2 2 2 2 2 2 2 2 2 2 2 2 2 8 2 2 8 10 10 8 2
left_child=2 22 3 24 6 7 -4 8 -6 10 -3 12 13 21 16 -16 17 -15 -14 20 -18 -12 -2 -7 -1 26 27 -11 29 -27
right_child=1 9 4 -5 5 23 -8 -9 -10 25 11 -13 18 14 15 -17 19 -19 -20 -21 -22 -23 -24 -25 -26 28 -28 -29 -30 -31
leaf_value=0.1011573632126037 -0.10469605062335004 0.10642015044309919 -0.014057461745883598 -0.017869733642325133 0.11725131400542384 0.04998270957547294 0.084961817311432 0.075799216292589136 0.054774715714866577 -0.024380283227596916 0.028978805278271041 -0.096968136103999736 0.10157444669833041 0.11250166644650182 -0.15735832261150251 0.086487174612631987 -0.1048876144392986 -0.09075986936070872 -0.057537016575652522 -0.055466995363818487 0.06346767373762767 0.11272950750805642 0.083405766495769529 0.10788789604533106 0.0044239230592743439 0.12795658889246384 0.13037141312598174 0.093212144893354373 0.088408939613139059 0.060794936219349539
leaf_weight=9.1585589604001161 0.89634826134249479 328.38030023332601 4.1348758185281431 11.043478007746215 9.3013390036932133 12.901271907618137 133.71064290608251 130.67973062586077 400.67931861643046 2.6429431151824501 5.2542976591977313 1.0457280506820996 181.61575641306808 19.549676336370798 1.8268514234359821 1.5325634377086315 1.3286547989696398 1.007656316626252 1.4932490627620598 3.34493015332282 27.963130507060669 33.099112290594348 2798.5666475565904 34.519421707039555 5.0984516602493377 43.878750880945063 40.479649558210781 24.531945209281048 1214.5201456738939 12.635299259230576
leaf_count=318 7072 13612 1480 1781 3093 613 15645 6878 23526 7807 422 104 7162 871 253 202 158 151 570 284 1953 1279 149511 735 221 3119 5567 4662 40241 1649
internal_value=0 0.0874648 0.0657138 0.0297096 0.0669687 0.0634473 0.0819916 0.0609312 0.0561921 0.0933903 0.0995862 0.0915445 0.0922536 0.0767738 0.0601706 -0.0461161 0.066883 0.102538 0.100277 0.0444243 0.0558312 0.101256 0.0833455 0.0921342 0.0665645 0.0905788 0.110852 0.0817755 0.0894997 0.112941
internal_weight=0 4745.59 751.227 25.3005 725.927 588.081 137.846 540.66 409.981 1946.13 607.442 279.062 278.016 94.9069 56.5535 3.35941 53.194 20.5573 183.109 32.6367 29.2918 38.3534 2799.46 47.4207 14.257 1338.69 67.6545 27.1749 1271.03 56.5141
internal_count=300939 246649 54290 2320 51970 34845 17125 33497 26619 90066 27021 13409 13305 5573 3872 455 3417 1022 7732 2395 2111 1701 156583 1348 539 63045 18036 12469 45009 4768
is_linear=0
shrinkage=0.1


Tree=171
num_leaves=31
num_cat=0
split_feature=86 86 86 93 174 17 196 76 146 135 228 134 224 10 7 94 157 6 131 152 195 184 168 195 157 95 147 225 201 63
split_gain=28.5394 12.2186 7.36537 4.2442 4.54756 3.4749 3.41548 3.2584 3.16534 3.12648 4.23122 3.54916 3.85166 3.39955 3.11437 5.11546 4.31237 4.32004 3.77074 3.42088 3.46624 3.40267 3.13831 3.10654 4.46973 3.67192 3.07605 4.80321 3.44577 3.91478
threshold=-0.94671633839607228 -1.1852712035179136 -0.66562828421592701 0.36546161770820623 0.1017146483063698 7.5000000000000009 0.077805686742067351 0.22792208194732669 -0.006512006511911749 0.024173201993107799 1.0000000180025095e-35 0.025672261603176597 -1.0000000180025095e-35 567.50000000000011 0.19647499918937686 -0.06737972795963286 0.68536502122879039 0.15504807978868487 -0.021902043372392651 0.020153996534645561 -0.053125847131013863 0.095824513584375395 3.5349729061126713 -0.16182719171047208 0.58731243014335643 0.041615234687924392 0.029841838404536251 -0.096527494490146623 -0.10675537213683127 -0.045187097042798989
decision_type=2 2 2 2 2 2 2 2 2 2 2 2 2 10 10 2 2 10 2 2 2 2 2 2 2 2 2 2 2 2
left_child=1 9 5 8 14 -2 23 26 -3 -1 -11 13 -13 -12 16 -16 17 -5 -17 20 -20 -18 -23 24 25 -7 -4 -28 29 -29
right_child=2 3 7 4 -6 6 -8 -9 -10 10 11 12 -14 -15 15 18 21 -19 19 -21 -22 22 -24 -25 -26 -27 27 28 -30 -31
leaf_value=0.059942410960140274 0.08457441258522036 0.085303914611109324 0.09627154444669378 0.031431123334294132 0.10345393906797523 0.038053205926319306 0.10709915435523734 0.11355809290961492 0.075080574082688978 0.058404455275603839 -0.066679903326530815 -0.039813797011059915 0.11244374559976916 0.031706138177291281 -0.083253212633478332 0.11907127295418447 0.073073579190346474 -0.084982219212933863 -0.0038767533885115703 -0.0022429582205764852 0.098225920848232312 0.038872338396304162 -0.12453848061767542 0.090617202045101833 0.087025172583722873 -0.12572823039836156 -0.13254682765210732 -0.08465730899946057 0.085266153333910077 0.068443215549466072
leaf_weight=257.0525943781787 2163.1267092156959 540.17874872705079 870.53149640910078 39.31151443924 23.556833149069234 3.5866493857895412 137.57730814952151 98.308751749019052 689.33595018333745 27.940271977503471 9.0081043009398645 2.603938563431484 4.5903929811474873 5.7561497870501617 1.9213534364930627 18.058008473939935 48.435904433106771 3.4690396333387516 4.0674073471418586 6.628229729135227 18.21485783932394 4.0460513089492443 1.6563929994590578 406.36100751610365 9.4656274968074268 2.2137871650720626 1.0815370190252895 2.6085685901898614 82.51124598656213 4.6425616099290883
leaf_count=20044 114832 31807 38178 5383 3287 517 5794 4456 43958 2279 1353 347 318 195 144 640 880 794 304 462 743 105 29 19695 80 363 291 259 3118 220
internal_value=0 0.0735633 0.0891443 0.0775278 0.0626868 0.086391 0.0934177 0.0962175 0.0795721 0.0554958 0.0325893 -0.000258029 0.0573352 -0.0283221 0.0561005 0.0766778 0.0457205 0.0219913 0.0832202 0.0608269 0.0795881 0.0644715 -0.00859372 0.0889535 0.0446674 -0.0244554 0.0944443 0.0769339 0.0794579 0.0133658
internal_weight=0 1705.83 3782.02 1398.88 169.366 2722.33 559.204 1059.68 1229.51 306.951 49.8989 21.9586 7.19433 14.7643 145.809 48.8899 96.9189 42.7806 46.9685 28.9105 22.2823 54.1383 5.70244 421.627 15.2661 5.80044 961.375 90.8439 89.7624 7.25113
internal_count=300875 113072 187803 88536 12771 141281 26449 46522 75765 24536 4492 2213 665 1548 9484 2293 7191 6177 2149 1509 1047 1014 134 20655 960 880 42066 3888 3597 479
is_linear=0
shrinkage=0.1


Tree=172
num_leaves=31
num_cat=0
split_feature=86 86 86 135 215 201 12 205 230 147 148 137 74 187 85 216 135 229 165 128 170 172 137 151 164 92 158 92 198 170
split_gain=28.7443 9.14119 6.92065 4.12012 3.35686 3.82202 3.52096 3.34182 4.63445 3.81651 3.76396 3.38457 3.33888 4.46526 3.27945 3.14739 3.94389 3.55609 3.13698 3.10037 4.69258 3.17148 3.48212 3.01412 4.10916 2.94492 2.88155 2.80013 2.75829 2.75136
threshold=-0.93589836359024037 -1.1852712035179136 -0.66562828421592701 -0.025526449084281918 -0.049924761056900017 -0.010832702275365589 190.50000000000003 -0.085212536156177507 -0.096545241773128496 0.029841838404536251 -0.031894344836473458 0.048003410920500762 0.014599318150430919 -0.19459274411201474 18.500000000000004 -0.094437565654516206 0.0017666678177192809 -0.06070288456976413 49.000000000000007 0.036645652726292617 0.5425086021423341 -0.30509971082210535 -0.070886764675378786 -0.01755696069449186 3.8606742620468144 0.86758926510810863 0.45000000298023229 0.93287825584411632 -0.025196923874318596 0.47982421517372137
decision_type=2 2 2 2 2 2 8 2 2 2 2 2 2 2 2 2 2 2 2 2 2 2 2 2 2 2 2 2 2 2
left_child=1 3 7 4 -1 26 -7 8 10 14 -2 -12 13 -9 -10 16 -5 23 -4 21 25 27 -23 -17 -25 -21 -6 -16 -8 -14
right_child=2 -3 18 15 5 6 28 12 9 -11 11 -13 29 -15 19 17 -18 -19 -20 20 -22 22 -24 24 -26 -27 -28 -29 -30 -31
leaf_value=0.10340088058558741 -0.097150090062985348 0.077539547357634922 0.0059027375405456247 0.052769065778998397 0.068787499969116872 -0.045385584405443172 -0.0075004691711409712 0.0070865309097359157 -0.036609987946388443 0.11570751639164407 0.049658008690945138 0.495698486525951 0.08945976605019311 0.094788608794695639 0.14990842326103571 0.060195019532176146 -0.071337497328925678 0.059826373751622058 0.096773480894657538 -0.0034948475315420644 -0.06692836315054039 0.00080437537045093389 0.09598689774418738 0.07228070087081169 -0.027240446344104743 0.087910713497763346 0.13968512831358548 0.3940675976870624 0.071164865386729476 0.081036164244927447
leaf_weight=31.205096170953084 1.875484363254144 1478.5973564886897 3.8125309245306189 5.7748131361894348 20.785883060536779 4.4231436478494315 5.9205572133653304 5.8895448270765192 1.973052646144082 84.5998985612772 9.4911253416234977 0.17322465897268635 555.05477057950861 406.01968037119116 2.2542326018838135 14.331821703778699 4.6003705617659989 179.25919290638421 1066.1051597817659 4.1477027917817457 2.5765056169166192 3.8941729069456406 295.46526328053483 5.7520493204267522 14.884859048755969 23.468062425427661 7.9159599572540165 0.59334707089146821 18.035150680857441 1286.4124434894138
leaf_count=1403 272 93563 324 807 1788 1554 409 797 223 2935 1207 49 24222 19225 170 997 865 14377 46476 443 424 308 15098 688 882 1384 162 54 616 69393
internal_value=0 0.0742536 0.0896491 0.0587252 0.0770283 0.0626108 0.0365876 0.0869381 0.0950111 0.096733 0.0324939 0.0576529 0.0853958 0.0935346 0.0919322 0.0515308 -0.00225995 0.0541359 0.0964497 0.0926952 0.0621403 0.0957479 0.0947487 0.0249651 0.000498716 0.0741822 0.088341 0.200784 0.051723 0.0835752
internal_weight=0 1791.49 3753.81 312.889 88.2858 57.0807 28.3789 2683.89 430.512 418.972 11.5398 9.66435 2253.38 411.909 334.372 224.603 10.3752 214.228 1069.92 332.399 30.1923 302.207 299.359 34.9687 20.6369 27.6158 28.7018 2.84758 23.9557 1841.47
internal_count=301115 118111 183004 24548 5932 4529 2579 136204 22567 21039 1528 1256 113637 20022 18104 18616 1672 16944 46800 17881 2251 15630 15406 2567 1570 1827 1950 224 1025 93615
is_linear=0
shrinkage=0.1


Tree=173
num_leaves=31
num_cat=0
split_feature=86 86 86 219 129 4 173 68 106 156 6 67 127 194 0 154 12 212 205 177 75 96 156 155 133 194 10 216 66 227
split_gain=30.0365 13.567 5.18435 5.00985 4.23508 5.43123 4.1008 4.00183 3.59482 3.5756 3.56256 3.60138 3.50538 3.90613 3.41041 4.79923 4.19614 4.05174 3.61686 3.56247 3.43638 3.40971 3.88087 3.65337 3.64043 3.66321 4.214 3.40147 3.31281 3.26539
threshold=-1.1170034408569334 -0.66562828421592701 -0.93589836359024037 0.12666144222021106 0.0081331296823918837 0.080759916454553618 -0.22585391998291013 37.572927474975593 -0.033105961978435509 0.20483683049678805 0.104491263628006 2.6479772329330449 0.052180601283907897 -0.033384747803211205 0.24876349419355395 -0.039416654035449021 121.50000000000001 0.10298201069235803 0.008001368027180435 -0.22160077095031736 0.20256410539150241 0.034488074481487281 0.043717153370380409 -0.031920230016112321 0.040201999247074134 0.08163813874125482 448.50000000000006 0.040628172457218177 0.40247765183448797 -0.014792928937822579
decision_type=2 2 2 2 2 8 2 2 2 2 8 2 2 2 10 2 10 2 2 2 2 2 2 2 2 2 8 2 2 2
left_child=3 2 9 7 -4 14 -7 8 10 12 11 -1 21 -14 16 -16 17 -6 -17 -18 -21 22 24 28 25 26 -2 -9 -23 -11
right_child=1 -3 4 -5 5 6 -8 27 -10 29 -12 -13 13 -15 15 18 19 -19 -20 20 -22 23 -24 -25 -26 -27 -28 -29 -30 -31
leaf_value=0.0074516821064274479 -0.039658816523719734 0.096312349422582905 0.088815988904594384 0.10567532154553434 0.010502307605295302 0.10764215030394474 0.070534658160950267 0.054152595695324983 0.062620186268068978 0.065764651906219773 0.12053406234145514 0.12671546788989499 -0.00030671777465478246 0.074267710893391889 -0.037381489042387188 0.1143318611434163 -0.06194439618324904 0.11743697518983234 0.085717400660235296 0.091525981742656193 0.03286276668296461 -0.045543117886379707 0.083171364889386021 0.10185824460152443 0.26875070967700299 0.094020552893330347 0.060808855118204178 0.020028775812710276 0.073880332744843652 0.079434438598721943
leaf_weight=6.9498498732584704 8.5224792077573372 1069.0161040886924 1816.2270304672593 23.888663648350473 14.998300248956754 31.979583346547997 433.26950436335471 186.5386646912948 236.35532493708303 301.10466595569096 22.403772842047601 3.982985106997603 9.6626265585874744 25.71809932387248 2.5386368706233489 95.468179667252912 1.6272035381225567 4.6392797125566849 82.214003277939582 126.44581876964003 10.841650344870684 2.5557403077018561 294.74982868041866 176.08428473584883 0.68832132095610532 7.4132583314603826 8.1838360001869415 34.635073996108986 25.488343085771533 416.41925492448581
leaf_count=849 6292 46642 93497 1723 7367 910 21063 13720 17680 10214 945 270 1876 3467 338 4621 91 669 3921 3188 397 399 20813 13720 352 2520 2401 4314 2911 13711
internal_value=0 0.0863328 0.0835952 0.0609557 0.0861411 0.0800987 0.0730853 0.0587794 0.0669561 0.0783696 0.0976978 0.0509012 0.0843652 0.0539011 0.0897304 0.0991413 0.0790333 0.0357651 0.101092 0.0851499 0.0868933 0.0864234 0.0799743 0.0965193 0.0419884 0.0355171 0.00955676 0.0488089 0.0629969 0.073698
internal_weight=0 4965.86 3896.84 514.754 2620.25 804.022 465.249 490.866 269.692 1276.59 33.3366 10.9328 559.067 35.3807 338.773 180.221 158.552 19.6376 177.682 138.915 137.287 523.686 319.558 204.128 24.8079 24.1196 16.7063 221.174 28.0441 717.524
internal_count=300881 261380 214738 39501 136062 42565 21973 37778 19744 78676 2064 1119 54751 5343 20592 8880 11712 8036 8542 3676 3585 49408 32378 17030 11565 11213 8693 18034 3310 23925
is_linear=0
shrinkage=0.1


Tree=174
num_leaves=31
num_cat=0
split_feature=86 86 86 157 170 90 178 107 12 105 96 122 188 165 185 157 94 207 103 227 130 187 170 126 8 149 151 3 79 182
split_gain=28.4646 7.65312 7.3956 3.38403 4.30119 3.96791 5.07816 4.31549 5.37079 4.36225 4.29164 6.25209 5.66602 4.89385 4.71258 4.86273 4.60786 4.23294 4.19311 4.32261 6.78758 4.22868 4.11874 5.09372 4.10027 4.15452 4.04261 4.02116 3.89317 4.05147
threshold=-0.93589836359024037 -0.67822298407554615 -1.1170034408569334 0.55453500151634227 0.48385892808437353 2.1727453470230107 -0.13041676580905912 0.012456240132451059 31.500000000000004 0.0061111592222005138 -0.10436357557773589 -0.028830954805016514 0.022252810187637809 86.500000000000014 -0.12350424006581305 0.43368178606033331 0.26620921492576605 0.07390486449003221 0.0028879886958748107 0.025073800235986713 -0.017900539562106129 0.053404115140438087 0.44100475311279302 -0.0014192552189342675 0.089852109551429762 0.044261494651436813 0.034108070656657226 0.072077922523021712 0.31494164466857916 0.077435567975044264
decision_type=2 2 2 2 2 2 2 2 8 2 2 2 2 2 2 2 2 2 2 2 2 2 2 2 8 2 2 8 2 2
left_child=2 3 -1 5 -5 7 -7 9 24 27 11 13 22 -10 16 -16 -14 -17 21 -20 -21 -8 -12 -24 25 -9 -13 -2 -19 -30
right_child=1 -3 -4 4 -6 6 18 8 10 -11 12 26 14 -15 15 17 -18 28 19 20 -22 -23 23 -25 -26 -27 -28 -29 29 -31
leaf_value=0.063923937441305576 -0.024088409747270209 0.095964977424431941 0.078052620884017238 0.098305565188413324 0.086089257052973475 0.057822103390679495 0.059191328451559694 0.33633930882849472 0.039474672985736585 0.083006612345576866 0.12604367141015127 0.11997076642015024 -0.025758751740271698 -0.2419229295134164 -0.009756257138706953 0.060365008405221278 0.5566324536769135 0.11540859410684533 0.11950437817896771 -0.031042464725448349 0.097554392093485209 0.10807098339370765 0.060522282116406562 0.1059042255928757 0.13332562600435133 1.8509407768618058 0.02456148641766244 0.060973507585016407 -0.10491730677549688 0.21618319033756925
leaf_weight=522.64629707772428 5.7441289138961897 1172.4051042067067 1272.5432897287642 371.68988443561466 1283.2408319576309 36.395662839841521 42.888674565667543 0.73284796338935798 2.708938872742237 118.49151513952228 26.930111861788248 56.705137589268759 7.4178325402626788 0.80070766016160622 7.8574463317493146 84.511018519724985 0.13838747387944739 26.368302259397755 97.621137267293648 4.9578830352286358 23.844014014978711 30.134758514720261 52.386759640593368 46.852125949667311 12.633521028011558 0.018569117421520787 4.8183643333613864 171.06353083845147 1.5917307119452737 0.52174421934978443
leaf_count=39274 5167 51352 78636 3450 26806 2665 6930 873 371 12676 934 5872 1542 55 2922 5411 60 1199 7762 1162 2736 3025 6432 4206 8305 31 530 19791 199 40
internal_value=0 0.0892908 0.0739392 0.0861845 0.088833 0.0811123 0.0921724 0.0769606 0.0847652 0.0681599 0.0821662 0.105093 0.0763094 -0.0247247 0.0615213 0.0663116 -0.0150926 0.0716013 0.0984408 0.109461 0.0754181 0.0793626 0.0913598 0.0819478 0.146824 0.373768 0.112499 0.05821 0.104942 -0.0256486
internal_weight=0 3691.47 1795.19 2519.07 1654.93 864.135 235.842 628.293 332.994 295.299 319.609 65.0331 254.575 3.50965 128.406 120.85 7.55622 112.993 199.446 126.423 28.8019 73.0234 126.169 99.2389 13.3849 0.751417 61.5235 176.808 28.4818 2.11347
internal_count=300414 182504 117910 131152 30256 100896 24280 76616 38982 37634 29773 6828 22945 426 11373 9771 1602 6849 21615 11660 3898 9955 11572 10638 9209 904 6402 24958 1438 239
is_linear=0
shrinkage=0.1


Tree=175
num_leaves=31
num_cat=0
split_feature=93 81 88 157 171 182 123 201 133 157 104 3 11 130 232 156 216 208 63 188 177 133 206 119 9 11 159 145 171 9
split_gain=14.3875 9.12319 6.03689 4.01325 3.96123 3.91154 3.77375 4.24617 3.76006 3.65578 3.49006 3.79307 6.64033 4.6524 3.92043 3.674 4.16586 3.90405 3.25011 4.55373 3.59952 4.23313 6.01368 4.35891 3.85767 4.13825 3.49932 3.36753 3.23522 3.17617
threshold=0.19220163673162463 0.26614584028720861 0.69883292913436901 0.41595986485481268 -0.18633998930454251 -0.032967532053589814 -0.012842868454754351 -0.19939821213483808 0.0046612671576440343 0.36034990847110754 -0.12820155173540113 0.20114503800868991 0.025062814354896549 -0.0060611390508711329 -0.018077908083796498 0.072595518082380309 -0.16837859153747556 0.14100488275289538 0.33526432514190679 0.10913434997200967 0.30492405593395239 -0.014004251919686793 0.0884680710732937 -0.016354420222342011 0.0085643809288740175 0.011207622010260822 0.14369866251945498 0.0034390523796901111 -0.061351474374532693 0.0031720877159386878
decision_type=2 2 2 2 2 2 2 2 2 2 2 10 8 2 2 2 2 2 2 2 2 2 2 2 8 8 2 2 2 8
left_child=1 2 9 -2 -5 29 -6 8 -8 -1 11 -11 14 -14 -13 16 -12 -18 20 26 -4 -22 23 24 -23 -26 28 -21 -20 -3
right_child=3 5 18 4 6 -7 7 -9 -10 10 15 12 13 -15 -16 -17 17 -19 19 27 21 22 -24 -25 25 -27 -28 -29 -30 -31
leaf_value=0.0027168427683741982 0.036622918962809572 0.087336176503286178 0.086537339404718028 0.10143673218241625 0.081244617682951353 0.08029629137099667 0.031996207860973236 0.068957847350013118 -0.12770834575955622 0.083123435218649899 -0.095077194712027663 -0.099429387770841982 -0.1222750496253322 0.025437851159046249 0.13234722932154105 0.091284240112835799 0.11432377143250141 0.023986455366831458 -0.067268493678247041 0.018439901668814401 0.041502992289106866 -0.048272665301881068 -0.013677156140965173 0.11120230294539024 -0.074037563185970087 0.082994822511226141 0.081914557152878431 0.071220554497652078 0.068754074217478992 0.051810171943204197
leaf_weight=4.6279559349416095 29.590281047674466 31.548983141994768 1740.374711201147 49.919805153267816 316.76139384473856 192.9058141355863 11.387482773836835 559.26395535074403 1.6934431287386349 41.564970738904776 0.99195467470190024 0.83768354430276293 3.4059126701849882 5.7019568266882752 5.6657152069092236 1857.1140422205308 118.44156368455293 4.9852382350633766 3.044885174120509 23.208953360970725 38.973132680099184 2.902345901546485 6.0751608512764497 41.18169802606576 1.7937554351115093 26.045898108947767 221.15220930975295 25.22802540628129 4.1071489593712718 124.38325660163605
leaf_count=4574 18749 2840 94290 3695 13644 14467 385 25393 135 1904 300 148 253 240 220 66637 23654 1110 1054 1564 2981 329 411 1959 242 527 11501 1186 639 6368
internal_value=0 0.0863121 0.0876094 0.0728836 0.0740263 0.0707758 0.0724873 0.0676406 0.011321 0.0914944 0.0916959 0.0673385 0.0253111 -0.0297998 0.102493 0.0923988 0.109035 0.110675 0.0838897 0.0737796 0.0853961 0.0684153 0.0818624 0.0899323 0.0614393 0.072877 0.0796882 0.0459303 0.0108442 0.058998
internal_weight=0 4526.26 4177.42 968.616 939.026 348.838 889.106 572.345 13.0809 2043.34 2038.71 57.1762 15.6113 9.10787 6.5034 1981.53 124.419 123.427 2134.09 276.741 1857.35 116.972 77.9989 71.9237 30.742 27.8397 228.304 48.437 7.15203 155.932
internal_count=301399 239398 215723 62001 43252 23675 39557 25913 520 99040 94466 2765 861 493 368 91701 25064 24764 116683 15944 100739 6449 3468 3057 1098 769 13194 2750 1693 9208
is_linear=0
shrinkage=0.1


Tree=176
num_leaves=31
num_cat=0
split_feature=86 86 86 93 157 197 206 128 82 0 88 189 160 129 207 126 153 171 224 188 90 4 98 215 210 130 115 93 221 93
split_gain=29.2631 9.91818 6.77226 3.86763 3.80183 4.01051 3.46063 3.52128 3.33344 3.33129 3.37286 3.12128 3.09514 3.05529 5.09946 4.28637 4.91911 4.50396 3.55967 3.54998 3.54561 3.41768 3.50424 3.40773 3.60205 3.26176 3.25807 3.16859 3.50898 3.75036
threshold=-0.96707141399383534 -1.1852712035179136 -0.66562828421592701 0.36546161770820623 0.4296079427003861 0.13280881196260455 -0.087137296795845018 -0.028877958655357357 0.055867666378617294 0.13714733719825747 0.75699988007545482 -0.14429874718189237 1.0000000000000002 0.0081331296823918837 -0.10031323134899138 0.034383958205580718 -0.0039920401759445659 -0.16217622905969617 0.13464666903018954 -0.020199199207127091 2.0449495315551762 0.080759916454553618 -0.13004062324762342 0.14310873299837115 -0.13823829591274259 -0.032562982290983193 -0.059604674577713006 -0.084884196519851671 -0.027272714301943776 -0.097122952342033372
decision_type=2 2 2 2 2 2 2 2 2 8 2 2 2 2 2 2 2 2 2 2 2 8 2 2 2 2 2 2 2 2
left_child=1 6 4 -3 5 -2 7 -1 -4 -9 -11 -5 -12 27 15 16 18 20 26 -19 -18 22 25 24 -23 -16 -15 28 -6 -30
right_child=2 3 8 11 13 -7 -8 9 -10 10 12 -13 -14 14 21 -17 17 19 -20 -21 -22 23 -24 -25 -26 -27 -28 -29 29 -31
leaf_value=0.097592327385826558 0.05115952533064614 0.078872675981363993 0.093667327175430304 -0.0081591651735015598 0.1062076648946146 0.11454421339879509 0.050871009620997346 0.13139169383243604 0.1103832726504662 -0.04549185739135829 0.072273521262937387 0.064677873567646024 -0.003555549903787879 -0.074718508195326758 -0.073748017903832938 0.1403258798321376 0.020542038572455106 0.054159510184753623 0.38363201847985479 -0.030990226924740391 0.1116695940952224 0.015818723199184637 0.094374180433413613 0.11888096343939168 0.078421857200955791 0.06320032143906211 0.082246102344617905 0.086738127583261715 0.08593415144215992 0.11960528315487329
leaf_weight=36.854855395372851 54.160131181938027 1095.997728988551 939.56503979226056 6.1375287786320305 201.2412431663555 12.237885598004707 235.23387363352572 4.9061444204846785 136.64737452113775 3.8041371126528238 22.924872884704659 142.09498143133624 7.0345363554131373 1.3794043962279818 2.0719186434539543 5.8335945094181616 8.6192463793813676 7.3311369890475389 0.37982003474644344 14.741592258390481 8.4608049716407532 9.392704632593448 316.94614375023616 20.40999535258743 427.75245508218063 10.82862665254788 31.988932485432088 1405.8380338845404 305.95231803371689 37.089513346557965
leaf_count=1687 28250 67633 41358 1106 7015 3453 19636 729 5228 448 1179 10256 765 158 250 203 424 863 91 1320 152 525 14601 632 15898 743 1684 60958 12615 1262
internal_value=0 0.072831 0.0890207 0.0768223 0.0864935 0.062842 0.0568504 0.0754744 0.0957898 0.0543945 0.0432061 0.0616621 0.0544687 0.0870512 0.0821089 0.0578436 0.0512433 0.0271265 0.0792224 -0.00270898 0.0656831 0.0845352 0.0922947 0.0789415 0.0770767 0.0412055 0.0757574 0.0892462 0.0957245 0.0895747
internal_weight=0 1554.99 3958.87 1244.23 2882.66 66.398 310.758 75.5245 1076.21 38.6697 33.7635 148.233 29.9594 2816.26 866.136 78.7345 72.9009 39.1528 33.7482 22.0727 17.0801 787.402 329.847 457.555 437.145 12.9005 33.3683 1950.12 544.283 343.042
internal_count=301122 103439 197683 78995 151097 31703 24444 4808 46586 3121 2392 11362 1944 119394 37544 4895 4692 2759 1933 2183 576 32649 15594 17055 16423 993 1842 81850 20892 13877
is_linear=0
shrinkage=0.1


Tree=177
num_leaves=31
num_cat=0
split_feature=86 86 79 170 92 13 156 157 76 129 109 228 164 13 90 179 184 95 2 211 219 102 188 129 137 127 157 225 69 232
split_gain=29.3835 10.8318 3.79841 3.61288 5.64369 4.01396 3.57886 3.90248 3.64081 4.49789 4.32074 5.22016 4.62474 3.70266 3.8511 8.25438 4.8066 3.6018 5.42177 4.09486 3.52258 3.51018 3.48454 5.34739 3.40919 3.28971 3.27935 3.19321 3.13613 3.12357
threshold=-0.83778271079063404 -1.1852712035179136 0.30707196891307836 0.58950042724609386 0.9040045738220216 0.033514924347400672 0.15170694142580035 0.5039929747581483 0.17274536192417148 0.0094298603944480437 0.023590362630784515 0.078508209437131896 4.7833075523376474 0.0072203108575195083 1.6742346882820132 0.012704125139862301 0.11269344016909601 -0.14125381410121915 0.095564253628253951 0.037467192858457572 -0.0014223985490389166 0.015555955003947021 0.10913434997200967 0.0081331296823918837 -0.042362181469798081 0.070398811250925078 0.56410160660743724 -0.12503491342067716 2.0943536758422856 -0.018077908083796498
decision_type=2 2 2 2 2 8 2 2 2 2 2 2 2 8 2 2 2 2 8 2 2 2 2 2 2 2 2 2 2 2
left_child=1 -1 3 -3 5 -5 8 25 13 10 -10 12 -12 -2 15 16 28 18 -11 -20 27 -6 -4 -24 -22 -8 -14 -17 -15 -30
right_child=6 2 22 4 21 -7 7 -9 9 17 11 -13 26 14 -16 20 -18 -19 19 -21 24 -23 23 -25 -26 -27 -28 -29 29 -31
leaf_value=0.059364784060838199 0.032011068815376402 0.077822506316162221 0.091231529421508181 -0.038312516297264385 -0.031264577098976495 0.086450083911635084 0.073630825801360086 0.090452155644314497 0.14162806537140815 -0.0037740510544736657 0.12048870757849535 -0.058982512971936789 -0.032695989145275786 0.1598700759916144 0.099228407790194928 -0.17511317692924266 0.12697449912543618 0.048205125750727676 0.23065826098079314 0.68430260632854845 -0.06651384220149234 0.046736830655092952 0.08522484091915071 0.040004986885392647 0.12858949631397307 -0.042384974813203809 0.11040020634266337 0.074753898896351575 0.040940352611312847 -0.029977496502107345
leaf_weight=313.98579897443733 9.3235665305867297 1853.4537344304276 398.3683838809921 2.78318196718942 9.6668009883824215 35.101684748860634 105.63951703493876 1991.2458610244798 52.777085679043807 0.78154981639306931 37.051822356327307 1.985475545252142 3.7032242644502267 1.4994565362822019 446.77669859462401 0.52562139032306987 4.901770524647417 14.294296157847837 0.80557207449305679 0.26425021617433231 0.92402472487674714 14.309469635153162 91.196090722906263 36.664318088921391 29.132063328328968 2.5020139768448635 2.8218798488123866 18.979571589532497 14.737313439546604 10.734475153185819
leaf_count=24622 11469 112844 22616 1763 1167 2410 15054 45525 7003 474 2851 378 706 32 35817 79 431 2542 245 89 154 1125 3326 1775 1714 717 37 1810 1054 1464
internal_value=0 0.0768481 0.0790965 0.077029 0.0532558 0.0772845 0.0914573 0.0894474 0.0979289 0.114121 0.122152 0.0995925 0.106818 0.0944803 0.095583 0.075583 0.0358823 0.0652031 0.196443 0.34271 0.101115 0.0152881 0.0866214 0.0722579 0.122591 0.0709466 0.0291881 0.0680205 0.0193271 0.0110537
internal_weight=0 2755.53 2441.54 1915.31 61.8611 37.8849 2751.41 2099.39 652.02 114.485 98.3395 45.5624 43.5769 537.535 528.211 81.4343 31.873 16.1457 1.85137 1.06982 49.5613 23.9763 526.229 127.86 30.0561 108.142 6.5251 19.5052 26.9712 25.4718
internal_count=301293 171648 147026 119309 6465 4173 129645 61296 68349 14325 10975 3972 3594 54024 42555 6738 2981 3350 808 334 3757 2292 27717 5101 1868 15771 743 1889 2550 2518
is_linear=0
shrinkage=0.1


Tree=178
num_leaves=31
num_cat=0
split_feature=86 86 86 120 17 138 179 163 211 171 174 147 157 94 77 212 3 11 1 135 210 229 204 2 127 65 144 194 86 66
split_gain=31.6318 8.90224 8.3981 3.41196 3.33595 3.80881 5.27684 4.35876 3.48 3.24713 4.05711 3.47251 3.63218 3.0749 4.52141 3.83237 4.25065 4.14994 3.72183 4.03556 3.07233 4.37221 4.24532 4.11848 3.81231 3.60822 3.26287 4.00765 3.21647 4.22447
threshold=-0.93589836359024037 -0.67822298407554615 -1.1852712035179136 0.03493135794997216 12.500000000000002 -0.006240834714844822 0.014743317849934103 1.0729035139083865 -0.011608805507421492 -0.13286575675010678 -0.29172867536544794 -0.015803001821041104 0.43775133788585668 0.031630847603082664 0.091507177799940123 0.031278977170586593 0.20722186565399173 0.076749827712774291 0.016954023391008381 0.007532980991527439 0.011520990636199714 0.06476814299821855 -0.086143095046281801 0.1003144644200802 -0.003834893810562789 110.50000000000001 0.04390696436166764 0.044700544327497489 -0.77072203159332264 6.0220594406127939
decision_type=2 2 2 2 2 2 2 2 2 2 2 2 2 2 2 2 8 10 8 2 2 2 2 10 2 2 2 2 2 2
left_child=2 4 3 9 5 -2 7 -7 -8 10 -1 -12 -13 -10 15 17 -17 -15 -16 -20 21 26 23 -22 -23 28 -6 -28 -24 -30
right_child=1 -3 -4 -5 20 6 8 -9 13 -11 11 12 -14 14 18 16 -18 -19 19 -21 22 24 25 -25 -26 -27 27 -29 29 -31
leaf_value=-0.096522254348820696 0.09026724271273398 0.097035939188177212 0.076883186690705513 0.084344460081915942 0.11451063877265216 0.076551522068889308 0.095628402039757893 -0.076747888589285954 0.089359425818363397 0.048556009449093281 0.14611085906621943 -0.015120483106445383 0.078119489868633485 0.094294803795025986 0.078111524740958838 0.068297402785099978 -0.023222280187904318 -0.041809742791410337 0.023745421350238133 -0.10987361854936616 -0.12938734059939946 -0.085549337188682753 0.10572351589976647 0.072474370468717297 0.07291362384554563 -0.060041009724112415 -0.10805757145126377 0.092811784287743407 -0.00043778287742073053 0.10055259050101815
leaf_weight=1.3514738643380031 964.81059464997611 1191.0619615709047 1482.7297775541781 44.900084755021226 128.86899498118044 714.77868682169765 337.51580844213743 1.8595626695200724 177.12154812392509 206.2392917221174 6.7727125161359245 4.5731197450475056 48.349184363329755 71.6228419797892 9.5537079464725156 21.465339422590549 6.6461995238646514 2.3125833972089813 11.525518559704322 2.8117198819845717 1.8310299450841956 1.8912809917596858 43.068629330129284 2.2560219616862014 7.6965943596230755 1.6182979094262453 1.4615576867804509 3.0999553549972916 7.6855759873432161 8.9836006451796475
leaf_count=421 49506 51455 93800 2961 3970 35153 15607 3390 10987 15990 446 2680 2048 4342 1123 894 622 335 752 188 471 289 1908 98 572 162 184 114 597 344
internal_value=0 0.089907 0.0737445 0.0588374 0.0865516 0.0854637 0.0820489 0.0761537 0.0886441 0.0545526 0.0748116 0.0786905 0.0700624 0.0808658 0.0689201 0.0780882 0.0466601 0.0900377 0.0297602 -0.00245902 0.0986695 0.106882 0.0807228 -0.0179612 0.0416556 0.0872963 0.111569 0.0284511 0.0912877 0.0539895
internal_weight=0 3721.55 1794.92 312.186 2530.49 2322.02 1357.21 716.638 640.575 267.286 61.0465 59.695 52.9223 303.059 125.938 102.047 28.1115 73.9354 23.8909 14.3372 208.462 143.018 65.4432 4.08705 9.58788 61.3561 133.431 4.56151 59.7378 16.6692
internal_count=301409 183063 118346 24546 131608 122899 73393 38543 34850 21585 5595 5174 4728 19243 8256 6193 1516 4677 2063 940 8709 5129 3580 569 861 3011 4268 298 2849 941
is_linear=0
shrinkage=0.1


Tree=179
num_leaves=31
num_cat=0
split_feature=86 86 86 93 167 126 72 175 12 103 0 158 205 230 177 190 157 194 152 181 17 163 183 79 222 94 113 194 208 213
split_gain=26.9771 9.27189 5.01961 3.47662 3.88232 3.7234 4.03355 3.41108 4.03572 3.06438 3.74771 4.54442 4.02417 3.69648 3.37543 3.04414 3.66574 3.61481 3.12948 2.94718 2.91729 3.82493 3.84457 2.81311 2.94606 4.47499 2.9024 2.95149 2.78989 5.03302
threshold=-0.95708391070365895 -1.1534370779991148 -0.67822298407554615 0.19220163673162463 2.5000000000000004 -0.014622391201555727 0.24211822450160983 0.0058733972255140552 269.00000000000006 0.12884292006492618 0.3473824411630631 0.45000000298023229 0.080852583050727858 0.01842161733657122 -0.22160077095031736 0.067344527691602721 0.46828964352607733 0.08163813874125482 0.047929208725690849 -0.12526387721300122 7.5000000000000009 0.8946710228919984 -0.27749526500701899 0.025158228352665905 0.012785354163497688 0.023997414857149128 0.035123165696859367 0.024010287597775463 -0.038259057328104966 -0.12990547716617581
decision_type=2 2 2 2 2 2 2 2 8 2 10 2 2 2 2 2 2 2 2 2 2 2 2 2 2 2 2 2 2 2
left_child=1 23 20 9 5 -5 -7 8 -6 28 11 12 14 -14 -11 -4 17 -17 -18 -9 -2 -22 -23 24 -1 26 27 -26 -3 -30
right_child=2 3 15 4 7 6 -8 19 -10 10 -12 -13 13 -15 -16 16 18 -19 -20 -21 21 22 -24 -25 25 -27 -28 -29 29 -31
leaf_value=0.06014736659913953 0.084163118959553154 0.073213974596150241 0.090245975278394591 0.082423975671981523 -0.011724528054462661 0.062818670507198596 -0.072994431197702825 -0.13004010780689274 0.055716552464859376 -0.058951190871771142 0.11697873836187636 0.093287011625656779 -0.054959733330144006 0.048352989574872295 0.062569482319970768 0.017653361744139638 0.10494433065439333 0.13740491169478197 0.049958161885173991 0.09169024373165853 0.09281980347881913 1.6007846999217699 -0.042021592431218814 0.064646698592338056 0.028551829996677547 -0.0078945337661343856 -0.053530122880240928 0.096826105500097237 -0.0068679471187787049 0.087897372846024779
leaf_weight=61.675433752056165 2136.607691327943 208.31907692184336 786.20976852169531 181.16243342073818 15.600253745363487 136.11386749637893 2.2224795274321414 0.62467711366593803 20.576329981725394 2.3546311438881267 13.537780700986557 33.51141104898079 6.4141945942637886 7.5276420183110986 78.135300611074854 9.5755992990626719 338.70075944744531 3.4213672144178409 10.676867974651939 14.847109285079624 557.49856716467332 0.014329248515651094 2.4352932396728866 267.32038149940058 12.428389156181543 20.763549546220474 2.3197130763751366 12.907883082383135 5.6652043355154538 522.24583761351482
leaf_count=5503 114969 13807 37437 9652 3303 8764 268 117 1361 294 1050 1186 909 468 6058 4090 8896 831 343 1613 22960 24 3255 19748 1008 2351 269 698 1061 29043
internal_value=0 0.0728413 0.088205 0.0769922 0.0688784 0.0729905 0.0606367 0.0434406 0.0266343 0.0804232 0.0669443 0.0616502 0.0504231 0.000822099 0.0590145 0.0937411 0.101324 0.0491772 0.103264 0.0827378 0.0858469 0.0922719 -0.0324119 0.0591062 0.0456533 0.0271911 0.0535327 0.063335 0.0830134 0.0868804
internal_weight=0 1626.27 3845.14 1248.86 371.147 319.499 138.336 51.6484 36.1766 877.711 141.481 127.943 94.4318 13.9418 80.4899 1148.58 362.375 12.997 349.378 15.4718 2696.56 559.948 2.44962 377.415 110.095 48.4195 27.656 25.3363 736.23 527.911
internal_count=301336 108531 192805 78954 25078 18684 9032 6394 4664 53876 9965 8915 7729 1377 6352 51597 14160 4921 9239 1730 141208 26239 3279 29577 9829 4326 1975 1706 43911 30104
is_linear=0
shrinkage=0.1


Tree=180
num_leaves=31
num_cat=0
split_feature=86 86 160 128 171 35 1 179 9 127 92 119 172 174 79 131 156 81 209 220 227 93 220 1 102 106 122 166 200 168
split_gain=29.0852 10.8932 4.8159 3.50369 5.1325 3.92322 3.55995 7.19493 5.99771 6.26256 4.13125 3.63751 3.54185 4.43729 3.48173 4.33412 3.63228 4.34773 3.47025 3.42027 4.61872 3.85722 3.7415 4.80817 5.72981 3.63655 3.51938 3.34758 3.33401 3.52709
threshold=-1.0724866986274717 -0.76415729522705067 1.0000000000000002 0.027301129885017875 -0.17990689724683759 1.0000000180025095e-35 0.0078672047238796967 0.014743317849934103 0.018764671869575981 0.016117628663778309 0.87455081939697277 0.050405737012624748 0.059992212802171714 -0.23996408283710477 0.020620748400688175 0.02549830358475447 0.17512886226177218 0.26614584028720861 -0.018249664455652233 -0.02243934944272041 -0.035074867308139794 -0.076343066990375505 -0.059365684166550629 0.15287244319915774 0.0033626754302531485 0.092121124267578139 -0.0032353738788515325 0.72849711775779735 -0.19434064626693723 3.2378700971603398
decision_type=2 2 2 2 2 2 10 2 8 2 2 2 2 2 2 2 2 2 2 2 2 2 2 10 2 2 2 2 2 2
left_child=14 2 3 -2 5 -5 7 8 9 -6 -10 12 -9 -14 -1 16 17 -16 -17 20 26 -21 -22 25 -25 -24 -3 -11 -18 -30
right_child=1 19 -4 4 6 -7 -8 11 10 27 -12 -13 13 -15 15 18 28 -19 -20 21 22 -23 23 24 -26 -27 -28 -29 29 -31
leaf_value=0.053381591232682227 0.087951818378934565 0.083013804843887859 0.077413125641613401 0.047624475001269588 -0.064330504690284229 -0.092868991878644169 0.088747247693878012 0.042582209889941471 0.10234428703535814 -0.076241147647313004 0.015986394562386839 0.13203347530473167 -0.12685112139819779 0.11956699892821095 0.085435359514907494 0.041919623010426177 -0.024105937891517677 0.0524198980318097 0.10982802885059327 0.10226917810315149 0.089904849524543431 0.090655928579774711 0.075054300917878472 -0.099453370557625959 0.16647029593866225 -0.13098388054010721 0.10827884062128029 0.076623096521444459 0.076951593010057717 0.053559948409019731
leaf_weight=178.69755809524872 1545.8042275569319 87.974520664762906 1002.3225334072604 29.705289303707335 9.532276993181144 2.1301368559443281 181.71156257924235 18.126178540890521 14.229880101875098 1.7418415694567091 9.0707762518677537 14.870964811192833 0.76841659072465596 14.910250462576638 153.3209353563991 9.2100357451707833 4.6780858313341005 53.911944281974797 41.133397523328767 548.75909727998101 257.77825461869628 597.29937819698512 214.14171910457952 3.2198520312531391 1.082728653175536 0.86007254503601771 147.70098767894189 8.0686828737661909 94.3813021214537 203.33344956870314
leaf_count=15151 75167 4170 68390 2776 1744 248 5691 2740 874 463 1154 1074 139 747 17598 1161 158 6592 1747 23007 11719 30242 11160 410 272 120 4389 268 6668 5319
internal_value=0 0.086877 0.0829959 0.0860195 0.0762219 0.0382239 0.0806525 0.064545 0.034556 -0.00660549 0.0687258 0.0908175 0.0726864 0.10749 0.0655349 0.0694133 0.0666482 0.0768463 0.0974046 0.0928338 0.0873945 0.0962166 0.0817366 0.0721354 -0.0325347 0.0742301 0.0988477 0.0494823 0.0596593 0.0609755
internal_weight=0 4711.81 2852.99 1850.67 304.866 31.8354 273.031 91.3193 42.6435 19.3428 23.3007 48.6758 33.8048 15.6787 738.667 559.969 509.626 207.233 50.3434 1858.82 712.758 1146.06 477.083 219.304 4.30258 215.002 235.676 9.81052 302.393 297.715
internal_count=301358 246964 161475 93085 17918 3024 14894 9203 4503 2475 2028 4700 3626 886 54394 39243 36335 24190 2908 85489 32240 53249 23681 11962 682 11280 8559 731 12145 11987
is_linear=0
shrinkage=0.1


Tree=181
num_leaves=31
num_cat=0
split_feature=86 86 86 194 106 140 159 220 157 6 195 218 131 10 231 2 139 157 121 3 116 2 157 209 206 52 4 157 155 139
split_gain=32.612 10.2379 4.06702 3.36914 3.85308 2.8893 5.28032 3.60831 3.23812 3.18037 3.32866 3.04979 2.84646 2.8195 2.8052 3.36805 4.14548 3.48742 3.21611 3.20957 3.87236 4.23998 3.08107 3.07493 3.21959 3.36856 3.00385 3.64605 5.07965 2.88836
threshold=-1.0724866986274717 -0.76415729522705067 -1.1852712035179136 0.16158960759639743 -0.012567270081490277 -0.033581774681806557 0.07180031388998033 0.0087155913934111613 0.37867735326290136 0.32380953431129461 0.15865209698677066 0.090575311332941069 -0.033298671245574944 29.500000000000004 -0.01613172888755798 1.0000000180025095e-35 -0.032631780952215188 0.45341856777668005 -0.084776312112808214 0.16152751445770266 0.034114640206098563 0.055996472015976913 0.5039929747581483 0.076968062669038786 0.11824831366539003 1.0000000180025095e-35 0.034683240577578552 0.38624396920204168 0.02427454944700003 1.0000000180025095e-35
decision_type=2 2 2 2 2 2 2 2 2 10 2 2 2 8 2 8 2 2 2 8 2 8 2 2 2 2 8 2 2 2
left_child=2 5 12 13 -5 6 7 -2 9 10 -7 -8 -1 -4 -15 16 -16 -18 -17 20 -20 -22 -23 24 25 -19 27 28 -21 -26
right_child=1 -3 3 4 -6 8 11 -9 -10 -11 -12 -13 -14 14 15 18 17 23 19 26 21 22 -24 -25 29 -27 -28 -29 -30 -31
leaf_value=0.080858163957094054 0.077413497018553976 0.092760379827310169 -0.040401257843109224 -0.016954157856306381 0.06970789547121635 0.020714291150613545 0.099229546343042291 -0.036139005531610528 0.082523612507196156 0.37091398712910395 0.24783264054016707 0.056809132443386978 0.051660155397012068 0.082454326851951643 -0.091110535704779699 -0.16904077830597308 -0.071932653219393058 0.12907973418265983 0.056972156140563515 0.15191975618664447 0.08206759623799624 0.049717027434387148 -0.079794298703540378 -0.10043512532397136 0.54570251968275774 0.0069023797420368184 0.070954460794957888 -0.047788526056458669 1.7470323502588911 -0.11020323099515972
leaf_weight=38.246302833653999 6.2216990293446752 1859.9588037577487 2.1991499332207232 9.2233490766209361 11.561161699557145 14.643532793009394 235.70368305911677 5.0859949941682316 2618.3788914036222 0.27982972911627335 0.67505199964966855 18.261087699490872 262.88052132715779 179.97011357113945 1.098596491661058 0.60445426610294717 1.0417491826201537 20.97190384284205 33.030249018239374 0.08111580844433719 3.7504157402859137 2.5361524312600068 6.6623418711460545 0.64583162609051115 0.30989789996965456 2.5287474345113869 150.15345868218128 3.0497787334679742 0.026481871878786478 0.085705827819765545
leaf_count=2951 497 85240 5609 760 1120 11471 11619 444 135348 323 665 1293 21517 8637 396 69 825 1007 1820 116 130 440 259 287 40 401 7182 534 15 63
internal_value=0 0.0869697 0.0642791 0.070526 0.0312507 0.0832548 0.0932023 0.0263396 0.082253 0.0368257 0.0307228 0.0961793 0.0553686 0.0725231 0.0731339 0.0657307 0.0991017 0.10727 0.0612763 0.0619748 0.0388016 -0.00754807 -0.0440862 0.114876 0.120695 0.115933 0.0689247 -0.0276041 0.544508 0.403603
internal_weight=0 4759.21 730.657 429.531 20.7845 2899.25 265.272 11.3077 2633.98 15.5984 15.3186 253.965 301.127 408.746 406.547 226.577 26.6824 25.5838 199.894 199.29 45.9792 12.9489 9.19849 24.5421 23.8963 23.5007 153.311 3.15738 0.107598 0.395604
internal_count=301078 246900 54178 29710 1880 161660 13853 941 147807 12459 12136 12912 24468 27830 22221 13584 3019 2623 10565 10496 2649 829 699 1798 1511 1408 7847 665 131 103
is_linear=0
shrinkage=0.1


Tree=182
num_leaves=31
num_cat=0
split_feature=86 86 152 188 64 0 201 86 86 131 17 138 80 88 10 65 170 85 153 213 205 93 226 142 220 10 0 224 130 96
split_gain=32.8383 11.4196 4.1823 4.40665 3.87897 3.8033 3.97043 3.75604 3.60982 4.22483 3.54147 3.90921 3.83823 3.47278 4.13335 3.40739 3.28614 3.2396 3.17552 5.17924 4.11849 3.50415 3.48205 4.09657 5.31045 3.15537 3.02383 4.62643 4.24035 3.99538
threshold=-1.0724866986274717 -0.83778271079063404 0.051856007426977165 0.050927696749567992 2.5000000000000004 0.15412896126508716 0.091382388025522246 -1.1852712035179136 -0.66562828421592701 -0.033298671245574944 10.500000000000002 -0.01089072087779641 0.16264534741640094 0.65624013543128978 522.00000000000011 111.50000000000001 0.42745165526866918 72.500000000000014 1.0000000180025095e-35 -0.088814724236726747 -0.026397650130093094 -0.063719697296619401 -0.05865096673369407 -0.012365946080535649 -0.02243934944272041 42.500000000000007 0.15412896126508716 -0.16108159720897672 0.04015068709850312 -0.075974583625793443
decision_type=2 2 2 2 2 8 2 2 2 2 2 2 2 2 8 2 2 2 2 2 2 2 2 2 2 8 10 2 2 2
left_child=7 10 8 25 -5 17 -7 -1 -3 15 11 12 18 14 -9 -10 -13 -6 -2 20 -20 -22 23 24 -21 -4 27 -18 29 -29
right_child=1 2 3 4 5 6 -8 13 9 -11 -12 16 -14 -15 -16 -17 26 -19 19 22 21 -23 -24 -25 -26 -27 -28 28 -30 -31
leaf_value=0.056262585346563032 0.100532438100777 0.089315886784820761 -0.079792956122709369 0.018916287579243941 -0.082488806792791719 0.088017935338907699 -0.010085520405966797 -0.12022035022203191 0.086779276400094529 0.10061096420820147 0.093343080912367468 0.094917331204900285 0.072888270151455534 0.071672444676613697 0.05957029673664363 -0.050847398805130506 -0.1338157588863608 0.085923551193009928 0.081063064483320901 0.077889338756783902 -0.15043591157694255 0.014671161331992366 0.092288049288338711 0.081210317782160368 -0.057930961315605004 0.090980706797890956 0.07786524236956717 0.047162949461658554 -0.0091302691382522932 0.076219483450933975
leaf_weight=314.33942835681603 194.25912774433073 1529.2111346982006 1.0924186088168983 18.882566293609557 2.8219148940847267 46.501594024139422 4.5270494017731826 2.0643219741921817 254.0000047706028 781.27037359251176 221.89105138608556 88.629725267700906 162.63618182442349 423.29095141777367 3.3599314336788666 1.8117723916393504 1.1618340545428498 1.918905967114142 9.757079685244209 5.7443845476861952 1.5114180349478363 8.5973342221398052 229.53383140021162 26.629552963583365 5.7706215324635632 112.92450714894187 800.50017418630819 64.566562692064792 7.254973782244746 177.19220102472474
leaf_count=24529 10036 75189 1632 1113 548 1445 292 415 11845 33184 11064 3602 9652 29121 168 162 348 188 833 348 180 954 12338 1731 518 4080 38919 7463 1207 18127
internal_value=0 0.0871691 0.091348 0.0769782 0.058091 0.0713548 0.0793146 0.0645657 0.0924045 0.0969587 0.0814289 0.0799469 0.0861714 0.0706536 -0.00885309 0.0858045 0.076426 -0.0143218 0.0906552 0.0839824 0.0347179 -0.010015 0.0876386 0.0596605 0.00982446 0.0893445 0.0748662 0.0652699 0.0661988 0.0684593
internal_weight=0 4760.6 2754.96 188.669 74.652 55.7695 51.0286 743.055 2566.29 1037.08 2005.64 1783.75 644.44 428.715 5.42425 255.812 1139.31 4.74082 481.803 287.544 19.8658 10.1088 267.678 38.1446 11.515 114.017 1050.68 250.176 249.014 241.759
internal_count=301231 246998 129678 9298 3586 2473 1737 54233 120380 45191 117320 106256 36590 29704 583 12007 69666 736 26938 16902 1967 1134 14935 2597 866 5712 66064 27145 26797 25590
is_linear=0
shrinkage=0.1


Tree=183
num_leaves=31
num_cat=0
split_feature=86 86 74 171 17 178 198 20 160 185 92 107 10 216 173 66 128 206 157 170 161 222 198 186 217 233 217 157 196 152
split_gain=31.1611 13.5283 3.92177 4.41922 3.88314 5.60923 4.61949 3.85245 3.98721 3.85162 5.6484 4.58549 7.38801 4.39428 3.68782 3.81344 4.18729 3.63434 3.46956 3.87979 3.73509 3.39807 3.38146 3.23851 3.23129 3.22072 3.22028 3.78962 3.2121 3.46259
threshold=-1.0724866986274717 -0.76415729522705067 0.055867666378617294 -0.143329843878746 14.500000000000002 -0.037721442058682435 -0.011354309041053055 1.0000000180025095e-35 2.0000000000000004 0.1095290742814541 0.95600420236587536 0.056957062333822257 411.50000000000006 0.075039114803075804 0.32252989709377294 3.1320537328720097 0.018490469083189968 -0.026393667794764038 0.37867735326290136 0.48385892808437353 4.892986774444581 0.0025874610291793947 -0.030621624551713463 -0.11257097497582434 -0.085904654115438447 -0.060101656243205064 0.19204261153936389 0.30717815458774572 0.084587153047323241 0.057806763797998435
decision_type=2 2 2 2 2 2 2 2 2 2 2 2 8 2 2 2 2 2 2 2 2 2 2 2 2 2 2 2 2 2
left_child=18 4 3 28 -2 6 -6 8 9 11 23 26 13 21 -9 16 -16 -10 20 24 -1 -13 -19 -11 -20 -26 -4 -28 -3 -30
right_child=1 2 7 -5 5 -7 -8 14 17 10 -12 12 -14 -15 15 -17 -18 22 19 -21 -22 -23 -24 -25 25 -27 27 -29 29 -31
leaf_value=-0.007526653349976823 0.081963408921834124 0.08618604718490025 0.086875507141185582 0.10372123238386444 0.088684461260448433 0.1098658552384688 -0.0014204714685870155 0.10653200460108775 0.0080304719476680855 0.1310751053039908 -0.085109682354703453 -0.07931328492454337 0.088274179047238333 0.087302574411581332 0.056797521138681563 0.10237314972832126 -0.083913476385804486 -0.029027541518385637 0.046494567206102587 0.060637251468065506 0.35094299828852427 0.018415108075145341 0.084574122179028599 0.094967726537599162 0.046224291335088312 0.08486246633183353 0.4620061273237987 -0.048448468942873683 0.10939888288928333 -0.04076396663911952
leaf_weight=8.9321069498082544 2737.5313096905952 359.73387869895623 457.07369918527627 569.12362417941517 16.253894801985556 104.494259743557 8.7543243993959532 172.54420347390214 11.760233504531241 34.999088356929406 1.5758307844344006 5.8558742440409359 26.038391826922634 5.1362975070821895 12.722170830453249 16.894836877777834 2.5364837630995671 2.9002016018234853 32.182487511751333 485.39132914041045 0.30044440886422386 9.0663240540202406 27.139573689939425 85.577569793404223 24.335887868922327 190.05233445590341 0.15386318968012291 2.6563657909082394 92.809095616760715 1.5614290200073799
leaf_count=9080 156248 12128 20752 29661 740 3655 853 7879 1434 669 210 865 802 263 244 613 144 612 1401 33272 124 1015 1113 3899 1651 8651 3 335 2799 114
internal_value=0 0.0870991 0.0936482 0.0978509 0.0827639 0.0996845 0.0571425 0.0887314 0.0850628 0.0870529 0.10299 0.0832054 0.0531367 0.00752403 0.100738 0.0696447 0.0334068 0.0551569 0.0650579 0.0658263 0.00413862 -0.0199362 0.0736064 0.105448 0.0760412 0.0804765 0.0862194 -0.0205005 0.0904937 0.106914
internal_weight=0 4764.89 1897.86 1023.23 2867.03 129.502 25.0082 874.631 669.933 628.133 122.152 505.981 46.0969 20.0585 204.698 32.1535 15.2587 41.8 741.195 731.962 9.23255 14.9222 30.0398 120.577 246.571 214.388 459.884 2.81023 454.104 94.3705
internal_count=301229 247050 85554 44702 161496 5248 1593 40852 31972 28813 4778 24035 2945 2143 8880 1001 388 3159 54179 44975 9204 1880 1725 4568 11703 10302 21090 338 15041 2913
is_linear=0
shrinkage=0.1


Tree=184
num_leaves=31
num_cat=0
split_feature=86 86 86 93 83 129 171 10 112 0 229 7 58 163 75 124 211 150 207 173 93 81 163 190 230 6 140 92 215 203
split_gain=30.3096 9.92708 7.33964 3.99026 3.96461 3.82961 3.75219 3.57243 4.74372 3.23057 3.17534 3.30424 8.19436 3.163 3.04843 3.64261 3.04694 3.79107 3.03573 4.23501 2.82274 2.76341 3.54735 3.21306 4.90365 3.80706 3.39521 2.84428 2.7568 2.7447
threshold=-0.93589836359024037 -1.1852712035179136 -0.57249638438224781 0.36546161770820623 7.5000000000000009 0.0081331296823918837 -0.072070453315973268 57.500000000000007 -0.033225087448954575 0.14415584504604342 0.06476814299821855 1.0000000180025095e-35 1.0000000180025095e-35 1.0052584409713747 0.051414221525192268 -0.070459593087434755 0.067311204969882979 -0.02365701179951429 0.048549523577094085 -0.48616047203540796 0.30705134570598608 0.19292803853750232 1.135160565376282 -0.092846628278493867 0.032798819243907935 0.022991543635725979 -0.036069910973310464 0.94433763623237621 0.13055375963449481 0.17912618815898898
decision_type=2 2 2 2 2 2 2 8 2 8 2 8 2 2 2 2 2 2 2 2 2 2 2 2 2 8 2 2 2 2
left_child=1 -1 4 13 5 10 18 8 -8 14 11 12 -2 -3 15 -9 -4 -18 -7 -20 21 22 -13 24 26 -25 -23 29 -5 -27
right_child=2 3 16 28 -6 6 7 9 -10 -11 -12 20 -14 -15 -16 -17 17 -19 19 -21 -22 23 -24 25 -26 27 -28 -29 -30 -31
leaf_value=0.05698179912202106 0.13230192039718366 0.07885761003720633 0.10295862665049881 0.064221926785666433 0.094555387051252507 0.078911323329740879 -0.068302005557215106 0.52588730382884741 0.12791161606310947 0.070739796623635942 0.098087332362494561 0.087719545894232642 -0.047635288140572059 -0.046422142048571507 0.0564199534191447 -0.048906368513877245 0.024644479708890093 0.090143536668449487 -0.13748586101144078 0.095512025774742534 0.058864626704865801 -0.048179801959191568 -0.077245916538351181 -0.088636228098343942 -0.11892646532075948 0.086686211378369682 0.086159696031542887 -0.041918999256633435 -0.0242948129625137 -0.040671548063264069
leaf_weight=304.41115581664644 30.700833915597201 1312.7384734682755 476.5921651361723 165.31972774710061 618.90118371244625 312.2163596786379 1.328365746045338 0.11259842934350572 17.00963640951619 261.00074764694932 277.78099397629467 1285.8425907780365 2.7582713552900193 2.018389222340601 9.9177817678421416 5.2917949069624228 9.861380450286104 85.045697389212364 0.78311758432573597 202.47624045317139 38.213181045719011 2.5679401268134816 1.3048451043987359 1.3657038969704434 2.0856792304466572 65.080084282700682 7.0358975495914811 1.8623103228092066 3.5949850360211704 1.7373453216468977
leaf_count=24514 12410 74024 18474 12158 29640 16436 857 16 4409 12903 13491 50834 3453 6890 641 891 528 3729 62 6432 2087 161 1462 489 205 2607 396 79 634 118
internal_value=0 0.0734314 0.0892747 0.0768064 0.0873817 0.0856257 0.0799578 0.0709565 0.113698 0.06812 0.088298 0.0864103 0.117468 0.0786653 0.0234936 -0.0369308 0.0997003 0.0833378 0.0851032 0.0946143 0.0856718 0.0864201 0.0875523 0.0685902 0.020056 0.0766898 0.0502391 0.0799773 0.062338 0.0833747
internal_weight=0 1788.08 3718.87 1483.67 3147.37 2528.47 810.137 294.661 18.338 276.323 1718.34 1440.55 33.4591 1314.76 15.3222 5.40439 571.499 94.9071 515.476 203.259 1407.1 1368.88 1287.15 81.735 11.6895 70.0454 9.60384 68.6797 168.915 66.8174
internal_count=301030 118220 182810 93706 160079 130439 42647 19717 5266 14451 87792 74301 15863 80914 1548 907 22731 4257 22930 6494 58438 56351 52296 4055 762 3293 557 2804 12792 2725
is_linear=0
shrinkage=0.1


Tree=185
num_leaves=31
num_cat=0
split_feature=86 86 86 160 168 98 168 88 219 17 178 228 143 218 171 119 197 119 7 68 110 180 200 88 138 119 132 217 201 156
split_gain=23.4126 10.3079 4.22202 3.12393 4.80783 3.35006 3.29618 3.81828 3.04744 2.89275 4.06181 3.14497 3.12831 3.00185 3.63521 3.25223 2.93673 5.36946 5.34179 3.37625 3.34841 4.07067 3.6683 3.63139 6.53636 3.54411 4.98324 3.44682 3.25109 3.4824
threshold=-1.0724866986274717 -0.76415729522705067 -1.1852712035179136 1.0000000000000002 3.9033331871032719 0.015281092375516893 3.0961004495620732 0.73161339759826671 0.063560996204614653 10.500000000000002 -0.039113517850637429 -0.01036173617467284 0.0268859351053834 -0.047674549743533128 -0.02174359746277332 -0.02458584867417812 0.015439177397638561 0.029297959059476856 0.26726190745830541 37.553770065307624 -0.047861982136964791 0.31316554546356207 0.16862380504608157 0.75401470065116893 0.015006188303232195 0.038390310481190688 -0.0070194890722632399 0.013017129153013231 0.10108614340424539 0.077296491712331786
decision_type=2 2 2 2 2 2 2 2 2 2 2 2 2 2 2 2 2 2 10 2 2 2 2 2 2 2 2 2 2 2
left_child=2 9 3 6 5 8 7 -1 -5 16 11 -11 13 -13 15 -15 17 28 -19 -20 22 -22 23 -18 27 26 -23 -25 -2 -30
right_child=1 -3 -4 4 -6 -7 -8 -9 -10 10 -12 12 -14 14 -16 -17 20 18 19 -21 21 25 -24 24 -26 -27 -28 -29 29 -31
leaf_value=-0.040808817393765393 0.083901949616118465 0.092286019841459649 0.073671678946172797 0.051064658053236595 0.075100154844954636 -0.010291533595401074 0.058961925505838654 0.098452522293313874 -0.048431135568284614 0.089791694556741422 0.097310117401256266 0.096028204175341456 -0.047562937987175737 0.088379125543056977 0.061454053030083514 -0.086162820722757716 0.074266973172336118 0.063202542143993221 0.020290618232559576 0.12486181306610263 0.088138256640909143 -0.016286053875333689 0.15125069286445542 0.10070735530710162 -0.056311727602225914 0.10610738129785653 0.069879274206144218 -0.0010204470900327357 -0.0066187321149661308 0.070015204338784415
leaf_weight=2.0800611820723125 887.02249306838826 1840.9391947418067 434.93118082475974 33.741381251367784 28.790539772357079 18.298543802723316 183.82585654271134 36.815204922902922 3.3874595228370472 37.763534224878299 258.50367885421099 11.958743070857965 3.1379644667213134 1.4764959163960627 11.975882132533568 3.8541565400166755 109.32594784951607 295.13060263805585 3.5802353450355922 22.435418259599828 1039.9665491618543 10.856537156362039 5.3747694472731373 9.5973966243500417 6.3046368448058265 10.035141097967424 17.581449868117488 5.1010045557761705 6.2943377582017765 102.37453105358099
leaf_count=508 50790 85483 29640 4176 1159 3271 10902 3841 796 2091 11191 588 558 166 648 729 5991 21450 1183 1307 53516 708 204 520 623 439 860 367 2380 5144
internal_value=0 0.0864496 0.0673343 0.0583542 0.0419482 0.0247281 0.0645578 0.091005 0.0419871 0.0826924 0.0915183 0.0701807 0.0473255 0.0574999 0.0308769 -0.0378178 0.0815462 0.0782754 0.0670317 0.110471 0.0850937 0.0869566 0.0702895 0.0669506 0.0288672 0.0550143 0.0369846 0.0654032 0.0819019 0.0655764
internal_weight=0 4700.59 741.87 306.939 84.2179 55.4274 222.721 38.8953 37.1288 2859.65 328.67 70.1668 32.4032 29.2653 17.3065 5.33065 2530.98 1316.84 321.146 26.0157 1214.14 1078.44 135.704 130.329 21.003 38.4731 28.438 14.6984 995.691 108.669
internal_count=301229 246936 54293 24653 9402 8243 15251 4349 4972 161453 15971 4780 2689 2131 1543 895 145482 82254 23940 2490 63228 55523 7705 7501 1510 2007 1568 887 58314 7524
is_linear=0
shrinkage=0.1


Tree=186
num_leaves=31
num_cat=0
split_feature=86 86 86 206 157 65 157 10 156 112 63 146 175 151 115 157 13 115 225 126 168 225 228 120 175 66 153 114 128 78
split_gain=29.1761 8.59595 6.12488 3.65229 3.44734 4.19299 3.40046 3.88582 3.77346 3.44224 5.45135 4.34462 3.96849 4.02055 3.66424 3.51858 3.48865 3.44837 3.40661 4.26473 3.61229 3.32223 3.91101 3.24049 3.34605 3.22313 3.15471 4.08406 3.15057 3.34881
threshold=-0.96707141399383534 -1.1852712035179136 -0.81387522816658009 0.074654348194599165 0.46466463804245001 1.0000000180025095e-35 0.51101723313331615 26.500000000000004 0.11853256076574327 -0.020986938849091526 0.42208679020404821 0.012199621181935074 0.016576103866100315 -0.013781458605080841 -0.066403072327375398 0.39950715005397802 0.082036256790161147 0.065189588814973845 -0.015801836270838972 0.030531797558069233 3.3404341936111455 0.057998603209853179 0.068078592419624342 0.0042201711330562839 -0.017802878282964226 0.48805965483188635 0.015883826650679115 0.0083119100891053694 0.025288878940045837 0.01197647722437978
decision_type=2 2 2 2 2 2 2 8 2 2 2 2 2 2 2 2 10 2 2 2 2 2 2 2 2 2 2 2 2 2
left_child=1 -1 4 6 5 -2 9 -8 -9 17 11 12 16 -14 15 -13 18 23 19 20 -11 22 26 24 -3 -19 27 -7 29 -5
right_child=2 3 -4 28 -6 21 7 8 -10 10 -12 14 13 -15 -16 -17 -18 25 -20 -21 -22 -23 -24 -25 -26 -27 -28 -29 -30 -31
leaf_value=0.05784834820252982 0.0082298686726416711 0.039596473817530703 0.091906244670050402 0.087929812206968563 0.085113743906324077 0.042480155657329828 -0.060705798999392949 0.096047264156498724 0.073829557540837434 0.0026514469032466632 -0.033978323444668501 1.1187702997074627 0.0038737831806919957 0.12639408627019627 0.010384694857817621 0.20816852373335448 0.11900623350644485 0.088329041678722409 0.017032130063695472 -0.098246031312313825 0.10069006187342402 0.02844722058273343 -0.0035389587292276566 0.10390203396232514 0.09785476426360859 -0.043161593043142314 0.11084333685333936 0.1028008560321164 0.10202879473896101 0.063998302966473089
leaf_weight=313.98480778328417 11.074112741820782 24.556658444149946 2457.2055812462586 170.18584439836394 1374.7801447650741 24.901667910037304 2.0661545131174526 87.501457715486595 604.90976851761616 4.7382400279441361 7.3790714947172082 0.049620130191786127 3.218567157143414 15.957838220436427 21.193528402762809 0.29298799880325532 7.0127559303529088 3.2092782560512196 24.251171836084552 1.4188481246261506 18.171514509283668 14.143245601903343 5.1386780273728609 36.641867167461328 16.471267024998127 4.4477602381087706 31.564170833311891 20.435513852268002 83.631099889357529 89.077602247728635
leaf_count=24560 9223 4756 115038 10395 52263 5558 3661 3510 14081 2004 1691 46 1050 2005 5201 132 915 235 6113 413 1736 4324 2012 6076 3461 1576 4388 4577 3724 6321
internal_value=0 0.072612 0.0888439 0.0763919 0.0837666 0.0664997 0.0729921 0.0762286 0.0766373 0.0611001 0.0488578 0.0552048 0.066604 0.10583 0.0156292 0.340051 0.0530731 0.0759763 0.0435553 0.0699941 0.0804135 0.0732086 0.0809252 0.0822883 0.0629851 0.0119498 0.0865693 0.0696694 0.0851516 0.0797074
internal_weight=0 1540.37 3939.24 1226.38 1482.04 107.257 883.488 694.477 692.411 189.011 103.684 96.3051 74.7689 19.1764 21.5361 0.342608 55.5925 85.3268 48.5798 24.3286 22.9098 96.1833 82.04 77.6698 41.0279 7.65704 76.9014 45.3372 342.895 259.263
internal_count=301045 103662 197383 79102 82345 30082 58662 21252 17591 37410 21306 19615 14236 3055 5379 178 11181 16104 10266 4153 3740 20859 16535 14293 8217 1811 14523 10135 20440 16716
is_linear=0
shrinkage=0.1


Tree=187
num_leaves=31
num_cat=0
split_feature=86 86 86 17 175 97 93 4 69 96 121 157 107 72 157 88 4 201 6 230 1 150 230 93 171 13 190 96 190 1
split_gain=27.4497 9.3505 6.17406 3.52727 3.90072 3.06891 2.7169 3.36674 2.58207 2.89961 2.57642 6.88105 4.43311 6.79088 3.61599 4.18576 3.5236 3.33063 3.02009 2.94296 2.92993 3.60546 3.34004 3.04012 2.99086 3.19041 2.80257 2.67767 3.96232 3.83282
threshold=-0.93589836359024037 -1.1852712035179136 -0.59552285075187672 9.5000000000000018 0.050398726016283042 0.098886922001838698 0.36546161770820623 0.15849281847476962 2.1656919717788701 -0.005387040087953209 0.042701594531536109 0.55453500151634227 -0.0040550227276980868 0.083771932870149626 0.53344655036926281 0.67242872714996349 0.043961353600025184 0.16814640909433368 0.030090497806668285 0.067767251282930388 0.15707236528396609 0.013748755212873222 0.042294343933463104 -0.25767512619495386 -0.093868236988782869 0.025105042383074764 0.099236711859703078 -0.086013894528150545 0.094924099743366255 0.12060972675681116
decision_type=2 2 2 2 2 2 2 10 2 2 2 2 2 2 2 2 10 2 8 2 10 2 2 2 2 8 2 2 2 10
left_child=1 -1 3 4 5 10 -3 -8 -7 -10 20 12 14 -14 15 -12 -17 -13 -16 -20 23 -22 -23 24 25 -2 -15 -25 29 -29
right_child=2 6 -4 -5 -6 8 7 -9 9 -11 11 17 13 26 18 16 -18 -19 19 -21 21 22 -24 27 -26 -27 -28 28 -30 -31
leaf_value=0.058755734564805311 -0.082445445317758395 0.079199962764858703 0.09796008359832685 0.095786385494576659 0.097479041165413893 -0.029678724858926916 0.068191937480946915 -0.020431361764148552 0.13784907343986605 0.07786729464564375 -0.016897325948101179 0.085800504309222758 0.082714556803638206 -0.017490613430394191 0.15316093601607741 0.10789273806359936 0.04143717452262069 -0.083473338832581415 -0.066518095616456913 0.047663377285469502 0.1224009875826364 -0.062708441563187819 0.10572425966079513 0.090363621367641353 0.15369847111861609 0.10100338432653129 0.084541577571623172 0.079749328287521348 0.093272475717521092 0.03791476183709111
leaf_weight=316.59436601660241 0.98034246596739905 1332.9700803556862 681.85020589718079 432.1636749982913 266.70436487244297 1.225693104005585 171.48271319771277 4.3965054538690529 24.224112775397998 12.077579146259948 7.5270773652279663 400.3832570793661 90.627082489845577 10.614255617563684 0.99588504722032389 12.473113393855895 22.141682223953808 1.1657615979602258 6.9129812933606445 3.3517884877219331 37.793695835246808 2.1381720229965131 2.61993249279476 568.68205062318088 12.233010347750222 28.752444111720706 3.6068191182235969 808.55035467416008 237.08224786177482 22.509872352880848
leaf_count=24641 328 81064 27513 19597 15006 206 11425 1383 1488 1216 1678 7101 12097 1773 387 2760 3084 146 642 113 3000 697 258 26555 838 630 411 42398 11260 1595
internal_value=0 0.0743802 0.0893659 0.087424 0.0860262 0.0847088 0.0776586 0.0659766 0.113073 0.117893 0.0842422 0.078349 0.0606883 0.0726332 0.0372362 0.0506873 0.0653838 0.0853091 -0.0131032 -0.029234 0.0861587 0.112073 0.0300349 0.0855019 0.112079 0.0949548 0.00838729 0.0848205 0.0818693 0.0786162
internal_weight=0 1825.44 3699.39 3017.54 2585.37 2318.67 1508.85 175.879 37.5274 36.3017 2281.14 559.8 158.251 104.848 53.4025 42.1419 34.6148 401.549 11.2607 10.2648 1721.34 42.5518 4.7581 1678.79 41.9658 29.7328 14.2211 1636.82 1068.14 831.06
internal_count=301290 118513 182777 155264 135667 120661 93872 12808 2910 2704 117751 30192 22945 14281 8664 7522 5844 7247 1142 755 87559 3955 955 83604 1796 958 2184 81808 55253 43993
is_linear=0
shrinkage=0.1


Tree=188
num_leaves=31
num_cat=0
split_feature=86 86 86 17 10 171 204 1 126 164 123 118 100 126 209 0 171 3 143 72 11 156 182 221 182 154 212 191 116 111
split_gain=32.4278 13.3821 4.78475 3.59872 3.78352 3.506 4.02703 5.66155 3.91374 3.80472 3.94386 3.40692 3.39245 3.35743 3.31132 3.2575 3.08775 2.99353 4.63933 3.48529 2.98096 2.92556 3.67187 3.64902 3.4765 3.99124 3.68963 3.53257 3.86263 3.31601
threshold=-1.0724866986274717 -0.81387522816658009 -1.1852712035179136 10.500000000000002 67.500000000000014 0.013746987096965315 0.014776734169572594 0.12060972675681116 -0.025924447923898693 4.2555875778198251 -0.035405270755290978 -0.0058546534273773423 0.14789829403162005 -0.064202588051557527 -0.039422690868377679 0.14415584504604342 0.52714467048645031 0.29853747785091406 0.0014362468500621619 0.34980392456054693 0.025062814354896549 0.27311578392982488 -0.30503374338150019 0.02605614718049765 0.015762463212013248 0.04607451148331166 0.073351427912712111 0.021107380278408531 -0.067582961171865449 0.037872314453125007
decision_type=2 2 2 2 8 2 2 10 2 2 2 2 2 2 2 8 2 10 2 2 8 2 2 2 2 2 2 2 2 2
left_child=2 5 -1 21 14 20 7 8 -7 10 -8 15 -13 -11 -5 -10 -6 19 -19 -4 -2 23 -23 24 27 -26 -27 -3 -29 -30
right_child=1 3 17 4 16 6 9 -9 11 13 -12 12 -14 -15 -16 -17 -18 18 -20 -21 -22 22 -24 -25 25 26 -28 28 29 -31
leaf_value=0.054899563997306937 0.092100517431898232 0.1039239359823011 0.069681024991297219 -0.11284191538253162 0.10654284209462191 0.082742089511361083 -3.2548730289845999e-06 0.0061038890080884443 -0.079249417512455844 -0.046343015260312211 0.10509690843948701 0.054096302779095898 -0.025009640282230912 0.077095489545902382 0.063482964810763098 0.082463831283470457 0.0019107498586172446 0.022668924652921432 0.12363159806355424 -0.081057763913458522 0.081795447975059998 0.0098698520745434722 0.087897093691913064 0.10200673955887299 0.083333984517100376 -0.03581618511843114 0.15627585252145304 -0.057333247919595043 0.072975725125215177 0.11117975120507806
leaf_weight=301.82871111039628 354.72394320896842 223.50453856890169 406.00703773788729 1.2787328584285544 253.13278024638691 143.49912819731765 3.722384432881312 14.26604727577296 1.2714608865264825 2.2328895982906252 87.436935083233152 107.0978539076695 5.7102467646311643 167.18490799523676 6.3738240390218257 61.343588542145199 2.8521861505582811 5.7239298882274197 22.215717332743395 1.5396866611326903 1345.2983029660529 6.0628731289762063 1149.7350923047461 418.61977936384801 265.75690616174467 5.0082763631953631 1.2493546528721706 1.9539610223137049 75.079837301363057 32.577514038243976
leaf_count=24604 36924 16946 25868 988 6033 7664 943 1548 867 240 7650 8377 551 6391 2363 3620 402 1408 2350 159 57068 166 28485 28517 19294 813 188 261 7603 2633
internal_value=0 0.0871206 0.0645759 0.0922707 0.103306 0.0816352 0.0750199 0.0677369 0.0704939 0.0843323 0.100805 0.0604746 0.050092 0.0754686 0.0340193 0.0791801 0.105377 0.0712824 0.102948 0.0691115 0.0839457 0.0909359 0.0874878 0.0948287 0.089863 0.0814752 0.00253556 0.0967123 0.0820074 0.0845364
internal_weight=0 4736.97 737.315 2443.19 263.638 2293.79 593.765 333.188 318.922 260.577 91.1593 175.423 112.808 169.418 7.65256 62.615 255.985 435.486 27.9396 407.547 1700.02 2179.55 1155.8 1023.75 605.13 272.015 6.25763 333.116 109.611 107.657
internal_count=300924 246535 54389 114692 9786 131843 37851 22627 21079 15224 8593 13415 8928 6631 3351 4487 6435 29785 3758 26027 93992 104906 28651 76255 47738 20295 1001 27443 10497 10236
is_linear=0
shrinkage=0.1


Tree=189
num_leaves=31
num_cat=0
split_feature=86 86 86 207 110 171 147 192 146 5 3 56 2 10 55 1 2 157 86 97 85 65 95 124 162 142 146 95 171 1
split_gain=29.8564 8.10918 4.98586 3.45225 4.22133 3.31794 4.2937 3.27038 4.28406 3.21801 3.09445 5.40772 4.91829 3.85992 3.39837 5.7722 3.54925 3.43883 3.27437 3.25458 3.25263 3.49241 3.08321 3.0195 2.86596 3.50597 2.86353 2.86253 4.50465 4.04052
threshold=-1.0724866986274717 -0.67822298407554615 -1.1852712035179136 -0.12372829765081404 -0.078568618744611726 -0.12383722141385077 -0.015803001821041104 -0.18347587436437604 -0.029626456089317795 0.12599206715822223 0.28869047760963445 1.0000000180025095e-35 0.046536797657608993 14.500000000000002 1.0000000180025095e-35 0.047847986221313484 0.053813256323337562 0.61189672350883495 -0.92546641826629628 -0.023049835115671154 48.500000000000007 1.5000000000000002 -0.20160484313964841 -0.053758013993501656 100.66700363159181 -0.0090445918031036836 0.042295722290873534 -0.1859767064452171 -0.12383722141385077 0.020204081200063232
decision_type=2 2 2 2 2 2 2 2 2 8 10 2 10 10 2 10 10 2 2 2 2 2 2 2 2 2 2 2 2 8
left_child=2 10 5 4 9 6 -1 8 -4 -3 18 13 24 19 16 17 -15 -16 27 23 21 -18 -14 -12 -13 -26 -6 28 29 -2
right_child=1 3 7 -5 26 -7 -8 -9 -10 -11 11 12 22 14 15 -17 20 -19 -20 -21 -22 -23 -24 -25 25 -27 -28 -29 -30 -31
leaf_value=0.13608479465211129 -0.056179535961159134 -0.12289118186206799 -0.094283654191092039 0.092337401948130476 0.11449726683341153 0.049535266312592412 0.064688873153395707 0.070097625886942433 0.11375503851088718 0.10916865408490882 0.61594167700698454 -0.11084615983573996 -0.12754500831439211 0.10439790814033474 -0.11849788872751146 0.11950374776604876 -0.07952306173851216 0.047659888272142473 0.085889294697521532 0.3743324427317119 0.089620194743821061 0.057322899035416708 0.11407084839528801 -0.055786900348946136 0.11650928492410595 -0.10370451616846205 -0.0019211371471389519 0.0772971729012569 0.11367337212731687 0.079360821539692872
leaf_weight=9.5361562699383722 2.2947153203392636 1.35782457146206 1.0287064548260811 1038.5375697542481 121.00164976443421 227.98568260483341 72.183192538131721 405.90078307366986 26.202717784455615 1.0672591966244906 0.080035427284428806 2.7891177600333759 0.58422024645733461 215.45385459636015 2.5395292556602254 4.4701505322873345 2.18122263150235 2.4445718000788474 2227.0022254372825 0.90970610756386239 58.465616589102183 12.860817853867273 5.5022936058358027 0.40831963187918063 1.8332601473130128 1.1937272037002911 2.1503483154201595 935.77958792690686 57.756675393696128 52.939249494040723
leaf_count=580 878 185 101 47290 3791 17474 6542 28651 857 75 186 877 143 15195 803 290 820 46 110105 1002 3823 556 499 1549 127 217 162 52939 4264 1336
internal_value=0 0.0869789 0.0654206 0.094231 0.109892 0.0557321 0.0730203 0.0723483 0.105896 -0.0207636 0.0846256 0.0941464 0.0280418 0.0967708 0.0959942 0.036997 0.0979244 -0.0370018 0.0837197 0.262543 0.0789504 0.0374791 0.0908791 0.0543012 -0.037717 0.0296654 0.112464 0.0791126 0.0941475 0.0737297
internal_weight=0 4751.6 742.837 1164.11 125.577 309.705 81.7193 433.132 27.2314 2.42508 3587.49 311.716 11.9026 299.814 298.416 9.45425 288.962 4.9841 3275.77 1.39806 73.5077 15.042 6.08651 0.488355 5.81611 3.02699 123.152 1048.77 112.991 55.234
internal_count=301363 247158 54205 51503 4213 24596 7122 29609 958 260 195655 26133 1863 24270 21533 1139 20394 849 169522 2737 5199 1376 642 1735 1221 344 3953 59417 6478 2214
is_linear=0
shrinkage=0.1


Tree=190
num_leaves=31
num_cat=0
split_feature=88 63 93 93 155 233 161 45 223 194 0 65 123 157 95 92 3 166 101 202 176 72 80 157 113 233 40 171 159 116
split_gain=14.1047 7.19814 7.0367 6.80145 4.46018 4.23799 5.10914 4.13092 4.39159 4.89467 4.0826 4.76647 4.65371 3.9905 5.01346 4.25149 4.15404 5.18959 5.16974 7.31034 5.01867 4.12628 4.62959 3.89056 4.36993 3.8682 3.66906 3.69323 6.57288 6.87865
threshold=0.71944120526313793 0.33526432514190679 0.33825267851352697 -0.076343066990375505 0.0076284485403448352 0.002189828199334443 2.9105035066604619 1.0000000180025095e-35 -0.10123981907963751 -0.049036640673875802 0.21864652633666995 65.500000000000014 -0.030668699182569977 0.48986887931823736 0.22206380218267444 0.94229876995086681 0.16152751445770266 0.49221237003803259 -0.1698595732450485 -0.11853496730327605 0.10224959999322893 0.1040497198700905 0.053101504221558578 0.60268843173980724 -0.016345395706593987 -0.10177950933575629 1.0000000180025095e-35 -0.21399675309658048 0.44586980342864996 -0.045302711427211755
decision_type=2 2 2 2 2 2 2 2 2 2 8 2 2 2 2 2 10 2 2 2 2 2 2 2 2 2 2 2 2 2
left_child=3 2 4 26 5 6 23 -7 -9 -10 11 12 -3 14 16 -15 18 -18 19 -5 -19 22 -20 24 -2 -6 27 28 -1 -30
right_child=1 10 -4 13 25 7 -8 8 9 -11 -12 -13 -14 15 -16 -17 17 20 21 -21 -22 -23 -24 -25 -26 -27 -28 -29 29 -31
leaf_value=0.039343918945887735 0.082580217449026175 -0.052871063759307647 0.06381465756495909 0.53376936041156053 0.039208259963110961 0.076248033970038834 0.08815743630407738 0.10876886522683074 -0.054396734855893941 0.045385432220802657 0.073817495274302439 0.07279577953729037 0.042699240893949296 0.084981298924695081 0.1338412972336957 0.099564688193355205 0.095388379158640721 0.027719625920028357 0.11340483919388021 0.13907825362850501 0.081012991992358938 0.010938301510630377 0.060606733298351749 0.090961897957769017 0.021278833769999131 0.092373428944587777 0.10803179169714205 0.095008040129320431 -0.11870070613341102 0.096380237782574554
leaf_weight=34.555102452780602 18.586883143962496 5.5013880871257461 208.74792008474765 0.50642831948744049 14.059402174681962 581.82277948371575 655.04432838833281 8.3000300499312498 5.9901279730132151 27.417346975996622 281.3935888455153 64.359151111996653 68.992788213446488 1469.4834263194407 12.374391132016852 231.38187513029698 25.076858035274768 59.353515861905748 31.837393304106399 6.3956721436854869 25.160922334851875 8.2628259654410936 34.717516872319322 27.779278185516887 31.063453450143811 514.31521169537814 186.85996904720423 799.10793383317048 1.5176017948629112 73.645834174060724
leaf_count=1787 944 958 15375 162 1329 33080 37867 262 877 1916 15376 2930 8289 46139 3233 6999 7069 11316 7929 944 4038 3953 10393 265 2415 26569 8104 37804 221 2514
internal_value=0 0.0788372 0.0812351 0.0889925 0.0831649 0.080128 0.085286 0.0740688 0.0436682 0.027494 0.0668938 0.0528626 0.0356414 0.0853812 0.0721538 0.0869652 0.0681638 0.0554393 0.0852281 0.168038 0.0435857 0.0775887 0.0858634 0.0609942 0.0442274 0.0909588 0.0952699 0.0926459 0.0754421 0.0920376
internal_weight=0 2513.37 2093.13 3000.24 1884.38 1356 732.474 623.53 41.7075 33.4075 420.247 138.853 74.4942 1904.55 203.686 1700.87 191.311 109.591 81.7198 6.9021 84.5144 74.8177 66.5549 77.4296 49.6503 528.375 1095.69 908.826 109.719 75.1634
internal_count=301057 148452 120899 152605 105524 77626 41491 36135 3055 2793 27553 12177 9247 102175 49037 53138 45804 22423 23381 1106 15354 22275 18322 3624 3359 27898 50430 42326 4522 2735
is_linear=0
shrinkage=0.1


Tree=191
num_leaves=31
num_cat=0
split_feature=88 93 104 63 103 11 97 209 200 155 149 200 3 147 200 156 7 179 188 105 182 17 194 163 73 163 202 232 166 232
split_gain=11.8739 7.48618 5.49518 5.20877 3.88696 4.25726 3.57989 7.08968 5.41749 3.83943 3.69646 3.66865 3.44998 3.7459 3.54043 3.35933 4.49915 3.69185 3.82225 4.48745 3.6246 3.37166 3.43871 3.26712 3.64142 3.25902 3.57068 4.23591 3.36472 3.21124
threshold=0.72241657972335827 0.33825267851352697 -0.085044816136360155 0.33526432514190679 0.068529814481735243 0.023275161162018779 -0.029045202769339081 -0.097071286290884004 -0.16094557940959928 -0.01556095667183399 0.044261494651436813 0.22647185623645785 0.28869047760963445 0.041320864111185081 -0.12366612255573271 0.25116822123527532 0.076505016535520567 -0.23299977183341977 0.03848864138126374 -0.074496585875749574 -0.052299678325653069 10.500000000000002 -0.10918805748224257 1.1900410056114199 0.27393887937068945 -0.2814673632383346 -0.020813841372728344 0.0067257075570523748 0.42642478644847875 -0.071864150464534746
decision_type=2 2 2 2 2 10 2 2 2 2 2 2 10 2 2 2 8 2 2 2 2 2 2 2 2 2 2 2 2 2
left_child=2 3 29 4 15 25 7 -7 9 -8 -10 -9 13 -5 -14 17 20 18 19 -2 -17 22 -19 -4 -25 28 27 -27 -6 -1
right_child=1 -3 23 12 5 6 8 11 10 -11 -12 -13 14 -15 -16 16 -18 21 -20 -21 -22 -23 -24 24 -26 26 -28 -29 -30 -31
leaf_value=0.0514205389470666 -0.080233286788807784 0.062467485317666875 0.090122659815654524 0.069261396644561352 0.017298508605988382 -0.030803858237832507 -0.081162772570210262 0.064713058378059449 0.082738837041132496 0.05062368278126278 -0.027775317736793349 -0.096683442124189695 -0.13091230407084969 0.029776776795574472 0.10280936825103551 -0.066446017469402013 0.081984392527198593 0.11203327563317521 0.095279360586366713 0.05199262862037321 0.052380339132874487 0.11416805936612656 0.087277322024064352 -0.034591357340748204 0.2154099586209331 0.012669991550794821 0.11523508881689315 0.099747196108083039 0.081554983084161189 0.081108611928477403
leaf_weight=39.151114287124756 2.944313308528538 257.2645182204169 2505.2490706663771 286.49809088084197 8.686705651240116 8.4931446401651538 3.3827741897011947 145.99290313810548 209.62005204369564 6.3801863180665332 3.0709023801755384 1.4220929653893097 0.66015556532351993 26.226491341327232 35.562818551780481 3.2642381370756093 567.18916185695252 64.307082542715705 19.455945235598278 20.00971520932103 12.018979843535359 67.906708946261347 440.16078044131774 3.74931840144336 0.68981486128814129 8.4251586311650062 61.404957725805957 16.580497311386921 131.69931167674997 525.01921634705855
leaf_count=3617 459 19365 119201 17087 1429 747 265 5978 8135 317 391 92 230 2264 2665 1173 12439 5375 1790 2238 3054 4641 34553 5732 211 2996 7433 2770 5789 28806
internal_value=0 0.0785892 0.0879661 0.0805171 0.0826821 0.0761503 0.0696565 0.0580376 0.0777997 0.00496091 0.0811432 0.0631561 0.0693341 0.06595 0.0985498 0.0859837 0.0805417 0.0911396 0.062671 0.035032 0.027001 0.093249 0.0904331 0.0899708 0.00425736 0.0869837 0.102263 0.0704083 0.077579 0.0790484
internal_weight=0 2408.63 3073.86 2151.36 1802.42 605.159 378.362 155.908 222.454 9.76296 212.691 147.415 348.948 312.725 36.223 1197.26 582.472 614.785 42.41 22.954 15.2832 572.375 504.468 2509.69 4.43913 226.797 86.4106 25.0057 140.386 564.17
internal_count=301242 143675 157567 124310 102064 36342 15925 6817 9108 582 8526 6070 22246 19351 2895 65722 16666 49056 4487 2697 4227 44569 39928 125144 5943 20417 13199 5766 7218 32423
is_linear=0
shrinkage=0.1


Tree=192
num_leaves=31
num_cat=0
split_feature=86 86 83 157 170 184 79 211 95 221 157 112 103 105 233 150 71 128 157 112 151 202 106 212 66 195 92 152 178 12
split_gain=25.2111 9.9675 4.49366 4.23227 4.25213 3.71362 3.65503 3.56351 3.52431 6.22023 4.75997 4.3217 3.96064 4.3314 3.59519 3.47395 3.89878 3.51555 3.34315 3.32049 3.25843 3.65534 3.38835 3.23752 3.22632 3.21207 3.25562 3.19442 3.17111 3.13695
threshold=-1.0855413675308225 -0.76415729522705067 10.500000000000002 0.68536502122879039 0.42745165526866918 -0.063499137759208665 0.42146381735801702 0.04402394779026509 -0.15239047259092328 -0.014030983671545981 0.46083314716815954 -0.053853781893849366 0.01552198361605406 0.035766549408435828 0.056021368131041534 0.024180001579225067 0.12588027864694598 -0.075597777962684617 0.44563925266265875 -0.03773952089250087 -0.0062185905408114186 0.098659750074148192 -0.0025985635584220286 -0.17307849228382108 5.2622580528259286 0.01749737095087767 0.92911407351493847 0.039435295388102538 0.098432898521423354 360.50000000000006
decision_type=2 2 2 2 2 2 2 2 2 2 2 2 2 2 2 2 2 2 2 2 2 2 2 2 2 2 2 2 2 10
left_child=6 2 3 4 -2 15 -1 -8 9 -6 11 -10 13 27 -11 16 17 -3 -15 -16 21 28 -22 -4 -17 26 -26 -13 -18 -19
right_child=1 5 23 -5 8 -7 7 -9 10 14 -12 12 -14 18 19 24 20 29 -20 -21 22 -23 -24 -25 25 -27 -28 -29 -30 -31
leaf_value=0.065663276879731863 0.095676038784959283 -0.1202137210736811 0.0019782995195456133 0.094707077782890878 0.1124184394972825 0.090026247178013025 0.12635834575830548 -0.099229487539875372 0.0061350852562089657 0.085506413077524018 0.07989670973731279 0.11935633783287874 0.046472069189783555 0.069433446848429725 0.090259820832054388 0.090331899883494104 0.12058153720490994 0.10993910986134155 -0.043548896578339068 0.0063257481050024104 0.085835683253820849 -0.078482343173117211 0.028091956799717058 0.09564698020642326 -0.04621246091497766 0.085112509481293092 0.08985329246808843 0.017573687971222201 -0.10268180541514411 0.08721710035720133
leaf_weight=656.42797389536815 186.5160252045298 0.68588558931332855 3.7304594930401427 255.80740000081641 88.041852454146692 1252.8494192584442 14.390938637058067 0.73605497868800362 13.822110956055722 78.098089938167391 1917.6595328371181 27.792152863989461 49.552755606064039 10.390739057563222 7.5752927333207962 79.627817835609335 25.479332202022427 384.99249137378069 3.5015752209654911 12.475449913558917 26.265858758674312 1.0142643392764501 16.574469717802913 340.0513297123025 5.5462798859098275 8.4056514892263277 2.5748430080000162 3.4683041501098719 0.65246579922745596 72.145356039483204
leaf_count=48771 7531 120 260 2162 5911 59007 448 155 6704 6635 83023 8871 20281 4381 490 2615 1051 16420 947 1346 1163 170 1522 16098 850 609 205 1713 117 1793
internal_value=0 0.0874502 0.083873 0.0824799 0.081176 0.0931654 0.0667832 0.115382 0.0799536 0.09312 0.0787437 0.0583696 0.0659931 0.0874165 0.0758088 0.0994686 0.102653 0.106014 0.0409561 0.0380366 0.0806713 0.107778 0.0634952 0.0946306 0.0819868 0.0417793 -0.00307213 0.108064 0.115007 0.106353
internal_weight=0 4875.3 2998.48 2654.7 2398.89 1876.81 671.555 15.127 2212.38 186.191 2026.19 108.528 94.7055 45.1528 98.1488 623.965 527.81 457.824 13.8923 20.0507 69.9864 27.1461 42.8403 343.782 96.1546 16.5268 8.12112 31.2605 26.1318 457.138
internal_count=301369 251995 166353 149995 147833 85642 49374 603 140302 14382 125920 42897 36193 15912 8471 26635 22356 18333 5328 1836 4023 1338 2685 16358 4279 1664 1055 10584 1168 18213
is_linear=0
shrinkage=0.1


Tree=193
num_leaves=31
num_cat=0
split_feature=86 86 86 17 193 192 157 109 211 162 187 228 192 136 163 231 75 187 6 36 6 90 127 146 4 168 4 22 226 88
split_gain=27.1484 11.2207 4.59134 4.05808 3.91779 3.70491 3.50254 3.4541 4.21245 3.75551 3.4808 4.3776 3.20791 3.11071 3.97744 3.27495 3.8839 3.04071 3.03979 4.92466 4.69408 4.2941 3.9753 3.85525 4.46511 3.83088 3.92414 4.00981 3.62727 3.48469
threshold=-1.0724866986274717 -0.76415729522705067 -1.1852712035179136 10.500000000000002 0.20198213309049609 0.14508581161499026 0.68536502122879039 -0.040670035406947129 -0.13098690658807752 203.13194274902347 0.071192637085914626 0.08681108802556993 -0.18347587436437604 -0.056575996801257127 1.0000000180025095e-35 0.025316450744867328 0.32625223696231848 -0.17750654369592664 0.060153776779770858 1.0000000180025095e-35 0.040491802617907531 1.5524578690528872 0.0074331727810204038 0.020753369666635994 0.065272010862827315 3.4108241796493535 0.15849281847476962 1.0000000180025095e-35 -0.089961558580398546 0.62905034422874462
decision_type=2 2 2 2 2 2 2 2 2 2 2 2 2 2 2 2 2 2 8 2 10 2 2 2 10 2 10 2 2 2
left_child=2 3 -1 4 5 6 13 8 -3 10 -10 -12 -4 14 -2 18 -17 -8 19 21 -21 28 23 29 -25 26 -20 -28 -15 -23
right_child=1 7 12 -5 -6 -7 17 -9 9 -11 11 -13 -14 15 -16 16 -18 -19 25 20 -22 22 -24 24 -26 -27 27 -29 -30 -31
leaf_value=0.057382081247418087 0.0017109202665167257 -0.0088414047947761362 0.10673939380545468 0.093445658478051474 0.10130869640212865 0.091988072321877598 0.020332324872530602 0.094388224125328712 0.088969233327981664 -0.11289872544036679 0.058184685463762834 -0.12996012007525823 0.071001372548541872 -0.10043811024088267 0.096794340433807025 0.085271461530452952 0.027473004528490153 0.093795205185098623 0.061487009761051606 -0.038215690864405537 0.076662936998723272 -0.11395901240367574 0.10623933369180619 -0.077408210628357399 0.12547561438305352 0.07762601375833135 0.10983961799614023 -0.02069293503842036 0.058077402286191043 0.070309061489052485
leaf_weight=316.79394189616426 11.659549948193787 5.1759143985370875 26.747045060950143 329.32730565408792 97.361676237888787 265.78564533223926 5.7946448366274117 1694.1387973210333 159.24828691021037 0.97702529770776791 22.046900271046187 1.3101532912287428 412.03184517778624 1.5552570692192969 7.0652979045358952 650.59535825525018 11.837676789067244 203.59692241800076 322.84551516907538 6.0456077851098362 8.6404845337633542 1.040762049475332 112.72429793341071 1.1432907282116982 21.19213428229591 662.54261236430841 28.11105216662725 2.5683585747945008 20.100867486641164 73.729593361284515
leaf_count=24679 804 385 937 15959 4310 14662 75 76582 6339 110 2017 191 28750 266 871 41733 1197 1865 24139 2881 584 368 10134 1037 744 22981 2410 403 3904 10008
internal_value=0 0.0869702 0.0665562 0.0830072 0.0816409 0.0808491 0.0794739 0.0929586 0.0801271 0.0826355 0.0836817 0.0476312 0.0731799 0.0781499 0.037588 0.0785445 0.0842386 0.0917622 0.0755562 0.0855262 0.0293725 0.0890887 0.0934642 0.0786344 0.115091 0.0731407 0.0647348 0.098912 0.0466934 0.0677442
internal_weight=0 4728.16 755.573 2845.26 2515.94 2418.57 2152.79 1882.9 188.758 183.582 182.605 23.3571 438.779 1943.4 18.7248 1924.67 662.433 209.392 1262.24 246.172 14.6861 231.486 209.83 97.1058 22.3354 1016.07 353.525 30.6794 21.6561 74.7704
internal_count=301325 246959 54366 161335 145376 141066 126404 85624 9042 8657 8547 2208 29687 124464 1675 122789 42930 1940 79859 29926 3465 26461 22291 12157 1781 49933 26952 2813 4170 10376
is_linear=0
shrinkage=0.1


Tree=194
num_leaves=31
num_cat=0
split_feature=86 86 131 173 146 156 81 68 17 170 122 192 68 11 115 211 130 177 9 0 23 179 74 103 132 182 219 189 120 67
split_gain=24.9172 11.3427 4.7112 4.18789 6.64022 3.96067 4.5718 4.45304 3.87227 3.92499 4.78392 4.21466 3.76098 4.18518 3.72515 3.7044 4.40242 3.65676 3.44948 3.405 3.43248 3.38868 3.38049 4.0876 3.30886 3.24785 3.14845 3.11614 3.09473 5.1567
threshold=-1.0724866986274717 -0.67822298407554615 -0.031711217015981667 0.36448727548122412 -0.006512006511911749 0.17512886226177218 0.26614584028720861 35.016925811767585 10.500000000000002 0.44100475311279302 0.073912288993597045 0.15750596672296527 37.56804275512696 0.073215402662754073 0.030921841040253643 0.086501929908990874 -0.028572764247655865 -0.014727727975696324 0.035842755809426315 0.48913043737411505 1.0000000180025095e-35 -0.033251401036977761 0.014599318150430919 0.11667105555534364 -0.032087106257677071 -0.094357229769229875 -0.069611124694347368 0.051974367350339896 0.024463181383907798 2.9503115415573125
decision_type=2 2 2 2 2 2 2 2 2 2 2 2 2 8 2 2 2 2 10 10 2 2 2 2 2 2 2 2 2 2
left_child=5 8 3 17 -5 6 12 26 9 10 -2 14 18 15 -12 16 -14 -3 -1 22 21 -21 23 -11 -6 -9 -8 -27 -7 -30
right_child=1 2 -4 4 24 28 7 25 -10 19 11 -13 13 -15 -16 -17 -18 -19 -20 20 -22 -23 -24 -25 -26 27 -28 -29 29 -31
leaf_value=0.098266884286914408 0.096120302308856626 0.074721322753998717 0.098795122514815814 0.07415829965254285 -0.16192659750239963 0.056990126060676917 -0.0065366342609879668 -0.097395497036296755 0.09276022179212319 0.093520617847434623 -0.043514926860036274 0.1198162110640812 0.018282593442928784 0.023640907252844512 0.068340884531904553 0.13281834804921366 0.081724758985654261 0.098273704021808628 -0.029073571750073243 -0.011094896226849636 -0.071941226970750213 0.13309500864494331 0.079418848049443241 0.070256647836243219 0.0010858689196470885 0.0016753018004710598 0.086219781277412921 0.068077731495160665 0.083733276624440522 -0.024389707906487035
leaf_weight=110.6091353390994 294.23940227255889 115.88579246189124 868.72386685293657 22.416881884017133 1.6612450445300053 368.54218036258499 4.098825980515584 2.0245485125013856 416.65721591560396 369.46709696385506 6.3025871505767572 4.8555889422668761 13.336107826785733 16.765399236705548 5.6431362958553564 10.87287985764817 60.825479246414261 152.89651625663635 2.1689784818806848 1.7470989437935092 0.93149923427074455 24.296922893674719 2322.132110331906 94.932949514719439 4.9719101525452052 14.64705973587934 34.133122016998414 13.656550867603412 82.445948661837065 4.660318084561367
leaf_count=10271 13633 7027 37406 417 106 14642 603 477 19946 17581 649 160 2401 3739 224 1564 7967 6113 1224 1967 809 4590 130119 6153 306 3057 3442 1454 2554 632
internal_value=0 0.086522 0.0950741 0.0842207 0.0481513 0.0667685 0.0760569 0.0535767 0.0837047 0.0824972 0.0931568 0.0412574 0.0832396 0.0693049 0.00932554 0.0783081 0.0703163 0.0881191 0.0958178 0.0813187 0.116676 0.123422 0.0809765 0.088765 -0.0397399 0.0249624 0.0762754 0.0337146 0.0609967 0.0779485
internal_weight=0 4707.76 1166.56 297.832 29.05 738.787 283.138 68.5601 3541.21 3124.55 311.041 16.8013 214.578 101.8 11.9457 85.0345 74.1616 268.782 112.778 2813.51 26.9755 26.044 2786.53 464.4 6.63316 30.3282 38.2319 28.3036 455.648 87.1063
internal_count=301233 247206 51375 13969 829 54027 36199 9033 195831 175885 14666 1033 27166 15671 873 11932 10368 13140 11495 161219 7366 6557 153853 23734 412 4988 4045 4511 17828 3186
is_linear=0
shrinkage=0.1


end of trees

feature_importances:
implicit_mean_localness=393
interact_cos_taste_poi=332
text_emb_00=204
interact_category_affinity=191
cat_subcategory=111
text_emb_01=95
implicit_taste_01=83
behav_visit_rate=78
interact_price_gap=76
implicit_mean_pop_pct=70
num_rating_shrunk=67
explicit_days_remaining=66
num_localness=64
explicit_touristiness_pref=55
behav_impressions=53
interact_localness_gap=53
behav_save_rate=52
behav_archetype_affinity_04=50
behav_archetype_affinity_00=48
implicit_category_dist_restaurant=46
text_emb_03=46
geo_dist_to_tourist_centroid_km=45
behav_unique_travelers=42
num_pop_pct=41
behav_ctr_smoothed=40
implicit_taste_11=40
text_emb_05=39
implicit_taste_37=38
implicit_taste_39=38
interact_interest_match=38
text_emb_09=36
text_emb_12=36
text_emb_35=35
behav_archetype_affinity_06=34
implicit_taste_32=34
implicit_category_dist_viewpoint=33
implicit_taste_57=33
num_crowd_index=33
behav_archetype_affinity_02=32
implicit_taste_00=32
implicit_taste_12=32
behav_archetype_affinity_07=31
implicit_taste_04=31
behav_archetype_affinity_03=30
behav_archetype_affinity_05=30
geo_dist_to_transit_km=30
implicit_interaction_count=30
implicit_taste_54=30
text_emb_31=30
implicit_category_dist_historic_site=29
text_emb_04=29
text_emb_24=29
geo_density_500m=28
implicit_taste_29=28
implicit_taste_36=28
implicit_taste_38=28
implicit_mean_price_level=27
implicit_taste_03=27
implicit_taste_34=27
implicit_taste_46=27
text_emb_23=27
text_emb_36=27
text_emb_58=27
implicit_taste_41=26
num_log_review_count=26
implicit_taste_43=25
text_emb_18=25
text_emb_30=25
behav_archetype_affinity_01=24
implicit_taste_14=24
implicit_taste_30=24
implicit_taste_40=24
implicit_taste_62=24
text_emb_11=24
text_emb_29=24
text_emb_32=24
text_emb_38=24
text_emb_42=24
text_emb_49=24
implicit_taste_02=23
implicit_taste_45=23
implicit_taste_60=23
text_emb_28=23
text_emb_34=23
text_emb_37=23
text_emb_50=23
text_emb_57=23
text_emb_62=23
implicit_taste_17=22
implicit_taste_53=22
text_emb_08=22
text_emb_40=22
text_emb_45=22
text_emb_46=22
text_emb_55=22
implicit_taste_35=21
implicit_taste_59=21
text_emb_07=21
text_emb_20=21
text_emb_21=21
text_emb_25=21
text_emb_27=21
text_emb_41=21
text_emb_52=21
text_emb_60=21
text_emb_63=21
geo_lat=20
implicit_taste_09=20
implicit_taste_15=20
implicit_taste_61=20
text_emb_02=20
text_emb_14=20
text_emb_17=20
text_emb_39=20
text_emb_44=20
text_emb_51=20
text_emb_54=20
text_emb_59=20
implicit_taste_22=19
implicit_taste_27=19
implicit_taste_51=19
text_emb_10=19
text_emb_16=19
text_emb_53=19
implicit_taste_24=18
implicit_taste_26=18
implicit_taste_28=18
implicit_taste_44=18
implicit_taste_49=18
implicit_taste_55=18
num_price_level=18
text_emb_15=18
text_emb_26=18
text_emb_48=18
implicit_taste_20=17
implicit_taste_23=17
implicit_taste_33=17
text_emb_33=17
text_emb_43=17
text_emb_56=17
behav_dismiss_rate=16
implicit_category_dist_cafe=16
implicit_category_dist_entertainment=16
implicit_category_dist_nature_park=16
implicit_taste_21=16
implicit_taste_47=16
implicit_taste_50=16
text_emb_06=16
text_emb_47=16
implicit_category_dist_wellness_spa=15
implicit_taste_19=15
implicit_taste_52=15
implicit_taste_56=15
implicit_taste_63=15
text_emb_13=15
text_emb_22=15
text_emb_61=15
geo_lon=14
implicit_breadth_categories=14
implicit_category_dist_museum=14
implicit_days_since_last_interaction=14
implicit_taste_31=14
implicit_taste_48=14
implicit_taste_58=14
num_expected_duration_min=14
text_emb_19=14
implicit_category_dist_nightlife=13
implicit_category_dist_shopping=13
implicit_taste_10=13
implicit_taste_13=13
implicit_taste_16=13
implicit_taste_18=13
num_open_hours_per_week=13
implicit_taste_06=12
implicit_taste_08=12
implicit_taste_42=12
implicit_category_dist_religious_site=11
implicit_category_dist_family_activity=10
implicit_taste_07=10
implicit_taste_05=9
explicit_accessibility_wheelchair=8
explicit_budget_ordinal=8
implicit_taste_25=6
num_reservation_lead_days=6
explicit_trip_duration_days=5
cat_category=5
explicit_interest_authentic=3
explicit_interest_cultural=3
explicit_interest_cafe=2
explicit_interest_entertainment=2
explicit_interest_foodie=2
explicit_interest_nature=2
explicit_interest_outdoor=2
explicit_interest_relaxing=2
explicit_pace_ordinal=2
explicit_party_couple=2
explicit_party_family_teens=2
explicit_party_family_young_kids=2
cat_indoor_outdoor=2
explicit_accessibility_stroller=1
explicit_interest_artsy=1
explicit_interest_family-friendly=1
explicit_interest_hidden-gem=1
explicit_interest_luxury=1
explicit_interest_museum=1
explicit_interest_restaurant=1
explicit_interest_romantic=1
explicit_interest_touristy=1
explicit_mobility_car=1
explicit_mobility_walk=1
explicit_party_friends=1
explicit_party_solo=1
explicit_season_spring=1

parameters:
[boosting: gbdt]
[objective: lambdarank]
[metric: ndcg]
[tree_learner: serial]
[device_type: cpu]
[data_sample_strategy: bagging]
[data: ]
[valid: ]
[num_iterations: 195]
[learning_rate: 0.1]
[num_leaves: 31]
[num_threads: 16]
[seed: 205]
[deterministic: 1]
[force_col_wise: 0]
[force_row_wise: 1]
[histogram_pool_size: -1]
[max_depth: -1]
[min_data_in_leaf: 20]
[min_sum_hessian_in_leaf: 0.001]
[bagging_fraction: 0.8]
[pos_bagging_fraction: 1]
[neg_bagging_fraction: 1]
[bagging_freq: 1]
[bagging_seed: 205]
[feature_fraction: 0.8]
[feature_fraction_bynode: 1]
[feature_fraction_seed: 205]
[extra_trees: 0]
[extra_seed: 30344]
[early_stopping_round: 0]
[early_stopping_min_delta: 0]
[first_metric_only: 0]
[max_delta_step: 0]
[lambda_l1: 0]
[lambda_l2: 0]
[linear_lambda: 0]
[min_gain_to_split: 0]
[drop_rate: 0.1]
[max_drop: 50]
[skip_drop: 0.5]
[xgboost_dart_mode: 0]
[uniform_drop: 0]
[drop_seed: 13377]
[top_rate: 0.2]
[other_rate: 0.1]
[min_data_per_group: 100]
[max_cat_threshold: 32]
[cat_l2: 10]
[cat_smooth: 10]
[max_cat_to_onehot: 4]
[top_k: 20]
[monotone_constraints: ]
[monotone_constraints_method: basic]
[monotone_penalty: 0]
[feature_contri: ]
[forcedsplits_filename: ]
[refit_decay_rate: 0.9]
[cegb_tradeoff: 1]
[cegb_penalty_split: 0]
[cegb_penalty_feature_lazy: ]
[cegb_penalty_feature_coupled: ]
[path_smooth: 0]
[interaction_constraints: ]
[verbosity: -1]
[saved_feature_importance_type: 0]
[use_quantized_grad: 0]
[num_grad_quant_bins: 4]
[quant_train_renew_leaf: 0]
[stochastic_rounding: 1]
[linear_tree: 0]
[max_bin: 63]
[max_bin_by_feature: ]
[min_data_in_bin: 3]
[bin_construct_sample_cnt: 200000]
[data_random_seed: 205]
[is_enable_sparse: 1]
[enable_bundle: 1]
[use_missing: 1]
[zero_as_missing: 0]
[feature_pre_filter: 1]
[pre_partition: 0]
[two_round: 0]
[header: 0]
[label_column: ]
[weight_column: ]
[group_column: ]
[ignore_column: ]
[categorical_feature: 234,235,236,237]
[forcedbins_filename: ]
[precise_float_parser: 0]
[parser_config_file: ]
[objective_seed: 26191]
[num_class: 1]
[is_unbalance: 0]
[scale_pos_weight: 1]
[sigmoid: 1]
[boost_from_average: 1]
[reg_sqrt: 0]
[alpha: 0.9]
[fair_c: 1]
[poisson_max_delta_step: 0.7]
[tweedie_variance_power: 1.5]
[lambdarank_truncation_level: 20]
[lambdarank_norm: 1]
[label_gain: 0,1,3,7]
[lambdarank_position_bias_regularization: 0]
[eval_at: 10]
[multi_error_top_k: 1]
[auc_mu_weights: ]
[num_machines: 1]
[local_listen_port: 12400]
[time_out: 120]
[machine_list_filename: ]
[machines: ]
[gpu_platform_id: -1]
[gpu_device_id: -1]
[gpu_use_dp: 0]
[num_gpu: 1]

end of parameters

pandas_categorical:[["cafe", "entertainment", "family_activity", "historic_site", "museum", "nature_park", "nightlife", "religious_site", "restaurant", "shopping", "viewpoint", "wellness_spa"], ["indoor", "mixed", "outdoor"], ["1", "2", "3", "4"], ["amusement_park", "aquarium", "arcade", "art_museum", "artisan_shop", "bakery", "bar", "botanical_garden", "boutique", "cathedral", "cinema", "city_park", "club", "dessert_cafe", "escape_room", "fine_dining", "flea_market", "fortress", "fusion", "gallery", "garden", "hiking_trail", "history_museum", "interactive_museum", "live_music", "live_show", "local_eatery", "mall", "market", "massage", "monastery", "monument", "observation_deck", "old_town", "onsen", "palace", "playground", "riverside", "rooftop_bar", "rooftop_view", "scenic_overlook", "science_museum", "shrine", "spa", "speakeasy", "specialty_coffee", "street_food", "tea_house", "temple_site", "temple_worship", "theater", "tower", "traditional", "yoga_studio", "zoo"]]
