tree
version=v4
num_class=1
num_tree_per_iteration=1
label_index=0
max_feature_idx=257
objective=lambdarank
feature_names=behav_archetype_affinity_00 behav_archetype_affinity_01 behav_archetype_affinity_02 behav_archetype_affinity_03 behav_archetype_affinity_04 behav_archetype_affinity_05 behav_archetype_affinity_06 behav_archetype_affinity_07 behav_ctr_smoothed behav_dismiss_rate behav_impressions behav_save_rate behav_unique_travelers behav_visit_rate explicit_accessibility_stroller explicit_accessibility_wheelchair explicit_budget_ordinal explicit_days_remaining explicit_interest_adventurous explicit_interest_artsy explicit_interest_authentic explicit_interest_budget-friendly explicit_interest_cafe explicit_interest_cultural explicit_interest_entertainment explicit_interest_family-friendly explicit_interest_family_activity explicit_interest_foodie explicit_interest_hidden-gem explicit_interest_historic explicit_interest_historic_site explicit_interest_indoor explicit_interest_lively explicit_interest_local explicit_interest_luxury explicit_interest_museum explicit_interest_nature explicit_interest_nature_park explicit_interest_nightlife explicit_interest_outdoor explicit_interest_relaxing explicit_interest_religious_site explicit_interest_restaurant explicit_interest_romantic explicit_interest_shopping explicit_interest_touristy explicit_interest_trendy explicit_interest_viewpoint explicit_interest_wellness_spa explicit_mobility_car explicit_mobility_mixed explicit_mobility_public_transport explicit_mobility_walk explicit_pace_ordinal explicit_party_couple explicit_party_family_teens explicit_party_family_young_kids explicit_party_friends explicit_party_solo explicit_season_autumn explicit_season_spring explicit_season_summer explicit_season_winter explicit_touristiness_pref explicit_trip_duration_days geo_density_500m geo_dist_to_tourist_centroid_km geo_dist_to_transit_km geo_lat geo_lon implicit_breadth_categories implicit_category_dist_cafe implicit_category_dist_entertainment implicit_category_dist_family_activity implicit_category_dist_historic_site implicit_category_dist_museum implicit_category_dist_nature_park implicit_category_dist_nightlife implicit_category_dist_religious_site implicit_category_dist_restaurant implicit_category_dist_shopping implicit_category_dist_viewpoint implicit_category_dist_wellness_spa implicit_days_since_last_interaction implicit_days_since_last_interaction_was_missing implicit_interaction_count implicit_mean_localness implicit_mean_localness_was_missing implicit_mean_pop_pct implicit_mean_pop_pct_was_missing implicit_mean_price_level implicit_mean_price_level_was_missing implicit_taste_00 implicit_taste_01 implicit_taste_02 implicit_taste_03 implicit_taste_04 implicit_taste_05 implicit_taste_06 implicit_taste_07 implicit_taste_08 implicit_taste_09 implicit_taste_10 implicit_taste_11 implicit_taste_12 implicit_taste_13 implicit_taste_14 implicit_taste_15 implicit_taste_16 implicit_taste_17 implicit_taste_18 implicit_taste_19 implicit_taste_20 implicit_taste_21 implicit_taste_22 implicit_taste_23 implicit_taste_24 implicit_taste_25 implicit_taste_26 implicit_taste_27 implicit_taste_28 implicit_taste_29 implicit_taste_30 implicit_taste_31 implicit_taste_32 implicit_taste_33 implicit_taste_34 implicit_taste_35 implicit_taste_36 implicit_taste_37 implicit_taste_38 implicit_taste_39 implicit_taste_40 implicit_taste_41 implicit_taste_42 implicit_taste_43 implicit_taste_44 implicit_taste_45 implicit_taste_46 implicit_taste_47 implicit_taste_48 implicit_taste_49 implicit_taste_50 implicit_taste_51 implicit_taste_52 implicit_taste_53 implicit_taste_54 implicit_taste_55 implicit_taste_56 implicit_taste_57 implicit_taste_58 implicit_taste_59 implicit_taste_60 implicit_taste_61 implicit_taste_62 implicit_taste_63 interact_category_affinity interact_cos_taste_poi interact_interest_match interact_localness_gap interact_price_gap num_crowd_index num_expected_duration_min num_localness num_log_review_count num_open_hours_per_week num_pop_pct num_price_level num_rating_shrunk num_reservation_lead_days text_emb_00 text_emb_01 text_emb_02 text_emb_03 text_emb_04 text_emb_05 text_emb_06 text_emb_07 text_emb_08 text_emb_09 text_emb_10 text_emb_11 text_emb_12 text_emb_13 text_emb_14 text_emb_15 text_emb_16 text_emb_17 text_emb_18 text_emb_19 text_emb_20 text_emb_21 text_emb_22 text_emb_23 text_emb_24 text_emb_25 text_emb_26 text_emb_27 text_emb_28 text_emb_29 text_emb_30 text_emb_31 text_emb_32 text_emb_33 text_emb_34 text_emb_35 text_emb_36 text_emb_37 text_emb_38 text_emb_39 text_emb_40 text_emb_41 text_emb_42 text_emb_43 text_emb_44 text_emb_45 text_emb_46 text_emb_47 text_emb_48 text_emb_49 text_emb_50 text_emb_51 text_emb_52 text_emb_53 text_emb_54 text_emb_55 text_emb_56 text_emb_57 text_emb_58 text_emb_59 text_emb_60 text_emb_61 text_emb_62 text_emb_63 xf_budget_fit xf_cos_dismissed xf_duration_fit xf_hours_fit xf_interest_cat_hit xf_interest_cover xf_interest_tag_hits xf_interest_tag_ratio xf_loc_align xf_loc_gap xf_loc_x_pref xf_mobility_fit xf_party_fit xf_pop_x_pref xf_price_over xf_price_signed xf_price_under xf_prior_poi_engaged xf_travel_min xf_travel_ratio cat_category cat_indoor_outdoor cat_price_level cat_subcategory
feature_infos=[0:1] [0:1] [0:1] [0:1] [0:1] [0:1] [0:1] [0:1] [0.0055497223511338234:0.62498992681503296] [0:1] [0:6042] [0:0.5] [0:584] [0:1] [0:1] [0:1] [0:2] [1:372] [0:1] [0:1] [0:1] [0:1] [0:1] [0:1] [0:1] [0:1] [0:1] [0:1] [0:1] [0:1] [0:1] [0:1] [0:1] [0:1] [0:1] [0:1] [0:1] [0:1] [0:1] [0:1] [0:1] [0:1] [0:1] [0:1] [0:1] [0:1] [0:1] [0:1] [0:1] [0:1] [0:1] [0:1] [0:1] [0:2] [0:1] [0:1] [0:1] [0:1] [0:1] [0:1] [0:1] [0:1] [0:1] [-0.9655526876449585:1] [2:10] [0:116] [0.021191015839576721:21.412565231323242] [0.05207129567861557:15.534337997436523] [34.860679626464844:41.578414916992188] [2.0387704372406006:135.91542053222656] [0:12] [0:0.66666668653488159] [0:0.59259259700775146] [0:0.8571428656578064] [0:0.91666668653488159] [0:0.88235294818878174] [0:0.75] [0:0.80000001192092896] [0:0.5] [0:1] [0:1] [0:0.69999998807907104] [0:0.3333333432674408] [1:372] [0:1] [0:105] [-1.8629913330078125:0.037690375000238419] [0:1] [0.3521784245967865:0.9771309494972229] [0:1] [1:3.4666666984558105] [0:1] [-0.0047133360058069229:0.97392040491104126] [-0.44739967584609985:0.62415558099746704] [-0.36097234487533569:0.55275052785873413] [-0.47197037935256958:0.41295152902603149] [-0.41827940940856934:0.53484821319580078] [-0.53623145818710327:0.31969740986824036] [-0.32782280445098877:0.33574205636978149] [-0.33317014575004578:0.41052192449569702] [-0.40491610765457153:0.48585247993469238] [-0.3794582188129425:0.21298715472221375] [-0.2750379741191864:0.31120231747627258] [-0.32392483949661255:0.38583904504776001] [-0.32041457295417786:0.28309348225593567] [-0.30853801965713501:0.31404697895050049] [-0.28312596678733826:0.21852773427963257] [-0.30704548954963684:0.21507260203361511] [-0.17200113832950592:0.20242986083030701] [-0.168392613530159:0.21914292871952057] [-0.26597803831100464:0.22443817555904388] [-0.19107776880264282:0.33461138606071472] [-0.22287380695343018:0.22452260553836823] [-0.25660544633865356:0.22609277069568634] [-0.27203628420829773:0.23032110929489136] [-0.17751352488994598:0.24183696508407593] [-0.19490091502666473:0.22125731408596039] [-0.15562349557876587:0.21586215496063232] [-0.22017563879489899:0.2239937037229538] [-0.22254641354084015:0.19983266294002533] [-0.24340528249740601:0.20762057602405548] [-0.17622426152229309:0.20208346843719482] [-0.15796861052513123:0.20838984847068787] [-0.15949811041355133:0.17483814060688019] [-0.16366854310035706:0.20623429119586945] [-0.19059301912784576:0.18969006836414337] [-0.28428936004638672:0.1621425449848175] [-0.17600609362125397:0.1617300808429718] [-0.16720376908779144:0.15583494305610657] [-0.17790137231349945:0.14731138944625854] [-0.17614223062992096:0.15392342209815979] [-0.13338287174701691:0.15552614629268646] [-0.15571430325508118:0.18327784538269043] [-0.1776629239320755:0.13156092166900635] [-0.17996850609779358:0.13892275094985962] [-0.12256404012441635:0.16081972420215607] [-0.13181135058403015:0.12729920446872711] [-0.18532632291316986:0.1550813764333725] [-0.18222685158252716:0.12352778017520905] [-0.21945555508136749:0.112516850233078] [-0.17263491451740265:0.12072119116783142] [-0.16357982158660889:0.1288379430770874] [-0.11205595731735229:0.21646113693714142] [-0.15226547420024872:0.13771805167198181] [-0.14998438954353333:0.15675383806228638] [-0.15134677290916443:0.13240721821784973] [-0.10921287536621094:0.13501712679862976] [-0.12936146557331085:0.1411554366350174] [-0.15288448333740234:0.16523151099681854] [-0.12386137247085571:0.11790592968463898] [-0.11663484573364258:0.11167135834693909] [-0.15329213440418243:0.11202266067266464] [-0.099300093948841095:0.19510778784751892] [-0.11575818806886673:0.14014159142971039] [-0.16429294645786285:0.12770085036754608] [-0.13978321850299835:0.11880265921354294] [0:1] [-0.36063706874847412:0.90516179800033569] [0:1] [3.8502062125189696e-06:3.1484007835388184] [0.5:2.5] [2.5485823154449463:5.3309640884399414] [15:300] [-2.2179117202758789:1.8724242448806763] [0.69314718246459961:8.0404472351074219] [36:105] [0.0020703934133052826:1] [1:4] [1.6120688915252686:4.5217084884643555] [0:14] [0.32416447997093201:0.65636014938354492] [-0.31660717725753784:0.71838390827178955] [-0.45795035362243652:0.68267017602920532] [-0.61014962196350098:0.50857901573181152] [-0.40947476029396057:0.52698755264282227] [-0.26005589962005615:0.79931795597076416] [-0.57793354988098145:0.46906685829162598] [-0.38699272274971008:0.5120316743850708] [-0.52089846134185791:0.51966255903244019] [-0.46495679020881653:0.4552294909954071] [-0.2977428138256073:0.44194278120994568] [-0.30275160074234009:0.55359691381454468] [-0.49580603837966919:0.5362810492515564] [-0.44251111149787903:0.46060755848884583] [-0.34212762117385864:0.36990499496459961] [-0.37616515159606934:0.3880174458026886] [-0.3147437572479248:0.3363058865070343] [-0.29219326376914978:0.39536005258560181] [-0.39982202649116516:0.31621810793876648] [-0.3834976851940155:0.41348108649253845] [-0.36725780367851257:0.3064713180065155] [-0.34936785697937012:0.38033422827720642] [-0.34510073065757751:0.38328292965888977] [-0.33057644963264465:0.33288359642028809] [-0.40244349837303162:0.37094253301620483] [-0.26097491383552551:0.40840733051300049] [-0.288188636302948:0.40808486938476562] [-0.31503972411155701:0.3266105055809021] [-0.31540456414222717:0.32317006587982178] [-0.29291972517967224:0.35593584179878235] [-0.31266158819198608:0.37510642409324646] [-0.33211511373519897:0.29312002658843994] [-0.31406748294830322:0.30381119251251221] [-0.2734890878200531:0.36704990267753601] [-0.34357258677482605:0.24741937220096588] [-0.26656851172447205:0.32804849743843079] [-0.20159848034381866:0.24319593608379364] [-0.28975421190261841:0.27648249268531799] [-0.33705943822860718:0.26798981428146362] [-0.32380011677742004:0.29791733622550964] [-0.25453466176986694:0.38841700553894043] [-0.30357715487480164:0.29289805889129639] [-0.29712143540382385:0.26045814156532288] [-0.25278228521347046:0.34213274717330933] [-0.33229947090148926:0.25091928243637085] [-0.22893556952476501:0.21988382935523987] [-0.23165377974510193:0.31832039356231689] [-0.20833024382591248:0.40913042426109314] [-0.26650699973106384:0.24067015945911407] [-0.29394838213920593:0.27541038393974304] [-0.27113410830497742:0.3310864269733429] [-0.24472339451313019:0.31705185770988464] [-0.24432000517845154:0.25000399351119995] [-0.24773885309696198:0.23663166165351868] [-0.23521457612514496:0.22563724219799042] [-0.21364669501781464:0.24460819363594055] [-0.21396258473396301:0.26981928944587708] [-0.22185257077217102:0.28129103779792786] [-0.23144182562828064:0.2175757884979248] [-0.27865231037139893:0.29086548089981079] [-0.22811342775821686:0.25541409850120544] [-0.27383169531822205:0.27264690399169922] [-0.23763503134250641:0.29348507523536682] [-0.17762419581413269:0.19497372210025787] [0:0.83333331346511841] [-0.0015139803290367126:1] [0.049787066876888275:1] [0:1] [0:1] [0:1.5] [0:5] [0:1] [-0.99723374843597412:0.99446749687194824] [1.0057183317258023e-05:1.9972337484359741] [-2.0637428760528564:2.0754806995391846] [3.4222055091959191e-06:0.99885576963424683] [0.18000000715255737:1] [-0.9655526876449585:0.99792098999023438] [0:2.5] [-2.5:2.5] [0:2.5] [0:8.5627212524414062] [0.041293684393167496:363.13284301757812] [0.0016517473850399256:18.156642913818359] -1:8:9:3:0:5:6:4:1:2:10:7:11 -1:0:2:1 -1:1:0:2:3 -1:52:15:26:46:18:47:4:45:8:31:28:11:16:33:48:37:22:13:5:27:17:35:41:19:21:12:44:7:20:40:2:6:36:24:3:54:0:50:25:32:10:23:38:9:39:14:51:29:49:42:43:34:1:53
tree_sizes=1811 1766 1810 1765 1773 1763 1799 1782 1799 1772 1803 1768 1780 1776 1815 1811 1771 1765 1805 1807 1805 1776 1797 1769 1802 1779 1806 1765 1741 1808 1812 1773 1773 1773 1808 1770 1769 1782 1792 1770 1771 1795 1791 1754 1768 1768 1760 1800 1774 1759 1753 1771 1763 1760 1767 1766 1768 1763 1767 1759 1758 1758 1778 1761 1779 1769 1770 1771 1768 1795 1803 1752 1755 1751 1739 1770 1764 1761 1765 1758 1747 1766 1774 1768

Tree=0
num_leaves=15
num_cat=1
split_feature=13 238 156 234 168 11 257 235 234 168 156 168 162 251
split_gain=488.921 345.581 200.908 131.968 114.303 72.6536 70.1693 69.8572 63.9685 48.2561 48.1008 47.3555 45.6116 40.6474
threshold=1.0000000180025095e-35 1.0000000180025095e-35 0.051503095775842674 1.0000000180025095e-35 3.1200195550918584 1.0000000180025095e-35 0 0.49224559962749487 1.0000000180025095e-35 3.1333086490631108 0.2314560413360596 3.1937922239303593 54.236293792724616 0.4039869904518128
decision_type=8 2 2 2 2 8 9 2 2 2 2 2 2 2
left_child=6 2 3 -2 13 -5 -1 11 -3 -10 -6 12 -7 -4
right_child=1 8 4 5 10 7 -8 -9 9 -11 -12 -13 -14 -15
leaf_value=-0.10116473330653551 -0.082339189749483302 0.081809352045651818 0.067444439082897156 -0.064687458307320103 0.1204307207337999 -0.043655909546109539 0.027256520453924311 -0.033985205788837347 0.13432596934191746 0.16546466473796168 0.16072749903262348 0.095244960979436327 0.066578152321292161 0.14963000092409351
leaf_weight=99.453557937554251 57.596932780357747 130.79357783642081 448.73147138727199 37.056763017255435 893.43488164546307 47.694792834596228 68.243364780071715 53.141349717929188 793.34094332113864 1335.4255229959685 443.14099846457975 783.47307574121169 176.22020783734297 69.499012280692114
leaf_count=29894 5558 7368 25139 8350 51252 3997 32570 7068 25391 47363 17323 55209 12928 1245
internal_value=0 0.120133 0.0979445 0.0652074 0.118333 0.0729501 -0.0533116 0.0777594 0.149689 0.15386 0.133791 0.0836541 0.0430979 0.0784662
internal_weight=0 5269.55 3009.99 1155.18 1854.81 1097.59 167.697 1060.53 2259.56 2128.77 1336.58 1007.39 223.915 518.23
internal_count=330655 268191 188069 93110 94959 87552 62464 79202 80122 72754 68575 72134 16925 26384
cat_boundaries=0 2
cat_threshold=2685244458 3227381
is_linear=0
shrinkage=0.1


Tree=1
num_leaves=15
num_cat=0
split_feature=156 158 12 168 235 251 13 12 12 13 245 234 235 104
split_gain=370.615 206.927 196.716 138.171 114.607 109.87 108.805 89.2106 74.7178 73.058 70.0009 66.3466 56.4337 55.5371
threshold=0.16172623634338382 0.29166667163372045 27.500000000000004 3.3222963809967045 0.44934208691120153 0.36496080458164221 0.031835941597819335 27.500000000000004 22.500000000000004 0.014800403267145159 0.62610056996345531 1.0000000180025095e-35 0.42107035219669348 -0.063424557447433458
decision_type=2 2 8 2 2 2 10 10 8 10 2 2 2 2
left_child=1 4 10 5 6 9 13 -8 -3 -4 -2 -5 -10 -1
right_child=2 8 3 11 -6 -7 7 -9 12 -11 -12 -13 -14 -15
leaf_value=0.00021005953256526488 -0.075220451286960477 -0.048928103762207943 0.07211107070490462 0.038201227886233625 -0.015374289145839715 0.15528038847506187 -0.080650198630293435 0.099988347681469608 0.12031160364234246 0.11525086033642751 0.075283994576276367 0.14483991499727641 0.062932469738405258 0.063895527679187436
leaf_weight=170.87107044515506 57.178546451261354 27.678045992777697 553.62911178419563 59.128025110669114 135.64974878731118 502.30965154320438 27.893541111085142 1377.2552647389202 2418.8850773087397 1349.3720379886181 67.24992252264019 4394.8087485890137 184.48054718444655 689.38275906475246
leaf_count=18541 15613 12775 25104 3334 17228 4585 9001 47581 48171 26263 9976 31810 7566 53096
internal_value=0 0.0951361 0.130734 0.132994 0.0739087 0.113681 0.0792549 0.0964025 0.114508 0.1027 0.00612277 0.143424 0.116246 0.0512458
internal_weight=0 5032.1 6983.68 6859.25 2401.05 2405.31 2265.4 1405.15 2631.04 1903 124.428 4453.94 2603.37 860.254
internal_count=330644 213959 116685 91096 145447 55952 128219 56582 68512 51367 25589 35144 55737 71637
is_linear=0
shrinkage=0.1


Tree=2
num_leaves=15
num_cat=2
split_feature=238 156 17 168 156 163 251 8 4 163 257 168 257 251
split_gain=658.341 690.717 305.571 175.473 113.138 104.206 95.1032 110.908 52.2387 79.6422 57.314 47.3169 46.9985 46.4951
threshold=1.0000000180025095e-35 0.17694497108459475 75.500000000000014 3.1333086490631108 0.077524039894342436 -0.073283486068248735 0.33629249036312109 0.14030447602272036 0.052770815789699561 0.74019593000411998 0 3.3222963809967045 1 1.0000000180025095e-35
decision_type=2 2 8 2 2 2 2 8 10 2 9 2 9 2
left_child=1 2 4 13 -1 -5 7 -3 9 10 -7 -9 -6 -2
right_child=3 6 -4 5 12 8 -8 11 -10 -11 -12 -13 -14 -15
leaf_value=-0.048283097794757542 0.050417603412671277 -0.0035198129266677809 0.07300094867095179 0.13305794435629667 0.062874715655319588 0.0010293916326291029 0.12826646327101868 0.048654049707385433 0.11642543054965589 -0.058270673693719278 0.10287491386117907 0.10310916781968665 -0.0059184010701011361 0.11999326194531215
leaf_weight=523.78685382155891 407.48899567155422 121.36609311628308 621.41566175581283 5065.6844379308513 156.64254722460828 75.465745677825907 965.10578492772038 183.22092900161078 847.04481716395276 40.972177454836128 358.99645758375482 1235.9046784677757 248.20233453921901 125.67081731754297
leaf_count=84088 35504 12671 57022 29283 11788 3291 4014 16935 13753 8863 8733 14462 28551 2099
internal_value=0 0.0711932 0.0187242 0.121932 -0.0175964 0.126532 0.103652 0.0882318 0.101535 0.0750072 0.087576 0.0960786 0.0221059 0.0668172
internal_weight=0 4055.64 1550.05 6921.32 928.632 6388.16 2505.6 1540.49 1322.48 475.434 434.462 1419.13 404.845 533.16
internal_count=331057 229531 181449 101526 124427 63923 48082 44068 34640 20887 12024 31397 40339 37603
cat_boundaries=0 2 4
cat_threshold=2193714193 66536 187722455 2262112
is_linear=0
shrinkage=0.1


Tree=3
num_leaves=15
num_cat=0
split_feature=238 156 17 168 12 251 168 246 251 160 241 158 2 251
split_gain=487.763 602.361 190.858 178.813 103.232 93.3759 104.855 84.203 75.2505 61.1418 56.0095 54.0371 52.6787 47.4634
threshold=1.0000000180025095e-35 0.17694497108459475 52.500000000000007 3.1333086490631108 99.500000000000014 0.33629249036312109 3.3063981533050542 0.5900000035762788 0.16430578380823138 1.0000000000000002 0.22500000149011615 0.36666667461395269 0.03488843888044358 1.0000000180025095e-35
decision_type=2 2 8 2 8 2 2 2 2 2 2 2 8 2
left_child=1 2 8 13 -5 6 -3 12 -1 -9 -11 -4 -6 -2
right_child=3 5 11 4 7 -7 -8 9 -10 10 -12 -13 -14 -15
leaf_value=-0.041721518374629923 0.02528775671393332 0.0072196554123957028 0.029453447015170164 0.068051698528542218 -0.041637970848100607 0.11727718817594164 0.09090240353058282 0.12925588668888474 0.073622717166210563 0.094792832431290525 0.12640705504067229 0.093214348574383987 0.082287921965450816 0.10048949210432118
leaf_weight=548.23892384376086 287.58723826422647 184.63235623788205 446.43108168180879 426.32090033241184 43.598409648344386 1132.8519467228034 792.16189932964335 3604.5199823309886 63.067648227734026 1306.3988292210124 981.37071843362355 189.26971003639301 160.85532543764566 118.51342901741737
leaf_count=107578 35339 27474 57648 28411 706 3981 16547 17865 4547 10231 5697 11628 1160 2054
internal_value=0 0.0651725 0.0100733 0.111617 0.115625 0.0977416 0.0750848 0.118951 -0.0298216 0.12114 0.108354 0.0484372 0.0558615 0.0472341
internal_weight=0 3356.65 1247.01 6929.16 6523.06 2109.65 976.794 6096.74 611.307 5892.29 2287.77 635.701 204.454 406.101
internal_count=330866 229403 181401 101463 64070 48002 44021 35659 112125 33793 15928 69276 1866 37393
is_linear=0
shrinkage=0.1


Tree=4
num_leaves=15
num_cat=0
split_feature=238 157 168 11 10 11 158 157 234 13 240 10 13 13
split_gain=407.692 381.936 168.181 112.383 95.3743 82.6052 82.2696 61.9482 61.0193 41.1866 40.1732 45.9444 46.415 40.3916
threshold=1.0000000180025095e-35 0.51696264743804943 3.1333086490631108 0.014313029125332834 137.50000000000003 0.012276243884116413 0.36666667461395269 0.4348075687885285 1.0000000180025095e-35 0.040862707421183593 1.0000000180025095e-35 530.50000000000011 0.030360640957951549 0.005358647322282196
decision_type=2 2 2 8 8 8 2 2 2 10 2 10 8 8
left_child=1 3 -2 -1 -4 -3 7 -5 -6 -7 11 12 -10 -12
right_child=2 5 4 6 8 9 -8 -9 10 -11 13 -13 -14 -15
leaf_value=-0.050224655821657471 0.040122269521247318 0.01732918297864338 0.061707036864605602 0.0020116340790922531 0.0052908333148995613 0.089976204124076281 0.082553225903515021 0.049974408854741165 0.038660261740402851 0.12411984203482709 -0.011638175639011109 0.1266123994557963 0.099756733525257477 0.12212518217971152
leaf_weight=158.40623691888322 344.05839154658315 112.15283290107618 357.49649238601705 554.66698963338422 50.397326882637572 730.54807694452029 327.10329268195346 523.40032884798711 139.24668256548466 684.15121143933357 22.700637653237209 602.89557411367423 1161.8746836965875 4060.3557021866873
leaf_count=49144 37492 14723 30501 75480 3127 20643 19822 40078 1466 8973 118 2808 8520 17293
internal_value=0 0.0643639 0.108229 0.0296243 0.111894 0.0999391 0.0386258 0.0252975 0.114865 0.106488 0.115788 0.103792 0.0932182 0.121381
internal_weight=0 3090.43 6739.03 1563.58 6394.97 1526.85 1405.17 1078.07 6037.47 1414.7 5987.07 1904.02 1301.12 4083.06
internal_count=330188 228863 101325 184524 63833 44339 135380 115558 33332 29616 30205 12794 9986 17411
is_linear=0
shrinkage=0.1


Tree=5
num_leaves=15
num_cat=0
split_feature=12 238 157 17 168 13 251 158 11 168 251 168 12 171
split_gain=469.375 247.386 319.999 129.378 114.699 84.1143 68.0632 55.0692 54.317 49.7646 42.9699 40.6153 40.1704 36.032
threshold=111.50000000000001 1.0000000180025095e-35 0.51696264743804943 129.00000000000003 3.1333086490631108 0.0076236876193434009 0.16430578380823138 0.36666667461395269 0.031631058081984527 3.6284406185150151 1.0000000180025095e-35 3.1937922239303593 275.00000000000006 0.18500201404094699
decision_type=8 2 2 8 2 10 2 2 10 2 2 2 10 2
left_child=5 2 3 6 -3 -1 -2 -5 10 12 11 -4 13 -6
right_child=1 4 8 7 9 -7 -8 -9 -10 -11 -12 -13 -14 -15
leaf_value=-0.080910172965246441 -0.0086480653799434464 0.040303613794095659 -0.024548419541335995 0.041372545029201666 0.097171589733035163 0.026110244327436905 0.082720022691226303 0.11596895864573782 0.11870221390172563 0.12172706899233009 0.1028054715641506 0.072835030201165052 0.11562268593981542 0.039974936888322682
leaf_weight=83.815298312409141 574.88643467321526 230.02128069497121 64.16842639844981 211.18310028171982 1600.9136651570516 593.31720702168968 95.00479560426902 186.2348715282933 895.08209250767686 2903.3123182975687 258.62678965003579 128.77134120810661 1501.8035040087998 118.27800890020444
leaf_count=60761 70955 18615 8579 21807 14773 92766 3747 4123 7440 12110 2613 5563 5439 1314
internal_value=0 0.0992758 0.0720237 0.0311267 0.109629 0.0128633 0.00430987 0.0763293 0.104437 0.112232 0.0761617 0.040447 0.103674 0.0932365
internal_weight=0 8768.29 2413.96 1067.31 6354.33 677.133 669.891 397.418 1346.65 6124.31 451.567 192.94 3221 1719.19
internal_count=330605 177078 124827 100632 52251 153527 74702 25930 24195 33636 16755 14142 21526 16087
is_linear=0
shrinkage=0.1


Tree=6
num_leaves=15
num_cat=1
split_feature=12 156 238 83 248 86 168 251 158 251 257 158 13 168
split_gain=382.063 220.652 253.311 129.981 100.198 89.2219 83.7244 61.4144 66.6053 53.2096 51.7984 49.8876 48.6341 38.2696
threshold=106.50000000000001 0.13383085280656817 1.0000000180025095e-35 75.500000000000014 1.0000000000000002 -0.34221084415912623 3.0403649806976323 0.3543198853731156 0.29166667163372045 0.16430578380823138 0 0.36666667461395269 0.0076236876193434009 3.6930665969848637
decision_type=8 2 2 8 2 8 2 2 2 2 9 2 10 2
left_child=12 2 3 9 6 10 -3 8 13 -2 -4 -5 -1 -8
right_child=1 4 5 11 -6 -7 7 -9 -10 -11 -12 -13 -14 -15
leaf_value=-0.070882052888100955 -0.026445177027650264 0.048844842557883426 0.020333646594400401 0.030604868045493446 -0.0098835416958767946 0.11795919530516877 0.067491060810495565 0.12322482023841133 0.11236922163962933 0.077696139924988139 0.08394921228414387 0.096562500693649619 0.018084015700373681 0.10080880595033699
leaf_weight=71.855555347188783 366.7204499357249 235.59317927827942 185.36542254179949 224.36801553223631 73.901476728344278 794.33762551652035 676.16651701908268 2113.2653327061853 2257.1367767790944 56.639331024998683 691.99242838479404 234.55091342711239 424.14078745081133 703.36604769303813
leaf_count=60667 58157 17886 4436 25401 6230 5726 18158 7413 15356 3302 7814 4933 88729 6240
internal_value=0 0.0954535 0.0708002 0.0274497 0.105844 0.0936795 0.107273 0.109667 0.101789 -0.0125126 0.0716973 0.0643154 0.0051954 0.0844784
internal_weight=0 8613.4 2553.97 882.279 6059.43 1671.7 5985.53 5749.93 3636.67 423.36 877.358 458.919 495.996 1379.53
internal_count=330448 181052 109769 91793 71283 17976 65053 47167 39754 61459 12250 30334 149396 24398
cat_boundaries=0 2
cat_threshold=2215499016 5968847
is_linear=0
shrinkage=0.1


Tree=7
num_leaves=15
num_cat=0
split_feature=12 168 156 17 238 157 234 156 238 8 8 163 156 158
split_gain=363.672 226.156 169.277 166.575 108.293 55.8925 53.0149 52.0147 42.8794 40.8804 35.4561 43.6481 31.1109 28.6071
threshold=106.50000000000001 3.1200195550918584 0.16172623634338382 62.500000000000007 1.0000000180025095e-35 0.56536343693733226 1.0000000180025095e-35 0.036038961261510856 1.0000000180025095e-35 0.17813751846551898 0.24990795552730563 -0.16871038824319837 0.051503095775842674 0.36666667461395269
decision_type=8 2 2 8 2 2 2 2 2 10 10 2 2 2
left_child=9 5 3 4 7 -2 -4 -3 13 -1 11 -8 -6 -5
right_child=1 2 6 8 12 -7 10 -9 -10 -11 -12 -13 -14 -15
leaf_value=-0.041815447042244235 0.0032893894562799359 -0.043576239445730421 -0.008336838265907873 0.044211491227630691 0.035122113826701155 0.075367342638537838 0.10422660629423469 0.031892016673871829 0.10910797789891413 0.021992250219507962 0.11533735014371503 0.066354257027367788 0.083550811668211517 0.096588817494597801
leaf_weight=155.55232318150956 329.55041188352698 151.11215845531478 39.800045794683683 206.16851815483824 187.79884820219013 159.72903388733539 2257.8516707785166 230.83435682675918 959.15561410602822 283.23497839078846 2790.4538064249355 351.71760419073689 451.71096244892396 210.99393941108428
leaf_count=74753 36457 27246 3832 23471 3151 9031 15190 25184 6230 74783 13264 8670 5633 4004
internal_value=0 0.0927791 0.0968967 0.0747609 0.0441659 0.0268198 0.106654 0.00203399 0.0974674 -0.000627902 0.107501 0.0991222 0.0693292 0.0707031
internal_weight=0 8326.88 7837.6 2397.77 1021.46 489.279 5439.82 381.947 1376.32 438.787 5400.02 2609.57 639.51 417.162
internal_count=330899 181363 135875 94919 61214 45488 40956 52430 33705 149536 37124 23860 8784 27475
is_linear=0
shrinkage=0.1


Tree=8
num_leaves=15
num_cat=1
split_feature=12 239 156 168 83 251 13 83 13 246 156 160 257 12
split_gain=256.427 181.617 157.402 76.9315 75.7097 58.2247 56.2426 50.5006 47.9209 39.8999 36.8929 34.0937 32.6506 31.6935
threshold=106.50000000000001 0.29166667163372045 0.16807910054922107 3.1060073375701909 75.500000000000014 0.37646843492984777 0.021244358271360401 129.00000000000003 0.053503271192312248 0.5900000035762788 0.045715779066085822 1.0000000000000002 0 22.500000000000004
decision_type=8 2 2 2 8 2 8 10 10 2 2 2 9 10
left_child=13 2 4 -3 10 6 -4 -7 9 -5 -2 -11 -12 -1
right_child=1 3 5 8 -6 7 -8 -9 -10 11 12 -13 -14 -15
leaf_value=-0.063790867853242672 -0.027662725735425039 0.042316949484482176 -0.0071298739418026048 0.01413780515971109 0.069878887308576276 0.10701986252599463 0.077621129228721733 -0.21240478232722976 0.11537961402753315 0.10580214865588169 -0.010796299634777693 0.082314871272997803 0.052738502268407698 0.019872549183326468
leaf_weight=52.200838956752705 167.83104807448035 205.30921426076384 85.202883545818622 58.408269861101871 376.74073650614446 907.35393872263376 966.85260783458216 4.9766270166728637 2316.4169447388267 1784.6247577145659 129.07544695651086 945.442433986369 208.68237844523537 341.48160927959907
leaf_count=58855 27725 19281 6993 1902 26307 4084 21407 53 10686 17524 14549 16377 14124 90236
internal_value=0 0.0914102 0.0710305 0.102336 0.0359447 0.0867897 0.0707574 0.105277 0.104749 0.0959187 0.0106585 0.0976683 0.0297002 0.00877909
internal_weight=0 8156.92 2846.72 5310.2 882.33 1964.39 1052.06 912.331 5104.89 2788.48 505.589 2730.07 337.758 393.682
internal_count=330103 181012 115242 65770 82705 32537 28400 4137 46489 35803 56398 33901 28673 149091
cat_boundaries=0 2
cat_threshold=2954859048 6111631
is_linear=0
shrinkage=0.1


Tree=9
num_leaves=15
num_cat=0
split_feature=13 239 156 17 166 251 251 8 8 246 156 163 235 166
split_gain=218.595 164.287 161.365 66.1721 56.7255 56.3561 49.2293 44.9312 38.9255 38.2068 32.3597 31.2535 29.1476 28.2813
threshold=0.014121899381279947 0.29166667163372045 0.16172623634338382 75.500000000000014 0.89730462431907665 1.0000000180025095e-35 0.36496080458164221 0.21267849206924441 0.27098885178565985 0.5900000035762788 0.036038961261510856 0.27970544993877416 0.46147470176219946 0.81100705265998851
decision_type=8 2 2 8 2 2 2 10 10 2 2 2 2 2
left_child=6 2 3 10 7 8 -1 11 13 -5 -2 -3 -9 -4
right_child=1 4 5 9 -6 -7 -8 12 -10 -11 -12 -13 -14 -15
leaf_value=-0.012723867837465373 -0.030638349452590769 0.082447190930029265 0.024603756535415341 -0.10995330506368835 0.11320659003492638 0.10349178950001492 0.079957797806686395 0.10383550784688322 0.089942440908262047 0.070488783618462322 0.026529342851277067 0.025558544758970222 -0.004818193703697583 0.07280302697214508
leaf_weight=259.12224211730245 147.76558624251265 1168.0447968342269 235.59600168580801 12.127573337027568 2180.298044868221 970.68416487060313 73.585909363362589 1765.5346951315842 465.41122247579915 362.07003386902943 300.12456034811112 105.27493866177974 25.039714689504763 251.89287813055125
leaf_count=83761 35208 29794 23074 2027 14399 4776 1501 25498 11323 34072 39871 17833 1658 5936
internal_value=0 0.0905019 0.0706845 0.0336013 0.100878 0.0865328 0.00777477 0.0921041 0.0692573 0.0646407 0.00766888 0.0777438 0.102316 0.049509
internal_weight=0 7989.86 2745.67 822.088 5244.19 1923.58 332.708 3063.89 952.9 374.198 447.89 1273.32 1790.57 487.489
internal_count=330731 245469 156287 111178 89182 45109 85262 74783 40333 36099 75079 47627 27156 29010
is_linear=0
shrinkage=0.1


Tree=10
num_leaves=15
num_cat=1
split_feature=168 238 157 13 239 157 238 13 235 157 160 234 163 257
split_gain=202.467 118.775 129.606 71.3095 54.7287 48.3115 43.1007 38.9517 32.7599 30.3816 30.23 24.5212 24.1315 23.5106
threshold=3.1937922239303593 1.0000000180025095e-35 0.49121876060962683 0.01128691202029586 0.36666667461395269 0.55873873829841625 1.0000000180025095e-35 0.062370331957936294 0.51401597261428844 0.62731668353080761 1.0000000000000002 1.0000000180025095e-35 -1.0693178772926328 0
decision_type=2 2 2 10 2 2 2 10 2 2 2 2 2 9
left_child=3 2 4 13 -2 6 -5 8 10 11 12 -4 -3 -1
right_child=1 7 9 5 -6 -7 -8 -9 -10 -11 -12 -13 -14 -15
leaf_value=-0.024059330483453226 0.025013361601743462 0.11923387851595567 -0.040675493280998426 0.010754935258631956 0.07913005036463186 0.096292084231428057 0.071030340173527759 0.11286326189505445 -0.04290489314621404 0.11554112934115857 0.08089824735596024 0.084879088800607683 0.095166245784344752 0.030251933639459688
leaf_weight=145.76527478487696 572.49050493031973 587.67269679887249 15.80073136390274 222.55578215609057 277.43870977631013 262.74456261625164 254.05620762563558 1816.10564090564 17.291156078950735 397.2132267858251 998.19927329632264 1001.2885169418187 1431.1034295799091 153.6587408392279
leaf_count=34958 98429 2864 2490 35589 15480 10946 17537 12852 632 2730 18510 28581 18631 30482
internal_value=0 0.092452 0.073541 0.0451904 0.0426784 0.0618639 0.0428845 0.10128 0.094347 0.092088 0.0951336 0.0829286 0.102172 0.004019
internal_weight=0 7114.6 2264.23 1038.78 849.929 739.357 476.612 4850.37 3034.27 1414.3 3016.98 1017.09 2018.78 299.424
internal_count=330711 201199 147710 129512 113909 64072 53126 53489 40637 33801 40005 31071 21495 65440
cat_boundaries=0 2
cat_threshold=2823189372 7070218
is_linear=0
shrinkage=0.1


Tree=11
num_leaves=15
num_cat=0
split_feature=12 8 251 239 157 158 249 17 156 168 235 246 10 17
split_gain=187.626 134.039 96.3313 89.0384 49.4574 56.7347 48.9198 40.0108 32.5316 30.9508 29.2662 25.4871 23.6985 20.892
threshold=106.50000000000001 0.21267849206924441 0.3543198853731156 0.29166667163372045 0.58055329322814953 0.18333333730697635 1.0000000000000002 38.500000000000007 0.063966177403926863 3.1477736234664921 0.49224559962749487 0.5900000035762788 17.500000000000004 54.500000000000007
decision_type=8 10 2 2 2 2 2 8 2 2 2 2 10 8
left_child=12 2 3 9 5 -3 7 8 -5 -2 -7 -11 -1 -13
right_child=1 4 -4 6 -6 10 -8 -9 -10 11 -12 13 -14 -15
leaf_value=-0.060035146629569706 -0.0055791699324643975 0.057208468628733203 0.10052654751107935 0.0018082078925212419 0.11497764182258455 0.098938659747241475 -0.039582967447151222 0.093693979189985038 0.068801470072224757 -0.053362071514846121 -0.011692459868394121 0.030172221134466732 0.025025461597636772 0.07070922498462856
leaf_weight=36.26722028389122 166.61436428861271 391.15109400306756 874.84741158541874 85.417902064538794 1490.3570220975962 2682.4374896601221 35.780202978407033 771.97033450633171 478.70381817316229 25.738647464000678 24.12684989846457 279.44511850781419 338.11119856567711 233.26825264353829
leaf_count=50107 26195 19501 9034 7240 5016 27748 4501 17518 14773 3183 1732 28608 99101 16432
internal_value=0 0.0893147 0.0726918 0.0609673 0.100009 0.0928077 0.0758108 0.078901 0.0586575 0.0320859 0.0979525 0.0437406 0.0167854 0.0486153
internal_weight=0 7539.86 2951.79 2076.94 4588.07 3097.72 1371.87 1336.09 564.122 705.066 2706.56 538.452 374.378 512.713
internal_count=330689 181481 127484 118450 53997 48981 44032 39531 22013 74418 29480 48223 149208 45040
is_linear=0
shrinkage=0.1


Tree=12
num_leaves=15
num_cat=0
split_feature=156 17 11 156 239 158 10 246 11 251 166 85 86 121
split_gain=150.205 179.243 71.5246 47.6037 44.7666 41.7418 41.0477 33.779 33.6703 33.2636 26.2697 24.5496 22.6025 21.2552
threshold=0.11922530084848405 47.500000000000007 0.015193095430731775 0.036038961261510856 0.29166667163372045 1.0000000180025095e-35 530.50000000000011 0.80000001192092907 0.028526220470666889 0.37646843492984777 0.64419150352478038 13.500000000000002 -0.93751683831214894 -0.077821847051382051
decision_type=2 8 8 2 2 2 10 2 10 2 2 2 8 2
left_child=1 3 9 11 6 -3 7 -4 -7 -2 -5 -1 -10 -9
right_child=2 5 4 10 -6 8 -8 13 12 -11 -12 -13 -14 -15
leaf_value=0.031680753238510197 0.023866962908041345 0.023259504934064042 -0.012084099586053491 0.0026181502775848623 0.10365885103500322 0.064581810224489083 0.10374603237506051 0.12114555187579226 0.051533884859281155 0.091362977546460389 0.057104279393023871 -0.034282279334534059 0.10460039343698768 0.072128331705499454
leaf_weight=83.942646442534169 202.05092362465075 105.65499261810328 44.879918557966448 123.45516028184829 3601.3945110522618 402.95072777989481 693.55762325253454 96.926036857956205 89.065482253681694 114.33074978910008 312.41126609083949 172.08956322960876 812.10569014953217 1013.3106720355281
leaf_count=13200 47244 20654 3229 26660 40863 37057 7255 2303 5943 1890 22663 42275 18960 40615
internal_value=0 0.0632544 0.0944821 0.0215682 0.0971655 0.0837134 0.0845157 0.0729695 0.0886112 0.048258 0.0416716 -0.0126557 0.0993557 0.0764076
internal_weight=0 2101.68 5766.45 691.899 5450.07 1409.78 1848.67 1155.12 1304.12 316.382 435.866 256.032 901.171 1110.24
internal_count=330811 187412 143399 104798 94265 82614 53402 46147 61960 49134 49323 55475 24903 42918
is_linear=0
shrinkage=0.1


Tree=13
num_leaves=15
num_cat=0
split_feature=238 157 168 234 234 13 246 158 246 158 166 13 214 234
split_gain=137.409 131.033 66.1153 57.0899 43.4931 42.1612 33.5273 28.1289 25.6698 23.0157 22.341 22.2328 22.2702 22.1245
threshold=1.0000000180025095e-35 0.57264441251754772 3.1888009309768681 1.0000000180025095e-35 0.75000000000000011 0.021244358271360401 0.5900000035762788 0.18333333730697635 0.5900000035762788 0.45000000298023229 0.44145125150680548 0.05693777650594712 -0.17684509605169293 0.75000000000000011
decision_type=2 2 2 2 2 8 2 2 2 2 2 10 2 2
left_child=1 2 10 -2 6 -5 -4 -8 -7 -6 -1 12 -3 -10
right_child=3 11 4 5 9 8 7 -9 13 -11 -12 -13 -14 -15
leaf_value=-0.02169831563049663 -0.0025103192496754366 -0.095408090830766484 -0.068046664510200403 0.06209201126844846 0.070386792435292139 0.048533553851219588 0.021231128557554803 0.061237410210771705 0.093835806671570487 0.11941865623967177 0.033071052209834174 0.11572873136674451 0.086553196694964793 0.107999995137243
leaf_weight=138.25576635655489 59.139700034238558 6.8086690036288919 25.402677451695126 335.2428360609556 444.70118529945103 99.29813512759938 256.74695610584786 557.10207054814964 2560.6554272903013 121.99755265482236 161.45047652888388 377.47982623006101 554.92168145675532 1936.9687174162027
leaf_count=46354 9662 179 4739 33109 49080 2713 36437 49001 35241 3401 23706 2609 13966 20781
internal_value=0 0.0669649 0.0504482 0.0951576 0.0595382 0.0963287 0.0450853 0.0486165 0.0988255 0.0809423 0.00780571 0.0969601 0.0843477 0.0999358
internal_weight=0 2644.87 1705.66 4991.3 1405.95 4932.17 839.252 813.849 4596.92 566.699 299.706 939.21 561.73 4497.62
internal_count=330978 229472 212718 101506 142658 91844 90177 85438 58735 52481 70060 16754 14145 56022
is_linear=0
shrinkage=0.1


Tree=14
num_leaves=15
num_cat=3
split_feature=238 156 83 8 166 8 10 257 85 163 257 10 156 257
split_gain=124.633 106.313 50.8212 48.2294 41.7831 40.5393 36.2904 26.5874 26.5026 24.1992 20.8383 20.692 17.3361 17.6853
threshold=1.0000000180025095e-35 0.060915276408195503 129.00000000000003 0.20132688432931903 0.82383400201797496 0.29033310711383825 356.50000000000006 0 80.500000000000014 0.067091371864080443 1 192.50000000000003 0.33114035427570349 2
decision_type=2 2 8 10 2 10 8 9 2 2 9 10 2 9
left_child=1 2 8 4 12 6 10 -4 -1 -8 -2 -5 13 -3
right_child=5 3 7 11 -6 -7 9 -9 -10 -11 -12 -13 -14 -15
leaf_value=-0.0026567668713973584 0.082840122976706801 -0.0050189097430392215 -0.011904161004658336 0.06854831963181289 0.08745010808513673 0.10671810798445738 0.098720945097630908 0.070127248666972772 0.20659188754856236 0.040865905764561866 0.043833972400029182 0.099109153429814467 0.071284749476478601 0.045372598384561626
leaf_weight=277.41620697298822 675.03411387495726 123.49525466692285 49.581618190473819 286.02650652152079 300.18760517295232 2147.3663080929473 1856.3036037552374 281.32936143795087 6.1879002054483854 75.226521762277116 282.41476239495387 982.83120801951736 111.0262102970737 156.49766204067419
leaf_count=78789 33474 25134 8991 26248 12998 17274 20771 31262 1056 7822 21950 12854 9296 23220
internal_value=0 0.0692644 0.0329727 0.0806425 0.0593894 0.0963117 0.0885767 0.0595957 0.00190879 0.0964677 0.0726577 0.0922201 0.037847 0.0245879
internal_weight=0 2574.58 614.515 1960.06 691.207 5036.35 2888.98 330.911 283.604 1931.53 957.449 1268.86 391.019 279.993
internal_count=331139 229848 120098 109750 70648 101291 84017 40253 79845 28593 55424 39102 57650 48354
cat_boundaries=0 2 4 6
cat_threshold=542196232 6332672 943029592 5303889 2891941386 2714127
is_linear=0
shrinkage=0.1


Tree=15
num_leaves=15
num_cat=2
split_feature=13 246 234 156 17 13 2 234 156 257 240 257 0 74
split_gain=106.043 70.6916 64.3087 56.2765 70.1426 35.9213 29.385 29.3413 28.6915 29.1137 28.6508 25.8468 20.773 19.6601
threshold=0.020217452198266987 0.5900000035762788 1.0000000180025095e-35 0.11173533275723459 140.50000000000003 0.005358647322282196 0.03488843888044358 0.58333334326744091 0.036038961261510856 0 1.0000000180025095e-35 1 0.12645348906517032 0.11269841343164445
decision_type=8 2 2 2 8 10 8 2 2 9 2 9 8 2
left_child=5 6 -3 4 8 -1 -2 10 9 -4 11 -5 -9 -14
right_child=1 2 3 7 -6 -7 -8 12 -10 -11 -12 -13 13 -15
leaf_value=-0.015665761372893959 -0.056342877311158196 0.004887663504040963 0.056695167929677825 -0.010138461619379601 0.092852871077664628 0.054105300046295407 0.046324327364473922 0.042330473542276634 0.067094325589985807 -0.009020779646119817 0.093609058171952336 0.071333250542995913 0.10988838114220906 0.094352102910926522
leaf_weight=88.916343239374328 36.518332499152166 86.66038378149824 126.27782364396262 48.15829722842318 952.88216786825797 433.77589205873301 117.82757529849187 57.050972275152162 411.83995076758583 134.08023374713957 1245.7657905570668 376.94726488388551 1888.7155045212494 1432.084720699735
leaf_count=66309 4763 14642 20932 2888 34517 40994 6523 5175 34989 24977 18664 9752 25259 20661
internal_value=0 0.0889499 0.0904776 0.091589 0.0754034 0.0422364 0.0220332 0.0967989 0.0506677 0.0246836 0.0859597 0.0635432 0.102161 0.103188
internal_weight=0 6914.81 6760.46 6673.8 1625.08 522.692 154.346 5048.72 672.198 260.358 1670.87 425.106 3377.85 3320.8
internal_count=331045 223742 212456 197814 115415 107303 11286 82399 80898 45909 31304 12640 51095 45920
cat_boundaries=0 2 4
cat_threshold=2748462310 2907669 168379433 5275794
is_linear=0
shrinkage=0.1


Tree=16
num_leaves=15
num_cat=0
split_feature=13 238 251 157 158 11 160 234 109 168 3 113 234 235
split_gain=91.0036 64.0572 49.7576 43.7069 43.2014 26.5785 23.626 22.5458 19.7411 19.4206 19.4022 20.8771 18.3972 17.6473
threshold=0.038293080404400832 1.0000000180025095e-35 0.43695792555809027 0.58055329322814953 0.18333333730697635 0.066960677504539504 1.0000000000000002 0.75000000000000011 -0.078466437757015214 3.3063981533050542 0.30094340443611151 -0.054702032357454293 0.33333333581686025 0.21910379081964496
decision_type=10 2 2 2 2 10 2 2 2 2 10 2 2 2
left_child=1 2 7 4 -2 10 -3 9 -7 -1 12 -12 -6 -14
right_child=3 6 -4 -5 5 8 -8 -9 -10 -11 11 -13 13 -15
leaf_value=0.0029669360511280453 0.057291940725742244 0.09246883167179179 0.090365719207143147 0.10900132467315922 0.057128694301519581 0.00026941208877627367 0.067327260803813488 0.060754276409643274 0.11075655319788408 0.044187674019706462 -0.12513276837937926 0.055293534665196736 0.1036921625911441 0.082704039140014007
leaf_weight=202.33137031240949 389.16430819647212 1157.5764223760816 265.81408946614829 1557.3006087823014 166.24836290017265 16.519472788873827 552.0112433245522 319.55038226065517 767.46074871902965 262.685500784537 6.9384535765129831 84.705983997293515 722.71833019844053 898.8932606444032
leaf_count=53284 37878 38822 4485 9523 7311 561 30742 54874 11698 38826 816 5642 12573 23713
internal_value=0 0.0724093 0.0529734 0.0953687 0.0884141 0.0929613 0.0843508 0.0403048 0.108428 0.0262523 0.0865097 0.0416334 0.08881 0.092058
internal_weight=0 2759.97 1050.38 4609.95 3052.65 2663.48 1709.59 784.567 783.98 465.017 1879.5 91.6444 1787.86 1621.61
internal_count=330748 221033 151469 109715 100192 62314 69564 146984 12259 92110 50055 6458 43597 36286
is_linear=0
shrinkage=0.1


Tree=17
num_leaves=15
num_cat=0
split_feature=11 239 156 246 86 156 10 85 160 13 162 11 13 162
split_gain=78.9903 58.9349 56.2505 53.7963 45.1259 39.9963 29.9066 21.9808 23.5152 20.6756 17.4329 16.39 15.9562 16.6347
threshold=0.012276243884116413 0.45000000298023229 0.2869249433279038 0.5900000035762788 -0.85918354988098133 1.0000000180025095e-35 379.50000000000006 45.500000000000007 1.0000000000000002 0.005358647322282196 159.57076263427737 0.058957219123840339 0.053503271192312248 67.966197967529311
decision_type=8 2 2 2 8 2 10 2 2 10 2 8 10 2
left_child=9 2 3 -2 5 -5 7 8 10 -1 11 -7 13 -3
right_child=1 12 -4 4 -6 6 -8 -9 -10 -11 -12 -13 -14 -15
leaf_value=-0.0247362805879867 -0.0070670355585697028 0.078801184949049141 0.096090956833027402 0.0056293479434074943 0.088259281910018084 0.022590241074688627 0.086929529097814817 0.087629331440962327 0.011474729039110086 0.047738624073830088 0.12571008327208485 0.071761299376320059 0.11193404468311821 0.10453861030522932
leaf_weight=47.511691298364894 78.838489059966378 404.9649898670541 2080.0701634256984 112.90605956867876 1507.0415462376277 119.23040977270648 477.03972086325666 144.5123890662253 157.08246621412763 229.49318529527955 34.735888369490567 157.12138188033714 1098.7249734723882 661.03604709601495
leaf_count=47068 9537 11759 32782 24908 84999 9635 10732 10098 13255 43715 1274 9147 7688 14126
internal_value=0 0.0897494 0.0836456 0.074362 0.0767312 0.062285 0.0681551 0.0535372 0.0430139 0.0353078 0.0589394 0.0505467 0.103477 0.0947612
internal_weight=0 7033.3 4868.58 2788.51 2709.67 1202.63 1089.72 612.683 468.17 277.005 311.088 276.352 2164.73 1066
internal_count=330723 239940 206367 173585 164048 79049 54141 43409 33311 90783 20056 18782 33573 25885
is_linear=0
shrinkage=0.1


Tree=18
num_leaves=15
num_cat=2
split_feature=8 10 163 238 157 246 234 12 171 166 257 241 235 257
split_gain=79.2411 53.8088 35.8717 35.8648 26.675 25.4568 24.1177 23.7944 20.364 19.5154 18.8683 18.8367 18.1049 15.307
threshold=0.26126250624656683 356.50000000000006 0.74019593000411998 1.0000000180025095e-35 0.55247640609741222 0.5900000035762788 0.33333333581686025 362.50000000000006 0.41185088455677038 0.81100705265998851 0 0.30952382087707525 0.54672053456306469 1
decision_type=10 8 2 2 2 2 2 10 2 2 9 2 2 9
left_child=1 3 4 10 6 -2 13 12 -6 -8 -1 -5 -7 -3
right_child=5 2 -4 11 8 7 9 -9 -10 -11 -12 -13 -14 -15
leaf_value=0.05424233792144037 0.034399618142524159 -0.017435561472622436 -0.062535134069963708 0.06156552206304014 0.10685789124583206 0.095775413778598828 0.06566296714402961 0.11517999033299758 0.075838476910960767 0.091066386237514632 0.010465206685235836 0.096763992370339183 -0.044972730084967383 0.055774381685613009
leaf_weight=249.37054155854821 61.025833261988737 39.413305219164613 16.222246034827549 438.91706665470701 788.04596513931028 2838.7630818237558 478.02066578933955 765.63784951392154 289.3458019714235 823.16218957128513 187.35136589864305 232.61902512413872 9.1687665827703295 86.917428103424754
leaf_count=53736 3658 4955 8348 37212 10125 66245 34377 4740 4910 26549 53145 14454 1736 6438
internal_value=0 0.0776159 0.0856889 0.0592511 0.0866488 0.0984481 0.0776838 0.0995297 0.0985273 0.0817338 0.0369438 0.0737582 0.0953223 0.0359688
internal_weight=0 3629.39 2521.13 1108.26 2504.91 3674.6 1427.51 3613.57 1077.39 1301.18 436.722 671.536 2847.93 126.331
internal_count=330628 254249 95702 158547 87354 76379 72319 72721 15035 60926 106881 51666 67981 11393
cat_boundaries=0 2 4
cat_threshold=397131789 2337143 2236036621 5859480
is_linear=0
shrinkage=0.1


Tree=19
num_leaves=15
num_cat=1
split_feature=238 156 234 241 168 245 11 234 157 10 17 257 88 12
split_gain=72.6168 46.8466 42.1172 28.0891 25.683 24.5663 20.9599 19.187 17.1738 18.9079 16.7623 23.1061 16.925 15.9017
threshold=1.0000000180025095e-35 0.33114035427570349 0.75000000000000011 0.22500000149011615 3.1937922239303593 0.75906702876091015 0.030442035757005218 1.0000000180025095e-35 0.55247640609741222 293.50000000000006 35.500000000000007 0 0.71964555978775036 136.50000000000003
decision_type=2 2 2 2 2 2 10 2 2 8 8 9 10 10
left_child=1 2 4 5 -1 8 -4 -6 10 -10 11 -2 -13 -8
right_child=3 -3 6 -5 7 -7 13 -9 9 -11 -12 12 -14 -15
leaf_value=0.014361292366874315 0.067680799841153605 0.094689758776939317 0.060032163429544275 0.10223157954496549 -0.016893691407746186 0.097429186818012756 0.054225495742442897 0.061013097553577117 0.057141063663357174 0.10144877805750618 0.08135686801378654 0.042500303744672903 -0.037860258143555092 0.10272657934647081
leaf_weight=161.88884836506804 233.73755986973993 720.07713950716061 274.80316566657348 2320.8335436786438 32.922005216543766 1149.3681997863896 81.200621942432917 794.61243554007888 126.23955582578856 406.27330569333571 397.14198527083136 62.914404424125678 44.921698418500455 403.56322821782669
leaf_count=43324 10282 16935 49839 37780 9662 21329 17458 78676 7661 3941 13360 3503 3603 13793
internal_value=0 0.0732225 0.0643842 0.094371 0.0507877 0.0868344 0.0820952 0.0579137 0.0772553 0.090945 0.0673868 0.0511441 0.00825837 0.0946024
internal_weight=0 2469.07 1748.99 4741.43 989.423 2420.6 759.567 827.534 1271.23 532.513 738.716 341.574 107.836 484.764
internal_count=331146 229687 212752 101459 131662 63679 81090 88338 42350 11602 30748 17388 7106 31251
cat_boundaries=0 2
cat_threshold=502315173 1325682
is_linear=0
shrinkage=0.1


Tree=20
num_leaves=15
num_cat=1
split_feature=246 156 17 2 55 86 166 86 171 8 257 157 194 118
split_gain=69.093 58.3519 67.5487 37.6659 36.4602 35.0677 34.9138 28.2071 21.5107 21.2057 21.1889 18.5399 18.2245 17.9854
threshold=0.5900000035762788 0.11173533275723459 43.500000000000007 0.049071207642555244 1.0000000180025095e-35 -0.8788253366947173 0.87331241369247448 -1.1627568602561948 0.41185088455677038 0.14030447602272036 0 0.62731668353080761 0.21972499042749408 0.018660216592252258
decision_type=2 2 8 10 2 10 2 10 2 10 9 2 2 2
left_child=3 2 7 -1 -5 6 9 -2 11 -3 -9 -7 -8 -4
right_child=1 5 13 4 -6 8 12 10 -10 -11 -12 -13 -14 -15
leaf_value=-0.029557245195906485 -0.014185805817456902 0.050116906918799803 0.089804559529567812 0.1076678162522101 -0.06572302135296125 0.099590949985391072 0.097069033963906801 0.0085640838964533249 0.066571922266227657 0.080776517521828309 0.063754377484865399 0.12068747064991028 -0.099914680542342066 0.050424570671080804
leaf_weight=75.858768843121652 75.406843643286265 314.75125206963457 1083.373209353882 57.514672388002509 15.367794557627347 2113.7321084128507 1270.4000745380945 105.96756728981745 165.41657369091263 796.35672461371178 331.44801242562608 518.81244912631155 4.7141390045289873 129.88003095790191
leaf_count=12728 14832 27945 64454 2906 1625 61706 10464 22338 5365 28574 55968 5014 63 16389
internal_value=0 0.088653 0.0727275 0.0197678 0.0711071 0.0939553 0.0850494 0.0422997 0.101551 0.0720914 0.0520374 0.103749 0.0963408 0.0855889
internal_weight=0 6910.26 1726.08 148.741 72.8825 5184.18 2386.22 512.822 2797.96 1111.11 437.416 2632.54 1275.11 1213.25
internal_count=330371 313112 173981 17259 4531 139131 67046 93138 72085 56519 78306 66720 10527 80843
cat_boundaries=0 2
cat_threshold=335872282 3739726
is_linear=0
shrinkage=0.1


Tree=21
num_leaves=15
num_cat=0
split_feature=234 239 10 234 13 11 86 167 243 103 225 182 181 156
split_gain=57.9558 53.4586 31.1315 29.3543 23.3456 21.8753 18.6197 18.317 17.1895 15.2735 14.1888 13.0852 12.8623 12.2538
threshold=1.0000000180025095e-35 0.18333333730697635 154.00000000000003 0.75000000000000011 0.055339021608233459 0.014313029125332834 -0.90796473622322071 3.5000000000000004 0.89183667302131664 0.1201680935919285 0.16462167352437976 0.14985607564449313 -0.019463031552731987 0.11173533275723459
decision_type=2 2 8 2 10 8 10 2 2 2 2 2 2 2
left_child=-1 5 8 4 7 -2 -7 11 12 -5 -6 -4 13 -3
right_child=1 2 3 9 10 6 -8 -9 -10 -11 -12 -13 -14 -15
leaf_value=0.012056511282194394 0.0085925578307278691 0.052224297980157354 0.073512554773624922 0.10579897620919408 0.098684022175461891 0.056661772782648924 0.084496602760749981 0.11129615136971958 -0.0099932087699513717 0.081313269369595764 -0.0014878136689695457 0.10757371197603978 0.05337193969155471 0.096848962464076038
leaf_weight=100.20605971125406 59.33003512882533 82.060488614375572 1345.332337562686 2107.9864327865143 1354.7106820226545 461.50805564399343 501.44281141318424 167.24307346875139 25.836945943006867 289.76882773687976 14.289261618396266 123.10894710530556 197.20637723771142 246.01591325120171
leaf_count=25266 26675 24544 45830 31929 9681 41678 34742 4012 16783 5435 334 3793 38058 21953
internal_value=0 0.0886512 0.0922787 0.0945883 0.0880035 0.0675253 0.0711564 0.0799394 0.0696383 0.10284 0.0976385 0.0763681 0.0735551 0.0856872
internal_weight=0 6975.84 5953.56 5402.44 3004.68 1022.28 962.951 1635.68 551.12 2397.76 1369 1468.44 525.283 328.076
internal_count=330713 305447 202352 101014 63650 103095 76420 53635 101338 37364 10015 49623 84555 46497
is_linear=0
shrinkage=0.1


Tree=22
num_leaves=15
num_cat=1
split_feature=11 234 86 156 251 13 241 246 2 257 96 12 173 191
split_gain=54.015 41.3177 33.8789 31.8362 18.4366 17.917 17.8279 16.8175 22.964 16.7025 16.6429 14.4594 13.9622 16.3873
threshold=0.014313029125332834 0.75000000000000011 -0.92711415886878956 0.060915276408195503 1.0000000180025095e-35 0.066902238875627532 0.22500000149011615 0.5900000035762788 0.049071207642555244 0 -0.1818999499082565 477.00000000000006 0.34837400913238531 0.12613200396299365
decision_type=8 2 8 2 2 10 2 2 10 9 2 10 2 2
left_child=4 2 3 9 -1 -4 -5 8 -3 -2 -7 -9 13 -8
right_child=1 7 5 6 -6 10 12 11 -10 -11 -12 -13 -14 -15
leaf_value=0.034682501339088387 -0.017328842834274431 -0.027024433552317345 0.084128962485126912 0.06232601953031032 0.092438563437372265 0.035678628782041762 0.097430526414469032 0.097222332755124652 0.097741815814420707 0.051034985992723873 0.10700216574849873 0.12168871160099096 0.029668711167642071 0.019172205490802993
leaf_weight=248.28444503432729 60.006381468647305 25.088534252747195 1831.6130806776346 569.25359050409315 71.095885092247045 34.508300031535327 445.08920702941396 2674.6495705632224 35.80624673874263 71.179879140450794 629.97555685770931 265.53294045510847 37.926791062142001 28.469014779097051
leaf_count=95726 11915 3304 80791 20357 2331 999 9260 76619 1423 9919 12338 3345 963 1135
internal_value=0 0.0896316 0.0825716 0.0688537 0.0475393 0.089232 0.0745006 0.0983546 0.0463384 0.0223338 0.103298 0.0994319 0.0880501 0.0927259
internal_weight=0 6709.1 3708.02 1211.92 319.38 2496.1 1080.74 3001.08 60.8948 131.186 664.484 2940.18 511.485 473.558
internal_count=330425 232368 147677 53549 98057 94128 31715 84691 4727 21834 13337 79964 11358 10395
cat_boundaries=0 2
cat_threshold=378261595 1405810
is_linear=0
shrinkage=0.1


Tree=23
num_leaves=15
num_cat=0
split_feature=86 156 166 240 8 85 246 2 93 171 157 13 122 158
split_gain=47.9547 56.2744 27.8386 26.2499 24.5866 24.1054 21.6859 19.9933 16.7764 16.7371 19.7055 14.0107 13.5784 13.0668
threshold=-0.87010291218757618 0.091507177799940123 0.87331241369247448 1.0000000180025095e-35 0.30887538194656378 63.500000000000007 0.5900000035762788 0.053813256323337562 0.40058691799640661 0.41185088455677038 0.62731668353080761 0.038293080404400832 0.033651741221547134 0.22500000149011615
decision_type=8 2 2 2 10 2 2 8 2 2 2 10 2 2
left_child=1 5 3 -3 6 8 7 -2 12 10 13 -5 -1 -8
right_child=4 2 -4 11 -6 -7 9 -9 -10 -11 -12 -13 -14 -15
leaf_value=0.05931393228897356 -0.056107038998737126 0.047998744557609774 0.092974660883686028 0.067407569197357672 0.10432592121801375 0.11867876138549112 0.07541538641920198 0.072171799794227665 -0.020028938380728625 0.060945516399317681 0.11697544193246015 0.0927242330298437 0.01829275770906447 0.093551468168329266
leaf_weight=217.00340279276315 19.446627248259574 330.12329094255983 1338.4760129327442 405.1637958947158 1490.2457806473376 39.253994036020231 558.45515340307429 32.381415021758585 46.320588640592177 190.0680144484204 273.88931886599312 474.72643172408425 128.45984971338476 1376.3869786551841
leaf_count=35460 5529 26666 12454 29779 24660 4435 65024 3651 9457 12550 4053 10297 23738 63010
internal_value=0 0.0773853 0.0830373 0.0720449 0.094197 0.0439685 0.0880375 0.0240397 0.036483 0.0894203 0.0918706 0.0810666 0.0440603 0.0883168
internal_weight=0 2979.53 2548.49 1210.01 3940.87 431.038 2450.63 51.828 391.784 2398.8 2208.73 879.89 345.463 1934.84
internal_count=330763 152286 79196 66742 178477 73090 153817 9180 68655 144637 132087 40076 59198 128034
is_linear=0
shrinkage=0.1


Tree=24
num_leaves=15
num_cat=2
split_feature=86 156 156 158 65 168 235 168 17 257 257 162 7 223
split_gain=50.2973 53.681 24.1028 24.7363 21.3356 21.6986 16.602 15.8449 14.3619 18.1245 13.5161 13.0846 16.6164 12.0278
threshold=-0.93751683831214894 0.091507177799940123 0.2869249433279038 0.18333333730697635 1.5000000000000002 3.2684528827667241 0.51401597261428844 2.9928194284439091 38.500000000000007 0 1 61.116609573364265 0.11189358308911325 0.16293354332447055
decision_type=8 2 2 2 2 2 2 2 10 9 9 2 8 2
left_child=1 10 3 -2 5 -3 7 -5 9 -7 -1 -6 -13 -10
right_child=2 4 -4 6 11 8 -8 -9 13 -11 -12 12 -14 -15
leaf_value=-0.0023268333910049102 0.064602540081400844 0.023149875014987227 0.10227272057810449 0.051264251235108242 0.073133969000097082 0.0032355393743408465 -0.0022161487971273956 0.094020435217893064 0.098475094021708093 0.071552379864795901 0.047828308677008408 0.05139201162368856 0.099142209130975073 -0.14827842641215741
leaf_weight=76.719007352321569 395.76903963655786 98.382342767727096 1947.6899972439533 90.151132720417081 379.13575697890701 57.960957379102183 18.704739482966033 2247.6399621977598 190.80830853167208 249.54065349337907 232.45254294954611 79.574162467148199 865.81553328477094 1.9960793800419185
leaf_count=18348 60045 16548 39895 19107 10538 2763 4335 89698 4427 5840 39441 5586 14426 53
internal_value=0 0.0755302 0.0937599 0.0877357 0.0817476 0.0660812 0.0916209 0.0923716 0.0745235 0.0611075 0.0368543 0.0888288 0.095123 0.0959205
internal_weight=0 2232.39 4699.95 2752.26 1923.21 598.688 2356.5 2337.79 500.306 307.502 309.172 1324.53 945.39 192.804
internal_count=331050 117970 213080 173185 60181 29631 113140 108805 13083 8603 57789 30550 20012 4480
cat_boundaries=0 2 4
cat_threshold=325616808 398099 2216248073 1142784
is_linear=0
shrinkage=0.1


Tree=25
num_leaves=15
num_cat=0
split_feature=86 163 158 156 234 66 157 168 13 6 211 161 85 156
split_gain=56.0448 46.441 28.9212 22.8519 18.1198 17.3231 15.8342 16.8976 15.6357 15.0589 13.0921 12.6797 12.4925 13.7927
threshold=-0.87010291218757618 -0.90374773740768422 0.29166667163372045 0.39696970582008367 1.0000000180025095e-35 5.9811959266662607 0.57264441251754772 3.6284406185150151 0.024733066558837894 0.022991543635725979 -0.090281166136264787 3.5188035964965825 48.500000000000007 0.077524039894342436
decision_type=8 2 2 2 2 2 2 2 8 10 2 2 2 2
left_child=1 -1 3 8 -2 -4 7 9 -3 10 -6 -9 13 -10
right_child=4 2 5 -5 6 -7 -8 11 12 -11 -12 -13 -14 -15
leaf_value=0.093714179303835521 0.036491378639961235 0.00032315197151095993 0.082552921057556017 0.085901634699674601 0.11674980177332855 0.044842904470869582 0.10600741214108651 0.10848092007924215 0.0055241783763632299 0.089398775262396715 0.05255000281256355 0.088672968955064047 0.08394436449112036 0.051352529509647894
leaf_weight=1112.6572349056623 50.862462368051638 75.027118495097966 984.15915536804823 157.58439623709637 37.358386428015365 139.02667498221854 1219.5600380713331 776.55692735922275 82.578821661627444 1089.7409864344991 212.13157656197654 553.51822094469935 86.028735186162521 320.76625439056806
leaf_count=24833 13567 26988 30469 5920 5118 14892 17736 16268 22277 60450 47157 17493 7430 19678
internal_value=0 0.077578 0.0678477 0.0522323 0.0957916 0.0778852 0.0965672 0.0922541 0.0428316 0.084325 0.0621632 0.100238 0.0493487 0.0419699
internal_weight=0 2957.83 1845.17 721.985 3939.73 1123.19 3888.87 2669.31 564.401 1339.23 249.49 1330.08 489.374 403.345
internal_count=330276 152487 127654 82293 177789 45361 164222 146486 76373 112725 52275 33761 49385 41955
is_linear=0
shrinkage=0.1


Tree=26
num_leaves=15
num_cat=1
split_feature=86 166 241 156 85 235 168 12 257 74 235 152 12 104
split_gain=47.6104 39.5169 24.1055 19.0275 25.123 17.7029 15.2607 17.026 14.6905 13.359 12.4718 10.9667 10.475 10.9692
threshold=-0.87010291218757618 0.87331241369247448 0.26785714924335485 0.20169491320848468 63.500000000000007 0.54672053456306469 3.6284406185150151 147.50000000000003 0 0.20169491320848468 0.51401597261428844 -0.0085249589756131155 477.00000000000006 -0.049979900941252701
decision_type=8 2 2 2 2 2 2 10 9 2 2 2 10 2
left_child=1 2 3 4 8 6 7 -2 -1 11 12 -5 13 -3
right_child=5 10 -4 9 -6 -7 -8 -9 -10 -11 -12 -13 -14 -15
leaf_value=0.0027647325362818095 0.074411126016182438 0.074490969116720665 0.082320288631455477 0.0080157686625404369 0.11826244533767767 -0.015053432653206484 0.10121397801536935 0.094649425336031767 0.046875190301613731 0.044953930569651593 0.0035575718534933218 0.082996764469307704 0.10980319620073031 0.093396525642677697
leaf_weight=144.80345822164418 591.5451608117155 501.08308686959936 519.23578217793875 20.741627334951772 34.308096098699025 14.744717756626413 1870.3862993622606 1398.2545768363761 169.66320348035151 179.59435732055863 17.083023444210994 327.5225491678284 217.21229057518212 791.94877340578751
leaf_count=29315 99018 9911 34515 1635 3712 3908 39475 35854 27675 11358 2065 15082 3631 13442
internal_value=0 0.0774073 0.0652452 0.0551315 0.037007 0.0943111 0.0947288 0.0886328 0.0281421 0.0671071 0.0885225 0.0785311 0.0894836 0.0860701
internal_weight=0 2923.2 1395.87 876.633 348.775 3874.93 3860.19 1989.8 314.467 527.859 1527.33 348.264 1510.24 1293.03
internal_count=330596 152341 123292 88777 60702 178255 174347 134872 56990 28075 29049 16717 26984 23353
cat_boundaries=0 2
cat_threshold=3174515498 3299752
is_linear=0
shrinkage=0.1


Tree=27
num_leaves=15
num_cat=0
split_feature=86 156 166 239 8 157 74 163 234 234 216 147 203 246
split_gain=60.1963 35.373 27.8703 18.8399 16.9477 16.2548 15.5286 14.369 11.9787 11.3554 12.7983 10.2474 10.2432 9.93551
threshold=-0.87010291218757618 1.0000000180025095e-35 0.87331241369247448 0.22500000149011615 0.30887538194656378 0.62731668353080761 0.20169491320848468 0.74019593000411998 0.33333333581686025 0.75000000000000011 0.10452384501695634 0.073636326938867583 0.14497958868741992 0.5900000035762788
decision_type=8 2 2 2 10 2 2 2 2 2 2 2 2 2
left_child=1 6 3 -3 5 8 11 9 -2 -5 -11 -1 -12 -10
right_child=4 2 -4 7 -6 -7 -8 -9 13 10 12 -13 -14 -15
leaf_value=0.04292571814712573 0.063377288136660132 0.048040658904922352 0.088258453498430589 0.066885173369431936 0.10373266503571972 0.11033569796870349 -0.013276973445529479 -0.03619016781224299 0.04124581541068946 0.093519929501260798 0.05061808940263051 0.15646236595801655 -0.1261239006618021 0.090426505945516433
leaf_weight=83.217117144829899 197.6974484156508 344.97072019006919 1465.8381203227036 494.91087833482379 1509.5976269829607 341.84659782629751 55.306191917861725 11.366707885159483 42.046685310512657 375.57086930456353 12.790386036613201 8.7891676128529053 4.409597948571899 1781.5051727318842
leaf_count=19693 23812 47644 19682 25563 24630 5212 17172 9311 7619 12017 922 503 88 117095
internal_value=0 0.0763216 0.0789159 0.0679074 0.0954559 0.0901686 0.0285993 0.0755304 0.0867578 0.076961 0.0896569 0.0537716 0.00530635 0.0892925
internal_weight=0 2857.17 2709.86 1244.02 3872.69 2363.1 147.312 899.048 2021.25 887.682 392.771 92.0063 17.2 1823.55
internal_count=330963 152595 115227 95545 178368 153738 37368 47901 148526 38590 13027 20196 1010 124714
is_linear=0
shrinkage=0.1


Tree=28
num_leaves=15
num_cat=0
split_feature=86 156 234 241 5 251 17 171 69 17 6 77 70 205
split_gain=60.954 34.9257 25.1782 16.6539 15.9348 15.1418 20.9722 14.5412 13.6965 12.046 23.2146 21.4535 11.7023 17.0267
threshold=-0.8788253366947173 0.045715779066085822 0.75000000000000011 0.22500000149011615 0.026334026828408245 0.38629862666130071 34.500000000000007 0.41185088455677038 2.1656919717788701 52.500000000000007 0.040491802617907531 0.16530054807662967 8.5000000000000018 0.038028700277209289
decision_type=8 2 2 2 8 2 8 2 2 10 8 2 2 2
left_child=1 -1 3 4 -3 6 7 -2 -4 -7 -11 12 -12 -14
right_child=5 2 8 -5 -6 9 -8 -9 -10 10 11 -13 13 -15
leaf_value=0.035975531096177092 0.084740317327955825 -0.014364221198239791 0.052216455314658405 0.081927599263352344 0.062773956220908061 0.11023968494320265 0.099072303487401647 0.035484917924642048 0.093322400393775332 -0.15723970839387796 0.11159093935206116 -0.14717516675782741 -0.2026273609280147 0.10424707789090655
leaf_weight=196.31746726773417 1120.6462386805661 27.889277264888733 87.453601669280033 649.81233467077436 673.2455063167763 874.59693291109579 1894.1155715988698 63.323567291889049 1108.5507213792316 4.3159662279067552 56.000056433840655 3.8510540137358467 3.0655304873944251 4.4077028555766447
leaf_count=49862 79787 11671 4566 23068 28113 6530 89439 6784 30128 66 352 121 122 43
internal_value=0 0.076617 0.0797496 0.0703945 0.0597056 0.0959472 0.0925463 0.0821059 0.0903167 0.10701 0.0675878 0.0820008 0.0959054 -0.0216332
internal_weight=0 2743.27 2546.95 1350.95 701.135 4024.32 3078.09 1183.97 1196 946.237 71.6403 67.3243 63.4733 7.47323
internal_count=330652 147408 97546 62852 39784 183244 176010 86571 34694 7234 704 638 517 165
is_linear=0
shrinkage=0.1


Tree=29
num_leaves=15
num_cat=1
split_feature=86 246 251 17 13 13 257 234 234 245 241 10 227 12
split_gain=51.1253 29.223 24.1337 27.4172 24.5164 14.8433 13.4531 12.8658 11.7625 11.6441 10.9171 10.11 10.3788 10.0079
threshold=-0.85918354988098133 0.5900000035762788 0.3543198853731156 47.500000000000007 0.036542827263474471 0.055339021608233459 0 0.33333333581686025 1.0000000180025095e-35 0.75030168890953075 0.36666667461395269 627.50000000000011 0.14651609212160113 64.500000000000014
decision_type=8 2 2 10 10 10 9 2 2 2 2 10 2 10
left_child=1 6 3 4 8 7 -1 -2 -3 -5 -10 -9 -13 -6
right_child=5 2 -4 9 13 -7 -8 11 10 -11 -12 12 -14 -15
leaf_value=0.041440812195770678 0.063859943356936941 -0.038103513379985576 0.093337684794107853 0.076395685533116806 0.014218825647465093 0.10206574968421028 -0.046270433005492016 0.087999233897245788 0.041858897498008467 0.10162561298457767 0.081949443733744562 0.10784855450876535 -0.046747022436948199 0.077227521666547796
leaf_weight=29.03570338413374 176.87023720455818 15.95326311012286 874.07862768258201 371.94300736846435 26.063357346829434 1881.1762111760072 21.730721550993621 1334.8239365756117 367.46214891033196 359.95234782117222 83.326662100667818 394.32286996164839 4.3910031192644956 768.31590601645075
leaf_count=3131 22509 5775 7842 25552 13110 36798 4327 102750 52911 14889 7647 11247 128 22064
internal_value=0 0.0781521 0.0794838 0.0734079 0.0644728 0.0957605 0.00294441 0.0895517 0.0462831 0.088804 0.0492695 0.092173 0.106146 0.0751602
internal_weight=0 2917.86 2867.1 1993.02 1261.12 3791.58 50.7664 1910.41 466.742 731.895 450.789 1733.54 398.714 794.379
internal_count=330680 157248 149790 141948 101507 173432 7458 136634 66333 40441 60558 114125 11375 35174
cat_boundaries=0 2
cat_threshold=2704277620 1435200
is_linear=0
shrinkage=0.1


Tree=30
num_leaves=15
num_cat=1
split_feature=86 234 235 238 239 240 4 257 90 65 246 73 224 13
split_gain=48.9831 29.2495 22.0661 16.8302 13.9233 12.7769 12.4191 12.0253 13.9422 10.8617 10.8417 12.7359 10.5745 10.3943
threshold=-0.87010291218757618 0.75000000000000011 0.34066975116729742 1.0000000180025095e-35 0.36666667461395269 2.5000000000000004 0.14421338587999347 0 1.3212903738021853 1.5000000000000002 0.5900000035762788 1.0000000180025095e-35 -0.10668125003576277 0.070988629013299956
decision_type=8 2 2 2 2 2 10 9 10 2 2 2 2 10
left_child=1 2 4 5 10 -2 -3 12 -9 -10 -1 -12 -4 -5
right_child=3 6 7 13 -6 -7 -8 8 9 -11 11 -13 -14 -15
leaf_value=-0.043035271015109039 0.082758849646480614 0.090326626406893956 -0.026739459485678376 0.095696737293363934 0.087276809346974418 0.11894262030396728 0.048776657553482101 -0.083354637943188148 -0.00095995106698121529 0.050435874190229837 0.051440739919095035 0.081815218616634142 0.071919999007826169 0.11056649307369287
leaf_weight=9.2445855358928366 1238.8528074641172 1257.4174916835673 11.451401324047763 1827.6377554160536 502.29662190183808 105.93329354547677 76.301296601461218 10.91625566920993 62.276898829113634 121.03140511577294 284.84204125323413 267.84983378369907 211.73963597761758 632.88592953049738
leaf_count=2095 118809 47935 902 48530 15913 3433 8055 1202 9343 9220 23635 18800 14906 7405
internal_value=0 0.0772064 0.0675359 0.0946049 0.0751787 0.0856092 0.0879496 0.0480498 0.025142 0.0329747 0.0643646 0.0661611 0.0639909 0.0995215
internal_weight=0 2815.37 1481.65 3805.31 1064.23 1344.79 1333.72 417.416 194.225 183.308 561.936 552.692 223.191 2460.52
internal_count=330183 152006 96016 178177 60443 122242 55990 35573 19765 18563 44530 42435 15808 55935
cat_boundaries=0 2
cat_threshold=358788305 299211
is_linear=0
shrinkage=0.1


Tree=31
num_leaves=15
num_cat=0
split_feature=86 156 251 162 11 17 109 12 156 246 2 3 235 129
split_gain=51.0447 21.4237 18.079 19.1808 15.747 17.1235 14.2451 14.1351 13.8286 13.8285 20.3198 11.6027 10.6054 11.7169
threshold=-0.88797143101692189 0.041960094124078758 1.0937333106994631 145.70950317382815 0.04458358325064183 129.00000000000003 0.086198311299085631 9.5000000000000018 0.33114035427570349 0.5900000035762788 0.077254641801118865 1.0000000180025095e-35 0.40580879151821142 -0.0096292183734476549
decision_type=8 2 2 2 10 10 2 8 2 2 10 8 2 2
left_child=1 6 3 4 5 11 -1 -2 9 10 -9 -3 -11 -14
right_child=7 2 -4 -5 -6 -7 -8 8 -10 12 -12 -13 13 -15
leaf_value=0.032392871164201253 -0.044902371399855402 -0.041740992447968452 0.10737692312585279 0.10346300772686914 0.083737379406540413 0.095123206587087339 0.12042325263367917 -0.0073944770010968414 0.10234744859837004 0.093042096567354057 0.10910568195834019 0.061697953336142752 0.092340677048213193 0.044500304196056037
leaf_weight=158.176231288282 7.3077950815186332 10.961894740854403 198.69012121629203 226.0461090188146 780.47084264302066 167.07859870566426 20.799573020336538 34.640531597163317 1392.6748411521839 2342.0870141384939 26.367385852558073 1008.5489714279029 106.41877807167475 98.652907842215427
leaf_count=42675 19972 12881 1288 7654 18512 7656 3619 7012 25394 115144 1536 48427 8488 10895
internal_value=0 0.0759951 0.0784923 0.0758754 0.0727052 0.0654488 0.0426233 0.0940481 0.0943019 0.0900058 0.0429564 0.0605858 0.0911327 0.0693263
internal_weight=0 2570.77 2391.8 2193.11 1967.06 1186.59 178.976 4008.15 4000.84 2608.17 61.0079 1019.51 2547.16 205.072
internal_count=331153 142712 96418 95130 87476 68964 46294 188441 168469 143075 8548 61308 134527 19383
is_linear=0
shrinkage=0.1


Tree=32
num_leaves=15
num_cat=0
split_feature=93 157 168 246 2 170 13 55 158 12 12 11 100 82
split_gain=37.6329 26.1212 22.6817 20.3718 20.8933 20.4338 18.9873 18.6794 17.3041 15.1206 14.5383 11.8641 16.5559 25.7142
threshold=0.13178607821464541 0.62731668353080761 4.0986943244934091 0.5900000035762788 0.042239073663949973 0.48027969896793371 0.066902238875627532 1.0000000180025095e-35 1.0000000180025095e-35 215.50000000000003 136.50000000000003 0.054422048851847656 -0.0434904396533966 0.039230769500136382
decision_type=2 2 2 2 10 2 10 2 2 10 8 10 2 2
left_child=1 3 8 4 -1 -5 10 -6 -2 -10 -7 12 13 -8
right_child=2 -3 -4 5 7 6 11 -9 9 -11 -12 -13 -14 -15
leaf_value=-0.015913447849277163 0.035100353184604714 0.10990373395531956 0.10392245815781904 0.10154881548303059 0.10790926480445498 0.058225351810446163 0.055403283169757081 -0.041974291499596771 0.058740908689588645 0.081992729715157503 0.083819265368363177 0.10470892540911624 0.092992318710745467 -0.16252361949346728
leaf_weight=36.466900599393739 131.2541617108127 724.97938592644823 224.70279941164699 1185.5966215515145 46.534371878431557 252.49683724070019 52.639746962737263 10.123795940926355 445.19793769476746 752.23815388183357 1834.0780014580778 687.61329230424235 212.55143614487861 6.0351787135150508
leaf_count=10802 19363 7565 3866 63283 2743 66218 2623 1483 49996 14059 67390 12070 8738 412
internal_value=0 0.0923376 0.0745388 0.0893925 0.0431273 0.0904108 0.0860747 0.0811278 0.0695696 0.0733479 0.0807221 0.0977228 0.0800114 0.0329878
internal_weight=0 5049.12 1553.39 4324.14 93.1251 4231.01 3045.41 56.6582 1328.69 1197.44 2086.57 958.84 271.226 58.6749
internal_count=330611 243327 87284 235762 15028 220734 157451 4226 83418 64055 133608 23843 11773 3035
is_linear=0
shrinkage=0.1


Tree=33
num_leaves=15
num_cat=0
split_feature=86 156 65 156 234 238 158 128 17 158 196 10 8 189
split_gain=53.5437 19.5533 14.7452 14.2157 13.9512 18.4112 12.5243 11.7642 11.7101 11.4783 10.5594 9.61277 11.1567 9.51977
threshold=-0.88797143101692189 0.027973395772278312 1.5000000000000002 0.31866537034511572 0.75000000000000011 1.0000000180025095e-35 0.18333333730697635 0.053375497460365302 12.500000000000002 0.45000000298023229 0.024764685891568664 1312.5000000000002 0.26126250624656683 -0.0078531752806156856
decision_type=8 2 2 2 2 2 2 2 8 2 2 10 8 2
left_child=1 7 6 4 5 -2 -3 -1 10 11 -7 12 -4 -8
right_child=3 2 9 -5 -6 8 13 -9 -10 -11 -12 -13 -14 -15
leaf_value=0.030079083039967897 0.069203974718480651 0.036151277114476785 0.064147697030207687 0.10293056494423639 0.098724030731287965 0.03128076817045615 0.058601187695590452 0.12367497051204134 0.097163744374035979 0.097421349021581838 0.091467103730336563 0.10755191542116183 0.084368098829858518 0.083445241915276261
leaf_weight=125.4166361265361 534.5479673447644 113.5686939004645 466.41806758137318 1424.4423577288035 1137.4473580316144 54.934762008910184 280.55054824476065 15.039518276145825 771.35171260054449 445.49161827499302 62.106090393957857 105.46912072395935 657.57683759714746 342.55792679546175
leaf_count=37671 74616 17080 27072 29975 57729 2769 15224 2193 21088 6862 1725 3099 15310 18283
internal_value=0 0.076371 0.0784834 0.0949228 0.0904678 0.0838681 0.0666928 0.040101 0.0926916 0.0836691 0.0632178 0.078686 0.0759773 0.0722594
internal_weight=0 2552.09 2411.63 3984.83 2560.39 1422.94 736.677 140.456 888.393 1674.96 117.041 1229.46 1123.99 623.108
internal_count=330696 142794 102930 187902 157927 100198 50587 39864 25582 52343 4494 45481 42382 33507
is_linear=0
shrinkage=0.1


Tree=34
num_leaves=15
num_cat=1
split_feature=86 241 166 65 85 251 234 16 257 137 148 157 7 17
split_gain=59.4527 20.7781 16.0111 14.1576 14.7362 13.5447 13.5657 18.4203 11.764 11.6169 13.1816 10.9927 11.5272 10.6724
threshold=-0.87010291218757618 0.22500000149011615 0.90975281596183788 3.5000000000000004 63.500000000000007 0.97719237208366405 0.75000000000000011 1.0000000180025095e-35 0 -1.0000000180025095e-35 1.0000000180025095e-35 0.37820211052894598 0.11814556270837785 12.500000000000002
decision_type=8 2 2 2 2 2 2 2 9 2 2 2 10 8
left_child=1 2 3 4 8 6 7 9 -1 10 -2 -3 -13 -9
right_child=5 11 -4 -5 -6 -7 -8 13 -10 -11 -12 12 -14 -15
leaf_value=0.00275946746397489 0.10748225209292464 0.053170251462385701 0.080785743259956022 0.07046903584153158 0.11619174377722141 0.11982514103734768 0.10196375888455314 0.076268233965992083 0.048848783222637644 0.051759005008353148 0.049819547480428134 0.070046743497847438 0.093903239455990439 0.097602913532669144
leaf_weight=86.896143847437088 114.94229398182688 93.030372398583495 631.07888136867405 478.22030606190674 25.664667334374826 233.00423552759457 1558.2171901422107 282.17128041028627 213.91952328521984 186.7443127480019 60.516326080385625 257.10104290787058 954.38403869798276 1387.0213717161214
leaf_count=18108 5667 13229 13950 28940 2988 1147 63695 17604 30291 13693 4599 22095 22920 71572
internal_value=0 0.0771613 0.0688612 0.0595095 0.0434562 0.0964612 0.0949447 0.0895605 0.0372506 0.0691183 0.0875942 0.0862966 0.0888404 0.0939964
internal_weight=0 2740.29 1435.78 804.701 326.48 3822.62 3589.61 2031.4 300.816 362.203 175.459 1304.52 1211.49 1669.19
internal_count=330498 152521 94277 80327 51387 177977 176830 113135 48399 23959 10266 58244 45015 89176
cat_boundaries=0 2
cat_threshold=2752655374 2683597
is_linear=0
shrinkage=0.1


Tree=35
num_leaves=15
num_cat=0
split_feature=86 234 12 167 11 83 10 156 172 156 176 118 85 182
split_gain=51.0162 18.2736 13.5024 15.4612 21.7837 12.7162 15.8039 14.6237 11.9252 11.7546 11.9286 11.9439 11.1449 12.7936
threshold=-0.87010291218757618 1.0000000180025095e-35 477.00000000000006 2.5000000000000004 0.024413166567683223 11.500000000000002 679.50000000000011 0.055867666378617294 0.19107734411954883 0.31866537034511572 -0.076417081058025346 -0.070265147835016237 77.500000000000014 -0.11731210350990294
decision_type=8 2 10 2 8 10 10 2 2 2 2 2 2 2
left_child=1 -1 3 4 -3 6 -2 -7 9 10 -9 -12 -6 -14
right_child=5 2 -4 -5 12 7 -8 8 -10 -11 11 -13 13 -15
leaf_value=0.010459821092500179 0.083421877510239148 0.044312507849887259 0.099989711603771653 0.09225346780041703 0.074657786622060615 0.071217830260390289 0.10858555989558352 0.11025293153635318 0.11914857040584954 0.1070666723307851 0.0074329741850902341 0.086107881542638529 -0.10055401993088531 0.11828035403556686
leaf_weight=39.441477592690717 1178.0255868580152 239.24800800161665 275.72346446042502 502.13282332531253 1590.2981538915192 157.92435435010611 316.67646958207479 229.9214635964554 367.50683979549285 939.51891272328794 19.941854225533461 595.99465896133734 2.7587532841716884 84.506163099133119
leaf_count=11499 66378 40326 6445 29510 62488 31512 6291 12685 7539 20146 1557 32033 199 2086
internal_value=0 0.078034 0.0790231 0.0766332 0.0725412 0.0959407 0.0887532 0.10059 0.102744 0.0993677 0.0908162 0.0835607 0.0765671 0.111362
internal_weight=0 2734.11 2694.67 2418.94 1916.81 3805.51 1494.7 2310.81 2152.88 1785.38 845.858 615.937 1677.56 87.2649
internal_count=330694 152553 141054 134609 105099 178141 72669 105472 73960 66421 46275 33590 64773 2285
is_linear=0
shrinkage=0.1


Tree=36
num_leaves=15
num_cat=0
split_feature=86 13 85 156 163 66 13 156 159 63 170 234 12 79
split_gain=47.581 20.0375 16.5386 17.5255 14.8583 14.721 11.3307 12.6754 10.6516 10.3508 10.5977 10.8055 10.3901 9.85399
threshold=-0.8788253366947173 0.012898496352136137 67.500000000000014 0.26546555757522589 -0.61528879404067982 6.1654992103576669 0.066902238875627532 0.31866537034511572 1.5783090591430666 0.089373856782913222 0.48027969896793371 0.33333333581686025 111.50000000000001 0.56832298636436474
decision_type=8 8 2 2 2 2 10 2 2 2 2 2 8 2
left_child=1 -1 3 4 -3 -6 7 8 9 10 -2 -12 -11 -13
right_child=6 2 -4 -5 5 -7 -8 -9 -10 12 11 13 -14 -15
leaf_value=0.030973566128611286 0.10166031450323686 0.079315631890645236 0.11031392837833175 0.085948812850864087 0.063212229451325028 0.015546095607318178 0.10373360692771344 0.10148894470281616 0.1161822410879351 0.0081796407404834542 0.046875150096491278 0.087917022881066398 0.075275841177677244 0.0090498342268002432
leaf_weight=88.666258091752752 463.13844070047344 621.28898465027669 161.34457881876733 1160.1729090157569 487.94359188639646 74.712061215257563 1106.0926469018523 907.82099060682958 118.15681952010254 24.54404938775042 75.677399928940758 804.96740250290441 386.76624678516237 16.160393404035858
leaf_count=36803 28375 23740 5487 19944 43941 17135 25551 24081 8542 13973 9867 51662 18122 2890
internal_value=0 0.0776923 0.0793456 0.0772141 0.0686547 0.0568829 0.0951656 0.0917776 0.0871115 0.0851723 0.0893763 0.0830325 0.071272 0.0863649
internal_weight=0 2594.13 2505.46 2344.12 1183.94 562.656 3903.32 2797.23 1889.41 1771.25 1359.94 896.805 411.31 821.128
internal_count=330113 147050 110247 104760 84816 61076 183063 157512 133431 124889 92794 64419 32095 54552
is_linear=0
shrinkage=0.1


Tree=37
num_leaves=15
num_cat=0
split_feature=86 246 55 86 244 241 238 234 234 156 199 235 223 151
split_gain=57.8838 16.0264 14.1187 13.5729 13.3204 13.215 13.2438 12.67 12.6672 9.95918 9.49012 8.98563 8.6936 12.0185
threshold=-0.87010291218757618 0.5900000035762788 1.0000000180025095e-35 -1.2638783454895017 -0.21962126344442365 0.41428571939468389 1.0000000180025095e-35 0.75000000000000011 0.33333333581686025 0.17694497108459475 0.20176231861114505 0.46147470176219946 0.03616027161478997 0.0031409305520355706
decision_type=8 2 2 10 2 2 2 2 2 2 2 2 2 2
left_child=1 -1 3 9 -5 6 8 10 -2 -3 11 -6 -10 -14
right_child=5 2 -4 4 7 -7 -8 -9 12 -11 -12 -13 13 -15
leaf_value=0.012539660638018015 0.048209185638404685 0.025184750416481844 0.11071177637641316 0.09306137150577537 0.069458146093527337 0.11078404638947525 0.097612572066335834 0.083135483608653221 0.093096459432153666 0.0665703257436428 0.0027651657421117323 0.0099125630182662836 0.052910108443358451 0.095501158554148771
leaf_weight=38.942510156808567 90.214798913762934 79.523469482828659 119.74482311909014 476.68468413559276 864.40282884577664 489.49390180444243 2201.5669828004793 830.84171215722381 717.68598520623618 216.31176983995101 23.081479790806043 26.107929056271132 147.91965953249746 120.00543675632707
leaf_count=7084 16414 13013 4258 15145 59707 14605 51774 39253 66350 5738 2089 6016 18008 11491
internal_value=0 0.0762225 0.077163 0.0755669 0.078247 0.0954579 0.0931689 0.0741988 0.0840752 0.0554455 0.0660715 0.0677124 0.0873581 0.0719869
internal_weight=0 2675.64 2636.7 2516.95 2221.12 3766.89 3277.39 1744.43 1075.83 295.835 913.592 890.511 985.611 267.925
internal_count=330945 152303 145219 140961 122210 178642 164037 107065 112263 18751 67812 65723 95849 29499
is_linear=0
shrinkage=0.1


Tree=38
num_leaves=15
num_cat=1
split_feature=86 13 241 85 4 240 17 245 156 257 190 105 176 171
split_gain=55.1872 14.2793 11.5531 12.0283 12.929 11.5165 12.0286 10.2659 13.3536 11.9201 10.0642 9.60715 9.59 9.4503
threshold=-0.87010291218757618 0.012898496352136137 0.22500000149011615 63.500000000000007 0.1490740776062012 2.5000000000000004 11.500000000000002 0.78460311889648449 0.36425061523914343 0 -0.068540520966052995 -0.011999292764812706 -0.25503098964691157 -0.22508288174867627
decision_type=8 8 2 2 10 2 10 2 2 9 2 2 2 2
left_child=1 -1 3 4 7 6 -2 8 9 -3 11 -5 -8 -11
right_child=5 2 -4 10 -6 -7 12 -9 -10 13 -12 -13 -14 -15
leaf_value=0.035925928835535345 0.086801646122196027 0.0036159204290455711 0.084944853480477089 -0.08064517554719107 0.016196586630712911 0.11875620089394319 0.12694593826700026 0.08053790029840846 0.083186695584638648 -0.016716302473535765 0.11509677122105899 0.085889893687348312 0.097133733146423956 0.062780861508817704
leaf_weight=84.006021194554705 1398.1421852536605 58.044209442577994 1207.0030851009105 5.3320862988548461 45.20085383062542 198.88074073367534 113.90523919159386 562.2880015543742 203.64602319132973 15.593386299973643 95.620427899870265 9.8876498103054455 2047.3911323597531 364.39600559334394
leaf_count=38080 70961 7758 42609 469 8362 4744 6656 21357 3803 1615 3077 589 95987 24730
internal_value=0 0.076496 0.0778237 0.0715036 0.0687023 0.0953378 0.0940293 0.0706735 0.0620296 0.0521934 0.103075 0.027546 0.0987049 0.0579924
internal_weight=0 2651.02 2567.01 1360.01 1249.17 3758.32 3559.44 1203.97 641.68 438.034 110.84 15.2197 2161.3 379.989
internal_count=330797 152449 114369 71760 67625 178348 173604 59263 37906 34103 4135 1058 102643 26345
cat_boundaries=0 2
cat_threshold=807272458 3158020
is_linear=0
shrinkage=0.1


Tree=39
num_leaves=15
num_cat=0
split_feature=86 79 74 246 246 55 156 163 81 10 198 235 63 252
split_gain=54.9507 14.3079 13.0826 11.9101 10.96 12.0286 10.8523 10.3755 10.41 10.3348 10.3336 9.01371 8.96987 12.2388
threshold=-0.87010291218757618 0.29459981620311743 0.57002803683280956 0.5900000035762788 0.5900000035762788 1.0000000180025095e-35 0.091507177799940123 0.74019593000411998 0.32305502891540533 1086.5000000000002 -0.13958533108234403 0.49224559962749487 0.098220799118280425 7.9718101024627694
decision_type=8 2 2 2 2 2 2 2 2 10 2 2 2 2
left_child=2 4 3 -1 5 -2 -4 8 11 10 -6 -5 -12 -14
right_child=1 -3 6 7 9 -7 -8 -9 -10 -11 12 -13 13 -15
leaf_value=0.02147029415725564 0.068950945413323847 0.10376046020882422 -0.00065889812968941567 0.083858972065423684 0.054993260356309998 -0.056199873002408876 0.062888634430099344 0.0044283354914555423 0.062033483248512114 0.1151941820093651 0.09529154375763238 0.034926411510686282 0.10116365863212498 0.067913639416829499
leaf_weight=35.099748702235047 37.870637113148405 1454.3047540135212 31.665095930409734 2125.8610230881795 80.46057711881258 9.6332919718297472 177.59665370783478 17.968497649851088 266.12008100985986 178.61452307222498 1530.7464789430605 38.323675022704265 171.30257068168794 312.92817091244433
leaf_count=6879 5019 63874 8290 90394 6857 2847 4826 21347 14331 4319 70801 6404 6195 18459
internal_value=0 0.0959829 0.0772851 0.0793085 0.0911108 0.0435717 0.0532727 0.0801377 0.0806974 0.0921039 0.0901357 0.0829925 0.0915389 0.0796762
internal_weight=0 3775.86 2692.63 2483.37 2321.56 47.5039 209.262 2448.27 2430.3 2274.05 2095.44 2164.18 2014.98 484.231
internal_count=330842 178371 152471 139355 114497 7866 13116 132476 111129 106631 102312 96798 95455 24654
is_linear=0
shrinkage=0.1


Tree=40
num_leaves=15
num_cat=0
split_feature=86 17 4 246 239 85 235 7 162 12 163 11 170 154
split_gain=52.2893 12.6066 13.3197 12.3338 10.9855 10.8231 12.8999 9.80677 10.7766 9.25762 8.79758 8.68933 8.65971 10.3382
threshold=-0.88797143101692189 11.500000000000002 0.029949785210192207 0.5900000035762788 0.29166667163372045 77.500000000000014 0.36459717154502874 0.11814556270837785 51.329786300659187 14.500000000000002 0.78085526823997509 0.10029586032032968 0.48027969896793371 -0.045220786705613129
decision_type=8 10 8 2 2 2 2 8 2 8 2 10 2 2
left_child=3 2 -2 -1 12 6 7 -5 -9 -3 11 -10 -4 -14
right_child=1 9 4 5 -6 -7 -8 8 10 -11 -12 -13 13 -15
leaf_value=0.013698332436320952 0.042960880195035092 -0.018348378830007419 0.096108692037215504 0.057784579594822486 0.095696044688531379 0.10918308961634227 0.060737903977879051 0.06383299423033291 0.086505086421665989 0.09962326660505276 -0.052731130827139483 -0.029421984025017091 -0.017351146157827495 0.071397136918288195
leaf_weight=31.118681118157838 63.721411316485501 6.6700264758928816 159.87181440785207 188.19565037020493 983.54083915012234 100.50424741209281 462.94165309352411 275.7230297466831 1364.8785758480244 2444.0523067798758 4.5892568900399047 6.4964888781760228 13.725597732140157 300.34420408951701
leaf_count=6650 21512 15913 10250 32299 20081 4164 37724 13263 42967 97603 4635 801 1247 21662
internal_value=0 0.0948636 0.0877129 0.0762508 0.0896694 0.0770607 0.0756588 0.0794131 0.0818775 0.0993022 0.0854934 0.0859559 0.0771627 0.0675186
internal_weight=0 3971.93 1521.2 2434.45 1457.48 2403.33 2302.82 1839.88 1651.69 2450.72 1375.96 1371.38 473.942 314.07
internal_count=330771 188268 74752 142503 53240 135853 131689 93965 61666 113516 48403 43768 33159 22909
is_linear=0
shrinkage=0.1


Tree=41
num_leaves=15
num_cat=1
split_feature=86 85 157 257 251 17 156 171 245 10 193 74 156 110
split_gain=61.7499 15.0085 15.3471 13.8802 13.5364 13.4182 12.6486 10.6722 10.5029 10.4165 9.90147 9.60983 9.54921 9.71731
threshold=-0.87010291218757618 77.500000000000014 0.58055329322814953 0 0.85785731673240673 11.500000000000002 0.051503095775842674 0.28087092936038976 0.06941776350140573 679.50000000000011 -0.16924384236335752 0.1012820526957512 0.071946170181036009 -0.0978703238070011
decision_type=8 2 2 9 2 10 2 2 2 10 2 2 2 2
left_child=1 2 3 -1 10 9 -7 -4 -5 11 -3 -2 13 -10
right_child=5 4 7 8 -6 6 -8 -9 12 -11 -12 -13 -14 -15
leaf_value=0.045775457926029661 0.088223839307434757 -0.050280960600251681 0.094495151287566137 0.033583682216235831 -0.10537367667991465 0.070823296788287859 0.10293251883531739 0.072187370776205073 0.14076966721749606 0.10464276289264851 0.12057734066014139 0.062380193421276535 0.080900402128325263 0.050256419542151931
leaf_weight=353.07980758050235 972.21449450999171 3.4932710321299956 521.83053166300851 58.221006260479953 2.8372695367143015 129.98043042871177 2185.0460350663743 364.08864300920504 12.72109233870651 327.02807605633643 116.74205541538686 168.87526506293216 1016.7666813425585 175.43128196382349
leaf_count=37605 55646 251 8376 9437 66 29536 75677 7705 1130 6165 4940 10982 45062 37869
internal_value=0 0.076426 0.0747491 0.0689507 0.110519 0.096387 0.10113 0.0853273 0.0744768 0.0889085 0.115613 0.0843991 0.0770708 0.0563761
internal_weight=0 2625.21 2502.14 1616.22 123.073 3783.14 2315.03 885.919 1263.14 1468.12 120.235 1141.09 1204.92 188.152
internal_count=330447 152441 147184 131103 5257 178006 105213 16081 93498 72793 5191 66628 84061 38999
cat_boundaries=0 2
cat_threshold=2953527306 3090831
is_linear=0
shrinkage=0.1


Tree=42
num_leaves=15
num_cat=1
split_feature=86 85 158 12 93 86 158 257 251 99 106 17 218 157
split_gain=48.5116 16.5127 16.3198 12.9988 12.7557 12.52 9.44384 8.95707 8.70335 18.248 9.87425 10.0248 8.52865 9.34615
threshold=-0.87010291218757618 63.500000000000007 1.0000000180025095e-35 477.00000000000006 -1.0000000180025095e-35 -1.2638783454895017 0.18333333730697635 0 0.10989445820450784 0.10074552148580553 -0.062430240213870995 79.500000000000014 -0.054719932377338402 0.51696264743804943
decision_type=8 2 2 10 2 10 2 9 2 2 2 8 2 2
left_child=1 2 7 5 -2 12 -6 -1 10 -10 11 -3 -4 -14
right_child=4 8 3 -5 6 -7 -8 -9 9 -11 -12 -13 13 -15
leaf_value=-0.00041621406202389783 0.10169948336830739 0.34631162225491008 0.012376614545062146 0.10077146180614638 0.072913973965832921 0.078609150313587603 0.092825867573357326 0.05833682568827623 0.090546133615045613 -0.12307015684830676 0.10929073090387516 0.14298409967177059 0.036928400628690183 0.083062109771986095
leaf_weight=39.070427560871394 1779.3616887837215 3.5241815535900942 41.383902019588277 232.68921447682078 277.68079100380965 1743.0447741325988 1674.8452081583755 211.56653247803752 26.922074099173191 4.696568859206308 142.67013207805394 7.7732974978862339 78.399581037570897 99.830481926914217
leaf_count=8175 82181 365 2971 4410 31635 90701 64328 26655 280 161 7460 376 8501 2252
internal_value=0 0.0778457 0.0756637 0.0784236 0.0955752 0.0757741 0.0899941 0.0514891 0.106603 0.058816 0.116417 0.206411 0.053273 0.0627689
internal_weight=0 2631.57 2445.98 2195.35 3731.89 1962.66 1952.53 250.637 185.586 31.6186 153.968 11.2975 219.614 178.23
internal_count=330451 152307 143665 108835 178144 104425 95963 34830 8642 441 8201 741 13724 10753
cat_boundaries=0 2
cat_threshold=544874504 3676162
is_linear=0
shrinkage=0.1


Tree=43
num_leaves=15
num_cat=0
split_feature=86 85 251 158 79 245 158 246 81 10 129 227 83 176
split_gain=49.4094 16.1783 15.2632 14.4916 13.897 12.4175 11.1665 11.083 10.6539 10.0307 9.30638 9.71818 9.15571 9.13439
threshold=-0.85918354988098133 77.500000000000014 0.3543198853731156 0.55000001192092907 0.29459981620311743 0.76803690195083629 0.29166667163372045 0.5900000035762788 0.14434523880481723 754.50000000000011 -0.011283774394541977 0.11881510168313981 62.500000000000007 -0.005654802778735756
decision_type=8 2 2 2 2 2 2 2 2 10 2 2 10 2
left_child=1 2 5 4 7 6 8 -2 -1 10 11 -9 -8 -6
right_child=3 -3 -4 -5 13 -7 12 9 -10 -11 -12 -13 -14 -15
leaf_value=0.060177259402656252 0.032529661831325656 0.1120334500441575 0.087189178966126032 0.11206763243665439 0.11427832905059528 0.079642106169909258 0.063889853985033815 0.098403585886869163 0.023217265724733215 0.10415358934719876 0.080053125204730693 -0.010193755304066368 0.092265487533590596 0.095535639039081591
leaf_weight=270.44602324848984 35.700892400380326 129.04001161303495 801.61700352748448 454.52059898579682 377.62830174187366 811.52402337241983 417.40403915904608 492.6199269844692 109.596403049949 346.69214782117706 1062.2089927148363 8.3805550024371751 156.28677034357861 834.95181206216512
leaf_count=42919 7311 5266 7781 8840 24801 49780 26343 26028 18825 7103 63691 1304 6169 33900
internal_value=0 0.077483 0.0757461 0.0953727 0.09297 0.0705498 0.0628131 0.0877332 0.0495188 0.0887651 0.0853521 0.096587 0.07162 0.101373
internal_weight=0 2695.91 2566.87 3612.7 3158.18 1765.26 953.733 1945.6 380.042 1909.9 1563.21 501 573.691 1212.58
internal_count=330061 157083 151817 172978 164138 144036 94256 105437 61744 98126 91023 27332 32512 58701
is_linear=0
shrinkage=0.1


Tree=44
num_leaves=15
num_cat=0
split_feature=86 79 241 86 207 164 215 247 252 198 188 245 63 12
split_gain=47.1416 15.5285 12.6667 9.20949 8.37938 8.75249 8.51562 9.19144 8.06823 7.97408 7.92408 7.72842 7.28108 12.0069
threshold=-0.88797143101692189 0.29459981620311743 0.22500000149011615 -1.1883319020271299 -0.13067883998155591 5.2337753772735605 -0.048965757712721818 0.26397939026355749 11.292123317718508 -0.12374768778681754 0.060860455036163337 0.0048259869217872628 0.098220799118280425 111.50000000000001
decision_type=8 2 2 10 2 2 2 2 2 2 2 2 2 8
left_child=2 4 3 8 6 9 7 -2 -1 10 -6 -4 -11 -14
right_child=1 -3 11 -5 5 -7 -8 -9 -10 12 -12 -13 13 -15
leaf_value=0.069257983910124568 0.13059093127002916 0.1027488843424078 -0.11189665593495229 0.074315018690232437 0.08034504310081314 0.099191168179220607 0.091689724074844992 -0.097728895962486087 0.034592374414562581 0.08972755603691579 0.022526420051306978 0.084588810104114828 0.0066676694927029854 0.078518786186708545
leaf_weight=147.06264527245003 112.27351713630924 1464.2274456769337 2.0052742622465294 961.52821136547846 57.187783492860035 500.20208451710823 170.09740535671517 1.7913099768484233 123.54147447254945 1177.3070800435817 40.483309936877049 1169.3244345223338 24.876707369984615 357.34783020488248
leaf_count=8397 1602 66285 871 66855 6465 12656 6398 125 12854 66977 3374 53407 12151 12425
internal_value=0 0.0946067 0.0768068 0.0697286 0.0897238 0.0875977 0.105866 0.127005 0.0534318 0.0840983 0.05638 0.0842524 0.0858343 0.0738424
internal_weight=0 3905.79 2403.46 1232.13 2441.57 2157.4 284.162 114.065 270.604 1657.2 97.6711 1171.33 1559.53 382.225
internal_count=330842 188458 142384 88106 122173 114048 8125 1727 21251 101392 9839 54278 91553 24576
is_linear=0
shrinkage=0.1


Tree=45
num_leaves=15
num_cat=0
split_feature=86 85 66 251 157 77 238 170 95 252 5 97 9 30
split_gain=49.9962 12.6004 13.0634 13.3135 11.6038 11.2434 10.8142 10.0951 12.1088 11.2693 9.80472 9.66238 9.58947 8.73478
threshold=-0.87010291218757618 63.500000000000007 9.7529463768005389 1.3044777512550356 0.43891334533691412 0.23842105269432071 1.0000000180025095e-35 0.51371133327484142 0.13462503254413608 76.993938446044936 0.066024884581565871 -0.078380912542343126 0.023478684946894649 1.0000000180025095e-35
decision_type=8 2 2 2 2 2 2 2 2 2 10 2 10 2
left_child=1 2 3 6 5 12 -1 -6 -9 -10 -8 -3 -2 -12
right_child=4 11 -4 -5 7 -7 10 8 9 -11 13 -13 -14 -15
leaf_value=0.065942460142830617 0.091198589235253688 -0.045133634295096356 0.019441188542720794 0.10484638052036557 0.10660809558027398 0.010853399977979425 0.06873310597888771 0.086182214986080405 0.10753847305095846 0.026874456857437279 0.093700051682487684 0.10650372269460172 0.053738625369333819 0.072894082908877458
leaf_weight=853.6726752204504 1120.3111391740076 4.302784106013859 40.426276404985401 157.67600759782363 1136.0800786444288 18.741602730011437 478.17587510806152 828.27636931280449 559.95977148306883 17.872418769040451 581.84025203944839 179.66912790129209 72.776918699057205 308.90610057955564
leaf_count=91796 69609 425 12415 1014 36501 3284 22166 35789 15944 1836 10126 8278 15233 6437
internal_value=0 0.0777276 0.0758101 0.0767675 0.0957589 0.0877063 0.0747755 0.0995975 0.0939332 0.105044 0.0802839 0.102957 0.0889136 0.0864847
internal_weight=0 2604.67 2420.7 2380.27 3754.02 1211.83 2222.59 2542.19 1406.11 577.832 1368.92 183.972 1193.09 890.746
internal_count=330853 152657 143954 131539 178196 88126 130525 90070 53569 17780 38729 8703 84842 16563
is_linear=0
shrinkage=0.1


Tree=46
num_leaves=15
num_cat=0
split_feature=86 17 251 8 17 251 72 247 188 182 245 161 74 86
split_gain=50.5241 19.4455 15.681 15.6496 9.42757 18.9455 11.4963 10.2427 9.41189 9.794 8.90102 8.78536 8.77 8.16323
threshold=-0.87010291218757618 56.500000000000007 0.3543198853731156 0.21861691027879718 45.500000000000007 0.3543198853731156 0.38750000298023229 0.21215212345123294 0.23295587301254275 -0.093917101621627794 0.020799911580979828 3.3240997791290288 0.084523811936378493 -0.5543786585330962
decision_type=10 8 2 10 10 2 2 2 2 2 2 2 2 10
left_child=1 2 3 -1 5 6 7 12 9 -3 -11 -5 -2 -14
right_child=4 8 -4 11 -6 -7 -8 -9 -10 10 -12 -13 13 -15
leaf_value=0.053307172361756749 0.094119002412451566 0.069186190368685396 0.084958349205858319 0.056391097361766555 0.1059569360480368 0.10542070470323975 0.29810155668888899 0.041922584917057755 0.014743702475606245 0.013724062067353791 0.09359637292254408 0.082659863773838591 0.069304976710428304 0.10526798442180091
leaf_weight=523.23671803875732 700.96050475518314 206.2194864526482 722.43104965941893 168.47325416130843 949.44801371122139 831.73544341581874 2.5429349379774058 52.145045081750141 17.090998267900432 14.110812588109182 1242.4635968694156 521.14308084002369 345.26627602299959 77.237172478320645
leaf_count=75285 51556 11248 7046 10044 40796 6595 202 3583 1022 3063 59948 24551 30257 5487
internal_value=0 0.0798936 0.0732951 0.0663479 0.0977449 0.0938656 0.085708 0.0852486 0.0885226 0.0893846 0.0926994 0.0762424 0.0872596 0.0758793
internal_weight=0 3415.17 1935.28 1212.85 2959.34 2009.89 1178.15 1175.61 1479.88 1462.79 1256.57 689.616 1123.46 422.503
internal_count=330683 192207 116926 109880 138476 97680 91085 90883 75281 74259 63011 34595 87300 35744
is_linear=0
shrinkage=0.1


Tree=47
num_leaves=15
num_cat=1
split_feature=86 85 17 257 157 65 251 86 13 63 158 235 86 3
split_gain=58.2201 14.8031 12.9054 11.7995 11.5823 10.5394 10.536 10.3331 10.0621 9.86721 9.65581 9.40734 12.9895 8.62084
threshold=-0.87010291218757618 77.500000000000014 32.500000000000007 0 0.51696264743804943 1.5000000000000002 0.3543198853731156 -1.3545040488243101 0.0094652348197996634 0.40219578146934515 1.0000000180025095e-35 0.31872712075710302 -0.69917815923690785 0.125657893717289
decision_type=8 2 10 9 2 2 2 10 8 2 2 2 10 8
left_child=1 3 6 4 5 9 8 -5 -2 -1 -6 -10 -13 -9
right_child=2 -3 -4 7 10 -7 -8 13 11 -11 -12 12 -14 -15
leaf_value=0.060187774848475074 0.030551239304331873 0.10979226435211752 0.10390821980618584 0.016735962471604485 0.052643269664450355 0.079719717916965638 0.10120468056986204 0.026818690436296828 0.091691669052310687 -0.0091182018795518509 0.091776945435356513 0.053507396290333513 0.092251750115758757 0.066799487209109706
leaf_weight=180.62131898267035 30.947467173823497 120.99038776093948 1177.7684519002232 48.719513090454711 68.354348596687487 449.63136545303496 748.61979833097575 57.857534740362098 1412.8441769658821 23.178657506337913 812.5477236955212 169.38514508432127 176.90450595165385 794.89236074236396
leaf_count=27264 27145 5299 52291 4332 3695 28150 6040 17037 65599 4089 17219 14836 12039 45092
internal_value=0 0.0756515 0.0952566 0.0739556 0.0807312 0.0711694 0.0912429 0.0608528 0.0870768 0.0523054 0.0887403 0.0880713 0.0733002 0.0640869
internal_weight=0 2556.79 3716.47 2435.8 1534.33 653.431 2538.7 901.469 1790.08 203.8 880.902 1759.13 346.29 852.75
internal_count=330127 152177 177950 146878 80417 59503 125659 66461 119619 31353 20914 92474 26875 62129
cat_boundaries=0 2
cat_threshold=264551377 4280915
is_linear=0
shrinkage=0.1


Tree=48
num_leaves=15
num_cat=0
split_feature=86 234 17 251 224 86 187 228 158 144 143 245 195 6
split_gain=44.1379 15.1422 14.626 15.243 11.2976 9.68359 10.1145 8.54963 8.54553 9.97206 8.36265 9.33847 9.25788 8.71063
threshold=-0.87010291218757618 0.75000000000000011 41.500000000000007 0.3543198853731156 -0.098982967436313615 -0.72772726416587818 -0.034617556259036057 0.015295813325792553 0.18333333730697635 0.023416304960846904 0.0079166353680193442 0.020799911580979828 0.031398881226778037 0.14424411207437518
decision_type=8 2 10 2 2 8 2 2 2 2 2 2 2 8
left_child=1 4 3 5 -1 6 -2 -8 9 -7 11 -6 13 -12
right_child=2 -3 -4 -5 10 8 7 -9 -10 -11 12 -13 -14 -15
leaf_value=0.040166760441128969 0.05112021490870601 0.085541045733803445 0.10483749290957434 0.10192232776174795 -0.038082111111066574 0.059724112791381415 0.066888420744343285 0.10112734900252003 0.092570656196119261 0.12802515214723009 0.094560200367134431 0.065937888620627813 0.061640876375614828 0.058300444071167093
leaf_weight=114.94865116147594 145.88865876122509 1210.896989364679 996.06379426782132 829.847926085582 8.7589367637656306 154.1229668652195 151.57993936424464 140.55643936323759 1242.8165314481848 24.818381437038624 384.21492960885917 589.11916439033121 180.91853058296874 80.056660023592485
leaf_count=7951 15331 56126 43653 6471 2373 25162 14579 9079 61354 2712 19218 42853 15132 8986
internal_value=0 0.0774105 0.0944859 0.0906524 0.0701608 0.0856237 0.0726235 0.0833619 0.0896289 0.0691972 0.0729344 0.064414 0.0808301 0.0883078
internal_weight=0 2568.91 3685.69 2689.63 1358.02 1859.78 438.025 292.136 1421.76 178.941 1243.07 597.878 645.19 464.272
internal_count=330980 152639 178341 134688 96513 128217 38989 23658 89228 27874 88562 45226 43336 28204
is_linear=0
shrinkage=0.1


Tree=49
num_leaves=15
num_cat=0
split_feature=86 79 85 237 246 2 221 156 252 171 86 161 220 143
split_gain=48.8568 14.4675 13.9945 12.141 10.9813 19.7205 10.1789 10.1314 11.7597 9.84879 9.37806 9.03614 9.02318 11.1815
threshold=-0.85918354988098133 0.29459981620311743 77.500000000000014 0.68898808956146251 0.80000001192092907 0.077254641801118865 -0.14745282381772992 0.39696970582008367 11.779575824737551 0.04551461152732373 -1.1883319020271299 2.6733570098876958 0.096018407493829741 0.0055323168635368356
decision_type=8 2 2 2 2 10 2 2 2 2 10 2 2 2
left_child=2 4 3 11 5 -2 -6 8 -5 -9 -10 -1 -4 -14
right_child=1 -3 12 7 6 -7 -8 9 10 -11 -12 -13 13 -15
leaf_value=-0.17645639108449188 0.0024640050860159292 0.1032367992830978 0.11489307877387696 0.07620118657024727 0.038121057538979562 0.10434415664529734 0.092392268269629763 0.095301807061172195 0.032686554706297742 0.067717205725516302 0.063637524457394401 0.090056475200175026 -0.22421023025021111 0.10590557113857407
leaf_weight=1.27535036019617 38.453447526143464 1374.3407565434591 121.03364177669755 789.98229498334149 35.143782115745125 37.554738013173846 2077.4759573774645 314.39448484525201 118.22426704941608 220.0120218285374 569.33506711161681 510.77861911166292 1.7825932956657187 2.4175766134721925
leaf_count=119 7498 62287 4711 44259 1627 1781 99881 6839 14390 5123 52522 28978 158 338
internal_value=0 0.0951954 0.0772638 0.0756449 0.0901459 0.0528018 0.0914895 0.072146 0.0678783 0.0839454 0.0583156 0.0893927 0.109893 -0.0341988
internal_weight=0 3562.97 2649.24 2524 2188.63 76.0082 2112.62 2011.95 1477.54 534.407 687.559 512.054 125.234 4.20017
internal_count=330511 173074 157437 152230 110787 9279 101508 123133 111171 11962 66912 29097 5207 496
is_linear=0
shrinkage=0.1


Tree=50
num_leaves=15
num_cat=0
split_feature=86 85 239 140 166 247 17 251 93 156 72 179 230 236
split_gain=40.316 14.636 14.6371 11.0186 9.76105 9.37398 9.35027 9.32172 8.91997 8.98312 8.75327 8.26163 8.20919 12.3746
threshold=-0.85918354988098133 63.500000000000007 1.0000000180025095e-35 0.019033519551157955 0.87331241369247448 0.51173454523086559 41.500000000000007 0.97719237208366405 0.44683001935482031 0.50362318754196178 0.38750000298023229 -0.38999183475971216 0.15124997496604922 0.61344271898269664
decision_type=8 2 2 2 2 2 10 2 2 2 2 2 2 2
left_child=1 2 -1 11 5 8 7 10 9 -4 -2 -3 -8 -14
right_child=6 3 4 -5 -6 -7 12 -9 -10 -11 -12 -13 13 -15
leaf_value=0.052695173015331997 0.089151812179034021 -0.10239628594498551 0.071873157279183475 0.065946806309240547 0.084884319013669607 -0.0006060309184267135 0.10365228197228363 0.11116062391473369 0.029589310435177624 0.10466360136083921 0.24513660755646616 0.12221880926787576 -0.27582861499288436 0.055717216990698461
leaf_weight=243.39604877825241 2399.0369827788645 1.6573669310964749 930.29947244415689 53.096996537376981 1161.3231603469103 17.641378511332732 946.96635782686644 214.12092462464352 45.54818840142616 91.790800465663779 3.6029439097437708 136.77872767873941 1.3032323520747002 8.2663967217340524
leaf_count=36038 129349 109 83437 2764 20223 1369 42689 972 4778 2788 218 5996 42 574
internal_value=0 0.0780377 0.0759887 0.104675 0.0785123 0.0716937 0.0942603 0.0911675 0.0728884 0.074818 0.0893857 0.11953 0.102721 0.0105659
internal_weight=0 2681.53 2490 191.533 2246.6 1085.28 3573.3 2616.76 1067.64 1022.09 2402.64 138.436 956.536 9.56963
internal_count=331346 157502 148633 8869 112595 92372 173844 130539 91003 86225 129567 6105 43305 616
is_linear=0
shrinkage=0.1


Tree=51
num_leaves=15
num_cat=0
split_feature=86 93 85 238 246 160 156 79 234 66 164 63 76 187
split_gain=44.9599 16.3416 12.3059 14.4267 10.4354 10.1322 9.78683 9.50855 9.02026 8.52638 8.7724 9.02213 8.68658 8.39503
threshold=-0.85918354988098133 0.20026276260614398 77.500000000000014 1.0000000180025095e-35 0.5900000035762788 1.0000000000000002 0.39696970582008367 0.29459981620311743 1.0000000180025095e-35 8.9155535697937029 5.5853724479675302 -0.20287266373634336 0.52272728085517894 -0.15447387844324109
decision_type=10 2 2 2 2 2 2 2 2 2 2 2 2 2
left_child=1 2 3 4 -1 7 9 -2 -3 10 11 -6 -13 -10
right_child=5 8 -4 -5 6 -7 -8 -9 13 -11 -12 12 -14 -15
leaf_value=-0.0090208829827865666 0.094895236048867654 -0.018685881204337357 0.11783435694441205 0.088945491825040926 0.088957232855004342 0.089589308159426811 0.10123187912228343 0.10909290349601615 0.026156077411071239 0.0040950055548411857 0.098574843561477915 0.061619472992702928 0.61029552060852599 0.071987818621163116
leaf_weight=15.088256417178853 918.61114347809325 11.80922240176187 107.11945238673343 1637.5215353433814 161.02950623571087 964.83712239793931 121.9855914335858 969.62989168389868 42.360031462685583 18.685717764895344 110.59090309380554 528.02602713285887 0.28870493790600349 707.1231910577244
leaf_count=5722 42342 4121 4740 41099 14365 54645 2804 36560 3503 10752 5980 62102 64 41894
internal_value=0 0.0809713 0.0846194 0.0832474 0.0734841 0.097926 0.0748075 0.102186 0.0680311 0.0708699 0.0724297 0.0682353 0.0619193 0.0693975
internal_weight=0 3461.63 2700.34 2593.22 955.695 2853.08 940.606 1888.24 761.292 818.621 799.935 689.344 528.315 749.483
internal_count=330693 197146 147628 142888 101789 133547 96067 78902 49518 93263 82511 76531 62166 45397
is_linear=0
shrinkage=0.1


Tree=52
num_leaves=15
num_cat=0
split_feature=93 81 81 234 63 143 163 8 172 237 69 228 8 230
split_gain=32.3871 15.2108 13.7224 11.2487 10.9056 10.4119 13.2883 10.1301 9.91055 9.25081 9.11473 8.56899 8.50659 8.03218
threshold=0.061026617884635932 0.19543650746345523 0.27386364340782171 0.75000000000000011 0.29557012021541601 0.015237373765558006 -0.66153174638748158 0.29033310711383825 0.40812638401985174 0.29398147761821752 2.1630734205245976 0.037161234766244895 0.33953045308589941 -0.10742967203259467
decision_type=2 2 2 2 2 2 2 10 2 2 2 2 10 2
left_child=2 7 3 4 -1 6 -6 9 11 -2 -8 -4 -3 -5
right_child=1 12 8 13 5 -7 10 -9 -10 -11 -12 -13 -14 -15
leaf_value=0.092253152017647153 0.11489470443099548 0.060918890446518492 0.074596415889267367 0.06724842506991939 0.084757513541852042 0.1020014022721951 -0.096339996932381475 0.091066614659317272 0.11311801061543553 0.073194833500865267 0.038708532527123501 0.031336194878954102 0.0012005860594771359 0.10184800241769874
leaf_weight=1884.7758439672525 55.908090218948928 231.31130621067132 197.92138600571525 69.918450267992739 91.02990243115164 74.044485563221315 5.299555238310858 619.54791293638118 50.30140060242411 1098.2405065380899 87.720331406017067 59.569013146261568 26.595388298352191 1661.6846167056146
leaf_count=106073 4348 16024 12751 3515 3243 3984 1063 17869 1569 80554 9131 4615 1354 64529
internal_value=0 0.0774523 0.0928424 0.0944569 0.0896133 0.0703351 0.0575955 0.0807518 0.0725194 0.0752148 0.0310145 0.0645884 0.0547607 0.100451
internal_weight=0 2031.6 4182.26 3874.47 2142.87 258.094 184.05 1773.7 307.792 1154.15 93.0199 257.49 257.907 1731.6
internal_count=330622 120149 210473 191538 123494 17421 13437 102771 18935 84902 10194 17366 17378 68044
is_linear=0
shrinkage=0.1


Tree=53
num_leaves=15
num_cat=0
split_feature=86 17 86 6 63 227 160 242 74 160 241 155 170 79
split_gain=47.0684 12.9785 9.85907 9.79266 9.39875 11.4318 8.4246 8.36323 8.22838 8.63655 8.12734 9.71114 8.91146 9.19618
threshold=-0.8788253366947173 11.500000000000002 -1.2638783454895017 0.19399641454219821 -0.1860026270151138 0.12605731189250949 1.0000000000000002 -0.33154080808162684 0.31339286267757421 2.0000000000000004 0.22500000149011615 -0.037283984944224351 0.54615902900695812 0.43534001708030706
decision_type=8 10 10 10 2 2 2 2 2 2 2 2 2 2
left_child=2 3 -1 4 5 -2 -4 -6 -3 -10 12 -12 -8 -14
right_child=1 8 6 -5 7 -7 10 -9 9 -11 11 -13 13 -15
leaf_value=0.059449951594104156 0.10035133031253521 0.10085217142733338 0.083698907535427705 0.019998035733801475 -0.17223081567972473 -0.050728147239000335 0.067015220501233083 0.082586386343954321 0.076985577049129075 -0.10421382748990152 0.017081939635359023 0.085263518997150387 0.0051791647481478501 0.09805460075775041
leaf_weight=283.6284460177867 532.09324756344176 2182.2143308675777 1437.3093853330638 21.203155270335628 1.2898461049098831 5.0560638366077901 294.26359940674865 901.11536951811831 103.89537187135466 2.6987574359336568 22.270096366890357 337.06578722533231 48.87117372751527 13.635826803500093
leaf_count=19656 22274 103443 75871 5924 748 622 24184 43829 5688 414 1923 18358 7056 676
internal_value=0 0.0948269 0.0769756 0.0874625 0.0884562 0.0989293 0.079284 0.0822222 0.099527 0.072398 0.0704227 0.0810379 0.0597311 0.0254398
internal_weight=0 3749.57 2437.04 1460.76 1439.55 537.149 2153.42 902.405 2288.81 106.594 716.106 359.336 356.771 62.507
internal_count=330666 182942 147724 73397 67473 22896 128068 44577 109545 6102 52197 20281 31916 7732
is_linear=0
shrinkage=0.1


Tree=54
num_leaves=15
num_cat=0
split_feature=86 85 249 167 13 171 17 74 6 157 104 179 86 66
split_gain=46.0052 12.4736 11.5794 11.0696 12.1561 10.2247 8.78474 8.29199 8.34348 8.75328 8.35052 9.46971 7.73998 7.68874
threshold=-0.93751683831214894 77.500000000000014 2.0000000000000004 3.5000000000000004 0.043907847255468375 0.51727482676506054 56.500000000000007 0.50362318754196178 0.19399641454219821 0.62731668353080761 -0.14776886254549024 -0.38999183475971216 -0.68883568048477162 9.7529463768005389
decision_type=8 2 2 2 8 2 10 2 10 2 2 2 10 2
left_child=1 7 3 4 5 -2 12 8 9 10 11 -1 -6 -12
right_child=2 -3 -4 -5 6 -7 -8 -9 -10 -11 13 -13 -14 -15
leaf_value=-0.096533535030893458 0.086836412111010286 0.1165269632289278 -0.041729074772899027 0.11852139366975732 0.089509576127900684 0.048881352924800149 0.10638346536710722 0.055656951455321936 0.019845411781801891 0.093388530439324352 0.077678640365554968 0.056685857736043926 0.10205677842490149 0.0050709072512549608
leaf_weight=4.1351624140042977 1092.6134050332039 70.514652454477982 6.2892200914138803 177.37409165701774 1568.601683965202 75.907122016426911 680.85009859184356 224.43292264991487 25.885351816174079 272.80167623542184 1140.8270713949123 164.48417449914996 716.07418800845153 14.773287666566828
leaf_count=211 99425 2968 2540 16126 52091 6492 16784 15638 7758 3728 68949 12183 19372 6338
internal_value=0 0.0752486 0.0938612 0.094059 0.0930094 0.0843709 0.0964133 0.073673 0.0761645 0.0770773 0.073717 0.0529284 0.0934422 0.0767504
internal_weight=0 1917.85 4317.71 4311.42 4134.05 1168.52 2965.53 1847.34 1622.91 1597.02 1324.22 168.619 2284.68 1155.6
internal_count=330603 117773 212830 210290 194164 105917 88247 114805 99167 91409 87681 12394 71463 75287
is_linear=0
shrinkage=0.1


Tree=55
num_leaves=15
num_cat=0
split_feature=86 17 93 85 81 193 8 90 98 202 163 90 180 158
split_gain=40.4189 12.5239 11.3537 10.5083 9.72135 9.34171 9.3124 10.8585 8.66867 8.53447 8.41208 9.38155 8.65763 7.51213
threshold=-0.87010291218757618 11.500000000000002 0.20026276260614398 77.500000000000014 0.20227272808551791 -0.084972299635410295 0.30887538194656378 2.7617117166519169 -0.057222321629524224 0.011501956731081011 -0.38686761260032648 2.037749290466309 -0.1136106215417385 0.22500000149011615
decision_type=8 10 2 2 2 2 10 10 2 2 2 10 2 2
left_child=2 6 3 4 -1 8 -2 -8 -3 13 12 -12 -4 -7
right_child=1 5 10 -5 -6 9 7 -9 -10 -11 11 -13 -14 -15
leaf_value=0.085352993920601194 0.081460431407908457 0.11651069955985636 0.052892564403462072 0.11522432985587919 0.067666545141861725 0.083879257095054893 0.09875390261033884 -0.19964672541589989 0.080505786709566873 0.11080342310448887 0.034950489471422257 0.08963097653657022 0.080916411626778997 0.10254174480082322
leaf_weight=1277.1788230063121 906.01651954307954 81.226420012160816 147.12654390333046 95.040269719880598 410.71283611001672 310.46533177755737 536.22876474823715 1.2222485678648798 378.32780160239236 769.33594542341643 126.4233490046181 41.735084507462489 439.72287350682745 706.52518701051122
leaf_count=71897 62713 3904 3540 4718 26540 24734 10015 55 19052 35802 24255 7530 13739 21916
internal_value=0 0.0949142 0.0785186 0.0828711 0.0810494 0.0995851 0.0876467 0.0980753 0.0868697 0.102856 0.0682404 0.0485216 0.0738907 0.0968445
internal_weight=0 3689.35 2537.94 1782.93 1687.89 2245.88 1443.47 537.451 459.554 1786.33 755.008 168.158 586.849 1016.99
internal_count=330410 178191 152219 103155 98437 105408 72783 10070 22956 82452 49064 31785 17279 46650
is_linear=0
shrinkage=0.1


Tree=56
num_leaves=15
num_cat=0
split_feature=86 93 104 158 157 17 86 158 177 230 229 225 252 252
split_gain=50.6979 18.3573 15.0845 11.199 10.8693 10.3024 9.52867 9.48785 9.45047 9.29691 8.538 8.50369 8.36749 8.31406
threshold=-0.87010291218757618 0.019267152063548568 -0.097166270017623887 0.29166667163372045 0.51696264743804943 32.500000000000007 -0.68883568048477162 0.22500000149011615 0.39787399768829351 -0.038002735003828995 0.12630632519721988 0.0029628956690430646 19.819208145141605 22.496703147888187
decision_type=10 2 2 2 2 10 10 2 2 2 2 2 2 2
left_child=1 3 4 13 -3 6 7 10 -5 -6 -2 -11 -9 -1
right_child=5 2 -4 8 9 -7 -8 12 -10 11 -12 -13 -14 -15
leaf_value=0.082327203124577503 0.072014056861584796 0.025834350530202988 0.075972222750268839 0.092651065008394345 0.0039492381618782676 0.1048040271759158 0.10063451038218107 0.098711424946055476 -0.051993639307736844 0.047669787694703702 -0.077195943265916306 0.095206467011400731 0.073070874950771747 0.057002360642524452
leaf_weight=510.73071079935289 263.61853884537049 110.69521268641438 1180.8229302499958 1137.2058468568812 21.26828598231441 1153.197617119371 797.58867482135065 496.12087773756502 4.5349964595225165 66.653068643539882 3.8915667859509986 86.426470610065735 171.19146392004768 173.73066094548903
leaf_count=41429 24003 14992 73228 34863 1125 52340 37692 14410 349 1815 696 1748 9447 22496
internal_value=0 0.079323 0.0709882 0.0860133 0.0503413 0.0974804 0.0926054 0.085755 0.0920765 0.065901 0.0698434 0.0745083 0.0921336 0.0758992
internal_weight=0 3292.07 1465.87 1826.2 285.043 2885.61 1732.41 934.822 1141.74 174.348 267.51 153.08 667.312 684.461
internal_count=330633 192045 92908 99137 19680 138588 86248 48556 35212 4688 24699 3563 23857 63925
is_linear=0
shrinkage=0.1


Tree=57
num_leaves=15
num_cat=0
split_feature=86 85 83 86 63 67 156 176 125 7 170 130 6 6
split_gain=41.798 13.6982 13.3399 10.89 10.6711 12.6328 9.16832 8.62358 8.67216 11.7013 8.43673 7.75768 7.49602 7.36478
threshold=-0.87010291218757618 77.500000000000014 12.500000000000002 -1.2638783454895017 0.27429264783859258 2.6412360668182377 0.055867666378617294 -0.044809333980083459 0.12021644786000253 0.15201287716627124 0.48193937540054327 0.013985246885567905 0.16754386574029925 1.0000000180025095e-35
decision_type=8 2 10 10 2 2 2 2 2 8 2 2 10 8
left_child=1 3 4 -1 13 -6 11 -8 -9 -10 -5 -4 -12 -2
right_child=2 -3 6 10 5 -7 7 8 9 -11 12 -13 -14 -15
leaf_value=0.057762047447246515 0.032713044436127291 0.11131628053841976 0.089694101198589046 0.08876291812081015 0.072585950996626347 -0.021729297330899584 0.11238368199693927 0.098058727114112842 0.1598214910005154 -0.16717447523320575 0.076193058512648418 0.037322175465236106 0.036112018539700995 0.091533847726883943
leaf_weight=274.30358951248854 21.642634750533034 118.71236362104537 102.36773097963851 619.67757747823634 151.84012233945759 15.666811791501457 539.92886214329974 1486.9930921880668 1.7954115920438187 2.8025322480898467 1479.0905953068977 39.081622462301311 48.180791068945837 1292.4514996976795
leaf_count=19167 16768 5366 21343 37807 8186 2504 20345 51388 154 203 80848 9355 9111 47907
internal_value=0 0.0781506 0.0948518 0.0765245 0.0875351 0.0637647 0.0998407 0.101555 0.0976347 -0.0394886 0.0789216 0.075224 0.0749286 0.0905651
internal_weight=0 2539.96 3654.57 2421.25 1481.6 167.507 2172.97 2031.52 1491.59 4.59794 2146.95 141.449 1527.27 1314.09
internal_count=330452 152299 178153 146933 75365 10690 102788 72090 51745 357 127766 30698 89959 64675
is_linear=0
shrinkage=0.1


Tree=58
num_leaves=15
num_cat=0
split_feature=86 85 83 246 86 163 137 8 55 182 235 1 2 207
split_gain=52.483 14.6133 14.2296 10.1508 9.56264 7.7864 7.75467 7.74014 7.43859 7.64488 8.03484 7.39961 7.36295 7.26585
threshold=-0.87010291218757618 77.500000000000014 11.500000000000002 0.5900000035762788 -1.2638783454895017 -0.83190241456031788 -0.059275588020682328 0.083302650600671782 1.0000000180025095e-35 0.14985607564449313 0.36991937458515173 0.032522473484277732 0.033434960991144187 -0.140033483505249
decision_type=8 2 10 2 10 2 2 8 2 2 2 8 10 2
left_child=1 3 7 12 5 -5 -7 -2 9 10 -6 -10 -1 -4
right_child=2 -3 13 4 8 6 -8 -9 11 -11 -12 -13 -14 -15
leaf_value=-0.045286296719275615 0.024276809075500394 0.11060950170241778 0.12058632855588819 0.076622631609260583 0.079255676658459465 0.088232932334089798 0.030836801103258607 0.089433804137603337 -0.12521926573247116 0.10267686987463409 0.062709754168399551 0.10885036029560308 0.058074281630953462 0.099646188675296662
leaf_weight=11.46317205795822 18.468117239419371 127.92259770894452 180.10624533101782 131.13068319983358 1529.5666384434189 29.766608510741207 112.52403349098313 1424.0476345817297 1.3694434784483736 114.62332411582611 363.17716688873588 98.024878858799639 17.282825654279804 2071.8587179464148
leaf_count=4389 5598 5258 5116 3728 79414 1931 13228 67283 916 7448 31199 2736 2159 100109
internal_value=0 0.0776739 0.0963539 0.0759249 0.0766383 0.0590439 0.0428438 0.0885996 0.0789218 0.0775995 0.0760809 0.105625 0.0168567 0.101321
internal_weight=0 2536.85 3694.48 2408.93 2380.18 273.421 142.291 1442.52 2106.76 2007.37 1892.74 99.3943 28.746 2251.96
internal_count=330512 152406 178106 147148 140600 18887 15159 72881 121713 118061 110613 3652 6548 105225
is_linear=0
shrinkage=0.1


Tree=59
num_leaves=15
num_cat=0
split_feature=86 85 17 74 156 241 103 171 4 246 202 246 67 63
split_gain=37.7689 15.9268 13.4998 11.6378 9.93074 9.02694 8.10888 8.50095 7.53866 7.38317 7.45806 7.2433 9.2349 7.07126
threshold=-0.85918354988098133 63.500000000000007 11.500000000000002 0.50362318754196178 0.077524039894342436 0.46428571641445165 0.10581887140870096 0.62672722339630138 0.14421338587999347 0.5900000035762788 -0.07082075253129004 0.80000001192092907 2.1182240247726445 -0.17315388470888135
decision_type=8 2 10 2 2 2 2 2 10 2 2 2 2 2
left_child=1 3 11 5 -5 6 9 -8 -6 10 -1 12 -2 -13
right_child=2 -3 -4 4 8 -7 7 -9 -10 -11 -12 13 -14 -15
leaf_value=0.12347327454184537 0.069365694439548792 0.10665018636055235 0.10032039248285451 0.0041329429454379169 0.067932198302926503 0.096675257572483797 0.068215408738569183 -0.049349683848144449 -0.035319618145868904 0.082179203102595841 -0.014964927677465054 0.097855847797057874 -0.055622116647078473 0.08292982678497933
leaf_weight=5.2683915961624761 28.144301335951241 200.96795238825143 2153.3937261509127 31.31747530355824 207.38577360509498 273.4205686482037 533.81929276202391 6.222194414916884 7.3209132241317993 1372.2102517267267 14.889638834816649 523.2839553746835 7.4832917497242297 806.72789350207313
leaf_count=1158 2868 8862 102752 9732 6222 9611 34209 490 907 81844 4134 24044 1767 41933
internal_value=0 0.0795861 0.095388 0.0773678 0.0567385 0.0796686 0.0772623 0.0668609 0.0644116 0.0812966 0.0212165 0.0876104 0.043113 0.0888024
internal_weight=0 2652.82 3519.03 2451.85 246.024 2205.83 1932.41 540.041 214.707 1392.37 20.158 1365.64 35.6276 1330.01
internal_count=330533 157169 173364 148307 16861 131446 121835 34699 7129 87136 5292 70612 4635 65977
is_linear=0
shrinkage=0.1


Tree=60
num_leaves=15
num_cat=0
split_feature=86 74 103 10 83 251 202 74 238 134 74 156 188 103
split_gain=43.82 15.1267 12.1565 8.32195 8.30352 8.0226 8.97597 13.4951 7.83037 11.4195 9.59583 12.45 7.76584 7.99638
threshold=-0.85918354988098133 0.20169491320848468 0.19898942112922671 1935.5000000000002 11.500000000000002 0.55846592783927929 -0.11192502453923224 0.18898809701204303 1.0000000180025095e-35 0.017170228995382789 0.18301435559988025 0.027973395772278312 -0.024894255213439461 0.089111290872097029
decision_type=10 2 2 10 10 2 2 2 2 2 2 2 2 2
left_child=1 2 3 8 5 -2 7 -7 9 -1 -11 -12 13 -10
right_child=4 -3 -4 -5 -6 6 -8 -9 12 10 11 -13 -14 -15
leaf_value=0.069808442484388097 0.078497546721125744 0.069609000746040414 0.055703652255313131 0.1190508438269637 0.10010222829221789 0.066615674757146623 0.10739854325740508 -0.22199567340286244 0.10471154875676436 0.088837131599558708 0.39191291322834437 0.13333998158197996 0.083908571319989023 0.071036423727799905
leaf_weight=578.76235000288534 396.87528371965118 957.04925523046404 138.66114808674683 74.585632384791097 2168.4786992705867 8.9331366218975727 200.87742604507366 1.9790608386392694 436.26824090738592 192.03037758947357 2.0146925013705212 24.584931926492573 895.74379136947937 84.108296181741025
leaf_count=68575 29174 60968 8668 2845 102941 120 1335 21 10302 18635 636 1474 22380 2968
internal_value=0 0.0802557 0.0844545 0.0861968 0.0972053 0.0868843 0.1026 0.0142725 0.0850898 0.0771636 0.0966343 0.152925 0.0895529 0.0992686
internal_weight=0 3383.81 2426.76 2288.1 2777.14 608.665 211.79 10.9122 2213.51 797.392 218.63 26.5996 1416.12 520.377
internal_count=331042 197451 136483 127815 133591 30650 1476 141 124970 89320 20745 2110 35650 13270
is_linear=0
shrinkage=0.1


Tree=61
num_leaves=15
num_cat=0
split_feature=86 86 17 156 176 158 194 63 64 85 251 106 159 17
split_gain=41.256 16.8962 11.3279 12.208 9.74502 9.35777 8.69442 8.52624 15.9416 9.93785 9.76745 10.009 8.33126 7.2627
threshold=-0.79175242781639088 -1.2638783454895017 41.500000000000007 0.19082633405923846 0.024890298023819927 0.45000000298023229 -0.14293412119150159 -0.2205824479460716 7.5000000000000009 77.500000000000014 0.3543198853731156 -0.08984691277146338 1.4335983395576479 32.500000000000007
decision_type=10 8 8 2 2 2 2 2 2 2 2 2 2 10
left_child=1 -1 3 4 -3 7 -6 8 -4 12 11 -11 -9 -2
right_child=13 2 5 -5 6 -7 -8 9 -10 10 -12 -13 -14 -15
leaf_value=0.058755018570134945 0.094554435186902944 0.078332257768723115 0.098742072481507556 0.083983857572877768 -0.021935648750961198 0.10014605606126381 0.056772248863339161 0.073088565249865331 0.37751095746194357 0.5112702887621533 -0.0077981158814049755 0.12635870692890644 0.097334158313527208 0.10625788011216242
leaf_weight=284.86040245822005 1312.4948038956322 318.26376777775204 253.1373242467489 1303.2878454211932 14.875389088067093 580.75771680954313 248.34226328180011 731.56566469795916 2.0681305543985209 0.68364977086093759 5.5652534667460705 57.160500921341736 175.77753586365179 889.64888091539888
leaf_count=19566 64646 41803 15290 37530 2427 12557 30995 56078 209 148 113 3181 6171 39710
internal_value=0 0.0822209 0.0840317 0.0786081 0.0665592 0.0896897 0.0523242 0.0847363 0.101001 0.0804604 0.118734 0.130908 0.0777856 0.0992825
internal_weight=0 3976.35 3691.49 1884.77 581.481 1806.72 263.218 1225.96 255.205 970.753 63.4094 57.8442 907.343 2202.14
internal_count=330424 226068 206502 112755 75225 93747 33422 81190 15499 65691 3442 3329 62249 104356
is_linear=0
shrinkage=0.1


Tree=62
num_leaves=15
num_cat=0
split_feature=86 93 17 170 47 237 176 86 5 228 23 168 149 183
split_gain=42.6945 12.4177 11.8125 8.17167 7.92476 8.49395 7.8242 7.77949 7.08817 7.78617 8.1885 7.77855 7.07119 7.01381
threshold=-0.87010291218757618 0.20026276260614398 11.500000000000002 0.51371133327484142 1.0000000180025095e-35 0.5874999761581422 0.20885343104600909 -0.5543786585330962 0.067424245178699507 -0.030686929821968075 1.0000000180025095e-35 3.1822762489318852 -0.019649716094136235 -0.069125015288591371
decision_type=10 2 10 2 2 2 2 10 8 2 2 2 2 2
left_child=1 4 3 -2 -1 -6 -7 -5 9 -3 12 -10 -11 -8
right_child=2 8 -4 7 5 6 13 -9 11 10 -12 -13 -14 -15
leaf_value=0.086141654727434611 0.095778713346813871 -0.0033550441629908593 0.10090007054085644 0.065074424468250111 0.10348057903739316 0.064888680739377619 -0.15329435377508874 0.10674380877636463 0.042317975305049826 -0.025032795895430945 -0.026466064696493222 0.077378967711746086 0.081736616457244948 0.022347270369742545
leaf_weight=2245.3428288075092 349.56679515500764 24.811950699718182 2247.4195479627297 233.86002724903847 55.040677727383809 207.83892297092461 2.7265499513778222 55.422070432494365 71.15219824149608 6.8389056286687255 9.5834612850085232 571.75761699663599 66.705587586815454 13.683154300086242
leaf_count=126138 17589 6265 105312 13096 2500 13154 309 2422 9729 1522 2184 20215 9026 1264
internal_value=0 0.0808078 0.0974892 0.0854902 0.0841657 0.0682799 0.0596401 0.0730576 0.0695176 0.0458052 0.0604785 0.0734987 0.0718081 -0.00683642
internal_weight=0 3275.48 2886.27 638.849 2524.63 279.289 224.249 289.282 750.85 107.94 83.128 642.91 73.5445 16.4097
internal_count=330725 192306 138419 33107 143365 17227 14727 15518 48941 18997 12732 29944 10548 1573
is_linear=0
shrinkage=0.1


Tree=63
num_leaves=15
num_cat=0
split_feature=86 85 86 86 17 237 163 63 179 51 82 159 206 223
split_gain=37.9369 15.4361 10.8507 9.55346 8.89508 8.00555 7.3079 10.277 12.1689 7.59492 7.30605 7.16948 7.1323 8.09606
threshold=-0.85918354988098133 63.500000000000007 -0.68883568048477162 -1.2638783454895017 41.500000000000007 0.68898808956146251 -1.3339718580245969 0.098220799118280425 0.0513963419944048 1.0000000180025095e-35 0.1132478639483452 0.036433616653084762 0.12239206209778787 0.071977879852056517
decision_type=8 2 10 10 10 2 2 2 2 2 2 2 2 2
left_child=1 3 4 -1 6 -5 -2 -8 9 -9 -4 -7 13 -6
right_child=2 -3 10 5 12 11 7 8 -10 -11 -12 -13 -14 -15
leaf_value=0.059901641182833636 0.10483855989929974 0.10660695607270905 0.10102883143254236 0.09149963089230892 0.098263004343201413 0.028065066041121828 0.090248484991280034 0.090165565229354386 0.032271810082389926 0.058516792122845357 0.1352409013891275 0.077442386369760738 0.048316677888571968 0.1285009055798364
leaf_weight=274.65197159807212 217.32211807741623 196.48241379542196 1217.0704170526419 454.58906637854125 414.95792216608879 29.922486788515016 1090.0950980546331 219.90239510140236 65.968632983591306 115.72896025556338 65.794463874191933 1702.8658128139314 23.41832132311356 112.56635553009983
leaf_count=19021 5950 8942 57083 24744 19214 3362 57727 10632 7223 7041 3332 101425 1813 3251
internal_value=0 0.0796337 0.0954381 0.077481 0.0912685 0.0796884 0.0877064 0.0852105 0.0715355 0.0792528 0.102783 0.0765897 0.102318 0.104715
internal_weight=0 2658.51 3542.82 2462.03 2259.96 2187.38 1709.02 1491.7 401.6 335.631 1282.86 1732.79 550.943 527.524
internal_count=330760 157494 173266 148552 112851 129531 88573 82623 24896 17673 60415 104787 24278 22465
is_linear=0
shrinkage=0.1


Tree=64
num_leaves=15
num_cat=0
split_feature=86 93 17 86 245 185 163 104 153 210 234 171 192 172
split_gain=38.3589 15.8007 12.0971 10.1649 8.77283 8.44128 8.41333 13.7557 9.62512 8.72552 8.32139 8.0747 8.386 8.06867
threshold=-0.87010291218757618 0.20026276260614398 32.500000000000007 -0.68883568048477162 0.64951711893081676 0.014697679318487646 -0.38686761260032648 -0.067357834428548799 -0.02352061495184898 -0.093064270913600908 0.75000000000000011 0.04551461152732373 -0.099872589111328111 -0.23653065413236615
decision_type=10 2 10 10 2 2 2 2 2 2 2 2 2 2
left_child=1 10 3 4 5 -2 9 8 -8 -3 11 12 -1 -5
right_child=2 6 -4 13 -6 -7 7 -9 -10 -11 -12 -13 -14 -15
leaf_value=0.060785325824431836 0.053935942592501743 0.032147258121120091 0.10463884433511637 0.061167989748409007 0.091027100828097285 0.087680067204710013 0.10048364208389152 0.069174581980967861 -0.011458150804590376 0.077285741674745001 0.091013404663897166 0.061221551680003608 0.085918904422710815 0.10240761094669629
leaf_weight=152.39526154627538 154.33266643982824 46.573005523070606 1166.0681968017761 50.700881981201746 623.600390482492 142.65858859327818 9.2261916615170758 103.19986578893622 45.864839774412758 532.14924881665138 1144.7984227989637 205.90654305345743 1030.0033758716972 738.34941966776978
leaf_count=11840 12648 2310 52399 2489 25817 9957 1502 19787 10403 14899 51761 19621 60339 34961
internal_value=0 0.0809522 0.0967854 0.091429 0.0842903 0.0701448 0.0680654 0.0476361 0.00728894 0.0736532 0.0847017 0.079497 0.0826795 0.0997577
internal_weight=0 3270.12 2875.71 1709.64 920.592 296.991 737.013 158.291 55.091 578.722 2533.1 1388.31 1182.4 789.05
internal_count=330733 192462 138271 85872 48422 22605 48901 31692 11905 17209 143561 91800 72179 37450
is_linear=0
shrinkage=0.1


Tree=65
num_leaves=15
num_cat=0
split_feature=86 93 85 235 7 17 93 202 193 234 252 69 231 140
split_gain=39.4727 15.6532 12.3806 11.7984 9.40417 8.62605 7.76048 8.74033 8.78433 6.55513 6.49177 6.55573 6.22141 6.02992
threshold=-0.85918354988098133 0.20026276260614398 63.500000000000007 0.3751214891672135 0.04446640424430371 11.500000000000002 0.048414137214422233 -0.093863941729068742 0.131925143301487 1.0000000180025095e-35 8.7324514389038104 135.82938385009768 -0.10592322424054144 0.019033519551157955
decision_type=10 2 2 2 8 10 2 2 2 2 2 2 2 2
left_child=1 2 3 4 -1 6 -2 -8 -9 -3 -6 -12 -7 -4
right_child=5 9 13 -5 10 12 7 8 -10 -11 11 -13 -14 -15
leaf_value=0.034679380094140899 0.093120760605483244 -0.010183641086435937 0.12567666378905626 0.063813919127893165 0.093121880725633252 0.076859510611020476 -0.0013124547795763386 0.081536107076282574 -0.034665931426305606 0.069515475299310445 0.08264903130352913 0.011052455987390049 0.10144929702715993 0.075192025497384518
leaf_weight=35.674198020059521 451.06683699524183 10.464215488108492 104.36726612657003 280.36768309273884 868.78949438735981 108.38576327351257 16.758226117788581 123.41181171386415 6.8675200175857745 748.0986953636575 1270.8117713262836 12.919012228227073 2029.7244860039964 30.594134065726394
leaf_count=24922 22352 4118 4617 25931 28324 5348 1433 6087 761 45376 59074 2430 97344 1887
internal_value=0 0.0810571 0.0847401 0.0831277 0.0856024 0.0972331 0.0866172 0.0666663 0.0754107 0.068416 0.0864463 0.0819285 0.100203 0.114232
internal_weight=0 3362.09 2603.52 2468.56 2188.19 2736.21 598.104 147.038 130.279 758.563 2152.52 1283.73 2138.11 134.961
internal_count=330004 196679 147185 140681 114750 133325 30633 8281 6848 49494 89828 61504 102692 6504
is_linear=0
shrinkage=0.1


Tree=66
num_leaves=15
num_cat=0
split_feature=86 93 81 156 74 93 13 175 177 166 88 142 168 195
split_gain=50.7631 15.7001 10.3213 10.0754 8.59416 7.56507 8.48095 7.61823 7.43604 8.04127 7.81843 7.91371 6.86973 8.17686
threshold=-0.85918354988098133 0.20026276260614398 0.30368906259536749 0.027973395772278312 0.1012820526957512 -0.033442264422774308 0.037198102101683624 -0.076684907078742967 -0.09139003604650496 0.86113974452018749 0.67003577947616588 -0.021641584113240239 4.0986943244934091 0.15865209698677066
decision_type=10 2 2 2 2 2 8 2 2 2 10 2 2 2
left_child=1 2 -1 -2 -5 6 -4 -7 -3 10 11 -10 13 -6
right_child=3 8 5 4 12 7 -8 -9 9 -11 -12 -13 -14 -15
leaf_value=0.086794499019305971 0.0689808410203894 0.048503079990107965 0.038316622933419899 0.10432405689059654 0.091381191264655298 -0.01072181283864132 0.091239821295090659 0.058166693889607671 0.066722711640260626 0.082660692333494906 0.064602215526077478 -0.054710996281056336 0.11483757920365006 0.04431637724133234
leaf_weight=2354.9202635499519 106.22403870840799 152.68367506444974 39.423654457348675 1828.860252999556 754.18842277708245 20.112598540834369 130.550090888657 79.535627177852803 9.9692568708524067 356.58699439572592 205.89321236978867 11.624085744559123 119.07002092833864 38.814020316491224
leaf_count=129963 28705 13131 5122 67362 33171 2070 5093 5442 1141 7876 25745 1704 1290 2747
internal_value=0 0.0810515 0.0846726 0.0991986 0.10037 0.0661394 0.0789648 0.0442625 0.0681523 0.0732889 0.0585985 0.00135276 0.0924405 0.0890776
internal_weight=0 3361.3 2624.54 2847.16 2740.93 269.622 169.974 99.6482 736.757 584.074 227.487 21.5933 912.072 793.002
internal_count=330562 197287 147690 133275 104570 17727 10215 7512 49597 36466 28590 2845 37208 35918
is_linear=0
shrinkage=0.1


Tree=67
num_leaves=15
num_cat=0
split_feature=86 85 79 172 239 198 152 100 47 13 1 55 76 191
split_gain=43.2564 14.3394 10.8451 10.0965 9.65127 7.25713 7.5796 9.82806 6.91758 6.76309 6.937 11.0641 6.41522 6.52794
threshold=-0.91998776793479908 77.500000000000014 0.29459981620311743 -0.31269918382167811 0.22500000149011615 -0.086151413619518266 -0.040010079741477959 -0.034135319292545312 1.0000000180025095e-35 0.0076236876193434009 0.025682249106466774 1.0000000180025095e-35 0.18990384787321093 0.14841087907552722
decision_type=8 2 2 2 2 2 2 2 2 8 8 2 2 2
left_child=1 3 4 -1 5 -2 7 -7 -8 -5 11 -11 13 -12
right_child=2 -3 -4 9 -6 6 8 -9 -10 10 12 -13 -14 -15
leaf_value=0.10806336030904894 0.052098954799596434 0.11884812086051717 0.1012245470379612 0.030132357255981419 0.094225817807248813 -0.082957979606851223 0.089360762709492239 0.077130867250669852 0.047328826987182819 0.082621705821216571 0.068034610064597309 -0.057279345475489435 0.087878609332783686 0.030896500882497797
leaf_weight=89.286051961846169 81.195913451778324 78.271525013508835 1559.111268388222 35.050234116925822 1889.359559534887 6.1421443259750985 503.35144000797482 10.208422813673677 42.45859155636208 779.02099984259439 857.13361853438801 5.6942732952011275 156.97929245840351 50.096271749433072
leaf_count=4169 12054 3604 71229 26141 64666 940 48424 906 4445 41129 41393 1761 6495 3536
internal_value=0 0.0768707 0.0946629 0.0752056 0.0906236 0.080045 0.0840814 0.016993 0.0860911 0.0736484 0.0744733 0.0816065 0.0692135 0.0659839
internal_weight=0 2051.53 4091.83 1973.26 2532.72 643.357 562.161 16.3506 545.81 1883.97 1848.92 784.715 1064.21 907.23
internal_count=330892 128228 202664 124624 131435 66769 54715 1846 52869 120455 94314 42890 51424 44929
is_linear=0
shrinkage=0.1


Tree=68
num_leaves=15
num_cat=0
split_feature=93 17 157 168 47 104 168 96 6 150 81 2 211 5
split_gain=33.998 16.936 11.0375 11.3121 9.60816 9.43966 8.86503 8.24852 7.63188 7.60276 7.43683 7.30831 6.93527 6.6657
threshold=0.20026276260614398 32.500000000000007 0.60022830963134777 3.5490146875381474 1.0000000180025095e-35 -0.12640194594860074 3.1888009309768681 -0.22665360569953916 0.030090497806668285 0.027345099486410621 0.20227272808551791 0.095564253628253951 -0.053013743832707398 0.29520697891712194
decision_type=2 10 2 2 2 2 2 2 10 2 2 8 2 8
left_child=1 2 3 4 7 -3 11 -1 10 -5 12 -2 -9 -10
right_child=6 5 -4 9 -6 -7 -8 8 13 -11 -12 -13 -14 -15
leaf_value=0.1255740636053248 0.068420836243162211 0.079397098229769009 0.099077217976487067 0.088782848334197514 0.050710329414929402 0.10253383017251774 0.07524148595693847 0.092866123712679896 0.083038229732704749 0.11264679745465143 -0.0049372053160397743 0.017593584751338969 0.053949137775143534 0.24089786400811666
leaf_weight=40.12935872406706 62.764331340521494 197.59130364277735 723.71702185520917 1258.1684612477347 114.94670785251947 1639.627067248739 820.51594165436381 70.695049172415111 886.80962528464443 149.34866824516212 15.178626603170413 51.503111721858659 129.99098786157128 2.6829696235217844
leaf_count=3720 14102 11539 10397 44053 12677 76930 36941 12689 53675 5227 4771 8282 34995 981
internal_value=0 0.0923129 0.0881242 0.0851531 0.0782721 0.100045 0.0716073 0.0810378 0.079421 0.091315 0.0625537 0.0455118 0.0676583 0.0835144
internal_weight=0 5228.89 3391.67 2667.95 1260.43 1837.22 934.783 1145.49 1105.36 1407.52 215.865 114.267 200.686 889.493
internal_count=330979 271654 183185 172788 123508 88469 59325 110831 107111 49280 52455 22384 47684 54656
is_linear=0
shrinkage=0.1


Tree=69
num_leaves=15
num_cat=1
split_feature=86 93 85 74 81 246 257 7 156 173 156 159 98 114
split_gain=45.0878 14.1229 9.77185 9.63498 9.1674 7.61502 7.41871 7.19339 7.10681 12.9895 9.83714 9.05673 8.94443 8.51254
threshold=-0.85918354988098133 0.20026276260614398 63.500000000000007 0.31339286267757421 0.20227272808551791 0.5900000035762788 0 0.11814556270837785 0.29777145385742193 0.20644769817590716 0.16172623634338382 0.37063620984554296 0.22680998593568805 0.13058818876743319
decision_type=10 2 2 2 2 2 9 10 2 2 2 2 2 2
left_child=1 2 4 8 7 -3 -6 -1 9 -2 -11 13 -12 -10
right_child=3 5 -4 -5 6 -7 -8 -9 11 10 12 -13 -14 -15
leaf_value=0.075398733116218489 0.098984174558382224 -0.056655635906891239 0.11069750524980992 0.071748968572363195 0.0093471661081026541 0.069835620630012238 0.073152467115816119 0.089217738646498845 0.095279941789875255 0.028817387559105779 0.08551518480596193 0.11105833441166989 -0.083970245689642509 -0.043070503456172721
leaf_weight=494.89559340118285 1078.4337905507327 4.790188227330872 136.28772531114373 129.41414272986185 35.76529479486635 739.92153393313311 380.24250972024674 1577.0364745134884 488.67074597646206 41.871229200311063 179.07790825050415 849.36824955106931 3.1688813674190888 4.4881633428522028
leaf_count=56034 83371 1013 6534 7489 4533 48522 22117 58513 9898 6458 7297 18890 271 160
internal_value=0 0.0811761 0.0846252 0.0983907 0.083197 0.069022 0.0696501 0.085917 0.0996942 0.0944318 0.0725261 0.1048 0.0825682 0.0940208
internal_weight=0 3368.94 2624.23 2774.49 2487.94 744.712 416.008 2071.93 2645.08 1302.55 224.118 1342.53 182.247 493.159
internal_count=331100 197266 147731 133834 141197 49535 26650 114547 126345 97397 14026 28948 7568 10058
cat_boundaries=0 2
cat_threshold=2689089540 5114886
is_linear=0
shrinkage=0.1


Tree=70
num_leaves=15
num_cat=1
split_feature=93 17 81 171 143 13 143 111 63 66 251 251 257 245
split_gain=25.8709 15.0682 13.112 8.55395 8.86459 8.47014 8.79778 8.3174 8.31653 10.4367 8.76392 8.0392 7.93823 7.77405
threshold=0.20026276260614398 45.500000000000007 0.34057971835136419 0.41185088455677038 0.025639797560870651 0.066902238875627532 0.015237373765558006 -0.078884445130825029 -0.17315388470888135 1.9594438076019289 0.16430578380823138 2.2033702135086064 0 0.020799911580979828
decision_type=2 10 2 2 2 10 2 2 2 2 2 2 9 2
left_child=1 2 3 8 -5 -2 -7 -3 9 -1 13 -9 -4 -10
right_child=5 7 12 4 -6 6 -8 11 10 -11 -12 -13 -14 -15
leaf_value=0.085357863142422635 0.068603808988516687 0.067089403284991592 -0.0088260277918966352 0.078806445267966263 0.023427459776294551 0.10566044733472504 0.05279798432422577 0.10219897998959648 0.020835091722335927 0.10519527825550226 0.095624359134959522 -0.15278393949954253 0.064469030440491251 0.083351748803455694
leaf_weight=440.06935347350191 760.79241699789782 72.158647109339654 21.889892883955326 150.64991868327797 35.767262040810238 132.31055321278291 41.313706975775858 1314.0423203507089 20.147659299445877 667.46718965190303 759.54862326149305 1.2376542125130061 102.76803814338382 1561.2813663408779
leaf_count=15917 51508 4717 3028 12020 3750 5561 2190 62771 5897 37068 6774 22 6067 113483
internal_value=0 0.0912389 0.0879519 0.0890456 0.0681811 0.0731521 0.0930819 0.100146 0.0901735 0.0973131 0.0867956 0.101959 0.0560621 0.0825553
internal_weight=0 5147.03 3759.59 3634.93 186.417 934.417 173.624 1387.44 3448.51 1107.54 2340.98 1315.28 124.658 1581.43
internal_count=330773 271514 204004 194909 15770 59259 7751 67510 179139 52985 126154 62793 9095 119380
cat_boundaries=0 2
cat_threshold=2162704977 5543018
is_linear=0
shrinkage=0.1


Tree=71
num_leaves=15
num_cat=0
split_feature=86 93 85 17 86 114 251 219 70 144 78 252 217 253
split_gain=52.0364 15.6916 9.85649 9.73108 11.6125 9.38179 8.21424 10.332 8.58179 7.41238 7.11448 6.87003 6.63533 6.38667
threshold=-0.85918354988098133 0.20026276260614398 63.500000000000007 45.500000000000007 -0.68883568048477162 0.026730237528681759 0.68695622682571422 -0.064616452902555452 7.5000000000000009 -0.01684476155787706 0.04124149680137635 19.819208145141605 -0.015418440103530882 0.87655282020568859
decision_type=10 2 2 10 10 2 2 2 2 2 2 2 2 2
left_child=1 2 5 4 11 -1 9 -8 -9 -5 -10 -2 -11 -13
right_child=3 -3 -4 6 -6 -7 7 8 10 12 -12 13 -14 -15
leaf_value=0.087302666149598931 0.093033655339852833 0.068409798880586348 0.11175173461213186 0.12251854995685658 0.10364703669642208 0.073511376375989465 -0.14814988000598248 0.10623908614028917 -0.23264086815205176 0.11225200808563157 0.096048251020135103 0.033043372851193936 0.091577898327102655 0.07996956864057389
leaf_weight=1818.8172359608166 691.21297224694899 732.30613304303824 130.52564716691086 293.12136094105063 915.26037249312731 676.80985862942725 2.4911880361614775 12.548807551414937 1.5255999803193838 357.67408338454152 1.158662154281046 33.349963967741132 274.293944015536 222.51457981610565
leaf_count=98464 30500 49422 6576 11079 43466 42276 37 65 66 12582 19 3578 16313 16090
internal_value=0 0.081354 0.0849636 0.0998052 0.0956145 0.0835625 0.108083 0.0406491 0.0715249 0.109375 -0.0907622 0.0878518 0.103279 0.0738531
internal_weight=0 3358.46 2626.15 2805.15 1862.34 2495.63 942.814 17.7243 15.2331 925.089 2.68426 947.078 631.968 255.865
internal_count=330533 196738 147316 133795 93634 140740 40161 187 150 39974 85 50168 28895 19668
is_linear=0
shrinkage=0.1


Tree=72
num_leaves=15
num_cat=0
split_feature=86 86 85 252 163 251 86 156 158 186 193 199 207 88
split_gain=42.5268 17.922 10.6321 8.50309 9.1454 8.39238 8.15039 9.04511 7.74508 7.557 7.55483 7.463 7.15411 6.84733
threshold=-0.85918354988098133 -1.1627568602561948 67.500000000000014 11.292123317718508 -0.83190241456031788 0.81560495495796215 -1.1053156256675718 0.11173533275723459 0.18333333730697635 -0.085295088589191423 -0.061174634844064706 0.0046594068408012399 -0.12372829765081404 0.75792503356933605
decision_type=10 8 2 2 2 2 10 2 2 2 2 2 2 10
left_child=1 3 8 -1 -5 6 7 -4 13 11 -2 -8 -12 -3
right_child=10 2 5 4 -6 -7 9 -9 -10 -11 12 -13 -14 -15
leaf_value=0.075957878102125134 0.089181983165467507 0.060247248534770918 0.32566891550568156 0.071071577149448992 0.032658278124875664 -0.10787180975240794 -0.033387636125626161 0.13878135029882538 0.085497198693338189 0.11535583644455008 0.1158439949033736 0.096178874547152862 0.098856393212438276 0.089237729346106881
leaf_weight=328.01943082374964 697.70875490042999 246.09397973102796 3.5017602592179164 121.15987740384298 126.88531638232234 1.7371952801622672 7.1492402833928308 9.9431949305253493 2247.1608960916205 116.17415411262664 287.74325526740813 11.755348903336197 1790.7419544054774 121.79373336519438
leaf_count=15954 38397 36053 467 3390 20027 71 696 360 99445 4430 8259 610 86925 15886
internal_value=0 0.0814389 0.0847816 0.0653929 0.0514216 0.110649 0.113205 0.187457 0.0832952 0.105814 0.0981857 0.0471801 0.101208 0.0698449
internal_weight=0 3341.37 2765.31 576.065 248.045 150.261 148.524 13.445 2615.05 135.079 2776.19 18.9046 2078.49 367.888
internal_count=330970 197389 158018 39371 23417 6634 6563 827 151384 5736 133581 1306 95184 51939
is_linear=0
shrinkage=0.1


Tree=73
num_leaves=15
num_cat=0
split_feature=86 86 85 83 4 83 13 219 241 160 241 39 156 190
split_gain=38.2479 16.6622 9.6881 8.70585 8.52437 8.15159 7.31639 7.3791 6.59054 7.74397 7.20764 6.56229 6.97526 7.97992
threshold=-0.85918354988098133 -1.1627568602561948 80.500000000000014 11.500000000000002 0.029949785210192207 35.500000000000007 0.066902238875627532 0.02070494927465916 0.46428571641445165 1.0000000000000002 0.18333333730697635 1.0000000180025095e-35 0.18245838582515719 0.074375066906213774
decision_type=10 8 2 10 8 10 8 2 2 2 2 2 2 2
left_child=1 5 8 4 -2 -1 7 -7 9 -3 -11 -4 -13 -14
right_child=3 2 11 -5 -6 6 -8 -9 -10 10 -12 12 13 -15
leaf_value=0.056593876536459489 0.023832178577302045 0.086566012628744998 0.10823828802909014 0.10105107642653305 0.089561810899929817 0.082507630800810861 0.10299764511115982 0.036533102715825772 0.097039856505358235 0.063417334358458977 0.082730741226066343 0.27879500248507116 0.15214576216896022 -0.27796017295818581
leaf_weight=332.88423783834514 20.45419437844248 1537.1643472752048 76.964938345116025 2161.9870198871877 557.7165894690479 106.94147618970965 91.52971823797634 51.832492586696389 356.38521705335052 340.76467127871138 446.30969198743969 4.9486258198594424 4.8205289392908526 0.47376282215100207
leaf_count=24196 9316 84421 3370 103064 21315 6875 4294 4025 11581 29028 28801 390 177 75
internal_value=0 0.0822076 0.0854444 0.0981362 0.0872365 0.0668458 0.08048 0.067499 0.0843773 0.0824356 0.074369 0.118246 0.19344 0.113657
internal_weight=0 3351.02 2767.83 2740.16 578.171 583.188 250.304 158.774 2680.62 2324.24 787.074 87.2079 10.2429 5.29429
internal_count=330928 197233 157843 133695 30631 39390 15194 10900 153831 142250 57829 4012 642 252
is_linear=0
shrinkage=0.1


Tree=74
num_leaves=15
num_cat=0
split_feature=86 17 86 86 82 116 4 63 10 5 6 67 36 189
split_gain=39.0903 14.8369 13.657 8.44734 7.7147 7.5173 11.715 6.26322 12.8526 9.20346 9.15032 8.99369 7.79082 10.1075
threshold=-0.85918354988098133 47.500000000000007 -1.1627568602561948 -0.64092096686363209 0.1132478639483452 -0.082397084683179841 0.10730974748730661 -0.24218456447124478 81.500000000000014 0.29520697891712194 0.0745370388031006 2.5567939281463627 1.0000000180025095e-35 0.13232765346765521
decision_type=10 8 10 10 2 2 10 2 8 10 8 2 2 2
left_child=1 2 -1 5 -5 6 -2 8 -3 -10 11 12 -9 -14
right_child=3 7 -4 4 -6 -7 -8 10 9 -11 -12 -13 13 -15
leaf_value=0.058541649082705462 0.06969033402560787 0.20904191194995692 0.079853507781271219 0.10263354916825773 0.13862020834488936 0.09419000130447569 -0.11307106252790772 0.08397035296379203 0.09668676542398616 0.35410700046331689 0.09041189022142368 0.02782480151750006 0.047613638782624916 -0.1584518139910184
leaf_weight=381.90478564457771 21.039098903780545 10.883137773798806 1413.8468377428362 941.73169456834057 63.59390615029406 1710.1567806982357 4.2089450559433308 222.45325072553078 255.10564971994609 1.3964870218860586 982.81592805587934 42.587279739112091 27.576337446927941 2.6051864896871839
leaf_count=27077 1148 5190 86498 43607 2918 85544 355 16724 8125 30 41822 8998 2373 356
internal_value=0 0.081503 0.0753211 0.0976158 0.10491 0.0933903 0.0392233 0.0886863 0.102604 0.0980883 0.0857744 0.0703358 0.077502 0.0298266
internal_weight=0 3341.17 1795.75 2740.73 1005.33 1735.4 25.248 1545.42 267.385 256.502 1278.04 295.222 252.635 30.1815
internal_count=330765 197193 113575 133572 46525 87047 1503 83618 13345 8155 70273 28451 19453 2729
is_linear=0
shrinkage=0.1


Tree=75
num_leaves=15
num_cat=0
split_feature=86 86 248 82 85 235 245 81 3 208 219 226 161 157
split_gain=35.5715 13.8936 10.1201 9.77143 9.30253 8.83541 10.9002 10.5048 9.7204 7.9217 7.57127 7.43191 8.54749 8.54348
threshold=-0.92711415886878956 -0.68883568048477162 2.0000000000000004 0.1132478639483452 67.500000000000014 0.36991937458515173 0.64951711893081676 0.31414473056793218 0.30839161574840551 -0.045113909989595406 0.040334777906537063 -0.021164009347558018 2.6733570098876958 0.36602911353111273
decision_type=8 10 2 2 2 2 2 2 10 2 2 2 2 2
left_child=4 2 5 11 -1 6 9 8 10 -2 -7 12 -3 -13
right_child=1 3 -4 -5 -6 7 -8 -9 -10 -11 -12 13 -14 -15
leaf_value=0.075777056804738271 0.065601130663475657 -0.038993791926029329 -0.080766718797600764 0.13721635538762006 0.10713735853953291 0.071121209554907819 0.097123678137732636 -0.016092989681126987 -0.02903812294335097 0.088465920706159717 0.10162157333374128 0.030530507968881931 0.11005440234687756 0.095231875489318205
leaf_weight=1844.0195973721229 197.97642429863299 3.8754419754914116 3.4701487071106376 76.013955158259705 99.703288708960827 241.61822119858425 1616.0728052853774 11.996228070276628 8.1487457205039373 645.79806826990716 122.72785945333089 21.075379998794233 534.79360330870986 644.81613011708123
leaf_count=117763 14961 119 1779 3345 5044 18973 60978 1423 2745 39791 6788 4633 21796 30786
internal_value=0 0.0937921 0.089902 0.102443 0.0773857 0.0901102 0.0923137 0.0760129 0.0789792 0.0831011 0.0813951 0.100249 0.108982 0.0931841
internal_weight=0 4128.38 2847.81 1280.57 1943.72 2844.34 2459.85 384.491 372.495 843.774 364.346 1204.56 538.669 665.892
internal_count=330924 208117 147438 60679 122807 145659 115730 29929 28506 54752 25761 57334 21915 35419
is_linear=0
shrinkage=0.1


Tree=76
num_leaves=15
num_cat=0
split_feature=86 85 17 86 86 63 235 159 110 242 197 120 66 104
split_gain=46.7749 13.9019 11.2723 8.75054 8.59379 8.55845 8.41677 6.43675 7.9531 6.3898 6.34521 6.53352 6.26062 8.61758
threshold=-0.85918354988098133 63.500000000000007 11.500000000000002 -0.71364381909370411 -1.1627568602561948 -0.14004237204790113 0.3751214891672135 0.90918210148811351 0.044849857687950141 -0.1369957700371742 -0.16112142801284787 -0.0072433948516845694 2.5920972824096684 -0.092724584043025957
decision_type=8 2 10 8 10 2 2 2 2 2 2 2 2 2
left_child=1 4 3 -2 7 12 10 8 -1 -7 11 -6 13 -5
right_child=2 -3 -4 5 6 9 -8 -9 -10 -11 -12 -13 -14 -15
leaf_value=0.036101936578209995 0.071362652427853571 0.10469686370879501 0.1007450120901138 -0.049833753347184803 0.003409749495210532 -0.025613641934807436 0.064169591927406996 0.074841988998749595 0.072796716681508986 0.085905391238920811 0.084080389059771596 0.073926842940847268 0.11291063895717533 0.093277619739884951
leaf_weight=127.2218487343398 229.5746124917714 188.23072593266443 2178.1512581834904 4.2830607605137621 19.552494668212603 5.1802197750930636 289.25688130295293 321.82487759740252 110.2498716960763 629.57004217448957 1463.1311322188421 40.055036333778844 268.30714579887353 238.90387420750631
leaf_count=15877 13872 8893 102841 254 1900 3553 28753 12466 10094 30528 77434 2030 14063 8322
internal_value=0 0.0785388 0.0962691 0.0891829 0.0764624 0.092752 0.079807 0.0656267 0.053138 0.0849953 0.0827775 0.0507958 0.102378 0.0907571
internal_weight=0 2559.52 3553.97 1375.82 2371.29 1146.24 1812 559.297 237.472 634.75 1522.74 59.6075 511.494 243.187
internal_count=330880 157447 173433 70592 148554 56720 110117 38437 25971 34081 81364 3930 22639 8576
is_linear=0
shrinkage=0.1


Tree=77
num_leaves=15
num_cat=0
split_feature=74 81 156 17 74 70 108 168 234 251 185 152 63 139
split_gain=27.2562 18.0909 14.1659 11.8421 11.1777 11.1626 13.8343 9.03947 9.28211 9.02005 12.7746 8.96713 9.61026 8.69718
threshold=0.31339286267757421 0.20227272808551791 0.29777145385742193 32.500000000000007 0.063508063554763808 7.5000000000000009 -0.12293452396988867 3.8309657573699956 0.75000000000000011 0.51694548130035411 0.0097333169542253035 1.0000000180025095e-35 -0.17315388470888135 0.0097783044911921042
decision_type=2 2 2 10 2 2 2 2 2 2 2 2 2 2
left_child=1 2 3 11 -3 -5 -7 8 -6 -8 -11 12 -1 -13
right_child=-2 4 -4 5 7 6 9 -9 -10 10 -12 13 -14 -15
leaf_value=0.10575149571077687 0.072525777595726634 0.085995561352220182 0.10144705439263352 0.088276357050094012 0.015407782029132034 0.3678203940799869 0.11205192322517843 0.084217181326088908 0.067603908622516459 0.085577622004276613 -0.11330103289347609 0.071624873495446537 0.085355569444348522 0.092935187009901263
leaf_weight=342.07378514740958 798.47648202419441 463.8446534947916 1820.5279856647812 448.87140174170054 65.032340148269213 2.0778320636600247 446.09467238021716 85.479680252508842 71.558937959584 14.356756472880081 4.1672559306171015 608.23266271316152 711.59317806499894 279.52763050579688
leaf_count=18625 51891 27341 39899 34851 7282 190 25262 1981 4642 233 192 50210 43455 24857
internal_value=0 0.0923291 0.0945531 0.0901601 0.0771627 0.0995352 0.110364 0.0587133 0.0427529 0.109213 0.0408369 0.0857389 0.0919771 0.0783348
internal_weight=0 5363.44 4677.52 2857 685.916 915.568 466.697 222.071 136.591 464.619 18.524 1941.43 1053.67 887.76
internal_count=330911 279020 237774 197875 41246 60728 25877 13905 11924 25687 425 137147 62080 75067
is_linear=0
shrinkage=0.1


Tree=78
num_leaves=15
num_cat=0
split_feature=74 81 17 93 63 252 139 10 104 63 242 208 73 187
split_gain=32.3791 15.6639 10.9934 10.1152 9.95037 11.2595 10.0915 8.05086 7.96377 6.96514 12.9228 8.55654 8.82187 8.33438
threshold=0.22401433438062671 0.20227272808551791 49.500000000000007 1.0000000180025095e-35 -0.17315388470888135 9.1431989669799822 0.0054527444299310454 116.50000000000001 -0.19464825093746183 0.33652931451797491 0.32660944759845739 0.060323713347315795 0.10620300844311716 0.20855265855789187
decision_type=2 2 10 2 2 2 2 8 2 2 2 2 2 2
left_child=1 4 -2 8 7 -6 9 -1 -3 13 11 -11 -13 -7
right_child=2 3 -4 -5 5 6 -8 -9 -10 10 -12 12 -14 -15
leaf_value=0.13284873094739746 0.067895963065541493 0.052737415495522813 0.088392788859998267 0.058208680349134616 0.099099785681524721 0.081391710186008284 0.097880619815645997 0.10004352206658867 0.091276935096808579 0.0180877654786969 0.09476730078748799 0.037802320929241379 0.14914448299020691 0.11184148892434223
leaf_weight=79.362171032764309 817.20088375605519 61.968971587582928 384.92814448404533 181.60403187290285 1187.6236033615592 916.12682097532161 530.82367876103399 1304.0855211985909 397.84441290660561 65.566505796122783 70.273737673322103 17.561811622844292 11.963882383750386 99.667972710190952
leaf_count=30606 53871 4042 20510 12453 45017 59387 31842 34581 21717 8039 1874 1876 679 3905
internal_value=0 0.0927649 0.0744592 0.0781909 0.0949474 0.0916181 0.086428 0.101925 0.086083 0.081281 0.0622488 0.0382174 0.0829184 0.0843794
internal_weight=0 4924.47 1202.13 641.417 4283.06 2899.61 1711.98 1383.45 459.813 1181.16 165.366 95.0922 29.5257 1015.79
internal_count=330399 256018 74381 38212 217806 152619 107602 65187 25759 75760 12468 10594 2555 63292
is_linear=0
shrinkage=0.1


Tree=79
num_leaves=15
num_cat=0
split_feature=79 74 204 235 63 66 245 163 85 247 180 162 142 103
split_gain=30.9733 23.1372 11.3746 10.9898 9.63792 9.79146 9.56 9.72888 14.1881 8.0136 9.78557 9.2903 8.5479 7.84803
threshold=0.29459981620311743 0.22401433438062671 0.12760244309902194 0.51401597261428844 -0.17315388470888135 3.5776091814041142 0.92219126224517833 -1.0693178772926328 88.500000000000014 0.05554111301898957 -0.2496528550982475 74.323009490966811 0.016996609978377823 0.18437159806489947
decision_type=2 2 2 2 2 2 2 2 2 2 2 2 2 2
left_child=1 3 -3 4 5 -1 7 -6 9 10 -9 12 13 -11
right_child=-2 2 -4 -5 6 -7 -8 8 -10 11 -12 -13 -14 -15
leaf_value=0.089108687902998154 0.099648226913090152 0.073292092956611418 0.020751451522414963 0.020343306453549731 0.095387037617546522 0.11020609476521226 0.10657960132902365 -0.06546183421768402 0.15483913444889927 0.047095037358054551 0.085236736319828088 0.078800997939499379 0.087164450535573992 -0.053981907970423175
leaf_weight=536.36820327852911 1969.0913724896936 935.94770650486316 43.102051650457724 23.42540558827659 512.11243670754993 372.93771038515388 196.65450057484486 4.3308557085515522 24.543644006578688 163.11158576269918 850.59780798705833 397.76058547246203 56.596571479218255 8.0613305544029554
leaf_count=21287 92294 59082 4945 6435 12872 24863 6322 955 1047 14003 59719 22203 3701 994
internal_value=0 0.0844044 0.070979 0.0885818 0.0890936 0.0977615 0.0855333 0.0834814 0.0794302 0.0781801 0.0844733 0.0695789 0.0534742 0.0423349
internal_weight=0 4125.55 979.05 3146.5 3123.08 909.306 2213.77 2017.11 1505 1480.46 854.929 625.53 227.769 171.173
internal_count=330722 238428 64027 174401 167966 46150 121816 115494 102622 101575 60674 40901 18698 14997
is_linear=0
shrinkage=0.1


Tree=80
num_leaves=15
num_cat=0
split_feature=86 86 86 85 251 82 156 0 234 153 237 10 82 168
split_gain=39.7657 12.9822 10.0929 9.09535 9.05203 8.71066 8.23235 7.86528 7.81599 6.99581 6.76 7.94108 6.55343 6.21443
threshold=-0.85918354988098133 -1.1627568602561948 -0.68883568048477162 63.500000000000007 0.73504161834716808 0.1132478639483452 0.29777145385742193 0.10811688378453256 1.0000000180025095e-35 -0.0077979790512472382 0.76759257912635814 679.50000000000011 0.18677325546741488 3.1333086490631108
decision_type=8 10 10 2 2 2 2 8 2 2 2 8 2 2
left_child=1 -1 7 6 -5 -4 -3 -2 -9 10 11 -10 13 -7
right_child=2 3 5 4 -6 12 -8 8 9 -11 -12 -13 -14 -15
leaf_value=0.065932102712885202 0.044609243174789724 0.075642803382702198 0.100752076680374 0.10776570392274938 -0.14560588734167101 0.25445117183410287 0.08931706804394067 0.036085305309877531 0.019720448733934935 0.095634688942637422 0.08669960900262863 0.090583992691330953 0.082578911468979221 0.14217939289696083
leaf_weight=564.92451545038602 35.021076116718177 1107.8161633263899 1210.0958754446783 163.6375080863836 1.4222916664002685 5.4754519139205504 730.63395168416719 24.390763641831654 35.729830385982495 1785.0567643250233 316.0872138232844 28.370053485887183 17.164259594159375 49.504608349643604
leaf_count=39528 21473 92024 57153 7752 67 721 18251 6682 3089 68924 11459 1309 825 1780
internal_value=0 0.0793209 0.0956982 0.0830961 0.105582 0.102765 0.0810772 0.0916254 0.0923773 0.0930114 0.0806948 0.051084 0.13652 0.153361
internal_weight=0 2568.43 3506.9 2003.51 165.06 1282.24 1838.45 2224.66 2189.63 2165.24 380.187 64.0999 72.1443 54.9801
internal_count=331037 157622 173415 118094 7819 60479 110275 112936 91463 84781 15857 4398 3326 2501
is_linear=0
shrinkage=0.1


Tree=81
num_leaves=15
num_cat=0
split_feature=86 79 86 155 63 159 149 156 157 173 168 251 220 150
split_gain=38.7732 13.3111 9.18513 7.70492 11.9269 9.71262 9.43429 7.65387 8.31223 8.17435 9.83507 10.1858 7.85693 6.86362
threshold=-0.93751683831214894 0.29459981620311743 -1.1627568602561948 -0.014994335826486347 0.098220799118280425 1.5012275576591494 0.0014982962165959182 0.036038961261510856 0.54674842953681957 0.10832469910383226 3.6284406185150151 0.51694548130035411 -0.075873900204896913 0.032755704596638686
decision_type=8 2 10 2 2 2 2 2 2 2 2 2 2 2
left_child=2 3 -1 -2 6 13 -5 8 -8 -9 11 -11 -12 -6
right_child=1 -3 -4 4 5 -7 7 9 -10 10 12 -13 -14 -15
leaf_value=0.065850413274003303 0.099125997460318915 0.10114372686277842 0.081161410436782142 0.096682239844177023 0.062537858635744209 0.097516220011118163 0.04195447375783562 0.090081029843868621 -0.19159459476470389 0.005741500482188279 -0.15915953084720746 0.10471916014620951 0.097465699744628598 0.12035795708998537
leaf_weight=561.73173118605155 632.47647525037246 1576.9472384518867 1295.2820705096519 984.3032843648366 372.75997376578334 127.02239899896813 25.53795643983722 347.18796511575783 1.6206239449129487 42.708728311659797 1.2235763216594921 13.742921095923519 47.801697367758607 21.726966722808356
leaf_count=39259 33198 74165 78287 48753 26819 3296 5279 13048 185 5268 67 127 1096 1298
internal_value=0 0.0938856 0.07653 0.0895139 0.0864522 0.0734663 0.0910777 0.0795806 0.028018 0.0826742 0.0582937 0.0298372 0.0910608 0.0657224
internal_weight=0 4195.06 1857.01 2618.11 1985.64 521.509 1464.13 479.823 27.1586 452.665 105.477 56.4516 49.0253 394.487
internal_count=330145 212599 117546 138434 105236 31413 73823 25070 5464 19606 6558 5395 1163 28117
is_linear=0
shrinkage=0.1


Tree=82
num_leaves=15
num_cat=0
split_feature=86 93 93 86 76 167 182 85 63 123 138 5 189 104
split_gain=39.0169 13.816 9.43718 7.68218 7.02847 6.86565 6.76843 7.04248 7.56974 7.00976 6.74902 6.35747 7.67618 7.015
threshold=-0.85918354988098133 0.019267152063548568 0.13178607821464541 -1.1627568602561948 0.23205128312110904 3.5000000000000004 -0.056405343115329735 63.500000000000007 -0.055010562762618058 -0.021362765692174431 1.0000000180025095e-35 0.090593434870243086 -0.081013564020395265 -0.097166270017623887
decision_type=10 2 2 8 2 2 2 2 2 2 2 10 2 2
left_child=1 6 5 4 -3 -2 10 8 -8 -9 -1 12 -5 -14
right_child=2 3 -4 11 -6 -7 7 9 -10 -11 -12 -13 13 -15
leaf_value=0.083896157698891971 0.098590168478831786 0.059891006573449063 0.082902844457692512 0.045634794539171519 0.14984468536058915 0.12335898494806224 0.098313295893053168 0.022946151297039724 0.082628947485656287 0.12317406531056384 0.055631330663096945 0.086431309750170049 0.048175427454489377 0.081452236876389791
leaf_weight=305.23340138483218 2250.7822020399035 372.59064342501915 382.99672383098186 97.321919377498489 8.8933872477682581 117.76602306355471 493.50844300794051 7.533126172507763 817.35662495585166 94.677020841800186 116.80741443510669 524.88865506502771 74.741787209022732 415.62670772425463
leaf_count=16804 102992 26549 20520 10213 639 10213 24455 475 47232 3990 8245 23384 5916 29325
internal_value=0 0.0813733 0.0974667 0.0742338 0.0619881 0.0998217 0.087186 0.090505 0.0885337 0.115787 0.0760734 0.0784326 0.0712887 0.0763802
internal_weight=0 3329.18 2751.54 1494.06 381.484 2368.55 1835.12 1413.08 1310.87 102.21 422.041 1112.58 587.69 490.368
internal_count=330952 197227 133725 96026 27188 113205 101201 76152 71687 4465 25049 68838 45454 35241
is_linear=0
shrinkage=0.1


Tree=83
num_leaves=15
num_cat=0
split_feature=86 86 74 17 17 104 10 246 2 252 234 88 188 82
split_gain=38.7983 12.2703 10.8485 10.2703 8.48362 6.80889 6.63408 6.48008 11.4402 6.14392 6.69514 6.24518 5.96566 8.46981
threshold=-0.93751683831214894 -0.68883568048477162 0.50362318754196178 45.500000000000007 47.500000000000007 -0.12640194594860074 1935.5000000000002 0.5900000035762788 0.063214566558599486 18.281843185424808 0.33333333581686025 0.7815648913383485 -0.048722824081778519 0.20294117927551272
decision_type=8 10 2 10 10 2 10 2 10 2 2 10 2 2
left_child=2 3 4 6 5 -1 7 8 -2 10 11 -9 13 -11
right_child=1 -3 -4 -5 -6 -7 -8 9 -10 12 -12 -13 -14 -15
leaf_value=0.057351785441115466 -0.010263408533167774 0.10233553341111734 0.055976039191963804 0.10089316127571089 0.090182847262881435 0.078240804724060434 0.11850366948963582 0.072164324606928829 0.099100035725336169 0.095117652534983332 0.092724047201888052 -0.050434098438592569 0.073135799092563916 -0.19119948303112783
leaf_weight=186.97698873633635 18.751088256726689 1283.4575552006163 219.01767976950759 733.89493022931129 523.57111746218652 943.13225808310563 65.934740199605585 110.4628855021474 19.524777301539871 200.47374152733573 1331.2742403677594 4.3174399880263072 479.31581610629837 1.0385395246157703
leaf_count=13185 5946 60218 15661 32975 29135 59941 2351 8680 1564 14460 51646 657 33978 92
internal_value=0 0.0941672 0.07689 0.0906314 0.0796599 0.0747847 0.0872559 0.0863043 0.0455236 0.0870382 0.0907261 0.0675528 0.0792053 0.0936421
internal_weight=0 4248.45 1872.7 2964.99 1653.68 1130.11 2231.09 2165.16 38.2759 2126.88 1446.05 114.78 680.828 201.512
internal_count=330489 212567 117922 152349 102261 73126 119374 117023 7510 109513 60983 9337 48530 14552
is_linear=0
shrinkage=0.1


end of trees

feature_importances:
implicit_mean_localness=93
interact_category_affinity=63
explicit_days_remaining=47
xf_budget_fit=40
xf_prior_poi_engaged=40
behav_visit_rate=37
implicit_interaction_count=37
num_rating_shrunk=33
xf_party_fit=30
interact_interest_match=29
cat_subcategory=28
interact_cos_taste_poi=27
behav_unique_travelers=25
xf_cos_dismissed=22
behav_impressions=21
implicit_taste_01=21
xf_interest_cat_hit=21
explicit_touristiness_pref=20
implicit_category_dist_historic_site=19
num_localness=19
behav_ctr_smoothed=18
behav_save_rate=16
xf_interest_tag_ratio=15
num_pop_pct=13
xf_mobility_fit=13
implicit_category_dist_viewpoint=12
text_emb_01=12
xf_interest_cover=12
behav_archetype_affinity_02=11
implicit_days_since_last_interaction=11
xf_travel_min=11
implicit_category_dist_restaurant=10
implicit_taste_12=10
behav_archetype_affinity_06=9
interact_price_gap=9
geo_dist_to_tourist_centroid_km=8
behav_archetype_affinity_04=7
implicit_category_dist_wellness_spa=7
num_expected_duration_min=7
text_emb_00=7
behav_archetype_affinity_05=6
behav_archetype_affinity_07=6
explicit_party_family_teens=6
interact_localness_gap=6
text_emb_06=6
geo_density_500m=5
implicit_taste_11=5
implicit_taste_51=5
text_emb_12=5
xf_hours_fit=5
xf_interest_tag_hits=5
behav_archetype_affinity_03=4
implicit_mean_pop_pct=4
num_crowd_index=4
num_price_level=4
text_emb_02=4
text_emb_18=4
text_emb_23=4
text_emb_32=4
xf_pop_x_pref=4
explicit_interest_viewpoint=3
geo_dist_to_transit_km=3
geo_lon=3
implicit_breadth_categories=3
implicit_category_dist_nature_park=3
implicit_mean_price_level=3
implicit_taste_60=3
text_emb_03=3
text_emb_09=3
text_emb_17=3
text_emb_19=3
text_emb_28=3
text_emb_37=3
text_emb_49=3
text_emb_53=3
text_emb_57=3
text_emb_58=3
text_emb_60=3
xf_loc_align=3
behav_archetype_affinity_00=2
behav_archetype_affinity_01=2
implicit_category_dist_entertainment=2
implicit_category_dist_family_activity=2
implicit_category_dist_nightlife=2
implicit_taste_04=2
implicit_taste_06=2
implicit_taste_08=2
implicit_taste_14=2
implicit_taste_17=2
implicit_taste_18=2
implicit_taste_22=2
implicit_taste_26=2
implicit_taste_37=2
implicit_taste_45=2
implicit_taste_47=2
implicit_taste_48=2
implicit_taste_50=2
implicit_taste_52=2
implicit_taste_57=2
implicit_taste_58=2
implicit_taste_61=2
implicit_taste_63=2
num_log_review_count=2
text_emb_07=2
text_emb_10=2
text_emb_15=2
text_emb_20=2
text_emb_21=2
text_emb_24=2
text_emb_25=2
text_emb_29=2
text_emb_38=2
text_emb_41=2
text_emb_50=2
text_emb_54=2
text_emb_55=2
xf_price_over=2
xf_price_signed=2
behav_dismiss_rate=1
explicit_budget_ordinal=1
explicit_interest_cultural=1
explicit_interest_historic_site=1
explicit_interest_nature=1
explicit_interest_outdoor=1
explicit_mobility_public_transport=1
explicit_trip_duration_days=1
implicit_category_dist_religious_site=1
implicit_taste_03=1
implicit_taste_05=1
implicit_taste_07=1
implicit_taste_13=1
implicit_taste_16=1
implicit_taste_19=1
implicit_taste_21=1
implicit_taste_24=1
implicit_taste_28=1
implicit_taste_29=1
implicit_taste_30=1
implicit_taste_31=1
implicit_taste_33=1
implicit_taste_36=1
implicit_taste_38=1
implicit_taste_42=1
implicit_taste_46=1
implicit_taste_55=1
implicit_taste_56=1
implicit_taste_59=1
implicit_taste_62=1
text_emb_05=1
text_emb_11=1
text_emb_13=1
text_emb_16=1
text_emb_22=1
text_emb_26=1
text_emb_27=1
text_emb_33=1
text_emb_34=1
text_emb_35=1
text_emb_36=1
text_emb_40=1
text_emb_44=1
text_emb_45=1
text_emb_46=1
text_emb_47=1
text_emb_48=1
text_emb_51=1
text_emb_56=1
text_emb_59=1
text_emb_61=1
xf_duration_fit=1
xf_loc_gap=1
xf_loc_x_pref=1
xf_travel_ratio=1

parameters:
[boosting: gbdt]
[objective: lambdarank]
[metric: ndcg]
[tree_learner: serial]
[device_type: cpu]
[data_sample_strategy: bagging]
[data: ]
[valid: ]
[num_iterations: 1000]
[learning_rate: 0.1]
[num_leaves: 15]
[num_threads: 16]
[seed: 42]
[deterministic: 1]
[force_col_wise: 0]
[force_row_wise: 1]
[histogram_pool_size: -1]
[max_depth: -1]
[min_data_in_leaf: 20]
[min_sum_hessian_in_leaf: 0.001]
[bagging_fraction: 0.8]
[pos_bagging_fraction: 1]
[neg_bagging_fraction: 1]
[bagging_freq: 1]
[bagging_seed: 42]
[feature_fraction: 0.8]
[feature_fraction_bynode: 1]
[feature_fraction_seed: 42]
[extra_trees: 0]
[extra_seed: 12879]
[early_stopping_round: 0]
[early_stopping_min_delta: 0]
[first_metric_only: 0]
[max_delta_step: 0]
[lambda_l1: 0]
[lambda_l2: 0]
[linear_lambda: 0]
[min_gain_to_split: 0]
[drop_rate: 0.1]
[max_drop: 50]
[skip_drop: 0.5]
[xgboost_dart_mode: 0]
[uniform_drop: 0]
[drop_seed: 17869]
[top_rate: 0.2]
[other_rate: 0.1]
[min_data_per_group: 100]
[max_cat_threshold: 32]
[cat_l2: 10]
[cat_smooth: 10]
[max_cat_to_onehot: 4]
[top_k: 20]
[monotone_constraints: ]
[monotone_constraints_method: basic]
[monotone_penalty: 0]
[feature_contri: ]
[forcedsplits_filename: ]
[refit_decay_rate: 0.9]
[cegb_tradeoff: 1]
[cegb_penalty_split: 0]
[cegb_penalty_feature_lazy: ]
[cegb_penalty_feature_coupled: ]
[path_smooth: 0]
[interaction_constraints: ]
[verbosity: -1]
[saved_feature_importance_type: 0]
[use_quantized_grad: 0]
[num_grad_quant_bins: 4]
[quant_train_renew_leaf: 0]
[stochastic_rounding: 1]
[linear_tree: 0]
[max_bin: 63]
[max_bin_by_feature: ]
[min_data_in_bin: 3]
[bin_construct_sample_cnt: 200000]
[data_random_seed: 42]
[is_enable_sparse: 1]
[enable_bundle: 1]
[use_missing: 1]
[zero_as_missing: 0]
[feature_pre_filter: 1]
[pre_partition: 0]
[two_round: 0]
[header: 0]
[label_column: ]
[weight_column: ]
[group_column: ]
[ignore_column: ]
[categorical_feature: 254,255,256,257]
[forcedbins_filename: ]
[precise_float_parser: 0]
[parser_config_file: ]
[objective_seed: 16083]
[num_class: 1]
[is_unbalance: 0]
[scale_pos_weight: 1]
[sigmoid: 1]
[boost_from_average: 1]
[reg_sqrt: 0]
[alpha: 0.9]
[fair_c: 1]
[poisson_max_delta_step: 0.7]
[tweedie_variance_power: 1.5]
[lambdarank_truncation_level: 20]
[lambdarank_norm: 1]
[label_gain: 0,1,2,3]
[lambdarank_position_bias_regularization: 0]
[eval_at: 10]
[multi_error_top_k: 1]
[auc_mu_weights: ]
[num_machines: 1]
[local_listen_port: 12400]
[time_out: 120]
[machine_list_filename: ]
[machines: ]
[gpu_platform_id: -1]
[gpu_device_id: -1]
[gpu_use_dp: 0]
[num_gpu: 1]

end of parameters

pandas_categorical:[["cafe", "entertainment", "family_activity", "historic_site", "museum", "nature_park", "nightlife", "religious_site", "restaurant", "shopping", "viewpoint", "wellness_spa"], ["indoor", "mixed", "outdoor"], ["1", "2", "3", "4"], ["amusement_park", "aquarium", "arcade", "art_museum", "artisan_shop", "bakery", "bar", "botanical_garden", "boutique", "cathedral", "cinema", "city_park", "club", "dessert_cafe", "escape_room", "fine_dining", "flea_market", "fortress", "fusion", "gallery", "garden", "hiking_trail", "history_museum", "interactive_museum", "live_music", "live_show", "local_eatery", "mall", "market", "massage", "monastery", "monument", "observation_deck", "old_town", "onsen", "palace", "playground", "riverside", "rooftop_bar", "rooftop_view", "scenic_overlook", "science_museum", "shrine", "spa", "speakeasy", "specialty_coffee", "street_food", "tea_house", "temple_site", "temple_worship", "theater", "tower", "traditional", "yoga_studio", "zoo"]]
