tree
version=v4
num_class=1
num_tree_per_iteration=1
label_index=0
max_feature_idx=236
objective=lambdarank
feature_names=behav_archetype_affinity_00 behav_archetype_affinity_01 behav_archetype_affinity_02 behav_archetype_affinity_03 behav_archetype_affinity_04 behav_archetype_affinity_05 behav_archetype_affinity_06 behav_archetype_affinity_07 behav_ctr_smoothed behav_dismiss_rate behav_impressions behav_save_rate behav_unique_travelers behav_visit_rate explicit_accessibility_stroller explicit_accessibility_wheelchair explicit_budget_ordinal explicit_days_remaining explicit_interest_adventurous explicit_interest_artsy explicit_interest_authentic explicit_interest_budget-friendly explicit_interest_cafe explicit_interest_cultural explicit_interest_entertainment explicit_interest_family-friendly explicit_interest_family_activity explicit_interest_foodie explicit_interest_hidden-gem explicit_interest_historic explicit_interest_historic_site explicit_interest_indoor explicit_interest_lively explicit_interest_local explicit_interest_luxury explicit_interest_museum explicit_interest_nature explicit_interest_nature_park explicit_interest_nightlife explicit_interest_outdoor explicit_interest_relaxing explicit_interest_religious_site explicit_interest_restaurant explicit_interest_romantic explicit_interest_shopping explicit_interest_touristy explicit_interest_trendy explicit_interest_viewpoint explicit_interest_wellness_spa explicit_mobility_car explicit_mobility_mixed explicit_mobility_public_transport explicit_mobility_walk explicit_pace_ordinal explicit_party_couple explicit_party_family_teens explicit_party_family_young_kids explicit_party_friends explicit_party_solo explicit_season_autumn explicit_season_spring explicit_season_summer explicit_season_winter explicit_touristiness_pref explicit_trip_duration_days geo_density_500m geo_dist_to_tourist_centroid_km geo_dist_to_transit_km geo_lat geo_lon implicit_breadth_categories implicit_category_dist_cafe implicit_category_dist_entertainment implicit_category_dist_family_activity implicit_category_dist_historic_site implicit_category_dist_museum implicit_category_dist_nature_park implicit_category_dist_nightlife implicit_category_dist_religious_site implicit_category_dist_restaurant implicit_category_dist_shopping implicit_category_dist_viewpoint implicit_category_dist_wellness_spa implicit_days_since_last_interaction implicit_days_since_last_interaction_was_missing implicit_interaction_count implicit_mean_localness implicit_mean_localness_was_missing implicit_mean_pop_pct implicit_mean_pop_pct_was_missing implicit_mean_price_level implicit_mean_price_level_was_missing implicit_taste_00 implicit_taste_01 implicit_taste_02 implicit_taste_03 implicit_taste_04 implicit_taste_05 implicit_taste_06 implicit_taste_07 implicit_taste_08 implicit_taste_09 implicit_taste_10 implicit_taste_11 implicit_taste_12 implicit_taste_13 implicit_taste_14 implicit_taste_15 implicit_taste_16 implicit_taste_17 implicit_taste_18 implicit_taste_19 implicit_taste_20 implicit_taste_21 implicit_taste_22 implicit_taste_23 implicit_taste_24 implicit_taste_25 implicit_taste_26 implicit_taste_27 implicit_taste_28 implicit_taste_29 implicit_taste_30 implicit_taste_31 implicit_taste_32 implicit_taste_33 implicit_taste_34 implicit_taste_35 implicit_taste_36 implicit_taste_37 implicit_taste_38 implicit_taste_39 implicit_taste_40 implicit_taste_41 implicit_taste_42 implicit_taste_43 implicit_taste_44 implicit_taste_45 implicit_taste_46 implicit_taste_47 implicit_taste_48 implicit_taste_49 implicit_taste_50 implicit_taste_51 implicit_taste_52 implicit_taste_53 implicit_taste_54 implicit_taste_55 implicit_taste_56 implicit_taste_57 implicit_taste_58 implicit_taste_59 implicit_taste_60 implicit_taste_61 implicit_taste_62 implicit_taste_63 interact_cos_taste_poi interact_interest_match interact_localness_gap interact_price_gap num_crowd_index num_expected_duration_min num_localness num_log_review_count num_open_hours_per_week num_pop_pct num_price_level num_rating_shrunk num_reservation_lead_days text_emb_00 text_emb_01 text_emb_02 text_emb_03 text_emb_04 text_emb_05 text_emb_06 text_emb_07 text_emb_08 text_emb_09 text_emb_10 text_emb_11 text_emb_12 text_emb_13 text_emb_14 text_emb_15 text_emb_16 text_emb_17 text_emb_18 text_emb_19 text_emb_20 text_emb_21 text_emb_22 text_emb_23 text_emb_24 text_emb_25 text_emb_26 text_emb_27 text_emb_28 text_emb_29 text_emb_30 text_emb_31 text_emb_32 text_emb_33 text_emb_34 text_emb_35 text_emb_36 text_emb_37 text_emb_38 text_emb_39 text_emb_40 text_emb_41 text_emb_42 text_emb_43 text_emb_44 text_emb_45 text_emb_46 text_emb_47 text_emb_48 text_emb_49 text_emb_50 text_emb_51 text_emb_52 text_emb_53 text_emb_54 text_emb_55 text_emb_56 text_emb_57 text_emb_58 text_emb_59 text_emb_60 text_emb_61 text_emb_62 text_emb_63 cat_category cat_indoor_outdoor cat_price_level cat_subcategory
feature_infos=[0:1] [0:1] [0:1] [0:1] [0:1] [0:1] [0:1] [0:1] [0.01525735541414984:0.54854473375814838] [0:1] [0:1930] [0:1] [0:192] [0:1] [0:1] [0:1] [0:2] [63:404] [0:1] [0:1] [0:1] [0:1] [0:1] [0:1] [0:1] [0:1] [0:1] [0:1] [0:1] [0:1] [0:1] [0:1] [0:1] [0:1] [0:1] [0:1] [0:1] [0:1] [0:1] [0:1] [0:1] [0:1] [0:1] [0:1] [0:1] [0:1] [0:1] [0:1] [0:1] [0:1] [0:1] [0:1] [0:1] [0:2] [0:1] [0:1] [0:1] [0:1] [0:1] [0:1] [0:1] [0:1] [0:1] [-0.94901547990942881:1] [2:10] [0:6] [0.15112813634983038:24.899705186662835] [0.051192973471263288:23.392577499584984] [34.848145586011135:41.555479191509598] [1.9318772296800122:135.99847818112377] [0:12] [0:0.22222222222222221] [0:0.13043478260869565] [0:0.3611111111111111] [0:0.47368421052631576] [0:0.29268292682926828] [0:0.29166666666666669] [0:0.2857142857142857] [0:0.14285714285714285] [0:0.5625] [0:0.46153846153846156] [0:0.2857142857142857] [0:0.27777777777777779] [63:404] [0:1] [0:66] [-1.0273697754331037:-0.33682739697179093] [0:1] [0.49562543312543311:0.81673582295988933] [0:1] [1.5384615384615385:2.6000000000000001] [0:1] [0:0.91426775226493162] [-0.4772528130202825:0.3384369752406074] [-0.18657256633056335:0.3551325152598831] [-0.34552357316956478:0.15702123547393704] [-0.1929451494147755:0.2931574474303163] [-0.36404625896317588:0.14435400262004408] [-0.21091278189142568:0.30274026910999391] [-0.24985562775096368:0.15825162296506859] [-0.13798414414121665:0.17546288097217733] [-0.13759080707768229:0.29756822154719703] [-0.14395849326381355:0.13624820521565764] [-0.16546609698131767:0.11309532052535146] [-0.13412303579479146:0.11692737654526172] [-0.17216695385351347:0.1935184233852113] [-0.2081863642127392:0.14452833536774812] [-0.20822964491453796:0.20056441679603598] [-0.1206843698800166:0.17475552815459519] [-0.16884025999302843:0.16739064409772703] [-0.14295085530514068:0.13483019371603111] [-0.14693604837239624:0.18119089771581623] [-0.10029810886735119:0.29245040976197689] [-0.1249660299124381:0.14355005658305522] [-0.12544576430302029:0.20697245613503606] [-0.11311353284180189:0.15587616095964005] [-0.20212005122253907:0.15120942277485258] [-0.13863092933117777:0.15895806880412494] [-0.12695314542789798:0.15702485701380936] [-0.1468432116718181:0.17617394582622559] [-0.12240709322895815:0.22903784050625101] [-0.17557300753041213:0.11559143703040312] [-0.11797571712275155:0.14576853241120172] [-0.1772026309332066:0.18322740705929311] [-0.11570742022192324:0.16158607996206148] [-0.11896393216435305:0.12774992824859821] [-0.14186118732639277:0.085881473843380782] [-0.15227009396297753:0.19293187746293153] [-0.14837186665597624:0.18117962177496993] [-0.23123110094905908:0.13132560998041051] [-0.12858617357355046:0.13147157520286021] [-0.075823766708719403:0.10994728641890038] [-0.15158373114316998:0.10437673527568823] [-0.13958058910391113:0.11044271246034636] [-0.11942000849834392:0.071259197000360944] [-0.16019003499705439:0.13979353329135627] [-0.11254896019443904:0.17051760925875503] [-0.1275631337464726:0.076284035141980108] [-0.095093803977168989:0.100981323427889] [-0.090628174203247591:0.15164045991074046] [-0.11580848426101784:0.13169640841658423] [-0.085988331804267182:0.11439058029573453] [-0.11438948887570052:0.12401514665135564] [-0.10837027782398238:0.10669316643305742] [-0.064389592102214746:0.12019967500261951] [-0.081340279223837367:0.14388601874732887] [-0.098145418484044691:0.071714844237695308] [-0.10703723283489748:0.14048864943863623] [-0.094535653099826714:0.11899304828239575] [-0.1711012697391073:0.13967560679306912] [-0.093384416019565042:0.12566257274070791] [-0.081958972143477818:0.11649224672746666] [-0.11079866740646477:0.083094718580985202] [-0.094440000165365329:0.08235039110429751] [-0.11302836402858128:0.10500319878223394] [-0.081249982579624458:0.083025113954418445] [-0.032319461450528657:0.71699973913582904] [0:1] [9.5115283345048596e-06:3.0613870872728399] [0.5:2.5] [2.4600246002460024:5.3226879574184958] [15.577801956469788:297.30548751568523] [-2.1308978629626201:1.6798496196879598] [0.69314718055994529:7.1404530431011581] [36:105] [0.002070393374741201:1] [1:4] [1.4331756680338139:4.6081296799992266] [0:14] [0.17619532346725464:0.67451119422912598] [-0.48301675915718079:0.4920198917388916] [-0.43253052234649658:0.42610132694244385] [-0.40082094073295593:0.37651121616363525] [-0.38597315549850464:0.47394993901252747] [-0.43322071433067322:0.67725217342376709] [-0.2349439412355423:0.58983927965164185] [-0.38053080439567566:0.48134928941726685] [-0.38881757855415344:0.49180904030799866] [-0.33595699071884155:0.46405509114265442] [-0.3005891740322113:0.46797236800193787] [-0.41573682427406311:0.38523119688034058] [-0.35891497135162354:0.46551904082298279] [-0.46375632286071777:0.4354826807975769] [-0.43078362941741943:0.32386940717697144] [-0.41687348484992981:0.40529978275299072] [-0.31741705536842346:0.42634990811347961] [-0.30457758903503418:0.42953389883041382] [-0.35571113228797913:0.34832236170768738] [-0.39320322871208191:0.33261168003082275] [-0.30243709683418274:0.44491145014762878] [-0.33846572041511536:0.37233850359916687] [-0.33612233400344849:0.369902104139328] [-0.35911044478416443:0.38756367564201355] [-0.39476796984672546:0.35307425260543823] [-0.34073558449745178:0.42014747858047485] [-0.37995037436485291:0.43988603353500366] [-0.28821104764938354:0.41460692882537842] [-0.2300458550453186:0.51002204418182373] [-0.22839540243148804:0.64156913757324219] [-0.25871407985687256:0.44312795996665955] [-0.38676220178604126:0.46222376823425293] [-0.25375822186470032:0.60147005319595337] [-0.38025364279747009:0.34505948424339294] [-0.21562978625297546:0.54661792516708374] [-0.30536258220672607:0.45900723338127136] [-0.29699960350990295:0.33046376705169678] [-0.28556543588638306:0.30652698874473572] [-0.27301487326622009:0.34702065587043762] [-0.34330806136131287:0.27945837378501892] [-0.30858340859413147:0.32160323858261108] [-0.32123944163322449:0.34409695863723755] [-0.32053455710411072:0.39217960834503174] [-0.29094138741493225:0.25914940237998962] [-0.28462511301040649:0.30168625712394714] [-0.27888661623001099:0.29755908250808716] [-0.28302255272865295:0.30156907439231873] [-0.24444891512393951:0.25865328311920166] [-0.26944687962532043:0.28652101755142212] [-0.25079149007797241:0.28478419780731201] [-0.26323151588439941:0.31805342435836792] [-0.35941901803016663:0.27261188626289368] [-0.28173816204071045:0.34667408466339111] [-0.27064701914787292:0.28742659091949463] [-0.30408579111099243:0.26154795289039612] [-0.27865892648696899:0.28816801309585571] [-0.26436427235603333:0.34207981824874878] [-0.26710736751556396:0.35743620991706848] [-0.28233349323272705:0.30013647675514221] [-0.25625613331794739:0.32997226715087891] [-0.28683924674987793:0.32306355237960815] [-0.3112436830997467:0.30420121550559998] [-0.26400953531265259:0.29658278822898865] [-0.31446313858032227:0.31621813774108887] -1:8:0:9:3:6:4:5:2:11:1:10:7 -1:0:2:1 -1:1:0:2:3 -1:18:52:46:26:5:15:13:47:22:38:16:28:45:19:21:23:31:27:40:6:53:17:8:35:4:33:34:36:48:39:12:43:11:9:0:3:37:14:24:29:20:41:44:30:10:1:7:54:25:51:50:49:2:32
tree_sizes=3543 3550 3495 3537 3501 3505 3522 3531 3521 3531 3539 3512 3530 3522 3514 3538 3485 3516 3527 3525 3526 3527 3525 3489 3526 3527 3538 3498 3491 3554 3525 3539 3526 3521 3482 3537

Tree=0
num_leaves=31
num_cat=2
split_feature=13 2 170 236 161 20 197 189 197 209 236 190 98 232 159 53 57 27 13 44 28 8 41 20 5 176 28 44 169 16
split_gain=231.594 53.807 38.6736 37.5944 25.4681 21.8762 22.2259 18.9705 17.8693 17.8134 21.0174 17.8067 17.7373 17.7141 27.5754 17.4327 17.0173 23.8611 15.0962 14.5664 24.0881 15.5173 14.7487 12.4609 12.2319 11.1069 16.6188 13.2122 10.42 9.95907
threshold=0.020942982456140354 1.0000000180025095e-35 -0.057938680052757256 0 109.72617252988211 1.0000000180025095e-35 0.002001001033931971 -0.15110398083925244 0.18096163868904117 0.025495742447674278 1 -0.10322801023721694 0.0077662550322643914 -0.028609637171030041 1.0000000000000002 1.0000000180025095e-35 1.0000000180025095e-35 1.0000000180025095e-35 0.047809523809523816 1.0000000180025095e-35 1.0000000180025095e-35 0.15218177608874042 1.0000000180025095e-35 1.0000000180025095e-35 0.21825396825396828 -0.041902653872966759 1.0000000180025095e-35 1.0000000180025095e-35 0.53418070077896129 1.0000000180025095e-35
decision_type=2 2 2 9 2 2 2 2 2 2 9 2 2 2 2 2 2 2 2 2 2 2 2 2 2 2 2 2 2 2
left_child=1 3 7 5 8 11 -7 25 -4 10 -3 -1 29 14 16 -8 -6 -18 -16 21 22 -13 -21 -12 -22 -2 27 -27 -23 -10
right_child=2 9 4 -5 13 6 15 -9 12 -11 23 19 -14 -15 18 -17 17 -19 -20 20 24 28 -24 -25 -26 26 -28 -29 -30 -31
leaf_value=0.044604055848334351 0.081994570438880462 0.040998065579042564 0.071413811106624925 0.026477255904737491 0.053400669686879523 -0.069057793394458208 -0.09807789961468788 0.077497509288817032 0.013708106109623178 0.04943630218050088 0.014665648818078914 -0.076619261973433439 0.093713875136092264 0.065905837797023678 -0.00070788377186582893 0.076434061262925401 -0.07671688461053526 0.063333388091427897 -0.10000000000000001 -0.065982446969654163 -0.089045679142338616 0.068874568735582772 0.045024226536551165 -0.03810320330792525 0.093747840247050546 0.055179221304345452 -0.090067410330528189 -0.028869539727383084 -0.06619660012820551 0.048080518956409718
leaf_weight=6.2034487418386552 13.569605914757629 105.50092770527863 169.70671037392094 60.312445525791645 33.992293825871457 4.7437221225791317 1.6186423802864709 476.64478382853213 27.18191438075155 122.42568434949499 109.64548279769588 33.131185189785356 17.877259517088532 24.449535126979754 9.3694966684051888 12.34780890365073 6.9171202653560595 5.4278357832445181 6.4725181292524203 15.191765695715736 1.0860253925638961 3.3740509448143703 3.726163439328956 12.458714138472713 5.8181455725571141 24.184087237183125 2.7236190966432323 5.7964473056053967 2.4753938992616895 93.77747003827244
leaf_count=1501 731 5854 6476 12151 212 1320 196 23074 72 6262 4632 4932 11 1438 150 478 84 33 131 2321 371 650 190 906 72 522 143 243 397 174
internal_value=0 0.023319 0.0656093 -0.00173316 0.0538045 -0.0212774 0.0244492 0.0745302 0.0605303 0.0340567 0.0257842 -0.0363229 0.0472269 0.0298492 0.0156713 0.056209 0.0351405 -0.0151395 -0.0412753 -0.0440699 -0.0149442 -0.0633639 -0.0441181 0.00857887 0.0649944 0.0439654 0.0281863 0.0389292 0.0117146 0.0403564
internal_weight=0 500.06 918.091 150.029 395.172 89.7164 18.7102 522.919 308.543 350.031 227.605 71.0062 138.837 86.6288 62.1793 13.9665 46.3372 12.345 15.842 64.8027 25.8221 38.9806 18.9179 122.104 6.90417 46.2738 32.7042 29.9805 5.84944 120.959
internal_count=75727 42233 33494 24579 8781 12428 1994 24713 6733 17654 11392 10434 257 2048 610 674 329 117 281 8933 2954 5979 2511 5538 443 1639 908 765 1047 246
cat_boundaries=0 2 4
cat_threshold=976122963 2382196 2801623315 3170432
is_linear=0
shrinkage=0.05


Tree=1
num_leaves=31
num_cat=2
split_feature=8 236 236 199 201 64 226 37 13 29 64 49 166 38 174 161 44 157 21 193 67 162 21 60 225 13 187 54 3 159
split_gain=243.921 156.597 98.0368 79.7417 58.6401 76.3 48.3479 43.8931 40.8459 38.5716 33.9341 32.531 32.0021 29.9832 43.4953 29.4561 29.3382 28.3383 27.8948 29.0449 27.7591 27.9051 36.5548 27.0965 27.0091 26.5736 24.3999 24.2092 22.9326 22.4684
threshold=0.12494258434915353 0 1 0.38818448781967169 0.022187707945704464 3.5000000000000004 -0.0080281407572329027 1.0000000180025095e-35 0.04948474645444343 1.0000000180025095e-35 2.5000000000000004 1.0000000180025095e-35 1.5000000000000002 1.0000000180025095e-35 -0.073380514979362474 82.351649306846113 1.0000000180025095e-35 0.29166666666666669 1.0000000180025095e-35 -0.019969231449067589 9.887650034303233 0.51170158964760415 1.0000000180025095e-35 1.0000000180025095e-35 -0.022079786285758015 1.0000000180025095e-35 0.20983258634805682 1.0000000180025095e-35 0.29520697167755999 2.0000000000000004
decision_type=2 9 9 2 2 2 2 2 2 2 2 2 2 2 2 2 2 2 2 2 2 2 2 2 2 2 2 2 2 2
left_child=2 4 13 8 6 29 7 9 17 11 12 18 -9 14 15 -1 24 20 -2 -20 21 -3 -23 -15 -11 -4 -7 -12 -25 -6
right_child=1 3 25 -5 5 26 -8 10 -10 16 27 -13 -14 23 -16 -17 -18 -19 19 -21 -22 22 -24 28 -26 -27 -28 -29 -30 -31
leaf_value=-0.076759746446159946 0.039879267443646033 0.050982928741355141 -0.010302547457944327 -0.026146067460217411 0.030171347800318507 -0.042120288147085544 0.062175684985294938 -0.095443074273765027 0.065880960609781769 -0.096601428880337251 0.034382951773484473 0.072150616594047298 0.023010569009322659 -0.041102405668042921 0.0012111957025102238 -0.0092840472605075185 0.03924519495159777 0.061871868384133222 -0.089442526391500118 0.029179467301995606 -0.038392371326484535 0.032931280557369817 -0.068354673224641685 -0.078249819775452367 0.040933433076444682 0.033126057432441867 0.070546715844036947 -0.041642098470638718 0.079737980629054003 -0.090287297525215693
leaf_weight=51.192758637553197 182.59088381710899 777.72275635490405 39.910150796427843 28.763696048161364 165.04112272195925 67.064804396497493 155.17636250780561 15.58161750221916 904.53014002314558 12.553983535904992 47.268399721175228 74.710046258231159 8.9926984429621371 10.217198271860982 61.906734209254864 23.644467036025162 14.166570480105294 488.43534427180566 8.9111593517591263 12.259935843612764 9.443656954163087 89.710878163195957 9.8901872525493655 2.6455349292009513 4.9879164418416613 299.99140275010905 5.1763584583241018 13.45136323077895 17.430642964260187 3.9640880623919648
leaf_count=2449 1662 12392 9030 447 1463 980 3894 128 10872 114 496 408 201 1081 5332 2396 136 7772 124 196 1193 3319 646 329 184 8095 58 191 117 128
internal_value=0 0.0496714 0.0122603 0.0563408 0.0291498 0.00896176 0.0385237 0.0292432 0.0576287 0.0379781 -0.00252241 0.0439278 -0.0520963 -0.0187032 -0.0297935 -0.0554411 -0.0142735 0.0522008 0.0335798 -0.0207499 0.0468739 0.0477917 0.0228738 0.0251844 -0.0574944 0.0272258 -0.0340473 0.017541 0.0589192 0.0273459
internal_weight=0 3100.39 506.939 2308.5 791.897 241.246 550.651 395.475 2279.73 310.18 85.2941 278.472 24.5743 167.037 136.744 74.8372 31.7085 1375.2 203.762 21.1711 886.767 877.324 99.6011 30.2934 17.5419 339.902 72.2412 60.7198 20.0762 169.005
internal_count=75833 47004 28829 36641 10363 2629 7734 3840 36194 2824 1016 2390 329 11704 10177 4845 434 25322 1982 320 17550 16357 3965 1527 298 17125 1038 687 446 1591
cat_boundaries=0 2 4
cat_threshold=1665143812 4592469 677418029 59980
is_linear=0
shrinkage=0.05


Tree=2
num_leaves=31
num_cat=0
split_feature=13 11 175 3 65 5 138 159 0 194 11 19 226 222 152 227 219 25 159 191 58 21 13 208 222 9 56 226 58 186
split_gain=152.488 54.314 37.7773 35.5755 35.8556 26.3377 23.5095 22.8166 28.6637 29.6514 22.3807 22.3294 22.1108 20.6594 24.961 19.8223 19.0469 25.7713 25.5682 40.4887 22.7791 18.8876 25.8919 21.9846 17.3462 16.755 16.7407 16.3643 16.018 15.3354
threshold=0.021419969031370081 0.022801544860368391 0.49280284345149999 0.4641148325358852 1.5000000000000002 0.03509852216748769 0.043938477291849388 1.0000000000000002 0.12347560975609757 0.02246041409671307 0.0089888094372399321 1.0000000180025095e-35 0.013887221459299328 0.095870427787303938 0.04801290267773365 -0.024119187146425244 -0.028018345125019547 1.0000000180025095e-35 2.0000000000000004 -0.055825637653470032 1.0000000180025095e-35 1.0000000180025095e-35 0.044610281923714766 -0.10705491900444029 -0.070698484778404222 0.043167701863354044 1.0000000180025095e-35 0.14893817901611331 1.0000000180025095e-35 -0.18898139148950574
decision_type=2 2 2 2 2 2 2 2 2 2 2 2 2 2 2 2 2 2 2 2 2 2 2 2 2 2 2 2 2 2
left_child=10 2 6 4 7 28 16 13 25 -10 -1 15 -4 14 27 -5 18 -18 21 -20 24 23 -23 26 -19 -9 -2 -3 -6 -25
right_child=1 3 12 11 5 -7 -8 8 9 -11 -12 -13 -14 -15 -16 -17 17 20 19 -21 -22 22 -24 29 -26 -27 -28 -29 -30 -31
leaf_value=-0.0067244888292800819 -0.076088238745013984 0.056947007858174775 0.048651264559115309 -0.073599354892315644 0.0092050039563460109 0.041988155431464259 -0.048125045299334798 0.052530023742076985 0.042327551841302075 -0.035688337267006764 0.021977466931726024 0.075394229826794709 -0.077009876423603185 0.075844855205863843 -0.030264607394690248 0.012451820517953535 0.039760986268238582 -0.021903903132245717 0.073352507283179449 -0.051983378140973716 -0.017595614222784699 0.029612715814832907 -0.085481307953131913 -0.10058037093748338 0.08232230265003064 -0.04682319835539564 0.072130353796474464 0.085994986637092319 -0.08756449208514841 0.043831523058425123
leaf_weight=107.11186633425859 6.874560479031059 1047.931042636239 5.072807920107155 8.7430440881435043 20.215078293644186 245.83871694494883 7.6853049379133145 594.16404166576103 32.52971751151199 19.468093460534874 185.61842452630299 10.314225442474706 11.294827017525675 181.60453423240688 8.0154214716167171 28.533048492972739 285.84538202256226 4.1984709469979853 9.3072669475513994 20.941633249036386 6.8459351738129035 14.49213439509913 7.3723208966985103 1.8538681047211856 81.171782654892013 4.2739816882967707 2.6353538414696231 50.836793844602653 5.4236727116658576 219.62766789502348
leaf_count=27101 259 7000 251 337 626 2707 261 5315 471 557 15452 83 188 1055 129 535 7365 165 161 464 269 341 274 103 776 206 21 169 197 2904
internal_value=0 0.0493146 0.0369848 0.0530565 0.0539774 0.0369588 0.0388213 0.0563604 0.0487265 0.0131182 0.0114752 0.0102844 -0.0380638 0.0602143 0.0576496 -0.00773134 0.0398319 0.0471757 0.030025 -0.0134189 0.0701593 0.0352221 -0.00919502 0.0394264 0.0771965 0.0518205 -0.0350144 0.058291 -0.0112658 0.0426228
internal_weight=0 2943.11 685.219 2257.89 2210.3 271.477 668.852 1938.82 650.436 51.9978 292.73 47.5903 16.3676 1288.39 1106.78 37.2761 661.166 378.062 283.105 30.2489 92.2162 252.856 21.8645 230.991 85.3703 598.438 9.50991 1098.77 25.6388 221.482
internal_count=75742 33189 13802 19387 18432 3530 13363 14902 6549 1028 42553 955 439 8353 7298 872 13102 8575 4527 625 1210 3902 615 3287 941 5521 280 7169 823 3007
is_linear=0
shrinkage=0.05


Tree=3
num_leaves=31
num_cat=2
split_feature=13 236 13 124 11 158 236 156 4 44 158 197 217 162 10 184 196 158 216 201 171 33 159 16 160 107 171 110 25 50
split_gain=398.962 80.4097 35.721 29.9653 28.4919 26.4128 28.0913 25.3563 24.8467 24.0864 26.2166 23.971 20.6707 20.2369 18.0454 17.8296 25.9793 18.2311 22.1081 17.7286 17.2144 18.8403 16.7853 16.636 14.9072 21.0158 14.8098 16.8747 14.5989 34.3057
threshold=0.021419969031370081 0 0.029198635976129584 -0.054567863386867622 0.0067151671839888174 0.79491469333105313 1 0.33918585398191398 0.027046783625730996 1.0000000180025095e-35 0.24001523180308279 -0.054656114429235451 -0.081184379756450639 -1.044283183324979 180.00000000000003 -0.064378745853900896 -0.13231202214956281 0.02063717392317831 -0.091777071356773363 -0.060830704867839806 0.093507930636405959 1.0000000180025095e-35 2.0000000000000004 1.0000000180025095e-35 3.3814727689604864 0.0025430390093227708 -0.10772390291094779 -0.021411413713500072 1.0000000180025095e-35 1.0000000180025095e-35
decision_type=2 9 2 2 2 2 9 2 2 2 2 2 2 2 2 2 2 2 2 2 2 2 2 2 2 2 2 2 2 2
left_child=4 2 9 -3 -1 6 12 13 26 11 -11 -2 -5 14 23 22 -17 18 -18 -10 -8 -22 28 -4 25 -12 27 -9 29 -15
right_child=1 3 7 5 -6 -7 20 8 19 10 24 -13 -14 15 -16 16 17 -19 -20 -21 21 -23 -24 -25 -26 -27 -28 -29 -30 -31
leaf_value=-0.039960242138638004 -0.0017194944141998543 0.077537977080376908 -0.035369753550112869 -0.018795739796821448 -0.0052875781304934574 0.040663793845232617 -0.006038414557515942 0.061319242775648222 -0.07317899661469536 -0.061395266830164441 -0.065399546807955386 0.051133827881654326 0.044246388839292938 0.047350114185222808 0.06922490588756347 -0.0098694286861253089 0.075976955701078056 0.058872322814907924 -0.077994846010944113 0.050726515904008909 0.02935901528977727 -0.024037615924242545 -0.0062572410253277852 0.048703936194138236 0.040548540439740134 0.08556998431068108 -0.049419218452413559 -0.04410034447974133 0.068048444298058355 -0.0080743774807193105
leaf_weight=86.804358379547921 25.394608221453382 33.035714284997084 6.8948236024007192 14.312157694817868 186.65374812174559 273.9087508490702 109.70545796825172 10.367410284758082 3.0063132066861717 11.785061152040724 8.6712861960404535 138.2029518125637 142.11760035567568 315.28838360791269 377.08431520406157 14.276231823052511 4.1346745748305693 872.87095032630168 5.3453978807374352 72.690170761314221 106.27835855772719 19.559962760475173 15.610501103801651 40.13150700047845 31.685757379287679 3.1399125810712567 12.591732600732938 5.9889159661543117 66.337767244025599 30.631666514964309
leaf_count=25703 747 444 148 403 16812 4539 3284 139 78 189 260 1491 2117 3084 1679 605 25 6854 136 745 2286 635 427 424 583 15 472 228 602 662
internal_value=0 0.0470096 0.0521386 0.0306192 -0.0162938 0.0287513 0.0204269 0.0546463 0.0307389 0.0332878 0.00475468 0.0429296 0.0361665 0.0560771 0.0655827 0.0530333 0.0570407 0.0581233 -0.010841 0.0458056 0.00809471 0.0210592 0.0446355 0.0363774 0.0226773 -0.0252655 -0.00865913 0.0227196 0.0465626 0.0424422
internal_weight=0 2771.05 2072.13 698.918 273.458 665.882 391.974 1853.25 104.645 218.88 55.282 163.598 156.43 1748.61 424.111 1324.5 896.627 882.351 9.48007 75.6965 235.544 125.838 427.868 47.0263 43.497 11.8112 28.9481 16.3563 412.258 345.92
internal_count=75816 33301 19593 13708 42515 13264 8725 16308 1662 3285 1047 2238 2520 14646 2251 12395 7620 7015 161 823 6205 2921 4775 572 858 275 839 367 4348 3746
cat_boundaries=0 2 4
cat_threshold=362718047 2151018 71840 144
is_linear=0
shrinkage=0.05


Tree=4
num_leaves=31
num_cat=0
split_feature=13 13 222 7 65 222 133 25 9 222 193 229 219 78 7 66 201 38 63 98 158 104 162 13 170 193 194 63 36 208
split_gain=437.471 63.1021 42.3879 41.1454 35.0375 26.2203 22.7299 21.7428 22.2454 20.7584 20.6203 19.7924 19.7481 21.235 19.4688 18.3531 17.001 22.618 16.8797 16.6371 16.6166 20.4836 18.5135 15.486 15.4017 17.9549 14.0437 13.9488 13.5464 14.7154
threshold=0.021419969031370081 0.035759956156375595 -0.060730028897523873 0.42582417582417587 1.5000000000000002 0.11841444298624994 -0.043839233014967005 1.0000000180025095e-35 0.013930472388556223 -0.18100994825363156 -0.088025178760290132 -0.14753796160221097 0.06307310983538629 0.075961538461538483 0.084523809523809543 9.2820927150631451 0.034201318398118026 1.0000000180025095e-35 0.26309226141526809 -0.10245283900688103 1.0575266118428353 -0.04362884501051003 0.8669963743252237 0.0087261097997411111 -0.15099392831325528 0.085254970937967314 0.20832791924476626 -0.15620875032359238 1.0000000180025095e-35 -0.082596357911825166
decision_type=2 2 2 2 2 2 2 2 2 2 2 2 2 2 2 2 2 2 2 2 2 2 2 2 2 2 2 2 2 2
left_child=23 2 -2 4 5 7 -5 8 20 -10 -6 -9 13 16 -12 -11 17 -4 -18 -14 22 -22 24 -1 25 -3 -26 -27 -21 -30
right_child=1 3 12 6 10 -7 -8 11 9 15 14 -13 19 -15 -16 -17 18 -19 -20 28 21 -23 -24 -25 26 27 -28 -29 29 -31
leaf_value=-0.035705580073140827 -0.0061590748652901161 0.055018994983658059 0.0044863184254506005 0.081130707562173915 -0.013442190525589688 0.067613111844309334 -0.018014303767269962 -0.074665155025168725 0.086596777412900311 0.036803280272949865 -0.046560448356487649 0.065217938446783461 -0.085058789134764723 0.078229736719539533 0.039307891826229062 -0.0031379041166152582 0.044119044282691144 0.04928364852472529 -0.01516303029654615 0.054735493056944709 -0.01825348015288494 0.061560304479208419 -0.041885891917431861 -0.010833004198033748 0.037097194019034212 0.046060823551421458 -0.045509763029979541 -0.021662694953454728 0.073965561556738751 -0.033329033034390915
leaf_weight=138.04951655206969 71.55591319877567 387.06420912104659 133.65070263977395 6.978469830879475 24.276354429646744 234.57603580821888 33.686700133424893 2.5567976078600614 18.889844612742309 271.91538679038058 6.8800547310383982 230.59619934514194 2.2946347144898018 19.486770793475443 162.78249882126693 32.16313376231119 116.18801131116925 35.703915692458395 13.391618455876594 155.77215141954366 8.2346197193837707 337.99786505062366 5.9424978896277016 114.47304381758659 177.65407644730294 16.724771788227375 5.2984713825280769 13.940830646955872 4.8755302598001444 9.2746227972675079
leaf_count=33649 2273 3215 4185 99 926 1086 2304 38 39 2624 778 1950 41 138 2454 1223 1462 656 350 1310 103 1605 376 8868 2823 189 172 486 25 150
internal_value=0 0.0445734 0.0297915 0.0487745 0.0498192 0.0520617 -0.00100022 0.0496442 0.0470784 0.035738 0.0296587 0.063684 0.0350346 0.0276574 0.0358258 0.0325786 0.0243608 0.0139306 0.0379924 0.0486746 0.0509222 0.0596621 0.0459339 -0.0244304 0.0468027 0.0521012 0.0347048 0.0152732 0.0504806 0.00364004
internal_weight=0 2540.35 562.194 1978.16 1937.49 1743.55 40.6652 1508.98 1275.83 322.968 193.939 233.153 490.638 318.421 169.663 304.079 298.934 169.355 129.58 172.217 952.857 346.232 606.625 252.523 600.682 417.73 182.953 30.6656 169.922 14.1502
internal_count=75597 33080 10590 22490 20087 15929 2403 14843 12855 3886 4158 1988 8317 6791 3232 3847 6653 4841 1812 1526 8969 1708 7261 42517 6885 3890 2995 675 1485 175
is_linear=0
shrinkage=0.05


Tree=5
num_leaves=31
num_cat=2
split_feature=13 236 8 236 157 162 159 68 167 196 184 64 11 170 158 5 194 72 158 167 135 47 186 164 175 27 33 165 33 194
split_gain=403.129 68.5289 46.0297 46.9772 34.5797 30.0069 24.9856 21.6083 28.0715 19.5872 19.0581 20.3952 18.7205 18.4503 20.7415 29.9588 19.8908 15.9443 14.973 17.1731 14.9672 14.1095 14.0876 13.9086 13.766 14.2422 18.9808 16.9398 14.497 18.0077
threshold=0.021419969031370081 0 0.15849408619443467 1 0.29166666666666669 -1.044283183324979 1.0000000000000002 35.034040191666044 3.1583189175718434 0.036857713013887412 -0.13380214571952817 5.5000000000000009 0.007353338740200055 -0.14298650622367856 1.0834305755338181 0.13188405797101452 -0.034160735085606568 0.064866760168302964 1.9589969066908408 4.115087971665802 0.076401385942493863 1.0000000180025095e-35 0.19553834944963458 90.500000000000014 -0.10342043265700339 1.0000000180025095e-35 1.0000000180025095e-35 0.99376946368647634 1.0000000180025095e-35 -0.038898345082998269
decision_type=2 9 2 9 2 2 2 2 2 2 2 2 2 2 2 2 2 2 2 2 2 2 2 2 2 2 2 2 2 2
left_child=12 6 3 -3 5 10 -2 8 -7 -10 -4 -12 -1 14 24 -16 -15 21 19 -13 -8 -18 23 -6 25 28 27 -27 -9 -30
right_child=1 2 4 -5 22 7 20 13 9 -11 11 18 -14 16 15 -17 17 -19 -20 -21 -22 -23 -24 -25 -26 26 -28 -29 29 -31
leaf_value=-0.041684141706314334 0.031952621703972277 0.04766457165442485 0.07374389250630034 -0.0033937768885353632 0.06081544642698148 -0.046173475599033689 -0.0036832559392119776 0.070325960104236709 0.0050946235666287989 0.047674490791634015 0.052623641782450006 0.016525628389380872 -0.01271781687615056 -0.0039116075386900987 0.031174442242531103 -0.09123511494073884 0.021584459824830215 0.079637963733027894 0.071791041675013156 -0.097425027719248589 0.061415104457828842 0.064013983804715638 0.0075702635087999889 0.024567397626729163 0.043446402397941196 -0.073869777746235946 0.075391920954512734 0.05902644910764461 0.065047216339572389 -0.048946863602370695
leaf_weight=85.923586487413559 167.45831954100504 82.766005586010579 107.8009436026914 92.775700941525429 694.80946367373326 14.233066789165603 106.04716268473931 149.46735391748371 49.16588748677168 59.931268614716828 292.46044181886828 8.5169682357227448 158.99042463323349 37.078849264453311 30.51787029785919 5.9774515215540296 93.323540439076169 19.184109507477842 5.1903384195175013 5.4044991445261976 9.631515795394078 24.800713147094939 13.334602230053859 27.511810087191407 288.07682435997413 6.5957487527630292 8.455998579505831 3.76750502694631 8.3150348301278409 5.9388630590983658
leaf_count=26038 4255 2083 431 4896 5031 578 3972 696 1123 636 1475 111 16507 1170 303 116 1932 104 22 34 173 223 277 432 2787 139 30 11 61 91
internal_value=0 0.0444379 0.0475077 0.0232016 0.0499272 0.0447787 0.0189388 0.039128 0.0198693 0.0284854 0.0556231 0.0493535 -0.0228801 0.0426132 0.0474376 0.0111254 0.028584 0.0373591 -0.000688863 -0.0277115 0.00173689 0.0304927 0.0584947 0.0594348 0.0502535 0.0609963 0.0198026 -0.0255561 0.0657313 0.0175518
internal_weight=0 2418.54 2135.4 175.542 1959.86 1224.2 283.137 804.83 123.33 109.097 419.373 311.572 244.914 681.5 507.113 36.4953 174.387 137.308 19.1118 13.9215 115.679 118.124 735.656 722.321 470.617 182.541 18.8193 10.3633 163.721 14.2539
internal_count=75737 33192 24792 6979 17813 12073 8400 10000 2337 1759 2073 1642 42545 7663 4234 419 3429 2259 167 145 4145 2155 5740 5463 3815 1028 180 150 848 152
cat_boundaries=0 2 4
cat_threshold=1785730080 5185685 67240714 37186
is_linear=0
shrinkage=0.05


Tree=6
num_leaves=31
num_cat=4
split_feature=13 8 13 159 31 236 236 236 163 13 199 13 236 172 13 2 167 10 123 207 129 182 184 169 225 160 169 66 8 158
split_gain=412.492 79.2508 60.4163 44.5945 34.3591 32.4741 30.7924 29.7878 25.2108 20.0793 19.2377 18.7594 19.1286 18.0386 15.9418 15.3939 15.1999 14.9781 14.4317 14.3146 13.8955 12.7684 12.645 12.2209 11.7472 13.8461 11.2266 11.37 14.8165 12.1986
threshold=0.028162590879048252 0.15849408619443467 0.021419969031370081 1.0000000000000002 1.0000000180025095e-35 0 1 2 5.173316863805991 0.048086557730846316 0.069831345230340972 0.053228998021226846 3 0.33868256211280828 0.0087261097997411111 0.42261904761904767 3.2290107018120122 28.500000000000004 -0.12039558488881193 0.060005297884345062 0.065946872137504248 -0.07496184483170508 0.20999020338058474 0.32643860578536993 -0.0054707285016775123 3.3943851382532038 0.27034366130828863 14.088748272024235 0.19620852445313905 0.35423903611522539
decision_type=2 2 2 2 2 9 9 9 2 2 2 2 9 2 2 2 2 2 2 2 2 2 2 2 2 2 2 2 2 2
left_child=2 6 14 8 7 -4 21 9 11 16 24 12 15 18 -1 17 -5 -3 -13 -10 -18 -2 -14 -9 25 -11 -20 28 -28 -29
right_child=1 3 5 4 -6 -7 -8 23 19 10 -12 13 22 -15 -16 -17 20 -19 26 -21 -22 -23 -24 -25 -26 -27 27 29 -30 -31
leaf_value=-0.037676238741020794 0.069720311172710756 -0.065289608395662946 0.029677836635102834 -0.0028773565615535161 -0.022372227447988745 -0.014325692510840938 -0.015567078529412921 0.031952689293393059 0.065190055203436195 -0.0041722699154205173 0.016338990768711262 -0.065586154374683833 0.020429478760809267 -0.02638829886044507 -0.011582049378545669 -0.049245974838176811 0.033788891332355374 0.05081386510439509 0.070775168838753635 0.041836509752466361 0.07840663924221368 0.020476726942627362 -0.064636483267223446 -0.0029453100859771725 0.064676631156175654 0.050442722311452026 -0.021648846235959005 0.081872421080768198 0.050287421381501468 -0.0013592053625737421
leaf_weight=127.61323750320298 18.492578405013774 2.8079238758655256 101.03399438824272 25.552259689371567 22.993693837604951 62.058934721222613 66.310663275769912 43.382297483185539 455.73926375966403 13.011792360106481 32.80187620484503 2.4455526021774849 96.188016139378306 6.8102056753996285 108.12368583523494 4.001447240705601 182.52377584844362 259.25677314354107 103.25202871259535 76.65320864575915 19.294742454541847 45.68095169524895 4.5765053781797169 59.48441033976269 181.79341055796249 107.33426779386355 7.3252045088447622 46.47442334931111 313.50982040766394 4.8628850291133849
leaf_count=33498 234 151 2138 482 585 3067 4785 1114 1931 503 459 103 2057 322 8868 78 1829 1735 505 516 79 1710 148 2067 1443 1031 518 177 3339 197
internal_value=0 0.0457403 -0.00952117 0.0481204 0.0377185 0.0138752 0.00794556 0.0397957 0.0532929 0.0441372 0.0527068 0.0479567 0.0394261 0.0544131 -0.0257078 0.046342 0.0334546 0.0495699 0.0555646 0.0618276 0.0380545 0.0299932 0.0150704 0.0107293 0.0566551 0.0445378 0.0561878 0.0521409 0.048645 0.0739884
internal_weight=0 2202.56 398.83 2072.08 688.173 163.093 130.484 665.179 1383.9 562.312 334.941 851.511 366.831 484.68 235.737 266.066 227.371 262.065 477.87 532.392 201.819 64.1735 100.765 102.867 302.139 120.346 475.424 372.172 320.835 51.3373
internal_count=75669 28098 47571 21369 9592 5205 6729 9007 11777 5826 3436 9330 4169 5161 42366 1964 2390 1886 4839 2447 1908 1944 2205 3181 2977 1534 4736 4231 3857 374
cat_boundaries=0 2 4 6 8
cat_threshold=212009348 4321666 14156544 1151938 344820605 3195498 94708296 1359914
is_linear=0
shrinkage=0.05


Tree=7
num_leaves=31
num_cat=2
split_feature=13 8 236 158 236 159 192 219 178 157 170 226 206 138 192 213 145 150 11 13 232 213 231 63 170 158 163 184 63 155
split_gain=373.854 88.4288 42.2725 27.8081 26.0329 19.5004 19.1043 18.7889 18.5518 16.7511 22.2269 21.4775 18.059 15.3116 15.5259 15.5299 15.1012 14.7655 14.5799 14.5611 14.333 13.4128 13.2555 16.3165 13.4346 12.4959 12.2273 12.0189 15.4541 11.8044
threshold=0.021419969031370081 0.15849408619443467 0 0.9597289180277101 1 2.0000000000000004 -0.1423530578613281 0.14425366371870044 -0.225421167910099 0.22500000000000003 -0.094266574829816804 -0.14238823205232617 -0.1795379817485809 -0.046007056058130019 0.22464071214199069 -0.099864676594734178 0.042002198983689294 0.019707334914657312 0.007353338740200055 0.035639569635385539 0.11298027634620668 -0.029445481486618515 0.020080929622054104 0.40751777969185304 -0.4265045672655105 0.91775614426962526 4.7999057951650004 -0.026116346940398213 0.096819346285684504 -0.016191274403532921
decision_type=2 2 9 2 9 2 2 2 2 2 2 2 2 2 2 2 2 2 2 2 2 2 2 2 2 2 2 2 2 2
left_child=18 4 3 5 -2 8 -5 19 -3 10 13 -11 -13 -10 15 -15 22 21 -1 -4 26 -12 23 25 -24 -14 -7 -26 -29 -8
right_child=1 2 7 6 -6 20 29 -9 9 11 17 12 16 14 -16 -17 -18 -19 -20 -21 -22 -23 24 -25 27 -27 -28 28 -30 -31
leaf_value=-0.041618492820765726 0.028139635610278199 -0.026369048219158073 0.0017391192447183961 0.0079347285749615734 -0.0084566638777115368 -0.02175179446885557 0.011034579733341673 0.06649350671243201 -0.076896481478689188 -0.042316872636226341 0.033563321497619585 -0.048328179172854716 0.062185421322341485 0.0096837706372052568 -0.041112145859459506 0.04915589121627089 0.00020167589092665554 0.060834744707454924 -0.015517725551699543 0.02832542946782873 0.060696759587096749 -0.0093084478555641916 -0.071680473755576887 -0.047612211412142266 0.05273280998919741 -0.017448445917480241 0.034812785592711039 0.038506548295344577 -0.030633046530781818 0.058628727584147944
leaf_weight=84.274199070991017 77.754724467231426 9.0861081696930324 66.061414731957484 19.905553114425857 103.67713612128864 25.558980112546124 13.298852472857105 26.363371413084678 2.6046990728355004 6.0743971922784104 29.830701057624537 4.4298186708474523 344.43298691610107 27.033374747697962 5.1834770599380127 318.58584836119553 13.19807915057754 15.505883708829058 146.53852497108164 233.67188754392555 12.440249967097769 46.969090354919899 2.5055664753308511 3.4894211537903166 130.22452550503658 4.997674324666149 15.257030479377134 36.557846853975207 10.376200484577565 639.55918157688575
leaf_count=26046 2877 249 2134 235 6596 824 168 361 79 151 631 123 2380 558 127 2350 279 148 16316 5453 93 1697 85 142 907 80 205 446 266 3665
internal_value=0 0.0417783 0.0447212 0.0479549 0.00831197 0.0432013 0.056188 0.0252509 0.0447546 0.0453995 0.0381772 0.0511863 0.0522186 0.0438835 0.0447803 0.0460685 0.0530347 0.0163295 -0.0250476 0.0224658 0.0137124 0.00734388 0.054344 0.0599721 0.0432884 0.0610465 -0.000607947 0.0449144 0.0232211 0.0576592
internal_weight=0 2244.63 2063.2 1737.11 181.432 1064.34 672.764 326.097 1011.09 1002 445.713 556.287 550.212 353.407 350.803 345.619 545.782 92.3057 230.813 299.733 53.2563 76.7998 532.584 352.92 179.664 349.431 40.816 177.159 46.934 652.858
internal_count=75671 33309 23836 15888 9473 11820 4068 7948 10698 10449 5590 4859 4708 3114 3035 2908 4585 2476 42362 7587 1122 2328 4306 2602 1704 2460 1029 1619 712 3833
cat_boundaries=0 2 4
cat_threshold=362775517 3195490 211944202 33734
is_linear=0
shrinkage=0.05


Tree=8
num_leaves=31
num_cat=3
split_feature=13 8 236 157 13 236 236 94 63 177 69 189 63 171 202 108 176 3 189 203 170 176 159 52 225 13 107 193 157 184
split_gain=384.273 64.8414 47.5415 43.2016 39.5361 32.3338 29.8055 24.9951 21.2206 23.0362 18.3021 18.2271 16.5957 16.0042 15.6165 15.1417 14.8658 14.3961 15.6717 12.887 12.8858 13.4847 11.7965 11.7668 14.3586 14.2097 11.455 11.4004 10.7646 17.617
threshold=0.026936332305459828 0.18324483019604973 0 0.29166666666666669 0.015194805194805197 1 2 0.017577465493158174 0.096819346285684504 0.005811224691569806 2.1992367350316928 -0.1358581408858299 0.096205135684594184 0.11526406928896905 -0.017552822828292843 -0.011907851233970989 0.28278960287570959 0.32582720588235298 -0.021145260892808434 -0.02007956616580486 -0.081977527588605867 0.16431887447834018 2.0000000000000004 1.0000000180025095e-35 -0.0135868564248085 0.041742424242424248 -0.069156708133624137 -0.10449140518903731 0.45000000000000007 -0.14544539898633954
decision_type=2 2 9 2 2 9 9 2 2 2 2 2 2 2 2 2 2 2 2 2 2 2 2 2 2 2 2 2 2 2
left_child=4 2 8 5 -1 11 -6 -7 10 -10 12 -3 -2 -12 17 26 20 18 28 -11 -13 23 -17 25 -25 -22 -16 -24 29 -5
right_child=1 3 -4 14 6 7 -8 -9 9 19 13 16 -14 -15 15 22 -18 -19 -20 -21 21 -23 27 24 -26 -27 -28 -29 -30 -31
leaf_value=-0.030387502535992046 -0.029473907503478863 -0.00071809403556474447 -0.011866582268016956 0.061012874720219372 0.024601742057945603 0.010831678491128616 -0.014155281431453531 0.056921438580890896 -0.026525807497768603 -0.02434931311792482 0.027410409696566621 0.051227301590287405 0.088103122106163168 0.063398256197827116 -0.049165426825022479 0.063257069648578135 0.0041104115971862904 -0.022927737246335386 0.058325063391901258 0.054321732585720185 -0.010037745239288279 -0.020276429077506059 -0.090225429645004795 0.014369747908999912 0.07092063282176353 0.038130281935740973 0.039155548147968511 0.036582791191626461 0.047596577767866494 -0.017372360790554302
leaf_weight=161.62511094209185 13.534670332621319 20.393499210244045 75.62496398804069 10.498964292230083 80.418196156431804 150.75125361134997 100.68036286212737 36.547745102841873 25.160334726562724 6.5960733891115551 47.034491474507377 664.51572384616884 3.8562509261537334 90.019447884347755 4.8492489772615981 580.04119423510565 19.627784468175378 7.6907344249193548 112.5523785854748 24.691646916064201 19.3002541034366 10.147586293227503 1.9696594529086748 15.019304561428724 44.42714943079045 74.079644968325738 15.111762091517447 17.6990459994704 33.857239382603439 22.593926088185981
leaf_count=37323 969 701 4913 81 2821 4040 6755 504 1226 385 1540 4119 8 1003 112 3238 392 242 936 450 653 298 56 235 291 1207 179 297 285 457
internal_value=0 0.0446 0.0224571 0.0480079 -0.0124113 0.0413462 0.00363191 0.0188204 0.0337287 0.00909305 0.0449166 0.0454686 -0.00340246 0.0510479 0.0567166 0.0605398 0.0471172 0.0440606 0.0469307 0.0377363 0.0481374 0.0355383 0.0619657 0.0392444 0.0566329 0.0281747 0.0176992 0.023884 0.0277752 0.00749594
internal_weight=0 2148.19 286.518 1861.67 342.724 1054.81 181.099 187.299 210.893 56.4481 154.445 867.511 17.3909 137.054 806.864 619.671 847.117 187.193 179.503 31.2877 827.49 162.974 599.71 152.826 59.4465 93.3799 19.961 19.6687 66.9501 33.0929
internal_count=75716 28817 10494 18323 46899 12440 9576 4544 5581 2061 3520 7896 977 2543 5883 3882 7195 2001 1759 835 6803 2684 3591 2386 526 1860 291 353 823 538
cat_boundaries=0 2 4 6
cat_threshold=284306266 1102306 2442109913 3457602 78856199 4542848
is_linear=0
shrinkage=0.05


Tree=9
num_leaves=31
num_cat=2
split_feature=13 236 8 13 157 159 124 236 192 127 17 53 162 108 68 128 205 18 7 193 206 195 179 195 172 206 33 64 192 7
split_gain=371.675 56.2056 38.874 29.9526 27.8889 26.0623 22.4337 21.2676 17.1923 15.3763 14.3646 14.2994 13.7198 13.4432 18.5568 13.5788 13.2975 13.2657 26.199 13.5054 12.901 12.8068 15.5233 13.3335 12.2891 11.68 10.9403 10.6385 10.5816 9.94313
threshold=0.028162590879048252 0 0.15888570912430935 0.0096390579272541462 0.36666666666666675 2.0000000000000004 -0.032564795446434001 1 -0.12130862474441527 -0.066555760834918209 78.000000000000014 1.0000000180025095e-35 -0.64693133053314866 -0.0086105908160757447 35.023168706543636 -0.024742409715428123 -0.0095343589782714826 1.0000000180025095e-35 0.22111111111111112 -0.11773972213268279 0.026957656256854538 -0.18011172115802762 -0.093789923936128602 0.10301071405410768 0.07185667380690576 0.011688150931149723 1.0000000180025095e-35 2.5000000000000004 -0.011134434491395949 0.24426946631671045
decision_type=2 9 2 2 2 2 2 9 2 2 8 2 2 2 2 2 2 2 2 2 2 2 2 2 2 2 2 2 2 2
left_child=3 6 11 -1 5 8 28 -5 16 -7 -10 24 -12 20 25 -16 -4 19 -19 -17 -14 22 -6 -23 -3 -15 -25 -20 -2 -11
right_child=1 2 4 7 21 9 -8 -9 10 29 12 -13 13 14 15 17 -18 18 27 -21 -22 23 -24 26 -26 -27 -28 -29 -30 -31
leaf_value=-0.031065335734004537 -0.015348237682825235 0.00082775263236173509 -0.013869116301898713 0.019455459883496791 0.061988009603256872 0.074665508462970209 0.0083157317739329332 -0.011479459195149023 -0.06362817937007724 0.018575012431718867 0.053762330853380863 -0.0050720286865753401 0.073149480306012191 -0.04408543313589048 -0.040688531921567288 0.0048042956492473522 0.035018547629889027 -0.094375897436184644 -0.037768295336100724 0.048696180344185276 -0.0054735792930024254 0.061162121095071367 -0.089528852414464774 0.039887573959119398 0.061017534544185875 0.021328845944372499 -0.055337923014501883 0.050315257877196984 0.074449603240182974 -0.028596424138578699
leaf_weight=121.1626650630933 3.9068446498713483 13.953771565080386 16.381471231055912 78.038653939329379 3.5504714777925983 8.2529566964949463 149.09649953819462 140.6031495466159 2.8495032055070624 29.522013475652784 614.40339477805537 44.705488718798733 51.880373694875743 8.6197552235680615 4.7990374615910687 18.468638918449869 92.177815037430264 4.908280011033642 4.2453881392721113 343.31262411171338 5.800883940071798 545.0367051668436 3.2267809421755365 43.08163896977203 21.619807369308546 32.755493137578014 3.2432799334637812 17.802225934108719 20.467619206930976 17.972093358781422
leaf_count=33797 177 914 571 3598 41 43 6417 10260 78 565 2953 3332 325 548 201 586 1133 170 123 3718 170 3011 67 347 571 767 96 188 210 661
internal_value=0 0.0451924 0.047579 -0.011124 0.0492835 0.0451024 0.0147363 -7.32257e-05 0.0466321 0.0116714 0.0484896 0.0137519 0.0487782 0.0425616 0.0395535 0.0429024 0.0276415 0.0439343 0.0100965 0.0464555 0.0652425 0.0581901 -0.0101521 0.0589733 0.037408 0.00770101 0.0332207 0.0333543 0.0600564 0.00072502
internal_weight=0 2126.04 1952.57 339.804 1872.29 1274.15 173.471 218.642 1218.4 55.7471 1109.85 80.2791 1107 492.593 434.911 393.536 108.559 388.737 26.9559 361.781 57.6813 598.139 6.77725 591.362 35.5736 41.3752 46.3249 22.0476 24.3745 47.4941
internal_count=75638 27983 21179 47655 16362 12800 6804 13858 11531 1269 9827 4817 9749 6796 6301 4986 1704 4785 481 4304 495 3562 108 3454 1485 1315 443 311 387 1226
cat_boundaries=0 2 4
cat_threshold=711984160 5056901 111296647 4469120
is_linear=0
shrinkage=0.05


Tree=10
num_leaves=31
num_cat=2
split_feature=13 8 13 236 229 124 230 65 198 183 236 232 33 11 120 186 12 225 202 102 188 158 106 156 196 158 44 122 47 63
split_gain=322.122 57.0832 26.6768 24.3015 22.3843 19.9096 16.0708 15.6369 18.6608 12.9409 12.8089 11.2629 11.0139 10.7447 18.0373 15.5141 12.7775 11.1237 11.0213 11.1319 10.9936 10.9278 13.803 14.7137 10.2692 10.2646 9.49898 8.94802 8.78603 8.67381
threshold=0.026936332305459828 0.15325175261986831 0.014723948547477961 0 -0.13721222430467603 -0.036230545846241802 0.058085199445486076 1.5000000000000002 0.04115629009902478 -0.03440160118043422 1 0.045173877850174911 1.0000000180025095e-35 0.02626978284873022 0.012044858539252608 -0.11493355408310889 35.500000000000007 -0.13943824172019956 -0.090483490377664552 -0.030964487478092256 0.12791155278682712 0.93123726354741787 0.0075822896087077455 0.35915896643752304 0.029535694047808651 0.72645725553156459 1.0000000180025095e-35 -0.011016781468135841 1.0000000180025095e-35 -0.1163210711417165
decision_type=2 2 2 9 2 2 2 2 2 2 9 2 2 2 2 2 2 2 2 2 2 2 2 2 2 2 2 2 2 2
left_child=2 6 -1 5 -5 -3 28 13 9 12 -4 -8 -9 14 15 -6 18 26 -15 -20 29 22 23 -18 -23 -7 -17 -25 -2 -19
right_child=1 3 10 4 7 25 11 8 -10 -11 -12 -13 -14 16 -16 17 21 20 19 -21 -22 24 -24 27 -26 -27 -28 -29 -30 -31
leaf_value=-0.026664028368305878 -0.016111430444121652 0.064733352696690963 0.015535880669702304 -0.016433967238014123 -0.030541128952560382 0.0050256736964742485 0.052083673027604527 0.053095953289499231 -0.021713464954997735 0.016741025323337794 -0.01140714359550677 -0.031863387886008926 0.0058943811850785417 -0.016769801066925417 -0.026863812932699283 -0.099869522931177193 0.042680762711325426 0.060765686587559611 -0.031663978778828178 0.065064367875879534 0.012969482309023528 0.05693165864389961 0.067134462842085574 -0.046072565205342003 0.03892342368905162 0.030330148022197481 0.02315214531464611 0.038256657692634977 0.038077493402069333 0.041433584020172352
leaf_weight=147.25476896560576 55.185899145610165 26.585166719916742 82.351647066869191 13.554661890113492 6.965759154118131 78.066991369225434 22.385943842120472 105.1776555388642 13.822924937878268 47.737000573572004 75.226166957392707 4.863686458556912 14.004043773747979 4.3298796901945016 9.5312026950850832 2.3066436026711008 452.90930395765463 103.47135529108346 3.014849903411231 221.72284983037389 22.00400870363228 485.38506201474229 57.535988771764096 7.6301654542330652 94.593322585540591 82.352008533052867 4.9074139742879197 5.3521640587132406 8.653049429995006 132.09389618621208
leaf_count=37075 4583 277 4013 567 490 3536 830 915 723 1062 5868 510 243 314 391 105 3151 1041 141 1629 674 1716 301 156 575 2078 73 58 522 2152
internal_value=0 0.0436626 -0.0113631 0.0454299 0.0473166 0.0234058 0.00495486 0.0480619 0.0341154 0.0387387 0.00293555 0.0371003 0.0475497 0.0496239 0.040744 0.0431152 0.0514984 0.0450529 0.0622444 0.0637668 0.0467681 0.0492675 0.0440297 0.0411764 0.0539946 0.0180159 -0.0161832 -0.0113066 -0.00876639 0.0499252
internal_weight=0 2086.14 304.833 1995.05 1808.05 187.004 91.0886 1794.5 180.742 166.919 157.578 27.2496 119.182 1613.75 281.28 271.749 1332.47 264.783 229.068 224.738 257.569 1103.41 523.428 465.892 579.978 160.419 7.21406 12.9823 63.8389 235.565
internal_count=75769 28813 46956 22368 16477 5891 6445 15910 2943 2220 9881 1340 1158 12967 4926 4535 8041 4045 2084 1770 3867 5957 3666 3365 2291 5614 178 214 5105 3193
cat_boundaries=0 2 4
cat_threshold=711990304 5061004 76763535 6762888
is_linear=0
shrinkage=0.05


Tree=11
num_leaves=31
num_cat=0
split_feature=13 157 9 13 171 54 204 8 176 33 9 194 66 72 205 158 162 103 192 184 202 5 49 35 224 216 213 160 158 108
split_gain=280.2 39.1359 28.1811 22.29 17.519 18.1822 19.1434 17.3864 16.9923 14.2305 14.1731 23.9928 17.4037 15.8533 22.1877 19.4668 20.0461 15.8313 13.2867 12.9455 12.9384 12.8808 11.8736 17.3347 11.7451 11.3886 11.3827 11.1905 10.8427 10.4281
threshold=0.026936332305459828 0.36666666666666675 0.013930472388556223 0.0087261097997411111 0.20405727624893191 1.0000000180025095e-35 0.024719897657632831 0.28861420934591669 0.13257677108049395 1.0000000180025095e-35 0.0029158720067810982 -0.094577252864837633 10.811548011920374 0.025978407557354928 0.042131705209612853 0.31688691710649824 -0.49368173423516731 -0.056609795417503619 -0.065828230232000337 -0.043445732444524758 -0.055481828749179833 0.057831661092530663 1.0000000180025095e-35 1.0000000180025095e-35 -0.0036203858908265825 0.023638637736439708 -0.034205671399831765 3.1300945682500436 0.30303092866208381 -0.019182012077410587
decision_type=2 2 2 2 2 2 2 2 2 2 2 2 2 2 2 2 2 2 2 2 2 2 2 2 2 2 2 2 2 2
left_child=3 2 10 -1 -4 9 -7 8 29 -6 11 -2 13 14 15 18 -17 -14 -13 -10 -19 -12 23 -22 -24 -15 -25 -11 -16 -3
right_child=1 7 4 -5 5 6 -8 -9 19 27 21 12 17 25 28 16 -18 20 -20 -21 22 -23 24 26 -26 -27 -28 -29 -30 -31
leaf_value=-0.026463495330346455 -0.011559839201412674 -0.021135598744198805 0.014279726584792735 0.0019294484468075968 0.054901974926696677 -0.05530370923410332 0.040887935855070619 0.061553614476862473 0.044652496015173293 0.061073184511561573 0.021008521407661442 0.052393715175625827 -0.076377388303799115 0.067233424957179391 0.0088066267690506527 0.017386161281668939 -0.031473141682807432 -0.032605995576896245 0.005766328545359206 -0.0079691051575197843 0.063204964405764327 0.049544395743088221 0.038198388711844951 0.072061444961168675 -0.076359603626358907 -0.012811035899296511 -0.097670852729272895 -0.048324554595041834 0.04998613339866028 0.051305401636525742
leaf_weight=109.73602497379761 25.008523674012395 5.0607680033426723 167.37295330056804 186.77782799091074 87.675718610757031 9.5100754248560424 11.339733521162996 331.52408590714913 22.56436157389544 3.7052208653767575 42.568338802549988 43.012021270056721 2.3644907090056213 42.294985694490606 18.925512802612502 60.388011965202168 32.179996457649395 4.2033772534923619 23.694914117048029 24.247109805699438 139.92615919810487 556.95508511946537 8.1682953542913292 1.519897030550055 3.0814612841350018 4.9654170172289005 2.8213189764646804 6.3331682364805602 102.88526420335984 270.78656698489795
leaf_count=33595 1583 187 5536 13334 1054 339 224 1524 322 90 1024 522 161 430 574 944 1904 468 883 544 1621 3263 187 30 162 225 172 184 1509 3125
internal_value=0 0.043415 0.0386999 -0.00857842 0.0246962 0.0394009 -0.00298728 0.0535121 0.0452496 0.0484455 0.0422912 0.0362114 0.0386474 0.0320297 0.0275247 0.0152397 0.000400896 0.0520533 0.0358312 0.0173959 0.0539546 0.0475182 0.0562942 0.0601522 0.0068194 0.0588235 -0.0382461 -0.00794529 0.0435882 0.0499764
internal_weight=0 2055.08 1400.9 296.514 285.937 118.564 20.8498 654.183 322.659 97.7141 1114.96 515.44 490.431 328.346 281.086 159.275 92.568 162.085 66.7069 46.8115 159.721 599.523 155.517 144.267 11.2498 47.2604 4.34122 10.0384 121.811 275.847
internal_count=75720 28791 23089 46929 7427 1891 563 5702 4178 1328 15662 11375 9792 6991 6336 4253 2848 2801 1405 866 2640 4287 2172 1823 349 655 202 274 2083 3312
is_linear=0
shrinkage=0.05


Tree=12
num_leaves=31
num_cat=2
split_feature=13 236 124 157 162 13 199 32 215 63 157 2 2 170 66 13 63 158 221 219 236 39 194 199 11 35 232 148 201 4
split_gain=251.589 42.4883 32.9442 24.7831 18.1998 17.517 17.1611 16.852 25.7539 20.4061 15.5841 17.8368 16.7791 15.3011 14.6813 13.9564 13.9427 12.9523 11.9311 11.7517 11.7479 11.5332 11.5024 11.1949 11.0926 10.8239 10.1359 9.81228 8.7267 8.78154
threshold=0.026936332305459828 0 -0.037220813063284043 0.22500000000000003 0.21266096195815096 0.015194805194805197 1.0000000180025095e-35 1.0000000180025095e-35 -0.048140741884708398 -0.043232980788921467 0.29166666666666669 0.1883205456095482 0.30245854774156666 -0.15899363905191419 13.343272704609497 0.065153074350398785 0.073760412393435032 1.1372460806097824 0.04791443049907685 0.07657098770141603 1 1.0000000180025095e-35 -0.08060655370354651 -0.01224339473992586 0.025723738626964438 1.0000000180025095e-35 0.058210082352161414 0.033592482167044725 -0.12462815642356871 0.06015377657168703
decision_type=2 9 2 2 2 2 2 2 2 2 2 2 2 2 2 2 2 2 2 2 9 2 2 2 2 2 2 2 2 2
left_child=5 2 -2 4 14 -1 -5 8 -6 23 11 13 27 -8 15 18 -9 -4 -3 -17 -7 -16 -11 25 -13 -10 -23 28 -12 -30
right_child=1 3 17 6 7 20 10 16 9 22 12 24 -14 -15 21 19 -18 -19 -20 -21 -22 26 -24 -25 -26 -27 -28 -29 29 -31
leaf_value=-0.019413747417326765 0.064152556673128205 0.037723491923466884 0.0034747169871357456 0.055897189165234284 -0.063049987203255761 0.018597023482071973 -0.076412155348376101 -0.045253737311213932 0.061585315760277662 0.024264781772020225 -0.048086461147163619 -0.013911502420093739 0.013550020732817747 0.012727688469302161 0.066741718534102504 0.052375679623787953 0.067219652432991869 0.037463881311287049 0.014796855697112624 -0.0055404767429181843 -0.0084741574447403222 -0.080864449560101415 -0.041795623094466328 -0.003735671358753162 0.045824579325392099 -0.071716669505509339 0.061047349436318621 -0.019630933702552936 0.043953821205686014 0.06034684342911853
leaf_weight=142.28213927460456 34.149354296096135 290.47352539020358 137.45890417922055 635.88331753133389 10.883053746190852 69.416965255149989 6.749153670891249 3.1164960231981267 31.405096622300334 11.238498065955355 2.1580344738904378 8.9791450145421532 32.645376425527502 16.791426040304941 75.968372938863467 190.63566036240081 23.781832172244322 35.207956641650526 70.524472111661453 9.1805709815525898 73.753679476671095 2.5704451727215192 15.92900999262929 10.697623142856171 57.776610882137902 1.6004337370395649 2.4647442994173616 4.8329656694550058 151.57466175919399 177.20063278533053
leaf_count=37384 356 3848 6703 4733 842 3716 282 226 382 368 65 359 710 413 463 996 294 954 1697 447 5891 87 1071 671 446 58 16 119 1326 909
internal_value=0 0.0431104 0.0183908 0.0455348 0.0387831 -0.00698908 0.0505798 0.0198587 0.00856368 0.0195608 0.0432087 0.0245932 0.0477712 -0.012829 0.0419868 0.0391128 0.0541883 0.0104053 0.0332446 0.0497147 0.00535848 0.0618845 -0.0144681 0.0407145 0.0377896 0.0551215 -0.0113981 0.0510984 0.0521314 0.0527892
internal_weight=0 2051.88 206.816 1845.06 750.47 285.453 1094.59 108.652 81.7537 70.8707 458.708 90.2963 368.412 23.5406 641.818 560.814 26.8983 172.667 360.998 199.816 143.171 81.0036 27.1675 43.7032 66.7558 33.0055 5.03519 335.766 330.933 328.775
internal_count=75832 28841 8013 20828 11466 46991 9362 3912 3392 2550 4629 1500 3129 695 7554 6988 520 7657 5545 1443 9607 566 1439 1111 805 440 103 2419 2300 2235
cat_boundaries=0 2 4
cat_threshold=712051744 5187973 78856583 4613000
is_linear=0
shrinkage=0.05


Tree=13
num_leaves=31
num_cat=3
split_feature=13 8 236 116 13 157 236 169 236 232 182 7 211 205 171 67 220 7 227 95 163 63 67 185 3 2 199 171 63 63
split_gain=239.1 40.8644 26.5731 24.7609 20.4224 19.3603 17.9533 15.7064 15.6136 12.5941 12.0943 12.9488 18.2549 13.8655 12.0674 11.3367 10.6784 12.3748 10.1128 10.1069 9.09386 9.08924 9.72354 9.01712 8.99852 8.90208 11.3969 8.79655 10.9548 10.7063
threshold=0.028162590879048252 0.15849408619443467 0 1.0000000180025095e-35 0.010681079231076382 0.22500000000000003 1 0.27779932320117956 2 -0.060971044003963464 0.20366586744785312 0.093073593073593086 -0.038992907851934426 -0.10701540485024451 -0.11956955492496489 6.781480782686077 0.060220088809728629 0.12565789473684214 0.052259106189012534 -0.072831629825755487 1.8688348091416842 0.44633483620099917 1.884671001564908 -0.035043209791183465 0.4641148325358852 0.066964285714285726 -0.10935861617326735 -0.13235188275575635 -0.47170405509575991 -0.11988271088467675
decision_type=2 2 9 2 2 2 9 2 9 2 2 2 2 2 2 2 2 2 2 2 2 2 2 2 2 2 2 2 2 2
left_child=4 8 3 -3 -1 7 -6 19 14 18 11 13 20 -7 -2 24 17 -14 -9 -4 -13 25 -23 -18 27 26 -19 29 -29 -11
right_child=1 2 5 -5 6 10 -8 9 -10 15 -12 12 16 -15 -16 -17 23 21 -20 -21 -22 22 -24 -25 -26 -27 -28 28 -30 -31
leaf_value=-0.022612279773959212 -0.0054682272147967993 0.0067840391883494293 -0.044685541275241381 0.056176985308199971 0.020234075146731478 -0.028088097295347499 -0.0095450841695092631 0.026438407127106253 -0.0079432355802538501 0.026276345381489347 0.063496380241973335 0.001928148799369543 -0.018923498441941099 0.071317979706234658 0.051330801778264872 0.060355206126003424 -0.004811968060326288 0.061046275825358515 -0.021908585165345586 0.05877487825856436 0.055516837886367715 -0.0903395794659448 0.023780969104421082 0.034282913151488258 -0.027868532460738671 0.046916433087705822 -0.041545666366252655 -0.039152817027654184 0.032749525980265051 0.053255925869410373
leaf_weight=107.9627092493829 12.934471771644892 99.545104044751497 2.4105739996593902 34.053215652005747 85.340917664303561 3.6653865035041227 99.987860839697532 92.330236571870046 52.657580625425908 50.727865677792579 155.86025231314125 8.0796351930766814 7.9142204988747826 81.649492323835148 33.756510685721878 59.528180547087686 22.068588199093938 4.6635977474506944 12.251394357415846 113.72203305826406 392.46851855062414 2.350522188935428 9.0650297815445793 44.469927504571388 5.2797425206226754 364.33262322965311 6.4526405578071699 5.4362421046243972 207.3498435409274 133.65145351129468
leaf_count=34173 774 4648 49 453 5009 208 8469 1235 4860 526 760 223 194 494 1091 548 416 65 515 956 1766 46 106 664 426 2287 385 184 3210 986
internal_value=0 0.0429877 0.0446062 0.0180248 -0.00532573 0.0462351 0.0047445 0.0398763 0.0117195 0.0364427 0.0505897 0.0484659 0.0466266 0.0670472 0.0293172 0.0399896 0.039846 0.0429691 0.0207747 0.0566273 0.0544359 0.0442352 0.000282948 0.0213165 0.0369772 0.0455716 0.00149475 0.0378392 0.0309126 0.0458331
internal_weight=0 2018.67 1919.33 133.598 293.291 1785.73 185.329 682.688 99.3486 566.555 1103.04 947.18 861.865 85.3149 46.691 461.973 461.317 394.779 104.582 116.133 400.548 386.864 11.4156 66.5385 402.445 375.449 11.1162 397.165 212.786 184.379
internal_count=75726 28075 21350 5101 47651 16249 13478 8635 6725 7630 7614 6854 6152 702 1865 5880 4163 3083 1750 1005 1989 2889 152 1080 5332 2737 450 4906 3394 1512
cat_boundaries=0 2 4 6
cat_threshold=711984164 5060992 2256757127 4596104 147849762 4550
is_linear=0
shrinkage=0.05


Tree=14
num_leaves=31
num_cat=3
split_feature=13 236 8 122 12 112 157 178 13 236 162 63 162 236 205 197 63 162 11 158 205 223 5 29 63 10 63 215 232 135
split_gain=215.999 41.0108 21.0552 19.7598 17.3666 24.0221 15.2825 15.9779 15.1937 15.1831 14.9602 12.5691 11.3879 10.7894 9.45661 8.89353 9.80865 8.95663 8.64238 12.6268 10.2771 8.44509 8.37961 8.03669 7.61406 7.56646 7.16946 14.1563 9.07031 14.4954
threshold=0.026936332305459828 0 0.15849408619443467 0.001959825667128736 34.500000000000007 0.021031375444334758 0.22500000000000003 -0.14499464631080625 0.0086021903211484403 1 0.50604914176355809 0.63035523503776869 -0.14155828352841113 2 0.14877367019653323 -0.078060038387775407 0.0075199406578646691 0.26255510208013783 0.023856953139821668 0.51350405229258567 -0.019675628282129761 0.028845851309597496 0.11030008110300082 1.0000000180025095e-35 -0.092725298371402282 560.50000000000011 0.20498351502644571 0.074123721569776549 0.073269788175821318 -0.084796861877440011
decision_type=2 9 2 2 2 2 2 2 2 9 2 2 2 9 2 2 2 2 2 2 2 2 2 2 2 2 2 2 2 2
left_child=8 3 9 -2 5 11 7 22 -1 -3 18 14 -5 -10 15 16 -4 -18 19 20 -8 -21 23 24 -6 -9 28 -28 29 -20
right_child=1 2 4 12 6 -7 10 25 13 -11 -12 -13 -14 -15 -16 -17 17 -19 26 21 -22 -23 -24 -25 -26 -27 27 -29 -30 -31
leaf_value=-0.02163654227969998 0.0067115681638221904 0.035270657485092415 -0.03085779032675709 0.067516178317467396 -0.004840455791296161 -0.043755735951237634 -0.039355101067306879 0.036938919640678129 0.013462122873328925 -0.0078774287350206178 -0.023488683386588508 -0.093526141441339472 -0.026460294572582824 -0.010900479407242324 -0.020068338970680003 0.059263910441193793 0.07271090929766906 -0.0089423879912087327 -0.053174478869974 0.010409300594289617 0.0532062798085755 -0.079723149810334751 -0.034808492726250584 -0.022451941389106892 0.037932423163267531 0.054859023878712193 0.045020833088873224 0.0012750873857983605 0.05928148756662615 0.047653123844082344
leaf_weight=97.587680009783071 127.74996462010313 37.026601273129927 5.6003196425444939 22.7118929612916 13.77954862534534 6.110482776479329 3.3752871130418525 392.54675218029297 95.270593963447027 35.413900653962628 7.471644883073167 1.3977332483627822 3.7568519436172201 70.93662342330208 3.9733404422295271 368.45260495343246 10.432091404218225 4.9529620219545896 3.5966392426053053 8.4207624929840659 26.886619864613749 3.7589609528658903 7.7076246789656571 9.4165740578901005 42.478532551904209 69.304727353388444 157.24931289308006 20.958272997522727 225.03811616555322 400.30720427501365
leaf_count=33626 6333 1408 529 217 171 559 144 4476 6700 3624 225 128 203 6823 257 4291 167 414 76 226 213 128 235 113 284 467 912 160 614 2288
internal_value=0 0.0421316 0.0441495 0.0139534 0.0454537 0.0546233 0.0428133 0.0361845 -0.00597639 0.0179584 0.046953 0.0561459 0.0541776 0.00321838 0.0566776 0.0574607 0.0258 0.046424 0.0475724 0.0255806 0.0428824 -0.0174078 0.0145117 0.0203 0.0274559 0.039628 0.0487288 0.0398761 0.0512372 0.0467553
internal_weight=0 2019.88 1865.66 154.219 1793.22 400.92 1392.3 535.234 263.795 72.4405 857.063 394.809 26.4687 166.207 393.411 389.438 20.9854 15.3851 849.591 42.4416 30.2619 12.1797 73.3823 65.6747 56.2581 461.851 807.15 178.208 628.942 403.904
internal_count=76011 28862 22109 6753 17077 6345 10732 5746 47149 5032 4986 5786 420 13523 5658 5401 1110 581 4761 711 357 354 803 568 455 4943 4050 1072 2978 2364
cat_boundaries=0 2 4 6
cat_threshold=712000544 5054849 276824846 4166 2258858125 7304064
is_linear=0
shrinkage=0.05


Tree=15
num_leaves=31
num_cat=3
split_feature=8 236 0 157 8 10 221 236 111 218 220 82 231 10 236 7 7 217 193 182 74 107 63 6 6 193 122 147 158 209
split_gain=164.676 26.1461 20.3992 17.9045 18.6149 17.3941 16.4936 16.1542 15.5243 14.5719 15.853 13.2809 12.5963 12.5062 11.9849 11.4206 10.7059 10.1596 10.0287 9.9732 9.83908 8.66537 7.79673 9.51755 7.7216 7.37386 8.98015 7.22204 7.4032 6.87047
threshold=0.15849408619443467 0 0.018019480519480522 0.29166666666666669 0.26198484583114251 37.500000000000007 0.074202455580234541 1 -0.066073419640109418 -0.033646192401647561 -0.0091289114207029325 0.14642857142857144 0.028387929312884811 7.5000000000000009 2 0.11696306429548566 0.38278388278388281 0.094200499355793013 -0.023244307376444336 0.2302292734384537 0.25333333333333335 -0.12128170212996478 0.41500417847486154 0.011181909045477263 0.036474501108647452 -0.0009603600192349403 -0.0417923832805948 0.0091433634513479987 0.081570779059345525 0.11386310309171678
decision_type=2 9 2 2 2 2 2 9 2 2 2 2 2 2 9 2 2 2 2 2 2 2 2 2 2 2 2 2 2 2
left_child=2 8 13 4 6 9 12 22 24 10 -5 15 18 -1 -15 -7 19 -10 20 -6 -3 -17 23 -4 -2 -20 -27 28 -14 -11
right_child=1 3 7 5 16 11 -8 -9 17 29 -12 -13 27 14 -16 21 -18 -19 25 -21 -22 -23 -24 -25 -26 26 -28 -29 -30 -31
leaf_value=-0.063984536555847085 0.0063604508261116549 0.0057995474551341868 0.00021106807380060272 0.048110247771281839 0.047819684315909397 -0.0036503870125729264 -0.0066633147040259912 -0.0048929354517194797 0.0086182285416151281 0.068224056115538459 -0.044712692519320058 -0.060613685862319078 -0.040588033344429557 0.012430501867055386 -0.016130364427752453 -0.0055016098478818717 -0.0064602977491654339 0.046681566900829932 0.0475284601757235 0.0049568071134141415 0.076057464492281929 0.047567201749159307 0.071169754284216652 0.043146574062723153 0.070963055619319079 0.064611159556197548 0.019921161269470883 -0.021331561937089905 0.050393572256507618 -0.0063878324442332105
leaf_weight=10.287332359679565 6.0180186306242858 64.290843526818207 20.61136731057195 20.515886677909297 502.21623702409852 11.369141112401847 26.72006049551419 56.600371199456276 123.26705348982068 182.85839898932318 5.9291719511529655 2.9334712966519865 2.2776761644345234 48.19560834990989 97.615441685455153 7.7883010734803966 9.6621734134969284 20.437332358153071 61.729207116994075 13.947897225269115 5.401843020139494 623.17327703145565 12.26798630246776 34.53127837847569 19.987679968122393 12.878719294458277 88.393950967656565 3.7910963910981073 121.90292709988717 3.1383476822229559
leaf_count=10628 319 2504 1997 586 4144 324 1854 5462 8523 1818 637 72 127 6054 16000 127 680 647 480 326 26 3741 330 1949 192 201 3050 172 2369 309
internal_value=0 0.0423345 0.00132373 0.0441809 0.0395581 0.049618 0.0312411 0.0164622 0.0193259 0.0620274 0.0272987 0.0455324 0.0340493 -0.0107029 -0.00694375 0.0460172 0.0456853 0.0140315 0.0271198 0.0466614 0.0112452 0.0469121 0.0305819 0.027098 0.0560133 0.0339071 0.0256043 0.0466494 0.0487248 0.0669651
internal_weight=0 1940.63 280.109 1770.92 913.213 857.706 387.386 124.011 169.71 212.442 26.4451 645.264 360.666 156.098 145.811 642.331 525.826 143.704 232.695 516.164 69.6927 630.962 67.4106 55.1426 26.0057 163.002 101.273 127.972 124.181 185.997
internal_count=75648 33228 42420 23547 15933 7614 10783 9738 9681 3350 1223 4264 8929 32682 22054 4192 5150 9170 6261 4470 2530 3868 4276 3946 511 3731 3251 2668 2496 2127
cat_boundaries=0 2 4 6
cat_threshold=3933209632 5190277 2231058950 4231562 310544216 938022
is_linear=0
shrinkage=0.05


Tree=16
num_leaves=31
num_cat=0
split_feature=8 13 13 157 4 28 56 4 187 13 158 2 103 182 67 64 216 200 182 157 232 158 230 187 173 21 194 216 1 186
split_gain=166.301 28.3104 17.9622 14.302 15.0934 24.3291 16.5875 15.5825 13.3234 10.9029 11.61 12.6344 14.8076 9.73257 9.39744 9.02484 8.83345 8.80499 8.68383 8.66677 8.46071 9.34251 8.22991 8.19339 8.13956 8.03981 8.95904 10.312 8.65376 8.60542
threshold=0.15497675618883613 0.028162590879048252 0.0087261097997411111 0.29166666666666669 0.10072463768115944 1.0000000180025095e-35 1.0000000180025095e-35 0.25543478260869573 -0.13326669484376905 0.065153074350398785 0.82412733650619763 0.34578804347826092 -0.056135308380218248 -0.201066680252552 2.0120365655520795 3.5000000000000004 -0.14799314737319944 0.057283408939838416 -0.14757885038852689 0.29166666666666669 0.11670686677098276 0.35423903611522539 -0.0039605870842933646 -0.091168001294136033 -0.19782192260026929 1.0000000180025095e-35 0.10589085891842843 0.049113102257251746 0.30384615384615393 -0.059036495164036744
decision_type=2 2 2 2 2 2 2 2 2 2 2 2 2 2 2 2 2 2 2 2 2 2 2 2 2 2 2 2 2 2
left_child=2 19 -1 4 9 6 7 20 22 10 11 12 -3 -4 -8 23 -10 -7 -12 -2 -6 -22 -5 -13 -11 28 -27 -28 29 -18
right_child=1 3 13 8 5 17 14 -9 16 24 18 15 -14 -15 -16 -17 25 -19 -20 -21 21 -23 -24 -25 -26 26 27 -29 -30 -31
leaf_value=-0.022967239023859332 0.0045944827174379662 0.059908835606225765 0.046334368471482798 -0.0080321308914830091 0.0062687300650863462 0.063782378652088911 -0.0087654399247585821 -0.057902947378362969 0.0045774361125306929 0.064081553800696592 0.011403943495700666 0.07665216181221482 0.014950916418529589 0.0033743651977466435 0.06790814195240534 0.068040187623022427 0.034764650396082418 0.0033251158135772295 0.047229221122219361 0.035211742671883477 -0.071193158052194491 0.051251737614022755 0.03524281324439802 -0.0055280935134390781 0.044809166942779165 0.06161294685426516 -0.096350890795941335 0.045961926431282885 0.07237325531803572 0.049337712197034395
leaf_weight=70.578519650938688 63.552191846858477 21.219911026943009 14.320577157937803 13.569194664451059 88.975157591659809 45.237958871643059 4.98251001472818 8.328970270464195 10.765282923995981 67.525891464349115 18.40933959686663 4.3552422249049405 133.80338224337902 166.07590469827119 20.190017995395465 28.526853196788579 130.86204509169329 6.9473124882206312 208.38314001524122 36.324318850427517 1.6934050000854792 19.459456250537187 57.723843963467516 9.9898929826449585 290.38581721046648 171.30372652644292 1.9236276081064705 3.7628960565198213 32.989517006732058 448.42922080666176
leaf_count=25411 8624 220 599 306 2394 468 109 562 319 438 368 116 3287 15630 201 172 1371 202 2044 3619 97 192 746 162 3832 822 64 34 210 2970
internal_value=0 0.0416591 -0.00158206 0.0430592 0.0389102 0.0264951 0.0158718 0.00803888 0.0477181 0.0420166 0.0365988 0.0277487 0.0211048 0.0067847 0.0527318 0.0517724 0.0495638 0.0557338 0.0443212 0.0157297 0.0130261 0.0414493 0.0270063 0.0194222 0.0484452 0.0501774 0.0595634 -0.00217941 0.0474642 0.0460457
internal_weight=0 1949.62 250.975 1849.74 978.414 195.815 143.63 118.457 871.329 782.599 424.688 197.895 155.023 180.396 25.1725 42.872 800.036 52.1853 226.792 99.8765 110.128 21.1529 71.293 14.3451 357.912 789.271 176.99 5.68652 612.281 579.291
internal_count=75589 33949 41640 21706 14864 4225 3555 3245 6842 10639 6369 3957 3507 16229 310 450 5790 670 2412 12243 2683 289 1052 278 4270 5471 920 98 4551 4341
is_linear=0
shrinkage=0.05


Tree=17
num_leaves=31
num_cat=3
split_feature=13 236 124 66 157 179 161 192 158 187 236 219 147 64 158 185 140 215 158 21 158 61 232 215 53 64 158 191 234 3
split_gain=163.283 21.7477 22.2878 16.4079 14.1723 14.0746 12.7062 13.1775 13.4884 13.7173 12.3091 12.2614 11.7675 10.7883 10.6432 10.3715 10.0432 9.88667 9.86713 9.46277 11.3321 9.04511 15.4171 9.00948 8.86461 16.4198 9.00725 8.76674 8.69545 12.0324
threshold=0.026936332305459828 0 -0.037220813063284043 11.308751866312738 0.45000000000000007 -0.045106038451194756 62.637312339445572 -0.0022472160635516043 0.12119780651588145 0.024916097521781925 1 0.17977538704872134 0.015737828058291145 2.5000000000000004 0.23104090706336258 0.11136552318930627 -0.068630530646268548 0.081167239695787444 0.16021532299868904 1.0000000180025095e-35 0.44329017029534529 1.0000000180025095e-35 -0.060971044003963464 -0.12294359132647513 1.0000000180025095e-35 6.5000000000000009 0.081570779059345525 -0.072575751692056642 2 0.080128205128205135
decision_type=2 9 2 2 2 2 2 2 2 2 9 2 2 2 2 2 2 2 2 2 2 2 2 2 2 2 2 2 1 2
left_child=10 2 -2 4 6 21 15 8 -8 13 -1 -4 17 -10 18 28 -9 -5 -15 20 24 -6 -23 -18 25 -7 -26 -16 -3 -30
right_child=1 3 11 12 5 19 7 16 9 -11 -12 -13 -14 14 27 -17 23 -19 -20 -21 -22 22 -24 -25 26 -27 -28 -29 29 -31
leaf_value=0.0092398526412526254 0.058279755332353793 -0.005568367072742865 0.015557983553374004 0.056929578354469469 0.044001234259096814 -0.076801621722393909 0.056001197268680913 -0.026340912431419124 0.013740071570604771 0.0019775659496167586 -0.012345401765201179 0.068871114172622844 -0.049817850689974852 0.031119644957653993 -0.011262269476260439 0.045167834803740821 -0.020120409455379042 0.025626050554664461 -0.076917874014457238 0.074887306935900122 0.059161074957966221 -0.07526484268464495 0.030071327968907886 0.048094795864325787 -0.086095374420523063 0.085073496216822531 0.048885103362655523 0.048493977177142926 -0.039883357085321834 0.030394110691098541
leaf_weight=134.69169759617216 42.833488648640923 24.479540834145155 190.65362034340797 356.89940752413531 79.181822369107977 4.8593386340071474 53.264525673817843 4.6458549232920623 48.137872009247076 41.27049477014225 111.57244753577106 11.431443516630678 2.7111580149503416 5.3570435349829477 6.4842036162444847 68.308577304007486 4.8839946576044886 27.141601824085228 3.4903872321010567 66.532564841385465 107.61083968864114 4.4883281692164045 15.365452483936677 541.73346829992079 1.3222465114668036 2.3118589615914971 18.930229022953426 114.88567063436494 6.4071296895854166 123.28888887737412
leaf_count=22519 431 869 8544 2784 551 86 569 65 950 1281 24451 85 145 68 354 990 221 670 127 187 576 91 225 4332 49 6 182 1345 791 2083
internal_value=0 0.042507 0.0245169 0.0446492 0.0423007 0.0518698 0.0395524 0.0424148 0.0334288 0.0279544 -0.00066567 0.0185738 0.0539844 0.0339653 0.0414421 0.0289493 0.0468631 0.0547172 -0.0115021 0.0594534 0.0518491 0.0364348 0.00625806 0.0474853 0.0231566 -0.0246161 0.0400725 0.0453015 0.0217635 0.0269223
internal_weight=0 1978.91 244.919 1733.99 1347.24 300.603 1046.64 824.154 272.89 219.626 246.264 202.085 386.752 178.355 130.217 222.484 551.263 384.041 8.84743 201.567 135.035 99.0356 19.8538 546.617 27.4237 7.1712 20.2525 121.37 154.176 129.696
internal_count=75627 28657 9060 19597 15998 1953 14045 9312 4694 4125 46970 8629 3599 2844 1894 4733 4618 3454 195 1086 899 867 316 4553 323 92 231 1699 3743 2874
cat_boundaries=0 2 4 5
cat_threshold=711994532 5187989 3332581340 6775176 2
is_linear=0
shrinkage=0.05


Tree=18
num_leaves=31
num_cat=3
split_feature=13 159 236 168 8 222 125 11 188 188 121 218 182 165 77 5 188 90 63 224 206 211 236 216 225 236 71 12 63 63
split_gain=140.647 20.676 18.1382 16.8244 13.4498 13.3753 12.9546 12.0484 11.416 12.0182 12.8056 10.6516 10.3133 10.298 9.93698 9.84562 10.4028 10.0666 10.5168 10.3903 9.38546 20.7044 10.2193 9.15053 8.97216 8.88389 8.2872 7.80987 7.79811 7.66163
threshold=0.026936332305459828 1.0000000000000002 0 3.5000000000000004 0.13073305032146498 0.061258902773261077 -0.076591574416316741 0.0077259597020626443 0.13385381549596789 0.02587790880352259 0.068572045415571561 0.09452350810170175 -0.11903392896056174 0.079873710308492926 0.024404761904761908 0.094863142107236606 -0.19371700286865232 2.296703296703297 -0.17977245480255175 -0.085874345153570161 0.026076720096170906 -0.14782358705997464 1 -0.11478466540575026 -0.11892977729439734 2 0.18298109010011127 58.500000000000007 0.16072110309212809 0.25445848326409398
decision_type=2 2 9 2 2 2 2 2 2 2 2 2 2 2 2 2 2 10 2 2 2 2 9 2 2 9 2 2 2 2
left_child=7 4 27 6 -2 20 -4 -1 9 10 11 15 -7 -11 28 16 -8 18 19 -18 21 26 -22 -17 -23 -9 -6 -3 -5 -25
right_child=1 2 3 14 5 12 8 25 -10 13 -12 -13 -14 -15 -16 23 17 -19 -20 -21 22 24 -24 29 -26 -27 -28 -29 -30 -31
leaf_value=-0.014448066097024507 0.0098516566470374517 -0.027851665805917466 -0.077711092778454588 0.065158875330154131 -0.051296707592221935 -0.03771891283026773 -0.051096476076317371 0.019342822989415889 0.01347078234839575 -0.021578692558125858 -0.066572542393066786 -0.0047562013453091821 0.056409482325286454 0.049463286468815711 -0.022646667331510929 -0.047442878625308604 0.037889274447845678 -0.05966372830551351 0.035869898590664639 -0.032316235751054669 0.0048058455129936636 0.062872721939445333 0.039688539294659229 0.05335258961703726 0.045952600780199318 -0.0032072619946633719 0.074746780804302665 0.01757194635138546 0.027447657809853549 0.014702546260681723
leaf_weight=72.434118225799466 24.279121394327376 16.805198576272232 2.5472712268237947 87.834749351721257 7.271523009228984 2.9341466585756271 4.1247864206088698 91.475138088433596 54.026131714403164 5.2449700121942433 3.2888310713024103 17.942424082604703 353.81433341544471 185.97259055110044 3.8383429694804354 2.5505175035214043 9.3476814622990805 3.1218724813079453 142.86137394538673 12.08202571532456 39.9632995222928 90.617396677203942 200.65148175763898 98.544762587960577 578.67332100310887 78.019333614392963 1.5890764200594274 21.658442227446358 16.243592265585903 14.740060240903402
leaf_count=26989 2115 1658 131 626 364 257 173 7822 1138 168 148 702 3102 2532 164 222 149 114 2374 472 1155 364 2314 1143 5938 12117 5 810 298 322
internal_value=0 0.0429811 0.0360717 0.037724 0.0467168 0.0474186 0.0347876 0.00262053 0.035305 0.037665 0.031562 0.0326191 0.0556353 0.0475147 0.0563596 0.0349527 0.0273475 0.0292802 0.0309704 -0.00169245 0.0442281 0.0472382 0.0357441 0.046215 0.0482435 0.00991486 -0.0286918 -0.0018049 0.0592733 0.0483236
internal_weight=0 2002.57 702.776 664.312 1299.79 1275.51 556.395 241.929 553.848 499.822 308.604 305.316 356.748 191.218 107.917 287.373 171.538 167.413 164.291 21.4297 918.766 678.151 240.615 115.835 669.291 169.494 8.8606 38.4636 104.078 113.285
internal_count=75886 28958 13344 10876 15614 13499 9788 46928 9657 8519 5819 5671 3359 2700 1088 4969 3282 3109 2995 621 10140 6671 3469 1687 6302 19939 369 2468 924 1465
cat_boundaries=0 2 4 6
cat_threshold=52981792 4792337 473104520 16416 2229749790 7235840
is_linear=0
shrinkage=0.05


Tree=19
num_leaves=31
num_cat=2
split_feature=13 157 236 118 70 64 184 95 13 236 8 8 209 218 5 192 14 12 204 227 158 64 208 158 232 175 186 13 159 210
split_gain=125.963 29.3794 16.3144 15.8646 13.9129 11.9293 11.7251 11.5718 11.5404 11.4169 10.7157 10.3706 10.1134 9.90893 9.67342 11.6812 10.5292 9.46406 9.3158 9.05711 9.11841 8.63379 12.3407 9.36112 8.61191 7.98577 10.2809 7.91683 7.90011 9.53557
threshold=0.026936332305459828 0.36666666666666675 0 0.03268387499859117 9.5000000000000018 6.5000000000000009 0.080905705690383925 0.00632988248360502 0.052026130182442815 1 0.053469017798286105 0.16461971925609645 0.085066422820091261 0.071820221841335311 0.029437229437229439 -0.14109255373477933 1.0000000180025095e-35 6.5000000000000009 0.15147420763969424 0.020396576263010505 0.068275111526773222 2.5000000000000004 -0.072881963104009614 0.77690192547810955 -0.074830550700426088 -0.14091707766056058 0.05292679741978646 0.027855369335816265 1.0000000000000002 0.0043348970357328662
decision_type=2 2 9 2 2 2 2 2 2 9 2 2 2 2 2 2 2 2 2 2 2 2 2 2 2 2 2 2 2 2
left_child=10 2 5 6 9 7 18 11 -7 -4 -1 27 -8 -6 -13 16 -16 -12 25 20 -17 22 -21 -23 -25 26 -3 -2 -22 -30
right_child=1 3 4 -5 13 8 12 -9 -10 -11 17 14 -14 -15 15 19 -18 -19 -20 21 28 23 -24 24 -26 -27 -28 -29 29 -31
leaf_value=-0.038169305604327304 0.07490772656823301 -0.010799251134884766 0.027288718523668432 -0.044726323179607216 0.050718911160530226 0.032018647979058491 0.023984534173087411 0.00082732774518138881 -0.054077206645758685 0.0041687959693204168 -0.034230400819126545 0.05760552464527921 0.060709385991407877 -0.051233798580569673 0.006125563353678528 -0.0053431615424947808 0.078360622135193722 0.0081888222075307167 -0.030922530738016502 -0.0073094419970412411 0.054250396698387382 0.042758418907445583 0.051776357696563302 -0.040221249308348285 0.022940134396530264 0.055490976146028242 0.046046889553893376 0.0036733897616620676 0.014164841486969049 0.049164477951918445
leaf_weight=15.006472039058279 4.6014396572718423 10.03704029903747 233.04928583858418 4.4019728790735817 64.408938455177122 10.368329565622846 67.900120342208538 16.349722476035822 6.2314317334094076 88.846299363503931 14.041243119143472 117.93888120271731 25.895859755692072 2.4748213718557954 35.554327853547875 7.5684288087650193 5.8788814163708585 206.91995383547328 3.2723686120007178 9.5825504952808824 273.91974740562728 75.433274659706512 113.61669358506333 5.7603638154687351 85.506712199072354 519.67697531045997 38.319609090642189 25.602511068515014 30.06381914918893 55.178808776719961
leaf_count=4170 68 420 6292 200 970 202 1076 412 217 4695 14031 1794 142 177 827 139 23 28884 138 224 1620 810 653 150 644 3418 323 2338 572 432
internal_value=0 0.0414086 0.0369345 0.0498818 0.0255393 0.0412144 0.050508 0.0424912 -0.00030112 0.0218847 0.0027165 0.0432962 0.0341238 0.0469465 0.0443611 0.0421234 0.0163749 0.00549324 0.0531979 0.0437482 0.0489692 0.0371434 0.0471806 0.0297255 0.0189537 0.0536825 0.0342477 0.0145256 0.0501137 0.0368206
internal_weight=0 1937.44 1267.94 669.504 388.779 879.156 665.102 862.556 16.5998 321.896 235.968 846.206 93.796 66.8838 816.002 698.064 41.4332 220.961 571.306 656.63 366.731 289.9 123.199 166.7 91.2671 568.034 48.3566 30.204 359.162 85.2426
internal_count=76061 28976 23259 5717 12134 11125 5517 10706 419 10987 47085 10294 1218 1147 7888 6094 850 42915 4299 5244 2763 2481 877 1604 794 4161 743 2406 2624 1004
cat_boundaries=0 2 4
cat_threshold=2442044249 2114082 138483842 5804252
is_linear=0
shrinkage=0.05


Tree=20
num_leaves=31
num_cat=2
split_feature=13 8 236 173 157 63 162 199 94 8 12 219 129 199 157 183 213 2 236 140 102 37 2 158 5 198 90 167 211 64
split_gain=110.304 14.7688 19.1521 13.7539 14.6344 14.2684 13.0641 9.50407 9.16729 8.68714 11.9299 8.60419 8.54109 8.48889 11.981 10.6334 8.48413 21.8897 9.52232 8.66153 8.14578 10.7109 9.51865 8.35342 10.2449 7.87775 9.97553 7.8354 7.60334 7.49531
threshold=0.026936332305459828 0.15888570912430935 0 -0.19782192260026929 0.22500000000000003 0.4732905392431988 -0.66820413283653946 0.021401469595730308 0.26965812643936576 0.21276064035210379 6.5000000000000009 0.038593070581555373 0.090179505388910688 0.0006066033965907992 0.55000000000000016 0.097797960042953505 -0.038213340565562241 0.087121212121212141 1 -0.056989666496930762 -0.0771213119163211 1.0000000180025095e-35 0.29758481886141469 0.17772575649829989 0.019037356321839085 -0.041521394625306123 2.1602564102564106 4.115087971665802 -0.010295567102730272 3.5000000000000004
decision_type=2 2 9 2 2 2 2 2 2 2 2 2 2 2 2 2 2 2 9 2 2 2 2 2 2 2 10 2 2 2
left_child=9 2 7 -3 12 8 27 -2 11 10 -1 13 16 -6 15 20 19 -18 -19 -5 -15 23 -23 -22 -25 26 -20 -7 -8 -12
right_child=1 3 -4 4 5 6 28 -9 -10 -11 29 -13 -14 14 -16 -17 17 18 25 -21 21 22 -24 24 -26 -27 -28 -29 -30 -31
leaf_value=-0.052590989252274289 0.055944996772632496 0.053639605400183456 -0.0055943031436986642 -0.077286796711701466 0.048242327942497623 0.052230464233878032 -0.096236320890284763 0.0073333775854866057 -0.038520656496787237 0.028454812766772999 0.012592531816956569 0.053003072754538638 0.064595792845170863 0.064613195887303215 0.058460596385099553 -0.01327533381912758 -0.022438772679152438 -0.0012362019396735264 0.026719666939553705 0.045295698394791584 0.048346285774145611 0.052467270399091152 -0.04152128518779831 -0.04795072578381035 0.018672233702798784 0.040322816040456566 -0.071944145835052917 -0.032666227497306355 -0.001890348001378698 -0.0081097183817316759
leaf_weight=9.6194633516497543 45.738968880716129 285.18675565865124 40.97889999616018 1.4542241705348704 337.12866413206211 13.174916480085818 3.6187675407854858 12.887813111505237 3.1569182602543142 35.946852276276331 112.24694857923168 351.56248486420373 24.403136936103692 19.031654742837418 47.819219237717334 12.926370223227421 18.544822253228631 27.857853860186879 105.52545592200477 159.01247633784078 22.072067407367285 53.581720770773245 2.8363976835680651 6.2167928124545133 80.349403169588186 266.68071799605968 2.6256323185516512 3.424176418920978 5.2099854609696159 71.617164974260959
leaf_count=11701 1675 2886 3979 46 2789 77 127 1144 98 5596 17808 2570 199 110 258 312 1755 1310 1474 2124 262 341 143 301 1060 3443 86 44 135 11623
internal_value=0 0.0425313 0.0237756 0.0435393 0.0417025 0.0455362 0.00858002 0.0386639 0.0465394 0.00588258 0.00168893 0.0468271 0.035617 0.0430961 0.03601 0.0305608 0.0344013 0.0306744 0.0331204 0.0441848 0.0336389 0.0300674 0.047742 0.0208886 0.0138877 0.0347789 0.0243244 0.0347174 -0.0405613 0.00452877
internal_weight=0 1953.01 99.6057 1853.4 1568.21 962.11 25.4278 58.6268 936.682 229.43 193.484 933.525 606.104 581.962 244.834 197.014 581.701 421.234 402.69 160.467 184.088 165.056 56.4181 108.638 86.5662 374.832 108.151 16.5991 8.82875 183.864
internal_count=75476 28748 6798 21950 19064 8627 383 2819 8244 46728 41132 8146 10437 5576 2787 2529 10238 8068 6313 2170 2217 2107 484 1623 1361 5003 1560 121 262 29431
cat_boundaries=0 2 4
cat_threshold=416973678 1577666 71305250 598068
is_linear=0
shrinkage=0.05


Tree=21
num_leaves=31
num_cat=3
split_feature=13 159 2 236 157 174 170 184 208 67 236 144 221 69 72 154 8 5 76 236 46 52 228 157 64 132 166 178 181 184
split_gain=97.8375 16.3868 18.5052 16.0638 15.2383 19.6172 13.8707 14.4258 13.5082 13.0627 11.1517 12.9005 11.012 10.8104 10.2073 10.7209 9.88947 9.52695 9.51476 9.40992 9.06669 9.07216 9.31822 8.84982 9.07564 8.75012 8.59016 9.56004 9.05991 9.14306
threshold=0.026936332305459828 1.0000000000000002 0.12250000000000001 0 0.45000000000000007 0.3105852752923966 0.36393040418624883 0.22894430160522464 -0.096298579126596437 7.25446612023896 1 -0.006612335842291696 0.11041682213544847 126.93131054048736 0.066507000736919689 0.0017428042681366617 0.057645672589614373 0.029437229437229439 0.089572192513368995 2 1.0000000180025095e-35 1.0000000180025095e-35 -0.075406718999147401 0.22500000000000003 6.5000000000000009 -1.0000000180025095e-35 3.5000000000000004 -0.022245916537940499 0.10027180612087251 -0.11345620453357695
decision_type=2 2 2 9 2 2 2 2 2 2 9 2 2 2 2 2 2 2 2 9 2 2 2 2 2 2 2 2 2 2
left_child=16 2 3 -2 5 8 7 12 -3 25 26 -12 13 17 15 -8 -1 -4 -19 -13 -15 -22 -23 -5 -25 -6 28 -28 -10 -30
right_child=1 4 6 23 9 -7 14 -9 10 -11 11 19 -14 20 -16 -17 -18 18 -20 -21 21 22 -24 24 -26 -27 27 -29 29 -31
leaf_value=-0.03137552760593431 -0.010501036436306696 -0.0086181218341472542 0.0065827330512302122 0.013333945514067967 -0.010247296181319676 0.05761583612632009 0.027102290347297688 -0.036741048922355968 0.03290967243990095 -0.029998819133969686 0.056092224361090598 0.01667916931606539 0.01312833812158791 0.055737217630991855 0.065666893087911696 -0.049858130550472453 0.0089134363910396315 0.045812776417447881 0.00058405415194961931 -0.012013715141463764 0.04544299266623647 0.039805512069944787 -0.042130906188200347 0.047858916323195222 -0.077066944756486233 0.054712617874553317 0.02054019817795482 -0.065471009704912098 -0.004001383808964587 0.060966260983059545
leaf_weight=16.435497990118165 25.642765389799024 25.491409850626951 17.95295648839965 29.815287984252791 5.4035764565924174 58.116244293370983 89.826393172726966 4.9747832085704422 206.02015203711926 5.0317832325235932 15.547659525705965 71.57308664174343 21.392343309504213 542.81588938755158 16.66210488055367 4.765253188845235 207.91056805288463 297.73819811063004 12.100703605567103 36.687929735940997 90.770624540775316 7.5529354788595811 6.4187995616812241 75.120324321775115 1.4825177047750902 127.55874442003551 19.980456327903088 3.8537667150667394 5.993989032751414 56.110779084090609
leaf_count=4846 1494 1154 1264 1917 164 603 1601 271 3343 184 246 2548 643 3699 93 150 42158 1795 160 2311 935 53 160 1193 57 1118 359 510 293 482
internal_value=0 0.0408931 0.0442309 0.0265347 0.034373 0.0303089 0.0463307 0.0481909 0.0267125 0.04908 0.0288786 0.0124938 0.0486148 0.0493932 0.0295816 0.0232252 0.00596188 0.0419945 0.0440464 0.00738655 0.0531383 0.0396698 0.00216284 0.0333151 0.0454412 0.0520727 0.0342266 0.00663301 0.0379559 0.054696
internal_weight=0 1882.4 1245.03 132.061 637.37 499.375 1112.97 1001.72 441.259 137.994 415.768 123.809 996.742 975.35 111.254 94.5916 224.346 327.792 309.839 108.261 647.558 104.742 13.9717 106.418 76.6028 132.962 291.959 23.8342 268.125 62.1048
internal_count=75804 28800 15485 4661 13315 11849 10824 8980 11246 1466 10092 5105 8709 8066 1844 1751 47004 3219 1955 4859 4847 1148 213 3167 1250 1282 4987 869 4118 775
cat_boundaries=0 2 4 6
cat_threshold=2435254339 4194390 2223343880 3428730 406987494 229504
is_linear=0
shrinkage=0.05


Tree=22
num_leaves=31
num_cat=1
split_feature=13 13 236 181 230 225 74 31 157 16 179 211 13 8 202 55 197 6 80 208 109 108 189 15 231 21 7 10 159 226
split_gain=97.0819 17.4153 17.9319 12.159 11.7351 9.57256 12.1424 9.11144 8.64182 12.1988 13.8688 9.80639 8.63349 9.464 8.40912 8.16208 8.99576 8.79231 7.83119 7.6508 7.14827 6.60256 8.28782 7.88678 6.42349 7.53019 6.28132 6.12734 5.94094 6.60054
threshold=0.026936332305459828 0.051497910788349761 0 -0.19814987480640409 0.073323875665664687 0.02738976571708918 0.15504807692307696 1.0000000180025095e-35 0.36666666666666675 1.0000000180025095e-35 -0.11968399211764334 0.096844162791967406 0.0086021903211484403 0.16461971925609645 0.0690276473760605 1.0000000180025095e-35 -0.11071344837546347 0.012789379957908372 0.2563636363636364 -0.03919034264981746 0.08869764849479736 0.032328540718275463 0.11876519396901132 1.0000000180025095e-35 0.020080929622054104 1.0000000180025095e-35 0.35948717948717951 6.5000000000000009 2.0000000000000004 0.14027016609907153
decision_type=2 2 9 2 2 2 2 2 2 2 2 2 2 2 2 2 2 2 2 2 2 2 2 2 2 2 2 2 2 2
left_child=12 2 4 -3 14 6 8 19 9 10 -5 28 13 27 18 16 -4 -17 -2 -6 -7 22 -12 -24 -16 -26 -10 -1 29 -11
right_child=1 3 15 5 7 20 -8 -9 26 11 21 -13 -14 -15 24 17 -18 -19 -20 -21 -22 -23 23 -25 25 -27 -28 -29 -30 -31
leaf_value=-0.057503446078094517 0.041577590991773453 -0.0032423855766542478 0.063468976387277262 -0.061099479057002894 -0.01020907859692062 0.053513915872850419 -0.016961880893271462 -0.024359897687001579 0.053178623175624523 0.043001918956276329 0.026994742674911788 -0.03250822122149858 0.015387284676263518 0.02486906485474405 0.032164271432735078 -0.078163429100922999 0.014267122529001983 0.069948681093137746 -0.053916963169789306 0.057252453913702907 -0.034988717586208466 0.060757370343859078 -0.057304394933303741 0.079927153560880024 -0.019192288858131058 0.042592289897096319 -0.0047349312237498775 -0.0089832203695571905 -0.002076154895510691 0.064251286519021372
leaf_weight=7.4098024468767099 440.8684466505365 11.874606628785839 9.8878445512964372 4.8026311954599796 4.3190800468437365 457.89471477842017 8.1885409327805956 3.6590470522642127 224.3589625802706 245.87832554543274 47.15028245706344 4.12789029785199 141.50064612982533 19.846488587732892 62.80629687954206 1.0909759888018005 153.6439108371851 12.283924775343619 2.1573995198705225 156.05112696014112 2.2929662272217675 11.822254397935465 5.6091263528796835 1.2872294675325973 15.097925066249447 7.3238333428162141 4.7817792359710429 53.392112943081884 6.5275808424630659 42.924915735726245
leaf_count=10550 5444 890 121 223 285 4164 295 96 1350 3935 1112 359 13462 7584 959 139 6139 216 76 1126 98 84 146 7 565 108 279 15347 400 182
internal_value=0 0.0428324 0.0375648 0.0470738 0.0413755 0.0476334 0.0435126 0.0536556 0.044339 0.0396147 0.0209295 0.0440244 0.0079458 -0.00511056 0.0383456 0.0192267 0.0172421 0.0578673 0.0411126 0.0554356 0.0530729 0.0269104 0.0195066 -0.0316896 0.0239627 0.000988999 0.0519701 -0.0148963 0.0450941 0.0461602
internal_weight=0 1948.71 869.19 1079.52 692.283 1067.65 607.46 164.029 599.271 370.13 70.6715 299.459 222.149 80.6484 528.254 176.907 163.532 13.3749 443.026 160.37 460.188 65.8689 54.0466 6.89636 85.2281 22.4218 229.141 60.8019 295.331 288.803
internal_count=75741 28798 15274 13524 8659 12634 8372 1507 8077 6448 1572 4876 46943 33481 7152 6615 6260 355 5520 1411 4262 1349 1265 153 1632 673 1629 25897 4517 4117
cat_boundaries=0 2
cat_threshold=2508522074 1102826
is_linear=0
shrinkage=0.05


Tree=23
num_leaves=31
num_cat=0
split_feature=8 157 159 0 8 174 58 171 12 218 7 191 192 167 3 231 210 103 66 10 31 199 202 47 1 14 177 113 201 163
split_gain=67.0321 20.3932 17.3107 15.9174 14.7164 13.1842 12.1021 11.9496 10.0329 9.33115 9.9167 9.09766 8.97179 8.89611 14.1046 9.44079 9.20994 9.0629 9.52967 12.0813 9.46974 14.6998 10.0999 8.59052 12.8576 10.476 8.62416 8.16178 7.54107 7.28313
threshold=0.15528941320323206 0.29166666666666669 2.0000000000000004 0.018019480519480522 0.27005371718562182 -0.1059969514608383 1.0000000180025095e-35 0.16751658916473391 6.5000000000000009 0.06772195547819139 0.1731634182908546 0.18249600380659106 -0.1176391765475273 3.4681767472548883 0.040064102564102567 0.086724471300840392 0.08526990190148355 -0.056135308380218248 3.3119162912404883 450.00000000000006 1.0000000180025095e-35 0.0098175341263413447 -0.037216404452919953 1.0000000180025095e-35 0.070598006644518277 1.0000000180025095e-35 0.18974716961383822 -0.047996632466527904 -0.07281984761357306 4.7405652883788738
decision_type=2 2 2 2 2 2 2 2 2 2 2 2 2 2 2 2 2 2 2 2 2 2 2 2 2 2 2 2 2 2
left_child=3 2 4 8 5 11 -4 -5 -1 10 12 -2 -7 15 -15 16 -3 29 19 -19 -20 22 -22 26 25 -25 -10 -12 -9 -16
right_child=1 13 6 7 -6 9 -8 28 23 -11 27 -13 -14 14 17 -17 -18 18 20 -21 21 -23 -24 24 -26 -27 -28 -29 -30 -31
leaf_value=-0.0566504028552898 0.0051114126959767659 0.058826013187202375 -0.013704801152379889 0.011929051018091517 0.043786685839422655 -0.033201554543545071 0.040503529540375525 0.070690174222845334 -0.0049765174238106252 0.012838707013805651 0.064459852122178654 0.047715701503799134 0.055576725411295137 -0.028170680459668047 -0.07801819633306524 0.014831751471406585 0.033757593689840361 0.0064025874061762718 0.048548279504629463 0.047352018287430471 0.020466843057446095 0.056630936373997513 -0.093696614880858495 -0.062776441482141773 0.068184160167933217 0.21850360051104523 0.036589038855439716 0.029804375176602966 0.031485287873975816 0.020306892669664393
leaf_weight=6.8856480127287787 66.312056874259724 269.89970793500106 28.175148495458416 59.828744003571046 510.87220811707084 2.9441861855448215 16.225092316381051 18.017995930771576 95.144114642411296 40.23514935606363 18.564406984776724 15.449729806234243 85.167993089780794 6.8149326217098851 2.3392544599046223 15.013305493936057 42.393945584801259 34.149598560470622 509.79582935328654 38.115442012436688 3.6716010606614864 8.0491644653375243 4.1014461877348367 3.585028316796524 11.14437945649115 0.36469638589187514 14.363193729754128 200.26875918536098 38.4200399326146 9.6633164869854209
leaf_count=10658 3857 3033 1876 6056 6184 165 601 423 18081 2195 173 390 2034 1180 160 644 567 693 3647 238 49 79 80 1090 992 29 1668 5778 3023 146
internal_value=0 0.0416481 0.0366122 0.0140201 0.0380535 0.0312253 0.00610444 0.0274976 0.00210269 0.0354793 0.0384471 0.0131619 0.0526103 0.0468985 0.0433624 0.0535611 0.055423 0.0441617 0.0450253 0.0280009 0.0473659 0.0092709 -0.0397715 0.00534947 0.0407114 -0.0368046 0.000475303 0.0327443 0.0440016 0.00114371
internal_weight=0 1928.22 984.215 247.754 939.814 428.942 44.4002 116.267 131.487 347.18 306.945 81.7618 88.1122 944.008 616.701 327.307 312.294 609.886 597.883 72.265 525.618 15.8222 7.77305 124.601 15.0941 3.94972 109.507 218.833 56.438 12.0026
internal_count=75789 33769 23253 42020 20776 14592 2477 9502 32518 10345 8150 4247 2199 10516 6272 4244 3600 5092 4786 931 3855 208 129 21860 2111 1119 19749 5951 3446 306
is_linear=0
shrinkage=0.05


Tree=24
num_leaves=31
num_cat=2
split_feature=13 157 170 152 152 188 9 13 2 201 10 183 177 11 210 157 236 165 115 169 205 236 63 2 49 63 202 190 178 20
split_gain=74.0005 15.9714 11.7687 12.4471 11.7795 11.726 11.3082 9.72843 13.9337 9.56046 9.51495 8.86633 8.71381 12.3898 11.248 8.69362 10.4865 8.66411 8.54099 8.62452 10.702 8.52636 8.51742 8.19592 8.21193 7.8441 7.40539 7.84546 7.24651 7.05177
threshold=0.026936332305459828 0.29166666666666669 -0.15099392831325528 0.058245224797523691 0.069141690461264907 -0.28669801354408259 0.0134052111410602 0.13809523809523813 0.091966173361522213 -0.13226289302110669 25.500000000000004 -0.13729530572891233 0.093464698642492308 0.022663071391884955 -0.016547512263059613 0.18333333333333338 0 0.92427568514525049 -0.019270685034985028 0.29710988700389868 -0.15335327386856076 1 -0.42586675477123559 0.098780487804878067 1.0000000180025095e-35 0.4600612532148452 -0.0070464545860886565 -0.054137365892529481 -0.078321848064661012 1.0000000180025095e-35
decision_type=2 2 2 2 2 2 2 2 2 2 2 2 2 2 2 2 9 2 2 2 2 9 2 2 2 2 2 2 2 2
left_child=15 2 4 6 5 -2 23 8 11 -7 -10 -3 13 14 -12 16 -1 25 -11 -20 -21 -17 -13 -4 -25 28 -22 -28 -15 -19
right_child=1 7 3 -5 -6 9 -8 -9 10 18 12 22 -14 17 -16 21 -18 29 19 20 26 -23 -24 24 -26 -27 27 -29 -30 -31
leaf_value=0.015023725042487113 -0.074102270467899398 -0.061475512862141306 0.0057732821460500256 0.069361413448675996 -0.067105915100184391 0.065501730066491737 0.007208243069977755 0.065984605653842496 0.0037067660503614982 0.0085615534689343371 0.035660149520231998 -0.064266170639247 0.053943861084340711 0.060898672208077514 -0.0281135008159633 0.028808561125077032 -0.01610441661420739 0.030620921328285363 0.048256573359515789 -0.019220084222711556 0.042931589682883922 0.0014938126464523619 0.029727474847653187 0.038436540877272024 0.0046145066755822611 -0.027993357593004822 0.005568182071305554 0.034230484777746782 0.044056388956000642 0.05381359566035071
leaf_weight=40.3684085801724 2.2269548684707834 3.0996453780098809 27.862105118416366 17.25343434541719 2.555438896524719 37.094057499314658 64.357806358704693 55.544471958186477 12.965252725407479 21.6997552519897 18.065211966430073 2.5256894243648267 276.75589676582604 115.55152089503827 11.200945976976071 66.033924859155377 48.817017745830526 133.58665550593287 226.44973887637025 8.5765353036113066 231.28703276629676 59.454686243407195 52.704755394312087 168.23130760682398 20.089927778870333 3.133838801411911 29.391533550908207 127.19205355015583 142.78116499318276 43.429694938997272
leaf_count=7777 190 246 2104 149 86 319 3406 428 822 480 431 146 1447 476 516 12411 12452 1047 2593 259 2820 14442 1728 3506 666 69 1131 2468 1136 254
internal_value=0 0.0408071 0.0364426 0.0281416 0.0400436 0.040444 0.0256066 0.0457373 0.0443587 0.0408182 0.046172 0.0208111 0.0469115 0.0427507 0.0112523 0.00979945 -0.00213592 0.044853 0.0393977 0.040472 0.0360254 0.018282 0.0254291 0.0310838 0.0348284 0.050636 0.037247 0.0288504 0.0515899 0.0363111
internal_weight=0 1855.61 984.268 297.795 686.473 683.918 280.541 871.345 815.8 681.691 757.47 58.3301 744.505 467.749 29.2662 214.674 89.1854 438.483 644.597 622.897 396.447 125.489 55.2304 216.183 188.321 261.467 387.871 156.584 258.333 177.016
internal_count=76005 28923 20177 9831 10346 10260 9682 8746 8318 10070 6198 2120 5376 3929 947 47082 20229 2982 9751 9271 6678 26853 1874 6276 4172 1681 6419 3599 1612 1301
cat_boundaries=0 2 4
cat_threshold=3226144143 8127021 111670864 483720
is_linear=0
shrinkage=0.05


Tree=25
num_leaves=31
num_cat=1
split_feature=13 11 27 159 236 0 213 162 170 53 63 182 161 153 66 140 14 213 161 63 38 158 10 187 162 225 183 192 64 193
split_gain=66.2692 15.4548 12.8419 11.1555 20.516 9.98946 9.02071 8.56314 8.37476 11.8755 9.25823 8.00227 11.6406 15.1392 9.38751 8.13415 7.61285 7.57996 7.28511 8.8985 10.4141 13.2433 7.52928 7.26467 7.04546 7.01191 7.00199 6.99098 6.8599 6.94992
threshold=0.026936332305459828 0.10172413793103451 1.0000000180025095e-35 2.0000000000000004 0 0.25833333333333336 0.012407997623085977 0.33705426625830209 0.39789021015167242 1.0000000180025095e-35 0.88601309868139733 0.093628913164138808 59.63953820902298 0.016119123882930717 2.4302849822656927 0.052564540261627227 1.0000000180025095e-35 0.026117295958101753 123.55011053139845 -0.097646240067287213 1.0000000180025095e-35 1.7950628154117736 45.500000000000007 0.03777530416846276 0.83793945376656997 -0.0036512230290099974 -0.15040502697229383 0.21791722625494006 2.5000000000000004 -0.077218346297740922
decision_type=2 2 2 2 9 2 2 2 2 2 2 2 2 2 2 2 2 2 2 2 2 2 2 2 2 2 2 2 2 2
left_child=6 3 -3 5 -5 8 -1 25 10 23 11 12 14 15 -2 16 18 -15 -14 -20 22 -22 -21 -10 27 -6 -12 -13 -11 -30
right_child=1 2 -4 4 7 -7 -8 -9 9 28 26 24 13 17 -16 -17 -18 -19 19 20 21 -23 -24 -25 -26 -27 -28 -29 29 -31
leaf_value=0.0019851783302638625 -0.045024676905274889 0.063795884336416878 -0.023019179243390208 -0.018448067220635876 0.025194059843940481 -0.030141117220815423 0.022758603306513386 -0.0222268573118997 0.058579579491101576 0.035115596466588954 0.065675209001293311 0.04955796010575686 0.039578178070024561 0.016576761299441519 0.028754409356681523 -0.062206154180169643 0.065492536136805668 -0.05891064416613187 0.059113046255382634 -0.0049104769036320463 -0.049637599242110281 0.073092732353763332 0.047916020457918214 0.013563781007757143 -0.023470013156788039 0.057017890098140483 -0.083983341869345182 -0.0031465553344877228 -0.050670988874949176 0.0092421944678219899
leaf_weight=111.86609585362748 4.4637611982761873 99.333792654681019 4.4505369410617268 20.776171174104093 31.894722043187357 4.8957834822940631 98.07730125256785 5.5202886909100917 34.359207009052625 22.442517721938202 1.1357769035967069 428.68917161825811 679.77646372563322 10.727808268857187 126.35809013429389 1.8367399778217066 36.558116309082834 4.8195047631161279 122.92945883626817 7.2267630853748406 6.6528380392119271 3.2825388816418126 101.20707638491876 12.125245571660342 3.4001766080618827 37.849624330498045 2.5059517975896588 6.3856280538602723 5.6971217270474872 32.185271000489593
leaf_count=26545 406 825 251 1402 687 656 20129 465 545 615 8 4372 8194 215 3342 87 263 192 1058 539 265 18 1006 328 545 559 99 215 282 1201
internal_value=0 0.0413246 0.060073 0.0402164 0.0236483 0.0411751 0.0116897 0.0332959 0.0413861 0.0278447 0.0423205 0.0425082 0.0402418 0.0421209 0.026237 0.042914 0.0431157 -0.00682355 0.0422275 0.0496911 0.0399061 -0.00908885 0.0443953 0.0468374 0.0482241 0.0424646 -0.0373081 0.0487844 0.0132096 0.000231869
internal_weight=0 1859.49 103.784 1755.7 96.0408 1659.66 209.943 75.2646 1654.77 106.809 1547.96 1544.31 1105.84 975.017 130.822 959.47 957.633 15.5473 921.075 241.299 118.369 9.93538 108.434 46.4845 438.475 69.7443 3.64173 435.075 60.3249 37.8824
internal_count=75314 28640 1076 27564 3113 24451 46674 1711 23795 2971 20824 20717 15585 11837 3748 11430 11343 407 11080 2886 1828 283 1545 873 5132 1246 107 4587 2098 1483
cat_boundaries=0 2
cat_threshold=91636257 65873
is_linear=0
shrinkage=0.05


Tree=26
num_leaves=31
num_cat=1
split_feature=8 12 169 144 159 68 185 0 60 215 236 128 211 202 159 16 3 22 215 7 38 7 16 177 220 148 20 33 193 162
split_gain=48.1601 12.9331 10.0129 10.9118 10.8891 12.4406 8.9371 8.59332 8.56517 9.11466 8.26145 7.62683 7.33235 10.3427 7.15788 7.65605 6.92157 7.5271 6.78151 6.70646 6.16426 5.95756 5.74605 9.63583 5.69799 5.64376 5.51741 5.44665 5.41443 5.41307
threshold=0.15528941320323206 6.5000000000000009 0.29958987236022955 -0.0041746802561053818 1.0000000000000002 41.326938507854301 0.22226198017597201 0.098780487804878067 1.0000000180025095e-35 -0.12294359132647513 0 1.0000000180025095e-35 -0.029388806782662865 0.041052991524338729 2.0000000000000004 1.5000000000000002 0.37321428571428578 1.0000000180025095e-35 -0.112524576485157 0.2448637316561845 1.0000000180025095e-35 0.41522988505747133 1.0000000180025095e-35 0.18974716961383822 0.028404363431036476 0.021776295709332139 1.0000000180025095e-35 1.0000000180025095e-35 0.25607970356941229 0.5163696820896938
decision_type=2 2 2 2 2 2 2 2 2 2 9 2 2 2 2 2 2 2 2 2 2 2 2 2 2 2 2 2 2 2
left_child=1 -1 3 -2 5 21 16 19 11 -10 -11 12 -3 14 15 18 28 29 -14 -6 25 22 -5 -24 -19 -8 27 -21 -4 -18
right_child=2 8 6 4 7 -7 20 -9 9 10 -12 -13 13 -15 -16 -17 17 24 -20 26 -22 -23 23 -25 -26 -27 -28 -29 -30 -31
leaf_value=-0.055526561472449193 -0.0012942174402015437 0.011261644983012934 0.040202795077558258 0.066593575241321687 0.047141926487613346 0.022924903098429698 0.025936739049628676 -0.0058381352764966029 0.065811549706604855 0.015710486562357056 -0.017962293113730241 -0.014401496091462044 0.069625375220694924 0.057516178385851449 -0.027468558914819613 0.054024681207587438 0.012053894183799537 0.059863679578665542 0.0090083450482156061 0.038485699821423226 -0.040500870230867632 -0.0066631532172186482 0.052735015100206853 -0.040904159699970091 -0.071373302608435926 -0.087126420247314956 -0.035755995112601725 -0.011838909350275262 -0.013209292064503109 -0.053408836796321628
leaf_weight=6.0753151424396483 11.604514356375146 47.903571547562024 1200.3028489421122 86.797618552460335 82.669157638454635 33.624048985322588 48.321158140999614 11.587422072945627 5.1433119187277034 23.483320767685655 30.867083188873949 11.760905189847106 5.2792621864209641 33.967847771433298 6.1992791258380739 20.357009049788758 21.173881235648881 11.293836657976495 36.614760228017985 25.847317393665435 4.0922322010155758 3.9031975755351587 256.92276716546621 2.7770445426285724 0.89243972138501781 1.1295401256065805 3.7848483591515096 6.788774258864577 4.7635866329655974 3.7113989919889709
leaf_count=10654 373 7545 21453 691 1231 1278 1052 635 426 3143 5290 2060 318 3454 1331 1791 1403 302 5957 753 167 351 1736 209 104 40 207 225 299 1103
internal_value=0 0.0164454 0.0408372 0.046653 0.047734 0.0519764 0.0384749 0.0352668 0.0184188 0.00219287 -0.00382752 0.0243746 0.0274084 0.0349607 0.0237677 0.02887 0.039337 0.018057 0.016647 0.0392663 0.0184738 0.0547641 0.0554561 0.0517337 0.0502528 0.0233542 0.0213902 0.0280175 0.0399917 0.00229076
internal_weight=0 227.652 1821.99 526.307 514.702 384.025 1295.68 130.678 221.576 59.4937 54.3504 162.083 150.322 102.418 68.4503 62.251 1242.14 37.0716 41.894 119.09 53.5429 350.401 346.497 259.7 12.1863 49.4507 36.4209 32.6361 1205.07 24.8853
internal_count=75581 41969 33612 7689 7316 4265 25923 3051 31315 8859 8433 22456 20396 12851 9397 8066 24664 2912 6275 2416 1259 2987 2636 1945 406 1092 1185 978 21752 2506
cat_boundaries=0 2
cat_threshold=2188075744 4456800
is_linear=0
shrinkage=0.05


Tree=27
num_leaves=31
num_cat=0
split_feature=8 157 66 219 63 159 8 186 162 198 12 100 203 162 205 64 40 203 58 174 158 222 60 5 128 188 157 190 169 138
split_gain=45.7024 21.5458 12.9305 9.83705 10.6989 9.676 12.2827 12.9336 11.4763 11.1331 10.4897 9.23504 10.1419 8.8669 8.80261 10.9332 8.75472 9.32365 9.48743 8.46897 8.31124 14.0823 8.97431 8.74952 8.20721 8.12992 8.32148 7.70242 8.88104 8.05771
threshold=0.13073305032146498 0.36666666666666675 11.378560869614933 0.038593070581555373 0.16166960279687656 1.0000000000000002 0.26198484583114251 0.08422641828656198 0.50604914176355809 -0.08682741597294806 21.500000000000004 -0.06852467065970537 0.059655442833900459 0.60271397088024148 0.029618220403790477 3.5000000000000004 1.0000000180025095e-35 0.071331560611724867 1.0000000180025095e-35 0.27732950448989874 0.89806854864220809 0.080011911690235152 1.0000000180025095e-35 0.47222222222222227 -0.10172553394486115 -0.11703709512948988 1.0000000180025095e-35 0.019724776968359951 0.29782815277576452 -0.0033384226579121642
decision_type=2 2 2 2 2 2 2 2 2 2 2 2 2 2 2 2 2 2 2 2 2 2 2 2 2 2 2 2 2 2
left_child=13 2 5 4 19 8 10 9 11 -8 -7 12 -2 14 -1 -16 17 18 -11 -4 22 -22 -10 -24 -3 26 -5 28 29 -13
right_child=1 24 3 25 -6 6 7 -9 20 16 -12 27 -14 -15 15 -17 -18 -19 -20 -21 21 -23 23 -25 -26 -27 -28 -29 -30 -31
leaf_value=0.0048214963632311845 0.066679486604141025 -0.0050571296268499231 0.045699309703762875 0.058667724510192414 0.0091478632345551435 -0.039756542330634727 -0.050167806126245877 0.054630506988222333 0.040012326919435452 0.045323613232088 0.020088822357413084 -0.032062991780526101 -0.043343450310189852 -0.024096789274718703 0.043937456725385092 -0.0017567680672333102 -0.034303078213290546 -0.025663072777959751 -0.0085757979968238331 -0.061058030082232366 0.0082291876342545211 -0.10559988671607023 -0.049854950504635946 0.2339241411335464 0.047913988388072218 0.058993560733115527 -0.054037696036137783 0.043947632162698536 0.025115489152671477 0.044477857903450602
leaf_weight=78.99262507585081 41.391597169247689 7.3944675620587068 105.71153700626746 3.2456318346085018 28.042668908063206 7.6568931423644235 4.7024427258293136 61.25600705454417 27.376184151369671 61.95778540126048 167.53036671205336 3.538272646313998 2.2061933364166171 15.387109269515348 42.965328153994051 18.826959179852565 5.1351847448386243 6.2082179866265497 9.4034496007661783 1.8909269027863036 13.766413496035968 3.3852650423359583 4.6437844482279607 0.28849564125994209 658.47404811690649 120.05313738455152 3.3059720697274315 239.75069648379576 186.63800959586661 121.9026174337705
leaf_count=13828 370 263 3476 95 1772 3712 250 472 1755 1031 6688 157 70 7844 5417 3427 168 185 330 401 1247 275 762 18 8608 1734 491 4066 4915 1944
internal_value=0 0.0400803 0.036161 0.0460101 0.0366546 0.0334948 0.0264432 0.0370137 0.0370359 0.0246676 0.0174732 0.0389583 0.061112 0.0119406 0.0158794 0.0300153 0.0289226 0.0331082 0.0382212 0.0438232 0.0138932 -0.0142375 0.028827 -0.0332563 0.0473257 0.0560337 0.00179601 0.037208 0.0320304 0.0423189
internal_weight=0 1896.86 1230.99 262.25 135.645 968.738 323.85 148.663 644.888 87.4071 175.187 595.427 43.5978 156.172 140.785 61.7923 82.7046 77.5695 71.3612 107.602 49.4601 17.1517 32.3085 4.93228 665.869 126.605 6.5516 551.83 312.079 125.441
internal_count=75771 45255 36384 7969 5649 28415 12836 2436 15579 1964 10400 11522 440 30516 22672 8844 1714 1546 1361 3877 4057 1522 2535 780 8871 2320 586 11082 7016 2101
is_linear=0
shrinkage=0.05


Tree=28
num_leaves=31
num_cat=0
split_feature=13 157 138 158 231 177 61 113 13 229 9 167 7 43 204 223 123 202 150 188 178 20 107 123 157 224 66 6 1 188
split_gain=50.3715 14.8645 10.214 9.90703 12.3177 10.8934 10.0594 9.86233 9.58197 9.49469 8.96988 8.79326 8.78632 12.8921 8.7377 8.55428 8.04578 8.00079 7.9714 8.93539 7.77688 17.4807 10.6509 8.31641 7.37373 7.00498 7.40632 7.88935 6.58162 6.51112
threshold=0.026936332305459828 0.29166666666666669 -0.060899487296507855 0.18715095052882491 0.038614224642515189 -0.18398594856262204 1.0000000180025095e-35 -0.081452458771143224 0.042796092796092804 -0.094087883830070482 0.03980198019801981 3.4944361593049078 0.20761494252873566 1.0000000180025095e-35 0.1173420660197735 0.086967539042234435 -0.053435566828453102 0.033760994672775275 0.0083430676039498875 0.090352524071931853 0.1447190195322037 1.0000000180025095e-35 -0.02785383602000285 0.0047988199339078904 0.18333333333333338 -0.087001483887433992 5.0024360470226608 0.10818713450292398 0.024448419797257009 0.17978838831186297
decision_type=2 2 2 2 2 2 2 2 2 2 2 2 2 2 2 2 2 2 2 2 2 2 2 2 2 2 2 2 2 2
left_child=24 3 -3 4 9 6 -5 -7 17 -2 11 12 13 -4 -12 -14 -11 -9 -13 -20 22 23 -10 -22 -1 -18 -27 -28 -26 -24
right_child=1 2 10 5 -6 7 -8 8 20 16 14 18 15 -15 -16 -17 25 -19 19 -21 21 -23 29 -25 28 26 27 -29 -30 -31
leaf_value=0.0034848147371117095 -0.037604889206588693 -0.029410278452641617 0.061402976253534608 0.037049458159953738 -0.014846035251326994 -0.050169850560667577 0.069316584769697639 0.033041771733311145 0.056247508336999069 -0.051895282498970588 0.019976931311041286 0.04414172710741808 0.045494730552807339 -0.038096017916532436 -0.10556872804862004 -0.021264069963855464 -0.031927373210651713 0.0089160044673816975 -0.018828228199208895 0.049047504044238452 0.06148458477539525 -0.03157374090711345 0.035510864572571903 -0.0402366169569267 0.0091352741191525581 0.017750763597952291 0.052760414888576947 -0.046243689490875525 0.032727187660763039 -0.01801264019397783
leaf_weight=82.401381883559225 4.901030479988548 4.4798474058625279 198.50492855632911 44.53477989602834 17.972268490644637 3.2467707645846522 52.780237584753195 185.67306166325579 67.686326122435275 2.6593882016313719 9.0198634472471877 528.25440374584286 116.10978007729864 3.3098423411720423 1.6375093450187694 5.0053710443025912 3.6051314986834759 42.169273171224631 10.792445797473194 8.8040644684224372 87.552812329726294 5.643930526188341 364.47217825335974 2.05653474346036 50.813254886696086 27.396317016333342 56.571978788080742 2.0864306764560743 70.689677351547289 5.7720539582951451
leaf_count=20101 276 153 1330 1085 860 104 470 3914 740 120 549 4082 1628 123 58 330 280 1866 317 97 855 202 7062 70 18052 835 975 95 8751 408
internal_value=0 0.0412069 0.0458969 0.0369531 0.0231816 0.0387943 0.05455 0.0367882 0.0371592 0.0302115 0.0462796 0.0468376 0.053382 0.0597712 0.000686793 0.0427358 0.0338117 0.0285766 0.0429801 0.0116661 0.0408267 0.0537745 0.0380105 0.0591501 0.0150307 0.0363538 0.0392144 0.0492389 0.0228609 0.0346764
internal_weight=0 1862.7 885.918 976.781 115.193 861.588 97.315 764.273 761.026 97.2203 881.438 870.781 322.93 201.815 10.6574 121.115 92.3192 227.842 547.851 19.5965 533.184 95.2533 437.931 89.6093 203.904 89.6599 86.0547 58.6584 121.503 370.244
internal_count=75788 28884 8667 20217 3441 16776 1555 15221 15117 2581 8514 7907 3411 1453 607 1958 2305 5780 4496 414 9337 1127 8210 925 46904 2185 1905 1070 26803 7470
is_linear=0
shrinkage=0.05


Tree=29
num_leaves=31
num_cat=2
split_feature=8 236 157 229 209 195 170 236 172 203 113 195 76 178 167 212 187 200 24 55 6 205 62 190 208 229 152 145 45 66
split_gain=45.0915 11.2043 9.01468 12.1952 10.6684 9.5982 9.53789 15.4787 8.37991 7.80827 7.77636 8.77363 10.7658 9.11926 8.21087 7.61678 7.39781 8.20238 7.23531 7.03737 10.8161 6.71229 6.35355 6.33013 6.3154 9.2002 7.16239 6.82084 7.10272 10.5226
threshold=0.13073305032146498 0 0.22500000000000003 -0.082532752305269227 0.099236208945512785 0.15582256019115451 -0.15430919826030728 1 0.25952637195587164 -0.089495770633220659 -0.10695832551321081 -0.14774686843156812 0.03337041156840935 0.091938175261020674 3.683093978555632 0.035414015874266631 -0.13721920549869535 0.010500877629965545 1.0000000180025095e-35 1.0000000180025095e-35 0.023575729504400188 0.19032838195562365 1.0000000180025095e-35 0.15426793694496158 0.052321607246994979 -0.12781202793121335 -0.082370211698430576 0.022185937560269292 1.0000000180025095e-35 11.467083423541544
decision_type=2 9 2 2 2 2 2 9 2 2 2 2 2 2 2 2 2 2 2 2 2 2 2 2 2 2 2 2 2 2
left_child=1 9 3 4 8 16 10 -8 -2 -1 -5 18 13 14 15 -13 17 -4 -12 -9 -21 24 -10 -14 25 -18 -27 28 -26 -30
right_child=2 -3 5 6 -6 -7 7 19 22 -11 11 12 23 -15 -16 -17 21 -19 -20 20 -22 -23 -24 -25 27 26 -28 -29 29 -31
leaf_value=0.050782181349066827 0.054961969642613809 -0.0050423507815120956 0.037722556275163611 -0.054915746260592972 -0.01913911469319754 0.021328300586979883 -0.0038497620508228256 0.028840318077388877 -0.0082539247611575148 0.015645502977881139 0.057202988892934375 -0.0021929934193878702 0.055386918658466268 0.040968633413085154 0.030914728795560023 0.037320116643704528 -0.010161238926076718 9.7684754980251922e-05 -0.020130756502933809 -0.08191075607107505 0.078027707631986673 -0.029313218491598327 0.052092029609779836 -0.040224904392260251 0.04173226539203357 -0.051729749283669572 0.048370265710630467 -0.010790866586085357 0.023066506955620899 -0.10577367868460437
leaf_weight=21.333086907405232 136.24008629329182 64.356001487809408 79.164652286061028 2.2967707709467495 5.6598009750741758 48.811225733588799 46.803577234066324 122.08580592152066 9.8816515552171058 61.089301369858731 65.878242919665354 45.657476637905347 62.418236021345365 116.91365623621823 114.59248819082131 16.641803138430987 6.8293118795991168 17.729486091964645 3.170080952171701 1.1468210118327977 13.506917982376761 3.0021498497808343 7.8083201523986636 1.7805100883633702 176.26361977723718 1.7912568962492503 755.56234402084374 7.0434968501504036 8.7698080624686536 1.9342819081502955
leaf_count=2490 2419 15612 1316 87 736 1516 4247 6144 443 12296 619 3780 1044 2178 1757 1388 691 864 125 180 164 226 146 129 3214 87 11281 302 141 62
internal_value=0 0.0113381 0.0401131 0.0359679 0.0482793 0.0430059 0.0327621 0.0232223 0.0507582 0.022063 0.0368403 0.0373338 0.0341864 0.0301333 0.0229719 0.00836201 0.044006 0.030838 0.0536525 0.0305369 0.0655107 0.0453334 0.0183827 0.0527352 0.0455672 0.0476125 0.0481335 0.0375111 0.0393307 -0.000215551
internal_weight=0 146.778 1879.38 772.482 159.59 1106.9 612.892 183.543 153.93 82.4224 429.349 427.052 358.004 293.805 176.892 62.2993 1058.09 96.8941 69.0483 136.74 14.6537 961.196 17.69 64.1987 958.194 764.183 757.354 194.011 186.968 10.7041
internal_count=75684 30398 45286 25586 3744 19700 21842 10735 3008 14786 11107 11020 10276 9103 6925 5168 18184 2180 744 6488 344 16004 589 1173 15778 12059 11368 3719 3417 203
cat_boundaries=0 2 4
cat_threshold=2403591128 2429579 3428341328 5329762
is_linear=0
shrinkage=0.05


Tree=30
num_leaves=31
num_cat=1
split_feature=13 157 8 68 158 178 162 188 165 59 11 80 208 82 13 113 236 10 226 31 63 162 200 142 172 158 60 232 178 158
split_gain=33.599 11.8753 13.5579 12.1429 10.8463 8.54686 8.48906 8.47622 7.78938 7.61299 6.78117 6.59687 6.58169 7.01482 6.31693 6.16497 11.2018 11.0608 8.88502 7.82713 7.47311 7.28365 7.04678 6.12012 6.08547 5.95461 6.67526 8.34451 5.91429 5.79531
threshold=0.027681992337164753 0.55000000000000016 0.35233347047371444 41.326938507854301 1.3201928871665392 -0.17101752012968061 0.43326292031392249 0.24055179953575137 0.34766823020025261 1.0000000180025095e-35 0.10172413793103451 0.052777777777777785 0.0045136709231883296 0.16620879120879126 0.075961538461538483 -0.0037410930073848814 0 144.50000000000003 0.07107074931263925 1.0000000180025095e-35 0.22677155075964389 0.072705558072134455 0.039014618843793876 0.085491006265938363 0.34395028650760656 1.0744426019078432 1.0000000180025095e-35 -0.027270843274891373 0.043354637920856483 0.25340495438154664
decision_type=2 2 2 2 2 2 2 2 2 2 2 2 2 2 2 2 9 2 2 2 2 2 2 2 2 2 2 2 2 2
left_child=8 3 5 7 6 -3 12 10 -1 14 15 -10 13 -5 -4 17 20 18 -2 23 29 22 -21 24 -18 26 -12 -28 -8 -17
right_child=1 2 9 4 -6 -7 28 -9 11 -11 25 -13 -14 -15 -16 16 19 -19 -20 21 -22 -23 -24 -25 -26 -27 27 -29 -30 -31
leaf_value=0.0044180891561757894 0.067918801348422167 -0.0088298968780035833 0.011510263457281943 0.037192770891982203 0.049811831984787995 0.059527769014610238 -0.0020819300890439533 0.069766042483317886 0.02952729003283594 0.060459852576774178 0.064822375677376462 -0.0028927104565956404 0.021881680723669895 -0.058530846091898195 -0.086016058600546563 -0.025158828506385567 0.042800991793256943 0.016354068058399531 -0.016710728602766674 0.037189715527173588 0.03830614133391777 -0.028362978876883185 -0.022911906578588128 -0.039074534500951295 -0.029117043923696087 -0.020488197406486639 -0.098113289541072249 0.057892647609866593 0.043102845200118672 0.014713674790852303
leaf_weight=63.293240495200735 58.162718846608186 4.7254949870402916 3.5916204182431084 227.89811905988608 73.540247739932965 141.41605259635253 33.200324605801143 26.343996132403845 125.53986251710012 3.1757182516157627 54.7658994771773 17.93239702052233 118.49045581827522 1.9301062973681826 3.0878199544968084 11.087841882777864 891.5023701001046 15.677296758338342 3.2760664419620289 36.82979134953348 29.100592051981948 6.3048331464524372 5.6214639568352132 2.3015960400807662 2.951168962637893 2.3604120309464625 1.4512988358037548 2.0937398438691153 9.2624192586226837 51.170773487916449
leaf_count=19878 530 95 27 2592 698 906 1069 144 23923 14 467 3353 3093 50 76 757 12062 255 152 373 1010 381 176 97 272 105 126 43 412 2531
internal_value=0 0.0402982 0.0534896 0.0390625 0.0321959 0.0573174 0.0288808 0.0417172 0.0190294 -0.00327322 0.0410882 0.0254752 0.0314538 0.0363889 -0.0335749 0.0402016 0.0391872 0.0538407 0.0634061 0.0408613 0.0156738 0.0217833 0.029231 0.0423542 0.0425637 0.0573667 0.0605183 -0.00597442 0.00777425 0.00761265
internal_weight=0 1821.32 155.997 1665.32 464.322 146.142 390.781 1201 206.766 9.85516 1174.66 143.472 348.319 229.828 6.67944 1113.99 1036.87 77.1161 61.4388 945.511 91.3592 48.7561 42.4513 896.755 894.454 60.6714 58.3109 3.54504 42.4627 62.2586
internal_count=75667 28513 1118 27395 7914 1001 7216 19481 47154 117 19337 27276 5735 2642 103 18596 17659 937 682 13361 4298 930 549 12431 12334 741 636 169 1481 3288
cat_boundaries=0 2
cat_threshold=577782918 6889741
is_linear=0
shrinkage=0.05


Tree=31
num_leaves=31
num_cat=4
split_feature=13 69 223 157 236 20 185 223 63 236 201 10 189 231 157 29 236 27 186 174 13 236 63 37 44 189 157 63 1 50
split_gain=41.0561 13.0971 9.28289 14.2524 15.0761 11.1526 16.8966 9.26211 10.502 17.6849 9.5211 9.47881 9.54424 10.85 9.01509 8.86207 8.01135 7.79529 8.04768 7.66791 7.40083 9.95005 9.21037 8.21753 7.11893 7.91095 7.0747 7.05807 6.93098 7.33204
threshold=0.027681992337164753 2.2632281889643253 -0.027102768421173092 0.55000000000000016 0 1.0000000180025095e-35 -0.10878369212150572 -0.0042126521002501241 0.14569822321677681 1 -0.077008429914712892 13.500000000000002 -0.082860197871923433 -0.092877611517906175 0.29166666666666669 1.0000000180025095e-35 2 1.0000000180025095e-35 0.13134837895631793 -0.030467476695775982 0.15037593984962408 3 -0.043232980788921467 1.0000000180025095e-35 1.0000000180025095e-35 0.090042144060134902 0.36666666666666675 -0.43943848727282736 0.16904761904761909 1.0000000180025095e-35
decision_type=2 2 2 2 9 2 2 2 2 9 2 2 2 2 2 2 9 2 2 2 2 9 2 2 2 2 2 2 2 2
left_child=14 20 3 4 5 17 -7 -4 10 -10 27 -12 -13 -14 16 -6 -1 18 -3 -11 21 -2 -22 -24 28 -26 -15 -9 -23 -30
right_child=1 2 7 -5 15 6 -8 8 9 19 11 12 13 26 -16 -17 -18 -19 -20 -21 22 24 23 -25 25 -27 -28 -29 29 -31
leaf_value=-0.0041806708423268333 -0.0062632948822057459 0.050588385611286139 0.053970869825852509 0.062940119109383283 0.016189513818627155 -0.093933285398019248 0.025001616654513576 -0.033191293664632401 -0.013930097847277795 0.046869974387021764 -0.025037227458692132 0.058734091127194105 -0.027701572766407737 0.036604120351013784 0.032959129574216671 -0.035612688774903957 0.019098814352765114 0.021182325486474085 0.0091259180913393322 0.025341934813377254 0.065759061463946791 0.039234302432717971 -0.034699558155089752 0.048147791461184059 0.016258880080889403 0.0438452956350701 0.051465622460099836 0.065920834988881044 -0.030392502818604825 0.055894347127670087
leaf_weight=62.616169402117521 20.771801370487083 171.29232449087431 248.34409278226667 44.127988006890519 70.95307614110061 3.4693243531510261 21.444849119230639 1.8436642474262033 18.884528416354442 108.58380058652256 4.9508440106146727 93.561673380667344 5.6907683970493954 224.78522750314733 60.402458026361273 9.3433787419344281 79.71257534081451 32.472860389883863 12.561302642163353 66.813880568224704 34.687389737344347 296.19833567467867 4.9089394726906885 7.6693313486175612 94.531473387411097 35.84186755513656 124.39580131063121 69.882517799938796 7.274904125282772 3.7212544938665815
leaf_count=17835 1291 1797 2046 278 3394 123 438 86 965 1399 806 762 498 3238 12240 627 17164 727 357 1098 242 3547 258 98 1955 359 841 688 542 113
internal_value=0 0.0404828 0.0430811 0.0362942 0.0326373 0.0385215 0.00843981 0.0456455 0.0427715 0.0328396 0.0464461 0.0437682 0.0445279 0.0407824 0.0167741 0.00903638 0.00990537 0.0437667 0.0477556 0.0365836 0.0336304 0.0316878 0.052468 0.0158148 0.0328811 0.0238429 0.0418985 0.0633732 0.0377872 -0.00119182
internal_weight=0 1839.01 1333.4 365.665 321.537 241.241 24.9142 967.737 719.393 194.282 525.11 453.384 448.433 354.872 202.731 80.2965 142.329 216.326 183.854 175.398 505.605 458.34 47.2657 12.5783 437.568 130.373 349.181 71.7262 307.194 10.9962
internal_count=75812 28573 20168 7741 7463 3442 561 12427 10381 3462 6919 6145 5339 4577 47239 4021 34999 2881 2154 2497 8405 7807 598 356 6516 2314 4079 774 4202 655
cat_boundaries=0 2 4 6 8
cat_threshold=69642824 344634 2147625522 13076 1070944560 579942 100802566 630784
is_linear=0
shrinkage=0.05


Tree=32
num_leaves=31
num_cat=1
split_feature=13 222 63 13 105 63 165 7 177 236 157 204 99 167 2 63 164 108 197 24 226 63 69 160 162 137 13 158 209 39
split_gain=34.2976 10.4007 10.2226 8.73269 8.33081 8.07075 7.25185 6.89199 7.52608 6.80831 6.77681 8.26715 9.62006 7.94294 7.55222 7.37608 6.90655 8.0664 6.72059 6.698 6.65804 6.39613 6.26828 6.41697 5.86073 9.43473 7.47373 12.704 7.61751 7.94373
threshold=0.029498781761225203 0.090329986065626158 -0.36392708251345052 0.20714285714285716 -0.14309254770390448 0.77659661038189653 0.3937828062850614 0.16333333333333336 -0.026337652467191216 0 0.45000000000000007 0.092551216483116164 0.025230395909074967 3.6954428214859547 0.42261904761904767 0.049491733333178939 68.500000000000014 -0.0086105908160757447 0.13721561431884768 1.0000000180025095e-35 0.032793009653687484 0.26863618117511262 2.1481354818363245 4.1739131697213825 -0.44274662532664483 0.031247245794222091 0.071625887924230483 1.032645240816487 -0.004755608504638075 1.0000000180025095e-35
decision_type=2 2 2 2 2 2 2 2 2 9 2 2 2 2 2 2 2 2 2 2 2 2 2 2 2 2 2 2 2 2
left_child=4 3 20 5 -1 10 9 19 21 -6 11 24 13 -13 16 -15 18 -18 -12 -4 -3 -9 -19 -24 -2 26 27 -26 -28 -30
right_child=1 2 7 -5 6 -7 -8 8 -10 -11 14 12 -14 15 -16 -17 17 22 -20 -21 -22 -23 23 -25 25 -27 28 -29 29 -31
leaf_value=0.089452841084728868 0.037096339826680418 0.028057755367890964 0.064466643934013246 0.062990942196199579 0.016121203678633744 -0.022894186976589282 0.024275180962167589 0.029056124671951428 0.049364379854992146 -0.011143296773424904 0.032659531445880637 0.057036384897091598 -0.054205715259018378 0.042975041291280686 -0.041176550457153682 -0.0046592914440590034 -0.0086181628019783296 0.018350927704184224 -0.059019914338031221 -0.021521431914803768 -0.048047734137765398 -0.047981084071516543 0.053413578232356033 -0.017831599317579501 0.025792739468075605 -0.04381561677923615 0.04994842121237654 -0.063327913554368551 0.017128142377483179 0.052036723049105685
leaf_weight=4.2275693396877605 578.28343274825602 11.072583289525936 85.305011768301483 33.426193523278926 46.282851999148988 5.5776800859021014 176.19850268372102 22.106341863633137 139.82027357205516 30.750481079408928 55.598113024898339 92.219395203894237 2.3082721766550085 32.609092022961704 2.5730291757790829 10.824653976509579 5.9851460889913133 14.481746344186829 2.073505687643773 2.3264525248087002 3.8810881845420218 3.0683371523045926 210.36364714303636 3.2087333679664871 221.37722117436351 4.3835668100509784 74.488321682612877 4.0723104725766452 54.469113978178939 23.254168512212345
leaf_count=215 6849 224 735 530 10782 225 26283 519 1339 11496 486 1187 88 557 177 424 177 198 56 94 130 141 1413 61 6628 279 1571 495 1935 406
internal_value=0 0.0394258 0.0484741 0.0377346 0.0198426 0.0371308 0.0186805 0.0508518 0.0448332 0.00588385 0.0373712 0.0355657 0.0470108 0.0487331 0.0441095 0.0311035 0.0448617 0.0486809 0.0293633 0.0621838 0.00830527 0.0196667 0.0501846 0.0523432 0.0339215 0.0291159 0.0299624 0.0241829 0.0385227 0.0275725
internal_weight=0 1699.16 267.58 1431.58 257.459 1398.15 253.232 252.626 164.995 77.0333 1392.57 1098.29 137.961 135.653 294.284 43.4337 291.711 234.039 57.6716 87.6315 14.9537 25.1747 228.054 213.572 960.328 382.045 377.661 225.45 152.212 77.7233
internal_count=75700 26924 3182 23742 48776 23212 48561 2828 1999 22278 22987 20419 2256 2168 2568 981 2391 1849 542 829 354 660 1672 1474 18163 11314 11035 7123 3912 2341
cat_boundaries=0 2
cat_threshold=4055545218 7934740
is_linear=0
shrinkage=0.05


Tree=33
num_leaves=31
num_cat=1
split_feature=13 11 69 9 68 159 4 205 204 161 173 154 182 67 169 4 33 173 57 218 172 212 41 214 56 11 67 183 60 236
split_gain=39.0218 9.39157 6.98174 8.51221 6.09487 6.07127 14.6962 10.2082 9.83859 9.37548 8.77287 7.03662 9.3534 7.02992 6.28813 6.67615 8.82729 12.3874 7.00625 14.634 13.5312 6.50363 6.01978 6.45417 5.91081 11.2894 6.45891 6.571 5.80435 7.95218
threshold=0.028162590879048252 0.10172413793103451 2.2256353262601958 0.030220008302200087 41.414066282955346 1.0000000000000002 0.014955357142857144 0.048389457166194923 -0.019919116050004956 177.3436517953709 0.047770621255040176 -0.0027919248683899093 0.16403251886367801 1.2612084632045018 0.29104997217655187 0.10620300751879701 1.0000000180025095e-35 -0.009955242741852997 1.0000000180025095e-35 0.08728628978133203 0.30583880841732031 -0.13475381582975385 1.0000000180025095e-35 0.11431460455060007 1.0000000180025095e-35 0.033460559796437667 5.8034490694806342 -0.016870005987584587 1.0000000180025095e-35 0
decision_type=2 2 2 2 2 2 2 2 2 2 2 2 2 2 2 2 2 2 2 2 2 2 2 2 2 2 2 2 2 9
left_child=28 2 3 4 -2 14 10 8 -8 -9 -7 12 -10 -12 -4 21 18 -18 20 -20 -17 -16 -3 -24 -23 -26 27 -27 -1 -30
right_child=1 22 5 -5 -6 6 7 9 11 -11 13 -13 -14 -15 15 16 17 -19 19 -21 -22 24 23 -25 25 26 -28 -29 29 -31
leaf_value=0.024181183945246404 0.031944553395105962 0.059120349285711207 0.052088892291487998 -0.0039110258835532317 0.045334221019427627 -0.0080639558112814494 0.027701632402413884 0.026860683973155487 -0.038694080430560718 -0.059639091445866738 -0.050969642826427422 0.050598798568824946 0.058483707893283589 0.040430344673951443 -0.044541457686628032 0.036706483049616601 -0.0075207898017293807 0.064363866419647961 -0.035045613533749895 0.055891492390133059 -0.061670151343606622 0.046290630474966198 -0.096193270162262798 0.064577343236509058 -0.056191052301701086 0.04261371284313021 0.05734685987595093 -0.030963218713441931 0.019478804414182857 -0.012349766970688613
leaf_weight=147.63540789010949 256.74925452063326 91.722537093242863 226.49366295064101 13.574689832428701 127.04344460938592 25.564746646647109 68.741299352055648 56.330904627087875 5.1894572699966357 3.3170543861633623 2.2976166618173037 250.8495122322347 4.7358454841887578 24.935521742780111 2.0323379102046593 56.445746322249761 7.359035756206139 32.287103239796124 12.874091401579792 6.740260708204004 3.7260875892243339 535.15606278816995 1.3083270657807582 1.1939507283968849 3.8597710594185655 6.495931165933146 14.859959232795516 5.6947530217003068 32.412160944746574 28.302959120381274
leaf_count=34032 4503 986 2126 1237 1456 2243 1628 1143 149 148 254 2332 28 989 225 1097 248 259 495 98 127 5670 84 19 215 56 55 124 6700 6839
internal_value=0 0.0416553 0.0408289 0.0350005 0.0363768 0.0425369 0.0377255 0.0410839 0.0445292 0.0220504 0.0129719 0.0489651 0.00767418 0.0327191 0.0448634 0.042483 0.0317373 0.0510208 0.0221552 -0.00379606 0.0306146 0.0447422 0.0570329 -0.0194823 0.0450627 0.0238035 0.0352176 0.008243 0.0188293 0.00581578
internal_weight=0 1847.58 1753.35 397.367 383.793 1355.99 441.962 389.164 329.516 59.648 52.7979 260.775 9.9253 27.2331 914.025 687.531 119.432 39.6461 79.7862 19.6144 60.1718 568.099 94.2248 2.50228 566.066 30.9104 27.0506 12.1907 208.351 60.7151
internal_count=75565 27994 26905 7196 5959 19709 8914 5428 4137 1291 3486 2509 177 1243 10795 8669 2324 507 1817 593 1224 6345 1089 103 6120 450 235 180 47571 13539
cat_boundaries=0 2
cat_threshold=3424119368 1352010
is_linear=0
shrinkage=0.05


Tree=34
num_leaves=31
num_cat=0
split_feature=13 157 4 181 189 211 207 165 164 194 167 185 221 66 213 23 45 12 6 230 46 19 133 158 173 63 63 54 63 63
split_gain=31.7272 11.7379 11.7792 9.92607 7.97079 9.60483 7.73768 7.37635 6.99935 9.42306 9.20655 9.04151 8.49552 7.23197 6.44098 6.19267 16.7105 12.1163 7.69055 6.23447 11.0571 9.02597 6.15535 7.86895 6.62177 7.15462 6.7706 6.11364 5.94731 9.28538
threshold=0.028162590879048252 0.29166666666666669 0.25543478260869573 0.1840818598866463 0.15321541577577594 0.16334453970193866 -0.038881085813045495 0.36269468999939869 74.000000000000014 0.039821827784180648 3.1711542861217725 0.17413648217916491 -0.1199156306684017 4.1421759797024125 -0.024023942649364468 1.0000000180025095e-35 1.0000000180025095e-35 56.500000000000007 0.093073593073593086 0.086457151919603362 1.0000000180025095e-35 1.0000000180025095e-35 -0.065911370853293016 0.19592740005100753 -0.32103721797466273 -0.25971208688056424 -0.39329248657182964 1.0000000180025095e-35 -0.030660425727061496 0.15892800684087519
decision_type=2 2 2 2 2 2 2 2 2 2 2 2 2 2 2 2 2 2 2 2 2 2 2 2 2 2 2 2 2 2
left_child=7 2 3 4 5 22 -5 -1 10 12 28 -11 -10 -12 -9 19 17 18 -17 -15 21 -21 23 -2 25 26 -24 -27 -3 -30
right_child=1 8 -4 6 -6 -7 -8 14 9 11 13 -13 -14 15 -16 16 -18 -19 -20 20 -22 -23 24 -25 -26 27 -28 -29 29 -31
leaf_value=0.0052732478216532905 -0.066904814495840348 0.07343908092011274 -0.011305063868815975 -0.0063629196878591645 0.046080468517340691 0.062725478059727988 0.052891631440073139 0.01017788781353662 -0.055529140562036353 0.006835111198478315 0.034488671645315452 0.049352067152126061 0.043786363319779517 0.053336913508494899 0.032945655344817908 -0.083930726667206579 -0.10851144790268669 0.053461196812385717 0.041448246610408579 -0.034536345744835543 0.053928499394508944 0.068237783625097442 0.034165460920677924 0.056978618926447414 0.02900423337731043 0.060431855545184043 -0.11222397601719475 -0.0016320693593593009 -0.03804483695403732 0.05545701521802926
leaf_weight=61.248053182094736 1.3331425562500943 53.472443685284816 12.629450756270669 5.7690344140573862 139.85975213807251 25.997130539442878 122.43705014108855 44.84627761289812 2.1718362636747761 38.919097639067331 111.79994579759659 18.42345047701383 251.69592411755002 290.28099799962365 101.07470909297263 2.9708456214866663 2.1071506251464589 22.290551933925599 2.0789302188204601 8.6406686248374189 17.632403462426737 2.8379851085483088 2.0651988696190533 33.302970259275753 552.23054353013868 38.811122758401325 1.2790357562480483 4.4197698694188139 3.0591764079290469 20.107647413591621
leaf_count=20919 74 264 1026 362 1596 204 1338 10654 178 1308 985 138 2922 1660 16165 176 34 104 33 152 93 25 40 371 13981 347 42 161 165 213
internal_value=0 0.040505 0.036657 0.0373101 0.0352385 0.0329391 0.0502253 0.0198359 0.0447686 0.0388017 0.0482249 0.0204953 0.0429367 0.0455552 0.0259484 0.0491019 0.027162 0.0376185 -0.0323138 0.0511247 0.0290656 -0.00912645 0.0317166 0.0522104 0.0305312 0.0486361 -0.0218226 0.0540867 0.0642711 0.0431101
internal_weight=0 1788.62 940.134 927.505 799.299 659.439 128.206 207.169 848.489 311.21 537.279 57.3425 253.868 460.639 145.921 348.84 29.4475 27.3403 5.04978 319.392 29.1111 11.4787 633.442 34.6361 598.806 46.5751 3.34423 43.2309 76.6393 23.1668
internal_count=75730 27992 19542 18516 16816 15220 1700 47738 8450 4546 3904 1446 3100 3262 26819 2277 347 313 209 1930 270 177 15016 445 14571 590 82 508 642 378
is_linear=0
shrinkage=0.05


Tree=35
num_leaves=31
num_cat=3
split_feature=157 167 236 229 63 158 180 182 41 178 12 236 17 123 7 211 182 199 63 161 218 202 175 63 187 213 64 195 236 29
split_gain=17.8245 15.7289 18.1545 11.1186 8.8909 11.2255 7.99419 8.92153 10.8053 8.31784 12.2247 19.2477 8.73186 8.23001 7.93118 7.77602 7.18822 6.73654 6.31468 6.31281 6.22796 5.81928 5.72847 5.6492 8.29437 7.94007 5.60479 7.26808 6.5084 7.44484
threshold=0.22500000000000003 3.198284736001201 0 -0.081482853740453706 0.4732905392431988 1.3487959338369615 0.33958147466182714 0.15702357143163684 1.0000000180025095e-35 -0.097474232316017137 49.500000000000007 1 146.00000000000003 0.086793610842652136 0.38278388278388281 0.062890380620956435 -0.16669915616512296 0.091459024697542204 0.29416373201667489 59.63953820902298 -0.016394451260566708 -0.020988998003304001 -0.14018293470144269 -0.35974770846166398 0.032525278627872474 -0.0416654385626316 6.5000000000000009 0.0040407977066934117 2 1.0000000180025095e-35
decision_type=2 2 9 2 2 2 2 2 2 2 2 9 8 2 2 2 2 2 2 2 2 2 2 2 2 2 2 2 9 2
left_child=1 2 3 -1 6 19 7 9 17 13 11 12 -11 23 26 -14 -7 21 -12 -6 -20 -9 -17 24 25 -2 28 -28 -3 -30
right_child=4 14 -4 -5 5 16 -8 8 -10 10 18 -13 15 -15 -16 22 -18 -19 20 -21 -22 -23 -24 -25 -26 -27 27 -29 29 -31
leaf_value=0.059398418226098829 -0.080676300902546016 -0.002887936548573701 -0.0003816212204929522 0.023891897524923711 0.033261352391115794 -0.090868772626582814 -0.064277189641659058 0.023977838891036274 -0.012942985833330098 -0.057597995344672352 0.043588930514180391 -0.0033227754931483343 0.030792302387486786 -0.016676390829671782 0.013579448912547891 -0.041195252966640006 0.047067647064779221 0.015393603960321092 0.040769511014171089 -0.040045569069215622 -0.0015227148412479991 0.057560643568911496 0.063628959653332595 0.050635930404118991 0.047773548275045243 0.023066901410073455 -0.027752795416449656 0.038520537324252611 0.042258654970936227 0.026461807267620114
leaf_weight=32.638471705056872 3.0197134647169159 16.666244449890655 78.871976351085323 67.950703802191128 4.2378584730322464 0.99143517931225034 1.7291952290979669 13.748712567110486 6.2642602485575472 2.2667218059505103 392.85968332027551 49.223750811950595 61.693115851441689 4.8862625912443027 35.928935336778522 1.3528438517678285 19.952568650245667 10.994557169513426 19.054610591876553 9.565753655479055 16.026467848219909 208.86185671452404 35.611922433206928 277.53507402730611 13.262771821864588 4.7385002199735045 7.407180081499976 9.3704282398975902 484.38803305900365 88.160308604929014
leaf_count=1744 113 2030 13628 8486 356 34 105 937 269 357 5690 7493 3529 311 3272 181 263 293 354 762 413 2275 839 5359 309 271 412 332 12772 2499
internal_value=0 0.032746 0.0196601 0.0322106 0.042376 0.0174665 0.0431466 0.0433123 0.0518618 0.0409859 0.0374671 0.0251921 0.0358742 0.0476896 0.0364044 0.041658 0.0405381 0.0535996 0.041774 -0.0175395 0.0214487 0.0554865 0.0597926 0.0487431 0.0237521 -0.0173129 0.0377577 0.00926139 0.0385691 0.0391426
internal_weight=0 821.382 179.461 100.589 1157.88 34.7476 1123.13 1121.4 239.869 881.531 578.089 150.148 100.925 303.442 641.921 98.6579 20.944 233.605 427.941 13.8036 35.0811 222.611 36.9648 298.556 21.021 7.75821 605.992 16.7776 589.215 572.548
internal_count=75688 45175 23858 10230 30513 1415 29098 28993 3774 25219 18856 12399 4906 6363 21317 4549 297 3505 6457 1118 767 3212 1020 6052 693 384 18045 744 17301 15271
cat_boundaries=0 2 4 6
cat_threshold=3360320259 871317 296554125 3211786 1074809856 727553
is_linear=0
shrinkage=0.05


end of trees

feature_importances:
behav_visit_rate=62
cat_subcategory=61
explicit_touristiness_pref=41
interact_interest_match=36
interact_localness_gap=35
behav_ctr_smoothed=29
interact_price_gap=20
num_localness=19
behav_archetype_affinity_07=15
behav_save_rate=14
explicit_trip_duration_days=14
behav_archetype_affinity_02=12
behav_impressions=11
geo_dist_to_tourist_centroid_km=11
text_emb_01=11
behav_archetype_affinity_05=10
behav_unique_travelers=10
num_rating_shrunk=10
text_emb_13=10
text_emb_63=10
text_emb_09=9
text_emb_15=9
text_emb_19=9
text_emb_23=9
text_emb_24=9
text_emb_30=9
text_emb_33=9
text_emb_36=9
explicit_interest_local=8
text_emb_00=8
text_emb_25=8
text_emb_44=8
text_emb_53=8
behav_archetype_affinity_03=7
behav_archetype_affinity_04=7
behav_dismiss_rate=7
geo_dist_to_transit_km=7
num_expected_duration_min=7
text_emb_02=7
text_emb_17=7
text_emb_18=7
text_emb_20=7
text_emb_32=7
text_emb_39=7
text_emb_42=7
text_emb_50=7
text_emb_56=7
text_emb_57=7
behav_archetype_affinity_06=6
explicit_interest_authentic=6
explicit_interest_budget-friendly=6
explicit_interest_shopping=6
num_pop_pct=6
text_emb_08=6
text_emb_28=6
text_emb_46=6
text_emb_49=6
text_emb_60=6
text_emb_62=6
behav_archetype_affinity_00=5
explicit_budget_ordinal=5
explicit_season_spring=5
geo_lat=5
geo_lon=5
implicit_taste_16=5
implicit_taste_32=5
text_emb_03=5
text_emb_04=5
text_emb_05=5
text_emb_14=5
text_emb_16=5
text_emb_26=5
text_emb_35=5
text_emb_40=5
text_emb_47=5
behav_archetype_affinity_01=4
explicit_interest_foodie=4
explicit_interest_historic=4
explicit_interest_indoor=4
explicit_interest_nightlife=4
explicit_pace_ordinal=4
explicit_party_solo=4
implicit_taste_15=4
implicit_taste_21=4
implicit_taste_31=4
implicit_taste_46=4
implicit_taste_60=4
num_crowd_index=4
num_log_review_count=4
text_emb_06=4
text_emb_07=4
text_emb_21=4
text_emb_34=4
text_emb_37=4
text_emb_52=4
text_emb_54=4
text_emb_61=4
explicit_accessibility_stroller=3
explicit_interest_family-friendly=3
explicit_interest_hidden-gem=3
explicit_interest_nature_park=3
explicit_interest_religious_site=3
explicit_interest_viewpoint=3
explicit_mobility_car=3
explicit_party_couple=3
explicit_party_family_young_kids=3
geo_density_500m=3
implicit_category_dist_entertainment=3
implicit_taste_11=3
implicit_taste_30=3
implicit_taste_36=3
implicit_taste_48=3
num_open_hours_per_week=3
text_emb_10=3
text_emb_12=3
text_emb_22=3
text_emb_27=3
text_emb_29=3
text_emb_31=3
text_emb_41=3
text_emb_51=3
text_emb_55=3
text_emb_58=3
explicit_days_remaining=2
explicit_interest_artsy=2
explicit_interest_entertainment=2
explicit_interest_museum=2
explicit_interest_outdoor=2
explicit_interest_touristy=2
explicit_interest_trendy=2
explicit_mobility_mixed=2
explicit_mobility_walk=2
explicit_party_family_teens=2
explicit_party_friends=2
explicit_season_summer=2
implicit_category_dist_historic_site=2
implicit_category_dist_nature_park=2
implicit_category_dist_shopping=2
implicit_category_dist_wellness_spa=2
implicit_mean_price_level=2
implicit_taste_02=2
implicit_taste_03=2
implicit_taste_06=2
implicit_taste_10=2
implicit_taste_37=2
implicit_taste_41=2
implicit_taste_43=2
implicit_taste_52=2
implicit_taste_53=2
implicit_taste_55=2
implicit_taste_56=2
implicit_taste_58=2
implicit_taste_62=2
interact_cos_taste_poi=2
num_price_level=2
text_emb_38=2
text_emb_43=2
text_emb_48=2
explicit_accessibility_wheelchair=1
explicit_interest_adventurous=1
explicit_interest_cafe=1
explicit_interest_cultural=1
explicit_interest_lively=1
explicit_interest_nature=1
explicit_interest_relaxing=1
explicit_interest_romantic=1
explicit_season_autumn=1
explicit_season_winter=1
implicit_breadth_categories=1
implicit_category_dist_cafe=1
implicit_category_dist_nightlife=1
implicit_category_dist_religious_site=1
implicit_taste_07=1
implicit_taste_08=1
implicit_taste_12=1
implicit_taste_13=1
implicit_taste_14=1
implicit_taste_17=1
implicit_taste_18=1
implicit_taste_19=1
implicit_taste_20=1
implicit_taste_23=1
implicit_taste_24=1
implicit_taste_26=1
implicit_taste_28=1
implicit_taste_29=1
implicit_taste_33=1
implicit_taste_35=1
implicit_taste_40=1
implicit_taste_45=1
implicit_taste_50=1
implicit_taste_61=1
implicit_taste_63=1
num_reservation_lead_days=1
text_emb_11=1
text_emb_45=1
text_emb_59=1
cat_indoor_outdoor=1

parameters:
[boosting: gbdt]
[objective: lambdarank]
[metric: ndcg]
[tree_learner: serial]
[device_type: cpu]
[data_sample_strategy: bagging]
[data: ]
[valid: ]
[num_iterations: 1000]
[learning_rate: 0.05]
[num_leaves: 31]
[num_threads: 1]
[seed: 42]
[deterministic: 1]
[force_col_wise: 0]
[force_row_wise: 1]
[histogram_pool_size: -1]
[max_depth: -1]
[min_data_in_leaf: 20]
[min_sum_hessian_in_leaf: 0.001]
[bagging_fraction: 0.8]
[pos_bagging_fraction: 1]
[neg_bagging_fraction: 1]
[bagging_freq: 1]
[bagging_seed: 42]
[feature_fraction: 0.8]
[feature_fraction_bynode: 1]
[feature_fraction_seed: 42]
[extra_trees: 0]
[extra_seed: 12879]
[early_stopping_round: 0]
[early_stopping_min_delta: 0]
[first_metric_only: 0]
[max_delta_step: 0]
[lambda_l1: 0]
[lambda_l2: 0]
[linear_lambda: 0]
[min_gain_to_split: 0]
[drop_rate: 0.1]
[max_drop: 50]
[skip_drop: 0.5]
[xgboost_dart_mode: 0]
[uniform_drop: 0]
[drop_seed: 17869]
[top_rate: 0.2]
[other_rate: 0.1]
[min_data_per_group: 100]
[max_cat_threshold: 32]
[cat_l2: 10]
[cat_smooth: 10]
[max_cat_to_onehot: 4]
[top_k: 20]
[monotone_constraints: ]
[monotone_constraints_method: basic]
[monotone_penalty: 0]
[feature_contri: ]
[forcedsplits_filename: ]
[refit_decay_rate: 0.9]
[cegb_tradeoff: 1]
[cegb_penalty_split: 0]
[cegb_penalty_feature_lazy: ]
[cegb_penalty_feature_coupled: ]
[path_smooth: 0]
[interaction_constraints: ]
[verbosity: -1]
[saved_feature_importance_type: 0]
[use_quantized_grad: 0]
[num_grad_quant_bins: 4]
[quant_train_renew_leaf: 0]
[stochastic_rounding: 1]
[linear_tree: 0]
[max_bin: 255]
[max_bin_by_feature: ]
[min_data_in_bin: 3]
[bin_construct_sample_cnt: 200000]
[data_random_seed: 42]
[is_enable_sparse: 1]
[enable_bundle: 1]
[use_missing: 1]
[zero_as_missing: 0]
[feature_pre_filter: 1]
[pre_partition: 0]
[two_round: 0]
[header: 0]
[label_column: ]
[weight_column: ]
[group_column: ]
[ignore_column: ]
[categorical_feature: 233,234,235,236]
[forcedbins_filename: ]
[precise_float_parser: 0]
[parser_config_file: ]
[objective_seed: 16083]
[num_class: 1]
[is_unbalance: 0]
[scale_pos_weight: 1]
[sigmoid: 1]
[boost_from_average: 1]
[reg_sqrt: 0]
[alpha: 0.9]
[fair_c: 1]
[poisson_max_delta_step: 0.7]
[tweedie_variance_power: 1.5]
[lambdarank_truncation_level: 20]
[lambdarank_norm: 1]
[label_gain: 0,1,3,7]
[lambdarank_position_bias_regularization: 0]
[eval_at: 10]
[multi_error_top_k: 1]
[auc_mu_weights: ]
[num_machines: 1]
[local_listen_port: 12400]
[time_out: 120]
[machine_list_filename: ]
[machines: ]
[gpu_platform_id: -1]
[gpu_device_id: -1]
[gpu_use_dp: 0]
[num_gpu: 1]

end of parameters

pandas_categorical:[["cafe", "entertainment", "family_activity", "historic_site", "museum", "nature_park", "nightlife", "religious_site", "restaurant", "shopping", "viewpoint", "wellness_spa"], ["indoor", "mixed", "outdoor"], ["1", "2", "3", "4"], ["amusement_park", "aquarium", "arcade", "art_museum", "artisan_shop", "bakery", "bar", "botanical_garden", "boutique", "cathedral", "cinema", "city_park", "club", "dessert_cafe", "escape_room", "fine_dining", "flea_market", "fortress", "fusion", "gallery", "garden", "hiking_trail", "history_museum", "interactive_museum", "live_music", "live_show", "local_eatery", "mall", "market", "massage", "monastery", "monument", "observation_deck", "old_town", "onsen", "palace", "playground", "riverside", "rooftop_bar", "rooftop_view", "scenic_overlook", "science_museum", "shrine", "spa", "speakeasy", "specialty_coffee", "street_food", "tea_house", "temple_site", "temple_worship", "theater", "tower", "traditional", "yoga_studio", "zoo"]]
