tree
version=v4
num_class=1
num_tree_per_iteration=1
label_index=0
max_feature_idx=237
objective=lambdarank
feature_names=behav_archetype_affinity_00 behav_archetype_affinity_01 behav_archetype_affinity_02 behav_archetype_affinity_03 behav_archetype_affinity_04 behav_archetype_affinity_05 behav_archetype_affinity_06 behav_archetype_affinity_07 behav_ctr_smoothed behav_dismiss_rate behav_impressions behav_save_rate behav_unique_travelers behav_visit_rate explicit_accessibility_stroller explicit_accessibility_wheelchair explicit_budget_ordinal explicit_days_remaining explicit_interest_adventurous explicit_interest_artsy explicit_interest_authentic explicit_interest_budget-friendly explicit_interest_cafe explicit_interest_cultural explicit_interest_entertainment explicit_interest_family-friendly explicit_interest_family_activity explicit_interest_foodie explicit_interest_hidden-gem explicit_interest_historic explicit_interest_historic_site explicit_interest_indoor explicit_interest_lively explicit_interest_local explicit_interest_luxury explicit_interest_museum explicit_interest_nature explicit_interest_nature_park explicit_interest_nightlife explicit_interest_outdoor explicit_interest_relaxing explicit_interest_religious_site explicit_interest_restaurant explicit_interest_romantic explicit_interest_shopping explicit_interest_touristy explicit_interest_trendy explicit_interest_viewpoint explicit_interest_wellness_spa explicit_mobility_car explicit_mobility_mixed explicit_mobility_public_transport explicit_mobility_walk explicit_pace_ordinal explicit_party_couple explicit_party_family_teens explicit_party_family_young_kids explicit_party_friends explicit_party_solo explicit_season_autumn explicit_season_spring explicit_season_summer explicit_season_winter explicit_touristiness_pref explicit_trip_duration_days geo_density_500m geo_dist_to_tourist_centroid_km geo_dist_to_transit_km geo_lat geo_lon implicit_breadth_categories implicit_category_dist_cafe implicit_category_dist_entertainment implicit_category_dist_family_activity implicit_category_dist_historic_site implicit_category_dist_museum implicit_category_dist_nature_park implicit_category_dist_nightlife implicit_category_dist_religious_site implicit_category_dist_restaurant implicit_category_dist_shopping implicit_category_dist_viewpoint implicit_category_dist_wellness_spa implicit_days_since_last_interaction implicit_days_since_last_interaction_was_missing implicit_interaction_count implicit_mean_localness implicit_mean_localness_was_missing implicit_mean_pop_pct implicit_mean_pop_pct_was_missing implicit_mean_price_level implicit_mean_price_level_was_missing implicit_taste_00 implicit_taste_01 implicit_taste_02 implicit_taste_03 implicit_taste_04 implicit_taste_05 implicit_taste_06 implicit_taste_07 implicit_taste_08 implicit_taste_09 implicit_taste_10 implicit_taste_11 implicit_taste_12 implicit_taste_13 implicit_taste_14 implicit_taste_15 implicit_taste_16 implicit_taste_17 implicit_taste_18 implicit_taste_19 implicit_taste_20 implicit_taste_21 implicit_taste_22 implicit_taste_23 implicit_taste_24 implicit_taste_25 implicit_taste_26 implicit_taste_27 implicit_taste_28 implicit_taste_29 implicit_taste_30 implicit_taste_31 implicit_taste_32 implicit_taste_33 implicit_taste_34 implicit_taste_35 implicit_taste_36 implicit_taste_37 implicit_taste_38 implicit_taste_39 implicit_taste_40 implicit_taste_41 implicit_taste_42 implicit_taste_43 implicit_taste_44 implicit_taste_45 implicit_taste_46 implicit_taste_47 implicit_taste_48 implicit_taste_49 implicit_taste_50 implicit_taste_51 implicit_taste_52 implicit_taste_53 implicit_taste_54 implicit_taste_55 implicit_taste_56 implicit_taste_57 implicit_taste_58 implicit_taste_59 implicit_taste_60 implicit_taste_61 implicit_taste_62 implicit_taste_63 interact_category_affinity interact_cos_taste_poi interact_interest_match interact_localness_gap interact_price_gap num_crowd_index num_expected_duration_min num_localness num_log_review_count num_open_hours_per_week num_pop_pct num_price_level num_rating_shrunk num_reservation_lead_days text_emb_00 text_emb_01 text_emb_02 text_emb_03 text_emb_04 text_emb_05 text_emb_06 text_emb_07 text_emb_08 text_emb_09 text_emb_10 text_emb_11 text_emb_12 text_emb_13 text_emb_14 text_emb_15 text_emb_16 text_emb_17 text_emb_18 text_emb_19 text_emb_20 text_emb_21 text_emb_22 text_emb_23 text_emb_24 text_emb_25 text_emb_26 text_emb_27 text_emb_28 text_emb_29 text_emb_30 text_emb_31 text_emb_32 text_emb_33 text_emb_34 text_emb_35 text_emb_36 text_emb_37 text_emb_38 text_emb_39 text_emb_40 text_emb_41 text_emb_42 text_emb_43 text_emb_44 text_emb_45 text_emb_46 text_emb_47 text_emb_48 text_emb_49 text_emb_50 text_emb_51 text_emb_52 text_emb_53 text_emb_54 text_emb_55 text_emb_56 text_emb_57 text_emb_58 text_emb_59 text_emb_60 text_emb_61 text_emb_62 text_emb_63 cat_category cat_indoor_outdoor cat_price_level cat_subcategory
feature_infos=[0:1] [0:1] [0:1] [0:1] [0:1] [0:1] [0:1] [0:1] [0.0055497223511338234:0.62498992681503296] [0:1] [0:6042] [0:0.5] [0:584] [0:1] [0:1] [0:1] [0:2] [1:164] [0:1] [0:1] [0:1] [0:1] [0:1] [0:1] [0:1] [0:1] [0:1] [0:1] [0:1] [0:1] [0:1] [0:1] [0:1] [0:1] [0:1] [0:1] [0:1] [0:1] [0:1] [0:1] [0:1] [0:1] [0:1] [0:1] [0:1] [0:1] [0:1] [0:1] [0:1] [0:1] [0:1] [0:1] [0:1] [0:2] [0:1] [0:1] [0:1] [0:1] [0:1] [0:1] [0:1] [0:1] [0:1] [-0.9655526876449585:1] [2:10] [0:116] [0.021191015839576721:21.412565231323242] [0.05207129567861557:15.534337997436523] [34.860679626464844:41.578414916992188] [2.0387704372406006:135.91542053222656] [1:12] [0:0.49019607901573181] [0:0.44999998807907104] [0:0.66666668653488159] [0:0.83333331346511841] [0:0.93103450536727905] [0:1] [0:0.6111111044883728] [0:0.46153846383094788] [0:0.81818181276321411] [0:0.72727274894714355] [0:0.66666668653488159] [0:0.25609755516052246] [1:164] none [2:151] [-1.7797163724899292:-0.26616141200065613] none [0.42279192805290222:0.95031058788299561] none [1:3.2241380214691162] none [0.59477716684341431:0.97488892078399658] [-0.43858450651168823:0.62415558099746704] [-0.31171634793281555:0.36904746294021606] [-0.42053014039993286:0.39036154747009277] [-0.34041944146156311:0.41415837407112122] [-0.25920736789703369:0.30391359329223633] [-0.2358517050743103:0.31770187616348267] [-0.29771414399147034:0.40380805730819702] [-0.36651107668876648:0.4388214647769928] [-0.30595335364341736:0.22217352688312531] [-0.20948196947574615:0.22131527960300446] [-0.24775315821170807:0.36996161937713623] [-0.2711048424243927:0.25207141041755676] [-0.28191685676574707:0.26110810041427612] [-0.20094713568687439:0.16626758873462677] [-0.16527366638183594:0.18616436421871185] [-0.16928394138813019:0.14132086932659149] [-0.20206160843372345:0.17175500094890594] [-0.19328296184539795:0.17563380300998688] [-0.14603090286254883:0.24440135061740875] [-0.13613225519657135:0.13954539597034454] [-0.16909117996692657:0.17941060662269592] [-0.13495446741580963:0.18130546808242798] [-0.15851303935050964:0.17463861405849457] [-0.17047809064388275:0.14725363254547119] [-0.15562349557876587:0.14453977346420288] [-0.14128944277763367:0.19179722666740417] [-0.19813212752342224:0.12314403057098389] [-0.14228041470050812:0.16201747953891754] [-0.13509683310985565:0.20208346843719482] [-0.13565665483474731:0.16597357392311096] [-0.11702318489551544:0.1132306382060051] [-0.11334942281246185:0.16350466012954712] [-0.1279589980840683:0.14252346754074097] [-0.13050307333469391:0.12186077237129211] [-0.13708750903606415:0.13468082249164581] [-0.11906753480434418:0.11088670045137405] [-0.13899222016334534:0.10267281532287598] [-0.1084619015455246:0.089178502559661865] [-0.11919090151786804:0.071580931544303894] [-0.11874961107969284:0.096414081752300262] [-0.11466296762228012:0.10284779220819473] [-0.095809221267700195:0.091158740222454071] [-0.10253777354955673:0.08225492388010025] [-0.10553955286741257:0.1180543377995491] [-0.12811583280563354:0.095268204808235168] [-0.10427157580852509:0.10017471760511398] [-0.092184342443943024:0.11072251945734024] [-0.12115511298179626:0.09478083997964859] [-0.092715971171855927:0.096345871686935425] [-0.086088024079799652:0.10565819591283798] [-0.10114496946334839:0.10056562721729279] [-0.13512273132801056:0.087142087519168854] [-0.073734365403652191:0.097973056137561798] [-0.10147803276777267:0.093480505049228668] [-0.086102209985256195:0.1023106575012207] [-0.11831405758857727:0.088953226804733276] [-0.10229801386594772:0.093699775636196136] [-0.090669639408588409:0.08360009640455246] [-0.11035910248756409:0.085057847201824188] [-0.099300086498260498:0.13352523744106293] [-0.085660234093666077:0.088212095201015472] [-0.10855717211961746:0.11362701654434204] [-0.072306267917156219:0.088762454688549042] [0:1] [0.014689238741993904:0.88764119148254395] [0:1] [3.8502062125189696e-06:3.1852610111236572] [0.5:2.5] [2.5485823154449463:5.3309640884399414] [15:300] [-2.2179117202758789:1.8724242448806763] [0.69314718246459961:8.0404472351074219] [36:105] [0.0020703934133052826:1] [1:4] [1.6120688915252686:4.5217084884643555] [0:14] [0.32416447997093201:0.65636014938354492] [-0.31660717725753784:0.71838390827178955] [-0.45795035362243652:0.68267017602920532] [-0.61014962196350098:0.50857901573181152] [-0.40947476029396057:0.52698755264282227] [-0.26005589962005615:0.79931795597076416] [-0.57793354988098145:0.46906685829162598] [-0.38699272274971008:0.5120316743850708] [-0.52089846134185791:0.51966255903244019] [-0.46495679020881653:0.4552294909954071] [-0.2977428138256073:0.44194278120994568] [-0.30275160074234009:0.55359691381454468] [-0.49580603837966919:0.5362810492515564] [-0.44251111149787903:0.46060755848884583] [-0.34212762117385864:0.36990499496459961] [-0.37616515159606934:0.3880174458026886] [-0.3147437572479248:0.3363058865070343] [-0.29219326376914978:0.39536005258560181] [-0.39982202649116516:0.31621810793876648] [-0.3834976851940155:0.41348108649253845] [-0.36725780367851257:0.3064713180065155] [-0.34936785697937012:0.38033422827720642] [-0.34510073065757751:0.38328292965888977] [-0.33057644963264465:0.33288359642028809] [-0.40244349837303162:0.37094253301620483] [-0.26097491383552551:0.40840733051300049] [-0.288188636302948:0.40808486938476562] [-0.31503972411155701:0.3266105055809021] [-0.31540456414222717:0.32317006587982178] [-0.29291972517967224:0.35593584179878235] [-0.31266158819198608:0.37510642409324646] [-0.33211511373519897:0.29312002658843994] [-0.31406748294830322:0.30381119251251221] [-0.2734890878200531:0.36704990267753601] [-0.34357258677482605:0.24741937220096588] [-0.26656851172447205:0.32804849743843079] [-0.20159848034381866:0.24319593608379364] [-0.28975421190261841:0.27648249268531799] [-0.33705943822860718:0.26798981428146362] [-0.32380011677742004:0.29791733622550964] [-0.25453466176986694:0.38841700553894043] [-0.30357715487480164:0.29289805889129639] [-0.29712143540382385:0.26045814156532288] [-0.25278228521347046:0.34213274717330933] [-0.33229947090148926:0.25091928243637085] [-0.22893556952476501:0.21988382935523987] [-0.23165377974510193:0.31832039356231689] [-0.20833024382591248:0.40913042426109314] [-0.26650699973106384:0.24067015945911407] [-0.29394838213920593:0.27541038393974304] [-0.27113410830497742:0.3310864269733429] [-0.24472339451313019:0.31705185770988464] [-0.24432000517845154:0.25000399351119995] [-0.24773885309696198:0.23663166165351868] [-0.23521457612514496:0.22563724219799042] [-0.21364669501781464:0.24460819363594055] [-0.21396258473396301:0.26981928944587708] [-0.22185257077217102:0.28129103779792786] [-0.23144182562828064:0.2175757884979248] [-0.27865231037139893:0.29086548089981079] [-0.22811342775821686:0.25541409850120544] [-0.27383169531822205:0.27264690399169922] [-0.23763503134250641:0.29348507523536682] [-0.17762419581413269:0.19497372210025787] -1:8:9:3:0:5:4:6:1:2:10:7:11 -1:0:2:1 -1:1:0:2:3 -1:52:26:15:46:18:47:4:45:31:8:33:28:48:16:11:22:37:13:17:5:35:27:41:19:21:40:12:44:7:20:2:6:3:36:24:0:50:54:32:10:25:38:51:39:9:23:14:29:49:42:34:43:1:30
tree_sizes=3557 3553 3534 3500 3565 3538 3549 3554 3575 3530 3558 3529 3560 3585 3561 3564 3573 3566 3542 3551 3568 3583 3607 3582 3539 3603 3579 3603 3604 3583 3576 3573 3596 3601 3594 3600 3577 3577 3592 3578 3594 3554 3594 3617 3550 3586 3590 3619 3595 3601 3578 3569 3607 3610 3601 3585 3571 3594 3611 3587 3569 3616 3571 3604 3609 3547 3600 3596 3570 3607 3606 3584 3531 3592 3603 3585 3571 3592 3596 3545 3604 3604 3561 3589 3572 3581 3568 3546 3616 3550 3582 3572 3609 3604 3541 3563 3599 3590 3595 3579 3581 3611 3595 3553 3594 3520 3565 3589 3532 3530 3512 3595 3596 3586 3557 3585 3569 3531 3608 3553 3609 3567 3546 3619 3577 3619 3581 3521 3590 3588 3570 3539 3566 3595 3577 3575 3590 3557 3501 3567 3606 3570 3616 3598 3587 3590 3544 3559 3541 3566 3515 3587 3580 3525 3568 3578 3581 3569 3558 3555 3547 3570 3579 3548 3581 3601 3556 3580 3579 3578 3594 3537 3621 3589 3595 3571 3494 3585 3561 3565 3608 3597 3550 3585 3574 3533 3598 3578 3597 3553

Tree=0
num_leaves=31
num_cat=2
split_feature=10 157 163 10 156 10 8 157 10 166 8 237 157 157 156 237 170 170 8 160 168 156 156 74 138 163 170 13 156 13
split_gain=1620.13 508.312 244.247 229.418 203.911 170.534 140.741 94.6699 64.6594 57.542 47.1605 37.602 31.2134 29.7614 28.6488 28.6166 24.3134 24.258 22.015 23.6019 20.9173 18.7637 18.2593 17.1758 20.4801 17.0589 16.5817 16.3284 15.9915 15.627
threshold=159.50000000000003 0.50392174720764171 -0.47065415978431696 42.500000000000007 0.022347066551446918 555.50000000000011 0.079325716942548766 0.50749996304512035 555.50000000000011 0.71606186032295238 0.079325716942548766 0 0.57470911741256725 0.57470911741256725 1.0000000180025095e-35 1 0.48162244260311132 0.57085710763931286 0.20373917371034625 1.0000000000000002 3.2386682033538823 1.0000000180025095e-35 0.2416573911905289 0.46933667361736303 0.020170144736766819 0.34652437269687658 0.5340806543827058 0.022354744374752048 0.022347066551446918 0.026141942478716377
decision_type=8 2 2 10 2 10 10 2 10 2 8 9 2 2 2 9 2 2 10 2 2 2 2 2 2 2 2 10 2 10
left_child=3 4 8 27 14 9 11 28 10 16 22 25 20 17 -2 -11 -6 29 19 -9 -12 -10 -3 26 -25 -4 -13 -1 -5 -8
right_child=1 2 6 7 5 -7 13 18 21 15 12 23 -14 -15 -16 -17 -18 -19 -20 -21 -22 -23 -24 24 -26 -27 -28 -29 -30 -31
leaf_value=-0.18723738640610071 -0.1989608094984352 -0.10130388435942467 0.064445515494353164 -0.17773404484718347 -0.019906398389702595 0.082928508215051711 0.0023593181165945773 -0.0092917940839087991 -0.20000000000000001 -0.027838098885359742 0.032843017557354963 -0.037889110664713406 0.14179001973137637 0.1257658315573385 -0.089123507081229542 0.049318586742672033 -0.098770201393682464 -0.053822462597373902 0.019149385660732925 -0.095486911622310947 0.11101996403506548 0.16192275696019875 0.045876141500426175 0.10588486303704747 -0.16823099877730885 -0.10236002605946304 -0.1279646745311897 -0.1457941802636793 -0.10161035308878899 0.10041597720391904
leaf_weight=233.90642886407386 51.811689244713307 13.08822145810336 38.580649862124119 33.231770950285863 58.356469300513709 201.22448907116632 23.034439567592926 76.311649797078189 1.4380342522927083 95.819828641222557 58.904659282494322 31.44725371000095 171.95806567672298 93.594036435315502 43.840104178019828 78.764486188123556 118.42124509683799 19.227107272756257 89.729540062731758 54.422686768926724 81.68924287443042 370.53976731882722 23.679393789090682 9.3308224638458324 3.8503194158656688 7.2893545584047379 58.371357525704298 160.16689682349352 162.72911153221139 55.201274304592516
leaf_count=49287 9871 871 3593 8177 10489 14062 1920 10078 147 12562 3934 5052 7018 5049 6488 13204 16266 1677 13984 7914 6655 14989 1001 282 187 2158 5622 28567 34717 5391
internal_value=0 0.0559566 0.0985752 -0.115702 -0.0138139 0.00952069 0.0286915 -0.0639463 0.131509 -0.0325199 0.100613 -0.0442032 0.113215 0.0854903 -0.148619 0.00820186 -0.0727363 0.0468136 -0.0189939 -0.0451735 0.0782662 0.160524 -0.00651575 -0.0736349 0.0258134 0.0311475 -0.0964275 -0.170393 -0.11452 0.0715458
internal_weight=0 1709.46 1061.22 810.498 648.238 552.587 339.927 416.425 721.297 351.362 349.32 148.87 312.552 191.057 95.6518 174.584 176.778 97.4628 220.464 130.734 140.594 371.978 36.7676 103 13.1811 45.87 89.8186 394.073 195.961 78.2357
internal_count=301212 148488 65546 152724 82942 66583 30931 74870 34615 52521 19479 16894 17607 14037 16359 25766 26755 8988 31976 17992 10589 15136 1872 11143 469 5751 10674 77854 42894 7311
cat_boundaries=0 2 4
cat_threshold=1733453942 693481 2429780536 1962895
is_linear=0
shrinkage=0.1


Tree=1
num_leaves=31
num_cat=4
split_feature=157 157 157 164 1 237 159 4 237 164 237 171 5 170 2 170 170 168 237 157 65 5 5 8 200 164 168 186 3 93
split_gain=2519.09 666.036 471.325 349.068 334.311 190.365 186.213 149.786 106.19 94.2413 89.7676 83.489 75.0795 72.3119 63.7912 59.1795 55.1991 48.5929 47.3287 45.1971 39.3561 36.2155 36.1969 34.8993 32.1796 31.2477 30.8134 30.3121 29.309 27.9939
threshold=0.54983052611351024 0.50392174720764171 0.63727831840515148 4.6298508644104013 1.0000000180025095e-35 0 1.0612385869026186 1.0000000180025095e-35 1 5.2857353687286386 2 0.15897983312606814 0.055867666378617294 0.50857836008071911 1.0000000180025095e-35 0.50563591718673717 0.4837751984596253 3.0105042457580571 3 0.59522119164466869 1.0000000180025095e-35 0.14059797674417499 0.03670033626258374 0.089507546275854125 -0.02725050505250692 4.7833075523376474 3.4659839868545537 0.15438610315322879 0.11167800426483156 0.12070537731051446
decision_type=2 2 2 2 10 9 2 8 9 2 9 2 8 2 8 2 2 2 9 2 2 8 8 10 2 2 2 2 10 2
left_child=1 25 4 10 8 16 13 -4 22 14 -3 -8 -10 -6 -9 23 -5 -17 27 -14 -11 28 -2 -7 -23 -1 -18 -15 -16 -21
right_child=2 3 7 5 6 15 11 9 12 20 -12 -13 19 18 21 17 26 -19 -20 29 -22 24 -24 -25 -26 -27 -28 -29 -30 -31
leaf_value=-0.15210317797010542 -0.10302435674804289 0.019573217080890406 -0.12582158287506512 0.10380607270648659 0.064206916987398499 -0.047548684901115253 0.11160140145822151 -0.050505960919267096 -0.14791206808249877 0.072919576531623634 -0.1138687407661217 0.026966074124971443 -0.071135678830327939 -0.065205531569466443 -0.072146339800171974 -0.14691387036401307 -0.031780704560324079 -0.044074519091059909 0.0223540816633475 0.02576081038531294 0.14879244356752244 -0.029418298666960531 0.045198084318217584 0.039259777222642858 0.078770493617185938 -0.11288047228926441 0.051963349770989833 0.047625699616114812 0.11097311722852193 -0.053553331927296055
leaf_weight=699.96539800500614 18.063704472006066 60.777490236214362 26.877147445455194 164.40903991984669 228.10222118959064 74.095905906753615 544.15407181531191 33.761386979371309 74.25331809266936 78.060851918533444 436.42172966225189 148.32338336599059 203.31052703005844 145.46502017247258 8.9478658740408701 57.064113271131646 63.579941910284106 235.83651364949765 245.83968576634652 120.94272569858003 550.45627327123657 39.664693752944004 187.41198128112592 123.50716387311695 89.589590389514342 286.15050073864404 142.21619649877539 28.469864277052693 377.00024440820562 70.405530536052538
leaf_count=135519 2840 2328 3650 1017 4474 1158 3330 1866 13142 608 42971 1439 10395 5832 422 1293 1521 4476 5761 3606 2090 1454 4748 1869 1610 34573 1611 638 2893 2043
internal_value=0 -0.0781699 0.0581104 -0.0327447 0.0285261 0.00579044 0.0574204 0.107601 -0.0289015 0.112929 -0.0994534 0.0934732 -0.0544995 0.0188857 0.0826582 -0.0348693 0.0590104 -0.0641101 -0.00574157 -0.0383052 0.139369 0.0913844 0.0306747 0.00670891 0.0455702 -0.140722 0.0260909 -0.0441962 0.106728 -0.00342239
internal_weight=0 2344.02 3219.1 1357.91 2014.74 860.709 1340.35 1204.36 674.388 1177.48 497.199 692.477 468.912 647.877 548.964 490.504 370.205 292.901 419.775 394.659 628.517 515.202 205.476 197.603 129.254 986.116 205.796 173.935 385.948 191.348
internal_count=301177 228336 72841 58244 58248 12945 21474 14593 36774 10943 45299 4769 29186 16705 8245 8796 4149 5769 12231 16044 2698 6379 7588 3027 3064 170092 3132 6470 3315 5649
cat_boundaries=0 2 4 6 8
cat_threshold=1405140198 4489265 1803566672 957285 545259520 3412 72811522 1638954
is_linear=0
shrinkage=0.1


Tree=2
num_leaves=31
num_cat=4
split_feature=10 157 157 10 157 157 163 10 237 163 237 237 13 163 13 166 10 13 190 237 157 163 223 165 157 13 163 157 10 160
split_gain=3319.73 934.186 878.472 292.289 204.037 127.138 106.542 106.282 85.9316 70.3995 54.7387 44.5473 40.4248 38.0782 37.0228 32.3864 32.2162 28.7155 25.7976 25.2981 24.825 24.095 21.7984 21.6283 21.6927 21.009 20.824 18.9095 18.2916 17.9445
threshold=363.00000000000006 0.50392174720764171 0.59522119164466869 152.50000000000003 0.59522119164466869 0.54983052611351024 -1.2178012132644651 152.50000000000003 0 -1.5713464021682737 1 2 0.012428876478224994 -1.2178012132644651 0.017785686068236831 0.91182750463485729 1264.0000000000002 0.042933948338031776 0.074021831154823317 3 0.51099142432212841 0.56024894118309032 -0.036944035440683358 76.500000000000014 0.65611082315444957 0.018525522202253345 0.2410930469632149 0.62342819571495067 1733.0000000000002 1.0000000000000002
decision_type=10 2 2 8 2 2 2 8 9 2 9 9 10 2 10 2 10 10 2 9 2 2 2 2 2 10 2 2 10 2
left_child=2 -2 5 -4 8 13 -5 -7 12 28 15 17 -3 20 19 -8 25 -9 -18 -11 -1 27 -14 24 -16 -10 -13 -12 -6 -27
right_child=1 4 3 6 9 7 10 11 16 14 21 26 22 -15 23 -17 18 -19 -20 -21 -22 -23 -24 -25 -26 29 -28 -29 -30 -31
leaf_value=-0.11591001312710014 -0.11562281387487193 -0.10488022205744119 -0.11778548775765521 0.12699905688216864 0.10529263311679382 -0.13960490790192395 -0.073405488638628669 -0.10830099087436651 0.0056417937272656773 -0.0034759942517607295 0.014918810411444453 0.020501568700063796 0.053929161194616007 -0.14145893039364776 0.062044821203829308 0.067211067719843837 0.11917607100734429 -0.0069783872496081206 0.0074786233972578171 0.078422874282741833 0.01954172694682162 -0.15517167712791766 0.0022031419154790034 0.12387288051724442 0.10790818241573441 0.090526806838392843 -0.14993333153377261 0.07002337319470292 0.14914697822798048 0.045184560981520266
leaf_weight=30.822480186121538 239.73321377680986 26.193556674290448 132.92297399137169 129.75779677927494 119.24145971611142 157.07009476280655 78.411121378041571 93.70499535361887 58.345003907801583 58.624727468588389 97.941669180989265 117.81262404419249 141.4437220498512 1286.1806561052217 161.92919386411086 20.703902789915446 206.49346986040473 39.872659712098539 22.978186329361051 136.09796047699638 24.118412720767083 5.8509601010009638 192.15087840822525 373.56517102010548 284.0085969325155 196.72996575199068 7.6333098174072793 170.9993847271835 469.96616227552295 156.887291431427
leaf_count=3756 27617 1485 14925 694 462 19591 4001 7635 1602 1285 2689 3100 2425 186804 1529 307 1177 1401 278 1039 920 636 5014 1741 1217 2088 749 2601 874 1838
internal_value=0 0.0732777 -0.0865321 0.0141154 0.0906642 -0.122994 0.0489255 -0.0747031 0.0552449 0.112781 0.0218315 -0.0353471 0.0143436 -0.137976 0.09681 -0.039997 0.0767665 -0.0726199 0.107991 0.0576147 -0.0564483 0.0439873 0.0241349 0.106123 0.0912543 0.0612371 0.00938276 0.0499557 0.140272 0.0704101
internal_weight=0 2844.39 2393.8 636.588 2604.66 1757.22 503.665 416.094 1001.22 1603.43 373.907 259.024 359.788 1341.12 1014.23 99.115 641.434 133.578 229.472 194.723 54.9409 274.792 333.595 819.503 445.938 411.962 125.446 268.941 589.208 353.617
internal_count=301480 51671 249809 25853 24054 223956 10928 32476 15907 8147 10234 12885 8924 191480 6811 4308 6983 9036 1455 2324 4676 5926 7439 4487 2746 5528 3849 5290 1336 3926
cat_boundaries=0 2 4 6 8
cat_threshold=2218730009 1013966 2214725122 197258 2239726860 1139098 2148139012 528395
is_linear=0
shrinkage=0.1


Tree=3
num_leaves=31
num_cat=0
split_feature=163 157 10 10 157 157 13 170 163 157 13 171 157 157 170 157 10 163 170 157 10 168 171 9 13 214 170 157 168 13
split_gain=2811.5 1200.2 329.181 258.518 197.897 160.113 85.4884 77.6605 53.1728 47.561 33.3266 31.6776 35.4291 29.2368 30.4106 28.7465 28.0017 24.6476 24.0899 23.3652 21.7709 19.9075 19.2651 18.0829 16.6461 16.4044 16.3665 16.7486 16.3392 14.7086
threshold=-0.47065415978431696 0.50749996304512035 168.50000000000003 555.50000000000011 0.54983052611351024 0.57470911741256725 0.01619459688663483 0.50563591718673717 -1.5713464021682737 0.55442294478416454 0.026141942478716377 0.33477982878685003 0.65611082315444957 0.68493673205375682 0.5227518379688264 0.56913721561431896 152.50000000000003 -1.4405636787414549 0.5227518379688264 0.50392174720764171 189.00000000000003 3.6751401424407963 0.33477982878685003 0.0077481858897954234 0.014405783265829088 0.042231407016515739 0.5133810043334962 0.59522119164466869 3.1570253372192387 0.019769410602748397
decision_type=2 2 10 8 2 2 10 2 2 2 10 2 2 2 2 2 8 2 2 2 10 2 2 8 10 2 2 2 2 10
left_child=1 19 15 6 -4 7 -3 24 22 18 -6 13 28 14 -10 -2 -17 23 -8 -1 -11 -18 -7 -9 -5 -16 -12 -28 -13 -19
right_child=2 3 4 5 10 8 9 17 11 20 26 12 -14 -15 25 16 21 29 -20 -21 -22 -23 -24 -25 -26 -27 27 -29 -30 -31
leaf_value=-0.11449098796919764 -0.13771147687749424 -0.093156785532248834 -0.10680694481644136 0.03235971482580819 -0.045434517118101765 0.13759354228719253 0.0034521402249929247 0.081091159594173456 0.11548783259454941 -0.055372187074084936 0.067235480236882514 -0.054546454657512594 0.086487825809111532 0.1420791384849911 0.084196761112180718 -0.12363177349278641 -0.081507729204414445 -0.072951525695285124 -0.10051187127637194 -0.027264631812898996 0.052617018773514192 0.029100404529921978 0.10197387171429136 0.0010062235033461945 0.08775336129484014 0.030640217591684178 -0.045809919457630528 0.034465804452450642 0.039704501974312648 -0.0021568357986632741
leaf_weight=366.17788820178248 971.96240050171036 65.906721226871014 218.64021094981581 67.092288057436235 63.820263964124024 522.33608133113012 64.872212545829825 52.829558236524463 299.9751910995692 19.805721762939356 97.985435106325895 27.137846672907472 202.92568542761728 151.99239267781377 222.86918636457995 173.81460872816388 66.320657127187587 43.304443709552288 33.95304669032339 33.520814782939851 325.19994882983156 21.562450240366161 214.07177462102845 60.46355829294771 283.39636039128527 76.935027536936104 35.159913658164442 99.65649052336812 57.081995197804645 91.056361977476627
leaf_count=47911 149553 5852 27149 1935 3445 1037 2668 479 1698 1056 1485 856 1439 357 1460 22998 5443 2748 2623 1325 4890 916 843 1255 2147 858 1863 1805 980 2196
internal_value=0 0.0552177 -0.101753 0.0777303 -0.0346227 0.0916071 0.0131165 0.0468607 0.106683 0.0288976 0.0185843 0.0921126 0.0638587 0.102904 0.0929769 -0.129791 -0.100372 0.00399481 -0.0322664 -0.107176 0.0464177 -0.0543696 0.127239 0.0383505 0.0771496 0.0704532 0.0361344 0.01353 0.00933437 -0.0249739
internal_weight=0 3282.9 1748.92 2883.21 515.262 2373.47 509.738 598.143 1775.33 443.831 296.622 1038.92 287.146 751.772 599.779 1233.66 261.698 247.654 98.8253 399.699 345.006 87.8831 736.408 113.293 350.489 299.804 232.802 134.816 84.2198 134.361
internal_count=301270 86613 214657 37377 35747 20288 17089 10760 9528 11237 8598 7648 3275 4373 4016 178910 29357 6678 5291 49236 5946 6359 1880 1734 4082 2318 5153 3668 1836 4944
is_linear=0
shrinkage=0.1


Tree=4
num_leaves=31
num_cat=3
split_feature=163 10 156 12 10 156 156 13 166 10 182 8 156 1 237 10 12 166 156 156 237 237 156 156 163 202 13 10 12 156
split_gain=2317.58 466.176 270.735 270.025 94.5929 88.9127 74.0929 70.6276 40.6684 34.6124 32.6008 31.8823 31.2609 27.3253 26.2158 17.7001 16.9006 16.7165 20.3905 15.4329 14.0854 13.8006 12.2453 12.0435 11.5473 10.4071 10.3365 10.0478 9.70333 8.74662
threshold=-0.47065415978431696 555.50000000000011 0.073350071907043471 147.50000000000003 1073.5000000000002 0.10275264084339143 0.15821565687656405 0.019769410602748397 0.81554383039474498 210.50000000000003 0.015640464611351493 0.13982659578323367 0.039292883127927787 1.0000000180025095e-35 0 152.50000000000003 271.00000000000006 0.98236721754074108 0.26209992170333868 0.196574941277504 1 2 0.15203631669282916 0.073350071907043471 -1.7881804108619688 -0.042827032506465905 0.01619459688663483 344.50000000000006 147.50000000000003 0.043717153370380409
decision_type=2 8 2 10 10 2 2 10 2 10 2 10 2 10 9 10 10 2 2 2 9 9 2 2 2 2 10 10 10 2
left_child=1 5 12 15 8 29 23 28 14 -9 13 -8 -3 -6 25 -2 -13 18 -15 21 26 -10 -16 -5 -21 -4 -14 -11 -7 -1
right_child=3 2 4 6 10 7 11 9 19 27 -12 16 20 17 22 -17 -18 -19 -20 24 -22 -23 -24 -25 -26 -27 -28 -29 -30 -31
leaf_value=-0.11812864322326766 -0.12419986850881121 -0.09036425260207781 0.015373525306478432 -0.11567321755832478 0.022741749085713799 -0.1351838005719927 -0.061325250739813701 -0.075705050482236524 -0.01637116847624677 -0.0019444184925587684 0.12258628503458249 -0.0039224812960177392 -0.047900523991226997 0.049676451399010786 -0.011902227105548377 -0.081495504923979264 0.051975544593976644 0.11236268701654561 0.093883988252568162 0.11664036366129189 -0.043248878461760343 0.05601983279739442 0.052757981184642457 -0.059061666054053268 0.073333914122658717 -0.062028311846049122 0.05094518492889967 0.033210781779215666 -0.063531348770804227 -0.07020411285352475
leaf_weight=68.894384436076507 1098.0263007450849 83.527856328204507 30.488469359639566 72.279757893760689 60.809622565167956 29.589142972079571 65.708996080677025 40.342896977963392 31.433539108838886 120.24978949793149 378.22862308821641 139.58262928342447 13.860034440411253 143.23371729103383 34.064414591179229 106.46940074639861 88.309629058872815 272.99599237367511 384.1983196886722 70.476314255036414 49.618556361296214 184.3786647322122 208.88937372912187 78.274652594700456 487.24960719153751 40.375581674627028 44.69449130515568 251.00000744021963 52.317022809991613 85.150897723913658
leaf_count=9497 171327 9063 1069 9873 1239 4024 5179 3715 1543 4709 1647 6295 1031 2931 1951 11757 1982 1153 1940 297 3731 4836 3696 8148 4769 2041 1537 6828 4130 8803
internal_value=0 0.0503608 0.0698178 -0.0958496 0.0792287 -0.0253143 -0.0292038 -0.00461159 0.0577019 0.0122644 0.0981136 4.36311e-05 -0.0444093 0.087366 0.0273389 -0.120425 0.0177383 0.0922756 0.0818786 0.0700199 -0.0089243 0.0473131 0.0419647 -0.0862403 0.0788063 -0.0251745 0.0235297 0.0218238 -0.0894163 -0.0916376
internal_weight=0 3166.07 2518.52 1648.65 2326.82 647.544 444.156 493.499 1087.36 411.593 1239.47 293.601 191.701 861.238 313.818 1204.5 227.892 800.428 527.432 773.538 108.173 215.812 242.954 150.554 557.726 70.8641 58.5545 371.25 81.9062 154.045
internal_count=300741 86180 44474 214561 29112 41706 31477 23406 20202 15252 8910 13456 15362 7263 8757 183084 8277 6024 4871 11445 6299 6379 5647 18021 5066 3110 2568 11537 8154 18300
cat_boundaries=0 2 4 6
cat_threshold=2217672768 733192 3234991716 4992513 491528 1118474
is_linear=0
shrinkage=0.1


Tree=5
num_leaves=31
num_cat=1
split_feature=163 157 12 157 157 10 237 170 10 157 93 13 157 157 13 157 157 11 168 157 157 168 181 93 13 170 157 12 170 224
split_gain=1856.61 794.289 232.682 196.05 136.846 104.19 77.5343 43.8713 38.726 23.0439 31.5502 21.6795 21.393 19.6666 19.6254 18.7522 18.623 17.8156 17.1301 16.5292 15.4611 14.9503 13.1272 13.0145 12.5157 12.2294 12.181 12.0516 12.036 10.7167
threshold=-0.47065415978431696 0.50749996304512035 147.50000000000003 0.62342819571495067 0.54983052611351024 344.50000000000006 0 0.52698570489883434 606.00000000000011 0.68493673205375682 0.36546161770820623 0.040365440770983703 0.55442294478416454 0.55442294478416454 0.0092025403864681738 0.56404387950897228 0.4862216860055924 0.015891053713858131 2.7447551488876347 0.61253345012664806 0.56913721561431896 3.6751401424407963 0.069385390728712096 0.30615940690040594 0.012428876478224994 0.50857836008071911 0.55442294478416454 380.00000000000006 0.47702896595001226 0.09813066199421884
decision_type=2 2 10 2 2 8 9 2 8 2 2 10 2 2 10 2 2 10 2 2 2 2 2 2 10 2 2 10 2 2
left_child=1 16 20 5 -4 17 12 13 14 10 25 19 24 28 -5 -9 -1 -3 -14 -6 -2 -22 -20 -11 -7 -10 -19 -18 -8 -27
right_child=2 3 4 8 11 6 7 15 9 23 -12 -13 18 -15 -16 -17 27 26 22 -21 21 -23 -24 -25 -26 29 -28 -29 -30 -31
leaf_value=-0.10069256520711699 -0.12002419216427956 -0.1127723279500934 -0.094106088979399413 -0.092238588506930563 -0.043438918253172754 -0.08532464788403249 0.076947238245627464 -0.019450381747478134 0.11134116394685148 0.12603546489221815 -0.027549347824951716 0.052562692855884545 -0.05376209944212007 0.09321200371339973 0.057455767715664713 0.046380379378729499 -0.080083347641509484 -0.077228898190319431 0.017315707649157359 0.027139458284937926 -0.10183619317558137 -0.031170567388376674 0.061242824644670915 0.092370497857526435 -0.0056109988394826968 0.072611086916954504 -0.0014722430018794474 -0.004024698357020527 0.035487055606391281 0.12716574440334014
leaf_weight=302.4883762683894 886.66918643319514 31.299044765590224 177.89640820340719 9.2460639252094534 63.747527597879525 23.425525666913018 154.78318574232981 66.167391540366225 187.66363588348031 356.57918886002153 23.486579383723438 115.22045805468224 23.612050950410776 370.64117681141943 165.93914140976267 125.04495132900774 49.050127812661231 31.385521898046136 170.04532018571626 69.206193305086344 189.89011329889763 35.542477974842768 113.39863051800057 169.38231993513182 123.73649134498555 289.92445969814435 65.55979153723456 36.213746183959302 127.86052816919982 41.11415714211762
leaf_count=41000 153132 3880 23872 1024 3539 1906 1323 2077 689 767 286 2212 1000 2308 2496 1358 5831 2817 3334 1848 26808 3222 1260 941 3554 1761 2253 2239 2207 91
internal_value=0 0.0446852 -0.0900049 0.0641059 -0.0271686 0.0388134 0.0473046 0.0649603 0.0931338 0.100281 0.0858145 0.0208136 0.0127673 0.0780605 0.0495551 0.0236002 -0.0890573 -0.047176 0.0280726 -0.00670087 -0.114079 -0.0906948 0.0348898 0.115194 -0.0183 0.0909476 -0.0259981 -0.0477793 0.0581918 0.0793866
internal_weight=0 3058.05 1538.17 2670.3 426.071 1426.96 1298.72 844.497 1243.34 1068.15 542.189 248.174 454.218 653.285 175.185 191.212 387.752 128.244 307.056 132.954 1112.1 225.433 283.444 525.962 147.162 518.702 96.9453 85.2639 282.644 331.039
internal_count=301035 86402 214633 37332 31471 29277 20327 9273 8055 4535 2827 7599 11054 5838 3520 3435 49070 8950 5594 5387 183162 30030 4594 1708 5460 2541 5070 8070 3530 1852
cat_boundaries=0 2
cat_threshold=2752463369 1013918
is_linear=0
shrinkage=0.1


Tree=6
num_leaves=31
num_cat=2
split_feature=163 157 12 157 157 10 237 163 170 161 170 157 233 157 157 170 8 170 157 156 170 237 157 168 11 203 159 175 12 170
split_gain=1562.17 637.201 194.138 159.15 104.915 86.3942 63.5198 50.3668 32.3791 27.8846 24.2835 23.3994 18.9326 17.4895 15.283 14.9345 14.3795 13.922 13.1975 16.4724 13.1653 12.3514 12.1643 13.2179 11.9742 11.9003 10.9453 10.6215 9.8322 9.69178
threshold=-0.47065415978431696 0.50749996304512035 147.50000000000003 0.61253345012664806 0.54545071721076976 344.50000000000006 0 -1.5713464021682737 0.54426845908164989 3.8449239730834965 0.60105058550834667 0.55911573767662059 0.002189828199334443 0.61253345012664806 0.4862216860055924 0.47530725598335272 0.14990550279617312 0.47702896595001226 0.68493673205375682 0.37807808816432958 0.51898869872093212 1 0.56404387950897228 3.5946353673934941 0.015891053713858131 -0.090617358684539781 1.4881304502487185 0.18386915326118472 339.50000000000006 0.48162244260311132
decision_type=2 2 10 2 2 8 9 2 2 2 2 2 2 2 2 2 10 2 2 2 2 9 2 2 10 2 2 2 10 2
left_child=1 14 22 5 -4 24 12 25 11 10 18 17 21 16 -1 -11 -6 -8 19 -9 -14 -7 -2 -24 -3 -5 -10 -19 -17 -16
right_child=2 3 4 7 13 6 8 9 26 15 -12 -13 20 -15 29 28 -18 27 -20 -21 -22 -23 23 -25 -26 -27 -28 -29 -30 -31
leaf_value=-0.093825920985502673 -0.11382749726939506 -0.11089837684538871 -0.089544708204661802 0.055265105574930397 -0.075105002491214698 -0.00068706439169374941 0.07014610378307172 0.093188182994544885 -0.040745535096261054 0.095012651151175007 -0.039644507548836042 0.087405667048174138 0.020706391970660196 0.040789394222600327 0.0063340931012094261 0.0084570247098504896 0.0057988136711383115 0.01604138594422699 0.10825298939389333 0.049561533192445405 -0.027803708653592024 0.046603527291397981 -0.099871122863182782 -0.040110371003718087 -0.03286512513451266 0.1119300393323862 0.043952675306647454 0.093380379475357642 0.049393536821100092 -0.067899434150649071
leaf_weight=280.27425653615501 809.34389695749269 25.608140275377082 162.07424633621122 40.205441862810403 28.245752957416698 89.573273214977235 148.56571085192263 196.47847659909166 37.529580424539745 45.685623417142779 16.135906759649515 323.45940466504544 95.648853466846049 122.32414482953027 25.572625985369086 99.102606743341312 98.857228209264576 127.43813343311194 165.08634833386168 154.68395283073187 134.77959153661504 166.36094520206098 181.19489628486917 46.51132860998041 84.728223819343839 474.05405494756997 25.709216906223446 20.632831238210201 143.81404272606596 56.324305436224677
leaf_count=40728 150189 3576 23350 288 2341 2678 1223 1249 1285 351 435 2001 1881 2520 2057 2562 3347 2579 563 1467 4497 2634 28120 4803 4906 1127 328 145 1502 6113
internal_value=0 0.0415918 -0.0850221 0.0588071 -0.0269051 0.0336121 0.0415912 0.0829603 0.0609594 0.0675888 0.0811579 0.068803 0.0128612 0.0137972 -0.0827217 0.0425579 -0.0121802 0.0485182 0.0849337 0.073971 -0.00766759 0.0318466 -0.108083 -0.0876644 -0.050976 0.1075 -0.00631217 0.0268181 0.0326927 -0.0447197
internal_weight=0 2977.45 1448.55 2615.28 411.501 1280.03 1169.7 1335.25 683.335 820.987 532.385 620.096 486.363 249.427 362.171 288.602 127.103 296.637 516.249 351.162 230.428 255.934 1037.05 227.706 110.336 514.259 63.2388 148.071 242.917 81.8969
internal_count=300845 86175 214670 37277 31558 27733 19251 9544 7561 8129 3714 5948 11690 8208 48898 4415 5688 3947 3279 2716 6378 5312 183112 32923 8482 1415 1613 2724 4064 8170
cat_boundaries=0 2 4
cat_threshold=2350858265 1013998 2147549192 202986
is_linear=0
shrinkage=0.1


Tree=7
num_leaves=31
num_cat=3
split_feature=157 10 10 10 157 166 237 237 157 12 157 157 13 157 171 164 156 10 8 13 12 237 12 171 173 171 157 218 177 157
split_gain=1269.93 455.685 297.501 142.281 96.4742 69.6776 43.7354 39.5636 32.6252 25.3971 23.9216 22.0028 21.4505 21.3106 27.3647 19.2848 16.4822 15.7218 15.164 12.1843 11.8019 10.4047 10.3609 11.0048 10.2323 10.0842 9.67316 9.64437 9.63179 9.00411
threshold=0.54983052611351024 189.00000000000003 399.00000000000006 1073.5000000000002 0.4862216860055924 0.87655764818191539 0 1 0.61253345012664806 107.50000000000001 0.49688294529914862 0.62342819571495067 0.010666742455214264 0.68493673205375682 0.33477982878685003 4.7833075523376474 0.29198718070983892 114.50000000000001 0.079325716942548766 0.01619459688663483 339.50000000000006 2 474.50000000000006 0.069058354943990721 -0.015479137189686297 0.083927519619464888 0.57470911741256725 0.010334193240851166 -0.014727727975696324 0.68493673205375682
decision_type=2 8 10 10 2 2 9 9 2 8 2 2 10 2 2 2 2 10 10 10 10 9 10 2 2 2 2 2 2 2
left_child=2 17 9 5 -4 6 12 19 20 -1 -11 16 -3 14 18 -12 25 -2 27 -6 -8 -18 23 -9 -13 -7 -14 -5 29 -28
right_child=1 3 4 13 7 11 8 22 -10 10 15 24 26 -15 -16 -17 21 -19 -20 -21 -22 -23 -24 -25 -26 -27 28 -29 -30 -31
leaf_value=-0.11461629231531584 -0.10096236350886854 -0.057051207180568803 -0.078711224846208516 -0.030895140910455907 -0.0340659520806504 0.070674259607620957 -0.0030210744986743305 -0.010817273698297136 0.061721678594171485 -0.09975631098800547 -0.077569924789418335 0.10140046994422469 -0.050719803634364548 0.10991326689138957 0.034834744089422845 -0.012451683299613577 0.040271016614538302 -0.046129029138967229 0.092918238789837251 0.065381874831329539 0.046339109085431728 -0.019881206176567388 0.01366718672123338 -0.072991226605240128 0.065920571498106678 0.021415473172520575 -0.03647499423253716 0.06989307521515796 0.037568903268245274 0.041525756109261125
leaf_weight=515.27402850083308 174.12412471522111 86.73322864950751 148.22747535677627 16.22370764426887 13.492200320819391 155.74838245147839 184.73196471924894 114.96134794986574 236.37585776590277 359.34112032558187 147.33875252021244 124.63359933160245 27.660269099345896 304.70138136669993 120.45892823592294 65.784463113086531 41.867632692679763 74.731078782788245 464.93954770918936 141.79796066507697 65.655033310409635 56.007651998195797 113.55407229554839 37.838634762912989 233.70364413037896 56.685573437716812 49.595132342015859 22.888394063687883 79.283737546764314 21.093861925881356
leaf_count=105356 30793 6353 21373 348 650 1643 8112 4667 3256 63267 21627 513 1445 806 1327 4150 566 7324 1831 2187 842 1126 2729 2336 1618 1163 1725 158 1647 368
internal_value=0 0.0441787 -0.0678464 0.0578107 -0.0093166 0.0379002 0.0169987 0.0150788 0.0343702 -0.0985104 -0.0840135 0.0613801 -0.0156929 0.0882326 0.0776545 -0.05747 0.0418866 -0.0844959 0.0878876 0.0533086 0.00992187 0.00793306 -0.00887807 -0.0262137 0.0782609 0.0575301 0.00361777 0.0280861 0.0136395 -0.0131993
internal_weight=0 2597.84 1657.61 2348.99 569.872 1419.78 751.129 421.644 486.763 1087.74 572.464 668.646 264.366 929.212 624.511 213.123 310.309 248.855 504.052 155.29 250.387 97.8753 266.354 152.8 358.337 212.434 177.633 39.1121 149.973 70.689
internal_count=301306 72964 228342 34847 33942 30377 23748 12569 12210 194400 89044 6629 11538 4470 3664 25777 4498 38117 2337 2837 8954 1692 9732 7003 2131 2806 5185 506 3740 2093
cat_boundaries=0 2 4 6
cat_threshold=2286298624 1771531 197147874 33873 155205776 1064960
is_linear=0
shrinkage=0.1


Tree=8
num_leaves=31
num_cat=4
split_feature=163 12 12 156 163 12 156 237 156 13 13 214 201 230 237 13 233 12 180 156 237 233 136 170 66 12 159 237 156 179
split_gain=1070.73 200.031 151.555 101.358 60.5559 59.8731 50.6887 36.7386 34.2275 29.2269 19.9033 19.6848 18.5454 15.5101 13.6269 13.4131 13.2584 12.5306 11.1232 11.0395 10.1308 10.0474 9.54968 8.80582 8.48491 8.24683 7.56299 7.54361 7.40511 7.17329
threshold=-0.47065415978431696 362.50000000000006 147.50000000000003 0.051836095750331886 -1.5713464021682737 142.50000000000003 0.064725596457719817 0 0.10733487084507944 0.022354744374752048 0.026141942478716377 0.10281816124916078 0.0051556478720158347 0.014814158901572229 1 0.010666742455214264 -0.036962043493986123 72.500000000000014 0.048395229503512389 0.022347066551446918 2 -0.015100568532943724 0.011667934246361257 0.58950042724609386 2.4882311820983891 271.00000000000006 1.7810884118080141 3 0.22287581861019137 0.03622755594551564
decision_type=2 8 10 2 2 10 2 9 2 10 10 2 2 2 9 10 2 8 2 2 9 2 2 2 2 10 2 9 2 2
left_child=1 5 17 19 11 -1 -7 12 -4 20 -10 13 21 24 -11 23 29 -2 -18 -3 -8 -6 -13 27 -5 -12 -16 -9 -17 -14
right_child=2 3 8 4 7 6 9 15 10 14 25 22 16 -15 26 28 18 -19 -20 -21 -22 -23 -24 -25 -26 -27 -28 -29 -30 -31
leaf_value=-0.09066436133555851 -0.10905235722591958 -0.10472860115435526 -0.08016352649259377 0.076161313463249308 0.044322135012969339 -0.078550054804909369 0.0065139060989783688 -0.024891994314021934 -0.053464875117316735 -0.0048550660973278818 -0.00721289028014777 -0.09543447695679734 0.063995026826379489 0.098375177345913611 0.028348762656318555 0.0097047970632973303 0.030667583276519285 -0.085442468791487036 -0.042727445257796287 -0.029099062558454708 -0.054629840269667045 0.080133026078658603 0.033810555901350535 -0.18383277857825911 0.038909639873649482 0.032390522592990106 0.080727019760372221 0.019463192432371879 0.041057919171076089 -0.12806986488881184
leaf_weight=81.225963368051453 473.30804291291861 28.516218740172917 83.743433118128451 292.06592893472407 105.03531430358998 72.338497435936006 45.095057634753175 67.222364413697505 73.697505887190346 143.79916676413268 156.76440605460084 8.0136316245188954 145.29095518722897 322.53698111465201 290.46367207667208 114.59058684224146 156.22908177319914 428.12925770517904 23.793689564336091 59.720039188716328 70.083996428351384 308.35200486675603 19.94719822332263 2.7555381416459559 77.334227608749643 79.116485553939128 30.457794870715588 66.52465365245007 219.86962445720565 1.9709428171627212
leaf_count=12441 104696 4757 13576 2466 1995 10583 1890 2967 7232 5928 8372 278 1904 1983 9495 3766 3072 78307 919 5410 5457 3941 272 157 842 2298 329 2699 2545 149
internal_value=0 0.0350267 -0.0752397 0.0512697 0.0560576 -0.00970223 0.000380325 0.0424094 -0.0234452 0.0102263 -0.0081024 0.0790285 0.0561957 0.0823526 0.0214029 0.0191285 0.0391708 -0.0978391 0.0209669 -0.053541 -0.0348682 0.071034 -0.00323134 -0.00688165 0.0683626 0.00607044 0.032313 -0.00323599 0.0303159 0.0614244
internal_weight=0 2753.23 1294.76 2019.77 1931.53 733.464 652.238 1211.63 393.322 579.9 309.578 719.898 740.672 691.937 464.721 470.963 327.285 901.437 180.023 88.2363 115.179 413.387 27.9608 136.503 369.4 235.881 320.921 133.747 334.46 147.262
internal_count=300726 86245 214481 40122 29955 46123 33682 24114 31478 23099 17902 5841 11980 5291 15752 12134 6044 183003 3991 10167 7347 5936 550 5823 3308 10670 9824 5666 6311 2053
cat_boundaries=0 2 4 6 8
cat_threshold=1267769222 124192 1211865088 766476 134230536 787200 2688696441 266251
is_linear=0
shrinkage=0.1


Tree=9
num_leaves=31
num_cat=2
split_feature=157 10 10 163 157 157 171 13 12 234 163 166 163 160 157 171 166 163 13 234 157 10 157 156 204 157 157 157 152 156
split_gain=888.638 280.37 251.51 104.311 70.6633 48.9218 56.0246 37.603 24.6444 20.98 20.4633 18.4471 17.9767 17.183 16.8977 16.7724 14.8685 13.1093 12.3074 11.4964 10.8867 10.8418 10.4004 9.81507 9.4305 9.09594 8.96099 8.42493 8.18087 7.77401
threshold=0.55442294478416454 189.00000000000003 363.00000000000006 -0.81838205456733693 0.4862216860055924 0.68493673205375682 0.33477982878685003 0.019769410602748397 107.50000000000001 0 -1.0621505975723264 0.98236721754074108 0.099439054727554335 1.0000000000000002 0.68493673205375682 0.44739343225955969 0.88900581002235424 -1.5713464021682737 0.010666742455214264 1 0.63727831840515148 1073.5000000000002 0.47541378438472753 0.3352713286876679 -0.090910736471414552 0.47188317775726324 0.5807817578315736 0.58749592304229747 0.02113592624664307 0.35097050666809088
decision_type=2 8 10 2 2 2 2 10 8 1 2 2 2 2 2 2 2 2 10 1 2 10 2 2 2 2 2 2 2 2
left_child=2 18 8 5 -4 6 13 12 -1 21 22 -11 19 23 26 -7 -8 -15 -2 -5 -21 -6 -10 -3 -19 -12 -9 -26 -13 -28
right_child=1 3 4 7 9 15 16 14 10 11 25 28 -14 17 -16 -17 -18 24 -20 20 -22 -23 -24 -25 27 -27 29 -29 -30 -31
leaf_value=-0.1068645419796654 -0.10815485683923461 0.088219289195525838 -0.066671951649724309 -0.037856165436759154 0.023477468644972143 0.11318133331048599 -0.035642737068588642 -0.00096374811275445373 -0.080378546937944037 -0.018328790081030569 -0.096602059956031827 -0.00050945737179451829 -0.089733803301631568 0.074942305493856817 0.079843404836022383 0.073313634663547483 0.024285649218034396 -0.063857501715709558 -0.055531361113052895 -0.0076752373332773976 0.061577825383759749 0.078845879441273484 0.0067326024092135804 0.056364797883118212 0.009614433465820341 -0.068228368908928513 0.049346093047579892 0.052506293817139608 0.067659781489966819 0.017375494164447083
leaf_weight=440.5617351046676 66.2985375324497 325.14321792172268 156.41610346763628 58.710656790586654 114.27519428031519 222.12900544470176 54.783457101322711 98.617890404071659 20.178393710055389 240.96561707142973 220.80197772786778 30.198196466313675 30.771023448352935 127.06053420715034 65.931230665184557 201.02175403432921 169.47002774674911 9.3109532302478311 134.82223087234888 67.206017500953749 34.276854726485908 51.214817471802235 42.727504395181313 137.68969677761197 66.914758217055351 231.38045567303197 155.62531540700002 145.09312966093421 42.213193148374557 148.76065017376095
leaf_count=107355 14898 2090 23390 3753 3287 551 2227 2977 3378 9539 44998 595 4735 531 526 1292 2050 232 20579 3067 555 366 2334 1165 961 37280 2418 1142 548 2462
internal_value=0 0.0399563 -0.0570827 0.0506683 -0.00831669 0.0655934 0.053886 0.0176784 -0.0895007 0.0107443 -0.0746491 -0.00487313 -0.0197285 0.0661159 0.0329116 0.0942418 0.00964559 0.0493407 -0.0728785 -0.00628146 0.014306 0.0382983 -0.0212101 0.0787428 0.0346427 -0.0820833 0.0252336 0.0389686 0.0392307 0.0337213
internal_weight=0 2319.64 1590.93 2118.52 635.283 1458.62 1035.47 659.9 955.65 478.867 515.088 313.377 190.965 811.212 468.935 423.151 224.253 348.379 201.121 160.194 101.483 165.49 62.9059 462.833 221.319 452.182 403.004 212.008 72.4114 304.386
internal_count=301281 68211 233070 32734 37725 12241 10398 20493 195345 14335 87990 10682 12110 6121 8383 1843 4277 2866 35477 7375 3622 3653 5712 3255 2335 82278 7857 2103 1143 4880
cat_boundaries=0 1 2
cat_threshold=2151 540
is_linear=0
shrinkage=0.1


Tree=10
num_leaves=31
num_cat=4
split_feature=163 157 12 157 157 170 157 237 170 163 237 74 13 170 164 172 237 237 157 170 156 157 157 74 159 163 157 170 231 200
split_gain=746.328 303.142 121.755 84.2601 63.4849 60.2119 50.7333 33.3447 31.8562 25.5976 23.4942 22.359 16.8253 16.6538 16.6416 14.9784 14.5767 13.1 13.0469 12.2611 11.328 11.2067 10.6045 9.6776 9.62003 9.55311 9.04054 9.5614 8.57781 8.38024
threshold=-0.47065415978431696 0.53720718622207653 147.50000000000003 0.65611082315444957 0.4862216860055924 0.47702896595001226 0.57470911741256725 0 0.5227518379688264 -1.4405636787414549 1 0.30079366266727453 0.014405783265829088 0.5227518379688264 5.3589394092559823 -0.17739429324865338 2 3 0.61253345012664806 0.53965613245964061 0.29198718070983892 0.60335811972618114 0.51456367969512951 0.27622890472412115 1.5638608932495119 -0.98350316286087025 0.65611082315444957 0.53199100494384777 0.062314895913004882 -0.02725050505250692
decision_type=2 2 10 2 2 2 2 9 2 2 9 2 8 2 2 2 9 9 2 2 2 2 2 2 2 2 2 2 2 2
left_child=1 4 18 5 -1 20 22 12 10 28 -6 -5 -7 -11 29 -15 21 -8 -2 23 -3 -17 -4 -14 -10 -12 27 -19 -9 -13
right_child=2 3 6 11 8 7 17 9 24 13 25 14 19 15 -16 16 -18 26 -20 -21 -22 -23 -24 -25 -26 -27 -28 -29 -30 -31
leaf_value=-0.071522458372618475 -0.093784999876706077 0.087089400722940941 -0.079015202098108708 0.093037718291402421 -0.026159329818344419 -0.072782885431472183 -0.035396366390740612 0.048602451420639882 -0.074636896764451885 0.042058129836725168 0.046491689458333291 -0.056212557707487967 0.031431199646771386 -0.044859828504599186 0.074925882938561797 0.0051708442094678779 -0.034915547638672766 0.041327646713618472 -0.049026672869138074 -0.02924544076191998 0.046666061623871359 0.05536926957271085 -0.030870566836242036 -0.024068174860248592 9.9427048124693258e-05 -0.0022006406553232577 0.072392402693572375 -0.015836702328195586 0.089671076720224716 0.03344845805870824
leaf_weight=234.98304894971079 697.1806421897345 203.29949494986795 101.3414521964296 405.55502513307147 107.75363987713354 33.886054680420784 32.794737407763023 164.46370633831248 71.363188037095824 212.92331608512904 134.11255875346251 11.906498936412389 127.22334061423317 49.867298876284622 161.4203749949811 94.005541530495975 38.784835460304748 66.167467479361221 71.837463203002699 82.81715054763481 105.1972833693726 84.404238449060358 83.402494409878273 41.722751379827969 22.702247995010111 57.59660986129893 37.474568957462907 52.456391197571065 73.624864359386265 83.74207274679793
leaf_count=40951 170997 1516 19154 1901 5818 2706 1724 1115 6232 3260 2426 676 2324 1491 976 2252 1801 1402 12256 2685 1410 713 7269 919 914 3049 414 1523 315 1047
internal_value=0 0.0300942 -0.0668507 0.0493449 -0.0303934 0.0346666 -0.0200202 0.022791 -0.00583454 0.0340208 0.0101115 0.0784128 -0.00640542 0.021197 0.0553405 0.00456486 0.0159126 0.0164215 -0.0896039 0.00227423 0.0733051 0.0273844 -0.0572803 0.0177251 -0.0565996 0.0302831 0.0277949 0.0160491 0.0613022 0.0222873
internal_weight=0 2603.36 1142.66 1974.84 628.511 1312.22 373.637 1003.72 393.528 718.074 299.463 662.624 285.649 479.985 257.069 267.062 217.195 188.893 769.018 251.763 308.497 178.41 184.744 168.946 94.0654 191.709 156.098 118.624 238.089 95.6486
internal_count=301236 86497 214739 27107 59390 22507 31486 19581 18439 10947 11293 4600 8634 9517 2699 6257 4766 5063 183253 5928 2926 2965 26423 3243 7146 5475 3339 2925 1430 1723
cat_boundaries=0 2 4 6 8
cat_threshold=2729136137 1114378 2419819065 987534 469762320 319584 2152859138 590090
is_linear=0
shrinkage=0.1


Tree=11
num_leaves=31
num_cat=0
split_feature=157 164 4 157 157 170 170 157 171 170 157 171 170 93 13 4 164 182 13 11 156 5 66 179 161 156 204 210 6 164
split_gain=585.387 170.621 96.2723 80.0849 73.5961 50.7243 47.7248 33.2881 26.1577 24.3355 19.7305 19.4412 19.1627 18.6999 18.6504 14.4233 13.5034 13.4063 13.3253 11.2543 10.0984 9.50629 9.38579 9.28896 9.15334 9.09367 9.03993 8.93639 8.60737 8.55459
threshold=0.57470911741256725 4.6298508644104013 1.0000000180025095e-35 0.48264627158641821 0.68493673205375682 0.5227518379688264 0.4837751984596253 0.51456367969512951 0.33477982878685003 0.5208222270011903 0.62342819571495067 0.33477982878685003 0.53965613245964061 0.2839281708002091 0.010666742455214264 0.12034482508897783 5.2857353687286386 -0.25683648884296412 0.014405783265829088 0.0088107436895370501 0.39638906717300421 0.13383085280656817 1.8249189257621767 0.13981986045837405 3.3046472072601323 0.21294035762548449 -0.048747204244136803 -0.060679364949464791 1.0000000180025095e-35 4.6774799823760995
decision_type=2 2 8 2 2 2 2 2 2 2 2 2 2 2 8 8 2 2 8 8 2 10 2 2 2 2 2 2 8 2
left_child=1 7 -2 -3 5 8 18 28 16 14 15 -6 19 20 -9 21 -4 -18 -5 -8 22 -7 -12 -14 -20 -21 -22 -17 -1 -10
right_child=2 3 4 6 11 10 12 9 29 -11 13 -13 23 -15 -16 27 17 -19 24 25 26 -23 -24 -25 -26 -27 -28 -29 -30 -31
leaf_value=-0.10711971897973582 -0.07577018127826024 -0.068248513021888835 0.045498265560683988 -0.031277719012893022 0.098183928866505177 0.017089963215857013 -0.089184410276583331 -0.09476491995664818 -0.069377977489282108 -0.075182303672026288 0.070188974431073983 0.056799367131379667 -0.059075671090733944 -0.056695456061220562 -0.0085145515178341302 0.0027393776690087979 0.036650066172100516 0.089536479574197206 0.01641327114906093 0.015590908514986233 -0.058347130149323939 -0.051167858346394014 0.024173974968903507 0.01081418890931287 0.062435189304353426 -0.021981002708940035 0.02359401952997163 -0.058860349258494586 -0.079111224130267055 0.015922011966822365
leaf_weight=150.95218080523773 69.303885096451268 181.9848893902672 306.25760270899627 22.31425908813253 243.82631896086968 172.83436538116075 13.527136615943162 29.901902395882644 13.584444598294793 166.02482492133277 103.09602635144256 212.39307193033164 102.39729515783256 23.677284774079453 155.16998473578133 36.36131527100224 63.556744943372905 194.9640873875469 59.459098756313324 209.62349793186877 15.562851227354257 23.134672792395577 77.76215810677968 23.354083971004002 158.20291141292546 92.99759184702998 99.812591282185167 66.846083976735827 401.70588194922311 87.403524456196465
leaf_count=45030 13697 34376 6962 1418 1285 3980 1175 6925 1351 30652 1142 2448 7740 981 14777 1717 475 904 1440 7431 836 1522 1898 623 2374 3485 2217 6014 94925 1525
internal_value=0 -0.0410894 0.0398133 -0.00931145 0.0444142 0.032163 0.00641818 -0.0714645 0.051323 -0.0473858 0.0115583 0.0789173 -0.0130776 0.0288223 -0.0224499 -0.00690227 0.0597047 0.0765345 0.0423184 5.57674e-05 0.0356575 0.00903194 0.0504043 -0.046096 0.0498633 0.0040448 0.0125411 -0.037158 -0.0867614 0.00444784
internal_weight=0 1767.62 1810.38 863.861 1741.07 1284.85 681.876 903.755 665.766 351.097 619.087 456.219 441.9 319.911 185.072 299.176 564.778 258.521 239.976 316.148 296.234 195.969 180.858 125.751 217.662 302.621 115.375 103.207 552.658 100.988
internal_count=301325 252371 48954 60062 35257 31524 25686 192309 11217 52354 20307 3733 20454 7074 21702 13233 8341 1379 5232 12091 6093 5502 3040 8363 3814 10916 3053 7731 139955 2876
is_linear=0
shrinkage=0.1


Tree=12
num_leaves=31
num_cat=3
split_feature=10 157 12 157 157 237 170 157 171 8 170 166 3 237 6 8 159 159 184 9 93 237 168 173 170 10 10 9 157 166
split_gain=517.254 220.052 86.1711 65.8347 52.9701 43.803 42.9793 39.8081 20.8336 19.8806 18.9615 15.4448 15.7041 14.909 12.4154 12.3623 12.0966 11.0003 10.7055 9.93714 9.62672 9.60613 9.13786 10.7413 8.75898 8.55269 7.93205 7.47854 7.10718 7.06695
threshold=344.50000000000006 0.55911573767662059 121.50000000000001 0.4862216860055924 0.68493673205375682 0 0.47702896595001226 0.55442294478416454 0.33477982878685003 0.09365639835596086 0.5227518379688264 0.66839343309402477 0.15438786894083026 1 0.15504807978868487 0.14749578386545184 1.6578968763351443 1.3112287521362307 0.068799011409282698 0.014244414400309326 0.21059080958366397 2 4.1220653057098398 0.086017500609159483 0.5208222270011903 1073.5000000000002 38.500000000000007 0.034657057374715812 0.56913721561431896 0.61370676755905162
decision_type=8 2 10 2 2 9 2 2 2 10 2 2 10 9 10 10 2 2 2 8 2 9 2 2 2 10 10 10 2 2
left_child=2 3 26 -2 5 11 13 -4 -6 29 14 12 -3 -5 18 -9 21 19 25 -12 -13 -11 23 -10 -17 27 -1 -7 -28 -8
right_child=1 4 7 6 8 10 9 15 22 16 17 20 -14 -15 -16 24 -18 -19 -20 -21 -22 -23 -24 -25 -26 -27 28 -29 -30 -31
leaf_value=-0.10414625940944378 -0.063110641561011885 -0.073899430383635195 -0.063308752277759339 -0.017100048407889201 0.098399505260110084 0.062968029647605769 -0.088531447766524107 -0.043803440847713419 0.024986820419578882 0.0098100169542630657 0.036172589705381689 0.030816582996620098 0.0071466116947241382 0.04779720856316453 -0.038070899465075143 0.029564932210629186 0.030749934276402199 0.053742266702548072 0.039609544121367399 -0.008825382097935949 -0.0078928440105067704 -0.032371385346843667 0.091965210522296614 0.083696044025318717 -0.012090219410644157 0.089533252044214306 -0.088199195218499921 -0.025211892605089953 -0.050892462418744712 -0.035901450604048368
leaf_weight=229.73327293124748 228.96061663480941 41.7129108493682 217.20395946549252 43.211152826726902 213.14926485065371 171.18593605887145 41.871711839572527 64.950112113030627 109.80039070453495 83.444277256494388 105.53645435720682 200.61291984003037 56.013304754509591 169.45630791661097 12.299983807606621 90.251636207569391 68.276954144937918 119.02153194823768 133.29985954635777 91.735795969842002 94.513567262096331 136.92383633367717 47.208451565355062 43.513191030593589 114.54971870558802 163.86556298751384 205.9334371239238 10.190362268127499 67.902601464069448 65.304405943432357
leaf_count=73492 47246 4037 44428 2187 852 2010 8035 4901 1409 2619 1202 3368 1280 3158 242 2204 1360 1012 1283 3220 1762 6806 172 184 5035 674 58499 227 12596 5865
internal_value=0 0.0241894 -0.0614395 -0.0174024 0.0457746 0.0351368 -0.00020348 -0.0314456 0.0766327 -0.0196842 0.0482292 0.00683617 -0.0274466 0.0360544 0.0611305 -0.00578935 -0.00602791 0.0297331 0.0636803 0.0152476 0.01842 -0.0174228 0.0534953 0.0416496 0.00626633 0.0729742 -0.0904439 0.0580138 -0.0789483 -0.056463
internal_weight=0 2451.11 990.525 837.449 1613.66 1199.99 608.489 486.955 413.671 395.821 807.135 392.853 97.7262 212.667 490.842 269.751 288.645 316.294 478.542 197.272 295.126 220.368 200.522 153.314 204.801 345.242 503.569 181.376 273.836 107.176
internal_count=301365 100210 201155 77276 22934 20317 30030 56568 2617 24685 9870 10447 5317 5345 4436 12140 10785 5434 4194 4422 5130 9425 1765 1593 7239 2911 144587 2237 71095 13900
cat_boundaries=0 2 4 6
cat_threshold=2759270409 5705738 3850345 987371 286600757 1310741
is_linear=0
shrinkage=0.1


Tree=13
num_leaves=31
num_cat=3
split_feature=10 10 12 163 156 160 156 13 237 182 167 11 170 163 160 237 5 86 156 230 5 13 189 156 166 11 229 237 152 63
split_gain=419.081 107.511 80.8263 68.7005 54.1895 28.3828 21.9522 22.0387 20.3977 19.2858 18.6068 15.5139 14.0422 13.7938 12.3271 10.9863 9.92475 9.3587 8.95197 8.00767 7.87419 7.45729 7.38919 7.27516 7.15467 6.87929 6.77395 6.66467 6.59754 6.19983
threshold=344.50000000000006 1073.5000000000002 94.500000000000014 0.27970544993877416 0.055815160274505622 1.0000000000000002 0.047847986221313484 0.026141942478716377 0 0.015640464611351493 2.5000000000000004 0.012007002253085377 0.5484067201614381 -1.2178012132644651 2.0000000000000004 1 0.026334026828408245 -0.91503310203552235 0.022347066551446918 0.11832691356539728 0.07435046881437303 0.054079741239547736 -0.071264952421188341 0.025751547887921337 0.98236721754074108 0.021840957924723629 0.029988426715135578 2 -0.0056250290945172301 -0.17315388470888135
decision_type=8 10 10 2 2 2 2 10 9 2 2 10 2 2 2 9 10 2 2 2 8 10 2 2 2 10 2 9 2 2
left_child=2 3 -1 4 18 8 -4 -8 24 11 12 -3 15 20 17 -7 27 -13 -2 -16 -10 -9 -12 -11 -6 -19 -14 -15 29 -27
right_child=1 9 6 -5 5 10 7 21 13 23 22 14 26 16 19 -17 -18 25 -20 -21 -22 -23 -24 -25 -26 28 -28 -29 -30 -31
leaf_value=-0.090867972529092178 -0.099814125656213323 0.0019655971398427207 -0.085336136724482106 -0.093892734761880842 -0.015408902473368312 0.029498217595923606 -0.058309521941332626 -0.023095960824933363 0.014555875882998136 -0.072697245917539996 0.00039002255532513946 0.066956028457050926 -0.0084927789968738242 0.021635159382014605 -0.018881803530644014 -0.0035104104518719642 0.035737425393605332 0.013707396667129709 -0.037974482669262045 0.062226551615667682 0.06769981282511249 0.0071473074950092405 -0.072490851767230524 0.076586867377929968 0.03559585364904496 -0.053099744605461047 -0.063197631777533722 -0.024199589500378701 0.060567042482295011 0.040493355795205327
leaf_weight=403.59834854194196 35.113978369161487 87.495483158971183 66.328211800835561 65.977147515048273 126.41888257855317 200.50835610448848 132.64329846136388 189.77428650244838 33.583967014565133 3.3106309966533436 19.793406928656623 234.97113347629784 61.810084220371209 58.375078813114669 42.264940831984859 196.22636914893519 306.82303056976525 74.846086229430512 70.22607407765463 17.096058975672349 164.1650928449817 142.94240927498322 46.812623054604046 234.23719009023625 35.148838406195864 10.509223973262122 35.714555442740675 49.188916964892996 128.37129345315043 21.675826380494982
leaf_count=129376 8492 2299 17352 17252 5953 6322 21035 19445 764 637 986 2985 2085 3495 820 8127 9825 1398 10437 237 2862 13916 2655 2519 682 217 1786 5463 1668 307
internal_value=0 0.0219682 -0.057127 0.00588985 0.0104619 0.0159122 -0.0315146 -0.0238433 0.0283287 0.0502938 -0.00121616 0.0409753 0.00547014 0.0363503 0.0474185 0.0138271 0.0265742 0.0528377 -0.0585881 0.00447753 0.0586743 -0.0101028 -0.0508327 0.0745063 -0.00406151 0.0387452 -0.0285263 0.000436561 0.0504169 0.00993287
internal_weight=0 2360.66 935.287 1505.89 1439.91 1334.57 531.688 465.36 773.704 854.778 560.865 617.23 494.259 612.136 529.735 396.735 414.387 470.374 105.34 59.361 197.749 332.717 66.606 237.548 161.568 235.402 97.5246 107.564 160.556 32.1851
internal_count=301397 100273 201124 87186 69934 51005 71748 54396 29044 13087 21961 9931 18320 22409 7632 14449 18783 6575 18929 1057 3626 33361 3641 3156 6635 3590 3871 8958 2192 524
cat_boundaries=0 2 4 6
cat_threshold=3771334665 4849667 3620777127 574481 288451428 345188
is_linear=0
shrinkage=0.1


Tree=14
num_leaves=31
num_cat=3
split_feature=157 12 10 12 13 163 157 170 157 170 237 157 237 171 157 171 10 237 170 166 171 157 13 170 160 214 3 128 160 218
split_gain=354.86 174.111 69.5451 44.6089 31.8481 31.6684 30.3943 32.1966 28.7548 24.9921 24.3672 18.434 17.5713 12.7718 13.1726 12.5518 12.1952 11.9061 10.6782 10.0093 9.85364 9.90472 9.51891 9.51276 8.49996 7.67652 7.60805 10.2114 6.89471 6.37335
threshold=0.58749592304229747 246.50000000000003 555.50000000000011 77.500000000000014 0.0072595521342009315 -1.5713464021682737 0.46464483439922338 0.53199100494384777 0.47541378438472753 0.4837751984596253 0 0.65611082315444957 1 0.33477982878685003 0.65611082315444957 0.44739343225955969 1264.0000000000002 2 0.53199100494384777 0.77282276749610912 0.33477982878685003 0.68493673205375682 0.020654105581343177 0.52698570489883434 1.0000000000000002 -0.033290294930338853 0.28869047760963445 0.02913253661245108 1.0000000000000002 0.069320689886808409
decision_type=2 10 8 8 10 2 2 2 2 2 9 2 9 2 2 2 10 9 2 2 2 2 10 2 2 2 10 2 2 2
left_child=1 3 4 -1 -2 20 -3 10 -5 17 26 12 -7 14 23 -13 22 -10 -14 -11 -4 -22 -12 -6 -9 -17 -8 -28 -20 -30
right_child=2 6 5 8 13 11 7 24 9 19 16 15 18 -15 -16 25 -18 -19 28 -21 21 -23 -24 -25 -26 -27 27 -29 29 -31
leaf_value=-0.094644956817755477 -0.088620267647036843 -0.050409891315110172 0.088176084624452866 -0.076986518598104445 0.026942929887398239 -0.0043829334577746423 -0.023841166068375153 -0.010552359830752325 0.039183612758700477 -0.063322686515152354 -0.019492806442577375 0.074053318646929753 0.060271808078907196 -0.02674716260303809 0.055185308086188357 -0.057913289341405307 0.055005479386888004 -0.022589191659896962 0.040741835304287266 -0.026533841734874459 0.020689277049984162 0.079331108961649868 0.027324363490475512 -0.013641921675611988 -0.054329660649749978 0.039398201656594446 0.080787551183025039 -0.1508495348204083 0.00081054294731415467 -0.11662815238272664
leaf_weight=279.10991746585933 35.162814853247255 101.9143152681645 222.87280623055995 203.49897258452256 121.91848425427452 146.90867716009961 139.85198261297774 102.62194893643027 54.697591139993165 155.45066500481335 52.02606908918824 175.44819974608254 131.35888719465584 73.196179879741976 78.196737430756912 8.7098140846937877 140.64988876707503 52.140132911037654 51.038481637428049 141.0692433543154 53.559946636669338 62.309968199580908 262.80414238892263 109.73635902209207 78.112269868666772 117.04098285321379 13.822126674000176 2.2070208662189534 36.898532977094874 5.2826958543155333
leaf_count=103601 8717 19401 873 57685 4140 4222 5898 4176 4741 31355 2698 1364 1466 4373 2033 336 1558 6062 920 14214 516 251 6878 7584 3923 1349 282 71 734 163
internal_value=0 -0.0301407 0.0367607 -0.061558 0.00246098 0.0509431 0.000993975 0.00760781 -0.0463404 -0.030879 0.0185698 0.0383864 0.0234805 0.010822 0.019697 0.0567708 0.0298688 0.0105898 0.0401163 -0.0458204 0.0758785 0.0522244 0.0195878 0.00771763 -0.0294727 0.0326582 -0.0153755 0.0488939 0.0160181 -0.0138973
internal_weight=0 1779.98 1429.64 885.967 418.211 1011.43 894.01 792.095 606.857 403.358 611.361 672.686 371.487 383.048 309.852 301.199 455.48 106.838 224.579 296.52 338.743 115.87 314.83 231.655 180.734 125.751 155.881 16.0291 93.2197 42.1812
internal_count=301584 262543 39041 217658 26847 12194 44885 25484 114057 56372 17385 10554 7505 18130 13757 3049 11134 10803 3283 45569 1640 767 9576 11724 8099 1685 6251 353 1817 897
cat_boundaries=0 2 4 6
cat_threshold=2147745801 741834 2691371243 1131291 2140159175 1096772
is_linear=0
shrinkage=0.1


Tree=15
num_leaves=31
num_cat=4
split_feature=157 12 157 12 170 160 171 12 170 237 237 237 157 170 163 13 157 163 237 170 13 12 156 159 232 156 157 163 156 163
split_gain=303.504 103.175 81.2242 78.222 47.6282 28.5418 24.0727 21.6042 18.8721 18.3606 17.5694 13.9623 13.8273 18.4909 13.7 13.2218 13.1172 12.4852 11.0886 10.5964 10.1811 9.57952 9.00845 8.79516 8.07461 7.53276 8.40087 7.52888 7.50464 7.38979
threshold=0.53720718622207653 121.50000000000001 0.65611082315444957 259.50000000000006 0.47702896595001226 1.0000000000000002 0.25447581708431249 87.500000000000014 0.4837751984596253 0 1 2 0.43761076033115393 0.47702896595001226 -1.1481943130493162 0.061539044603705413 0.42491786181926733 -1.4405636787414549 3 0.54266294836997997 0.0072595521342009315 474.50000000000006 0.29198718070983892 1.7810884118080141 -0.010881068650633095 0.17512886226177218 0.59522119164466869 -1.7881804108619688 0.196574941277504 -0.41336852312088007
decision_type=2 8 2 10 2 2 2 8 2 9 9 9 2 2 2 10 2 2 9 2 10 10 2 2 2 2 2 2 2 2
left_child=3 20 4 7 11 9 14 -1 16 -6 -7 -3 -9 -14 -4 29 -5 -11 -18 25 -2 27 -13 -10 -21 -19 -27 -8 -20 -12
right_child=1 2 6 8 5 10 21 12 23 17 15 22 13 -15 -16 -17 18 19 28 24 -22 -23 -24 -25 -26 26 -28 -29 -30 -31
leaf_value=-0.09388047142396988 -0.098198387233547013 -0.0070161851577171894 0.097500139728262158 -0.048548046655621853 -0.0095016602478539148 0.013394205822836245 0.10123110691326263 -0.082461850898535985 -0.040797496951592516 0.059532772265968363 -0.029719894214151717 0.075411419553067377 0.0033350628693297954 -0.057444958595964081 0.056906592092039888 0.012331179629534695 -0.016132389394279162 0.068701631110967623 0.061640560213980546 -0.039221396882291537 -0.04148646260254419 0.056143683054933197 0.0352608695916223 0.008390162887822919 0.014476222282066173 0.001135042957584007 0.047454336283008831 0.0095146949900695409 0.0053487745404015175 -0.070959993151180609
leaf_weight=216.68918912633671 47.199612124240957 42.623859175189864 162.12743359804153 30.464997624309035 169.93943539698375 148.63224003792857 9.6832290776073915 117.76822259518667 187.25710875436198 105.95767313428223 180.49340445193229 155.70008424518164 68.625760936178267 184.95392878283747 170.64839853486046 61.622407755814493 49.302081279922277 48.78508123307256 71.10906638787128 40.314327280502766 96.118748728651553 115.94662213884294 87.165307043818757 45.109331143408781 91.702642695105169 80.358699388569221 76.367677589179948 118.24350871553179 35.509907245635986 57.226490658853436
leaf_count=90135 17721 1231 642 6172 7096 3993 36 35703 17755 732 5144 1652 11708 42771 1971 1304 3237 1247 3156 2579 23403 697 1598 2099 3259 2940 1207 2861 1149 6244
internal_value=0 0.0216888 0.0277875 -0.0452664 0.0143418 0.00458917 0.0591927 -0.0687883 -0.0122357 0.0186027 -0.0146 0.0506004 -0.0541465 -0.0409962 0.0766837 -0.0280116 0.0114678 0.0289338 0.0231941 0.0201853 -0.0601636 0.0353256 0.0585888 -0.0312487 -0.00192154 0.0343864 0.0237049 0.016457 0.0392143 -0.0396477
internal_weight=0 2066.86 1923.54 1006.79 1346.89 1061.4 576.649 588.037 418.752 613.426 447.975 285.489 371.348 253.58 332.776 299.342 186.386 443.486 155.921 337.528 143.318 243.873 242.865 232.366 132.017 205.511 156.726 127.927 106.619 237.72
internal_count=301442 87557 46433 213885 40226 35745 6207 180317 33568 19060 16685 4481 90182 54479 2613 12692 13714 11964 7542 11232 41124 3594 3250 19854 5838 5394 4147 2897 4305 11388
cat_boundaries=0 2 4 6 8
cat_threshold=2163623041 4784394 1351630757 963669 131597 463018 1079673388 987595
is_linear=0
shrinkage=0.1


Tree=16
num_leaves=31
num_cat=4
split_feature=10 157 157 170 163 237 166 10 11 237 237 157 156 163 177 170 157 8 237 10 156 13 10 8 170 157 193 86 170 160
split_gain=250.356 148.342 58.6553 51.519 31.2789 23.7719 22.5939 21.704 18.4774 16.7977 14.7318 11.8173 14.0208 11.6461 11.3419 10.7484 8.98448 8.95068 8.66883 8.5907 8.18481 8.01482 7.91575 7.55929 6.97681 8.16679 6.93461 6.43462 6.17045 6.14269
threshold=189.00000000000003 0.60335811972618114 0.46464483439922338 0.47702896595001226 -1.5713464021682737 0 0.88900581002235424 77.500000000000014 0.010349444113671781 1 2 0.68493673205375682 0.35097050666809088 -0.75226789712905873 0.021623682230710987 0.5484067201614381 0.48979891836643225 0.23370447009801867 3 1733.0000000000002 0.29198718070983892 0.029722279869019989 719.00000000000011 0.29283060133457189 0.47702896595001226 0.41573250293731695 0.17868593335151675 -0.82142436504364003 0.50063320994377147 1.0000000000000002
decision_type=8 2 2 2 2 9 2 10 10 9 9 2 2 2 2 2 2 10 9 8 2 10 10 10 2 2 2 2 2 2
left_child=7 2 24 5 19 -4 8 -1 -5 17 27 12 -11 20 -15 -14 -9 22 -10 28 -7 -18 -6 -12 25 -2 29 -8 -3 -20
right_child=1 4 3 6 9 13 10 16 18 11 23 -13 15 14 -16 -17 21 -19 26 -21 -22 -23 -24 -25 -26 -27 -28 -29 -30 -31
leaf_value=-0.087172553951953294 -0.064601908824762411 0.086255913294012221 -0.017815874620186047 -0.058420686630993694 -0.01517139504151023 0.06587657758351817 0.038249691126882507 -0.070898908709074018 -0.040813941562641919 0.053567641531542143 -0.028686732636379032 0.069429220172485082 0.03126094440122431 0.033922688629866013 -0.058721691731433538 -0.018787529228238679 -0.05723458289347693 0.044416270301113947 0.0027334034127500326 0.079547312853293584 0.016713946971039725 -0.0084094749619885497 0.024774196373008785 0.010685285147635594 -0.074983485916522694 -0.0048455525514893953 0.068789752436238111 0.0024141925015289493 0.011539961924297074 -0.029447951803271883
leaf_weight=247.67453175873379 50.562634628266096 15.916389081627129 76.155529741226928 135.04767180752242 127.78083065053215 181.42601144802757 125.63073272965266 78.503170155643602 85.625765905249864 188.57260836067144 134.6961441054591 124.62228026636876 136.37596763606416 49.917867996904533 17.972115390293766 62.610765295568854 57.255455944337882 59.100513128563762 166.16943804945913 219.17041113041341 41.635487405932508 81.446682032110402 81.08970754314214 76.437938815215603 108.35388803313253 41.760229338833597 12.071529122069476 83.350289527355926 36.175901277922094 92.236051321669947
leaf_count=106909 13502 99 4194 21700 4779 2351 3129 28791 7183 2471 6056 949 2144 2932 1735 1538 14107 660 8963 1022 619 14804 1120 2131 29149 8891 412 2359 355 6095
internal_value=0 0.0129041 -0.00750992 0.000380176 0.0416209 0.0320089 -0.0123616 -0.066938 -0.0269245 0.0314504 0.00466379 0.041826 0.0340292 0.0441454 0.00939749 0.0155133 -0.043865 0.00969649 -0.01498 0.0708714 0.0567001 -0.0285642 0.000336663 -0.01378 -0.0577722 -0.0375724 -0.00510401 0.022863 0.0343688 -0.00875351
internal_weight=0 2530.46 1479.05 1278.37 1051.42 367.107 911.266 464.88 491.15 780.153 420.115 512.182 387.559 290.951 67.89 198.987 217.205 267.971 356.103 271.263 223.061 138.702 208.871 211.134 200.677 92.3229 270.477 208.981 52.0923 258.405
internal_count=301149 136538 121401 69859 15137 11831 58028 164611 44353 13661 13675 7102 6153 7637 4667 3682 57702 6559 22653 1476 2970 28911 5899 8187 51542 22393 15470 5488 454 15058
cat_boundaries=0 2 4 6 8
cat_threshold=2685010441 987371 2731171947 5636639 289417829 1098389 2295726080 1114115
is_linear=0
shrinkage=0.1


Tree=17
num_leaves=31
num_cat=4
split_feature=12 157 157 170 237 237 159 156 157 10 157 156 170 157 156 10 157 157 157 168 163 160 237 157 170 237 230 170 170 200
split_gain=207.755 124.761 60.4505 48.8642 29.6513 25.1716 16.4986 15.9915 14.1157 13.2412 12.2476 12.1557 11.2543 13.9492 10.7114 10.5084 10.4446 10.2376 8.84373 8.16149 8.14011 8.00348 7.7866 7.54335 7.06834 6.92261 6.83523 6.79536 6.70678 6.38
threshold=121.50000000000001 0.62342819571495067 0.4862216860055924 0.5227518379688264 0 1 1.7810884118080141 0.21294035762548449 0.68493673205375682 34.500000000000007 0.54545071721076976 0.3656191378831864 0.47702896595001226 0.42036299407482153 0.30471627414226538 719.00000000000011 0.54983052611351024 0.55911573767662059 0.56913721561431896 3.1289001703262334 -1.1481943130493162 1.0000000000000002 2 0.59522119164466869 0.41605599224567419 3 0.0096589042805135267 0.5484067201614381 0.47530725598335272 0.068970974534749999
decision_type=8 2 2 2 9 9 2 2 2 10 2 2 2 2 2 10 2 2 2 2 2 2 9 2 2 9 2 2 2 2
left_child=9 2 12 4 14 8 17 10 11 -1 28 -3 13 -2 19 -7 -11 -5 26 -4 -20 25 -15 24 -21 -19 -9 -13 29 -6
right_child=1 5 3 6 7 15 -8 18 -10 16 -12 27 -14 22 -16 -17 -18 21 20 23 -22 -23 -24 -25 -26 -27 -28 -29 -30 -31
leaf_value=-0.09687662196581312 -0.059629887092162541 0.07099865014969263 -0.03539870745641021 -0.049156249295483456 0.063024844260209212 0.010473346292446358 0.030010072891584388 -0.030757790929771087 0.089032450247316125 -0.073524142935566181 0.064818612657053964 0.04416993194565054 -0.064777387501463002 -0.028866795124577994 -0.044809515296005353 0.04147049019693471 -0.027143452516955154 0.012783022144831617 0.056410617568445731 0.1020085372470706 0.0093198491678311603 -0.036877628411337127 0.033881502040284138 0.053147102411178253 -0.0038551201676759687 -0.027642199106760662 0.013375889479544094 -0.0052613090911532868 0.010116544658105337 -0.0030045977189667641
leaf_weight=136.1506236516434 57.849677021353273 119.23566401586868 50.454838091973215 159.00421060834196 64.215844424674287 238.78107997291954 53.345961602957686 62.979172370396554 133.52977344207466 135.26309010341356 151.1294299713918 75.001117389183491 162.630385733617 25.511547742062248 67.422481839428656 201.79980572825298 75.740323545993306 102.41386774994317 61.994242401793599 6.5863342573866239 89.995987534755841 120.59639299681294 36.149446248775348 33.203617317369208 148.71532305289293 58.194846065482125 79.252182545315009 44.200011056382209 106.95102859617327 18.952222382766195
leaf_count=68786 16848 1017 3725 20345 1666 6194 1070 3325 683 57662 2119 981 46038 5821 3417 1804 18381 3234 405 136 2278 6131 6663 389 7172 3321 3425 896 6688 615
internal_value=0 0.00993267 -0.0053409 0.00297656 0.0163328 0.0422177 -0.0225112 0.0283934 0.0613517 -0.0725637 0.0435701 0.048423 -0.0476564 -0.0243582 -0.00930513 0.0241235 -0.0568757 -0.0288759 0.0117559 0.000323012 0.0285274 -0.0174086 0.00873337 0.0098842 0.000634551 -0.0027898 -0.00616623 0.0258407 0.0266792 0.0479781
internal_weight=0 2530.1 1717.55 1435.41 941.853 812.547 493.555 635.47 371.967 347.154 341.249 238.437 282.141 119.511 306.383 440.581 211.003 440.209 294.222 238.96 151.99 281.205 61.661 188.505 155.302 160.609 142.231 119.201 190.119 83.1681
internal_count=301235 156406 144831 69461 35360 11575 34101 20521 3577 144829 11088 2894 75370 29332 14839 7998 76043 33031 9433 11422 2683 12686 12484 7697 7308 6555 6750 1877 8969 2281
cat_boundaries=0 2 4 6 8
cat_threshold=2154692617 725418 436509074 574337 2153497124 2053615 457212275 1335400
is_linear=0
shrinkage=0.1


Tree=18
num_leaves=31
num_cat=1
split_feature=12 157 157 170 163 166 171 234 11 170 157 156 12 163 65 156 157 6 156 157 86 181 11 170 160 64 157 10 3 212
split_gain=172.422 109.016 43.1273 44.2455 24.0039 20.8303 17.5302 15.7438 15.2144 15.0841 11.1687 10.4374 10.1363 9.41078 9.40717 9.3944 14.0393 8.71945 8.63338 8.37521 7.64506 7.52675 7.52511 7.48107 7.10095 6.64929 6.63027 6.39 6.37132 6.21024
threshold=107.50000000000001 0.61253345012664806 0.45331972837448126 0.4837751984596253 -1.5713464021682737 0.88900581002235424 0.4897675514221192 0 0.012896767817437651 0.5484067201614381 0.68493673205375682 0.17512886226177218 31.500000000000004 -0.98350316286087025 114.50000000000001 0.26209992170333868 0.54545071721076976 0.11554354801774026 0.3176086694002152 0.65611082315444957 -0.94671633839607228 0.031242565251886848 0.049631856381893165 0.42745165526866918 1.0000000000000002 6.5000000000000009 0.54545071721076976 555.50000000000011 0.22276159375905993 0.027732141315937046
decision_type=8 2 2 2 2 2 2 1 10 2 2 2 10 2 2 2 2 10 2 2 2 2 10 2 2 2 2 10 10 2
left_child=12 2 23 7 17 8 9 11 -5 19 21 -4 -1 18 27 16 20 -3 -9 -6 -7 -11 -15 -2 -10 29 -14 -8 -17 -19
right_child=1 4 3 5 6 15 14 13 24 10 -12 -13 26 22 -16 28 -18 25 -20 -21 -22 -23 -24 -25 -26 -27 -28 -29 -30 -31
leaf_value=-0.095044218235226963 -0.003845419645676554 0.08017351832991633 0.026712643077281408 -0.054253275573238925 0.033636981600911851 0.016586675573623883 -0.040323277789022019 0.063708388562446927 -0.0054365149153562664 -0.02291379923062405 0.050123268062104633 -0.021260757848705819 -0.072667511657886347 -0.00084888363656524196 0.045075994737634788 -0.04443133847631324 0.02874121351122489 0.057394257735367132 -0.003419610730755817 0.064844943938773339 -0.030125552985888884 0.027822976060246238 0.063538353979033388 -0.062021832809793703 -0.034313086399711951 -0.105961585168066 -0.032211974554826703 0.0050353305171825921 0.0049760855798193513 -0.013884937171279499
leaf_weight=122.64546216551389 25.729532518875203 133.29059536755085 82.349039389169775 154.43523893950623 202.46622209454654 55.9820843024645 56.77006624720525 143.90830706735142 218.31595370970899 81.604198382236063 52.406868282938376 100.94400692346971 107.66451516665984 71.739417254197178 32.217330685351044 63.093554744147696 181.20173525460996 68.587115960195661 22.101468781824224 149.483273474616 93.642958299838938 45.5650057150051 24.299916811898584 156.86380560396356 139.61853064745083 3.0362609326839438 64.950221588413115 68.576134138740599 44.515068107750267 14.873850963078437
leaf_count=68098 6907 735 4717 25963 3335 3552 2810 2114 17482 2868 608 4842 51403 7066 451 2154 2994 382 334 1494 7189 880 1662 48247 13124 26 17517 1134 813 158
internal_value=0 0.00776247 -0.00812118 -0.00214398 0.0353527 -0.0143274 0.0261746 0.0238677 -0.0280193 0.0348587 0.0112749 0.000277374 -0.0730631 0.0388741 -0.00312016 0.00167333 0.0100218 0.0641284 0.0547714 0.0468919 -0.0126482 -0.0047347 0.0154424 -0.0538241 -0.0167003 0.0394031 -0.0574452 -0.0155079 -0.0239927 0.0446914
internal_weight=0 2487.62 1578.74 1396.15 908.877 950.805 689.089 445.342 512.37 531.526 179.576 183.293 295.26 262.049 157.564 438.435 330.827 219.788 166.01 351.949 149.625 127.169 96.0393 182.593 357.934 86.4972 172.615 125.346 107.609 83.461
internal_count=301059 164041 149160 94006 14881 73271 13580 20735 56569 9185 4356 9559 137018 11176 4395 16702 13735 1301 2448 4829 10741 3748 8728 55154 30606 566 68920 3944 2967 540
cat_boundaries=0 1
cat_threshold=1208
is_linear=0
shrinkage=0.1


Tree=19
num_leaves=31
num_cat=4
split_feature=12 157 163 237 13 170 163 234 157 223 157 10 156 10 157 171 160 183 163 237 170 170 8 157 159 237 157 188 157 156
split_gain=148.68 90.2095 45.9618 34.6945 26.2034 24.0784 22.8969 15.2071 13.2217 12.036 11.979 10.738 10.4508 10.4162 10.0932 9.53328 8.93063 8.90014 8.82193 12.3455 8.49607 8.18985 7.77656 7.6605 7.37784 7.30757 7.29192 6.58189 6.83343 7.00617
threshold=107.50000000000001 0.62342819571495067 -0.75226789712905873 0 0.033685615286231048 0.47702896595001226 -1.5713464021682737 1 0.43761076033115393 -0.043185777962207787 0.55442294478416454 1073.5000000000002 0.17512886226177218 34.500000000000007 0.41573250293731695 0.12227170169353486 1.0000000000000002 -0.18851256370544431 0.16482147574424746 2 0.60105058550834667 0.4837751984596253 0.072386089712381377 0.68493673205375682 1.4881304502487185 3 0.47909927368164068 0.13560208678245547 0.68493673205375682 0.3656191378831864
decision_type=8 2 2 9 10 2 2 1 2 2 2 10 2 10 2 2 2 2 2 9 2 2 8 2 2 9 2 2 2 2
left_child=13 2 3 9 18 14 15 11 -6 -2 24 -8 22 -1 -5 -3 17 -16 19 26 27 -10 -12 -17 -7 -18 -4 28 29 -9
right_child=1 6 4 5 8 10 7 20 21 -11 12 -13 -14 -15 16 23 25 -19 -20 -21 -22 -23 -24 -25 -26 -27 -28 -29 -30 -31
leaf_value=-0.093226398321071505 0.003507524290729674 0.086032035801683074 -0.04690376451908445 -0.030733499100824253 -0.062837134340118131 -0.026191640096503328 -0.0075723528828077541 0.04863327546485232 0.0283899428978555 -0.039412896346089979 -0.10286102019780607 0.040122165176286959 0.0059883112265447479 -0.053648124606735362 -0.0076374047203185335 0.0037121862177677692 -0.012103233424068728 0.074289742040864665 -0.078829538887155964 -0.053428689771256616 -0.034746375069895696 -0.0093615492916648748 0.056458611806098402 0.064981210410920046 0.013044665869569773 0.041760116187378744 0.014899138794208467 0.075859719916872195 0.063895473163511851 0.011573853686565844
leaf_weight=112.19277630519355 108.4929553703987 105.74653086904436 27.888651194487466 17.0770278723503 38.330288740762626 130.83166386806988 171.5313189062872 91.902177144540474 74.440180841877009 164.24941286904505 3.1888859483879051 65.127944211475551 156.26157938386314 163.25791696192755 14.833804520661941 33.365357126109302 34.806288735824637 124.97488089767285 67.288373383446014 155.72444408020237 14.512087589362634 252.00907442602329 78.055738642346114 52.54303574282676 75.626032725442201 78.200229816400679 60.516605541342869 52.624253763700835 71.689279462443665 114.65789110353217
leaf_count=69103 4849 564 9186 4221 13530 12649 5228 1163 6017 10567 137 611 2213 68141 530 316 1215 2746 22659 27243 605 22034 897 268 4044 1805 5523 611 562 2290
internal_value=0 0.00774225 -0.00538308 0.00838096 -0.0254653 0.0198405 0.0359505 0.026079 -0.00727675 -0.0215497 0.00579883 0.00532791 0.0211138 -0.0697686 0.0436736 0.0659297 0.0486996 0.0655972 -0.0467705 -0.0379343 0.0390139 -0.000753081 0.0502052 0.0411854 -0.0118193 0.0277944 -0.00413024 0.0434281 0.0372945 0.0280622
internal_weight=0 2436.5 1662.8 986.599 676.198 713.856 773.7 582.045 364.78 272.742 443.964 236.659 237.506 275.451 269.892 191.655 252.815 139.809 311.418 244.13 345.386 326.449 81.2446 85.9084 206.458 113.007 88.4053 330.874 278.249 206.56
internal_count=301527 164283 152065 45873 106192 30457 12218 11070 41581 15416 19940 5839 3247 137244 10517 1148 6296 3276 64611 41952 5231 28051 1034 584 16693 3020 14709 4626 4015 3453
cat_boundaries=0 2 3 5 7
cat_threshold=2147876873 872650 2076 1655732459 4504645 150995462 305
is_linear=0
shrinkage=0.1


Tree=20
num_leaves=31
num_cat=3
split_feature=12 157 156 237 163 237 10 10 230 163 157 157 157 163 172 13 183 161 237 163 13 9 207 3 8 214 174 128 156 154
split_gain=129.32 70.8204 33.067 32.4933 25.814 19.0337 14.9074 13.051 11.4115 11.3357 9.54947 9.08893 9.01657 8.76242 8.61194 7.98536 7.68626 7.56886 7.42613 7.18427 7.09992 6.69165 6.47795 6.4424 6.97453 5.96153 5.56108 5.46741 6.2418 6.11418
threshold=127.50000000000001 0.58749592304229747 0.022347066551446918 0 -1.5713464021682737 1 344.50000000000006 34.500000000000007 0.014814158901572229 -0.98350316286087025 0.54545071721076976 0.65611082315444957 0.68493673205375682 -0.81838205456733693 -0.17739429324865338 0.010666742455214264 0.032108150422573097 3.9366849660873418 2 0.19741666316986087 0.015199548099189998 0.023588683456182483 -0.1008574217557907 0.27386364340782171 0.27338010072708135 -0.02780969068408012 0.2035542577505112 -0.041112206876277917 0.3352713286876679 -0.039275361225008958
decision_type=8 2 2 9 2 9 10 10 2 2 2 2 2 2 2 10 2 2 9 2 8 8 2 10 10 2 2 2 2 2
left_child=7 2 -2 9 8 11 19 -1 12 20 -9 14 26 17 -6 -8 23 -7 -15 -5 -4 -11 -20 24 -17 -19 27 -3 -29 -30
right_child=1 4 3 6 5 13 15 10 -10 21 -12 -13 -14 18 -16 16 -18 25 22 -21 -22 -23 -24 -25 -26 -27 -28 28 29 -31
leaf_value=-0.090936270766704019 -0.086334715430640266 -0.061905926208356971 -0.017298756641461081 -0.029321463658044385 -0.01708802932627616 0.034273676431978352 -0.066963708251603207 -0.06485214057734677 0.082002070458270557 0.01586502981994032 -0.019680240892231762 0.05872148159230596 0.065516563331478622 0.0085164664046992224 0.033152652030366346 -0.0084540079480859408 -0.023390925704554762 -0.049885661525415459 0.033061353929394265 -0.077018171580198469 0.039685181974351495 -0.023344559476325012 -0.040248860785689844 0.04818015809985058 0.027105383678003941 0.0090529458667996925 0.090799214882911983 0.037629328012226765 0.086364727983006026 -0.058003045167227964
leaf_weight=101.46806341108459 51.986825533793308 9.9196814754977805 24.562008208537009 238.070146611979 40.389643811737187 130.22084325063042 21.05121471156599 116.48929969679739 95.975934156216681 105.54820467421087 78.227605092368321 118.94535690802149 65.967912510037422 106.6232174425968 219.74148550094105 235.78143287490821 144.00487149565015 19.679228354012594 13.906137160491197 36.409170379483839 199.12403719028225 74.071667231211904 90.467780529928859 30.316101088770665 72.00148971460294 134.14613517280668 8.9139820113778097 46.190378718078136 3.6252031866461065 15.376537443138657
leaf_count=68846 18618 93 1134 40406 1032 1421 2501 58930 631 10180 20530 1050 333 4152 4034 11507 9103 844 395 13246 6763 13247 4567 1248 3046 2293 47 384 25 205
internal_value=0 0.00825516 -0.0082806 -0.00484453 0.0264567 0.0184038 -0.0166877 -0.0618574 0.0550752 0.0179594 -0.0467043 0.0349018 0.0378456 0.00496512 0.025352 -0.00667609 -0.00404362 0.016532 -0.010371 -0.0356483 0.033428 -0.000304226 -0.0278164 0.00419689 -0.000135388 0.0015128 0.0161214 0.00725891 0.0177831 -0.0304602
internal_weight=0 2353.02 1232.93 1180.94 1120.09 874.12 777.634 296.185 245.97 403.306 194.717 379.076 149.994 495.043 260.131 503.155 482.104 284.046 210.997 274.479 223.686 179.62 104.374 338.099 307.783 153.825 84.0258 75.1118 65.1921 19.0017
internal_count=300811 152505 130999 112381 21506 19788 81057 148306 1718 31324 79460 6116 1087 13672 5066 27405 24904 4558 9114 53652 7897 23427 4962 15801 14553 3137 754 707 614 230
cat_boundaries=0 2 4 6
cat_threshold=1803566311 36372 1495846864 324932 71643177 1703937
is_linear=0
shrinkage=0.1


Tree=21
num_leaves=31
num_cat=4
split_feature=12 157 156 237 163 237 157 170 13 12 160 163 12 0 157 65 9 157 160 170 237 225 168 237 156 163 157 212 171 160
split_gain=103.27 60.4772 36.2993 33.4627 20.5614 16.4055 14.6342 15.5806 11.7107 11.2583 9.42074 9.38957 8.97554 8.85618 8.68312 8.0037 7.9994 7.43647 7.01027 6.77105 6.75107 6.45148 6.88366 6.38938 7.08796 5.63068 5.63011 5.57878 8.11936 5.54946
threshold=107.50000000000001 0.63727831840515148 0.022347066551446918 0 -0.98350316286087025 1 0.45701894164085394 0.53965613245964061 0.021644154563546184 31.500000000000004 1.0000000000000002 -1.2178012132644651 534.50000000000011 0.24117158353328708 0.68493673205375682 3.5000000000000004 0.024844827130436901 0.51456367969512951 1.0000000000000002 0.59576183557510387 2 0.11870554089546205 3.1700798273086552 3 0.21294035762548449 0.45900750160217291 0.53720718622207653 0.048715593293309219 0.4897675514221192 1.0000000000000002
decision_type=8 2 2 9 2 9 2 2 10 10 2 2 10 8 2 2 8 2 2 2 9 2 2 9 2 2 2 2 2 2
left_child=9 2 -2 6 10 11 -4 8 21 -1 13 -3 23 -5 27 -9 -6 -11 -17 -13 -12 22 -8 24 26 -18 -10 28 -7 -25
right_child=1 5 3 4 16 14 7 15 12 17 20 19 -14 -15 -16 18 25 -19 -20 -21 -22 -23 -24 29 -26 -27 -28 -29 -30 -31
leaf_value=-0.089952529586569185 -0.086638995418297449 0.075700968349594167 -0.055050549878043843 0.026149215661571992 0.01144402099646363 0.032942228774691974 -0.039856896536879169 -0.049613196287168954 -0.03134107060808556 -0.069284019383648615 -0.021727662586754473 0.043840373078752007 0.057907607910527639 0.067741614701608832 0.033458446047574537 0.00069882285270071883 -0.014332678844711254 -0.024394927269703472 -0.041544304184997459 -0.036912164425045246 0.025258528008036171 0.07092554612085325 -0.0053136902960790773 0.024388806199323439 -0.045164465552485877 -0.089269641106899944 0.037379385758353513 -0.029429248473036292 -0.019453019557324206 -0.0040795279017921361
leaf_weight=91.25036677713797 50.258395377531997 117.27759393397719 73.053165769582847 98.92454557568999 196.25125765815028 76.141135879908688 104.52976601122646 108.76449538269662 20.301891830866225 69.103020930182538 34.280518683954142 127.13888683030382 35.606808826560155 106.10258306359174 183.24707414943259 106.8353941384994 113.93748476132168 79.204967558660428 62.130831987364218 11.306934450985862 107.64259870399837 7.929851110558956 128.73931414081017 173.79243858219706 47.437286589090945 10.994512424193088 28.882644503843039 42.342469272203743 48.361005687445868 112.99349436917691
leaf_count=68014 19968 743 23475 2806 17527 1607 10899 12195 2010 42015 1051 1581 495 3398 2826 5631 15673 27041 4427 273 3091 551 9266 8424 2167 4345 639 1033 1319 6582
internal_value=0 0.00662727 -0.00289756 -0.000391075 0.0168332 0.0338173 -0.0118235 -0.00858278 -0.000223407 -0.0623152 0.0339637 0.0528161 0.00988125 0.0476735 0.0179192 -0.0284545 -0.00114764 -0.0453107 -0.0148345 0.0372453 0.0141581 -0.0177774 -0.0207928 0.00542108 -0.0159362 -0.0209274 0.00901366 0.00192625 0.0125901 0.0127285
internal_weight=0 2335.2 1729.39 1679.13 668.134 605.815 1011 937.944 660.213 239.558 346.95 255.723 419.015 205.027 350.092 277.731 321.183 148.308 168.966 138.446 141.923 241.199 233.269 383.408 96.6218 124.932 49.1845 166.845 124.502 286.786
internal_count=301072 164002 154620 134652 47891 9382 86761 63286 41033 137070 10346 2597 20317 6204 6785 22253 37545 69056 10058 1854 4142 20716 20165 19822 4816 20018 2649 3959 2926 15006
cat_boundaries=0 2 4 6 8
cat_threshold=2220851225 2052587 436509074 574337 134217794 512 2147614720 606345
is_linear=0
shrinkage=0.1


Tree=22
num_leaves=31
num_cat=7
split_feature=12 157 170 157 157 237 156 163 237 237 157 13 160 160 237 176 237 13 157 220 10 157 237 156 237 233 119 11 170 86
split_gain=89.6276 61.4723 33.7674 27.0173 22.422 15.1703 14.9176 13.8979 14.8187 12.8674 9.93595 8.62535 8.153 7.65343 8.35082 7.14505 6.88126 7.26938 6.75496 6.25454 6.2408 6.24078 6.31064 6.02098 5.51592 5.51831 5.11176 5.08091 5.02449 4.84978
threshold=87.500000000000014 0.63727831840515148 0.4837751984596253 0.41573250293731695 0.51456367969512951 0 0.22287581861019137 -1.5713464021682737 1 2 0.55911573767662059 0.0072595521342009315 1.0000000000000002 1.0000000000000002 3 -0.20046604424715039 4 0.061539044603705413 0.5412275791168214 -0.062911543995141969 503.50000000000006 0.42491786181926733 5 0.3656191378831864 6 0.020292120985686782 0.0045526556205004462 0.010349444113671781 0.53199100494384777 -0.66514968872070301
decision_type=8 2 2 2 2 9 2 2 9 9 2 10 2 2 9 2 9 10 2 2 10 2 9 2 9 2 2 8 2 2
left_child=11 2 3 -2 21 15 9 19 20 -6 28 -1 -7 14 -8 -5 -15 -18 -13 26 -9 -4 -23 -10 25 -14 -3 -17 -11 -26
right_child=1 7 4 5 6 12 13 8 23 10 -12 18 24 16 -16 27 17 -19 -20 -21 -22 22 -24 -25 29 -27 -28 -29 -30 -31
leaf_value=-0.092359564845878872 -0.050679300936426863 0.075386542692287756 -0.078040303397465496 0.034757016349870447 -0.024366914858507227 0.049299977344030653 0.010129892001995867 -0.02036158527588261 0.062079322254816077 0.010341375482772959 0.031524289531772991 -0.067639857220235577 -0.042456969263742456 0.019173336251883923 -0.023818785590871815 -0.056362044624672827 -0.054618137042176142 -0.0054692624146034062 -0.019141532070735292 0.077554039311343706 0.018802303013220969 -0.0012608673869927308 -0.043731025024986533 0.030152260130470027 0.042091509416127125 0.02648466869764244 0.0088811725381047427 -0.0035750300091353868 -0.027527498670104608 -0.025532154744141888
leaf_weight=72.858234291517874 55.434020210712333 18.218951683491468 38.304772845440311 43.89174680551514 95.824474779859884 194.85278858229867 127.40578770058346 78.514909809571691 84.393526771105826 101.5434841211827 186.71326400080579 73.935118422785308 26.993512213171925 20.124699760344811 148.82240103275399 21.313893963873852 124.68659029493574 39.66704148662393 46.959824259378365 87.823634160682559 84.454479565145448 56.758807389152935 144.93212871694413 196.83109091687948 80.820188626559684 20.372965916394605 31.608132956549525 126.19660439436848 53.495311442879029 12.207185897219459
leaf_count=57090 20923 108 15979 2482 7718 10649 5968 3161 1069 5324 5605 50923 1872 718 7269 2538 8858 1285 17093 614 1206 9921 36134 3475 3724 1411 233 10564 6161 715
internal_value=0 0.00563705 -0.00386596 0.0157257 -0.0138846 0.0227153 -0.00663005 0.033735 0.0251315 0.00659289 0.0155323 -0.0651809 0.0350182 -0.0191891 -0.00865607 -0.000630108 -0.0349608 -0.0403037 -0.0488014 0.0614981 -6.21458e-05 -0.0410375 -0.03401 0.038369 0.0176908 -0.0105722 0.0331984 -0.0112023 -0.00272508 0.0299937
internal_weight=0 2302.21 1720.36 582.083 1138.28 526.649 898.283 581.845 444.194 437.577 341.752 193.753 335.247 460.707 276.228 191.402 184.478 164.354 120.895 137.651 162.969 239.996 201.691 281.225 140.394 47.3665 49.8271 147.51 155.039 93.0274
internal_count=300790 175684 165818 54878 110940 33955 48906 9866 8911 24808 17090 125106 18371 24098 13237 15584 10861 10143 68016 955 4367 62034 46055 4544 7722 3283 341 13102 11485 4439
cat_boundaries=0 2 4 6 8 10 12 14
cat_threshold=2153497133 1012143 3249669133 4334139 714343449 1642754 278253896 1090176 270546085 536576 1637886159 4195893 159660048 5244944
is_linear=0
shrinkage=0.1


Tree=23
num_leaves=31
num_cat=4
split_feature=12 157 170 237 163 157 170 157 237 156 170 237 157 13 197 156 237 157 157 156 8 166 86 203 13 176 181 210 202 200
split_gain=76.4546 49.8347 27.5247 19.1636 18.5806 16.0753 14.2227 13.5278 12.8992 11.2024 10.8499 10.6147 10.3932 8.93583 7.25644 7.05754 8.27059 9.31445 6.35404 5.91842 5.86994 5.80392 6.40762 5.58574 5.50132 5.4992 6.92407 5.60344 5.49868 5.48456
threshold=94.500000000000014 0.59522119164466869 0.47702896595001226 0 -1.5713464021682737 0.46464483439922338 0.53199100494384777 0.42491786181926733 1 0.17512886226177218 0.5484067201614381 2 0.68493673205375682 0.0072595521342009315 0.050473874434828765 0.20483683049678805 3 0.65611082315444957 0.500370353460312 0.3656191378831864 0.23370447009801867 0.88900581002235424 -0.90189385414123524 -0.075674600899219499 0.014405783265829088 -0.18006628006696698 -0.042184570804238312 0.039643904194235809 -0.054595291614532464 0.10449292510747911
decision_type=8 2 2 9 2 2 2 2 9 2 2 9 2 10 2 2 9 2 2 2 10 2 2 2 8 2 2 2 2 2
left_child=13 2 3 -2 14 -4 11 -5 20 -9 15 -7 25 -1 23 -10 -17 19 -15 -18 -6 -8 -23 -3 -11 -12 -27 -28 -21 -13
right_child=1 4 5 7 8 6 21 9 10 24 12 29 -14 18 -16 16 17 -19 -20 28 -22 22 -24 -25 -26 26 27 -29 -30 -31
leaf_value=-0.08963646566293515 -0.018560242610733572 -0.0098545087565753853 -0.056379995417589604 -0.02853903065441515 -0.017482828585570081 -0.018739511176136273 -0.043473620525702895 0.058732270184098483 0.070058474970728257 -0.0466770422342664 0.064740685328530584 0.0049327463884459672 0.044303703318835007 -0.070484420421142988 0.079700402310215579 0.0028144658621360695 0.049040388053694053 0.071333013211118748 -0.024650131541400919 0.046604773966112803 0.025689688937853457 0.012520993454035432 -0.034775236287237547 0.046171937757768594 0.023178940904308731 -0.046768696343370136 0.0080864472322043669 -0.075343912136347863 -0.0050474311859790601 0.045369283460904596
leaf_weight=66.623681335986475 126.1595259852038 20.895143955945969 93.519968440174125 37.602060481731314 141.38494605111191 215.69208756420994 156.15867085392529 116.9929739004001 45.745956105994992 12.273293240461497 9.7886021512094867 246.90864810629864 50.49887653067708 52.754206527592032 58.736374240368605 106.39338981953915 70.761732448125258 66.477437806199305 70.890200707057375 29.862282610731199 40.518872074200772 51.156681992346421 65.092518897930859 119.93341154698282 138.39570431309403 42.400944458669983 96.249322866788134 8.7849584684008715 66.521427738829516 38.815469387976918
leaf_count=57339 16977 250 37250 13000 5673 20012 25639 7422 612 844 153 16276 547 40814 432 2368 1128 686 31272 727 593 2281 3634 927 5401 1950 2600 791 1574 2003
internal_value=0 0.00587503 -0.00695193 0.0136895 0.0229622 -0.0172191 -0.0124864 0.0267494 0.0159587 0.0355159 0.0228756 -0.00249372 0.00483526 -0.0601137 0.0501739 0.0331828 0.0282215 0.0380431 -0.0442058 0.0270791 -0.0074563 -0.0308796 -0.013962 0.0378591 0.0174886 -0.00784165 -0.0126606 0.00110842 0.0109558 0.0100735
internal_weight=0 2273.72 1298.77 431.424 974.954 867.344 773.824 305.264 775.389 267.662 593.485 501.416 207.723 190.268 199.565 385.762 340.016 233.623 123.644 167.145 181.904 272.408 116.249 140.829 150.669 157.224 147.435 105.034 96.3837 285.724
internal_count=301175 171750 150739 43644 21011 107095 69845 26667 19402 13667 13136 38291 6041 129425 1609 7095 6483 4115 72086 3429 6266 31554 5915 1177 6245 5494 5341 3391 2301 18279
cat_boundaries=0 2 4 6 8
cat_threshold=3223308813 5198031 2697068547 26 2532589976 4920782 1050628 5201956
is_linear=0
shrinkage=0.1


Tree=24
num_leaves=31
num_cat=1
split_feature=12 157 156 157 170 170 156 234 160 168 157 156 171 168 167 12 170 171 170 156 228 8 211 159 6 166 171 67 159 157
split_gain=64.7613 44.1492 25.5242 20.8106 21.2526 19.442 15.779 13.8144 12.1441 11.2076 9.92818 10.1714 9.70803 9.38 6.87736 6.75547 6.69017 6.61329 7.15272 6.26038 6.15938 6.07955 5.74554 5.6676 5.59479 5.24853 5.16517 5.15823 5.15199 5.14198
threshold=77.500000000000014 0.56913721561431896 1.0000000180025095e-35 0.68493673205375682 0.50857836008071911 0.4837751984596253 0.27311578392982488 0 1.0000000000000002 3.117894291877747 0.41573250293731695 0.196574941277504 0.44739343225955969 3.4659839868545537 2.5000000000000004 22.500000000000004 0.41605599224567419 -0.0079704159870743734 0.60105058550834667 0.22287581861019137 0.11285353824496271 0.16855111718177798 -0.033974565565586083 1.7810884118080141 0.16568627953529361 0.73264220356941234 0.12227170169353486 4.7833297252655038 1.3112287521362307 0.52564567327499401
decision_type=8 2 2 2 2 2 2 1 2 2 2 2 2 2 2 10 2 2 2 2 2 8 2 2 10 2 2 2 2 2
left_child=15 2 -2 4 6 9 27 22 17 -4 -11 16 28 29 19 -1 -12 18 20 24 -6 -21 -8 -15 -10 -14 -13 -3 -5 -7
right_child=1 3 5 12 8 13 7 -9 14 10 11 26 25 23 -16 -17 -18 -19 -20 21 -22 -23 -24 -25 -26 -27 -28 -29 -30 -31
leaf_value=-0.089730204569104036 -0.1099180614409927 0.057566633505634492 -0.026403188144017549 0.045904086103502356 0.030888199155269466 -0.046279304895141149 0.077199107964617097 -0.01014544758595998 0.019859526917426845 -0.031562465361678387 0.11436113848775048 0.0040779635116573237 -0.016545935110445706 -0.013620284622566864 -0.062546806873114827 -0.046258052559682482 0.031840210803893369 -0.0061179472742065432 -0.049501430804637751 -0.053539083111383778 -0.042191536832594773 -0.010104963857953918 0.02509525263696772 0.022651670625807949 -0.11259184839673141 0.033775784735294821 -0.083230662092050434 -0.08515338020258402 0.086988943797822404 -0.019718070283773346
leaf_weight=56.315132593386807 25.186749802945997 146.8815996752819 75.4859329398314 74.837362146936357 200.02889897162095 139.94542624083988 32.986760296626016 120.65601055911975 69.361772329139058 38.665243047173135 10.390917944256215 105.95871392078698 25.924571199284401 240.19011109243729 28.68181930060382 97.87055822450202 180.22098051467037 129.33201772929169 13.086245567537842 43.49572456558235 12.23866715794429 124.38010025897529 59.047356069320813 52.492748929478694 3.342817691853269 103.37098508945201 7.2388691645464851 2.5768167590722433 51.543614668305963 152.09714214026462
leaf_count=55272 13777 2432 10471 970 5559 37758 675 3933 2147 14476 880 6576 1268 32615 2253 61609 14494 4752 890 1779 543 3964 1347 1951 333 1199 603 136 379 16404
internal_value=0 0.00483835 -0.0104914 0.0175275 0.0109356 -0.00799382 0.0302054 0.0127077 -0.000248876 0.00847628 0.0161642 0.0222382 0.042951 -0.0197666 -0.0162608 -0.0621359 0.0363387 0.0119067 0.0222511 -0.0107426 0.0266747 -0.0213585 0.0394805 -0.0071149 0.0137697 0.023686 -0.00150533 0.055106 0.0626603 -0.0324461
internal_weight=0 2269.65 1027.87 1241.77 986.097 1002.69 362.149 212.69 623.948 417.961 342.475 303.809 255.677 584.725 269.262 154.186 190.612 354.686 225.354 240.58 212.268 167.876 92.0341 292.683 72.7046 129.296 113.198 149.458 126.381 292.043
internal_count=301445 184564 150005 34559 30743 136228 8523 5955 22220 47500 37029 22553 3816 88728 10476 116881 15374 11744 6992 8223 6102 5743 2022 34566 2480 2467 7179 2568 1349 54162
cat_boundaries=0 1
cat_threshold=835
is_linear=0
shrinkage=0.1


Tree=25
num_leaves=31
num_cat=5
split_feature=13 10 156 168 237 237 237 86 10 237 232 142 162 7 198 159 6 225 144 159 114 67 13 237 156 1 198 67 148 164
split_gain=54.7586 35.7632 22.3742 12.3145 11.7419 9.3286 9.09346 8.96467 6.58409 6.52816 6.4727 6.40458 6.07205 6.00115 5.58522 5.53718 4.99717 4.59308 4.53355 4.47446 4.45519 4.21442 4.70481 5.68775 4.21174 4.13533 4.09638 3.98038 5.32119 4.97535
threshold=0.0072595521342009315 555.50000000000011 0.029557367786765102 3.1929403543472294 0 1 2 -0.70296320319175709 363.00000000000006 3 -0.046018922701477998 -0.014607534278184174 52.769798278808601 0.11189358308911325 0.093314055353403105 1.7810884118080141 0.2264957278966904 0.052091697230935104 -0.0055925995111465445 1.6578968763351443 -0.087534587830305086 4.5430188179016122 0.05279884114861489 4 1.0000000180025095e-35 1.0000000180025095e-35 -0.046761179342865937 2.5140845775604252 0.013939186930656435 5.5073599815368661
decision_type=8 10 2 2 9 9 9 2 8 9 2 2 2 10 2 2 10 2 2 2 2 2 8 9 2 10 2 2 2 2
left_child=13 2 24 6 15 -3 17 10 -6 11 25 -9 14 -1 -12 21 -14 -4 -18 -8 -13 22 -5 26 -2 -7 -24 29 -29 -10
right_child=1 5 3 4 8 7 19 9 27 -11 12 20 16 -15 -16 -17 18 -19 -20 -21 -22 -23 23 -25 -26 -27 -28 28 -30 -31
leaf_value=-0.0918700467456387 -0.10514563582198871 0.0035713977842059294 -0.042438169817027943 -0.025508789105435054 0.0020938552762264483 0.0074568204996668108 -0.0046241718532218246 -0.066432699640093226 0.028706696608678629 0.026264354238146489 -0.011604147503803107 -0.17020589950751666 0.032299784861507655 -0.046011299455729779 0.037615909830123292 0.03087694662887798 0.037148857278111493 -0.0085304153492691288 -0.1528325837107235 0.064904371178352127 0.0022033808598305804 -0.055580464129207668 -0.088188336834268327 0.010343871704117803 -0.047940531624135564 0.05609483162999386 -0.015978581986567517 0.014327162531313515 -0.10164859336764764 0.078773163236734639
leaf_weight=50.835241791595763 21.193870655799401 340.1981067675224 158.21041618323943 126.34533032006584 181.52506126429944 20.539360836148262 146.97681635552726 19.810667605313938 117.66276386886602 54.696933900529984 75.200336586451158 1.5338193520437915 324.84330445577507 65.052083904556639 33.247331775492057 31.618493437883444 2.2766632814891636 53.443950655855588 2.8019768383819601 9.8778582848608476 65.654640279943123 21.601955880832975 8.8345757530332758 144.7952812473377 32.771524228839553 117.3845542629133 70.934273110848153 42.759303619037382 4.3595150806941083 23.876311611849815
leaf_count=45475 14796 11145 30592 19672 36692 919 26000 644 9941 1757 2440 38 9216 21016 1233 1156 72 8352 103 376 1615 5826 2033 17014 16791 2769 8262 3567 601 525
internal_value=0 0.00435628 -0.00748559 -0.00451438 0.00264681 0.0177492 -0.0195615 0.0240818 0.0152771 0.00188251 0.0299579 -0.014768 0.0240133 -0.0661277 0.00348549 -0.00907598 0.0307609 -0.0323479 -0.0676673 -0.000230919 -0.00173248 -0.0127108 -0.0100717 -0.00138648 -0.0704067 0.0488518 -0.0213051 0.0287717 0.00359688 0.0371524
internal_weight=0 2254.97 1196.79 1142.82 774.313 1058.19 368.509 717.99 370.183 141.696 576.294 86.9991 438.37 115.887 108.448 404.13 329.922 211.654 5.07864 156.855 67.1885 372.511 350.909 224.564 53.9654 137.924 79.7688 188.658 47.1188 141.539
internal_count=300638 234147 202196 170609 105289 31951 65320 20806 51326 4054 16752 2297 13064 66491 3673 53963 9391 38944 175 26376 1653 52807 46981 27309 31587 3688 10295 14634 4168 10466
cat_boundaries=0 2 4 6 8 10
cat_threshold=3032187016 6230923 3290234968 1769666 2566262357 1921203 167805216 4217641 805863552 4591873
is_linear=0
shrinkage=0.1


Tree=26
num_leaves=31
num_cat=5
split_feature=13 160 12 167 156 156 237 237 197 237 164 11 13 159 237 90 86 85 159 131 201 215 237 156 88 164 118 187 67 90
split_gain=47.9043 30.1765 23.6091 17.7069 10.6891 9.95103 10.3379 9.66285 7.80124 8.80074 7.65181 7.3911 6.50077 6.55199 6.8893 6.15139 4.79024 6.77684 4.45806 4.60393 4.44813 4.44112 4.41393 4.32857 4.18756 4.06046 4.0181 3.98379 3.8153 3.81464
threshold=0.0051115783862769612 1.0000000000000002 339.50000000000006 2.5000000000000004 1.0000000180025095e-35 0.039292883127927787 0 1 0.033214367926120765 2 4.7405652999877939 0.014005712233483793 0.017785686068236831 1.4881304502487185 3 1.5028735399246218 -1.0371973514556883 24.500000000000004 1.9689497351646426 -0.057902820408344262 0.057117812335491187 0.11106894910335542 4 0.064725596457719817 0.66883197426795971 6.0282669067382821 0.053580606356263168 -0.018852968700230118 2.3484699726104741 2.1926450729370122
decision_type=8 2 10 2 2 2 9 9 2 9 2 10 8 2 9 2 2 2 2 2 2 2 9 2 2 2 2 2 2 2
left_child=-1 2 4 5 -2 -3 -7 23 9 21 11 28 24 14 -14 -5 -15 -18 19 -17 -16 -4 -10 -6 -8 -25 27 29 -9 -19
right_child=1 3 8 15 7 6 12 10 22 -11 -12 -13 13 16 20 18 17 26 -20 -21 -22 -23 -24 25 -26 -27 -28 -29 -30 -31
leaf_value=-0.074379976137915513 -0.10260881323027796 -0.05677213932660833 -0.00071930866530254569 -0.093551669962807726 -0.047215988967807931 -0.019242743854965355 0.019841149224138585 -0.013020280166094937 0.017183791366717261 0.027685726234568653 0.03130149419805954 0.01550939064465175 0.020078061165585304 0.0498735828853894 -0.022660781451991303 0.0335881690112632 -0.15876033846755222 0.0054061227303526917 0.031950751499155446 -0.052312923658470206 0.0094373423168885948 -0.077382638562881259 0.053932163954502281 -0.0087027239460203149 -0.040254470099685691 0.048865941793360609 0.06057387157188529 0.017084281066122278 -0.070263436447099759 -0.10261675825843253
leaf_weight=83.953939844563138 9.9834998575097398 37.22579822732223 102.396577370062 24.455220494768582 28.36649052563007 270.82263724695076 15.367938532057449 53.210310359310824 87.201546690252144 267.16467497643316 145.73163264518371 123.0874221832637 100.63385935474071 52.942381080414634 124.96855952498299 6.8773368857800952 2.2498606757435473 7.3428586171357875 8.5415528111043368 67.245798857082264 65.961729609261965 8.1585106974234787 127.52470496445312 331.45620599653921 47.230840225165593 12.72212848823983 17.316120383038651 70.8252975945652 14.904954063269541 5.8923384603695013
leaf_count=63030 7742 15536 3415 5217 13189 27691 1220 13020 2701 7462 9899 23641 9819 1128 12852 730 74 284 288 12550 5156 397 3259 47998 4478 306 352 1686 5708 266
internal_value=0 0.00256214 0.0123177 -0.0112606 0.000144417 -0.00625858 -0.0038526 0.00159032 0.0271009 0.0184489 0.0136353 0.000883484 0.00459504 0.00890164 4.09227e-05 -0.0494936 0.0254021 0.0128998 -0.0364596 -0.0443428 -0.0109958 -0.0058478 0.0423204 -0.00941653 -0.0255011 -0.00657477 0.0167094 0.00767356 -0.0255462 -0.0426859
internal_weight=0 2237.81 1311.91 925.9 719.463 818.78 781.554 709.479 592.446 377.72 336.934 191.203 510.732 448.133 291.564 107.12 156.569 103.626 82.6647 74.1231 190.93 110.555 214.726 372.545 62.5988 344.178 101.377 84.0605 68.1153 13.2352
internal_count=301094 238064 138737 99327 121503 80542 65006 113761 17234 11274 52268 42369 37315 31617 27827 18785 3790 2662 13568 13280 18008 3812 5960 61493 5698 48304 2588 2236 18728 550
cat_boundaries=0 2 4 6 8 10
cat_threshold=213188632 5587474 2522252160 5207746 3301048848 525577 3221247687 42304 68422158 4949194
is_linear=0
shrinkage=0.1


Tree=27
num_leaves=31
num_cat=7
split_feature=163 157 170 157 157 156 237 10 10 237 237 160 170 156 156 237 237 216 168 200 237 180 156 237 170 157 145 152 157 230
split_gain=48.2956 35.2074 24.4457 15.1735 14.0665 13.1966 11.6665 9.95397 9.34176 8.65426 8.39837 8.1056 7.64578 7.5116 6.96083 6.61332 6.23047 6.0117 6.00375 5.66267 5.60971 5.5507 5.47786 5.4604 5.04956 4.5672 4.43335 4.45943 4.27778 4.16546
threshold=0.34652437269687658 0.63727831840515148 0.47702896595001226 0.41573250293731695 0.52939638495445263 0.27311578392982488 0 1073.5000000000002 23.500000000000004 1 2 1.0000000000000002 0.54266294836997997 1.0000000180025095e-35 0.3656191378831864 3 4 -0.022299700416624543 3.4659839868545537 0.051617270335555084 5 -0.1088687516748905 0.28281377255916601 6 0.58950042724609386 0.59522119164466869 0.010042907204478981 1.0000000180025095e-35 0.59522119164466869 0.0326105933636427
decision_type=2 2 2 2 2 2 9 10 10 9 9 2 2 2 2 9 9 2 2 2 9 2 2 9 2 2 2 2 2 2
left_child=1 2 3 -1 13 12 22 9 -2 -3 -7 17 16 -4 -11 -14 -6 -8 -15 -16 26 -9 -5 -20 28 -10 27 -13 29 -12
right_child=8 7 4 6 5 10 11 21 25 14 24 20 15 18 19 -17 -18 -19 23 -21 -22 -23 -24 -25 -26 -27 -28 -29 -30 -31
leaf_value=-0.040329474823506628 -0.083018697937633959 -0.0012003458616435079 -0.10601711594565558 0.007618346971220759 -0.0018848206537522933 -0.052281900011599505 0.068208273075437434 0.023564474979256331 -0.04427882005999411 0.060250262380673138 -0.035626883086930648 -0.11099347980121357 0.014893138664638671 -0.039807035159872495 0.031386046777882932 -0.0260135841324943 0.025902968280734913 0.031013762924363267 -0.030503321602050645 -0.016410579538304947 0.027354044985224285 0.059453912429417777 -0.037771662664771444 0.0042066823904076765 -0.054693501771054726 0.016966167614024998 0.022295963431930129 -0.019115834217333719 0.0060606091566405658 0.0021029446699218643
leaf_weight=44.476544781246048 67.841840597393457 163.82421994768083 12.02486781295738 96.447200920316391 140.63767900856328 55.300892518891487 71.237916171026882 71.091871639713645 60.042292836224078 59.26084394971258 71.927904931260855 6.7631921733263907 55.676744029813563 155.44796220194985 93.963289510109462 99.550714532684651 190.77700134860061 111.42227158346213 76.745149455062347 33.668848826957401 78.950583117941278 109.42229278571904 36.707745763967978 96.128357014109497 24.263437572997645 15.273473550885681 18.863238500285661 24.133285268966574 125.47465132843354 49.329105532175163
leaf_count=20282 56913 5868 9456 10098 6292 3924 3525 665 41665 890 6571 417 3630 43207 1972 9409 7540 6465 19352 859 4683 945 2549 17682 2127 4244 1059 1662 4484 2881
internal_value=0 0.00386171 -0.00337687 0.0153597 -0.0113213 -0.00417543 0.0209316 0.0262395 -0.0561033 0.016419 -0.0197351 0.030981 0.00625741 -0.0283897 0.0303063 -0.0120576 0.0148358 0.0455197 -0.0255466 0.0187775 0.0127553 0.0453196 -0.00455272 -0.0127236 -0.0107668 -0.0318588 -0.0132434 -0.0392277 -0.0068835 -0.0202778
internal_weight=0 2173.52 1642.29 489.002 1153.28 812.938 444.525 531.231 143.158 350.717 326.296 311.37 486.642 340.346 186.893 155.227 331.415 182.66 328.321 127.632 128.71 180.514 133.155 172.874 270.995 75.3158 49.7597 30.8965 246.732 121.257
internal_count=301316 198494 187295 50740 136555 46858 30458 11199 102822 9589 19987 17811 26871 89697 3721 13039 13832 9990 80241 2831 7821 1610 12647 37034 16063 45909 3138 2079 13936 9452
cat_boundaries=0 2 4 6 8 10 12 14
cat_threshold=2152448525 5202171 2158102029 4268154 2151811072 590218 1140859040 843872 1756498058 4916650 159385618 1052928 2486815632 512330
is_linear=0
shrinkage=0.1


Tree=28
num_leaves=31
num_cat=4
split_feature=157 12 160 237 237 157 237 156 157 156 156 156 157 93 168 13 66 157 168 210 213 219 13 200 236 189 68 130 160 228
split_gain=39.6127 29.9482 19.8618 15.6781 13.7334 12.9195 11.7145 8.93191 8.70292 7.53453 8.34916 7.03016 6.99177 6.40964 5.98826 5.26579 5.18843 4.94642 5.05349 4.94468 5.25335 4.85332 4.68772 4.68382 4.68042 5.5686 4.86285 4.59322 4.43854 4.20534
threshold=0.61253345012664806 77.500000000000014 1.0000000000000002 0 1 0.68493673205375682 2 0.3656191378831864 0.68493673205375682 1.0000000180025095e-35 0.25116822123527532 1.0000000180025095e-35 0.42491786181926733 0.12953764945268634 3.1700798273086552 0.059097865596413619 5.6705176830291757 0.42491786181926733 3.1929403543472294 0.011520990636199714 0.0060019434895366439 -0.079069674015045152 0.010666742455214264 0.02414788864552975 3 0.14349282532930377 35.014156341552741 -0.012912605423480271 2.0000000000000004 0.096709195524454131
decision_type=2 8 2 9 9 2 9 2 2 2 2 2 2 2 2 10 2 2 2 2 2 2 10 2 9 2 2 2 2 2
left_child=1 22 4 8 12 7 15 -5 13 -6 17 -8 -3 -2 -14 28 -13 -11 -19 29 23 -20 -1 -21 -16 26 -26 -15 -4 -9
right_child=3 2 6 5 9 -7 11 19 -10 10 -12 16 14 27 24 -17 -18 18 21 20 -22 -23 -24 -25 25 -27 -28 -29 -30 -31
leaf_value=-0.086480539074821589 0.011269281193505901 -0.06201997338662766 -0.031934559112962689 0.039735288952798764 -0.099764435699916207 0.066315881541866267 -0.10900805345365135 0.02719558703053114 0.020161413428984021 -0.011289121757890737 -0.0098439152932870283 0.0041280467656169663 -0.023054215752369055 -0.048169926773980076 0.021581677654738243 -0.0063014948464552856 -0.04008568998611816 0.01049656929886927 -0.0044755464101675869 -0.013817565349694833 0.018616977537647461 0.046112489945468141 -0.043738114505519204 -0.094465946509313323 -0.044224079326400184 0.034163401755979934 -0.0036889408177820356 -0.0067787537686432899 -0.062974895665374828 -0.025033214877155058
leaf_weight=39.666635085653979 66.365659030678216 22.114865140902111 195.48605587266502 163.00481247238349 5.2770214510237556 88.279986497364007 6.1547493829857549 92.638173789746361 142.75098937473376 29.147201670712093 72.800945293332916 233.73228390073928 123.29575884739461 55.738780162937474 85.024946598212409 59.861284007725772 29.941205771960085 77.867618347940152 21.276886910287431 18.040512237566876 21.644894774843124 174.50455622216396 72.662422747489472 11.985550957935628 36.285182655585231 31.435112322214991 160.53157915174961 51.657512406934984 60.269237088352384 18.493991615308914
leaf_count=52764 3217 10840 27216 4021 4085 1183 4517 3539 3739 11245 3893 20228 15716 3188 6261 5988 5250 9233 2756 764 1138 11869 56415 448 4296 1772 14444 2523 8098 514
internal_value=0 -0.00911941 -0.00520074 0.0191625 0.00465792 0.031619 -0.0193386 0.0231882 0.00180957 0.0184121 0.0205626 -0.00323868 -0.00701148 -0.0131629 -0.00438559 -0.0319868 -0.000892604 0.0278732 0.0320445 0.00662055 -0.0189379 0.0406147 -0.0588317 -0.0460101 0.00296178 -0.00471325 -0.011162 -0.0282608 -0.0392493 0.018504
internal_weight=0 1537.34 1425.01 730.601 839.562 414.088 585.445 325.808 316.513 380.874 375.597 269.828 458.687 173.762 436.573 315.617 263.673 302.796 273.649 162.803 51.671 195.781 112.329 30.0261 313.277 228.252 196.817 107.396 255.755 111.132
internal_count=301160 276886 167707 24274 96410 11607 71297 10424 12667 43081 38996 29995 53329 8928 42489 41302 25478 35103 23858 6403 2350 14625 109179 1212 26773 20512 18740 5711 35314 4053
cat_boundaries=0 2 4 6 7
cat_threshold=2693931045 5439518 3561407105 1795563 2366996824 6124442 9
is_linear=0
shrinkage=0.1


Tree=29
num_leaves=31
num_cat=4
split_feature=157 12 170 170 157 156 237 156 237 11 157 156 176 237 170 237 12 160 170 11 188 161 156 4 0 163 12 157 203 156
split_gain=37.6717 23.4766 16.9822 15.2753 12.1743 15.5418 12.2669 11.2367 10.1032 8.41895 8.1829 10.9726 7.87533 9.33894 7.20875 6.33048 5.72623 5.68838 5.14789 4.99083 4.8105 4.70369 4.61867 4.29777 4.11144 4.10267 4.06598 3.9869 3.98627 4.04128
threshold=0.57470911741256725 77.500000000000014 0.46235556900501257 0.47981654107570654 0.68493673205375682 0.2323504984378815 0 1.0000000180025095e-35 1 0.046801520511507995 0.3860634863376618 0.17512886226177218 -0.10887399315834044 2 0.5484067201614381 3 534.50000000000011 1.0000000000000002 0.55450585484504711 0.016809814609587196 -0.011546790134161709 4.0339527130126962 0.44023808836936956 0.064093112945556655 0.16749174892902377 -1.7881804108619688 443.50000000000006 0.62342819571495067 0.066642604768276228 0.25116822123527532
decision_type=2 8 2 2 2 2 9 2 9 10 2 2 2 9 2 9 10 2 2 10 2 2 2 8 8 2 10 2 2 2
left_child=1 -1 10 12 5 18 23 -4 24 17 -3 19 -2 -14 22 -13 21 25 20 -12 -5 -6 -8 -7 -9 -10 -19 -24 29 -26
right_child=3 2 7 4 16 6 14 8 9 -11 11 15 13 -15 -16 -17 -18 26 -20 -21 -22 -23 27 -25 28 -27 -28 -29 -30 -31
leaf_value=-0.061536913276311278 0.082494272885412931 -0.045141603649912876 -0.10821858651342167 0.013355556583625998 0.034852666347784 -0.064037247787121845 0.026333120217694597 -0.028212207024775778 0.012152667862426102 0.0018988284672050747 0.017131752848567248 0.020118108684091199 -0.0095437228417868079 0.045389472514027238 -0.014041624789653756 -0.026243415954679657 0.064563643197799767 -0.053262150988491831 0.0017077129910013336 0.061052731633594239 0.050284568648153685 -0.00033088686883734741 -0.027615765471503035 -0.022436176999633364 0.018498458828770215 -0.024130195886752734 -0.019712715558838818 0.015362037641832881 -0.021471854270407337 -0.038953666684315345
leaf_weight=90.580867478442087 35.531977096339688 20.109953233317356 12.794332003672023 58.659749646161799 102.36319307750091 30.31055375644064 137.57974804152764 36.192972760967677 36.465057905064896 117.6882416044682 42.840510345908115 51.589948570122942 45.844643713382538 91.668152266414836 139.37310551612609 46.623916726821335 38.752541333436966 114.39345811658131 64.650719653829583 65.318622637874796 88.479921034559084 60.429826487685204 37.652909859170904 137.4249134149577 168.12771704902116 214.40743285468488 52.79618680709973 50.580012147707748 37.576476814225316 13.205177371564785
leaf_count=99956 634 9667 10440 2166 2310 3377 5000 3888 1276 15629 6040 3291 2091 2002 11769 3829 330 24648 4441 6919 2873 1888 2879 5725 20325 37951 2559 1461 5184 813
internal_value=0 -0.012728 -0.0084362 0.0132085 0.00821282 0.00231203 -0.00679503 -0.0152523 -0.0137483 -0.0213297 0.0157499 0.0216835 0.0405264 0.0296823 0.00373969 -0.00251422 0.0300162 -0.0283789 0.0252278 0.0436562 0.0355622 0.0217923 0.01488 -0.0282684 0.00289621 -0.0188564 -0.0426677 -0.0029785 0.00817177 0.0143146
internal_weight=0 1120.71 1030.13 1119.3 946.257 744.712 532.921 803.647 790.853 535.75 226.483 206.373 173.045 137.513 365.186 98.2139 201.546 418.062 211.79 108.159 147.14 162.793 225.813 167.735 255.102 250.872 167.19 88.2329 218.909 181.333
internal_count=301361 252415 152459 48946 44219 39691 30211 122713 112273 82063 29746 20079 4727 4093 21109 7120 4528 66434 9480 12959 5039 4198 9340 9102 30210 39227 27207 4340 26322 21138
cat_boundaries=0 2 4 6 8
cat_threshold=2287077381 590171 1636842725 4232372 2163343887 328162 238088656 1081536
is_linear=0
shrinkage=0.1


Tree=30
num_leaves=31
num_cat=5
split_feature=13 157 170 170 157 157 237 157 237 156 237 13 219 159 8 156 237 156 170 237 108 74 156 139 160 86 192 159 90 106
split_gain=30.7765 24.6616 20.0533 12.6757 11.3797 11.1933 9.52158 8.81099 10.8809 8.70789 7.17475 7.09433 6.46165 6.2576 6.31999 6.09751 6.0197 5.71975 5.569 5.4205 4.80461 4.71768 4.62429 4.52117 4.5141 4.04746 3.99119 4.11785 3.96184 3.84558
threshold=0.010666742455214264 0.59522119164466869 0.4837751984596253 0.50857836008071911 0.43352198600769049 0.41573250293731695 0 0.65611082315444957 1 0.18237251043319705 2 1.0000000180025095e-35 0.14024414122104648 1.7810884118080141 0.29976208508014685 0.3352713286876679 3 0.22287581861019137 0.42745165526866918 4 1.0000000180025095e-35 0.46933667361736303 0.2323504984378815 0.021489894948899749 1.0000000000000002 -0.95708391070365895 -0.047171346843242638 1.6578968763351443 1.8670067787170412 0.039409771561622627
decision_type=8 2 2 2 2 2 9 2 9 2 9 10 2 2 10 2 9 2 2 9 2 2 2 2 2 2 2 2 2 2
left_child=11 2 5 10 -4 -2 -6 8 17 18 25 -1 22 14 -8 -9 21 -5 -7 -20 -19 -11 -10 28 -13 -3 -17 -28 -12 -15
right_child=1 3 4 7 6 9 13 15 12 16 23 24 -14 29 -16 26 -18 20 19 -21 -22 -23 -24 -25 -26 -27 27 -29 -30 -31
leaf_value=-0.077123763393584677 -0.035596141712536465 -0.028465915549784393 -0.066156800337106539 0.051092648602089757 0.0055834982628611488 0.065784886930225703 -0.031228836367347346 0.049734401362221313 0.0021278984287564431 -0.024259220797014869 0.035719730699198163 -0.011597065165160446 0.12304505683099375 -0.0034280249875422841 -0.0048142376180886253 0.034500804182687056 0.01494105410418313 -0.011764235522174975 0.03430656672058862 -0.00076559818973577737 0.027991471629525019 0.12153184636609111 -0.034578395535578822 0.016527640296482696 -0.056464773941111927 0.026898227792246005 -0.00540187270892764 0.036899476674821123 0.068003795182901075 0.057146180760426338
leaf_weight=46.103276623813144 47.307185977580957 26.890123684366699 41.968404796076356 37.513793930818792 208.17573483635351 34.852996596542653 331.36027198061493 62.30922717571957 49.221055705682375 84.326854348466441 68.7329479365726 57.048828537735972 3.0669863165821871 44.874029198486824 124.65414345527824 63.31171655835351 114.81144490603037 66.305480297916802 118.73122264604899 75.700192569842329 56.135174955939874 2.2795569855952627 113.3802828475018 41.923548005230259 36.945086387757328 25.945138241382665 103.52618185192114 29.589836342376657 85.045516098442022 13.674346542626152
leaf_count=59838 25271 1059 27737 983 28765 2262 62208 1012 1746 6056 1291 7646 49 1808 18699 1213 8500 3024 11072 9510 1952 147 5904 1004 5828 764 2957 313 1576 492
internal_value=0 0.00343327 -0.00549048 0.0167479 -0.0155338 0.0105766 -0.0125942 0.0087025 -0.00224321 0.0156481 0.0356641 -0.0449927 -0.0195732 -0.0196745 -0.0240083 0.0224778 0.000477364 0.0159334 0.028975 0.0223766 0.0064625 -0.0183079 -0.023467 0.0434193 -0.0292327 -0.00107541 0.0138316 0.00400113 0.0535741 0.0107195
internal_weight=0 2075.61 1242.72 832.897 764.707 478.009 722.739 584.36 325.623 430.702 248.537 140.097 165.668 514.563 456.014 258.737 201.418 159.954 229.284 194.431 122.441 86.6064 162.601 195.702 93.9939 52.8353 196.428 133.116 153.778 58.5484
internal_count=300686 227374 202527 24847 139709 62818 111972 19153 13658 37547 5694 73312 7699 83207 80907 5495 14703 5959 22844 20582 4976 6203 7650 3871 13474 1823 4483 3270 2867 2300
cat_boundaries=0 2 4 6 8 10
cat_threshold=1900032111 4497557 436577128 455232 8520261 4653074 270157867 5087225 429145587 40529
is_linear=0
shrinkage=0.1


Tree=31
num_leaves=31
num_cat=6
split_feature=13 157 170 157 160 237 171 157 237 170 10 156 5 156 207 237 74 157 156 237 237 232 211 237 170 0 163 157 193 156
split_gain=27.3455 24.5713 20.1558 18.8433 13.4742 13.3111 9.15029 9.14334 9.08635 7.83342 6.821 5.85832 5.86644 5.53127 5.3443 6.33663 5.27607 6.64433 5.00827 5.284 4.95859 4.64261 4.59168 4.50672 4.36242 4.21318 4.098 4.09621 4.06748 4.88576
threshold=0.0051115783862769612 0.65611082315444957 0.53199100494384777 0.41573250293731695 1.0000000000000002 0 0.44739343225955969 0.56404387950897228 1 0.42745165526866918 1264.0000000000002 0.26209992170333868 0.094044812023639693 0.2416573911905289 -0.015562469139695166 2 0.3121218234300614 0.55911573767662059 0.22287581861019137 3 4 0.015910161659121517 -0.07621362060308455 5 0.42745165526866918 0.15412896126508716 -1.5713464021682737 0.58749592304229747 0.20005886256694796 0.21294035762548449
decision_type=8 2 2 2 2 9 2 2 9 2 10 2 8 2 2 9 2 2 2 9 9 2 2 9 2 10 2 2 2 2
left_child=-1 2 3 24 5 28 10 -4 -6 -7 13 23 -13 -3 15 -10 17 20 -19 21 -11 -20 -15 -9 -2 26 -24 -17 29 -5
right_child=1 6 7 4 8 9 -8 11 14 16 -12 12 -14 22 -16 27 -18 18 19 -21 -22 -23 25 -25 -26 -27 -28 -29 -30 -31
leaf_value=-0.062380343514811532 -0.0010499283644752222 0.097987076065908049 -0.037347399012505438 0.0057381371318061553 0.01531778954319369 0.065936894804438262 0.0074472897066664755 0.020644067631836682 -0.02533439570502137 -0.0076966056262405104 0.078208041149559357 -0.0068584009583965407 -0.043765404608243838 0.063916445874064198 -0.026747545639640276 0.0022583437981441887 0.063057966945334373 0.058753008525093901 -0.084488133673521829 0.027693489568757081 0.019895648550999477 0.073571362765655041 0.0854594562460496 -0.012666126427741765 -0.060358851162688631 0.030297965946772417 -0.020018679105455781 0.046697917193829909 0.073221539270659816 -0.026013899108668311
leaf_weight=67.001061624650902 16.214422874589218 11.614093407231847 179.37258582948562 107.12216541738599 141.42755854449933 42.820418721283204 149.54837355500786 77.76155699766241 60.944176582648652 113.33955305612471 37.922573821619153 110.53283220139565 70.56216510257218 27.244840028928593 174.40173722561303 81.623489276673354 28.318784765418968 53.040482993324986 9.673911562364081 122.03126533677278 134.78942612979881 2.3001785813830784 4.1200407687574616 67.428327332076151 52.74398031248711 94.054984369664453 34.75399604724953 27.8079451614758 6.2662504721374708 88.494168332006666
leaf_count=63363 7685 149 51167 13678 13685 2103 3753 3459 8084 16920 405 6015 6534 374 20052 7323 4213 1109 302 4266 18008 89 50 4939 33898 2013 1002 579 297 6042
internal_value=0 0.00250297 -0.00233918 0.00441385 0.00734834 0.0161489 0.026346 -0.0192113 -0.00547034 0.0245299 0.0398231 -0.00924107 -0.0212389 0.0313495 -0.0140348 -0.00184546 0.0212337 0.018512 0.0327438 0.0224491 0.00778379 -0.029494 0.0265177 0.0057238 -0.0464133 0.0188525 -0.00883964 0.0124164 -0.00579836 -0.00862605
internal_weight=0 2128.28 1769.02 1263.36 1194.4 708.197 359.259 505.657 486.205 506.314 209.711 326.285 181.095 171.788 344.777 170.376 463.494 435.175 187.046 134.005 248.129 11.9741 160.174 145.19 68.9584 132.929 38.874 109.431 201.883 195.616
internal_count=301556 238193 230447 158333 116750 67027 7746 72114 49723 47010 3993 20947 12549 3588 36038 15986 44907 40694 5766 4657 34928 391 3439 8398 41583 3065 1052 7902 20017 19720
cat_boundaries=0 2 4 6 8 10 12
cat_threshold=3226600097 738411 1883296898 44128 70320733 1376666 33556486 262160 118016024 5505792 520259953 795232
is_linear=0
shrinkage=0.1


Tree=32
num_leaves=31
num_cat=4
split_feature=157 163 156 170 156 237 237 157 170 170 237 13 157 93 170 11 156 157 157 181 13 170 237 152 231 162 168 108 168 29
split_gain=24.9275 20.4527 15.8861 13.837 13.9178 11.3176 9.82554 9.50352 7.19368 6.80307 6.98731 6.45256 6.16363 7.40638 6.0733 5.98946 5.43937 7.17724 5.37744 4.95854 4.77906 4.61887 4.60506 4.93515 4.38239 4.2167 4.17368 4.13219 4.0647 4.05564
threshold=0.60335811972618114 0.30613514780998236 1.0000000180025095e-35 0.5227518379688264 0.21294035762548449 0 1 0.42933711409568792 0.48162244260311132 0.42745165526866918 2 1.0000000180025095e-35 0.68493673205375682 0.36546161770820623 0.60105058550834667 0.020887871272861961 0.3656191378831864 0.68493673205375682 0.52939638495445263 -0.054932614788413041 0.020654105581343177 0.42745165526866918 3 -0.00431771739386022 0.018064731732010845 203.13194274902347 2.3441880941390996 -0.010105531197041271 3.1929403543472294 1.0000000180025095e-35
decision_type=2 2 2 2 2 9 9 2 2 2 9 10 2 2 2 8 2 2 2 2 8 2 9 2 2 2 2 2 2 2
left_child=1 2 -1 4 7 12 -6 21 -7 -9 18 -3 13 28 16 -5 26 22 -11 -8 -12 -4 23 -18 -14 -21 -10 -25 -2 -26
right_child=5 11 3 15 6 8 19 9 14 10 20 -13 24 -15 -16 -17 17 -19 -20 25 -22 -23 -24 27 29 -27 -28 -29 -30 -31
leaf_value=-0.10732696112446075 -0.027275540994704417 -0.077913379506820105 0.019771132840363512 -0.04837740184959291 -0.03833799394002594 0.051778814596136306 0.013993624692003413 0.05619793131037143 -0.042873109127564084 -0.040076452463225498 -0.0052793077469216465 -0.02832099971135027 0.027778861594859785 -0.080324781435754694 -0.043891495751932838 -0.014215185771012924 -0.033764333074101219 0.037639292826830435 0.010295953056748337 -0.013098756602020298 0.024209119065494392 -0.038268108178632881 -0.027968071576615568 -0.004383886936298517 -0.0014649991957399267 -0.16819852154551784 0.037639896472622912 0.038572770481983529 0.0050114223919834168 -0.10670651912255956
leaf_weight=14.870007363424518 61.4979060600308 46.938692894327687 18.80564926432271 62.662519031597185 97.096837874181801 78.231270966731245 110.03713461777079 40.499525452047237 6.7032591694733119 40.085066112646018 65.914221052677021 59.48567519588687 87.537362980277976 14.918691207392838 14.956883339429622 283.55298971950833 21.283525528211612 67.457043846457964 44.966634450327547 118.19576436416537 330.67391617884277 50.620622591646679 37.297395364032127 39.894776229906711 24.586189252542685 1.7792590495955654 163.036769493272 51.045998722169315 106.54569022543001 4.3025162281701332
leaf_count=14637 4758 53707 6163 14374 7309 1455 6580 2146 210 8851 9133 45774 2095 1393 1936 40704 986 1147 2278 10151 25913 24282 1727 2226 889 99 4505 1671 3842 267
internal_value=0 -0.00807184 -0.00456899 -0.00336097 0.00305979 0.0142821 -0.0134926 0.0122125 0.0235457 0.0168343 0.0135243 -0.0501938 -0.00130975 -0.0127993 0.0186332 -0.0203983 0.0210514 0.0105618 -0.0120302 -0.00128188 0.0188332 -0.0225469 -0.00165427 0.00879913 0.0166334 -0.0153989 0.0344603 0.0197281 -0.00680444 -0.0171391
internal_weight=0 1386.18 1279.76 1264.89 918.675 779.295 327.109 591.566 479.907 522.139 481.64 106.424 299.388 182.962 401.676 346.216 386.719 216.979 85.0517 230.012 396.588 69.4263 149.522 112.224 116.426 119.975 169.74 90.9408 168.044 28.8887
internal_count=301208 272101 172620 157983 102905 29107 24139 78766 15863 48321 46175 99481 13244 9993 14408 55078 12472 7757 11129 16830 35046 30445 6610 4883 3251 10250 4715 3897 8600 1156
cat_boundaries=0 2 4 6 8
cat_threshold=3767681037 5308470 2202142720 852443 35799560 725250 335909888 57344
is_linear=0
shrinkage=0.1


Tree=33
num_leaves=31
num_cat=4
split_feature=163 156 157 170 237 157 170 237 168 157 156 156 66 168 157 156 237 237 187 157 214 204 7 166 157 93 156 211 177 142
split_gain=21.7173 18.4911 16.1063 16.2639 11.6906 10.6482 11.0857 9.07387 6.07141 7.11698 6.10768 5.63313 5.53055 5.27378 5.23362 8.01409 5.4666 5.02715 4.93667 4.87634 4.47269 4.44177 4.3595 3.9523 3.94105 5.01235 3.89866 3.88677 3.82312 3.62966
threshold=0.68723705410957348 1.0000000180025095e-35 0.68493673205375682 0.47228689491748815 0 0.47541378438472753 0.5484067201614381 1 2.7447551488876347 0.55442294478416454 0.15821565687656405 0.39638906717300421 3.0261003971099858 3.0968778133392338 0.59522119164466869 0.30471627414226538 2 3 0.12128068879246713 0.3929880559444428 -0.096699770539998994 -0.059888234362006181 0.11814556270837785 0.98236721754074108 0.5807817578315736 0.36546161770820623 0.41612553596496588 -0.07621362060308455 0.039558826014399535 -0.026613777503371235
decision_type=2 2 2 2 9 2 2 9 2 2 2 2 2 2 2 2 9 9 2 2 2 2 8 2 2 2 2 2 2 2
left_child=1 -1 3 7 13 -6 14 -3 -9 10 19 -4 18 -5 15 17 20 -7 21 -10 -16 29 -21 27 25 -23 -18 -13 -17 -8
right_child=-2 2 11 4 5 6 12 8 9 -11 -12 23 -14 -15 16 28 26 -19 -20 22 -22 24 -24 -25 -26 -27 -28 -29 -30 -31
leaf_value=-0.1066885553712431 -0.067183938572169907 -0.0055755112957849174 0.05418566839649637 -0.046419066618824036 -0.031954023439461347 0.021852047978074933 0.039554403456626128 -0.030221971780454028 -0.018237350879895541 0.055712112042931583 -0.0012960232614833121 0.051487837486909493 -0.036885992389067424 -0.015646224880215914 -0.12829795515625386 -0.0082219561267274279 0.037796105598402019 -0.0012520862826195134 -0.04290310647962705 -0.0041331922225836554 -0.0078334909909926649 -0.019760978929235014 0.052204271955404169 0.066302586649501283 0.027196637115914631 0.13428250918349388 0.0095637864356901726 0.005171945370255962 -0.049026226202062727 -0.041979554259782371
leaf_weight=15.666990475077908 47.014026234337507 131.43935680674622 61.031097137529287 68.639757158904104 96.843652937743173 172.2671558787406 6.6350228103983673 17.47318109866319 15.004723331374406 79.762282856070669 78.4535112670128 21.598630787280854 79.846322869474534 295.21827073193708 3.4491313292091936 72.171837749345286 134.08249311316467 200.63603546481318 29.006059371109586 16.449246665695682 28.966569381824229 40.11909885355999 83.254566664181766 15.286546945571898 68.127438239345793 2.2296901549270833 77.003395972540602 112.45823559336714 33.676022937790549 30.82971570128575
leaf_count=18183 55453 20324 1030 11046 48068 17255 692 2164 7493 1684 6689 378 16974 27060 209 7421 2861 19790 3367 2750 988 5299 7796 141 1952 197 2388 3035 4384 3968
internal_value=0 0.00154269 0.00236107 -0.000602817 -0.00566223 -0.000319496 0.00280641 0.0166652 0.0260275 0.0305823 0.0202055 0.0285883 -0.0150393 -0.0208776 0.00915135 0.00308046 0.0210874 0.00997357 -0.00518104 0.0349112 -0.0157825 0.00221493 0.0429097 0.0181276 0.0123054 -0.0116505 0.0262533 0.0126342 -0.021204 -0.0275399
internal_weight=0 2087.63 2071.96 1861.58 1439.75 1075.89 979.046 421.837 290.398 272.924 193.162 210.375 256.793 363.858 722.253 478.751 243.502 372.903 176.947 114.709 32.4157 147.941 99.7038 149.343 110.476 42.3488 211.086 134.057 105.848 37.4647
internal_count=301039 245586 227403 222819 173919 135813 87745 48900 28576 26412 24728 4584 32449 38106 55296 48850 6446 37045 15475 18039 1197 12108 10546 3554 7448 5496 5249 3413 11805 4660
cat_boundaries=0 2 4 6 8
cat_threshold=2292318338 65834 3223028284 5206203 1090519049 4734992 1074631781 1368129
is_linear=0
shrinkage=0.1


Tree=34
num_leaves=31
num_cat=5
split_feature=160 66 237 236 237 167 157 86 170 157 11 163 1 156 4 157 170 237 156 170 196 185 157 237 216 106 197 150 220 5
split_gain=20.6806 12.7487 10.774 9.06724 9.04253 7.32164 6.5694 6.47069 6.28659 5.57858 5.41152 5.70176 5.11634 4.52118 4.49512 4.44558 4.61274 4.41177 4.29314 4.37998 4.22377 5.15203 4.78617 4.20753 4.13189 4.11127 4.09906 6.91534 4.29673 4.05029
threshold=1.0000000000000002 4.7708613872528085 0 1 2 2.5000000000000004 0.5807817578315736 -0.85703703761100758 0.42745165526866918 0.42933711409568792 0.046801520511507995 -0.57717692852020253 0.0097674862481653708 1.0000000180025095e-35 0.14174107462167743 0.60335811972618114 0.49566511809825903 3 0.35097050666809088 0.50857836008071911 0.051053851842880256 -0.037910843268036835 0.62342819571495067 4 -0.1037403605878353 0.064862150698900237 -0.049049105495214455 0.032928882166743285 0.062733992934227004 0.050423728302121169
decision_type=2 2 9 9 9 2 2 2 2 2 10 2 8 2 10 2 2 9 2 2 2 2 2 9 2 2 2 2 2 8
left_child=1 3 5 23 20 10 13 -3 -6 -10 11 15 -8 -4 -11 -2 -17 -9 19 29 22 -22 24 -1 -5 26 27 -18 -28 -15
right_child=2 7 6 4 8 -7 12 17 9 14 -12 -13 -14 18 -16 16 25 -19 -20 -21 21 -23 -24 -25 -26 -27 28 -29 -30 -31
leaf_value=0.039784010135452109 -0.029152111227704974 -0.029548625128315673 -0.10474212261301702 0.022160237541723964 0.053136129915081071 -0.051427215547390083 0.060197234749556232 -0.015968232650002998 -0.039692412560878368 0.017875947138634322 0.0032528117967845927 -0.043383757206416865 0.0096498534856208282 -0.041839146907217906 -0.011672041269290884 0.034791932942347885 0.029614736997320992 0.019130902577465744 -0.088864554243598293 -0.026235162481224868 -0.098035576644868908 -0.01739688625949061 0.014711005427993166 0.010984517988153426 -0.024551186260664264 -0.065474141982557174 -0.014747578030582732 -0.16723409863818023 -0.12483254964069622 0.010680960501563018
leaf_weight=150.02038701784841 114.48120456985635 119.16298317534529 4.7639073707687194 23.306732989760349 39.200429657939821 72.053653114453482 25.768049161066301 57.797013750190672 20.412401568595669 373.47414225795364 101.21707318299741 98.383296318283101 89.839190977916587 16.432206407884223 59.717978206343105 26.879770711762831 36.948514202842489 66.498048970868695 6.1235201957024392 62.76969501630083 10.642490477941463 31.006426586493035 87.751442868669983 114.17992534136647 100.99367008262561 12.512700672494246 45.796444781881291 1.8752021524123836 3.8430654235708053 137.99405450308404
leaf_count=10941 10517 37297 6410 1199 3859 17908 1519 17700 12848 34202 13685 33556 2051 8291 6986 440 563 15544 815 12817 2590 4044 1998 11891 13947 297 1075 36 194 15817
internal_value=0 0.00764423 -0.0125057 0.0125925 0.00660542 -0.0214516 0.00145489 -0.0128984 0.0144229 0.0113953 -0.0170498 -0.023081 0.0209165 -0.00834572 0.0138026 -0.0148386 -0.0020223 0.00306431 -0.00628936 -0.00396128 -0.0085509 -0.0380024 -0.0031696 0.0281922 -0.0157926 -0.0118222 -0.00423344 0.0201069 -0.0232703 0.0050924
internal_weight=0 1254.16 857.682 1010.71 746.506 513.991 343.691 243.458 492.805 453.605 441.937 340.72 115.607 228.083 433.192 242.337 127.856 124.295 223.319 217.196 253.701 41.6489 212.052 264.2 124.3 100.976 88.4632 38.8237 49.6395 154.426
internal_count=301037 175046 125991 104505 81673 78271 47720 70541 57895 54036 60363 46678 3570 44150 41188 13122 2605 33244 37740 36925 23778 6634 17144 22832 15146 2165 1868 599 1269 24108
cat_boundaries=0 2 3 5 7 9
cat_threshold=2369749016 5862302 9 2417134220 726126 3346958499 4810656 407345436 1098562
is_linear=0
shrinkage=0.1


Tree=35
num_leaves=31
num_cat=3
split_feature=13 160 157 170 237 16 237 237 157 163 175 157 156 228 166 170 11 67 202 172 117 92 75 193 166 153 92 223 85 157
split_gain=19.4864 17.9833 9.62214 10.2773 7.47459 7.43432 7.32446 7.0324 6.87408 5.266 5.11971 4.86841 4.67795 5.30653 4.55364 4.41243 4.4575 4.39819 4.23195 4.15272 5.09739 5.29799 4.07982 3.98696 5.5462 3.96018 3.95879 3.95744 3.94462 3.89724
threshold=0.0051115783862769612 1.0000000000000002 0.62342819571495067 0.47981654107570654 0 1.0000000180025095e-35 1 2 0.58749592304229747 -0.70551702380180348 0.050118993967771537 0.65611082315444957 0.35097050666809088 -0.0049763440620154134 0.98236721754074108 0.54612973332405101 0.032306129112839706 2.5140845775604252 -0.020870330743491646 -0.17739429324865338 0.017966997809708122 0.87145701050758373 0.14504440873861316 0.038452055305242545 0.88900581002235424 -0.019659618847072121 0.89805814623832714 0.12516442686319354 130.50000000000003 0.50392174720764171
decision_type=8 2 2 2 9 2 9 9 2 2 2 2 2 2 2 2 10 2 2 2 2 2 2 2 2 2 2 2 2 2
left_child=-1 2 3 4 -2 18 11 14 -8 22 28 15 -4 -14 17 16 -7 27 -3 20 21 -10 -9 24 25 -13 -25 -5 -6 -11
right_child=1 5 12 7 10 6 8 9 19 29 -12 23 13 -15 -16 -17 -18 -19 -20 -21 -22 -23 -24 26 -26 -27 -28 -29 -30 -31
leaf_value=-0.057995580275145245 -0.0069289287518856813 -0.016506402793054143 0.039915864744722529 -0.01311431462064548 0.025031820545713693 -0.025897224559454209 -0.0057263990047637919 0.011258886512859063 0.051881765460787238 -0.034919586342807875 0.069326190920343964 0.052588454755842819 0.031473893697985193 -0.00012951667281109651 0.018309055391552587 -0.042824231798933909 -0.00094464158135572004 -0.052695955167062519 -0.074795422847728457 0.035404006744296633 0.036114986752530769 -0.12772131380121432 0.052747674889330902 0.0088287181555441168 0.015143916512776724 -0.053478270626623595 0.083225963300977299 -0.11251341179035697 -0.14741499584378501 0.0013445566604184519
leaf_weight=56.675600049082277 81.911759359005373 23.558053910375747 116.27228968133568 176.89432922976266 175.76733387637796 170.25420951136039 202.08475051999267 145.20615087953047 2.2998134450754169 37.996241410881339 28.603386510192649 4.016099107626359 101.77434735879069 111.16105743189109 32.364354024786735 73.340060542577703 123.53902886194555 38.225381751835812 26.429518297161849 83.190424506479758 8.0654534120694716 5.7457939493469894 28.325139472886804 22.831089284038171 40.26962077151984 28.502856103994418 10.415109458612276 4.0982328909158232 1.3365496392798366 134.66783776710508
leaf_count=63162 14291 4859 2613 28369 16739 23110 34425 8548 59 25328 3600 125 2794 3374 1256 11846 13764 9359 6100 2242 233 228 1660 499 503 1271 143 1316 134 19123
internal_value=0 0.00145012 0.0091876 0.00376029 0.0192924 -0.00994768 -0.00753545 -0.00371295 0.00470412 0.00556773 0.0286764 -0.0151115 0.0237842 0.0149756 -0.0160665 -0.0208822 -0.0154048 -0.0218745 -0.0473251 0.0264046 -0.0200644 -0.0763823 0.018031 0.00344353 -0.00966145 -0.040379 0.0321353 -0.015365 0.0237304 -0.00663569
internal_weight=0 2039.15 1214.6 885.397 287.619 824.542 774.554 597.778 301.386 346.195 205.707 473.168 329.208 212.935 251.582 367.133 293.793 219.218 49.9876 99.3015 16.1111 8.04561 173.531 106.035 72.7886 32.519 33.2462 180.993 177.104 172.664
internal_count=301073 237911 138504 129723 34764 99407 88448 94959 37187 54659 20473 51261 8781 6168 40300 48720 36874 39044 10959 2762 520 287 10208 2541 1899 1396 642 29685 16873 44451
cat_boundaries=0 2 4 6
cat_threshold=3227503137 5068014 2359280152 6099643 3739616384 4917003
is_linear=0
shrinkage=0.1


Tree=36
num_leaves=31
num_cat=5
split_feature=163 160 237 10 237 237 90 11 157 170 157 176 168 157 192 170 141 157 157 237 203 237 171 67 159 139 211 94 151 120
split_gain=17.9399 12.0547 8.1723 7.98154 7.65836 7.22915 7.00804 5.72812 5.52078 5.36002 5.17798 5.48075 5.35489 4.67439 5.7521 5.06589 4.55059 4.39519 4.29091 4.25689 4.2162 4.10509 4.0047 3.95586 3.91759 4.61771 3.79412 3.78899 3.61678 3.43893
threshold=0.65128991007804882 1.0000000000000002 0 555.50000000000011 1 2 1.5028735399246218 0.0073450077325105676 0.42933711409568792 0.46898615360260015 0.54545071721076976 -0.14962334930896756 3.1929403543472294 0.58749592304229747 -0.061014989390969269 0.48733790218830114 0.045251742005348213 0.68493673205375682 0.63727831840515148 3 -0.0031683311099186535 4 0.083927519619464888 0.91040107607841503 1.6578968763351443 -0.0068593283649533978 0.16001104563474658 -0.01259364979341626 -0.032187832519412034 0.010149575769901277
decision_type=2 2 9 8 9 9 2 8 2 2 2 2 2 2 2 2 2 2 2 9 2 9 2 2 2 2 2 2 2 2
left_child=1 3 6 4 -1 18 -3 -8 -6 23 19 -12 -13 -9 28 16 -16 21 -5 -4 27 -11 -14 -7 25 -17 -21 -20 -15 -26
right_child=-2 2 10 5 8 9 7 13 -10 17 11 12 22 14 15 24 -18 -19 20 26 -22 -23 -24 -25 29 -27 -28 -29 -30 -31
leaf_value=-0.018300005081530062 -0.061214352829067731 -0.082170180718640851 0.013405634075603415 -0.015029607609984987 -0.03833235614293911 0.0014945423812414238 -0.064293476042161402 -0.022578304602507912 0.011316990021644099 0.027687372751161052 0.053913551082680415 -0.020727757934363728 0.011513955435411597 -0.070786450326349545 0.03287493348423292 -0.059731639185687836 -0.16104653694483076 0.045071774955392531 -0.045311568224687987 -0.02891761672292132 0.041805810744852165 0.0046379075704226355 0.06424582014523729 0.049328930141282146 0.032840403252653375 -0.01354653602023043 0.027995124750356638 0.016748216356944949 0.027389610697974805 -0.044669444697940576
leaf_weight=169.93453507417144 46.285758743597398 15.746212072510387 50.284957692805619 111.90980901775038 24.224175078103144 21.322190326100099 21.780353564045072 204.14142599500337 296.7843923098626 107.73758415013435 30.051206497650128 47.974119878439524 106.06028539050021 3.9754080653656265 27.953721585741736 36.321726672918885 1.2648374782875169 45.47192100668326 15.231420654803513 93.658130057709059 34.224227130063809 266.09291549964109 16.664992652833462 91.390578675098368 19.976777006289925 53.586707175767515 13.388065606020971 27.782451051520184 66.897822266852017 8.0230389041826111
leaf_count=32271 59897 3611 8831 9246 19478 1060 9200 35335 49216 6186 1070 3952 4022 131 705 2022 48 532 282 25696 620 15191 315 5173 241 2617 1294 431 1812 135
internal_value=0 0.0017481 -0.00763413 0.00807784 -0.00175716 0.0147732 -0.0162562 -0.0142843 0.00734161 0.0205343 0.00378228 0.0145335 0.00760069 -0.0117041 -0.00152124 -0.0127953 0.0244803 0.0157162 -0.00239039 -0.00969554 0.015613 0.0121454 0.0186745 0.04028 -0.0220325 -0.0322047 -0.0199372 -0.00522745 0.0218827 0.0106308
internal_weight=0 2029.86 817.75 1212.11 490.943 721.163 459.668 443.922 321.009 532.015 358.082 200.751 170.699 422.141 218 147.127 29.2186 419.302 189.148 157.331 77.2381 373.83 122.725 112.713 117.908 89.9084 107.046 43.0139 70.8732 27.9998
internal_count=300620 240723 101037 139686 100965 38721 55857 52246 68694 28142 45180 9359 8289 43046 7711 5768 753 21909 10579 35821 1333 21377 4337 6233 5015 4639 26990 713 1943 376
cat_boundaries=0 2 4 6 8 10
cat_threshold=2350619160 6226846 3549580176 4785834 3765125763 655390 1644168323 3104 1346624 4489344
is_linear=0
shrinkage=0.1


Tree=37
num_leaves=31
num_cat=3
split_feature=156 163 170 158 237 175 11 157 237 157 170 169 237 4 67 11 160 16 9 168 93 170 168 214 142 86 168 157 217 167
split_gain=16.5843 14.2356 11.0188 9.13472 6.9125 6.99545 6.54595 6.04511 7.33944 5.73877 4.72666 4.69728 4.47901 4.40912 4.40081 4.51909 4.16771 4.2775 4.44114 4.00406 3.92068 3.76008 3.83301 3.7172 3.6645 3.59395 3.56426 3.50584 3.49419 3.44127
threshold=1.0000000180025095e-35 0.65128991007804882 0.4837751984596253 0.29166667163372045 0 0.050118993967771537 0.010349444113671781 0.51456367969512951 1 0.61253345012664806 0.60105058550834667 8.5000000000000018 2 0.064093112945556655 2.2197890281677251 0.052770815789699561 1.0000000000000002 1.5000000000000002 0.024844827130436901 2.5867359638214116 0.19205224514007571 0.60105058550834667 3.5946353673934941 0.18159704655408862 0.0015038637793622913 -0.49481450021266932 3.2386682033538823 0.44164605438709265 -0.030649879947304722 2.5000000000000004
decision_type=2 2 2 2 9 2 8 2 9 2 2 2 9 8 2 8 2 2 10 2 2 2 2 2 2 2 2 2 2 2
left_child=-1 2 4 6 11 9 -4 -8 -9 14 16 -2 -5 -11 15 20 17 18 29 -17 25 22 -14 27 26 -6 -16 -21 -19 -10
right_child=1 -3 3 12 5 -7 7 8 10 13 -12 -13 21 -15 24 19 -18 28 -20 23 -22 -23 -24 -25 -26 -27 -28 -29 -30 -31
leaf_value=-0.1047911472074919 -0.00081026832672099764 -0.057474768023606009 -0.04599956250468909 -0.0058009809285557616 0.006737395178125479 0.056948559065627583 -0.0275942411194295 -0.018669183560302081 0.018565024234004659 -0.0047317604035242208 -0.057747119801833571 -0.15756507333641201 0.0065952674357772217 0.066168605258156737 -0.051922709003141623 -0.14786321460453286 -0.0068038626721239536 -0.003642888853873847 -0.05586482589048504 -0.005529278913304906 0.047472001869961145 -0.042949152277089196 0.027412099921049371 -0.20341698776982706 -0.036266743028269065 -0.086834591187301191 0.020281447336007886 0.061582047853853975 0.059294949177568446 -0.02070432837362882
leaf_weight=15.08800170460381 211.28007189440177 41.583178790078819 49.246934780894662 223.55587890634342 146.50562146520679 47.049139720154926 131.7729245197188 201.41967607862898 137.69398726899817 11.680167864862595 11.720421730598899 1.9290863933274511 264.92119786038529 35.216889441391686 8.2550247231993108 1.077263728075194 138.44910607559723 11.98377724426973 10.179909000537007 9.4727920067380165 24.206953723041806 12.14056165741931 132.78842548922694 0.58698772650677611 30.902167328240466 4.2230124046909614 39.790783547927276 43.660551144741476 33.424371133674867 26.63189054679242
leaf_count=22467 27012 55589 17376 22613 12372 4781 45643 11052 6967 306 1735 678 25301 571 2392 144 9330 995 886 3728 2908 1589 9325 47 4814 408 4673 2959 1266 1447
internal_value=0 0.000436585 0.00163959 -0.00330606 0.0127697 0.02021 -0.0107544 -0.00828633 -0.00383446 0.0159172 0.00461906 -0.00212872 0.00554298 0.0485102 0.0109654 0.017965 0.00678767 0.0153444 0.00823009 0.0430245 0.0101152 0.0115894 0.0135457 0.0468524 -0.00940277 0.00411576 0.00787564 0.0496172 0.0426849 0.0122007
internal_weight=0 2043.35 2001.77 1385.93 615.837 402.627 752.523 703.276 571.503 355.578 370.083 213.209 633.406 46.8971 308.681 229.733 358.363 219.914 174.506 54.7976 174.936 409.85 397.71 53.7203 78.948 150.729 48.0458 53.1333 45.4081 164.326
internal_count=301374 278907 223318 155525 67793 40103 96697 79321 33678 35322 22626 27690 58828 877 34445 22566 20891 11561 9300 6878 15688 36215 34626 6734 11879 12780 7065 6687 2261 8414
cat_boundaries=0 2 4 6
cat_threshold=2167095853 5198507 3415343617 622922 2260600146 4331282
is_linear=0
shrinkage=0.1


Tree=38
num_leaves=31
num_cat=4
split_feature=13 156 170 157 160 237 157 167 12 170 237 237 156 157 67 96 218 237 156 157 85 7 196 170 217 157 156 160 157 233
split_gain=14.2515 11.8409 10.1032 10.9235 8.7862 7.05744 7.7239 6.08891 4.94021 4.93054 5.60857 5.21246 4.98974 5.13254 4.62436 4.52785 5.46719 4.2122 4.04849 5.2323 3.77085 3.82829 3.6619 3.58582 3.49384 3.45914 4.68503 3.37959 3.29684 3.18896
threshold=0.010666742455214264 1.0000000180025095e-35 0.42745165526866918 0.42933711409568792 1.0000000000000002 0 0.65611082315444957 3.5000000000000004 22.500000000000004 0.54266294836997997 1 2 0.12838828563690188 0.55911573767662059 3.2614589929580693 0.034488074481487281 -0.082976303994655595 3 0.25116822123527532 0.54983052611351024 35.500000000000007 0.12580749392509463 0.084725849330425276 0.60105058550834667 0.1220301352441311 0.63727831840515148 0.17512886226177218 1.0000000000000002 0.53720718622207653 -0.060265775769948952
decision_type=8 2 2 2 2 9 2 2 10 2 9 9 2 2 2 2 2 9 2 2 2 8 2 2 2 2 2 2 2 2
left_child=8 -2 17 -4 7 29 14 9 -1 11 24 25 28 -14 18 16 -8 -3 19 -7 -15 -22 -21 -12 -11 26 -5 -10 -13 -6
right_child=1 2 3 4 5 6 15 -9 27 10 23 12 13 20 -16 -17 -18 -19 -20 22 21 -23 -24 -25 -26 -27 -28 -29 -30 -31
leaf_value=-0.086938599593830546 -0.099209182413506319 -0.0083921458988708703 -0.039958372803388202 0.0069396551434698032 -0.042235175683727984 -0.018747142509535256 -0.071919823480053907 0.040031796095940236 -0.01176626499602389 -0.01872570605964664 0.013644543083548517 0.025928301842137555 -0.0028574897221894774 0.051754900126525921 -0.056550355465038997 0.051758630254666649 0.010420116136974503 0.042019909070598133 -0.024756416657274617 0.0013736467768525129 -0.012736910653072562 0.022524460209965472 0.046576646465369589 -0.039560053945354612 -0.15633059256880669 0.016525919479277919 -0.026391839451952566 -0.049962847413451937 0.067199949473269446 0.023995940944081293
leaf_weight=15.503504704382065 11.510898567437833 23.236795221419015 63.38180476501293 85.30670127121266 7.8851545760699073 142.47689634008566 8.9078636675840226 56.339252513149404 61.259320093307906 129.48906747207366 137.049132430584 75.781921678513754 149.86684269040416 33.854193447419675 26.783990260883002 23.422176676685922 85.107791544491192 75.94958906705142 194.36675799533259 99.813629359123297 38.312185192859033 156.81405157173867 21.843375735072186 13.957577479304744 1.8718379921338044 72.940307640004903 83.394811599013337 37.24911312066979 25.994050348555902 93.160889809361834
leaf_count=40339 16718 4498 37982 10807 1441 25146 377 5215 18785 13493 13083 14139 18109 758 9363 428 2021 5888 16023 4754 1674 4624 857 2683 456 1605 6392 14203 911 8468
internal_value=0 0.00191248 0.00251643 0.000829964 0.0022949 -0.00636867 -0.0104199 0.00804166 -0.0344676 0.00624768 -0.00495662 0.010628 0.0164683 0.0115298 -0.0161617 0.0124192 0.00261851 0.0336 -0.0138023 -0.00574154 0.0209463 0.015601 0.00948979 0.00818482 -0.0192231 -0.00160362 -0.00953722 -0.0262096 0.0364693 0.0171321
internal_weight=0 1938.82 1927.31 1828.12 1764.74 703.769 602.722 1060.97 114.012 1004.63 282.368 722.265 480.623 378.847 485.285 117.438 94.0157 99.1864 458.501 264.134 228.98 195.126 121.657 151.007 131.361 241.642 168.702 98.5084 101.776 101.046
internal_count=301240 227913 211195 200809 162827 68878 58969 93949 73327 88734 29715 59019 40215 25165 56143 2826 2398 10386 46780 30757 7056 6298 5611 15766 13949 18804 17199 32988 15050 9909
cat_boundaries=0 2 4 6 8
cat_threshold=1094715041 164928 2550465692 1151627 3810656933 869704 18352468 530113
is_linear=0
shrinkage=0.1


Tree=39
num_leaves=31
num_cat=5
split_feature=12 156 157 156 237 170 157 237 237 157 157 170 237 198 196 69 170 171 156 85 159 93 163 163 157 170 69 166 237 104
split_gain=12.7409 10.6783 8.48583 11.9135 10.2356 8.49463 9.01941 8.28914 7.73269 6.81174 6.04775 5.72419 5.28794 5.01601 4.95789 4.89227 5.10112 4.57779 4.19562 3.89743 4.73602 3.81699 3.75816 3.73393 3.7177 3.93609 3.43359 3.22643 3.19509 3.78054
threshold=22.500000000000004 1.0000000180025095e-35 0.68493673205375682 0.29198718070983892 0 0.5340806543827058 0.52939638495445263 1 2 0.5807817578315736 0.56404387950897228 0.57085710763931286 3 0.089442569762468352 0.045734440907835967 126.91276168823244 0.47228689491748815 0.44739343225955969 0.18237251043319705 130.50000000000003 0.93078854680061351 0.30615940690040594 -1.2178012132644651 1.0000000180025095e-35 0.63727831840515148 0.47981654107570654 126.98067092895509 0.97305694222450267 4 0.041123254224658019
decision_type=8 2 2 2 9 2 2 9 9 2 2 2 9 2 2 2 2 2 2 2 2 2 2 2 2 2 2 2 9 2
left_child=-1 -2 3 5 13 6 8 14 -3 -6 -7 -11 -12 26 18 28 23 22 21 24 -21 -8 -4 -17 25 -9 -5 -24 -10 -30
right_child=1 2 17 4 9 10 7 19 15 11 12 -13 -14 -15 -16 16 -18 -19 -20 20 -22 -23 27 -25 -26 -27 -28 -29 29 -31
leaf_value=-0.072649373385012692 -0.097283657148529407 -0.015102228290263461 0.068066880297239604 -0.032671364903136046 -0.02361641208201232 -0.026147251299006344 0.018096465789531866 0.049228154255752776 -0.02116046890595534 0.010472739171328448 0.027242359764046032 -0.02438373435687145 -0.0090496868510254614 0.0064404282116226732 0.026730313724337096 0.043413401847787941 0.0033466360374994155 0.0070209790908240498 -0.019237260003991549 0.071736568333825496 -0.30207997517086055 -0.11152581782046056 0.02822779058725991 -0.025422379609415059 0.091431915630753535 0.020848993904800463 -0.067424091481758805 -0.09369660829358753 0.02467820435977016 -0.071371275508969836
leaf_weight=24.17904362520494 11.133752395227928 198.54398215658875 28.033585869707167 75.730530744549469 134.0891700516695 133.21585534078258 66.757623768236954 82.279540156872827 55.500125256912725 237.26598178615677 48.052616992878029 58.786954379436793 120.96114501051488 21.744777449493995 73.371497226384236 82.891418074592366 89.985405035622534 106.95173873502063 87.994402537951828 0.61648047690687124 0.7527620394830592 2.3517898738355134 55.911065845022677 8.7080612755235034 11.249772370152639 120.37110597462743 45.516735760145821 2.2580584657844147 39.841573573656206 4.567735138552961
leaf_count=55239 18273 55050 378 3979 21123 40867 2848 2201 11895 9867 2605 4613 8345 1428 2806 8408 20917 2872 3829 98 38 199 1139 5411 176 7281 2929 47 5912 741
internal_value=0 0.000377545 0.000922767 -0.00121337 -0.0131181 0.00434276 0.00909485 0.0193379 -0.000416449 -0.00480601 -0.0102137 0.00355132 0.00234497 -0.0353162 0.00504943 0.0101188 0.020257 0.0208421 -0.00475469 0.032874 -0.133775 0.0136854 0.0379899 0.0368694 0.0354776 0.0323714 -0.0457177 0.0234948 -0.00729461 0.0120791
internal_weight=0 2005.44 1994.3 1801.15 573.134 1228.01 925.783 445.745 480.038 430.142 302.23 296.053 169.014 142.992 230.475 281.494 181.585 193.154 157.104 215.27 1.36924 69.1094 86.2027 91.5995 213.9 202.651 121.247 58.1691 99.9094 44.4093
internal_count=301514 246275 228002 223566 43939 179627 127810 19476 108334 35603 51817 14480 10950 8336 9682 53284 34736 4436 6876 9794 136 3047 1564 13819 9658 9482 6908 1186 18548 6653
cat_boundaries=0 2 4 6 8 10
cat_threshold=2290223110 4784937 2987559631 133311 2220444209 6280587 105056289 827488 52606092 608
is_linear=0
shrinkage=0.1


Tree=40
num_leaves=31
num_cat=3
split_feature=156 10 237 6 163 160 11 168 211 187 5 237 163 125 192 237 140 130 95 124 156 171 175 174 118 134 98 204 124 111
split_gain=11.7024 10.7428 10.1032 7.0016 6.29145 6.11753 5.14768 5.05892 5.53206 4.15929 4.03656 5.05525 3.96005 3.60875 3.31115 3.3001 3.54885 3.23697 3.83948 3.55599 3.09964 3.08395 3.03958 2.97565 2.97419 3.03302 3.5527 3.10675 2.89158 2.88337
threshold=1.0000000180025095e-35 1264.0000000000002 0 1.0000000180025095e-35 -1.7881804108619688 2.0000000000000004 0.021840957924723629 3.117894291877747 -0.067148674279451356 -0.0235851751640439 0.090593434870243086 1 0.65128991007804882 0.030446157790720466 -0.033719943836331361 2 -0.016136371530592438 -0.0071915839798748485 0.017913463525474075 0.013752704951912166 0.055815160274505622 0.15897983312606814 -0.15715701133012769 0.37383860349655157 0.065801173448562636 0.025672261603176597 -0.045936541631817811 -0.018547224812209603 0.019520828500390056 -0.08291588723659514
decision_type=2 10 9 8 2 2 10 2 2 2 10 9 2 2 2 9 2 2 2 2 2 2 2 2 2 2 2 2 2 2
left_child=-1 2 4 -4 -2 6 24 8 -6 -7 12 13 14 -12 23 16 -16 -11 19 -19 -13 28 -9 -5 -3 26 -26 -28 -10 -17
right_child=1 5 3 10 7 9 -8 22 21 17 11 20 -14 -15 15 29 -18 18 -20 -21 -22 -23 -24 -25 25 -27 27 -29 -30 -31
leaf_value=-0.10241169870063445 0.032668269570242971 0.013234155862316377 -0.034098967255651369 0.014923577991349593 0.0018884599040065151 -0.076286245027213484 0.034758727649040221 -0.10250018579248399 -0.019045310219452008 0.021227216970532252 0.010383605275887092 -0.012605213932915109 -0.055833938013829992 -0.028559929363441757 -0.031821910176991847 -0.076280051588461698 -0.0033208297383706033 -0.048471576868060764 -0.0032166805817458208 -0.23281915360272834 0.03362141132784912 -0.067945066062823953 -0.0083821397108454869 -0.035293529891024918 0.051268092714666903 -0.18920794516134365 -0.10104159017062966 0.028079064271589994 -0.06183703174750102 0.013882358550316595
leaf_weight=11.051129947503794 30.823889257590054 134.6400020737201 45.212052811602916 220.78849907877157 40.56196617661044 9.4751342175295559 153.53855081531219 3.4534484954565405 57.425732798499666 22.732616092194803 84.948401471927355 16.160449299561151 11.71019000612432 33.0537545770203 55.821728138333128 3.6579146553704041 200.99477465788368 2.8626672305399543 9.1906318734399957 1.6491865202551705 141.6272453587444 31.167360415507574 536.67602760198133 12.466161042684687 4.4521749101113519 1.1700145727954794 5.7266591850202513 2.7622787010623142 21.78053623388405 116.87059884154587
leaf_count=22530 1190 3868 46560 24203 7345 339 3646 1460 12646 571 9951 7276 11497 4012 6809 554 20833 110 277 53 17264 8420 67290 804 116 38 172 103 5093 16340
internal_value=0 0.000774765 -0.00256545 0.00425372 -0.0113776 0.0167487 0.0219143 -0.0135068 -0.0296922 -0.0172632 0.00623183 0.0163025 0.0017688 -0.000483915 0.00287352 -0.00291619 -0.00915919 -0.00191391 -0.0403054 -0.115855 0.0271653 -0.0412979 -0.00898391 0.0122398 0.00865645 -0.0350213 -0.0210812 -0.0590261 -0.0308124 0.0102921
internal_weight=0 2013.4 1665.2 943.312 721.889 348.2 302.29 691.065 150.936 45.9102 898.1 275.79 622.31 118.002 610.6 377.345 256.817 36.4351 13.7025 4.51185 157.788 110.374 540.129 233.255 148.751 14.1111 12.9411 8.48894 79.2063 120.529
internal_count=301370 278840 269547 166103 103444 9293 7943 102254 33504 1350 119543 38503 81040 13963 69543 44536 27642 1011 440 163 24540 26159 68750 25007 4297 429 391 275 17739 16894
cat_boundaries=0 2 4 6
cat_threshold=2157576962 6243211 1627693076 5184 392206493 40992
is_linear=0
shrinkage=0.1


Tree=41
num_leaves=31
num_cat=2
split_feature=12 170 157 170 157 156 157 234 12 203 157 234 8 126 9 79 125 195 143 8 211 121 177 63 93 157 231 179 156 165
split_gain=10.7566 9.5787 9.62346 6.95921 8.11602 8.95662 6.70725 5.88871 5.41703 4.62465 4.4591 4.42803 4.36924 4.30719 4.19197 4.11757 3.59869 3.59822 3.57971 3.57163 3.56793 3.74368 3.46905 3.47495 3.43027 4.16557 4.02618 3.58391 3.6262 4.06439
threshold=22.500000000000004 0.53199100494384777 0.40495429933071142 0.45801669359207159 0.61253345012664806 0.2323504984378815 0.5807817578315736 0 534.50000000000011 0.19652505218982699 0.55911573767662059 1 0.3060381561517716 -0.0082939798012375814 0.022111671045422557 0.26172162592411047 -0.017766301520168778 -0.053377263247966759 0.0014362468500621619 0.098570190370082869 -0.025002077221870419 0.051223250105977065 0.10555268451571466 -0.067948043346405015 0.30615940690040594 0.65611082315444957 0.013782491441816093 0.37189577519893652 0.26209992170333868 83.500000000000014
decision_type=8 2 2 2 2 2 2 1 10 2 2 1 10 2 10 2 2 2 2 8 2 2 2 2 2 2 2 2 2 2
left_child=-1 2 -2 9 5 10 15 13 24 -4 12 20 -5 -7 -13 -3 -11 -16 -18 22 -6 -22 23 -12 25 27 -26 28 29 -8
right_child=1 6 3 4 11 7 8 -9 -10 16 19 14 -14 -15 17 -17 18 -19 -20 -21 21 -23 -24 -25 26 -27 -28 -29 -30 -31
leaf_value=-0.069593428221335407 -0.037048543491755868 -0.013052930244835385 0.026260278339686804 -0.0031219267937303906 0.022228691837631247 0.013916529827932728 -0.0067622701781873094 -0.033543051433366597 0.037121329728706652 -0.15239457925649658 0.0067676364055141288 0.043819888021747272 0.028034217924718208 -0.019288682447786833 0.044015010909205163 -0.042175996581951557 0.045150300078879942 -0.018594976701564608 -0.049957863572879048 0.028842948142747672 -0.017998602908633601 0.038324306921169969 0.033641010167475803 -0.11832165587734517 -0.011967462311001846 0.01495382283566124 -0.07478287464124822 -0.18178192431778353 -0.018775414864351553 0.039708900528939786
leaf_weight=21.694789129956916 50.320058216020698 133.42662174075667 233.45265624684544 340.31733849475859 68.502103526028804 76.805788770790969 61.718810513266362 103.91518338517926 33.08909535780549 2.0042828742007286 4.0036142515309612 97.885698251324357 51.871624238101504 79.498143676064501 14.755167960902325 76.314726125430752 6.7762666313501567 24.289441720407922 9.5132872872345597 111.13472150517919 70.0134616632713 14.193718629190696 6.4152238007227416 4.9871480249712468 37.52029615745414 106.46306614085915 14.015285803892764 1.195764161297119 130.80323459865758 27.077242820480024
leaf_count=55310 35507 39038 20259 62701 1692 8653 3702 8230 417 215 279 2106 8143 9537 302 19647 312 585 598 3288 2874 441 251 457 1359 2924 933 65 9683 1524
internal_value=0 0.0012032 0.00587278 0.00750858 0.00398475 -0.00132948 -0.00909303 -0.0164692 -0.00168055 0.0224662 0.00626532 0.0182767 0.000998841 -0.00279335 0.0305392 -0.0236494 -0.0259516 0.00506567 -0.010394 0.0225878 0.00495689 -0.00850498 -0.0225353 -0.062619 -0.00507005 -0.0012937 -0.0290503 -0.00912794 -0.00818781 0.00740853
internal_weight=0 1992.28 1370.65 1320.33 1068.59 778.949 621.624 260.219 411.883 251.746 518.73 289.64 392.189 156.304 136.93 209.741 18.2938 39.0446 16.2896 126.541 152.709 84.2072 15.406 8.99076 378.794 327.258 51.5356 220.795 219.599 88.7961
internal_count=301032 245722 166430 130923 109539 101539 79292 26420 20607 21384 75119 8000 70844 18190 2993 58685 1125 887 910 4275 5007 3315 987 736 20190 17898 2292 14974 14909 5226
cat_boundaries=0 1 2
cat_threshold=771 2092
is_linear=0
shrinkage=0.1


Tree=42
num_leaves=31
num_cat=4
split_feature=157 170 157 237 237 13 159 160 170 181 237 231 188 121 147 159 204 237 178 5 158 2 135 108 121 181 166 151 67 170
split_gain=10.3702 9.18274 7.87761 9.39582 6.43117 6.0817 4.5954 5.73824 4.58625 4.22095 5.0967 4.37538 4.16467 4.30292 4.40368 5.24143 4.2896 4.09106 3.83951 3.65424 3.47723 3.42417 3.39198 3.37141 3.3392 3.50208 3.31428 3.24787 3.13465 3.08887
threshold=0.41573250293731695 0.49815694987773901 0.62342819571495067 0 1 0.013449953868985178 1.7810884118080141 1.0000000000000002 0.41605599224567419 -0.057815723121166222 2 -0.048479273915290826 -0.071322940289974199 -0.015938950702548024 0.0077641052193939694 1.4212169647216799 0.11423053592443468 3 -0.0023993925424292679 0.15452449023723605 0.22500000149011615 0.028039832599461082 0.044035859405994422 0.010243215598165991 0.10120416432619096 -0.0074250679463148108 0.89937931299209606 -0.020584319718182083 1.3562090992927553 0.60105058550834667
decision_type=2 2 2 9 9 8 2 2 2 2 9 2 2 2 2 2 2 9 2 10 2 10 2 2 2 2 2 2 2 2
left_child=-1 4 5 -4 20 -3 7 17 -6 11 24 22 13 14 15 23 29 -7 -8 -16 26 -12 -10 28 25 -11 -2 -20 -5 -14
right_child=1 2 3 12 8 6 18 -9 9 10 21 -13 16 -15 19 -17 -18 -19 27 -21 -22 -23 -24 -25 -26 -27 -28 -29 -30 -31
leaf_value=-0.03877831120597186 -0.026704421951704416 -0.046254007200656755 -0.011079957053896127 -0.077154491981027862 0.051625043705390096 0.0066204555208156301 -0.010380258639437461 -0.023558828890259557 0.0033356266400996954 -0.052061567457083235 0.039147384638102814 0.036455681044164183 0.040122651509408115 0.02539453680319544 0.019166714853625626 -0.19878809446606788 -0.015558145075606237 -0.013292749448622927 0.074547745755893235 -0.1627609684442507 0.0088096374937984417 0.0084473970983005957 -0.14751833941797349 -0.15374624049423724 -0.095767628634705823 0.00073889662757088486 0.0035609694370265753 0.01628738352491323 0.014223952317297384 -0.015758145274312796
leaf_weight=67.417073999204149 80.829077242520725 44.643641110020326 169.23689223290421 6.0296391102747355 35.469932225947559 191.4940843711156 37.984184869957971 234.87490261799758 34.709369086369406 15.680373898150718 48.345421444470048 121.00953517871676 125.75743007716665 40.46216537473083 21.888378252071565 2.2223691271647104 18.522255777374085 204.40287301041826 13.131620415369978 1.1627257235813875 141.99405030215712 146.19671432774703 1.5574059454957012 2.1463237825955721 4.7884959121438433 63.160715647543839 65.50499874491652 35.266387578638387 9.9472246831573994 10.736284692095067
leaf_count=58161 14665 36520 6747 187 2359 28012 1612 43837 4085 2562 9345 12013 4063 1557 643 60 944 33444 311 107 15905 10370 230 99 485 5954 4068 1173 376 1084
internal_value=0 0.00112126 -0.00443673 0.00677445 0.00968547 -0.0104428 -0.00821351 -0.0111758 0.016693 0.0142309 0.00682787 0.0273246 0.0190886 0.00193546 -0.0199373 -0.0538444 0.0295993 -0.00382933 0.0134176 0.00999006 -0.00226032 0.0152906 -0.0031425 -0.0360706 -0.0131183 -0.00976237 -0.0131564 0.0320949 -0.0202621 0.0357272
internal_weight=0 1929.16 1169.91 408.112 759.246 761.798 717.154 630.772 470.918 435.448 278.172 157.276 238.875 83.8588 43.3967 20.3456 155.016 395.897 86.3822 23.0511 288.328 194.542 36.2668 18.1232 83.6296 78.8411 146.334 48.398 15.9769 136.494
internal_count=300978 242817 160776 15867 82041 144909 108389 105293 47403 45044 28716 16328 9120 3029 1472 722 6091 61456 3096 750 34638 19715 4315 662 9001 8516 18733 1484 563 5147
cat_boundaries=0 2 4 6 8
cat_threshold=2149057557 590074 3226190347 6169307 278921600 65792 1497420390 1486909
is_linear=0
shrinkage=0.1


Tree=43
num_leaves=31
num_cat=6
split_feature=156 168 237 170 157 156 11 157 156 237 10 237 170 237 221 208 237 237 68 209 157 63 158 217 210 150 85 141 215 92
split_gain=9.74231 8.95029 8.29692 7.76888 5.90188 6.13308 6.99381 6.69628 5.96612 5.6662 4.94253 4.46922 6.37935 4.39733 4.33088 4.58817 4.28314 4.16247 4.13264 4.12148 4.06122 3.78943 3.74223 3.71059 3.77071 3.58202 3.62689 3.31364 3.30098 3.54705
threshold=1.0000000180025095e-35 3.1929403543472294 0 0.46898615360260015 0.63727831840515148 0.18976429104804995 0.045852446928620345 0.51456367969512951 0.2323504984378815 1 606.00000000000011 2 0.5340806543827058 3 -0.10343456640839575 0.020538189448416237 4 5 37.584133148193366 0.11291198804974557 0.54545071721076976 -0.45419229567050928 0.22500000149011615 -0.0072032958269119254 0.15205465257167819 -0.040283266454935067 71.500000000000014 0.026445917785167698 -0.089612100273370729 0.93609941005706798
decision_type=2 2 9 2 2 2 8 2 2 9 10 9 2 9 2 2 9 9 2 2 2 2 2 2 2 2 2 2 2 2
left_child=-1 2 23 9 5 7 16 13 -6 20 22 25 -13 -5 -14 19 28 -9 -11 27 -3 -8 -4 -2 -25 26 -10 -16 -7 -30
right_child=1 3 10 4 8 6 21 17 11 18 -12 12 14 -15 15 -17 -18 -19 -20 -21 -22 -23 -24 24 -26 -27 -28 -29 29 -31
leaf_value=-0.10173821837847496 0.017300038362319144 -0.023322523544537586 -0.044546533253018342 -0.025831941812671899 0.063774119705956672 -0.11650844255349289 -0.050065390598890064 -0.0052509542084261292 -0.029749175547365472 0.040240095452547468 -0.0050911169446415522 0.048826854632267117 0.077751956427761698 0.0059874046767606215 -0.008406289254529558 0.03173468180476758 -0.0053463781110661829 0.023019092882145969 0.012672747940024896 -0.2394512451662871 0.019408138362704368 0.0041579356905439725 -0.018041375521356484 -0.014539842316796489 0.056953836451964363 -0.0034282182494858003 -0.19223558444758101 -0.11644354526999603 -0.031160857479413714 -0.092052798974605582
leaf_weight=9.3718216101678973 124.43570624558924 48.574148356143269 88.553696661787399 78.713135460180638 21.973981121060206 5.5965217381308312 13.826007582574674 73.413426032959251 4.3301658915588623 122.62080789273386 149.5936819082126 52.134345597994979 7.5702114448940838 83.187770936408924 54.222122275357833 28.500536902960448 81.630617255210382 175.96320975237541 97.71398031123681 0.82298613956663658 41.029753804476059 190.06930240695874 133.68456570926355 90.242408101588808 8.0338984666741435 86.17195574548532 2.0120349895732943 2.9958110862353342 90.329071272022702 10.699533430110021
leaf_count=22460 19187 12417 31270 41233 368 696 1523 6399 124 11815 6708 1079 143 23462 1108 1118 10488 12746 9324 106 1225 19178 34900 19751 877 2512 63 181 7017 1037
internal_value=0 0.000461624 -0.00978905 0.00489687 0.000838947 -0.0034035 -0.0123511 0.00512798 0.0139117 0.0188296 -0.0186423 0.00932264 0.0194366 -0.0107083 0.00522081 -0.00112385 -0.0262493 0.0154092 0.0267983 -0.0172588 -0.00337899 0.000481087 -0.0286027 0.00557854 -0.00869537 -0.0079113 -0.0812973 -0.0140629 -0.038171 -0.0376097
internal_weight=0 1968.65 594.544 1374.1 1064.16 803.429 392.151 411.278 260.734 309.939 371.832 238.76 146.246 161.901 94.1117 86.5415 188.256 249.377 220.335 58.0409 89.6039 203.895 222.238 222.712 98.2763 92.5142 6.3422 57.2179 106.625 101.029
internal_count=300515 278055 112693 165362 130581 123779 39939 83840 6802 34781 72878 6434 3735 64695 2656 2513 19238 19145 21139 1395 13642 20701 66170 39815 20628 2699 187 1289 8750 8054
cat_boundaries=0 2 4 6 8 10 12
cat_threshold=1946722442 4503821 537447995 5124505 351928455 4260440 2390353832 1564930 2319878226 590739 2023760260 1513222
is_linear=0
shrinkage=0.1


Tree=44
num_leaves=31
num_cat=0
split_feature=168 156 170 158 157 7 156 157 233 11 11 157 175 158 160 69 195 156 172 160 157 198 76 232 117 112 224 214 157 170
split_gain=9.43198 7.23705 6.39247 5.95611 4.65066 4.62495 4.42319 6.43895 6.35675 4.3822 3.88577 3.75974 3.49792 3.61502 3.45443 3.44428 3.18175 3.61567 3.76925 3.52417 3.32075 3.30822 3.28209 3.34746 3.15336 3.12497 3.50431 3.11981 3.09449 3.08059
threshold=3.1570253372192387 1.0000000180025095e-35 0.48162244260311132 0.29166667163372045 0.43761076033115393 0.12129970267415048 0.20483683049678805 0.53720718622207653 -0.0018978472216986118 0.010349444113671781 0.052770815789699561 0.62342819571495067 0.22792105376720431 0.18333333730697635 1.0000000000000002 2.1699339151382451 -0.11824076250195502 0.49321225285530096 0.021142497658729557 1.0000000000000002 0.68493673205375682 0.11302877590060235 1.0000000180025095e-35 -0.038992598652839654 0.013835545629262926 0.039175016805529601 0.030969893559813503 -0.0036329304566606875 0.59522119164466869 0.44583775103092199
decision_type=2 2 2 2 2 8 2 2 2 10 10 2 2 2 2 2 2 2 2 2 2 2 2 2 2 2 2 2 2 2
left_child=3 -2 4 9 -3 -4 28 10 -9 -1 -8 -11 13 -7 -5 -10 24 19 20 21 -19 -18 23 -22 -15 -17 -27 -24 29 -6
right_child=1 2 5 14 6 12 7 8 15 11 -12 -13 -14 16 -16 25 17 18 -20 -21 22 -23 27 -25 -26 26 -28 -29 -30 -31
leaf_value=-0.040918838391570171 -0.10029698161735034 -0.010475023521506734 -0.016388115385349285 0.0086923985275406557 0.04574687848477909 -0.0089565539450507155 -0.034790127621203849 -0.0033734761264380807 -0.033029511193838179 -0.021912782530964865 0.033556192521548116 0.0120920480335878 0.044380988433347736 0.035173374972033572 -0.016069260748567449 0.053797851164755418 0.0093733621041194645 -0.051456202667349848 0.022270567599562446 -0.0042556396808766522 -0.095200941060518365 0.042525979075727888 0.015041386076983014 0.047779587147295237 -0.010165443615415215 -0.09391420175597974 0.12006326340337597 -0.083588350050732674 0.082381186064662854 0.017736001722916644
leaf_weight=86.719473688579455 6.6453420740144784 65.564586796168442 149.08381448953878 148.48724454467811 54.761041385314456 230.73704389028717 43.95223963240278 63.905273598429631 5.7722049954754757 129.45888836521772 10.260469793814989 43.419523192147608 19.661311499337899 62.191776592240785 90.786856730912405 56.78056399050547 232.40662507294473 31.673081081920827 18.547266060922993 186.2449783429438 1.8844941584393371 34.577648487618717 5.7181428598996717 12.489330822194463 20.363019280252047 2.9298682099615685 1.0359898529204654 7.3031883116927911 10.122783989616435 138.72882674255743
leaf_count=34855 17103 27319 41037 22881 3988 30371 4850 2252 377 23298 1470 1527 1437 4946 16962 1846 22161 2321 608 21311 54 3768 142 236 2097 128 44 191 114 11691
internal_value=0 0.00382454 0.0042963 -0.0120841 0.0141592 -0.0001227 0.0183192 0.00711052 0.0191504 -0.0225743 -0.0218547 -0.0133723 0.00268457 0.00171339 -0.000702823 0.0407893 0.005727 0.00288681 -0.0170564 0.00630208 -0.029405 0.013667 -0.0039103 0.029034 0.0239901 0.0478036 -0.0380175 -0.0402764 0.0284833 0.0256636
internal_weight=0 1473.34 1466.7 498.872 453.814 1012.88 388.249 184.637 130.424 259.598 54.2127 172.878 863.798 844.137 239.274 66.5186 613.4 530.845 77.6155 453.229 59.0682 266.984 27.3952 14.3738 82.5548 60.7464 3.96586 13.0213 203.613 193.49
internal_count=301385 201862 184759 99523 54079 130680 26760 10967 4647 59680 6320 24825 89643 88206 39843 2395 57835 50792 3552 47240 2944 25929 623 290 7043 2018 172 333 15793 15679
is_linear=0
shrinkage=0.1


Tree=45
num_leaves=31
num_cat=4
split_feature=13 160 236 237 16 237 237 68 157 93 157 67 212 219 141 90 170 8 125 155 233 202 131 8 155 10 9 181 218 195
split_gain=8.63705 8.09227 6.44485 6.34528 6.23013 5.78248 5.64654 4.61471 4.17423 4.05324 4.04178 4.02145 3.93247 3.88145 3.58193 3.46252 3.33411 3.21169 3.17944 3.03105 3.14929 2.92291 2.87239 2.81603 2.80818 2.75992 2.90052 3.0328 2.91597 2.70947
threshold=1.0000000180025095e-35 1.0000000000000002 0 1 1.0000000180025095e-35 2 3 35.00377273559571 0.5807817578315736 0.19205224514007571 0.56404387950897228 3.5393313169479375 -0.11205401271581648 0.022102766670286659 -0.025025078095495697 2.383036851882935 0.39896512031555181 0.10322617739439012 0.03618156164884568 0.01914060860872269 0.050662407651543624 -0.020870330743491646 -0.057902820408344262 0.16479177772998813 -0.023078859783709046 1073.5000000000002 0.019417678937315944 0.41372723877429968 0.15488236397504809 0.03228843770921231
decision_type=8 2 9 9 2 9 9 2 2 2 2 2 2 2 2 2 2 8 2 2 2 2 2 8 2 10 10 2 2 2
left_child=-1 2 5 7 21 -2 11 -4 -8 16 -9 17 -12 -10 -15 -16 -5 18 -6 25 -21 22 -3 24 -24 26 28 -28 -18 -14
right_child=1 4 3 9 6 -7 8 10 13 -11 12 -13 29 14 15 -17 19 -19 -20 20 -22 -23 23 -25 -26 -27 27 -29 -30 -31
leaf_value=-0.058809913821836035 -0.00018121490091553102 0.077422425119856864 -0.046263189802157843 0.071447773252751756 -0.048907532446789914 0.028950623906229156 -0.0047986907240889966 -0.017658988868074297 0.030336192495272793 0.035862299573591543 0.055536637981090986 -0.056218370523797856 0.0078583000438975214 -0.065780661874856414 0.019241429316760886 -0.065844743870192721 0.0098377895255099129 -0.0078045891754972511 0.014563904787870931 -0.027273710377717676 0.033226560607324707 -0.069748105597216753 0.027781499649359609 -0.0062248115812527684 -0.13324992565402535 0.031848407729128073 -0.012862871910223504 -0.13666373485091277 -0.12593126116744893 -0.015725534852771027
leaf_weight=25.017939839290193 115.3540174758964 2.7529494311384068 29.220685455191415 7.6341533435188458 37.829883919519489 181.60179718599102 212.31937542546075 153.30614329221862 86.611711239471333 51.026874242408667 13.546415542194152 21.367934480495023 146.57294123273459 8.1035794841009174 33.847600476103253 5.5697197292465708 255.0882784890091 307.65624119937638 9.9726385832618671 47.723440260146162 10.496315250245969 22.262427767258487 1.4659930810230433 12.817189494922784 4.1445313407675739 43.499554608628387 42.596900593016471 2.075171310134464 1.5917817704612378 72.963969533229829
leaf_count=59782 11270 256 5073 1327 4619 19594 38097 29306 2874 12869 269 7362 5728 429 1101 212 34401 33914 1116 6635 1767 6107 272 3377 1006 1027 7670 188 283 3230
internal_value=0 0.00032418 0.00554153 0.00110795 -0.00766663 0.017997 -0.00545741 -0.00775906 0.00381565 0.00908453 -0.005048 -0.0137202 0.00324665 0.0177358 -0.00522969 0.00721864 0.0059788 -0.0115514 -0.035666 0.00473882 -0.0163662 -0.0444475 -0.0178548 -0.0320884 -0.0911735 0.00830189 0.004903 -0.0186138 0.00899583 2.01183e-05
internal_weight=0 1941.02 1174.3 877.343 766.722 296.956 723.279 415.61 346.452 461.732 386.389 376.827 233.083 134.133 47.5209 39.4173 410.706 355.459 47.8025 403.071 58.2198 43.4431 21.1807 18.4277 5.61052 344.852 301.352 44.6721 256.68 219.537
internal_count=301161 241379 140637 109773 100742 30864 89724 43606 42713 66167 38533 47011 9227 4616 1742 1313 53298 39649 5735 51971 8402 11018 4911 4655 1278 43569 42542 7858 34684 8958
cat_boundaries=0 1 3 5 7
cat_threshold=9 3625634185 722922 3277210273 4916408 2313035800 6254875
is_linear=0
shrinkage=0.1


Tree=46
num_leaves=31
num_cat=7
split_feature=160 237 236 168 237 237 166 157 164 66 157 7 158 237 237 213 237 228 157 119 204 95 88 106 73 6 158 90 166 154
split_gain=8.28822 5.32371 5.20575 4.31576 4.28361 4.25956 3.89297 3.85396 5.02019 3.83346 3.74104 3.62657 3.09875 3.21062 3.00074 2.8989 2.87777 2.86477 3.71631 2.85652 3.10556 2.74516 2.60739 2.60242 2.5966 2.58476 3.05669 2.66083 2.62971 2.63724
threshold=1.0000000000000002 0 1 3.1570253372192387 2 3 0.47409322857856756 0.56913721561431896 4.6774799823760995 8.1687545776367205 0.52189406752586376 0.084219858050346388 0.29166667163372045 4 5 0.091270081698894515 6 -0.032764587551355355 0.62342819571495067 -0.035753013566136353 -0.0079261972568929178 -0.15165444463491437 0.57699900865554821 -0.084270797669887529 0.10174504667520524 0.13125512748956683 0.36666667461395269 2.0449495315551762 0.10062068700790407 0.0097802663221955317
decision_type=2 9 9 2 9 9 2 2 2 2 2 8 2 9 9 2 9 2 2 2 2 2 2 2 2 8 2 2 2 2
left_child=2 10 4 6 -1 11 -3 14 15 12 -2 -4 16 -14 22 -9 24 18 -13 20 -10 -20 -7 -8 -5 -19 28 -28 -27 -30
right_child=1 3 5 9 -6 7 23 8 19 -11 -12 17 13 -15 -16 -17 -18 25 21 -21 -22 -23 -24 -25 -26 26 27 -29 29 -31
leaf_value=-0.0079679196144316067 -0.014236394390321337 -0.0580526037920071 -0.041207862808057411 -0.010537884482037263 0.021094232843408434 -0.10399314432562928 -0.1088851583751245 -0.0012076345615347551 0.061734766230716567 -0.05605721759922571 0.013097191606332209 -0.0029681246001938364 -0.011139628827059593 0.014792210214819078 0.011578193683466425 0.095616668250532139 -0.025169114051841024 -0.0026058183171544999 -0.12063573243788495 0.054431636274529474 -0.078487514007756942 0.033552764328401229 -0.008369573323018166 -0.015690467563799045 0.026720156103264472 0.029923046780035562 -0.013471599478755994 0.04804147436330064 -0.021645131239350215 -0.059833156491364316
leaf_weight=62.117156924086885 75.195534672837312 37.754966212001818 27.142479902806372 85.531549654269838 243.29375527623961 2.9276530368733793 3.1148887579474822 57.153702824325592 2.8240731002297252 17.302170107737766 149.87087669652828 108.71597903956717 84.663361040700693 86.857143168570474 127.09498566889488 3.2690424854663425 122.80845628239695 228.15069111704361 1.1825302129145701 47.584074647747912 3.5838033475738476 49.041404726711335 109.64458155240209 78.745058317941584 23.941124634562584 6.4575021451018975 24.563688743859529 9.8526735991908918 46.340659452005639 29.65775793492503
leaf_count=8799 29748 17362 18706 10800 31396 804 513 5562 47 9192 11771 15662 7718 9383 30107 443 17592 23487 65 870 78 1191 23095 8906 2762 867 2330 935 6789 3962
internal_value=0 -0.00923247 0.0041034 -0.0144583 0.0151181 0.0001308 -0.0314884 0.00849224 0.0238317 -0.00996423 0.00379626 -0.0054976 -0.00798923 0.00220508 0.00152369 0.00403084 -0.0155169 -0.0036834 0.00742505 0.0459909 -0.0166889 0.0299224 -0.00997073 -0.0192367 -0.00218971 -0.00880067 -0.0208939 0.00413829 -0.0313421 -0.0365477
internal_weight=0 765.785 1190.6 540.719 305.411 885.187 119.615 354.082 114.415 421.104 225.066 531.105 403.802 171.521 239.667 60.4227 232.281 503.963 158.94 53.992 6.40788 50.2239 112.572 81.8599 109.473 345.023 116.872 34.4164 82.4559 75.9984
internal_count=300942 125747 175195 84228 40195 135000 26781 61006 7000 57447 41519 73994 48255 17101 54006 6005 31154 55288 16918 995 125 1256 23899 9419 13562 38370 14883 3265 11618 10751
cat_boundaries=0 2 3 5 7 9 11 13
cat_threshold=1924194982 175168 9 3256107618 525448 2959050905 615402 2215184720 4199075 1291862784 1442817 2231966024 4131
is_linear=0
shrinkage=0.1


Tree=47
num_leaves=31
num_cat=3
split_feature=163 156 175 160 237 67 170 237 228 202 124 74 206 100 164 86 237 153 208 137 111 194 117 11 216 103 79 86 189 51
split_gain=7.74867 6.91262 6.24944 5.42554 6.01241 4.17942 4.16313 5.41463 3.82675 3.78523 5.50767 3.67202 3.76942 3.58375 3.47718 3.52073 4.05723 3.34257 3.82311 2.99758 2.96713 3.60683 2.93448 3.10785 2.92777 2.91139 3.48663 3.73028 3.92326 3.85542
threshold=0.8946710228919984 1.0000000180025095e-35 0.22792105376720431 2.0000000000000004 0 4.7833297252655038 0.53965613245964061 1 -0.08986762166023253 -0.017217381857335564 -0.034604670479893677 0.13759297132492068 0.039043935015797622 0.12009619921445848 5.3589394092559823 -0.95708391070365895 2 -0.02635000646114349 -0.019100355915725228 -0.015479451045393942 0.033469785004854209 0.091787129640579238 -0.082787748426198945 0.01894810609519482 0.14640901237726214 -0.028851672075688835 0.4403389841318131 -0.95708391070365895 0.18910895287990573 1.0000000180025095e-35
decision_type=2 2 2 2 9 2 2 9 2 2 2 2 2 2 2 2 9 2 2 2 2 2 2 10 2 2 2 2 2 2
left_child=1 -1 3 5 -5 6 7 11 -8 13 -11 12 17 19 15 16 22 18 -3 -10 -21 -22 -9 -24 -6 -16 27 -27 29 -29
right_child=-2 2 -4 4 24 -7 8 14 9 10 -12 -13 -14 -15 25 -17 -18 -19 -20 20 21 -23 23 -25 -26 26 -28 28 -30 -31
leaf_value=-0.098434823355374901 -0.064698117507847347 0.022176930608381183 0.037627653674685242 0.010005180000547856 -0.027322870678837281 -0.027910876776737998 0.026873712866440552 -0.11932124282938883 0.013413101380166229 -0.047374306442228876 -0.0086297866860289233 0.0240965816262044 0.019147186844584302 0.041759888910605253 0.029864082791123112 0.00088816255853763732 -0.035945412618798474 0.0031590430054828107 -0.07727255545947917 -0.0030882972717392854 -0.021431206113883352 -0.10899086123635193 -0.018937460031669247 0.021682827756413153 -0.1160838047085145 0.014349997466529428 0.051478286351705906 -0.041153043103137416 0.059869092519412241 0.0032980376244597601
leaf_weight=6.949266836498281 18.05086236860916 5.9354792905141975 46.676862614192942 59.995529205851199 113.59237247164856 44.578213211458205 34.458786785144184 2.0609139152365961 70.46092561937985 45.926000587576709 182.44047148575555 192.83626499492675 173.5420801167129 20.965387322437891 50.510593944534776 215.1748229891964 62.386277749290457 258.85412436505794 11.084419914841417 68.122405622565566 18.829268983929072 6.2715006669750428 37.207389583694749 38.145875058689853 3.8418407437566193 78.878755321013159 13.521972489455946 44.885502663251827 6.3477060967707066 34.517333291165414
leaf_count=19596 36692 913 5752 6889 15059 18085 4880 298 8439 5553 22304 28996 22236 2497 1768 30951 10837 27954 1254 9024 2705 681 6185 3998 286 2775 708 1835 182 1261
internal_value=0 0.00112318 0.00147943 0.000589215 -0.0160589 0.00230864 0.00311368 0.0061272 -0.00514206 -0.0078132 -0.0164216 0.0123608 0.00760027 0.00283326 -0.000928365 -0.00713925 -0.0194947 0.000336532 -0.0425908 -0.00215264 -0.0139177 -0.0433082 -0.00141183 0.00162564 -0.0278547 0.00867283 0.00266455 -0.0013448 -0.0157819 -0.0218296
internal_weight=0 1949 1942.05 1895.37 177.43 1717.94 1673.36 1225.89 447.475 413.016 228.366 642.252 449.416 184.649 583.637 354.975 139.8 275.874 17.0199 163.684 93.2232 25.1008 77.4142 75.3533 117.434 228.662 178.151 164.629 85.7505 79.4028
internal_count=300593 263901 244305 238553 22234 216319 198234 142151 56083 51203 27857 81353 52357 23346 60798 52269 21318 30121 2167 20849 12410 3386 10481 10183 15345 8529 6761 6053 3278 3096
cat_boundaries=0 2 4 6
cat_threshold=1112607976 697440 381007348 1091408 1224736777 217250
is_linear=0
shrinkage=0.1


Tree=48
num_leaves=31
num_cat=2
split_feature=157 170 157 170 237 237 173 197 103 24 133 132 210 171 229 151 151 228 56 8 209 186 157 86 163 186 165 209 3 76
split_gain=7.72858 6.31472 6.89251 5.73659 6.8715 5.10065 5.99387 4.11407 4.05431 3.88291 3.75299 3.60592 3.35295 3.2788 3.26703 4.78569 3.44749 3.24699 3.21233 3.14858 3.14085 3.09619 3.08405 3.74695 5.41547 3.04405 2.89602 2.89415 2.84476 3.03275
threshold=0.3860634863376618 0.42745165526866918 0.65611082315444957 0.53965613245964061 0 1 0.31341239809989935 -0.16294540464878079 0.08045592159032823 1.0000000180025095e-35 -0.03958041034638881 -0.044712271541357033 0.0056983998510986575 0.031113985925912861 -0.042103320360183709 -0.00089912899420596648 -0.029955781996250149 0.11285353824496271 1.0000000180025095e-35 0.13372848927974704 -0.027022008784115311 -0.13118419051170346 0.61253345012664806 -0.99509134888648976 -0.57717692852020253 -0.067496355623006807 54.500000000000007 0.1832365691661835 0.1434624716639519 0.012422839645296337
decision_type=2 2 2 2 9 9 2 2 2 2 2 2 2 2 2 2 2 2 2 8 2 2 2 2 2 2 2 2 10 2
left_child=-1 -2 3 4 14 -4 28 -8 9 10 -9 12 21 17 15 18 20 -5 -3 -12 -16 -6 23 24 27 -20 -25 -13 -7 -30
right_child=1 2 5 13 11 6 7 8 -10 -11 19 22 -14 -15 16 -17 -18 -19 25 -21 -22 -23 -24 26 -26 -27 -28 -29 29 -31
leaf_value=-0.047428168027828066 0.025085997042726169 -0.00079968761883187408 -0.00021409269339204358 -0.0074834869525099452 -0.089061533642588897 0.0158431331756658 0.16308483036360552 -0.16278628383019478 0.05924271582392452 -0.16373474525322879 -0.12250079853294969 0.039505260925234147 -0.052109689375062308 -0.032119235632336506 -0.076072827306288712 -0.041406943102335975 -0.0012110665750732117 -0.061759133963830905 -0.22499475511673184 0.0020727816823093458 -0.013734718099913347 0.011975568749151877 0.031049324000544276 -0.02938347205535204 -0.0085069683987071838 -0.034412625379438448 0.0044885542759721692 -0.1509489809151795 0.089545548125900196 0.040797446465831853
leaf_weight=34.988010449396825 95.336030482962087 79.417455418253667 162.21927366920863 266.03170458439854 3.3879059044011219 26.651743032452941 1.4840942574664939 1.5889000254537666 7.8828995494986875 1.7799325103987929 2.1628414143488035 77.561317411273194 18.369394601995737 85.600300011141371 11.579045579783267 64.702138623033534 412.23929616587338 11.49868870958562 1.21555321408232 32.764515641058097 26.764564942612196 28.948371245369344 61.08976725377579 27.531637331383536 37.874570163523458 2.69885119000537 303.47673252089044 0.80617785634240036 17.95910174731398 44.101143882304314
leaf_count=33990 8147 10820 5973 55943 566 1137 16 60 157 59 61 4579 3476 16925 1900 10650 52049 3936 152 721 3789 4307 2121 4243 17032 439 56592 97 412 1037
internal_value=0 -1.5389e-06 -0.00131613 -0.00404342 -0.000603628 0.0125745 0.0259028 -0.000799074 -0.00606594 -0.0195091 -0.012479 0.00730679 -0.0179917 -0.0150095 -0.00797989 -0.0210019 -0.00387876 -0.00973225 -0.00515861 -0.00564131 -0.0325596 0.0013898 0.009974 0.00709533 0.0225408 -0.0935947 0.00167125 0.037546 0.0431691 0.0549043
internal_weight=0 1914.72 1819.39 1520.79 1157.66 298.594 136.375 47.6632 46.1791 38.2962 36.5163 559.046 50.7057 363.131 598.617 148.034 450.583 277.53 83.3319 34.9274 38.3436 32.3363 508.34 447.25 116.242 3.9144 331.008 78.3675 88.712 62.0602
internal_count=301386 267396 259249 249616 172812 9633 3660 1074 1058 901 842 93013 8349 76804 79799 22061 57738 59879 11411 782 5689 4873 84664 82543 21708 591 60835 4676 2586 1449
cat_boundaries=0 2 4
cat_threshold=3865713478 856507 2159739916 4395082
is_linear=0
shrinkage=0.1


Tree=49
num_leaves=31
num_cat=3
split_feature=160 66 86 237 159 86 226 166 88 10 6 1 169 141 86 124 237 144 222 13 237 164 185 225 7 115 138 148 158 122
split_gain=6.55056 5.75729 6.11077 4.0048 3.94825 3.6798 3.34562 3.2381 5.01638 3.44693 3.18444 3.16999 3.10931 3.10107 3.09411 3.55499 3.04205 2.91599 3.03781 2.86851 3.1397 2.84667 2.82781 2.76129 2.74306 2.70801 2.69537 2.55592 2.49688 3.39764
threshold=2.0000000000000004 5.6705176830291757 -0.90189385414123524 0 1.4881304502487185 -0.49481450021266932 0.15423259139060977 0.66839343309402477 0.71003878116607677 942.50000000000011 1.0000000180025095e-35 0.09175084158778192 13.500000000000002 0.0076092791277915248 -0.57491785287857045 -0.039155792444944375 1 -0.032516285777091973 -0.054368095472455018 0.017785686068236831 2 6.0282669067382821 0.18027141690254214 -0.099722497165203081 0.13397436589002612 0.0043820664286613473 0.01215915707871318 0.019262067973613742 0.18333333730697635 -0.0054465811699628821
decision_type=2 2 2 9 2 2 2 2 2 10 10 10 2 2 2 2 9 2 2 8 9 2 2 2 10 2 2 2 2 2
left_child=1 3 10 7 6 16 22 8 9 -1 -3 24 28 -12 23 -16 17 18 -4 -2 -21 -7 -5 26 -10 -22 -6 -26 29 -9
right_child=19 2 5 4 14 21 -8 12 11 -11 13 -13 -14 -15 15 -17 -18 -19 -20 20 25 -23 -24 -25 27 -27 -28 -29 -30 -31
leaf_value=-0.0058900684452960778 -0.048043152426879544 -0.062598558416673139 0.08008517446270226 0.0027295109322423481 0.036985982878460714 0.06637738292508398 0.068791117814913719 0.01031504056323947 -0.042630227795145165 0.045361908035841197 -0.040693036745018119 -0.074075556163232512 -0.21336528755628367 0.0027809669856227299 -0.24202617628461845 -0.0054776540185338864 -0.017460239474555463 0.019049644658063067 -0.077171977848489004 0.010906354387122393 -0.0098373761086799991 -0.29974110735556936 0.030711432361125342 0.028719926031839888 0.0019945350507628336 -0.041337194184734603 -0.096412069396092759 -0.073859610785833835 0.0068308714110257617 -0.018208524272220614
leaf_weight=60.737572447302227 28.202082324196454 26.347508132905205 1.5307671837745145 607.7791986407974 2.6391183903251649 9.6796606678235513 8.1691308366498543 66.610163712801295 35.716272817368008 16.738741965338704 37.213360508958431 13.420181085810325 0.67028649729763756 29.347613343677949 0.90830819006805574 2.1139750388101666 73.781580522165314 60.370456810007454 6.2189374539120754 38.299826400285383 68.23720891476114 0.21713456260477038 38.397296339597233 133.80777769617271 42.474749271917972 45.483136058304808 3.5550183112864033 4.9609296195776542 370.02544995215067 111.94306287067957
leaf_count=15638 9714 20873 399 92431 208 2975 1069 4999 10888 687 10841 3227 289 5828 74 331 29722 16148 1669 6025 7508 26 5595 5421 6880 5962 224 965 24462 9776
internal_value=0 0.00126222 -0.0129737 0.00355308 0.00838097 -0.000610811 0.00519624 -0.0018594 -0.0137711 0.00518291 -0.0331727 -0.0289773 0.00188139 -0.0215248 0.0235373 -0.0765693 -0.00472261 0.0101472 -0.0461096 -0.0187522 -0.0133183 0.0583448 0.00439226 0.0256983 -0.0216987 -0.0206225 -0.0395755 -0.00593846 0.00214439 -0.00756767
internal_weight=0 1765.37 244.707 1520.67 797.37 151.799 654.346 723.297 174.048 77.4763 92.9085 96.5721 549.249 66.561 143.024 3.02228 141.902 68.1202 7.7497 180.222 152.02 9.8968 646.176 140.002 83.152 113.72 6.19414 47.4357 548.579 178.553
internal_count=300854 271645 88481 183164 105353 50939 99095 77811 38285 16325 37542 21960 39526 16669 6258 405 47938 18216 2068 29209 19495 3001 98026 5853 18733 13470 432 7845 39237 14775
cat_boundaries=0 2 4 6
cat_threshold=3915056922 721662 851530583 1409111 1079518828 173284
is_linear=0
shrinkage=0.1


Tree=50
num_leaves=31
num_cat=6
split_feature=157 156 157 173 157 170 237 8 237 174 237 170 92 157 195 93 237 10 215 168 170 157 12 237 156 235 85 157 228 59
split_gain=7.99525 7.40626 10.1799 6.62789 5.863 6.88562 6.36696 5.68789 4.65789 4.23452 4.18017 4.4718 4.01121 3.98811 3.8416 3.67715 3.4763 3.26668 3.12264 3.29266 3.11793 4.00123 3.08791 3.12719 3.06468 2.92304 2.91999 2.90359 3.6313 3.19897
threshold=0.42933711409568792 0.30471627414226538 0.63727831840515148 0.065366715192794814 0.55442294478416454 0.41605599224567419 0 0.14990550279617312 1 -0.19074850529432294 2 0.5340806543827058 0.88934338092803966 0.68493673205375682 -0.13676721602678296 0.36546161770820623 3 173.50000000000003 -0.075575437396764741 3.0105042457580571 0.47981654107570654 0.56913721561431896 174.50000000000003 4 0.047847986221313484 5 35.500000000000007 0.65611082315444957 0.020861048251390461 1.0000000180025095e-35
decision_type=2 2 2 2 2 2 9 8 9 2 9 2 2 2 2 2 9 8 2 2 2 2 8 9 2 1 2 2 2 2
left_child=22 4 3 -3 5 -2 15 16 9 -4 14 17 -9 -10 -6 -7 -8 -12 -16 -20 21 -5 -1 -24 -13 -23 -15 -21 29 -29
right_child=1 2 8 20 10 6 7 12 13 -11 11 24 -14 26 18 -17 -18 -19 19 27 -22 25 23 -25 -26 -27 -28 28 -30 -31
leaf_value=-0.056691656952408978 0.047635311034959597 -0.035799994190088974 -0.0069144929701312682 -0.0044112575706483368 0.05177732833439639 -0.021265213697343202 0.0088381786778750273 0.025997052731399822 -0.026258916814545653 0.03005976641459936 0.090124227420635028 -0.077498231440092769 0.0028214828302939735 0.044500623511390509 0.030395243291012859 0.042584963860718875 -0.028789308212728477 0.031044510943106736 -0.036329157218832092 -0.0025982906876421651 -0.013128729843842411 -0.092395276922326755 -0.033126308567598094 0.0078052731020169259 0.011466232902412764 0.085038310482532992 -0.0014170247828352398 -0.021702281379272291 0.07766606678903476 0.10086666903699044
leaf_weight=28.034989076802958 28.478523248519195 142.0373964562059 44.122299561240652 22.133461275770969 16.326162910329003 184.02613906710212 35.718000852943078 109.88372222146063 62.513305296932231 103.94740356437251 10.06589453377819 4.0255868115564217 233.12158651411301 16.257739084321656 33.315640475004329 9.4844530404516245 62.106914149366276 133.26795623911312 25.38847321573121 179.17580678613012 173.71973609313318 1.0214229634730145 33.381750542223017 31.882121565922716 101.58667306020652 10.201445261482146 93.479674760776106 11.65419936469698 10.748711817446745 2.6053939265548243
leaf_count=43708 2127 13421 1733 2455 637 44658 10062 22233 3525 3385 2553 1004 41334 367 1846 2431 19336 3021 3695 9153 26864 74 15975 13258 9063 319 3161 284 175 52
internal_value=0 0.00106459 -0.00735116 -0.0191633 0.00579497 -0.000468181 -0.00262777 0.00408703 0.00552271 0.0178374 0.013655 0.0227741 0.0102459 -0.00576412 0.00454595 -0.0172446 -0.0170902 0.0351935 0.00178566 -0.00236617 -0.00775182 0.0202511 -0.0289342 -0.0170106 0.0080752 0.0688896 0.00538573 0.00185682 0.0337762 0.000692495
internal_weight=0 1860.41 669.434 349.113 1190.98 662.819 634.341 440.83 320.32 148.07 528.16 248.946 343.005 172.251 279.214 193.511 97.8249 143.334 262.888 229.573 207.076 33.3563 93.2989 65.2639 105.612 11.2229 109.737 204.184 25.0083 14.2596
internal_count=301909 228968 55304 43133 173664 142181 140054 92965 12171 5118 31483 15641 63567 7053 15842 47089 29398 5574 15205 13359 29712 2848 72941 29233 10067 393 3528 9664 511 336
cat_boundaries=0 2 4 6 8 10 11
cat_threshold=3321971202 877450 486918930 1102752 2727484117 1769662 537407560 4364292 493743885 1872258 4
is_linear=0
shrinkage=0.1


Tree=51
num_leaves=31
num_cat=2
split_feature=157 175 237 157 170 187 17 214 12 175 99 12 92 182 146 190 152 228 237 157 224 131 184 223 145 230 90 197 150 96
split_gain=6.82207 5.1733 6.21912 5.73632 6.40793 4.80471 3.60128 3.57903 3.37677 3.32333 3.08892 3.18655 3.15346 3.06354 4.02925 3.83076 2.9847 2.82921 3.32106 3.47913 2.54346 3.13836 2.8257 2.8171 5.24432 3.07541 3.03735 3.19021 3.00961 2.89427
threshold=0.43761076033115393 0.050118993967771537 0 0.62342819571495067 0.51093181967735302 0.18544316291809085 28.500000000000004 -0.04825854301452636 136.50000000000003 0.61178648471832286 0.029119233600795272 224.50000000000003 0.83616676926612865 -0.31090807914733881 0.01873758435249329 -0.054762162268161767 0.035421328619122512 -0.08986762166023253 1 0.52939638495445263 0.09813066199421884 0.041181771084666259 0.2859159409999848 -0.071904085576534257 0.01140753459185362 -0.019662220962345597 1.6518445014953616 -0.065967787057161317 -0.048954783007502549 -0.080682672560214982
decision_type=2 2 9 2 2 2 2 2 8 2 2 10 2 2 2 2 2 2 9 2 2 2 2 2 2 2 2 2 2 2
left_child=8 2 6 4 17 20 7 -2 -1 -10 12 -12 -6 14 -3 -15 -17 -4 19 -19 22 -22 23 24 -5 -25 -27 29 -29 -28
right_child=1 13 3 5 10 -7 -8 -9 9 -11 11 -13 -14 15 -16 16 -18 18 -20 -21 21 -23 -24 25 -26 26 27 28 -30 -31
leaf_value=-0.0573749235765766 -0.029664076423317112 -0.068746911275342201 -0.018480016102233227 0.0031060452026793976 0.030971053106580961 0.06118745261030506 -0.25443760919605257 -0.0054361273418134038 -0.019009943312690996 0.07542121932591643 -0.015287269880737649 0.013225986073881861 -0.019869456722821806 -0.0039615033686695852 0.052930396436381671 0.020542805242444485 0.055449508353306469 0.01301952392501245 0.0044595047024043235 0.049423736225708913 0.053910082732339007 -0.17073028592458314 0.14981516675263876 0.034329431772287873 -0.10813126616560127 -0.025310895099020139 0.0052171074685942774 -0.13346048291837173 0.0076217676697888622 0.088364403560473509
leaf_weight=23.660671664875736 68.634967813708499 8.6337831238197378 33.491960527258925 17.258955899524157 12.970544694795533 22.818427773323492 0.59423628486729185 546.13050717467922 87.360359577756753 3.8929298698603807 67.003413829788769 94.436977247445611 205.42558484111214 46.332368670395226 3.9742027607280752 94.196953406464672 33.103733756524889 63.819857006506936 237.82238744842107 44.5973663499135 19.758668287438926 0.64212006726302107 1.4332531394902606 49.587786948795838 5.6178303647320709 26.254783106371178 7.3912971731915631 1.5367149327066716 94.201574041013373 9.6550067331118026
leaf_count=43476 11579 586 3935 940 3100 628 154 48265 38032 1055 27429 5018 44639 6843 139 9683 3186 14464 25622 3941 836 12 14 2338 356 1040 363 89 2883 393
internal_value=0 0.0014136 -0.00038928 0.00440769 8.69511e-05 0.0173918 -0.00824489 -0.00814104 -0.0237102 -0.0149814 -0.0090967 0.00139199 -0.01685 0.0172031 -0.0303926 0.0206591 0.0296201 0.00927314 0.0119577 0.0256303 0.013109 0.0468395 0.00987741 0.00892912 -0.0242104 0.0129483 0.00532281 0.0124539 0.00535723 0.0523116
internal_weight=0 1817.33 1631.08 1015.72 759.568 256.156 615.36 614.765 114.914 91.2533 379.837 161.44 218.396 186.241 12.608 173.633 127.301 379.732 346.24 108.417 233.338 20.4008 212.937 211.504 22.8768 188.627 139.039 112.785 95.7383 17.0463
internal_count=301038 218475 198038 138040 128148 9892 59998 59844 82563 39087 80186 32447 47739 20437 725 19712 12869 47962 44027 18405 9264 848 8416 8402 1296 7106 4768 3728 2972 756
cat_boundaries=0 2 4
cat_threshold=3233942044 594745 67990624 49216
is_linear=0
shrinkage=0.1


Tree=52
num_leaves=31
num_cat=4
split_feature=156 12 158 237 156 157 237 237 159 237 203 145 191 88 166 99 214 70 223 73 17 157 76 120 215 137 208 140 143 159
split_gain=6.21425 5.39493 5.27179 6.78981 5.82309 6.36901 4.90532 4.20798 3.92348 3.4833 3.37495 3.20793 3.22251 3.07915 3.00111 3.12757 2.86195 2.72307 2.67561 3.35941 2.62572 2.62124 2.61763 2.60394 2.59335 2.83066 2.82099 3.1529 2.77563 2.89273
threshold=1.0000000180025095e-35 19.500000000000004 0.18333333730697635 0 0.15821565687656405 0.56913721561431896 1 2 0.036138741299510009 3 0.062255617231130607 -0.0044906267430633298 -0.046748222783207886 0.6615457832813264 0.74715000391006481 0.022093419916927818 -0.10499915480613707 2.5000000000000004 0.083512455224990859 0.01835016813129187 28.500000000000004 0.51456367969512951 0.32495285570621496 0.020283096469938759 -0.0089291175827383978 1.0000000180025095e-35 -0.028493840247392651 1.0000000180025095e-35 0.024522084742784504 1.7810884118080141
decision_type=2 8 2 9 2 2 9 9 2 9 2 2 2 2 2 2 2 2 2 2 2 2 2 2 2 2 2 2 2 2
left_child=-1 17 3 16 6 9 14 -7 -9 -6 20 18 -13 -11 -4 -16 -3 -2 -10 -20 -5 -15 -12 -18 -14 28 27 -27 29 -26
right_child=1 2 4 10 5 7 -8 8 11 13 22 12 24 21 15 -17 23 -19 19 -21 -22 -23 -24 -25 25 26 -28 -29 -30 -31
leaf_value=-0.097744321518419192 1.192381359402563 -0.07373416261573075 -0.02028818554689639 0.010274985441595018 -0.021822644724814128 -0.0025740202068950634 0.023286340334559057 -0.057160718160336445 0.030983481551380032 -0.028589766899849173 -0.019396956712212806 0.024304416931108033 -0.019586588564034193 -0.014459208037399897 -0.0074448067864549272 0.027816373482350328 -0.022117807463793843 -0.061679826235650749 0.027801490319933009 -0.05823550400973318 0.22303625010784864 0.017693858250680532 0.078149593047174656 0.0016715087604291575 -0.035562153419890684 -0.032666788490377151 0.0035680113605482534 0.077550691809650907 0.034375951035588513 0.091869053953659213
leaf_weight=6.4161926197893981 0.017335829848888262 9.0937135405147256 49.312261860264698 201.28974615275365 149.40028331797657 322.34664932914166 240.70099737358032 7.6971768215007605 132.26460843589302 30.017457653681049 63.192680804713746 67.774921884294599 53.09372635759064 37.39816052221795 51.363063080090797 49.296759773387748 200.67325342133699 14.371046285210467 10.424077897623649 8.0375713038083614 0.5817223796620955 78.735280077817151 2.8761656767965169 59.700006028113421 25.721302872159871 3.1642526661598849 21.183948503625288 14.437806249676212 10.165752716449786 1.9139320542453777
leaf_count=22599 32 1996 22357 32597 24898 14424 40303 650 6068 4601 10697 3299 3110 8347 7340 5686 25491 46600 387 458 105 7455 262 8136 1292 170 782 491 393 28
internal_value=0 0.000834006 0.00129552 -0.00709362 0.00459969 0.000461843 0.0149135 0.00580054 0.0130905 -0.0117893 0.00430675 0.0150195 0.00663323 -3.72013e-05 -7.24334e-05 0.00982387 -0.0179241 -0.0601689 0.0260058 -0.00965608 0.0108881 0.00733969 -0.0151505 -0.0166632 -0.00260224 0.00917211 0.0281514 0.0577373 -0.0103018 -0.0267367
internal_weight=0 1916.25 1901.86 537.407 1364.45 973.777 390.673 678.226 355.879 295.551 267.94 348.182 197.456 146.151 149.972 100.66 269.467 14.3884 150.726 18.4616 201.871 116.133 66.0688 260.373 129.681 76.587 38.786 17.6021 37.801 27.6352
internal_count=301054 278455 231823 79284 152539 76853 75686 31552 17128 45301 43661 16478 9565 20403 35383 13026 35623 46632 6913 845 32702 15802 10959 33627 6266 3156 1443 661 1713 1320
cat_boundaries=0 2 4 6 8
cat_threshold=3239193129 6260523 237105928 5484739 2731188429 4915870 2504985027 606834
is_linear=0
shrinkage=0.1


Tree=53
num_leaves=31
num_cat=4
split_feature=157 156 156 156 237 237 157 156 237 121 11 212 219 92 164 157 171 93 151 163 13 210 131 141 105 140 63 156 237 103
split_gain=5.54956 9.09294 6.9954 5.31665 5.09605 4.61315 4.40525 6.53276 3.77234 3.4603 3.4055 3.36756 3.27381 3.09984 3.80257 3.31661 3.21804 3.29599 2.83265 2.77747 3.1032 2.74114 3.51048 3.66766 3.14029 2.65349 2.55301 2.52007 2.56825 2.8687
threshold=0.5807817578315736 0.27311578392982488 0.20483683049678805 1.0000000180025095e-35 0 1 0.68493673205375682 0.3352713286876679 2 -0.002002984867431223 0.012896767817437651 0.030741949565708641 -0.003813373856246471 0.92555472254753124 5.8998935222625741 0.43761076033115393 0.024234624579548839 0.41331256926059728 -0.014678957872092722 0.43389903008937841 0.01619459688663483 -0.11230182275176047 -0.01766065880656242 0.0016056247404776516 -0.025969243608415123 0.029572625644505027 -0.31655569374561304 0.15821565687656405 3 -0.033450966700911515
decision_type=2 2 2 2 9 9 2 2 9 2 8 2 2 2 2 2 2 2 2 2 10 2 2 2 2 2 2 2 9 2
left_child=1 3 8 -1 6 10 7 -4 9 18 -5 12 25 15 -15 -12 17 -17 -2 27 -21 24 23 -23 -11 -9 -16 -7 -29 -30
right_child=2 -3 4 5 -6 19 -8 11 -10 21 13 -13 -14 14 26 16 -18 -19 -20 20 -22 22 -24 -25 -26 -27 -28 28 29 -31
leaf_value=-0.097890757401178308 0.085328968094246532 -0.024822386708702345 -0.0026906456006495372 -0.031769087180145344 0.0088591063100165509 0.014360519693624991 0.0088809993849544768 -0.01643660626751919 0.039012886859419983 -0.018745202427118333 -0.029101332541791248 -0.071733650095014881 -0.055110488938272709 -0.011440678420910694 -0.18634189425651632 0.011345523028895549 -0.010622251592704818 0.10636273827002761 0.010398990286149736 -0.067481460157216788 0.011391604532654755 -0.16451532526181264 0.012406802581037164 -0.023110753163583575 -0.26314254215154415 0.069335161989374047 -0.052001597690935819 0.010141738260034554 0.023839157829413562 -0.027173809774414828
leaf_weight=5.6010683736258207 6.7804412661353153 191.20360432835696 123.49913564005692 51.332341356763209 417.43786112712405 278.9776709074431 99.706204926362261 26.064010773909107 77.404096910038788 1.1606008895323614 31.805134385031124 23.195200686561293 22.234657015382254 92.236464292149321 1.5950160139764182 155.82420693894892 83.876173980454041 3.7383265280514015 19.714643625738972 10.323575183738287 9.6521573051286378 2.5557209542967083 19.363687527998987 6.4978197959135287 0.96114026609575631 4.1861573008500264 12.507783632114295 77.913865964877914 13.798590053898804 54.814929531436064
leaf_count=22373 203 36756 5836 28111 23411 49555 3094 1308 3522 32 20561 1873 1873 16428 105 24861 13315 679 861 18551 11700 214 994 413 35 128 621 7616 1202 4857
internal_value=0 -0.00504883 0.00576064 -0.000771927 0.0018323 -0.000152652 -0.00801008 -0.0168677 0.0266919 0.00266319 -0.00741603 -0.0400026 -0.0259793 -0.00433429 -0.0188349 0.00126797 0.0052357 0.0135716 0.0295746 0.00691705 -0.0293705 -0.0198126 -0.0116262 -0.0630278 -0.129456 -0.00456711 -0.0671954 0.00878316 -0.00183573 -0.0147632
internal_weight=0 1075.2 850.761 883.997 716.323 878.396 298.885 199.179 134.438 57.0341 432.915 75.68 52.4848 381.583 106.339 275.244 243.439 159.563 26.4951 445.481 19.9757 30.539 28.4172 9.05354 2.12174 30.2502 14.1028 425.505 146.527 68.6135
internal_count=301088 257291 43797 220535 37523 198162 14112 11018 6274 2752 104681 5182 3309 76570 17154 59416 38855 25540 1064 93481 30251 1688 1621 627 67 1436 726 63230 13675 6059
cat_boundaries=0 2 4 6 8
cat_threshold=2732197959 5113594 3295628060 1787842 2040006553 5341714 412136481 4464640
is_linear=0
shrinkage=0.1


Tree=54
num_leaves=31
num_cat=1
split_feature=160 236 90 156 159 170 158 182 86 147 63 11 228 86 186 124 176 219 139 153 116 120 109 200 122 158 90 171 197 188
split_gain=6.21709 6.90337 3.94861 3.28073 3.21348 3.8689 4.13532 3.71394 3.15805 3.46293 3.0241 3.02097 2.95767 3.13534 2.98595 2.83343 2.72646 2.52147 4.07739 2.39673 2.38508 2.37618 2.84845 2.33305 2.66048 2.23527 2.99825 4.63629 2.60318 2.22808
threshold=1.0000000000000002 0 1.4275210499763491 0.022347066551446918 1.6578968763351443 0.49815694987773901 1.0000000180025095e-35 -0.012314362451434134 -0.85703703761100758 -0.011578235775232313 0.40118452906608587 0.010349444113671781 0.052011473104357726 -1.0463525056838987 -0.062654212117195116 0.050089387223124511 0.31758312880992895 0.0018844811711460354 -0.021408135071396824 -0.014319546986371277 0.046632926911115653 -0.049329720437526696 0.080461557954549803 0.02414788864552975 -0.016756011173129078 0.45000000298023229 1.5524578690528872 0.12227170169353486 -0.2095474302768707 0.10837380960583688
decision_type=2 9 2 2 2 2 2 2 2 2 2 8 2 2 2 2 2 2 2 2 2 2 2 2 2 2 2 2 2 2
left_child=1 23 -2 -3 5 6 16 8 20 -10 -8 -5 13 -7 -15 21 -4 -14 -19 -12 -6 -11 -23 -1 -25 26 27 28 -13 -27
right_child=2 3 4 11 7 12 10 -9 9 15 19 25 17 14 -16 -17 -18 18 -20 -21 -22 22 -24 24 -26 29 -28 -29 -30 -31
leaf_value=0.024280455440133967 -0.067740350461835214 -0.052280525543676737 -0.033643792498375825 -0.025629777173696147 -0.0021905455923264369 -0.049374987420141764 0.0087523020693454426 0.029207650280454779 -0.13672882190261743 0.077583641931213962 -0.1344786893247143 0.091948008017021049 0.012484422632921439 -0.035634455478568555 -0.010206742382400352 -0.18975534068926422 0.064413334387460983 -0.094621717330062027 -0.0066229454659765723 -0.021040143034820061 0.050645187482789469 -0.020392546913295152 -0.27972263286826671 -0.025965183762007755 0.013268611593951988 0.018788876356889854 0.0016623616391122841 -0.049623868882774931 -0.0062771817678519571 -0.014993197241744456
leaf_weight=184.20668899514203 10.803688032565331 12.150114871439653 43.67546695033343 43.450829513627468 53.592607444996247 36.638333332302864 190.58950292499139 48.577032128370774 3.0161336976761985 2.4894599556282691 2.3312947162849005 2.8377059409831409 54.07814043419603 65.795367564734988 154.91652288789919 0.95859183594438846 3.0324540147848884 6.2925242011297078 32.256806568520915 9.2622425122644909 10.164103724102459 16.497036104152361 0.4347092363241235 21.041633132914285 96.778419361657143 114.44228096992447 578.2499355581931 30.553236962266965 54.844631452790054 23.539207001427712
leaf_count=24788 4700 15983 10066 30890 2167 9588 32787 2627 282 112 639 192 8394 12852 31270 49 293 1414 5053 2307 397 950 24 3525 11824 9120 64883 2223 9769 1822
internal_value=0 0.00397609 -0.00772455 -0.00067787 -0.0068419 -0.00999062 -0.000459516 0.00705095 -0.00529872 -0.0367228 0.00573593 5.35679e-05 -0.0167688 -0.022284 -0.0177869 -0.0219223 -0.0272776 -0.00144569 -0.0209873 -0.043851 0.00623253 -0.0136384 -0.0270506 0.0166985 0.0062618 0.00144078 -0.000957647 -0.0181278 -0.00144495 0.0130258
internal_weight=0 1162.09 745.402 860.068 734.598 598.869 248.891 135.73 87.1526 23.3959 202.183 847.918 349.978 257.35 220.712 20.3798 46.7079 92.6275 38.5493 11.5935 63.7567 19.4212 16.9317 302.027 117.82 804.467 666.486 88.2356 57.6823 137.981
internal_count=300990 175019 125971 134882 121271 114663 46092 6608 3981 1417 35733 118899 68571 53710 44122 1135 10359 14861 6467 2946 2564 1086 974 40137 15349 88009 77067 12184 9961 10942
cat_boundaries=0 1
cat_threshold=9
is_linear=0
shrinkage=0.1


Tree=55
num_leaves=31
num_cat=5
split_feature=157 156 156 156 237 237 170 237 145 11 157 93 157 153 181 105 97 60 187 156 156 159 157 97 153 237 82 237 92 178
split_gain=5.97328 7.71763 7.56898 5.70756 5.6327 5.34417 4.60488 4.36756 4.91879 3.95452 3.69418 3.47066 3.40419 3.32132 4.0507 3.29657 3.55938 3.29906 3.06337 3.05467 3.05434 2.95505 2.94145 2.93493 2.72739 2.68542 2.685 2.98749 2.96697 2.7111
threshold=0.58749592304229747 0.2323504984378815 0.15821565687656405 0.025751547887921337 0 1 0.50705909729003917 2 0.0025148808490484957 0.070673078298568739 0.68493673205375682 0.4499343484640122 0.55442294478416454 0.0067278530914336452 -0.04854463413357734 -0.03832805156707763 -0.066031642258167253 1.0000000180025095e-35 -0.14790659397840497 0.49321225285530096 0.3656191378831864 1.6578968763351443 0.61253345012664806 -0.10172650590538977 0.0061060988809913406 3 0.045983087271451957 4 0.94229876995086681 0.28696183860301977
decision_type=2 2 2 2 9 9 2 9 2 10 2 2 2 2 2 2 2 2 2 2 2 2 2 2 2 9 2 9 2 2
left_child=2 7 3 -1 10 12 22 8 15 11 13 18 -5 -3 -15 16 -2 -17 -4 26 -11 -7 -6 -14 -24 -16 27 28 -20 -30
right_child=1 4 9 5 6 21 -8 -9 -10 20 -12 -13 23 14 25 17 -18 -19 19 -21 -22 -23 24 -25 -26 -27 -28 -29 29 -31
leaf_value=-0.03565865699343998 -0.24575359524149382 -0.0032568908817872536 0.0053757800364857694 -0.014699201100562768 0.0048055576510684771 0.0086266145231534298 0.0030962701870756548 0.034063312526812044 0.032939738511984805 0.03025738916876455 0.0076967748285275174 0.084991458278838292 -0.07950527450605302 -0.05219356762104297 0.0072567063566098588 0.019955846185981636 -0.063835328912250369 -0.099907146512907219 -0.024675674806628037 -0.059387188883297637 -0.026482775111282598 0.031716536125137369 0.020669779504053808 0.027837327002593133 0.060897463513219389 -0.030313173588283851 -0.042335777491683504 -0.0074706492528882869 -0.065266853326624047 -0.2486674540038436
leaf_weight=35.478019164797843 1.3444731382478492 122.40369194906816 56.494661223867297 153.07497934668572 32.292991572809115 294.37429629476537 189.93112166659921 120.75850180540147 14.848126032593425 34.080223606380969 113.08731249334232 3.3909703211684237 2.7600013836781718 40.667783781624166 37.517414233356249 8.5301140720839594 5.3766655947110857 3.1420783280627811 117.17534568397969 18.281224350765115 13.146954358140645 68.283764218413125 32.545246628898894 33.027376354890293 34.955944224573614 26.128701544381329 39.743704521650216 248.205553060905 9.0408003066913771 0.88491082254768194
leaf_count=41702 55 7254 10266 50570 1496 71947 11338 4911 519 6979 3335 625 358 2816 2594 440 272 207 18424 3760 1985 3723 992 2775 1013 1514 6777 40485 1731 108
internal_value=0 0.00672512 -0.00464222 0.0032197 0.00181643 0.00572065 0.0118265 0.0267912 -0.00759057 -0.0131814 -0.0068644 -0.0158283 -0.00779494 -0.0144303 -0.0275414 -0.0444357 -0.100226 -0.0123105 -0.0165263 -0.0193817 0.0144622 0.012626 0.0296272 0.0195588 0.041502 -0.0117895 -0.0176196 -0.0150023 -0.0269983 -0.0816176
internal_weight=0 783.53 1127.44 586.998 629.53 551.52 289.725 154 33.2415 540.444 339.805 493.217 188.862 226.718 104.314 18.3933 6.72114 11.6722 489.826 433.332 47.2272 362.658 99.7942 35.7874 67.5012 63.6461 415.05 375.307 127.101 9.92571
internal_count=300971 38756 262215 171075 32352 129373 14839 6404 1493 91140 17513 82176 53703 14178 6924 974 327 647 81551 71285 8964 75670 3501 3133 2005 4108 67525 60748 20263 1839
cat_boundaries=0 2 4 6 8 10
cat_threshold=2227841085 5128314 2351769352 2036099 849610377 32771 67110921 4341834 2185627712 607795
is_linear=0
shrinkage=0.1


Tree=56
num_leaves=31
num_cat=4
split_feature=160 167 236 237 237 184 102 9 237 148 168 170 138 146 188 6 179 226 197 147 194 162 69 85 108 85 141 176 73 127
split_gain=5.63973 5.17731 4.36842 3.80979 3.7769 3.49057 4.64584 3.93212 3.29947 3.14159 3.14637 3.11075 3.66952 3.07889 2.88176 2.61465 2.49867 2.45893 2.44133 2.43298 2.91966 2.39449 2.39329 2.99776 2.94357 2.39033 2.32734 2.28372 2.26717 2.25321
threshold=1.0000000000000002 2.5000000000000004 0 1 2 0.091683879494667067 -0.061949850991368287 0.051836095750331886 3 0.024030474014580253 3.1700798273086552 0.5340806543827058 -0.024732115678489205 0.01873758435249329 -0.049330933019518845 0.1768428906798363 -0.34880447387695307 -0.0052587056998163453 0.074582517147064223 0.0094747827388346213 0.13690380007028582 116.124080657959 126.99846267700197 60.500000000000007 0.030633182264864448 18.500000000000004 0.045251742005348213 0.12716944515705111 0.013606071937829258 -0.0016197204240597782
decision_type=2 2 9 9 9 2 2 8 9 2 2 2 2 2 2 10 2 2 2 2 2 2 2 2 2 2 2 2 2 2
left_child=2 4 8 5 9 15 14 29 -1 10 26 19 13 -13 -7 -4 -12 -9 25 20 -10 -3 -20 24 -24 27 -2 -18 -14 -8
right_child=1 21 3 -5 -6 6 7 17 11 -11 16 12 28 -15 -16 -17 18 -19 22 -21 -22 -23 23 -25 -26 -27 -28 -29 -30 -31
leaf_value=0.0011109139905566309 -0.04247948171452514 -0.042838370786422164 -0.00092723839748725702 0.0059098129591833425 0.0027692869949841291 -0.11533386852734373 -0.0079344810453339503 -0.042111617435285617 0.023589014624882429 0.017819843575525445 -0.086239894263614017 -0.014928142465564856 0.037430737424406328 -0.1390765935942202 0.040836203210541211 -0.050293264572098408 -0.17335495131019538 -0.14056835996013856 0.029639702006602583 0.046545375353231763 -0.074835009820112694 -0.0030235772484174684 -0.11649412986928501 0.016185604759308823 0.016893762306663371 -0.012921658785898347 0.021994292134086504 0.02671200790791723 -0.0052354330440873434 -0.052069454207242738
leaf_weight=126.50405704980585 55.212209619743589 55.094936135530588 281.31267777343055 495.44432029956442 353.82745116782826 1.3102559146063857 25.750947148851989 4.6204066791615332 50.741503891156754 30.532754809970356 4.2464810321325777 6.9040825562915398 25.188654459474492 2.8109152494580485 12.03121290535273 11.154342774574614 1.7796604919712984 5.6244676724108995 28.321763009989809 64.266177679006432 3.2042356613419534 20.810651078434603 4.4995829481322316 10.774711132431547 2.6164004013007798 162.61251940847797 6.230600528753711 0.83977585232423724 24.634521286479867 21.001158657953059
leaf_count=17190 11659 20569 40855 78255 61586 468 3928 1041 6947 3985 862 832 2843 443 1206 4485 223 1016 2488 7421 641 4851 618 950 241 17349 641 79 3715 3755
internal_value=0 -0.0071867 0.00399341 0.000256156 -0.00434829 -0.00741586 -0.0276213 -0.0400554 0.0140649 -0.0122264 -0.0159778 0.022734 0.00537235 -0.050849 0.0254989 -0.00281 -0.0102909 -0.0961647 -0.00876559 0.0334014 0.0177429 -0.0319226 0.0115525 -0.0170803 -0.0674502 -0.0144482 -0.0359415 -0.109215 0.0163349 -0.02776
internal_weight=0 737.399 1162.5 858.25 661.494 362.805 70.3384 56.997 304.254 307.666 277.134 177.75 59.5382 9.715 13.3415 292.467 215.691 10.2449 211.444 118.212 53.9457 75.9056 46.2125 17.8907 7.11598 165.232 61.4428 2.61944 49.8232 46.7521
internal_count=301142 126101 175041 135009 100681 56754 11414 9740 40032 39095 35110 22842 7833 1275 1674 45340 22810 2057 21948 15009 7588 25420 4297 1809 859 17651 12300 302 6558 7683
cat_boundaries=0 1 3 5 7
cat_threshold=9 3491663005 4728163 2294321984 5571385 1245595299 4789435
is_linear=0
shrinkage=0.1


Tree=57
num_leaves=31
num_cat=4
split_feature=160 16 11 157 156 157 237 170 90 237 68 114 232 168 71 237 157 217 117 132 141 237 142 157 156 170 0 156 85 115
split_gain=5.33938 4.17534 4.07134 3.27686 3.76572 3.73851 4.93365 3.62757 3.25853 2.91941 2.93904 3.3423 3.85184 2.92972 3.26721 2.90331 2.99645 2.87743 4.45086 2.95802 2.85227 2.8199 2.81184 2.7343 4.31538 2.70875 2.6884 2.63981 3.4406 3.88574
threshold=1.0000000000000002 1.5000000000000002 0.010349444113671781 0.46083478629589086 0.15821565687656405 0.58749592304229747 0 0.49815694987773901 2.6466547250747685 1 37.567207336425788 0.033474924042820937 0.094026926904916777 3.1879385709762578 0.075134411454200759 2 0.52939638495445263 -0.043640937656164162 0.0092166243121027964 -0.042630994692444794 0.033580886200070388 3 -0.049078971147537225 0.53720718622207653 0.3176086694002152 0.60105058550834667 0.24518463760614398 0.25116822123527532 103.50000000000001 0.0063595236279070386
decision_type=2 2 8 2 2 2 9 2 2 9 2 2 2 2 2 9 2 2 2 2 2 9 2 2 2 2 10 2 2 2
left_child=1 2 -1 -2 7 -6 8 -5 26 10 27 13 -13 14 22 16 -9 18 19 -8 -21 -3 -12 24 -11 -25 -7 -4 -29 -30
right_child=3 21 9 4 5 6 17 15 -10 23 11 12 -14 -15 -16 -17 -18 -19 -20 20 -22 -23 -24 25 -26 -27 -28 28 29 -31
leaf_value=-0.025394225147754204 -0.028375023780779093 0.024434437557767141 0.014461925240484223 0.022829231103992289 -0.020927597615161594 0.0066185109812001795 -0.13217420889985118 -0.01795126307090893 -0.093495588417576825 0.0034789881732377802 0.069568028261492901 -0.055786878693813907 0.095390826977739096 -0.0010154329681987093 0.016692159868961005 -0.016848068870499916 0.034536227696794389 -0.022605785006707853 -0.035773379991480211 0.019580603706950021 0.096556157727925015 0.00052431533810273106 -0.059709972558458647 0.015883087360091464 -0.04727208293414626 -0.033953053059056784 0.040835969097187702 -0.0044259026553952847 7.828108785519357e-05 -0.20575407229599005
leaf_weight=55.619340562225261 66.126006694961688 133.24570950428642 118.31626025257356 81.024605071266706 185.6365263730786 91.515119868403417 1.0778193096193742 16.912407954707305 2.8215260912838849 171.05590126688912 1.8052175117336471 24.483388833647044 1.809953472467895 147.85322251711113 9.7814156509557488 67.210937028492481 30.476704060718475 119.74373387742162 15.678126970604351 21.693323522835275 6.1865641059630425 86.592523534629436 24.738331574088079 279.69867345198872 18.573613758362626 11.348902912381162 30.652113370990264 79.213830976535974 1.8228934969229151 1.8459001759838427
leaf_count=36086 43664 17542 16759 8319 33245 3793 97 6159 207 44950 159 2873 117 12362 1223 15051 3289 8456 1032 1019 161 15504 3847 14346 3471 1394 1545 4096 99 98
internal_value=0 0.00373507 0.000855574 -0.0071366 -0.00504243 -0.00985132 -0.00274563 0.00663426 0.0118054 0.0024917 -0.00367769 -0.0120282 -0.0453803 -0.00726689 -0.0327121 -0.00481591 0.0130504 -0.0136948 0.00714224 0.0303774 0.0366615 0.0161518 -0.0509178 0.00769189 -0.00149192 0.0139398 0.0152038 0.00487492 -0.00881067 -0.103483
internal_weight=0 1167.81 947.967 736.756 670.63 475.005 289.368 195.625 124.989 892.348 411.67 210.472 26.2933 184.178 36.325 114.6 47.3891 164.38 44.6358 28.9577 27.8799 219.838 26.5435 480.677 189.63 291.048 122.167 201.199 82.8826 3.66879
internal_count=300963 174926 141880 126037 82373 49555 16310 32818 5545 105794 41633 20581 2990 17591 5229 24499 9448 10765 2309 1277 1180 33046 4006 64161 48421 15740 5338 21052 4293 197
cat_boundaries=0 2 4 6 8
cat_threshold=1388629800 848608 3265407637 771794 2153193511 835606 3066444044 1098628
is_linear=0
shrinkage=0.1


Tree=58
num_leaves=31
num_cat=4
split_feature=157 156 157 170 237 156 156 237 173 5 211 157 8 229 151 175 211 93 221 149 237 143 194 156 209 170 132 226 237 157
split_gain=6.33747 7.38496 6.08573 5.18198 5.02138 4.90981 4.57728 4.3074 4.29668 3.45154 3.40089 3.31274 3.66735 3.24719 5.04772 3.95347 3.19061 3.17816 3.09666 3.43855 3.05552 2.97675 2.93987 2.86577 3.19565 3.37154 3.11378 3.14416 2.83195 3.17636
threshold=0.65611082315444957 0.39638906717300421 0.44954396784305578 0.54266294836997997 0 0.3352713286876679 0.13367697596549991 1 0.054710803553462035 0.094044812023639693 0.019123153761029247 0.52939638495445263 0.14990550279617312 0.060267368331551559 0.0019079197663813832 0.050118993967771537 -0.033974565565586083 0.36546161770820623 -0.01190083287656307 -0.035966988652944558 2 -0.0033558700233697887 -0.097968038171529756 0.196574941277504 -0.047309305518865578 0.49349735677242285 -0.020953387953341004 -0.069842211902141557 3 0.51456367969512951
decision_type=2 2 2 2 9 2 2 9 2 8 2 2 8 2 2 2 2 2 2 2 9 2 2 2 2 2 2 2 9 2
left_child=1 2 7 4 6 17 -4 -1 16 20 -10 12 -6 15 -15 18 -3 -2 21 -20 -7 -8 -11 -13 -25 -26 27 -27 -5 -30
right_child=5 8 3 28 11 9 13 -9 10 22 -12 23 -14 14 -16 -17 -18 -19 19 -21 -22 -23 -24 24 25 26 -28 -29 29 -31
leaf_value=0.01315446172242987 0.041859728120421789 -0.01515506802127794 0.012227302491136193 -0.022917184113134061 -0.017991528225862623 -0.020354412362806742 0.01550445882144354 -0.025853550852492021 0.002248175525701892 0.034553352715792476 -0.029318545610066721 0.037084750016114984 0.012919851926795671 -0.019472132998334477 0.040073291405293449 0.018837566534857728 -0.06050424188009898 -0.10786502308128464 -0.087372529693683545 -0.021691948999247184 0.029562347420737069 -0.016098840862399291 -0.0076286433367362544 0.036136050631047315 0.025281841967458443 0.027756589639403563 0.0035984729662508416 -0.070209216242697978 -0.038632615809080853 0.0033410325404341686
leaf_weight=32.873356595777295 63.171531528802007 27.009253254967916 193.15406736095974 88.391666847956003 52.267350737574816 10.174891024445968 48.121441652398062 118.8926541997007 88.190983084325126 19.05421481821395 55.676484912299202 84.146879243100557 144.46287057382324 24.750710970383807 33.512131272844272 38.73052384024777 36.453950918927148 1.4502625238092139 8.4941509233831294 129.36424547182833 67.168321259952791 78.299200006167666 124.34630013350397 47.386965010966378 48.271813806873979 4.368835619967288 48.036990377608163 13.097893091842705 20.354891498325742 157.79322593081997
leaf_count=16508 1518 2198 23658 23902 15461 910 3238 80375 9827 658 7854 5629 29157 2732 2320 1981 3527 69 846 11254 2584 6356 3984 3295 2540 229 3771 1476 12046 21090
internal_value=0 -0.00190363 0.000679363 0.00295288 0.00626567 0.0142566 -0.00019562 -0.018241 -0.0195293 0.00715953 -0.0099681 0.0140562 0.00470731 -0.00684294 0.0147777 -0.0110002 -0.0412041 0.0384996 -0.0153729 -0.0257389 0.0241861 -0.00406919 -0.00202375 0.0221267 0.0143167 0.00522899 -0.0095486 -0.0457057 -0.0094321 -0.00137748
internal_weight=0 1622.1 1414.77 1263.01 996.466 285.366 554.426 151.766 207.331 220.744 143.867 442.04 196.73 361.272 58.2628 303.01 63.4632 64.6218 264.279 137.858 77.3432 126.421 143.401 245.309 161.162 113.776 65.5037 17.4667 266.54 178.148
internal_count=300993 291270 267864 170981 113943 9723 52385 96883 23406 8136 17681 61558 44618 28727 5052 23675 5725 1587 21694 12100 3494 9594 4642 16940 11311 8016 5476 1705 57038 33136
cat_boundaries=0 2 4 6 8
cat_threshold=3802799046 5177785 3800170514 199177 2152923148 4194312 2416248196 1114626
is_linear=0
shrinkage=0.1


Tree=59
num_leaves=31
num_cat=2
split_feature=163 237 170 157 170 156 157 175 209 119 237 157 168 142 156 223 68 226 157 213 98 201 5 63 232 115 179 180 197 162
split_gain=4.8388 4.60485 5.29629 4.97657 4.2912 4.1981 3.86215 3.68535 3.64461 3.93671 3.9399 3.65007 3.38406 3.32038 3.19617 3.17339 3.11233 2.83548 2.82106 2.81537 2.71672 2.68549 2.68309 2.97584 3.12129 2.88124 4.37992 3.07765 2.67579 2.82865
threshold=0.8946710228919984 0 0.5484067201614381 0.52939638495445263 0.45447091758251196 0.3176086694002152 0.62342819571495067 0.61178648471832286 -0.067935738712549196 0.016592204570770267 1 0.5807817578315736 3.1700798273086552 0.025610798038542274 0.055815160274505622 -0.0023350033443421121 41.388853073120124 -0.089921109378337846 0.41573250293731695 0.021617924794554714 -0.05418101139366626 -0.043700834736227982 0.10435571894049646 -0.12869297713041303 -0.038992598652839654 -0.018975563347339627 -0.073082413524389253 -0.083983357995748506 0.050473874434828765 47.878660202026374
decision_type=2 9 2 2 2 2 2 2 2 2 9 2 2 2 2 2 2 2 2 2 2 2 8 2 2 2 2 2 2 2
left_child=1 12 3 7 -5 8 15 18 11 -10 13 -6 -1 22 -4 -7 28 -13 -3 20 -8 -15 25 -24 -25 26 -11 -27 29 -14
right_child=-2 2 14 4 5 6 19 -9 9 10 -12 17 16 21 -16 -17 -18 -19 -20 -21 -22 -23 23 24 -26 27 -28 -29 -30 -31
leaf_value=-0.014577790118925607 -0.056370178795966723 -0.031127321862080712 -0.065438371241678547 0.049064571278396758 0.024071744677708628 0.0062890174797620331 -0.038993314926006238 0.05600260442865404 0.027573033080429216 -0.19846878838011772 0.022656455190004227 -0.069860845682548356 -0.019390871526283812 -0.23865004837068649 -0.0072938380838532008 -0.028712087282352403 -0.021717923852892878 0.089732177022525561 0.00077066928662341562 0.05609527624403074 0.018119823791984797 -0.059736486191248307 0.079753047739345023 -0.14257629700777039 0.01612022063591657 -0.11968137266628087 -0.039067672702677435 0.0092052168266898056 0.0092845102053109186 0.00064568172464867261
leaf_weight=242.23714756914342 15.077885188808066 30.780480372855891 10.094192819431553 36.085333199698653 28.98035583665478 52.976897197935614 9.9117170436074939 11.196779858846638 104.52419069295138 2.338113344827434 25.727463767812878 1.1853185365325796 90.981002331962372 1.182830915568047 149.04975889177877 50.688122291154286 65.363826209806575 18.313768913474632 279.38843835839543 15.95558126241667 52.145210762580973 2.8857333538180674 5.1293499326857273 1.6125946435713556 5.3548490263347031 2.1618944809597442 6.5606852380587934 12.953884231632403 250.53217904622488 312.35953146991596
leaf_count=39131 36514 27742 6686 1262 2130 3802 326 3632 5995 133 2081 70 9249 78 26149 4755 9918 522 61454 451 1196 168 192 83 294 186 299 525 21475 34542
internal_value=0 0.000506532 0.00554248 0.00908474 0.0160356 0.0130603 0.00182309 -0.000360178 0.0223863 0.0155046 -0.00363498 0.0465792 -0.00431025 -0.0209054 -0.0109818 -0.0108251 -0.000912098 0.0800308 -0.00239482 0.0186304 0.00899773 -0.111751 -0.0164592 0.0219467 -0.0206096 -0.0358053 -0.0809495 -0.00922845 0.00116774 -0.00387394
internal_weight=0 1878.66 917.184 758.04 436.674 400.589 181.678 321.366 218.911 170.432 65.9074 48.4794 961.474 40.1799 159.144 103.665 719.237 19.4991 310.169 78.0125 62.0569 4.06856 36.1114 12.0968 6.96744 24.0146 8.8988 15.1158 653.873 403.341
internal_count=301040 264526 150211 117376 24548 23286 10530 92828 12756 10034 4039 2722 114315 1958 32835 8557 75184 592 89196 1973 1522 246 1712 569 377 1143 432 711 65266 43791
cat_boundaries=0 2 4
cat_threshold=2182744468 5068155 1369477219 131200
is_linear=0
shrinkage=0.1


Tree=60
num_leaves=31
num_cat=4
split_feature=12 157 156 157 237 237 234 93 11 156 184 157 187 170 145 170 157 92 139 159 157 8 223 11 88 154 203 156 237 106
split_gain=4.75642 4.36702 5.819 5.22706 6.33536 5.22097 4.98313 4.41836 3.47421 3.35741 3.32408 3.16975 3.17713 3.17552 3.75325 3.10688 3.50909 3.11181 3.07802 3.00103 3.83491 2.82018 2.75966 2.71697 3.2162 3.27628 2.64589 2.62258 2.97353 2.91539
threshold=22.500000000000004 0.68493673205375682 0.3352713286876679 0.53720718622207653 0 1 2 0.30615940690040594 0.045852446928620345 0.27311578392982488 -0.21284233778715131 0.5807817578315736 -0.10469938814640044 0.53965613245964061 0.010042907204478981 0.47228689491748815 0.62342819571495067 0.8687998652458192 0.022886153310537342 1.2180569767951968 0.50392174720764171 0.23370447009801867 -0.094289731234312044 0.012896767817437651 0.6244056522846223 0.022059516049921516 0.085165880620479598 0.18237251043319705 3 -0.025880582630634304
decision_type=8 2 2 2 9 9 1 2 10 2 2 2 2 2 2 2 2 2 2 2 2 10 2 10 2 2 2 2 9 2
left_child=-1 2 3 5 9 -2 11 -3 19 22 -11 -4 -13 14 -14 17 27 -6 -16 -7 -21 -19 -5 -22 25 -25 -12 -17 29 -29
right_child=1 7 6 4 15 8 -8 -9 -10 10 26 12 13 -15 18 16 -18 21 -20 20 23 -23 -24 24 -26 -27 -28 28 -30 -31
leaf_value=-0.056674229567606017 -0.014415709433667956 0.032183843564338871 -0.020878372602734663 -0.04240980078608754 -0.006375856686632023 -0.010176341886247539 -0.029209858109739452 -0.00057549314202556259 0.024065746107018882 -0.20992579939641762 -0.032706230946905307 0.026446556143892588 0.024735795058171937 -0.018880991362863576 -0.0098893033770638388 0.019687215546875109 0.036963647569859474 0.038724151250208269 -0.13414110341342367 0.023785262991150809 0.028720014996073767 0.10431170842325849 0.0050649142580637459 -0.21290221186932953 -0.018434823513113804 0.081469067652636479 0.015176104413120443 -0.018075513427247933 -0.010196078194315443 0.037156031817552559
leaf_weight=14.683332687638538 276.11028674180398 83.416347854275955 82.451241761740675 12.914402261507346 12.680440275493309 159.4670852372783 105.47315041325055 81.294928831688594 68.280122458307233 0.941189149976707 45.453257889297674 43.154152757982956 55.528474176753662 76.876874997018604 30.39665058979881 115.50968838638073 51.63646367873298 40.894687313688337 2.1336764962761654 79.932145599152136 12.162156148049688 7.8075766141992053 235.93952504263143 1.6415859786793583 33.319885524193523 0.49122352548874904 15.467540790457859 13.260117775731485 98.187978565052617 34.221668786347436
leaf_count=55242 81046 1755 14395 1115 422 57058 7409 2629 17418 35 3068 2706 1870 5080 1294 9354 1446 1341 88 8828 661 122 13369 80 979 14 694 1604 6653 3672
internal_value=0 0.000463088 -0.00103288 0.00216458 0.00821497 -0.00439858 -0.011661 0.0160151 0.00368799 -0.00250107 -0.0234303 -0.00414238 0.00228984 -0.00403058 0.00893409 0.0167327 0.0131435 0.0377498 -0.018039 -0.00103135 0.0104023 0.0492386 0.00260119 -0.012064 -0.0260551 -0.145103 -0.0205491 0.00843416 -0.000489018 0.017951
internal_weight=0 1877.04 1712.33 1316.32 684.915 631.404 396.014 164.711 355.294 310.716 61.862 290.541 208.09 164.936 88.0588 374.199 312.816 61.3827 32.5303 287.014 127.547 48.7023 248.854 47.6149 35.4527 2.13281 60.9208 261.179 145.67 47.4818
internal_count=301447 246205 241821 208979 42895 166084 32842 4384 85038 18281 3797 25433 11038 8332 3252 24614 22729 1885 1382 67620 10562 1463 14484 1734 1073 94 3762 21283 11929 5276
cat_boundaries=0 2 4 5 7
cat_threshold=2718043869 328250 3308866316 6145418 833 67920160 1224704
is_linear=0
shrinkage=0.1


Tree=61
num_leaves=31
num_cat=4
split_feature=66 63 237 11 237 237 190 13 153 175 202 86 182 190 145 113 140 187 223 145 156 17 237 213 148 103 230 0 222 144
split_gain=4.88013 7.68596 4.97099 3.85651 5.18323 4.2372 3.63164 3.53755 3.27545 3.06317 2.86906 2.86747 2.78827 2.73874 2.89696 3.21885 2.71975 2.53604 3.56345 2.8688 2.5137 2.44556 2.36948 3.91064 2.22848 2.21316 2.15405 2.12351 2.17766 3.00935
threshold=5.1342959403991708 -0.067948043346405015 0 0.046801520511507995 1 2 -0.18924444168806073 0.01619459688663483 -0.021505132317543026 0.22792105376720431 -0.17560783773660657 -0.8953021466732024 0.10255745053291322 0.050192914903163917 -0.034376477822661393 -0.026178566738963124 -0.054009908810257905 0.15467663109302524 0.050415365025401122 0.028218538500368599 0.63438084721565258 28.500000000000004 3 0.097256973385810866 -0.041761470958590501 0.024854750372469429 -0.02534808591008186 0.14415584504604342 0.051096076145768173 -0.018103213980793949
decision_type=2 2 9 8 9 9 2 10 2 2 2 2 2 2 2 2 2 2 2 2 2 2 9 2 2 2 2 10 2 2
left_child=3 2 -2 4 16 10 8 11 25 20 -5 -3 -13 14 -12 -16 -1 18 22 -20 21 -6 23 -8 -17 -7 -23 -18 -29 -30
right_child=1 7 -4 5 9 6 17 -9 -10 -11 13 12 -14 -15 15 24 27 -19 19 -21 -22 26 -24 -25 -26 -27 -28 28 29 -31
leaf_value=-0.070263546130766061 -0.018001227006746376 -0.068366305330887264 0.020192236765998323 -0.093993722783780778 0.0057249673426001966 0.013558211063984478 -0.043611501564966675 -0.016034781346962776 0.042976196429755253 0.041656019213541735 0.047812488113586543 -0.037686403738632412 0.052858022724605429 0.03513081880670333 -0.0184022671302661 -0.020313082776224775 -0.029560604283582315 0.030980738752907491 -0.055939341505299556 0.032538807302428752 -0.05545316829806074 0.24686742230580402 0.0028740447220038609 0.098985305833132337 0.019302389354568225 -0.16237564514472161 -0.33831295482514046 -0.0020817807001283634 -0.052829352641918285 -0.0097329473333071879
leaf_weight=6.9026888983062227 44.818736865106985 28.434100546261107 84.385964877219521 2.273466614969947 463.82274441624759 1.5163977842166816 26.81287942911877 125.19171116931466 27.006542154744238 23.438038607137059 21.352734108008008 17.552429451283391 4.2184191889919012 75.421899689245038 35.026556512355455 15.838835574097173 39.030128322769087 18.022197790320206 22.913306636020938 4.3622919006593284 6.864855338324559 0.076631206018646481 146.47570190724582 2.071825164173787 137.20995783637773 1.3529685814282855 0.35114718839758907 402.66071229283625 20.434935036864772 78.236456665501464
leaf_count=1175 20046 20435 25034 1039 52261 71 4660 32584 1478 3694 2093 12826 1555 11088 4285 1681 18595 2263 5297 633 314 34 15436 552 13613 100 82 39453 2168 6406
internal_value=0 -0.0113946 0.0071132 0.00242969 -0.00112006 0.00930803 -0.000516297 -0.0250282 0.0321834 0.00624542 0.017296 -0.0474544 -0.0201421 0.0187914 0.0129071 0.00894416 -0.00774865 -0.00496706 -0.00816421 -0.0417887 0.0046163 0.00550455 -0.00293425 -0.0247982 0.0152026 -0.0693984 -0.233485 -0.00709347 -0.00534434 -0.0186583
internal_weight=0 304.601 129.205 1579.48 1041.82 537.658 250.534 175.397 29.8759 494.553 287.123 50.2049 21.7708 284.85 209.428 188.075 547.265 220.658 202.636 27.2756 471.115 464.251 175.36 28.8847 153.049 2.86937 0.427778 540.362 501.332 98.6714
internal_count=300951 112480 45080 188471 124182 64289 30490 67400 1649 56385 33799 34816 14381 32760 21672 19579 67797 28841 26578 5930 52691 52377 20648 5212 15294 171 116 66622 48027 8574
cat_boundaries=0 2 4 6 8
cat_threshold=3353622539 4996780 2356850684 1785922 259141623 5260360 268468224 39184
is_linear=0
shrinkage=0.1


Tree=62
num_leaves=31
num_cat=0
split_feature=163 156 158 168 175 164 88 213 198 118 10 4 130 148 154 63 133 148 186 108 125 112 120 182 150 80 154 142 220 232
split_gain=4.4615 3.8077 3.07442 4.70128 3.80974 3.18788 2.78872 2.74192 3.81281 2.67648 2.45957 2.33644 2.31762 2.56746 2.88271 2.24188 2.22258 2.20141 2.17354 4.06749 3.13704 2.60417 2.52334 2.52041 3.77681 3.4762 3.48187 2.62343 3.63184 2.60587
threshold=0.68723705410957348 1.0000000180025095e-35 0.22500000149011615 3.1700798273086552 0.032250255346298225 1.7005987167358401 0.74484819173812877 0.025065460242331031 -0.046761179342865937 0.035121066495776183 2.5000000000000004 1.0000000180025095e-35 -0.022700445726513859 -0.03659448400139808 -0.0048223109915852538 -0.31655569374561304 0.026451646350324157 -0.057203615084290498 -0.11257097497582434 -0.021937659010291096 0.052856907248497016 -0.042016442865133279 -0.011342579033225773 -0.026734092272818085 -0.020076722837984558 0.2356245890259743 0.028326814062893394 -0.032503444701433175 -0.01940959598869085 0.029357678256928924
decision_type=2 2 2 2 2 2 2 2 2 2 10 8 2 2 2 2 2 2 2 2 2 2 2 2 2 2 2 2 2 2
left_child=1 -1 3 -3 -4 6 -5 8 9 12 -2 -7 -6 -14 -15 -11 17 -9 19 20 -13 -21 -23 25 -25 27 -27 28 -20 -28
right_child=10 2 4 5 7 11 -8 16 -10 15 -12 18 13 14 -16 -17 -18 -19 23 21 -22 22 -24 24 -26 26 29 -29 -30 -31
leaf_value=-0.095008739122200259 -0.080520630890393671 -0.01772728478073788 0.0017341879473321683 0.041198689081384576 0.050698667234868537 -0.04506779703037881 -0.017084879879213682 -0.12204019803909599 -0.0077381295696933115 -0.071062211303567074 -0.016565187302338386 0.023758788052489196 -0.097881451032580002 -0.080752221501733876 0.032777456800514845 0.075735510003671722 -0.026545804795942013 0.048799728975026276 0.04799237129821593 -0.10033383534328269 -0.058363585870107093 -0.05943468458412178 -0.0054595707280938122 0.025373016961222117 0.00029791511161050789 0.034471038537881235 -0.15964622680480886 -0.016526506638742226 -0.028755243848567154 -0.0051780420677491439
leaf_weight=4.1813633338324498 10.030599638816058 191.21686722041704 867.28494315424177 32.221284329621994 9.8451437009207439 12.204927263202988 11.01616099147577 0.7678026920366382 54.913102371137938 1.1209448781883118 15.013610177337794 26.925583618605742 2.8051404725119911 2.8729921577905762 10.096439161134187 14.466911655690634 4.7072529619108527 42.774174930578738 15.65020336808084 5.7148394638643358 5.6229400625379631 14.702950447950569 21.078788386279484 84.589705715850869 207.20406806269239 30.995554900408024 1.6243084127781902 164.61571976541018 10.174484297494926 3.3334073934674961
leaf_count=18159 15704 36327 94717 2960 610 13039 1509 153 5587 109 39677 2280 238 576 659 790 570 4200 1014 826 575 1988 2936 9514 24277 2759 310 17522 1368 233
internal_value=0 0.00031089 0.000526267 -0.00394978 0.00423793 0.000117835 0.026349 0.0192788 0.00951488 0.0325062 -0.0421803 -0.00175857 0.012627 -0.0111341 0.00762833 0.0651791 0.0387303 0.0457872 -0.00086604 -0.0168923 0.00957169 -0.0376498 -0.0276383 0.001424 0.00756707 -0.00649368 0.0220251 -0.0118777 0.0177551 -0.0557868
internal_weight=0 1854.73 1850.55 838.892 1011.65 647.675 43.2374 144.37 96.1207 41.2076 25.0442 604.437 25.6197 15.7746 12.9694 15.5879 48.2492 43.542 592.233 74.0451 32.5485 41.4966 35.7817 518.187 291.794 226.394 35.9533 190.44 25.8247 4.95772
internal_count=301186 245805 227646 119437 108209 83110 4469 13492 8569 2982 55381 78641 2083 1473 1235 899 4923 4353 65602 8605 2855 5750 4924 56997 33791 23206 3302 19904 2382 543
is_linear=0
shrinkage=0.1


Tree=63
num_leaves=31
num_cat=5
split_feature=157 197 119 237 119 237 237 237 157 176 156 173 8 237 124 170 157 185 180 140 156 126 162 201 8 86 118 101 123 9
split_gain=5.30834 3.93174 6.30079 6.11621 5.95773 6.28992 3.68521 3.10398 3.02715 3.96012 3.63331 4.19898 3.00188 2.85807 2.74864 2.5461 2.90555 3.41437 3.003 3.64466 2.72069 2.52332 2.46761 2.46754 2.42136 2.4018 2.39821 2.39299 2.87478 2.66129
threshold=0.3929880559444428 0.0436184760183096 0.0018071867525577547 0 0.029297959059476856 1 2 3 0.63727831840515148 -0.18006628006696698 0.30471627414226538 0.077621839940547957 0.23370447009801867 4 0.074163738638162627 0.61243727803230297 0.55911573767662059 0.05130844563245774 -0.20389556884765622 0.016291682608425621 0.16749174892902377 -0.031200697645545002 49.437789916992195 0.0785818286240101 0.3721142858266831 -0.8471047282218932 0.049238983541727073 -0.0399064403027296 -0.028559414669871327 0.010787599720060827
decision_type=2 2 2 9 2 9 9 9 2 2 2 2 10 9 2 2 2 2 2 2 2 2 2 2 10 2 2 2 2 8
left_child=-1 4 3 26 5 15 27 14 10 -10 13 -12 23 -7 -4 16 20 18 19 -18 -2 -21 -14 -8 -19 -22 -3 28 -6 -29
right_child=1 2 7 -5 6 8 12 -9 9 -11 11 -13 22 -15 -16 -17 17 24 -20 21 25 -23 -24 -25 -26 -27 -28 29 -30 -31
leaf_value=-0.037055870878983668 0.015765127382130577 0.013935414826406671 0.0058291683282646993 -0.022879158959425924 -0.041558905189655118 -0.017851811709966581 -0.023491656043738485 0.021655445196761582 0.090333932044957863 0.0040633893964448168 -0.054007422700415787 -0.0035755017518066404 -0.049540483677765035 0.0018673070140609331 -0.071266766054787073 -0.037110451413944937 0.012083673895235398 0.052854585946968957 0.020547321426455472 0.028510248923891354 0.007271666300778962 -0.11686806442856985 0.0037037160545913351 -0.057592343712738692 -0.034999254058497811 -0.030054037590815954 -0.024748552688384495 -0.047049032180818566 0.029870211462562236 0.0057866954228691933
leaf_weight=36.778593966148037 89.803586763682688 121.31225219414046 166.53003348610764 100.94589538446508 6.5566156624590795 102.99793469241013 126.72817008578932 249.83561937105878 5.5304086214600821 140.44160976666899 35.946625762628173 30.532225992443273 10.202567266489494 210.96668339766438 4.7564819328581498 9.982520192552327 10.625965495750281 42.543259292637231 115.93607613976928 1.5637990839022675 35.938823791977484 5.0476340392051489 59.270319955154264 25.48728045691314 3.3869244299421544 33.132456752686267 18.465341349932714 14.885505288113562 40.062372986230912 26.512808559176847
leaf_count=38837 23939 17004 23400 15472 1225 20363 20923 26365 91 5322 4144 6057 1272 38026 925 2303 623 2555 7430 50 7205 360 8257 5675 162 7260 2668 3236 6581 3507
internal_value=0 0.00131181 0.00748484 -0.00542034 -0.00213861 0.00208296 -0.0140572 0.0148617 -0.00481885 0.0073319 -0.00960762 -0.0308452 -0.020419 -0.00511078 0.00348483 0.0123092 0.014133 0.0228656 0.0147571 -0.0241871 0.00428851 -0.0824818 -0.00411556 -0.0292015 0.0463762 -0.0106329 0.00823585 0.0038489 0.0198242 -0.0132113
internal_weight=0 1845.93 661.846 240.723 1184.08 874.377 309.706 421.122 526.415 145.972 380.443 66.4789 221.688 313.965 171.287 347.961 337.979 179.104 133.173 17.2374 158.875 6.61143 69.4729 152.215 45.9302 69.0713 139.778 88.0173 46.619 41.3983
internal_count=301237 262400 85834 35144 176566 125890 50676 50690 74003 5413 68590 10201 36127 58389 24325 51887 49584 11180 8463 1033 38404 410 9529 26598 2717 14465 19672 14549 7806 6743
cat_boundaries=0 2 4 6 8 10
cat_threshold=369992859 56207 1971438881 5781712 777017026 166951 1943062177 5853391 169213954 197927
is_linear=0
shrinkage=0.1


Tree=64
num_leaves=31
num_cat=4
split_feature=160 236 170 237 161 237 16 131 157 108 237 197 157 156 170 109 74 170 111 188 185 154 90 104 214 131 190 132 197 159
split_gain=4.61444 3.57007 3.49269 3.05492 2.99126 2.91701 2.62819 2.71671 2.55743 2.44927 2.43915 2.55547 2.42691 4.51279 3.04477 3.16337 2.60461 2.55107 2.41093 2.85879 2.4021 3.30862 2.39429 2.46429 2.37388 2.81019 2.34708 2.95497 2.49616 2.29498
threshold=1.0000000000000002 0 0.55740875005722057 1 4.0903296470642099 2 1.0000000180025095e-35 -0.050377236679196351 0.59522119164466869 -0.068109046667814241 3 -0.09804216772317885 0.53720718622207653 0.2416573911905289 0.54266294836997997 1.0000000180025095e-35 0.40778534114360815 0.42745165526866918 0.012428235728293659 -0.049330933019518845 0.078811459243297591 0.017363012768328193 1.3917306065559389 0.036302730441093452 -0.063743367791175828 -0.0024834829382598396 0.050192914903163917 0.016821648925542835 0.047864783555269248 1.0965051651000979
decision_type=2 9 2 9 2 9 2 2 2 2 9 2 2 2 2 2 2 2 2 2 2 2 2 2 2 2 2 2 2 2
left_child=1 3 6 9 8 22 7 -2 -4 -1 20 -12 16 14 15 -14 17 -7 19 -16 21 26 23 -3 25 -24 -8 28 -28 -29
right_child=2 5 4 -5 -6 12 10 -9 -10 -11 11 -13 13 -15 18 -17 -18 -19 -20 -21 -22 -23 24 -25 -26 -27 27 29 -30 -31
leaf_value=-0.078036089935602793 0.039361359848356266 -0.026457368672132366 -0.042058089081317994 0.01944301924586056 -0.076128307413592458 0.024991971020208642 -0.016915859298145673 -0.044706598479084099 -0.004439996761154706 6.2479932701418563e-05 0.031316181660478747 0.0015178292769327309 0.071709922967952588 0.0031229899011078538 0.044884200887731159 0.024921704553059355 0.043487967391956983 -0.0098527373006684973 0.029965832537039678 -0.057745948721936738 0.0062759599408476309 -0.037049558478122725 -0.039683746787798992 -0.14595714106469562 -4.9098027716809171e-05 0.0084903091814308492 0.0030066377783901925 -0.095774735081742834 0.050259986928782419 0.001329988626589897
leaf_weight=4.2495604099058246 4.5284956208179237 21.137753531922503 27.993698418738859 226.17054885871221 9.8830004335395625 24.536122693900325 97.1864619944281 25.4308363793225 50.990589671609996 72.937941711063104 32.056757295657007 281.5233957629398 24.898211067737066 152.83910367728822 3.8718420992918281 34.436252773753949 11.927352354392495 146.24880060202213 17.345057811322476 9.0772532556184142 80.476934845552023 48.15735358714528 34.435791203288318 1.8790793803127588 348.62131876292733 18.676376004414124 37.431061337714709 4.4407348325366893 15.939574146243102 5.3855981905653607
leaf_count=739 888 3956 14913 29691 1960 4075 17174 10587 4807 9810 7266 41243 1003 11387 535 1634 5664 44776 1694 1294 10386 8867 7975 505 46666 3744 4861 1056 1718 405
internal_value=0 0.00449801 -0.00569876 0.01361 -0.0242624 0.00107298 -0.00309078 -0.0319993 -0.0177726 -0.00375125 -0.00165353 0.00442301 0.00685072 0.0135702 0.0313854 0.0445552 -0.00169145 -0.00484671 0.00559082 -0.027059 -0.00811863 -0.0140629 -0.00473514 -0.0362133 -0.00304951 -0.0227438 -0.00716081 0.00784084 0.0171192 -0.0425538
internal_weight=0 1153.29 721.424 303.358 88.8673 849.93 632.557 29.9593 78.9843 77.1875 602.598 313.58 425.18 242.468 89.6286 59.3345 182.712 170.785 30.2942 12.9491 289.018 208.541 424.75 23.0168 401.733 53.1122 160.383 63.197 53.3706 9.82633
internal_count=301279 175148 126131 40240 21680 134908 104451 11475 19720 10549 92976 48509 72062 17547 6160 2637 54515 48851 3523 1829 44467 34081 62846 4461 58385 11719 25214 8040 6579 1461
cat_boundaries=0 1 3 5 7
cat_threshold=9 3261089315 5051665 4046866821 516474 687671774 5049114
is_linear=0
shrinkage=0.1


Tree=65
num_leaves=31
num_cat=0
split_feature=157 156 8 157 125 170 85 170 157 170 12 138 66 92 143 221 137 198 175 85 86 192 184 157 93 165 171 66 76 112
split_gain=4.49006 6.54736 4.11285 4.02272 3.88132 3.50851 3.41636 3.33322 3.28994 3.17985 3.99015 3.29457 3.06469 3.48388 3.05583 3.51492 3.82253 2.96872 2.92886 2.92461 2.89013 3.92611 2.80717 2.75382 2.74981 3.20052 3.06658 3.10458 3.63665 2.65801
threshold=0.52564567327499401 0.2416573911905289 0.14990550279617312 0.61253345012664806 -0.017766301520168778 0.53965613245964061 46.500000000000007 0.41605599224567419 0.37827348709106451 0.50063320994377147 192.50000000000003 -0.041844272986054414 5.6705176830291757 0.84640949964523327 0.0024680288042873148 -0.038472002372145646 -0.0034658951917663212 0.10650533065199853 -0.080523081123828874 46.500000000000007 -0.95708391070365895 0.042513437569141395 0.2859159409999848 0.60335811972618114 0.12953764945268634 96.500000000000014 0.44739343225955969 1.1292238831520083 0.056873315945267684 -0.031899604946374886
decision_type=2 2 8 2 2 2 2 2 2 2 8 2 2 2 2 2 2 2 2 2 2 2 2 2 2 2 2 2 2 2
left_child=2 9 7 4 -3 8 -5 -1 -4 10 -2 18 13 -10 -12 16 -16 22 29 -9 21 -17 -8 -13 25 -25 -26 28 -28 -11
right_child=1 3 5 6 -6 -7 17 19 12 11 14 23 -14 -15 15 20 -18 -19 -20 -21 -22 -23 -24 24 26 -27 27 -29 -30 -31
leaf_value=0.028132490091312856 0.060658745256188445 -0.031421214932790369 -0.039860161427743956 0.01746756083103505 -0.0046608648611177021 -0.028141839621364635 -0.0050495352823344561 -0.051388273596912948 0.038956842761289599 -0.14950918217993375 0.034844592369419176 0.0043606290579373021 -0.017588562153823605 0.003830929718569076 0.0044555888543669842 -0.053370582255721943 -0.089233774649135789 0.035835837377008989 -0.0052642645156997948 -0.017271948621665346 0.029650112499772941 0.035245669331593441 0.065828362517000735 0.046983404210352492 0.030761671388867456 -0.029832043993501069 -0.090379361422998364 -0.10378048874673636 0.057867823273961894 -0.028122980308349355
leaf_weight=12.597995109968904 25.158343543693263 69.80177794442352 18.432854687318468 134.47124423611967 242.48080225542981 45.0647538603871 309.85686980566243 33.292219199644023 31.471519846290903 3.2165199272567406 59.710784117574804 234.1427740191366 58.218168753905957 274.67666468982134 10.640263269655408 11.691884155065056 7.3720194589404846 20.131714465169352 16.248012069965625 102.45376675860643 46.496922448975965 8.7346715147141349 5.6904979505634392 48.683092574166949 13.571308095713905 6.104144861426902 2.6489066515350697 4.5394187517085811 4.4089327379333554 4.1075760483508956
leaf_count=3638 4207 8372 19364 5314 29745 27161 14314 16577 6680 414 1497 28210 31012 52566 389 408 258 1559 1808 41830 1173 245 177 1828 509 195 156 335 146 425
internal_value=0 0.00389327 -0.00672433 -0.00184443 -0.0106424 -0.00174966 0.00399933 -0.0210726 0.00135734 0.0127397 0.0239024 0.00712635 0.00344248 0.00744181 0.0175094 0.00532251 -0.0338893 -0.00139598 -0.0289304 -0.0256391 0.0158763 -0.0154771 -0.00377134 0.0098323 0.0258555 0.038425 -0.00150577 -0.0392657 0.00222856 -0.0814321
internal_weight=0 1289.91 576.208 782.433 312.283 427.864 470.15 148.344 382.799 507.476 169.805 337.671 364.366 306.148 144.647 84.9358 18.0123 335.679 23.5721 135.746 66.9235 20.4266 315.547 314.099 79.9558 54.7872 25.1686 11.5973 7.05784 7.3241
internal_count=300512 101684 198828 59481 38117 136783 21364 62045 109622 42203 8177 34026 90258 59246 3970 2473 647 16050 2647 58407 1826 653 14491 31379 3169 2023 1146 637 302 839
is_linear=0
shrinkage=0.1


Tree=66
num_leaves=31
num_cat=4
split_feature=170 166 237 3 237 158 157 237 92 150 100 66 190 164 166 128 157 215 156 148 13 237 157 95 113 212 112 227 10 179
split_gain=4.93574 3.42207 3.9628 4.52726 3.2497 3.18205 3.06466 3.0545 3.32908 3.72022 3.00294 2.87522 2.68992 2.51372 2.62852 2.46657 2.42537 2.42273 2.40194 2.36115 2.40221 2.33805 2.54453 2.30873 3.59668 3.15839 2.74431 2.45998 2.42376 2.37452
threshold=0.50063320994377147 0.69948154687881481 0 0.072077922523021712 1 0.29166667163372045 0.49688294529914862 2 0.92911407351493847 -0.020076722837984558 0.1083575338125229 10.145112514495851 -0.029826000332832333 2.3502402305603032 0.42738772928714758 -0.018209472298622128 0.46828310191631323 0.17154660075902942 0.57259953022003185 0.0013960644719190898 0.054079741239547736 3 0.49330347776412969 -0.0098824794404208643 0.10901987925171853 -0.072941519320011125 -0.0210390156134963 0.028786588460206989 844.50000000000011 0.05983641371130944
decision_type=2 2 9 10 9 2 2 9 2 2 2 2 2 2 2 2 2 2 2 2 8 9 2 2 2 2 2 2 8 2
left_child=4 2 6 17 23 21 -2 8 -7 -10 19 13 -11 -6 -15 16 -16 -4 -17 20 -8 22 -3 25 29 26 -1 -28 -26 -25
right_child=1 5 3 -5 11 7 10 -9 9 12 -12 -13 -14 14 15 18 -18 -19 -20 -21 -22 -23 -24 24 28 -27 27 -29 -30 -31
leaf_value=0.044268327086794984 -0.042875566981464483 -0.030782507433099984 -0.053968125679848683 -0.01458536801082401 0.030969288427821869 -0.0018492003103389211 -0.025365942318724334 0.01066802292780417 -0.14115461604512633 -0.10705170970656624 0.050002957775779594 -0.055894891344149239 0.0011501442774881796 -0.042968222834022594 -0.0062841019857518034 0.0062968172705829654 0.030365769066816057 0.09451076005771325 -0.056374802347153044 0.023881257450526119 0.015220619482761863 -0.011052842321935766 0.017425520212074174 0.010561261905737593 -0.026931310583966736 -0.016229674590131166 -0.039334146159304278 0.042448729901145954 -0.22027871654052597 -0.023056005984265625
leaf_weight=18.139035410680663 13.529155446572984 13.273517897205236 43.687491797392795 173.75676757157362 64.643592751641336 57.924354413393303 38.874331586497647 264.620029599193 3.7165660724131149 3.0932985770778023 14.469124865296179 6.1590598363295603 8.9316393239860172 9.3205328921303572 22.686852841919972 195.72836360174915 88.468842592734291 1.1273020280641493 6.3125660954829064 30.35063277628069 23.337636820797343 312.26252215962631 62.516282635602693 197.41423475851116 1.5024336174756165 143.1718564449875 11.024475416681527 5.5192986852016466 1.1405380496580617 23.513857207008186
leaf_count=1930 15060 6574 31482 38557 11179 4806 8347 17951 272 375 2515 6596 512 11044 9446 26595 5213 163 411 6878 4484 29336 4939 26265 379 21148 1557 881 114 5907
internal_value=0 -0.00511717 -0.0134111 -0.0209365 0.00529576 -0.0012447 0.00181807 0.00584434 -0.0113857 -0.0537103 0.00763736 0.0115979 -0.0266837 0.0129712 0.00936374 0.0109211 0.0228855 -0.0502332 0.00433871 0.00101489 -0.0101407 -0.00742459 0.00793552 -0.00113967 0.00559602 -0.00967081 0.0174044 -0.0120499 -0.110368 0.0069833
internal_weight=0 1065.47 339.132 218.572 794.746 726.338 120.561 338.286 73.6659 15.7415 107.032 393.32 12.0249 387.161 322.517 313.197 111.156 44.8148 202.041 92.5626 62.212 388.052 75.7898 401.426 223.571 177.855 34.6828 16.5438 2.64297 220.928
internal_count=300916 172251 107486 70202 128665 64765 37284 23916 5965 1159 22224 70484 887 63888 52709 41665 14659 31645 27006 19709 12831 40849 11513 58181 32665 25516 4368 2438 493 32172
cat_boundaries=0 2 4 6 8
cat_threshold=1602349282 268353 3947545550 6030083 477170752 4881 140771404 1478672
is_linear=0
shrinkage=0.1


Tree=67
num_leaves=31
num_cat=3
split_feature=157 156 156 170 237 157 154 237 170 237 172 126 170 129 187 156 101 125 202 93 157 93 85 156 157 213 135 206 67 98
split_gain=5.07037 4.95677 3.84699 3.78324 3.50962 3.62821 3.59388 3.41689 3.9834 3.08499 3.17642 3.05525 3.04106 2.97195 2.95775 2.91194 2.88447 4.53829 2.81126 3.65744 2.72016 3.81995 2.71969 2.55497 2.66791 2.66376 2.90651 2.60038 2.53036 3.5681
threshold=0.62342819571495067 0.41612553596496588 0.35097050666809088 0.53199100494384777 0 0.56913721561431896 -0.056506579741835587 1 0.54612973332405101 2 -0.20931559801101682 0.012152204290032389 0.41605599224567419 0.023855131119489673 0.053984023630619056 0.025751547887921337 -0.10885072872042655 -0.045586446300148957 -0.032799368724226945 -0.10291672497987746 0.45701894164085394 0.24656820297241214 52.500000000000007 0.15821565687656405 0.39928875863552099 0.0091617782600224035 -0.016232495196163651 -0.10877477377653121 1.0836238861083987 -0.01637823041528463
decision_type=2 2 2 2 9 2 2 9 2 9 2 2 2 2 2 2 2 2 2 2 2 2 2 2 2 2 2 2 2 2
left_child=1 3 7 4 23 12 -7 8 22 14 13 -10 -6 -11 -4 -5 17 -8 -19 -20 -14 -22 -2 24 -1 27 -27 -25 29 -12
right_child=2 -3 9 15 5 6 16 -9 11 10 28 -13 20 -15 -16 -17 -18 18 19 -21 21 -23 -24 25 -26 26 -28 -29 -30 -31
leaf_value=-0.040521493843345295 0.046847552319104063 -0.023341214390902702 0.0042935203300158023 -0.071783202269971189 0.041607546401943522 -0.062944171460266929 -0.27876718727014488 0.031271947316086464 -0.024592232527691299 -0.060051835385359111 -0.073578414379391652 -0.14914103278485999 -0.013704398027243218 0.066248190649657701 0.035529080933536066 -0.0093858505084483609 0.038960434465386926 0.052537146633270831 -0.15744184718722337 0.0049679236025071327 0.0029122651283472541 0.042340545644504513 -0.0037705709937140212 0.034652604555386317 0.0056318936033527998 -0.0316533304948362 0.0080414505166153376 -0.024316260568146411 0.005939674818374212 -0.0051088291087127676
leaf_weight=13.236318528108312 17.195284159155563 107.95245025066833 103.19591315812067 7.6816393156714176 20.395138675063208 4.2791943074262226 0.60975283751031462 103.33277635706327 14.228875012930077 16.702463680194345 10.589606105590063 2.2859754268720271 85.740136327251093 2.097003534261602 42.925280658644624 283.6749849220505 70.600687461366761 5.6538662826133068 1.9756941746454675 4.6504081034508982 267.46941300036087 27.0578390013834 27.736618554896268 7.9508518996881312 232.92435615111935 23.139057970973226 90.951113062130389 125.77215551809422 102.67823527437213 27.058783908934856
leaf_count=15071 461 16128 4874 10102 4273 225 59 3274 862 741 401 185 52517 49 1634 70542 2842 322 180 263 39345 3655 933 907 40312 3353 8689 13134 4857 1159
internal_value=0 -0.00276723 0.00925651 -0.00102357 0.00194437 0.00786175 0.0264373 0.0215698 0.000141666 0.00260952 -0.0069275 -0.0418322 0.00398879 -0.0459636 0.0126067 -0.011031 0.0310184 -0.0124824 0.000739736 -0.0434575 0.00197116 0.00653449 0.0156008 -0.00398511 0.00315018 -0.0112336 -9.19776e-06 -0.0208101 -0.00219153 -0.0243677
internal_weight=0 1381.72 470.027 1273.76 982.406 488.432 87.7696 164.78 61.4468 305.247 159.126 16.5149 400.663 18.7995 146.121 291.357 83.4904 12.8897 12.28 6.6261 380.267 294.527 44.9319 493.974 246.161 247.813 114.09 133.723 140.327 37.6484
internal_count=301349 281919 19430 265791 185147 103681 3891 5715 2441 13715 7207 1047 99790 790 6508 80644 3666 824 765 443 95517 43000 1394 81466 55383 26083 12042 14041 6417 1560
cat_boundaries=0 2 4 6
cat_threshold=3513994115 725423 2148402782 5637848 491034002 1114481
is_linear=0
shrinkage=0.1


Tree=68
num_leaves=31
num_cat=1
split_feature=237 170 157 93 218 88 66 157 172 212 232 110 129 190 207 72 226 154 132 116 106 223 1 157 157 10 159 140 228 92
split_gain=3.50514 3.49715 3.71768 3.44494 3.69744 2.95309 2.44796 2.78575 3.52278 3.39332 2.83766 3.13744 2.76962 3.33701 2.99729 2.8561 2.72674 2.7421 2.91654 2.58713 2.95028 2.52923 2.46161 2.41098 2.40811 2.36443 2.36033 2.74572 2.85612 2.35301
threshold=0 0.47228689491748815 0.46083478629589086 -0.18313849717378614 0.082491297274827971 0.69107723236083995 9.2156176567077654 0.65611082315444957 0.5478874444961549 0.16501245647668841 -0.012928754091262816 -0.043723370879888528 -0.039454452693462365 -0.23870863020420072 0.024731407873332504 0.1040497198700905 0.0095887864008545893 0.015261164400726559 -0.048685612156987183 -0.053326742723584168 0.049693964421749122 0.10197634622454645 0.10172414034605028 0.54983052611351024 0.34786841273307806 5.5000000000000009 0.48506273329257971 -0.021287984214723107 -0.082417961210012422 0.92732033133506786
decision_type=9 2 2 2 2 2 2 2 2 2 2 2 2 2 2 2 2 2 2 2 2 2 8 2 2 10 2 2 2 2
left_child=-1 3 -3 4 -2 -6 7 10 9 19 12 -12 14 -14 -4 23 17 -15 -19 20 -9 -21 -20 -16 -5 -8 -18 28 -28 -24
right_child=1 2 6 24 5 -7 25 8 -10 -11 11 -13 13 16 15 -17 26 18 22 21 -22 -23 29 -25 -26 -27 27 -29 -30 -31
leaf_value=-0.0045369262760435744 -0.0041892926816152554 -0.024384028499686891 -0.0073355396245169836 -0.04232164936101783 -0.18998275227244749 -0.019121698754746504 -0.094912208751475977 0.10860684491909683 -0.2047901826591931 -0.19742920554993115 -0.014951325637590027 0.010241308340624727 0.067937649708103856 0.014586084703423173 -0.02932185451551347 -0.011531115210305705 0.0016060658639091248 -0.14229229711209521 -0.02401879035105324 0.01167513746279829 -0.058634366812410292 0.062252446401226361 0.046412632506962689 -0.11920180351820156 0.018525544012844741 -0.011695056047250352 0.071762260817552687 -0.021295487220693406 -0.10458793998915727 -0.06069773159772418
leaf_weight=688.56694049274392 15.527003976376365 52.85696542795904 31.353244102378085 6.6708058105195951 2.1953565516123481 1.8759332158006143 4.6894968771630401 5.8288442308548829 0.7102819670108137 0.72342172841308539 57.671058008432738 346.11868870714716 6.6853088444477171 94.56158037644127 4.7434541227667095 8.6711071247918863 35.248900424398016 1.7221874342067156 34.451080213542809 108.61534936578391 1.2878787699446546 10.877481583869665 10.964207368364439 8.0482183946805872 260.43777109130406 12.555880090982098 1.043994676787406 39.85915396488781 7.6329842846153024 2.522917833448445
leaf_count=103428 2709 47589 4297 6100 217 191 3818 126 19 31 8316 42990 413 11100 1193 967 6864 244 4446 3161 64 279 1069 707 34791 8407 125 6080 1283 399
internal_value=0 0.00439509 0.00133657 0.0140368 -0.0264308 -0.111255 0.00296164 0.00374642 0.017295 0.0185338 0.00123694 0.00664318 -0.00635583 -0.00169978 -0.0270454 -0.0558379 -0.00374159 0.0045936 -0.0144337 0.0197678 0.078342 0.0162792 -0.0098404 -0.0858722 0.0170059 -0.0343241 -0.0180892 -0.0323927 -0.0833699 0.0263764
internal_weight=0 1176.15 889.444 286.707 19.5983 4.07129 836.587 819.341 128.043 127.333 691.298 403.79 287.508 234.692 52.816 21.4628 228.007 144.222 49.6604 126.61 7.11672 119.493 47.9382 12.7917 267.109 17.2454 83.785 48.5361 8.67698 13.4871
internal_count=301423 197995 153987 44008 3117 408 106398 94173 3680 3661 90493 51306 39187 32023 7164 2867 31610 17258 6158 3630 190 3440 5914 1900 40891 12225 14352 7488 1408 1468
cat_boundaries=0 2
cat_threshold=3225831180 4661673
is_linear=0
shrinkage=0.1


Tree=69
num_leaves=31
num_cat=4
split_feature=156 157 157 237 159 8 74 237 237 237 184 114 138 171 0 184 93 212 178 101 100 209 186 95 199 202 0 124 151 157
split_gain=3.79167 6.59265 4.46996 5.06582 4.39573 6.14247 4.28027 4.2745 4.01861 3.72173 3.02305 2.97986 2.67284 2.67167 3.04497 3.39318 2.8051 2.72162 2.62542 2.61875 2.91326 2.61167 3.06745 2.55923 2.52556 2.49275 2.48685 2.47624 2.4638 2.44529
threshold=0.35097050666809088 0.60335811972618114 0.68493673205375682 0 1.3112287521362307 0.27338010072708135 0.49390244483947759 1 2 3 0.12041182443499567 -0.0023003176320344205 0.0020512348273769025 0.44739343225955969 0.3473824411630631 -0.016659532673656937 -0.042324651032686227 -0.033523702993988984 -0.024655080400407311 -0.092251960188150392 0.074809633195400252 0.039167810231447227 -0.14338201284408567 0.14392650127410891 -0.027873735874891278 -0.10007334500551222 0.25658351182937628 -0.043631104752421372 -0.032187832519412034 0.44164605438709265
decision_type=2 2 2 9 2 10 2 9 9 9 2 2 2 2 8 2 2 2 2 2 2 2 2 2 2 2 10 2 2 2
left_child=1 4 3 28 5 8 7 19 -1 -3 -10 -9 -12 14 -4 16 -16 -18 26 -6 -21 22 -5 25 -22 -24 -11 -27 -2 -7
right_child=2 9 13 21 6 29 -8 11 10 18 12 -13 -14 -15 15 -17 17 -19 -20 20 24 -23 23 -25 -26 27 -28 -29 -30 -31
leaf_value=-0.018460416493513678 -0.083134639330148349 0.030631558670491273 0.034906181335387802 -0.060859036970810611 0.016735903755879893 -0.020370614142469698 0.077025436779401449 -0.00014200019301600887 0.0029478428731055956 0.011315928668342775 -0.052037469078122837 0.02532271271195102 -0.0025548300000696939 -0.003952650813894119 -0.15433051749801396 0.029353279292621687 -0.18737486741312254 0.072737992837246204 -0.0039750543815881313 -0.006463179379980602 -0.0015534510957826275 0.010030852585969785 0.044802501454912741 -0.019405232424548891 -0.071800388948500188 -0.053915427965676138 0.060732609571294498 0.0048172579389254115 -0.029331697643711643 0.014062202457068025
leaf_weight=279.4152719332692 9.3841905889712489 104.62806028609339 47.323418999862042 11.912896347079366 32.123245523896912 23.317156314412387 8.960056528585481 70.947284666095584 238.98569003684497 42.416990414862084 20.440205012229853 130.44269587461167 23.427554285988663 80.168344116769731 2.6927846517937724 5.2565653747733432 0.55396530142752487 1.4688546869147101 98.312310194527527 71.954091163284829 7.8109459193801767 78.486984115200357 13.217438220737675 93.460699522511277 14.845055784635404 8.2854615461947088 13.401017510383097 53.729900444228406 91.497381305183808 178.60462711526816
leaf_count=84804 864 4133 1114 1808 3373 18800 1432 6732 74130 1716 6315 9786 5232 2893 85 195 23 56 4502 7941 759 10060 1779 9529 1479 1276 482 4875 7363 27957
internal_value=0 0.00269621 -0.00750688 -0.0133648 -0.000678641 -0.00487464 0.00883397 0.00697187 -0.0102473 0.0170596 -0.00143081 0.0155783 -0.0256113 0.00783306 0.0243237 -0.025896 -0.0874833 0.00150402 0.00550215 -0.0073534 -0.0163097 -0.00500589 -0.0118176 -0.00835442 -0.0475819 0.00537386 0.0231801 -0.00302963 -0.0312399 0.010086
internal_weight=0 1360.03 497.439 359.975 1101.27 764.191 337.083 328.123 562.269 258.758 282.853 201.39 43.8678 137.464 57.2956 9.97217 4.7156 2.02282 154.13 126.733 94.6101 259.093 180.606 168.693 22.656 75.2328 55.818 62.0154 100.882 201.922
internal_count=301493 259573 41920 37554 248740 217238 31502 30070 170481 10833 85677 16518 11547 4366 1473 359 164 79 6700 13552 10179 29327 19267 17459 2238 7930 2198 6151 8227 46757
cat_boundaries=0 2 4 6 8
cat_threshold=2295466000 590779 2554160644 1013538 2507572180 83563 225543000 816456
is_linear=0
shrinkage=0.1


Tree=70
num_leaves=31
num_cat=6
split_feature=160 156 237 158 156 237 157 237 157 64 119 237 197 170 78 126 4 237 195 237 170 201 170 220 98 41 75 117 217 150
split_gain=5.00408 3.36099 3.35816 2.96214 2.91428 4.00604 3.64586 3.70034 3.04238 2.92888 2.90259 4.10195 2.86909 2.81595 2.729 2.68572 3.47061 3.24044 2.54276 2.73841 2.53896 2.44852 2.43879 2.40695 3.50052 3.35988 2.80968 2.57684 2.40333 2.50382
threshold=2.0000000000000004 1.0000000180025095e-35 0 0.22500000149011615 0.18237251043319705 1 0.53720718622207653 2 0.61253345012664806 7.5000000000000009 -0.0051118342671543351 3 0.19945939630270007 0.48162244260311132 0.14434523880481723 -0.014753118623048065 0.15034247189760211 4 -0.13676721602678296 5 0.51093181967735302 -0.15691610425710675 0.56094616651535045 -0.011742642149329184 -0.13112241029739377 1.0000000180025095e-35 0.32856266200542456 0.05447626672685147 0.049867106601595886 0.016770211048424247
decision_type=2 2 9 2 2 9 2 9 2 2 2 9 2 2 2 2 10 9 2 9 2 2 2 2 2 2 2 2 2 2
left_child=1 -1 3 -2 6 12 7 -3 15 10 -8 23 -6 28 -13 16 17 -7 -17 -20 -19 -22 -9 24 -12 26 -25 -26 29 -10
right_child=2 4 -4 -5 5 8 9 22 13 -11 11 14 -14 -15 -16 18 -18 20 19 -21 21 -23 -24 25 27 -27 -28 -29 -30 -31
leaf_value=-0.097151294271643887 -0.062611892555883342 -0.008494740919351226 -0.0034725778796225204 -0.020015425796176198 -0.014910222825784962 -0.0092832287278549145 0.032268223051512814 0.011940324494133377 0.082157014058291469 -0.068791245371559964 -0.19742673721638651 0.029980938885013148 0.045067615397022115 0.0060574502618736927 -0.08778309771804621 0.016424728944544324 -0.042536667643414537 0.035235875206236 0.004818857119166354 -0.021709965399561229 0.082145285794840664 -0.004677176416208466 -0.046122035092298119 0.019969642040463517 -0.013312516338907574 -0.0741499366484204 -0.22965109052045107 -0.10760467258849755 0.0001077633380751034 -0.034429008474836313
leaf_weight=3.4982298091554176 27.75393956802327 216.07721988009689 100.89315035785421 39.644625514250038 261.80240626629711 57.064782524343173 84.562129697220371 212.24493623254693 13.066389767627699 4.0032465275071436 1.1975408689322637 73.312118716490659 8.2261776876439381 298.67258900816523 2.0220641615014747 28.619064840997453 13.979991581783905 56.223892941685335 53.401731447083876 145.94426874510827 3.5495655178692678 38.255012031509068 7.4893752081989069 36.287544872440776 27.69945134056616 4.5589580169362298 0.45658959453430625 3.2369363548277752 8.8193474259751365 2.1443985551231881
leaf_count=19478 4855 70554 19274 5007 18397 7444 6331 58990 439 379 91 5573 773 14412 206 3995 4334 6896 8740 25760 215 8785 4080 2844 2197 405 36 291 262 99
internal_value=0 0.000764571 -0.0173289 -0.0327038 0.000970554 -0.00248182 0.00604679 0.000615818 0.00147499 0.0160195 0.0174745 0.00906576 -0.0126158 0.00870712 0.0236771 -0.00436595 0.00518422 0.00948574 -0.0114489 -0.0154506 0.0193815 0.00269479 0.00952774 -0.00805085 -0.0296722 0.00682144 0.0168678 -0.0231785 0.0416401 0.0657209
internal_weight=0 1666.42 168.292 67.3986 1662.92 989.77 673.148 435.812 719.741 237.337 233.333 148.771 270.029 322.703 75.3342 397.038 169.073 155.093 227.965 199.346 98.0285 41.8046 219.734 73.437 32.1339 41.3031 36.7441 30.9364 24.0301 15.2108
internal_count=301142 272006 29136 9862 252528 100551 151977 133624 81381 18353 17974 11643 19170 15212 5779 66169 27674 23340 38495 34500 15896 9000 63070 5864 2579 3285 2880 2488 800 538
cat_boundaries=0 2 4 6 8 10 12
cat_threshold=2457993984 1131267 562169999 5112185 3311345412 6144387 1354278617 1823436 3527475776 87682 1449140800 45184
is_linear=0
shrinkage=0.1


Tree=71
num_leaves=31
num_cat=1
split_feature=157 156 234 157 170 157 92 12 74 8 171 216 225 195 138 86 10 154 226 86 109 175 107 72 151 192 186 10 190 128
split_gain=3.33313 4.65817 4.04745 3.68233 2.8741 3.75139 4.05997 3.40632 2.99789 2.90253 2.81692 2.71394 3.11183 3.17995 2.9854 2.67854 4.10874 2.64615 2.46735 3.57067 2.48268 2.61482 2.56061 2.77496 2.38507 2.37372 2.36631 2.33121 2.32831 2.39468
threshold=0.68493673205375682 0.27311578392982488 0 0.36989766359329229 0.45447091758251196 0.54545071721076976 0.90024566650390636 166.50000000000003 0.49390244483947759 0.13982659578323367 0.12227170169353486 -0.0087882564403116686 -0.078161858022212968 0.17240267246961596 0.0011160956346429887 -0.79788756370544422 168.50000000000003 -0.033714309334754937 -0.041413066908717149 -0.99509134888648976 0.050363846123218543 -0.017612827010452744 0.030455108731985096 0.086313325911760344 0.0041827198583632716 0.19323071837425235 0.11110916361212732 844.50000000000011 0.15476258844137195 -0.023406194522976872
decision_type=2 2 1 2 2 2 2 8 2 10 2 2 2 2 2 2 8 2 2 2 2 2 2 2 2 2 2 8 2 2
left_child=1 3 15 -1 9 6 7 -6 -9 25 -10 14 -13 18 -4 -3 -17 27 19 -14 21 -20 23 -23 -15 -5 -8 -2 -18 -30
right_child=17 2 11 4 5 -7 26 8 10 -11 -12 12 13 24 -16 16 28 -19 20 -21 -22 22 -24 -25 -26 -27 -28 -29 29 -31
leaf_value=-0.039656790494638404 -0.051499988741495487 0.0065247135409368419 0.010429129910987338 -0.0053073272114882927 -0.02200328742682214 0.0077853553310931181 -0.017854991034902401 0.0071760161384961055 0.075524192629497708 0.027123659002151114 -0.081589756436561633 -0.10540035067822194 0.029888491703803449 -0.051918561330119239 -0.026520716292134011 0.026530510771577972 -0.013394852982057665 0.02047752511924909 -0.0022068417232280224 -0.035019350750059589 -0.081934401888926756 -0.04464058554545669 -0.092848670978340125 0.061674367730008742 -0.16450824208449125 0.051575364810603777 0.0077393324910010608 0.0059088755085086424 0.0014637910469504833 -0.11924635022042554
leaf_weight=20.353699857406355 10.003199144659446 180.87531041044531 44.2243422587635 68.20150419356105 38.947024407675599 435.8539918512015 214.93472391205432 172.03635789419513 10.742263611191445 92.870065019338654 1.2767898402089475 5.4200697756969012 18.044741212623194 6.8078639130399079 43.252063896376058 26.47332776679832 169.68186886481271 125.93343705769075 24.342827960206701 15.981606253280914 9.2702586146733648 13.471161455341653 8.4980112334669666 3.0022489376424337 2.6000822249188786 8.2204097947796964 43.420542039422799 24.149804237065837 2.6807772661413765 4.2472642028005785
leaf_count=23922 753 22180 3545 10385 46464 31283 60031 30663 2674 13312 325 857 1127 374 3621 14976 9506 3631 2263 1203 1034 1206 757 190 242 986 12314 533 131 519
internal_value=0 -0.00131686 -0.00858574 0.00248468 0.00327412 0.0010645 -0.00502103 0.00486408 0.0105493 0.0152457 0.0588339 -0.0198968 -0.031565 -0.0276422 -0.00784045 -0.00226648 -0.0102079 0.0137822 -0.0220151 -0.000597636 -0.0344545 -0.0255291 -0.0482643 -0.0252649 -0.0830351 0.000811324 -0.0135535 -0.0109058 -0.0157149 -0.0725381
internal_weight=0 1685.73 578.874 1106.86 1086.5 917.212 481.358 223.002 184.055 169.292 12.0191 194.915 107.439 102.019 87.4764 383.959 203.083 160.086 92.6109 34.0263 58.5845 49.3142 24.9714 16.4734 9.40795 76.4219 258.355 34.153 176.61 6.92804
internal_count=301007 296090 63731 232359 208437 183754 152471 80126 33662 24683 2999 16419 9253 8396 7166 47312 25132 4917 7780 2330 5450 4416 2153 1396 616 11371 72345 1286 10156 650
cat_boundaries=0 1
cat_threshold=961
is_linear=0
shrinkage=0.1


Tree=72
num_leaves=31
num_cat=0
split_feature=156 157 233 120 120 11 74 158 198 185 190 157 195 113 161 86 119 118 156 156 133 195 184 226 110 58 202 122 94 194
split_gain=3.48888 4.39383 4.15368 3.73135 6.49506 3.41933 3.71818 2.86734 2.75129 2.53612 2.52998 2.87173 3.71608 4.25395 2.88135 2.41423 3.83835 2.25466 2.20841 2.28642 2.25894 4.11358 2.27398 3.35208 4.23071 2.62357 2.30166 2.45436 2.20315 2.14879
threshold=0.3352713286876679 0.59522119164466869 0.11736755073070528 0.0042612955439835795 0.028944098390638832 0.012896767817437651 0.49390244483947759 0.22500000149011615 -0.063241370022296892 0.28874948620796209 0.23346425592899325 0.61253345012664806 -0.13676721602678296 0.021711193025112156 3.729313969612122 -0.72701066732406605 -0.013866901863366364 0.024464579299092296 0.035875162109732635 0.20483683049678805 0.032617764547467239 -0.027771295048296448 0.14492795616388324 -0.017519063316285607 0.017430008389055732 1.0000000180025095e-35 0.14568280428647998 1.0000000180025095e-35 0.045017501339316375 -0.078825231641530977
decision_type=2 2 2 2 2 8 2 2 2 2 2 2 2 2 2 2 2 2 2 2 2 2 2 2 2 2 2 2 2 2
left_child=1 5 9 17 -5 -1 7 -7 -9 18 11 14 13 -13 -2 -15 -17 -4 -3 20 22 -22 26 25 -25 -24 -20 -28 -19 -14
right_child=10 2 3 4 -6 6 -8 8 -10 -11 -12 12 29 15 -16 16 -18 28 19 -21 21 -23 23 24 -26 -27 27 -29 -30 -31
leaf_value=-0.018261058404115776 -0.011846107600883386 -0.14599534712469719 0.05524193920809254 -0.20201655521429218 -0.00035836806432723226 -0.005417059679332396 0.041485651589394268 -0.0092239212522316882 0.010057511960806849 0.10026459519061004 0.05170971313608335 0.064980920319068922 0.010504749137488832 0.029949804335789938 -0.042455834239753097 0.014424519816137816 -0.21834616929550346 -0.19308234359463353 0.043654319768683295 0.0089219666673267303 0.073275080519479105 -0.13191065774349092 0.080933321895267585 0.033166081015382889 -0.14032959571038822 -0.17671408479320852 -0.16510130258451905 0.019595202610969118 0.02360725224255502 -0.0099382110758642426
leaf_weight=103.59262047323864 129.53655530392825 0.8555634069343786 4.0584397010534285 3.0603042536749854 3.3406632199767046 479.2511780238583 22.027967345191428 94.850389051520324 336.72295268164089 3.4851462359947609 7.0798648334020973 15.275138352044452 64.226487081410596 2.7310279594094027 40.325639664992195 1.418707426520996 1.4149600167511369 0.87645626770972729 63.573715428476135 189.72236592370427 1.7049154718843058 2.2887051208090261 3.8825817626857315 2.5579550771362829 3.1196795028226916 0.44001153542194504 1.0898795699322357 2.1170597454402014 1.0098122025374321 257.80526946342434
leaf_count=70138 23455 193 113 101 79 92702 8933 18746 52283 69 728 494 3376 178 4928 64 71 32 2298 8894 45 146 182 151 176 47 63 85 27 12566
internal_value=0 0.00200787 0.0129533 -0.0437904 -0.0967712 -0.00102494 0.000889117 -9.26958e-05 0.00581987 0.0155022 -0.00766045 -0.00848024 -0.00321269 0.0377114 -0.0191129 -0.0371437 -0.101807 0.0132566 0.0144135 0.0149209 0.0290112 -0.0443149 0.0328251 -0.0116469 -0.0621643 0.0547065 0.0394847 -0.043174 -0.0770778 -0.00586104
internal_weight=0 1323.63 287.183 12.3457 6.40097 1036.45 932.852 910.825 431.573 274.838 519.814 512.734 342.872 20.8398 169.862 5.5647 2.83367 5.94471 271.352 270.497 80.7745 3.99362 76.7809 10.0002 5.67763 4.32259 66.7807 3.20694 1.88627 322.032
internal_count=301363 255503 12701 352 180 242802 172664 163731 71029 12349 45860 45132 16749 807 28383 313 135 172 12280 12087 3193 191 3002 556 327 229 2446 148 59 15942
is_linear=0
shrinkage=0.1


Tree=73
num_leaves=31
num_cat=2
split_feature=170 3 170 157 237 204 231 130 153 208 200 237 157 137 153 163 219 148 4 149 202 93 229 79 141 6 131 108 157 160
split_gain=3.64598 3.29742 3.0407 3.95989 3.09254 2.93857 2.55926 2.97564 2.4714 2.45919 2.60356 2.29859 2.2496 2.20023 2.83953 3.10237 2.74255 2.58076 2.25184 2.23896 2.17893 2.17752 2.11485 2.39462 2.09273 2.19957 2.06415 2.11776 2.27264 2.02801
threshold=0.61243727803230297 1.0000000180025095e-35 0.41605599224567419 0.43761076033115393 0 -0.0079261972568929178 0.018064731732010845 -0.038009988144040101 0.025340100750327114 0.01748868823051453 -0.052029065787792199 1 0.34786841273307806 0.018614399246871475 -0.0006172972498461603 -0.90116569399833668 -0.0013332769740372894 -0.04629183188080787 0.061648298054933555 0.017774645239114765 0.0070442354772239932 -0.19876683503389356 -0.070771202445030199 1.0000000180025095e-35 -0.0054524352308362714 0.11554354801774026 -0.0070483691524714223 -0.073959294706583009 0.56404387950897228 1.0000000000000002
decision_type=2 8 2 2 9 2 2 2 2 2 2 9 2 2 2 2 2 2 8 2 2 2 2 2 2 8 2 2 2 2
left_child=1 -1 5 11 6 12 7 9 22 -5 -11 -4 -3 14 16 -16 17 -9 -18 -19 24 -2 23 -8 25 -21 27 -7 -29 -15
right_child=21 2 3 4 -6 26 8 13 -10 10 -12 -13 -14 29 15 -17 18 19 -20 20 -22 -23 -24 -25 -26 -27 -28 28 -30 -31
leaf_value=-0.039956617352180229 0.064098558822718366 -0.034163333615906837 0.0069637879478616164 0.037983999314868629 -0.00087004010907977807 -0.13679312224379339 0.075754898778696497 -0.10111412390831175 0.038487145398999605 0.080101825561309639 -0.059053155016841025 -0.028657121860816061 0.049573181531380295 0.0321444003480836 -0.046792381558730216 -0.007459574549883401 0.039468707058876007 0.044085205211458922 -0.02478744857749976 0.137612248945996 -0.10799269503694003 -0.06074415055174083 0.015098116740786718 -0.045176222178868401 -0.038408838472911329 -0.13928777362171427 -0.039851568866568605 0.006165784217717029 0.097641538846517356 -0.010142795298026372
leaf_weight=19.371786712026733 1.5558037430237153 3.5536057057106509 25.56778297157507 34.629901802030872 1203.0856940831636 0.82615074205386818 1.9237292500329193 1.5238672189370834 43.712778361377786 1.7694391078912302 5.5989887003961476 58.594182532640843 33.018405251121294 30.727282563417248 27.949076713208342 70.982780801641638 6.7405202975351122 28.835813202611462 28.572945020372572 1.7536544543181665 1.9732972776037057 13.69836658672102 139.93826147738218 11.002015889971515 2.9444400045176726 0.34298229820706172 9.4574450349427917 11.575833386428714 3.5484716226055744 17.97557373663949
leaf_count=56079 223 1484 16002 3110 116508 171 119 274 3756 443 1301 44560 3153 3469 1412 12984 1282 3444 2832 119 433 3957 16423 1414 389 89 1577 1950 70 2420
internal_value=0 0.0010816 0.00152127 0.000748669 0.0018203 0.0232877 0.00870285 0.00242778 0.0175193 0.026822 -0.0256368 -0.0204133 0.0414367 -0.00222231 -0.00754583 -0.0185714 0.00746063 0.0263419 -0.0125224 0.0317597 -0.0189102 -0.0480112 0.0115234 -0.0271781 0.0159606 0.092315 -0.00283587 0.0191117 0.0276279 0.0165368
internal_weight=0 1827.5 1808.12 1746.15 1661.98 61.9799 458.897 262.321 196.577 41.9983 7.36843 84.162 36.572 220.322 171.619 98.9319 72.6875 37.3741 35.3135 35.8502 7.01437 15.2542 152.864 12.9257 5.04108 2.09664 25.4079 15.9505 15.1243 48.7029
internal_count=301447 297267 241188 232783 172221 8405 55713 34001 21712 4854 1744 60562 4637 29147 23258 14396 8862 4748 4114 4474 1030 4180 17956 1533 597 208 3768 2191 2020 5889
cat_boundaries=0 2 4
cat_threshold=1833772586 132177 4036100754 4272785
is_linear=0
shrinkage=0.1


Tree=74
num_leaves=31
num_cat=2
split_feature=170 237 222 133 157 237 4 90 11 82 78 155 156 211 157 92 156 156 150 3 202 130 188 204 105 157 157 149 69 227
split_gain=3.90043 4.86458 2.84442 3.49939 2.71578 3.07051 2.47349 3.29832 2.92459 3.0168 2.98761 2.56727 2.62462 2.41441 2.34866 3.00774 2.44493 2.3475 2.29008 3.2413 3.08268 2.98893 2.75007 2.49555 2.54869 2.60718 2.33922 2.21899 2.30251 2.15604
threshold=0.51093181967735302 0 0.067926149815320983 0.016499727964401249 0.47541378438472753 1 0.15411606431007388 2.0047169923782353 0.045852446928620345 0.034785239025950439 0.22245857864618304 -0.011596005875617264 0.28281377255916601 -0.027761413715779778 0.63727831840515148 0.89678770303726207 0.57259953022003185 0.28281377255916601 1.0000000180025095e-35 0.27386364340782171 -0.11192502453923224 0.04015068709850312 -0.20331378281116483 -0.19659342616796491 0.18358709663152697 0.63727831840515148 0.42491786181926733 -0.00083438714500516642 2.1710417270660405 0.025073800235986713
decision_type=2 9 2 2 2 9 10 2 10 2 2 2 2 2 2 2 2 2 2 8 2 2 2 2 2 2 2 2 2 2
left_child=1 14 3 18 -2 -6 7 -7 10 -10 -9 12 -8 -5 16 -16 -1 -13 22 20 -20 23 -3 -22 25 -25 -24 -4 -29 -14
right_child=4 2 27 13 5 6 11 8 9 -11 -12 17 29 -15 15 -17 -18 -19 19 -21 21 -23 26 24 -26 -27 -28 28 -30 -31
leaf_value=-0.0042740407662911449 -0.029029400537992758 -0.059959630153261702 -0.032011056767118892 0.0096210986713764976 -0.012440527827603694 0.0094312452290969493 -0.0084349573496459197 -0.012517941812624646 0.00079750162861514219 0.055919969414748416 -0.18931572556155818 -0.041621090629298044 -0.11414568720697865 0.045523558460124167 0.005344705183031118 0.063322077532220522 -0.076330971255661781 0.0065618547091902931 0.050119437439870122 0.028774054927899164 0.077575850753106107 0.066784862812005852 -0.020713979638893459 -0.031575172532157851 -0.22355296770731484 0.037934203525252841 0.020881248739892999 -0.072946275593292031 0.015391616675290055 0.0008658225451939471
leaf_weight=422.30588303152581 43.406361326949991 4.6303008625673092 23.750099634686194 28.374155642572077 250.57434171790555 314.92729483119547 7.7880350873219895 159.27887220552293 47.742020963156392 12.535575657046136 0.96157899139870906 13.770373246759844 7.0185411518177698 55.114758818463088 47.278106843536079 11.036782132709048 4.7619426033706977 38.056321209547605 7.2318181381706372 25.899356115765841 2.3611625686498874 3.8894231230860887 14.540254378376629 57.780949127527492 0.65367519711799005 5.9520042702570199 192.72968746135666 3.2440931634737344 32.612025694752447 2.1229827985662268
leaf_count=70550 39313 1298 5836 4637 26033 40805 2628 23040 5346 1262 117 4496 558 9908 2005 264 512 3326 2318 5991 287 511 11714 9884 157 253 20869 878 5809 784
internal_value=0 0.00457727 0.0118151 0.0151155 -0.00462803 -0.00338891 0.000561585 0.00286366 -0.00651567 0.012261 -0.0135789 -0.0172844 -0.0510935 0.0333219 -0.00245644 0.0163176 -0.0050775 -0.00624037 0.0103002 -0.0018713 -0.012064 -0.0184303 0.0162606 -0.0233958 -0.0270986 -0.0250837 0.0179633 -0.00830381 0.00739922 -0.087436
internal_weight=0 944.146 458.764 399.158 898.182 854.776 604.202 535.445 220.518 60.2776 160.24 68.7563 16.9296 83.4889 485.383 58.3149 427.068 51.8267 315.669 103.768 77.869 70.6372 211.9 66.7478 64.3866 63.733 207.27 59.6062 35.8561 9.14152
internal_count=301389 153681 80350 67827 147708 108395 82362 70570 29765 6608 23157 11792 3970 14545 73331 2269 71062 7822 53282 19401 13410 11092 33881 10581 10294 10137 32583 12523 6687 1342
cat_boundaries=0 2 4
cat_threshold=2965527943 6165783 2148927104 66528
is_linear=0
shrinkage=0.1


Tree=75
num_leaves=31
num_cat=2
split_feature=4 237 197 67 189 237 163 159 123 136 7 63 142 175 158 94 164 88 88 88 182 129 190 190 99 151 86 131 133 199
split_gain=2.94078 3.32942 3.4354 3.3285 3.24156 3.0906 2.49926 2.25527 2.34273 3.424 2.22643 2.86845 2.31592 2.06368 2.0104 1.96399 1.95587 6.4206 3.07852 2.33168 2.78454 2.61695 2.26547 2.48137 1.99233 2.73839 1.99006 1.94144 1.94109 1.92784
threshold=0.11814556270837785 0 0.19945939630270007 1.6429651975631716 0.26194988191127783 1 0.40658943355083471 1.4881304502487185 -0.028559414669871327 0.030995874665677551 0.078461539000272765 0.14864765107631686 -0.0033371316967532034 0.22792105376720431 0.18333333730697635 -0.18701560795307157 4.0689902305603036 0.78262239694595348 0.57699900865554821 0.70430758595466625 -0.063920795917510972 -0.061533479019999497 -0.13750582188367841 0.15476258844137195 -0.045107468962669366 0.030590423382818702 -0.87482747435569752 -0.0011518633109517393 -0.015007238835096358 -0.20245619118213651
decision_type=8 9 2 2 2 9 2 2 2 2 10 2 2 2 2 2 2 2 2 2 2 2 2 2 2 2 2 2 2 2
left_child=5 4 7 -4 6 10 -2 -3 9 -9 11 12 -1 14 15 -7 17 19 22 21 28 -12 -18 -24 25 26 -23 -6 -21 -10
right_child=1 2 3 -5 27 13 -8 8 29 -11 16 -13 -14 -15 -16 -17 18 -19 -20 20 -22 24 23 -25 -26 -27 -28 -29 -30 -31
leaf_value=-0.041776200813310793 -0.011559592087207395 -0.0028852643407073545 0.076449950090097751 -0.10734061228203831 0.088431245651414692 -0.13143109510784415 -0.056101629931393587 -0.086188272636212759 -0.20192868847210491 0.061210028500293362 0.10414569619845047 -0.075291612739549152 0.02483863928453325 0.038537675636048985 0.012051301016393358 -0.0010164589981049945 0.046885695958485879 -0.045305330828367539 -0.0010530472096981038 -0.074130258768846588 0.017215984347950145 -0.070780962414766377 -0.081012164718319943 0.088774815126560089 0.037251376809830102 -0.10227231898699954 0.028375508450160243 -0.056046255243705781 -0.0027663755845928235 0.034811332520313563
leaf_weight=10.076043579618275 296.95619378559604 230.59715502053041 9.8689388817019772 1.0946760233528028 4.8527595646228292 1.1646413454072888 13.15518517145483 4.2640422333788583 0.34737072997813712 2.4999446037327289 4.6061923925408328 8.8143743623240862 10.826659472253596 23.493890388539512 370.31513667343188 135.9098145125663 2.063212026430846 17.885484587572137 527.98081169179204 6.4122730996823512 44.017850510146673 2.3922560663922932 10.436563891173133 0.93813414747637658 45.214803021754051 2.3704439643151991 13.150787670869249 1.1506128087930836 9.3969186878275632 35.195265434653265
leaf_count=9502 37830 49958 1549 281 580 422 15969 370 49 107 542 8837 9286 3513 61012 29807 152 4852 37593 1418 10088 590 1017 92 8782 436 2575 213 1634 2319
internal_value=0 -0.00482326 0.00310414 0.0580991 -0.011671 0.00369664 -0.0134491 0.00100851 0.022232 -0.0317104 -0.000640713 -0.0274478 -0.00727271 0.00938643 0.00822162 -0.00212452 0.00050976 0.0108053 -0.00225603 0.0186726 0.00428689 0.0313789 -0.0495219 -0.0670089 0.0260694 -0.00215462 0.0131142 0.0607405 -0.0317119 0.0324976
internal_weight=0 599.982 283.867 10.9636 316.115 1247.47 310.111 272.904 42.3066 6.76399 716.583 29.7171 20.9027 530.883 507.39 137.074 686.866 145.447 541.419 127.562 59.827 67.7345 13.4379 11.3747 63.1283 17.9135 15.543 6.00337 15.8092 35.5426
internal_count=301375 109225 54633 1830 54592 192150 53799 52803 2845 477 97396 27625 18788 94754 91241 30229 69771 30917 38854 26065 13140 12925 1261 1109 12383 3601 3165 793 3052 2368
cat_boundaries=0 2 4
cat_threshold=3908567049 5502899 2526533202 983278
is_linear=0
shrinkage=0.1


Tree=76
num_leaves=31
num_cat=2
split_feature=157 237 237 85 211 174 133 195 73 189 146 160 205 206 79 116 155 121 217 174 155 68 183 179 90 202 210 153 231 155
split_gain=3.1043 3.82196 3.40073 2.78165 2.77644 2.71995 2.91333 2.784 2.58168 3.01863 2.53635 2.471 2.45316 2.49137 2.77883 2.54656 2.38431 2.42692 2.38119 2.36549 2.72248 2.31896 2.28058 3.61204 3.12923 3.08179 2.65678 2.2878 2.54963 2.37884
threshold=0.55442294478416454 0 1 32.500000000000007 0.0055559955071657905 -0.10133757069706915 -0.025364064611494538 -0.13676721602678296 0.06698718294501306 0.056291719898581512 -0.03714421018958091 2.0000000000000004 -0.18376410007476804 0.15251560509204867 0.020620748400688175 0.025049610063433651 -0.046698665246367448 0.03064078371971846 -0.022880627773702141 0.424803376197815 0.0064733133185654887 41.406183242797859 0.045729821547865875 -0.10029025748372077 2.6466547250747685 -0.030233713798224923 0.020637130364775661 0.011811671778559686 -0.035448307171463959 -0.031410355120897286
decision_type=2 9 9 2 2 2 2 2 2 2 2 2 2 2 2 2 2 2 2 2 2 2 2 2 2 2 2 2 2 2
left_child=2 12 11 -3 8 -6 -7 -8 19 -10 -11 -1 -2 16 15 -15 21 -18 -12 22 -21 -14 24 -24 27 -26 -25 28 -5 -30
right_child=1 3 -4 4 5 6 7 -9 9 10 18 -13 13 14 -16 -17 17 -19 -20 20 -22 -23 23 26 25 -27 -28 -29 29 -31
leaf_value=-0.0089973874340977013 0.049854050305008654 0.034163021913459352 0.0015359879487565919 0.058637895297143111 -0.013640877527078977 -0.019847300356488847 0.068811458882317794 0.011916787408840774 0.013425350248167316 0.071993546055588567 0.0028881970590281863 -0.036490137228493903 -0.087576858981770089 -0.19247711503841877 0.076340873248916932 0.11220322712750136 -0.0077030657274303931 0.006857006905335198 -0.073380174856123082 -0.17431516873729344 0.016417664387800814 0.15335154241479629 0.043146838042103036 0.0021175260030916947 -0.161886681304171 0.014027555964046159 -0.064303000287896303 0.052277728464220324 -0.062660220221690641 0.018797089214238852
leaf_weight=324.83635745078209 8.9875975421164167 44.776768649371661 442.9422018590576 15.868530864208877 88.750843828223879 26.432432915389654 9.5851711307877832 83.724130168069678 40.270196977398882 2.0203418369637829 6.3574742264863806 36.349943512590471 5.1279630951830759 0.79666848936176193 6.956178083552004 0.41839543978494476 353.00648628750787 169.42368991887452 11.495742540084388 1.3112874910148087 1.743258691167284 0.43325326978811052 16.498062177073734 24.250401904511818 1.6254491118706935 2.5711166863475219 8.0116825292570848 42.457972255720961 3.8403171219251808 53.953798785358231
leaf_count=101773 625 2329 119232 1054 7209 1782 279 4497 3049 81 473 12166 438 53 568 14 24110 10384 801 104 98 39 1011 1832 119 155 1037 2479 292 3189
internal_value=0 0.00387102 -0.00441892 0.0102055 0.00800322 -0.00037392 0.00945936 0.0177613 0.0155226 -0.00231287 -0.0342036 -0.0114473 -0.00192278 -0.00282656 0.0519683 -0.0875634 -0.00367457 -0.00298125 -0.0462212 0.0217544 -0.0654621 -0.068807 0.0233301 0.00508643 0.0307235 -0.054109 -0.0143768 0.0337894 0.023133 0.0133844
internal_weight=0 1030.7 804.129 485.545 440.768 208.493 119.742 93.3093 232.276 60.1438 19.8736 361.186 545.15 536.163 8.17124 1.21506 527.991 522.43 17.8532 172.132 3.05455 5.56122 169.077 48.7601 120.317 4.19657 32.2621 116.121 73.6626 57.7941
internal_count=301272 68101 233171 31870 29541 13767 6558 4776 15774 4404 1355 113939 36231 35606 635 67 34971 34494 1274 11370 202 477 11168 3880 7288 274 2869 7014 4535 3481
cat_boundaries=0 2 4
cat_threshold=2795896988 4922302 3542960896 1434051
is_linear=0
shrinkage=0.1


Tree=77
num_leaves=31
num_cat=1
split_feature=237 164 103 88 66 170 157 92 159 113 137 210 117 132 75 66 207 146 11 98 217 122 141 154 173 155 93 11 118 4
split_gain=3.12294 2.45627 3.26138 2.72646 2.56106 2.39224 3.30654 3.52436 3.33834 3.22529 2.41385 2.34251 4.29695 3.33004 2.82232 2.77029 2.33444 2.94676 3.12983 2.32965 2.3003 2.28147 2.25419 2.25168 2.30147 2.4016 2.27373 2.20332 2.58577 2.11586
threshold=0 1.4978661537170412 0.16719479858875277 0.79886585474014293 0.71150457859039318 0.45127125084400183 0.55442294478416454 0.88161817193031322 1.5638608932495119 -0.038185825571417802 -0.0012282067909836767 -0.093064270913600908 0.031562650576233871 0.0099025233648717421 0.06698718294501306 3.9743776321411137 -0.0019893151475116606 0.0149621544405818 0.072795797139406218 -0.0272602429613471 -0.057507157325744622 0.073669571429491057 -0.0018445497262291608 0.045963743701577194 -0.097479056566953645 0.01818732358515263 0.067136626690626158 0.070673078298568739 0.024464579299092296 0.077193934470415129
decision_type=9 2 2 2 2 2 2 2 2 2 2 2 2 2 2 2 2 2 10 2 2 2 2 2 2 2 2 10 2 10
left_child=1 2 3 4 -1 9 7 8 -7 -2 21 12 13 14 -3 -15 20 -18 -19 -6 23 -11 -14 24 25 -8 -26 -13 29 -29
right_child=5 11 -4 -5 19 6 16 -9 -10 10 -12 27 22 15 -16 -17 17 18 -20 -21 -22 -23 -24 -25 26 -27 -28 28 -30 -31
leaf_value=0.05594848510844657 -0.027855244416900782 0.018272890148224957 -0.057780096885236581 -0.082402243151892263 0.050320715941024823 0.00087802247125708631 -0.033666534743990117 -0.011360471790492273 0.043011799233267166 0.015130094949407378 0.043906875397947895 -0.0049209981339892106 -0.034506997367606956 -0.079326263723823287 -0.034196753399685642 0.014795809867529736 0.0072310064418372238 -0.014659941234988523 -0.12536176812095925 -0.025032144635329226 0.010547126704202943 -0.087859967038894204 -0.10311333710588094 0.10094992810142883 0.026197732970061789 0.089303229939050738 0.087960264861095566 0.032059389625014298 0.038223532202221119 -0.017192465079269217
leaf_weight=22.327574561986694 12.28284147600243 36.914609544768609 5.0039570661574535 2.1352501039054905 6.7623400233060247 82.537025933837867 8.7531698960920021 239.45318092412981 24.353434790591564 34.944932304579197 41.269918194278944 766.05607682690879 12.350340077922739 10.155525308175127 14.193146616777083 4.5184278506549154 187.41276942995501 41.446512193997478 2.7216510133366674 10.432694927840203 148.15737084991451 2.29199369298476 7.8226567016608888 4.7996222477813708 22.545751107285472 1.9402344527916273 8.1027715474192501 12.657181022476832 26.565299043264531 28.058925308872858
leaf_count=1274 2592 4518 624 697 1269 36578 845 63809 2008 7564 7079 121430 1703 2160 2725 1091 11041 2785 375 3403 9784 552 1342 163 1368 147 385 3919 4148 3915
internal_value=0 -0.00384247 0.0185001 0.0276629 0.0336093 0.00438984 0.00263544 -0.00462069 0.0104776 0.0197956 0.0272509 -0.00501834 -0.0207361 -0.00835443 0.00370153 -0.050344 0.00853643 0.00175484 -0.0214814 0.00460209 0.0166193 0.00879089 -0.0611111 0.0361165 0.0285896 -0.0113546 0.0425263 -0.00339714 0.0139533 -0.00188183
internal_weight=0 965.954 46.6618 41.6579 39.5226 863.013 772.223 346.344 106.89 90.7897 78.5068 919.292 85.9547 65.7817 51.1078 14.674 425.88 231.581 44.1682 17.195 194.299 37.2369 20.173 46.1415 41.3419 10.6934 30.6485 833.337 67.2814 40.7161
internal_count=301293 154218 7267 6643 5946 147075 129288 102395 38586 17787 15195 146951 13539 10494 7243 3251 26893 14201 3160 4672 12692 8116 3045 2908 2745 992 1753 133412 11982 7834
cat_boundaries=0 2
cat_threshold=2817447445 4788618
is_linear=0
shrinkage=0.1


Tree=78
num_leaves=31
num_cat=3
split_feature=160 171 93 168 101 237 157 159 237 107 237 126 204 157 150 27 157 187 106 4 149 97 167 182 115 202 121 68 223 130
split_gain=4.00748 3.23306 6.9543 2.92124 2.81902 2.8343 2.74974 2.65727 2.53646 2.53036 2.41611 2.27868 2.3417 2.16839 2.07141 2.90539 2.04548 2.68415 2.4823 3.15029 4.05453 2.0866 2.02428 2.01526 2.01437 1.98293 2.37764 2.40449 2.13712 2.63319
threshold=1.0000000000000002 -0.029318979941308495 0.14732467383146289 2.871711373329163 -0.14829134196043012 0 0.46464483439922338 1.2180569767951968 1 0.04523581080138684 2 -0.036167038604617112 0.10665182024240495 0.43352198600769049 0.032928882166743285 1.0000000180025095e-35 0.56913721561431896 0.20855265855789187 -0.062057688832283013 0.11149961128830911 -0.035966988652944558 0.016334047541022304 2.5000000000000004 -0.10250912979245184 0.021559413522481922 -0.0080381250008940679 -0.072521593421697603 37.57275581359864 0.063430614769458785 0.0098617235198616999
decision_type=2 2 2 2 2 9 2 2 9 2 9 2 2 2 2 2 2 2 2 8 2 2 2 2 2 2 2 2 2 2
left_child=1 2 10 -2 9 16 -5 13 22 -3 14 12 -7 -4 -1 -16 21 18 19 20 -18 -6 25 -23 -22 28 27 -27 -8 -30
right_child=3 4 7 6 5 11 8 -9 -10 -11 -12 -13 -14 -15 15 -17 17 -19 -20 -21 24 23 -24 -25 -26 26 -28 -29 29 -31
leaf_value=0.020421736229216503 -0.024240947701413221 0.0098717429873736856 -0.016819596219313504 -0.022818570587663109 -0.014647791832735216 -0.0090162422391787921 0.004010088825917542 0.058907855320291524 -0.0073241303336386817 0.077414672971069076 0.00060110462227152043 0.012708925331417709 -0.10936111940411955 0.030842223442477879 -0.0019039180818279989 -0.15449816711129241 0.070852803551416793 0.054264128288828886 -0.0016027110409255131 0.026902591269210213 -0.054402443634268549 -0.11423794770006038 -0.021078580527197542 -0.033868295735382518 -0.14185816542998669 0.11760159968797286 0.013742063425146174 -0.0097237250309572601 -0.016162016308770264 -0.12489779443919212
leaf_weight=119.52053161790172 74.126783104726201 19.429182026718994 11.52257093726257 64.451281681932414 97.204922239367988 30.85591893468154 92.187578036624473 28.949210246670191 293.23448766803176 7.7625487102613979 424.94081882712089 130.23191467016113 2.5152025724928526 55.62975978331815 6.0636853751202571 1.5710321616679719 1.8063592678190623 7.7606208584256811 143.02858441736134 4.8601871563150771 6.2959972927128547 4.0012625597446485 24.9044618134958 14.164915857709273 4.5276498636667384 4.4296656178812546 133.22915493003529 2.2297729660494952 10.975489795531756 2.794032677084032
leaf_count=18653 15661 3429 12259 42406 21731 4088 11607 3564 34715 1129 64096 18962 681 11842 913 278 51 387 7394 327 278 1008 6355 3431 216 250 12932 233 1416 481
internal_value=0 0.00416428 0.00875547 -0.00546577 -0.00210831 -0.00400894 -0.00325115 0.0335819 -0.00101502 0.0291535 0.004434 0.00634688 -0.0165793 0.022664 0.0159422 -0.033304 -0.00985815 -0.00317433 -0.00595132 -0.0415127 -0.0678397 -0.0204616 0.00587167 -0.0515704 -0.0909861 0.0088406 0.0166568 0.0749694 -0.00147866 -0.0382261
internal_weight=0 1122.64 648.198 702.563 474.445 447.254 628.436 96.1015 563.985 27.1917 552.096 163.603 33.3711 67.1523 127.155 7.63472 283.65 168.279 160.519 17.4902 12.63 115.371 270.75 18.1662 10.8236 245.846 139.889 6.65944 105.957 13.7695
internal_count=300773 174717 111605 126056 63112 58554 110395 27665 67989 4558 83940 23731 4769 24101 19844 1191 34823 8653 8266 872 545 26170 33274 4439 494 26919 13415 483 13504 1897
cat_boundaries=0 2 4 6
cat_threshold=3691729716 1385896 3340592613 580960 436207872 1091840
is_linear=0
shrinkage=0.1


Tree=79
num_leaves=31
num_cat=0
split_feature=170 157 79 73 220 7 157 168 95 126 168 189 217 140 163 233 93 66 86 11 146 200 198 224 146 111 233 81 55 13
split_gain=3.30479 3.24911 3.16785 3.21806 2.98121 3.13062 2.91502 2.85507 2.56637 2.54593 2.54451 2.45657 2.24694 2.23822 2.59447 2.22014 2.48712 2.19625 2.96499 2.85593 2.16139 3.1269 3.19893 2.84088 2.62924 3.44517 3.78028 3.22048 3.79522 3.18703
threshold=0.53199100494384777 0.61253345012664806 0.19326541572809222 0.22318007797002795 -0.041924770921468728 0.16744548827409747 0.56404387950897228 3.9968837499618535 0.10569885745644571 -0.040619652718305581 3.3239516019821171 0.21285954117774966 -0.11210251972079276 -0.035349424928426736 -0.41336852312088007 0.067226883023977294 -0.25767512619495386 5.6705176830291757 -0.689694583415985 0.045852446928620345 -0.03714421018958091 0.046694159507751472 -0.063241370022296892 -0.019683781079947945 -0.0081599205732345564 0.0517957340925932 0.046648500487208373 0.048583790659904487 1.0000000180025095e-35 0.027292883023619655
decision_type=2 2 2 2 2 10 2 2 2 2 2 2 2 2 2 2 2 2 2 8 2 2 2 2 2 2 2 2 2 10
left_child=1 17 4 15 11 10 8 -5 -2 -7 13 -3 -11 -6 -15 16 -4 19 -19 -1 21 22 -8 24 -22 27 29 -26 -29 -27
right_child=6 2 3 7 5 9 20 -9 -10 12 -12 -13 -14 14 -16 -17 -18 18 -20 -21 23 -23 -24 -25 25 26 -28 28 -30 -31
leaf_value=-0.0017685166442691033 -0.012169878402785871 0.026957582777146806 -0.13030117769302887 -0.01750079468986562 0.085091723255666454 -0.027951926175677457 -0.012917147214565298 -0.23020449217336703 -0.047025385232096623 -0.16118490912560005 -0.036941407011207822 -0.11007309629588649 0.031666788338122046 0.011795658905107538 -0.049251442250221579 0.07850250918494299 0.028836798497709926 -0.018705280143124583 0.015863343281729468 0.010300712385295242 0.00021829839363012669 -0.030167182972435203 0.058241159661171528 0.0044929885227906734 -0.053404300349208768 -0.026132618716918233 -0.04292700871248506 -0.0067182438816745585 -0.18396230706493422 0.065384528147919799
leaf_weight=569.61151307605451 110.62441489552839 54.810469764521258 0.99425601726397772 5.7778560030128565 2.9090470976079805 10.316239102845428 9.1311260449001583 0.70842802012339223 26.109766218258301 0.61461869534104963 34.627045375214948 1.3402509896113759 35.467271974717733 23.389444266307692 9.9120321120572026 9.2868539473420224 80.216446538401215 111.11433516847956 31.945171533450775 298.96300290637191 84.297488284566498 9.2929063762603601 20.503605232104746 185.13092961624898 41.072528497130406 5.6629958706544192 9.5963581730666174 35.703664317268704 1.2503823562728928 11.599423235806169
leaf_count=84798 51503 2064 49 288 125 322 689 15 13493 24 1072 81 1121 757 1376 282 2566 52569 12761 42871 5023 758 1117 17578 3030 985 565 2662 117 475
internal_value=0 0.00309733 0.0128353 0.0273084 0.0047398 -0.00433499 -0.00616918 -0.0407322 -0.0188256 0.0158564 -0.0175602 0.0236868 0.0283818 0.000973415 -0.00637473 0.0321851 0.0268885 0.000494741 -0.0109861 0.00238571 -0.00198138 0.0204447 0.0363157 -0.00431364 -0.0129316 -0.0235004 0.00739017 -0.0341337 -0.0127155 0.035362
internal_weight=0 1282 270.37 96.9838 173.386 117.236 549.976 6.48628 136.734 46.3981 70.8376 56.1507 36.0819 36.2105 33.3015 90.4976 81.2107 1011.63 143.06 868.575 413.241 38.9276 29.6347 374.314 189.183 104.885 26.8588 78.0266 36.954 17.2624
internal_count=301136 203141 10142 3200 6942 4797 97995 303 64996 1467 3330 2145 1145 2258 2133 2897 2615 192999 65330 127669 32999 2564 1806 30435 12857 7834 2025 5809 2779 1460
is_linear=0
shrinkage=0.1


Tree=80
num_leaves=31
num_cat=5
split_feature=160 168 88 237 237 237 138 204 126 130 216 147 88 153 67 229 126 180 170 237 17 194 150 161 90 4 107 237 153 137
split_gain=4.13315 3.77144 3.34767 3.59371 3.0719 2.77273 2.05979 2.84253 3.2227 2.48262 2.06677 1.99458 1.96917 1.9317 1.8678 1.85343 1.82355 1.81334 2.022 2.33457 2.75644 1.80398 1.77887 1.77472 1.77192 1.75678 2.15469 1.95774 2.74958 2.61948
threshold=1.0000000000000002 3.1929403543472294 0.70704859495162975 0 1 2 -0.02250702120363712 -0.018547224812209603 0.016984241083264354 -0.0027619578177109356 -0.086634557694196687 0.0010298839188180866 0.60441491007804882 0.033468874171376235 2.3484699726104741 0.02194100990891457 -0.042700558900833123 0.312789797782898 0.54612973332405101 3 15.500000000000002 0.098593074828386321 0.027116612531244758 3.9005367755889897 2.5045454502105717 0.12985546141862872 -0.043275609612464898 4 -0.029532106593251225 -0.0077760193962603799
decision_type=2 2 2 9 9 9 2 2 2 2 2 2 2 2 2 2 2 2 2 9 2 2 2 2 2 8 2 9 2 2
left_child=4 2 3 12 6 -4 10 8 16 -9 -1 13 -2 21 15 -14 -8 18 19 20 24 -7 -10 -24 -3 -6 -27 29 -29 -28
right_child=1 17 5 -5 25 11 7 9 22 -11 -12 -13 14 -15 -16 -17 -18 -19 -20 -21 -22 -23 23 -25 -26 26 27 28 -30 -31
leaf_value=0.090444837368082745 0.080463365345183835 -0.0047457148794891983 0.006955435344115999 -0.019781180656721589 0.0092847876588976735 -0.0098791355393792503 0.054266458721345813 -0.023830725293617648 -0.070248991938504521 0.0086328416337152977 -0.031418922605225941 -0.056954416627059357 0.041650032172431746 -0.10776704331706705 -0.045800705000900735 -0.015098923618585636 0.011980841286051064 -0.034880418897738838 -0.014961272430692061 0.0070407505702739411 -0.121617462553576 -0.10102544626407613 -0.1513411160395087 0.11988221517481877 -0.059701328494183442 -0.027583637118008871 -0.0041703912034887648 0.056705994392819738 -0.0073601434560352499 0.029240147758005066
leaf_weight=1.4420862296792609 5.0624669294675178 121.61078462062414 20.056589467456433 48.365796564874472 632.14196434419046 27.810446409685031 12.758071200896664 69.341775281607624 6.3407232866375116 35.677274382480391 39.824217345564648 42.182375890261937 17.910975857048477 2.5420341873614225 4.5744393172863047 8.4800420637584448 50.831187209732889 15.951177303686562 82.381347072660901 291.09119681501306 2.1483370703408573 2.3553767558332757 0.31503928915481072 1.030100200558081 6.1644605344572474 26.102825577363546 41.938816918664088 7.0068319228357714 152.47388557765862 53.277261519089734
leaf_count=258 1019 17897 6696 13171 96431 6647 1235 8525 1238 5133 5500 11981 2883 719 2566 1335 6127 3461 15890 38840 585 1013 52 88 1554 5056 7973 1350 27441 8992
internal_value=0 -0.00600305 -0.0185057 -0.00401405 0.00378042 -0.0313866 -0.00673911 -0.00234126 0.0130721 -0.0128021 -0.0271603 -0.0375675 0.0177237 -0.0240506 0.0131902 0.0234153 0.0204647 -0.00168565 -0.000633802 0.0021697 -0.00862208 -0.0169959 -0.0480905 0.0563602 -0.00739702 0.00629219 -0.000220718 0.0025836 -0.00427718 0.0131437
internal_weight=0 698.688 179.341 84.3937 1130.5 94.9468 217.56 176.294 71.2751 105.019 41.2663 74.8902 36.0279 32.7079 30.9655 26.391 63.5893 519.347 503.396 421.015 129.924 30.1658 7.68586 1.34514 127.775 912.942 280.8 254.697 159.481 95.2161
internal_count=301656 126257 48030 20974 175399 27056 28156 22398 8740 13658 5758 20360 7803 8379 6784 4218 7362 78227 74766 58876 20036 7660 1378 140 19451 147243 50812 45756 28791 16965
cat_boundaries=0 2 4 6 8 10
cat_threshold=1624484987 301925 3221228260 66632 771771953 135308 415781147 4624405 121733379 34979
is_linear=0
shrinkage=0.1


Tree=81
num_leaves=31
num_cat=6
split_feature=175 237 157 156 157 237 157 237 194 116 237 185 116 96 156 237 232 159 137 86 96 170 100 94 158 146 106 129 124 237
split_gain=3.18233 2.88811 2.70418 2.72829 3.44296 4.53851 3.39526 3.43141 3.2743 5.18276 3.68834 3.77865 3.53975 3.38473 3.10261 2.96861 2.96524 2.92359 3.26019 3.1613 2.93482 2.83757 3.51752 2.59525 2.59113 2.58808 2.70093 2.47218 2.44408 2.38117
threshold=0.042717751115560539 0 0.3860634863376618 0.18237251043319705 0.52939638495445263 1 0.61253345012664806 2 -0.074169255793094621 1.0000000180025095e-35 3 0.11769097298383714 -0.0014269204111769793 -0.080682672560214982 0.44023808836936956 4 -0.057510357350111001 1.4881304502487185 -0.01658528950065374 -1.0463525056838987 0.06927878782153131 0.5340806543827058 0.12844236195087436 -0.048347322270274155 0.29166667163372045 -0.022412614896893498 -0.0097651802934706194 0.032812695950269706 0.065712474286556258 5
decision_type=2 9 2 2 2 9 2 9 2 2 9 2 2 2 2 9 2 2 2 2 2 2 2 2 2 2 2 2 2 9
left_child=2 -2 -1 4 5 -4 7 -5 9 -8 11 14 13 -12 -10 21 23 -7 19 -19 -21 25 -23 -11 -3 26 -6 -28 -18 -15
right_child=1 24 3 6 15 17 8 -9 10 16 12 -13 -14 29 -16 -17 28 18 -20 20 -22 22 -24 -25 -26 -27 27 -29 -30 -31
leaf_value=-0.037876887236146004 -0.0031187933724161816 0.009333762113853207 -0.019236890169377754 -0.025458220714239567 0.03884792606950789 -0.0015196996201469722 0.036544210425374472 -0.0054479645685847154 0.019463873078265116 -0.19756196570498064 -0.054241510363511804 0.066630231011132801 -0.00220340437779588 0.015081581645924221 -0.011561239128524487 0.0036651531198553435 0.0070159772944848311 0.045948594342680033 0.03986680363627243 -0.01089697530729631 -0.12062351715918598 -0.0069834756509960672 0.089896175401804501 -0.039510997417987991 0.038106607574239379 0.05288974840809603 -0.093912954766095846 0.12987415505686964 -0.12501073033536197 -0.025621949965127361
leaf_weight=20.479283597265749 92.117988018984761 74.377930385745458 101.74198206095843 106.12367583110245 6.512689980736468 182.87234512166833 59.275237923844543 404.48515884905828 71.007244894572068 1.3265091780194778 31.038612931875832 10.917939653460051 144.93042194190639 17.955037170624564 59.028107701480621 167.6177267827079 34.108822655369295 8.2543843261737511 42.269820532965241 14.783671501363644 2.9188381757339803 28.501907734114866 4.315166940472408 4.7921762653786564 54.03776399923845 46.405273717929958 3.6629238560672075 0.57052890089107666 1.4622499491670158 23.773991465761355
leaf_count=26614 17650 13556 41110 12765 313 65238 2343 66300 3001 162 1660 392 6096 727 2877 16372 1977 542 3552 1327 333 3915 369 368 6852 2451 327 25 102 1285
internal_value=0 0.0110411 -0.00177204 -0.00130426 0.00393351 -0.00248332 -0.00459966 -0.0102121 0.00163549 0.0175434 -0.00284278 0.00945394 -0.0107452 -0.0292346 0.00538037 0.0127233 -0.00947239 0.00487689 0.0227369 -0.00515857 -0.028989 0.0262717 0.00575538 -0.0737759 0.0198924 0.0426493 -0.00157215 -0.0637539 0.00158864 -0.0106341
internal_weight=0 220.534 1601.13 1580.65 610.427 352.841 970.225 510.609 459.616 100.965 358.651 140.953 217.698 72.7676 130.035 257.586 41.6898 251.099 68.2267 25.9569 17.7025 89.9685 32.8171 6.11869 128.416 57.1514 10.7461 4.23345 35.5711 41.729
internal_count=300601 38058 262543 235929 135874 112102 100055 79065 20990 4952 16038 6270 9768 3672 5878 23772 2609 70992 5754 2202 1660 7400 4284 530 20408 3116 665 352 2079 2012
cat_boundaries=0 2 4 6 8 10 12
cat_threshold=2785663778 336531 1280918528 1426691 2320498840 263728 1264883545 1545472 190127104 312409 9633922 524872
is_linear=0
shrinkage=0.1


Tree=82
num_leaves=31
num_cat=4
split_feature=156 157 97 156 157 237 237 170 10 95 171 159 157 132 171 207 237 142 79 17 143 224 170 90 95 13 6 140 191 235
split_gain=3.04649 3.60349 4.0274 3.10574 2.76849 3.71313 3.5011 4.71838 3.81278 3.90576 3.15698 2.78018 3.20768 2.70946 2.82206 2.70106 2.69494 2.69316 2.67454 2.64654 2.52067 2.47526 2.41958 2.39591 3.34038 2.88236 2.33034 2.50962 2.27006 2.48371
threshold=0.39638906717300421 0.65611082315444957 0.045381201431155212 1.0000000180025095e-35 0.52564567327499401 0 1 0.49213129281997686 272.00000000000006 -0.14102894812822339 0.013266951311379673 1.4212169647216799 0.50392174720764171 -0.012067843694239853 0.024234624579548839 -0.087645873427391038 2 0.013203716371208431 0.36425061523914343 28.500000000000004 -0.040763990953564637 -0.0081987921148538572 0.53199100494384777 2.0449495315551762 -0.02910493221133947 0.071269843727350249 0.069292020052671446 -0.0070605995133519164 -0.19852689653635022 3
decision_type=2 2 2 2 2 9 9 2 8 2 2 2 2 2 2 2 9 2 2 2 2 2 2 2 2 8 8 2 2 1
left_child=3 2 18 -1 5 -5 19 8 -8 13 28 22 -13 -10 26 21 -3 -12 -2 20 -6 -4 -7 -14 -25 -26 -15 -28 -11 -30
right_child=1 16 15 4 6 11 7 -9 9 10 17 12 23 14 -16 -17 -18 -19 -20 -21 -22 -23 -24 24 25 -27 27 -29 29 -31
leaf_value=-0.092491792878620527 -0.032473954763636979 0.015609858720633925 0.078584299012876391 -0.012408726981540316 0.037089616461230712 0.0010784851648170139 0.057994535560561201 0.004846359960022477 0.032385791598121168 0.12595842807997873 -0.017958377468812223 0.031302426358744653 0.012411069528351864 -0.0099848664356588148 0.046150156000529761 -0.091803144571959205 -0.008369223258811077 0.042180987152765831 -0.005790528285342795 -0.26306647742510847 -0.0032888049715357388 -0.11069669530589497 -0.036457208044244634 -0.13902031059727465 -0.052237285317839999 0.092469898328260691 -0.071505190532168347 -0.2224467603249588 0.074080046767713251 0.023778791655185469
leaf_weight=3.4912635190657957 53.686671083280089 71.585396605441929 2.0255151508972635 248.48984159810425 16.128561373319826 198.53552595280962 29.927381198469448 362.22897157008811 3.9435761941131195 2.7500600977800778 24.795701469527557 62.112398640980246 17.142010913394191 2.0391026763245446 1.7014291498344389 11.196760678405552 100.83866027202384 10.642338970268609 125.07782745233453 0.38755230860260681 373.13948412399623 1.0485300945219922 18.799296312367005 2.9282000037310354 4.8538132008343364 1.9213400548906063 2.4613827043212941 1.9937577995588078 12.075031395419501 52.474563032854348
leaf_count=22444 5138 2719 159 89833 1104 61069 4187 36218 112 34 927 7126 748 52 66 1423 4014 347 16473 60 29695 158 15069 129 213 54 82 87 257 1408
internal_value=0 -0.00850047 -0.0178852 0.00171222 0.00193882 -0.00361354 0.00537406 0.0107339 0.026203 0.0179207 0.0242589 0.00380282 0.0188186 -0.0357213 -0.0684929 -0.0690075 0.00200612 0.000101975 -0.0138041 -0.00182891 -0.0016158 0.0140222 -0.00216832 -0.0100655 -0.0497728 -0.0112003 -0.0985283 -0.139054 0.0369793 0.0331884
internal_weight=0 365.459 193.035 1454.96 1451.47 554.782 896.689 507.033 144.804 114.877 102.738 306.293 88.9578 12.1392 8.19567 14.2708 172.424 35.438 178.764 389.656 389.268 3.07405 217.335 26.8454 9.70335 6.77515 6.49424 4.45514 67.2997 64.5496
internal_count=301405 30084 23351 271321 248877 174241 74636 43777 7559 3372 2973 84408 8270 399 287 1740 6733 1274 21611 30859 30799 317 76138 1144 396 267 221 169 1699 1665
cat_boundaries=0 2 4 6 7
cat_threshold=2507757057 1955274 2694186966 4866716 2625933586 1049537 2
is_linear=0
shrinkage=0.1


Tree=83
num_leaves=31
num_cat=1
split_feature=170 157 237 156 223 170 152 160 104 156 74 157 10 219 170 181 145 122 6 157 162 189 92 218 157 17 128 201 103 201
split_gain=2.78121 3.30578 3.02325 2.65863 2.65402 2.50835 2.37236 2.28165 2.62318 2.31644 2.57274 2.78273 3.00668 2.43245 2.29481 2.27679 3.05032 2.33694 2.24805 2.5236 2.20772 2.12804 2.37812 2.09841 2.04827 1.98965 1.95673 2.50667 1.94368 2.72556
threshold=0.42745165526866918 0.42933711409568792 0 0.15203631669282916 -0.017945112660527226 0.61243727803230297 0.061105912551283843 2.0000000000000004 0.036302730441093452 0.46247655153274542 0.49390244483947759 0.63727831840515148 168.50000000000003 0.020515517331659797 0.49815694987773901 0.015554468147456648 -0.013543903827667235 0.0081262122839689272 0.043564302846789367 0.52564567327499401 167.81246185302737 -0.025152120739221569 0.89805814623832714 -0.0082446327432990057 0.51456367969512951 14.500000000000002 0.050180576741695411 -0.12241079658269881 -0.0625939406454563 -0.029732177965342995
decision_type=2 2 9 2 2 2 2 2 2 2 2 2 8 2 2 2 2 2 8 2 2 2 2 2 2 2 2 2 2 2
left_child=-1 -2 3 4 26 7 24 9 -9 10 11 14 -13 -12 15 17 -17 -4 -19 21 -14 22 -20 -21 -6 -7 -3 -28 29 -26
right_child=1 2 5 -5 6 25 -8 8 -10 -11 13 12 20 -15 -16 16 -18 18 19 23 -22 -23 -24 -25 28 -27 27 -29 -30 -31
leaf_value=0.015194274562120367 -0.024849945678406302 -0.0080716534435287604 0.0060577835188490555 -0.010881645525622343 0.002695091923426653 -0.048106299955886174 -0.037709213305399746 -0.0188855501682994 0.025057059375126447 -0.0063536984375814447 0.077294000545717167 0.084432780647593075 0.020391386472334818 -0.023911414233788689 -0.00029802321541123265 0.023131907157516771 -0.012357128279307947 -0.02202960415635933 0.072132825052573901 0.080075794209314238 -0.082286293134757896 -0.002889109883406554 0.0078535871304915104 0.031303823704973602 0.049175899292102976 0.1162112236821697 0.12584671103718773 -0.12374075714915037 0.033912624669204368 -0.14277544930452327
leaf_weight=110.46408426318158 57.024421044000519 70.914161697593045 76.970522484425601 393.91254804707387 55.807147657842506 13.336719505119614 8.752461849127938 79.045745352470476 16.404111859696059 153.91442932127393 9.4433262554521189 7.356835152131679 76.535337701032404 3.1727573660664339 430.42402004140422 37.22448898231778 69.32058887751009 7.6160231759567969 11.689335755039794 17.04834866957026 2.1529790005879468 22.236328034061444 11.338467548306651 18.28132648691826 1.4420794410980309 0.77999896335313756 0.47072931452567024 2.7719394379400901 54.328981147435115 1.5188261473631417
leaf_count=15125 62403 13477 12642 32020 13083 3921 1869 12134 2455 13015 2060 1151 1580 1184 84829 3288 7025 3801 1030 705 60 3805 1395 876 143 129 41 715 4799 239
internal_value=0 -0.00117728 -0.000361224 -0.00604367 0.00337083 0.00281876 0.0124486 0.00340811 -0.0113335 0.00488192 0.00704139 0.00632429 0.0232978 0.0518423 0.00424427 0.0114394 4.19542e-05 0.0187911 0.029902 0.0348094 0.017582 0.0191761 0.0404829 0.0548388 0.0163303 -0.0390272 -0.0115452 -0.0875088 0.0296126 -0.0492875
internal_weight=0 1711.23 1654.21 589.919 196.006 1064.29 121.849 1050.17 95.4499 954.725 800.811 788.195 86.0452 12.6161 702.149 271.725 106.545 165.18 88.2098 80.5938 78.6883 45.2641 23.0278 35.3297 113.097 14.1167 74.1568 3.24267 57.2899 2.96091
internal_count=300999 285874 223471 66386 34366 157085 20133 153035 14589 138446 125431 122187 2791 3244 119396 34567 10313 24254 11612 7811 1640 6230 2425 1581 18264 4050 14233 756 5181 382
cat_boundaries=0 2
cat_threshold=2196772548 67386
is_linear=0
shrinkage=0.1


Tree=84
num_leaves=31
num_cat=0
split_feature=10 213 135 153 67 160 159 97 170 211 145 82 11 133 76 4 145 133 129 145 227 222 158 130 222 147 120 72 194 170
split_gain=2.5548 1.95889 5.72097 2.78888 3.17671 2.03787 2.22698 2.77436 2.53807 2.23361 3.21831 2.44598 2.30219 2.24399 2.41409 2.10478 2.49676 2.04143 2.0328 1.98679 1.94596 1.84826 1.8336 1.81074 1.79037 2.18214 2.06806 2.13558 1.85432 1.79808
threshold=2.5000000000000004 0.091270081698894515 0.01225908985361457 -0.0011354924645274875 0.98595950007438671 2.0000000000000004 1.6578968763351443 -0.15849865227937696 0.41605599224567419 -0.14524018764495847 -0.0062159169465303412 0.012501953635364773 0.052770815789699561 -0.021501089446246621 0.023532669059932235 0.1002512574195862 -0.047995116561651223 -0.019028758630156514 0.013877565506845714 0.034330870956182487 0.020921827293932441 0.051096076145768173 1.0000000180025095e-35 -0.015374690294265745 0.058495474979281432 0.064462281763553633 -0.016765963286161419 0.024540800601243976 -0.070432297885417924 0.5484067201614381
decision_type=8 2 2 2 2 2 2 2 2 2 2 2 10 2 2 10 2 2 2 2 2 2 2 2 2 2 2 2 2 2
left_child=-1 5 3 -3 -5 6 9 -8 -9 10 17 13 22 14 23 -14 -17 -2 -18 -6 -16 -19 24 -12 -11 26 28 29 -26 -28
right_child=1 2 -4 4 19 -7 7 8 -10 12 11 -13 15 -15 20 16 18 21 -20 -21 -22 -23 -24 -25 25 -27 27 -29 -30 -31
leaf_value=-0.096177890391557913 0.06481970093858716 0.017727210712670218 0.034802431361913411 -0.064980205764917018 -0.0016051353866342408 -0.011402099213240001 -0.10682443822710599 0.072626692301601153 0.0088914247207827982 -0.0084290153239032616 -0.17954413247702825 0.037184638345064115 0.015023107698237274 -0.065633234370748375 -0.051511817731344139 0.079325402937192979 -0.00060068799056652315 0.032260863601312258 -0.042254824110346735 -0.093491381054524952 0.06876531333134181 -0.054685803108267421 -0.001826751864017164 -0.0046656050877025906 -0.15196752238960301 0.091902185698546385 0.035651296904975691 -0.054308065552556808 -0.052914047913659751 -0.073076264653018572
leaf_weight=2.7367172077219939 16.210135472774713 36.607248926038665 62.137292580480789 11.329218936309188 46.659037648512822 155.47380427807639 2.0271800626505856 6.4282201997830262 222.91626889818053 155.72073310876658 1.0427487053129882 8.3814997482149902 134.56001205326356 8.4502397457508795 1.8452986386573682 3.1751299870720677 44.108941654745649 10.880493993643539 15.953452247817038 2.4781388787305323 4.9628352278487 3.1534617630131825 830.654944955877 1.3699562547444673 2.4152113315067245 1.3028304024410307 7.4918164260725479 9.1397156242346664 8.6898025061455026 1.9084562497373552
leaf_count=17592 1504 8803 10500 1961 11534 24340 134 275 10428 31801 167 1215 25001 1898 535 428 8867 1378 3488 805 349 1058 129518 226 586 151 1676 2498 2183 449
internal_value=0 0.000514038 0.0111093 -0.00405681 -0.0172452 -0.000503218 0.000624345 0.00964833 0.0106778 -0.00101783 0.018455 -0.00730632 -0.00192001 -0.0284086 0.00570503 0.00795142 -0.00709606 0.040646 -0.0116646 -0.00623924 0.036165 0.0127237 -0.00383931 -0.0802465 -0.012795 -0.0347631 -0.0403298 -0.0198884 -0.074457 0.0135773
internal_weight=0 1817.47 159.211 97.0736 60.4664 1658.26 1502.79 231.372 229.344 1271.42 56.2967 26.0526 1215.12 17.6711 9.22084 197.798 63.2375 30.2441 60.0624 49.1372 6.80813 14.034 1017.32 2.4127 186.669 30.9478 29.645 18.54 11.105 9.40027
internal_count=301348 283756 33603 23103 14300 250153 225813 10837 10703 214976 8330 4390 206646 3175 1277 37784 12783 3940 12355 12339 884 2436 168862 393 39344 7543 7392 4623 2769 2125
is_linear=0
shrinkage=0.1


Tree=85
num_leaves=31
num_cat=3
split_feature=156 12 156 237 156 237 12 159 237 149 73 175 3 85 196 205 104 188 95 142 189 199 74 171 191 78 6 233 166 110
split_gain=2.6494 2.4461 2.41766 3.09787 2.62943 4.85548 2.56756 2.86456 2.42323 2.36803 2.29321 3.02252 2.5552 2.10184 4.22931 3.01593 2.00416 2.10089 2.00054 2.17789 2.17471 3.46373 1.94985 2.46651 1.93215 3.79454 2.21609 1.99836 1.92439 2.34187
threshold=1.0000000180025095e-35 5.5000000000000009 0.20483683049678805 0 0.047847986221313484 1 147.50000000000003 0.87149149179458629 2 0.038991898298263557 0.12599206715822223 -0.0060910622123628846 0.26344709098339086 109.50000000000001 -0.017918633297085759 -0.0029321681940928097 0.12833561003208163 -0.04081097058951854 0.087616663426160826 -0.043351069092750542 -0.10851410031318663 -0.077348217368125902 0.40778534114360815 -0.10489404946565627 0.015700851567089561 0.026144907809793953 0.053342817351222045 0.073326375335454955 0.94392517209053051 0.011962769553065302
decision_type=2 8 2 9 2 9 8 2 9 2 2 2 10 2 2 2 2 2 2 2 2 2 2 2 2 2 8 2 2 2
left_child=-1 -2 4 6 5 -3 18 28 9 10 -6 12 -12 24 -15 -16 -5 -18 19 20 21 -4 -10 -24 -9 27 -27 -26 -8 -30
right_child=1 2 3 16 8 -7 7 13 22 -11 11 -13 -14 14 15 -17 17 -19 -20 -21 -22 -23 23 -25 25 26 -28 -29 29 -31
leaf_value=-0.091425938691169328 -0.086832908880802806 0.015904589063970045 1.1700202094820888 -0.0080430526449484386 0.0047728186772549377 -0.025284529497988529 -0.0053240663793800887 0.018232455879030583 0.009562501893520009 -0.053613295146397635 0.016022453289983179 -0.052048849992848659 -0.091302258973459061 -0.18270224982540473 -0.14230238439319348 0.042794615379322665 0.045906043923692581 -0.15284059124703858 0.0064907277297248994 0.031912227616254424 0.089575476755395234 0.23910014888942066 0.09096889562183133 0.018405221644577124 0.018161418207793059 0.085119856517391568 -0.055467418452650664 -0.087526104717787712 -0.024484158900931682 -0.14280569276948274
leaf_weight=3.1284459429944027 3.1884357222497774 39.923293165074938 0.045299433222680818 462.43607427622555 194.79883678327496 63.021258222159304 237.142785140044 124.86055640026461 474.58183453065431 8.4342605689635075 19.069469370078881 17.893015495701547 2.5103578436483067 1.6856217720778657 1.1410470667615298 3.8519455598434424 0.74487673024850698 1.859909038808836 44.308069828508451 27.90317491395399 2.0468190554238417 0.33964119314623564 6.6153603157690695 16.047376451053424 36.018021551062702 1.2120221191435145 14.967947878831181 1.882579250857815 7.5005863392725569 2.1529054613783956
leaf_count=22523 20549 13897 32 32729 31682 31085 16332 4610 76788 1678 3974 1819 906 90 68 125 90 207 17596 14260 821 181 2310 3576 1541 35 806 237 398 121
internal_value=0 0.000678996 0.000832729 -0.0025658 0.00475221 -0.010222 0.00285317 -4.70447e-05 0.00683548 -0.00149352 0.000319147 -0.0216598 0.00353749 0.00933798 -0.0457427 0.000494455 -0.00835607 -0.0960061 0.0200367 0.0398223 0.130586 0.34865 0.0107154 0.0395869 0.0113938 -0.00439534 -0.0449362 0.0129118 -0.00710569 -0.050872
internal_weight=0 1818.18 1814.99 972.1 842.895 102.945 507.059 432.416 739.951 242.706 234.272 39.4728 21.5798 185.62 6.67861 4.99299 465.041 2.60479 74.643 30.3349 2.43176 0.384941 497.245 22.6627 178.941 54.0806 16.18 37.9006 246.796 9.65349
internal_count=301066 278543 257994 90279 167715 44982 57253 24363 122733 40059 38381 6699 4880 7512 283 193 33026 297 32890 15294 1034 213 82674 5886 7229 2619 841 1778 16851 519
cat_boundaries=0 2 4 6
cat_threshold=79487796 1102405 1641155594 4852404 1159857926 1131270
is_linear=0
shrinkage=0.1


Tree=86
num_leaves=31
num_cat=1
split_feature=156 157 11 237 171 129 204 202 124 157 197 106 168 187 138 86 156 147 93 205 107 108 180 230 111 170 126 140 122 159
split_gain=2.6322 3.95157 3.12868 3.64623 3.05723 4.41328 2.8381 2.68676 3.18647 2.63552 2.92384 2.57114 2.32529 2.60742 2.5804 3.05404 2.54934 2.27331 4.59297 3.10702 2.54261 2.21553 2.64019 2.19484 2.09941 2.05851 2.05392 2.00126 1.97998 2.00016
threshold=0.39638906717300421 0.65611082315444957 0.051061308011412627 0 0.62672722339630138 -0.045736864209175103 -0.17227400839328763 -0.042827032506465905 -0.0042940340936183921 0.59522119164466869 -0.16294540464878079 0.027170703746378425 2.7447551488876347 0.096367526799440398 -0.01259494526311755 -0.86634227633476246 0.20483683049678805 0.0030688691185787324 -0.10291672497987746 -0.021989624947309491 -0.055051498115062707 -0.047232782468199723 1.0000000180025095e-35 -0.0097891953773796541 0.065057508647441878 0.42745165526866918 0.0027276993496343498 0.029572625644505027 0.022769412957131866 1.3112287521362307
decision_type=2 2 10 9 2 2 2 2 2 2 2 2 2 2 2 2 2 2 2 2 2 2 2 2 2 2 2 2 2 2
left_child=1 2 3 -1 12 -6 -2 8 -7 23 11 -11 14 16 15 -3 -14 18 19 -18 -20 22 27 -8 -22 26 -5 -4 -27 -30
right_child=6 4 21 25 5 7 9 -9 -10 10 -12 -13 13 -15 -16 -17 17 -19 20 -21 24 -23 -24 -25 -26 28 -28 -29 29 -31
leaf_value=-0.008503411488855285 -0.069967867456481037 -0.044873781447901377 0.01824293651532188 0.035762369998140163 -0.29060340127958895 -0.0011204136510747167 -0.046742348862905014 0.029942169940997368 -0.19562514111240983 0.055768857185014425 -0.005190789250704978 -0.043605194148589696 0.094271903567920007 0.076437447132204656 0.0075481658646241014 -0.32380911050728894 -0.016887541686577297 0.035020049515081794 -0.13044849602986466 -0.21144580579954408 0.032565610544225888 0.014939396000981986 -0.056048359006785745 -0.010505359649928617 -0.10676387117680537 -0.003253070468293897 -0.010201310522173004 -0.070373596253329104 0.0015665939853715897 0.021189322153564179
leaf_weight=494.6603676428831 7.2896833974809843 1.510195327238762 18.556566294688317 34.46556837879325 0.62060383806237851 1.9919496216753034 26.772843463255413 5.3167211653199038 1.4593189138686273 14.027883667025892 265.54288606437512 3.1970090759641598 4.9325608287690548 11.920340568103709 8.717544963830731 0.53037909053091326 1.6249668446398575 34.996593458978168 1.1518261499877613 1.6586310629936658 15.86737986493972 189.40112452447192 10.032402015319347 44.491082644170092 1.1605600887851313 367.81851604861731 13.541784883011131 2.95414393547071 143.82125541714322 81.314308475806683
leaf_count=93641 1009 65 4177 5824 23 44 5948 163 40 677 14982 208 113 254 350 33 58 1120 45 69 531 39786 3390 7389 54 72739 2756 626 38767 6385
internal_value=0 0.00133537 -3.48468e-05 -0.00215313 0.021224 -0.0328981 -0.00820413 -0.0146575 -0.0833639 -0.00693239 -0.00260095 0.0373246 0.0272681 0.0336389 -0.0161467 -0.117374 0.0253289 0.0193057 -0.00631687 -0.115164 0.0133429 0.0108528 -0.013685 -0.0241191 0.0230694 0.0028361 0.0227971 0.00607291 0.00126783 0.00865392
internal_weight=0 1450.03 1356.57 1135.62 93.4596 9.38859 361.321 8.76799 3.45127 354.032 282.768 17.2249 84.071 73.3129 10.7581 2.04057 61.3925 56.46 21.4634 3.2836 18.1798 220.944 31.5431 71.2639 17.0279 640.961 48.0074 21.5107 592.954 225.136
internal_count=301266 271053 268091 220112 2962 270 30213 247 84 29204 15867 885 2692 2244 448 98 1990 1877 757 127 630 47979 8193 13337 585 126471 8580 4803 117891 45152
cat_boundaries=0 2
cat_threshold=255004039 1392968
is_linear=0
shrinkage=0.1


Tree=87
num_leaves=31
num_cat=0
split_feature=157 156 92 163 157 6 156 175 4 79 86 10 206 67 163 157 17 131 166 146 86 0 157 156 233 4 162 212 134 134
split_gain=2.71783 3.87081 2.44676 3.13956 4.8523 3.13404 2.91707 2.89124 2.62742 2.27973 2.27004 4.14254 2.18928 2.16583 2.73495 2.6583 2.47861 2.4702 3.47835 3.61926 2.1597 2.19847 2.14952 2.14778 2.28326 2.14255 2.13955 2.09491 4.62621 3.1447
threshold=0.53720718622207653 0.3352713286876679 0.90024566650390636 -0.81838205456733693 0.50392174720764171 0.15504807978868487 0.15821565687656405 0.61178648471832286 1.0000000180025095e-35 0.6123737394809724 -0.77021417021751393 399.00000000000006 0.12280151993036272 1.842255771160126 -0.25117388367652888 0.62342819571495067 19.500000000000004 0.013303887564688923 0.77282276749610912 -0.019360291771590706 -1.135358929634094 0.26338410377502447 0.5412275791168214 0.20483683049678805 -0.085714887827634798 0.028991596773266796 60.122638702392585 -0.0031686550937592979 -0.0038496156921610232 0.007823806721717121
decision_type=2 2 2 2 2 8 2 2 10 2 2 8 2 2 2 2 2 2 2 2 2 10 2 2 2 10 2 2 2 2
left_child=2 9 3 4 12 -6 7 -4 -5 13 -8 -12 20 14 27 17 25 -15 26 22 -1 -22 -20 -17 -25 -16 -19 29 -29 -2
right_child=1 -3 6 8 5 -7 10 -9 -10 -11 11 -13 -14 15 16 23 -18 18 19 -21 21 -23 -24 24 -26 -27 -28 28 -30 -31
leaf_value=0.054013115450462106 0.029495454935551509 -0.0032150052284356011 -0.0057137937236143325 -0.030865088487227521 -0.023642362064607222 0.032181588164855786 -0.012441001273736343 0.056671440672832897 -0.00069695795205653463 0.096676218554787682 -0.0024944019782998828 -0.066368157894667684 -0.035215018221948807 -0.00049034508528622979 0.001044273777050289 0.056589784423635131 0.18049353266169932 -0.076296230416128097 0.04501226308244495 -0.037158133243997547 0.030910928775261609 -0.0077720001271399473 -0.18508539800319665 -0.19000889516399661 0.012230797469597364 0.041617478605790674 0.035754763505787324 -0.019179413425214162 0.012910014600214509 -0.0010242327241576233
leaf_weight=24.755805590544696 92.825559433542367 478.51785278254829 223.80342429090979 38.209541595377232 45.171473792768666 12.937207471972213 73.932994887340101 7.6838777877128441 118.09577415833883 2.9216010882992114 16.665125096124029 25.986654665510287 5.702450228496672 176.61792344611058 18.73176694828544 12.417707649969087 1.1028214296147769 2.2008018896631274 0.46773957798723076 10.044323954924037 50.904600983316413 20.652809010827696 3.0753540877340129 0.56512013712199305 45.87106628267793 42.647892788596437 7.5502374565476202 65.70873504951669 142.04646298617081 53.059429923043353
leaf_count=3051 2891 35449 66015 47850 2131 639 17055 2034 51191 219 8083 2914 1200 19228 7792 439 143 689 15 502 8616 2912 150 97 1898 6187 1394 2835 5472 2228
internal_value=0 0.00367106 -0.00435411 0.00201009 0.0118514 -0.0112138 -0.0101398 -0.00364301 -0.00807169 0.00853215 -0.0230395 -0.0414111 0.0249895 0.00815059 0.0126181 0.000967659 0.0319051 -0.00453067 -0.0351066 -0.0678111 0.0285541 0.0197463 -0.154709 0.0196483 0.00976958 0.0292354 0.0104649 0.00921036 0.00276078 0.0183952
internal_weight=0 1156.37 664.502 316.43 160.124 58.1087 348.072 231.487 156.305 677.855 116.585 42.6518 102.016 674.933 416.123 258.81 62.4825 199.956 23.3385 13.5874 96.3132 71.5574 3.54309 58.8539 46.4362 61.3797 9.75104 353.64 207.755 145.885
internal_count=301319 87628 213691 117590 18549 2770 96101 68049 99041 52179 28052 10997 15779 51960 27548 24412 14122 21978 2750 667 14579 11528 165 2434 1995 13979 2083 13426 8307 5119
is_linear=0
shrinkage=0.1


Tree=88
num_leaves=31
num_cat=6
split_feature=157 237 170 12 237 126 113 185 82 142 144 141 156 157 237 85 237 130 111 92 179 237 92 237 157 121 180 103 150 192
split_gain=2.54913 4.90823 3.50785 4.95162 3.28056 2.72542 2.58352 2.45342 2.57381 2.38543 2.39847 2.31221 2.21678 3.16354 2.86743 2.84841 3.23811 2.82654 2.73163 2.70383 3.55407 2.79999 2.689 2.40904 3.35202 2.61575 3.06233 2.47369 2.38065 2.37115
threshold=0.46464483439922338 0 0.45801669359207159 142.50000000000003 1 -0.0024173927959054704 -0.014288826379925011 -0.016816924326121804 0.032876959070563323 0.017632162198424343 0.0032519787782803182 -0.07121750712394713 0.13367697596549991 0.5807817578315736 2 63.500000000000007 3 0.01319333538413048 0.092380736023187651 0.88814091682434093 1.0000000180025095e-35 4 0.9026341736316682 5 0.62342819571495067 -0.027841927483677861 -0.043145190924406045 -0.057001162320375436 0.027116612531244758 -0.080651968717575059
decision_type=2 9 2 8 9 2 2 2 2 2 2 2 2 2 9 2 9 2 2 2 2 9 2 9 2 2 2 2 2 2
left_child=1 -1 3 -2 6 -6 7 11 -9 10 -8 -5 14 19 18 23 22 -16 -4 21 -21 -14 -17 -15 25 -25 27 -27 -28 -18
right_child=2 -3 12 4 5 -7 9 8 -10 -11 -12 -13 13 15 17 16 29 -19 -20 20 -22 -23 -24 24 -26 26 28 -29 -30 -31
leaf_value=-0.023488377808696802 0.064152270657128696 0.0066031366962102421 0.02430817295232841 -0.16342090042564061 0.036666791004304249 0.0010691292154042609 -0.024000954670679697 -0.041590209386898835 -0.16608547713219807 0.053231332610116859 0.028632536237112999 0.012377007261764864 0.013639047335706015 0.014281211120263641 -0.0077803059260837639 -0.0079409731200093692 0.0056230179749096991 0.020242448840263313 -0.022375598616371346 -0.0035078870912378123 -0.026005737266752774 -0.014805606030552122 0.028452655089807145 0.015264245511739556 0.0073660383454369569 -0.17791117963643074 -0.073049735375423128 0.0071529076648998201 0.052747788361047265 -0.01737390756838145
leaf_weight=107.31082503840116 18.332021164735124 97.883310578251439 119.23390590321196 0.79545028076972712 56.671362351829885 34.662316017172998 22.428360045909358 14.784249312127942 1.8707530685933296 9.2234697026433405 14.101263779710278 12.586797760392075 80.847341580763896 223.79691127631486 144.7565468251978 35.77763178717214 60.97979821334593 47.906444867485334 14.00640023523192 145.0465384801455 136.10704392269872 46.461211954181636 46.936042919696774 12.370442810672101 116.40559829388076 0.76301659377350084 18.880991904738043 13.526166579260458 1.634593864873749 169.34802139680687
leaf_count=68736 6303 47830 17083 48 2056 1417 1076 637 73 312 582 595 14067 12187 31607 2169 2898 8444 2056 25764 24701 8509 2902 918 4850 116 1597 1090 75 10571
internal_value=0 -0.00995678 0.00187383 0.0148159 0.00940412 0.0208718 -0.00633359 -0.0299558 -0.055574 0.0077903 -0.00368323 0.00192746 0.000200975 -0.00192996 0.00745144 0.00214892 -0.00494503 -0.00077225 0.0180463 -0.00892431 -0.0143991 0.00316655 0.0113397 0.00788158 -0.00164623 -0.0242331 -0.0382714 -0.00272918 -0.0630267 -0.0108158
internal_weight=0 205.194 1620.24 185.456 167.124 91.3337 75.7903 30.0373 16.655 45.7531 36.5296 13.3822 1434.78 1108.88 325.903 700.419 313.041 192.663 133.24 408.462 281.154 127.309 82.7137 387.378 163.581 47.1752 34.8048 14.2892 20.5156 230.328
internal_count=301269 116566 184703 13099 6796 3473 3323 1353 710 1970 1658 643 171604 112414 59190 39373 18540 40051 19139 73041 50465 22576 5071 20833 8646 3796 2878 1206 1672 13469
cat_boundaries=0 2 4 6 8 10 12
cat_threshold=357956961 5796258 3280489607 859316 290860087 4849716 149122316 1486853 984396922 5886752 2132070064 1364552
is_linear=0
shrinkage=0.1


Tree=89
num_leaves=31
num_cat=0
split_feature=156 170 118 11 107 196 156 101 71 219 195 156 120 220 135 74 2 177 88 168 9 85 142 158 228 121 190 179 93 193
split_gain=2.30743 2.13958 2.11408 2.57353 2.49695 2.38516 2.59715 2.27527 1.84382 1.83264 2.20102 1.75304 1.79287 1.71723 1.85439 1.72727 1.71049 2.00962 2.32316 1.71009 1.64776 1.62893 1.61448 2.41973 2.38946 2.08794 1.75093 1.73981 1.7873 1.70539
threshold=1.0000000180025095e-35 0.45447091758251196 -0.023020620457828041 0.052770815789699561 -0.021808733232319352 -0.079009905457496629 0.10733487084507944 0.040309714153409011 0.29583333432674414 -0.0013332769740372894 -0.17318532615900037 0.46247655153274542 0.023167102597653869 -0.096730805933475481 0.030674676410853866 0.017392619512975219 0.20156250149011615 0.0063138676341623077 0.75656849145889293 2.5095564126968388 0.079682540148496642 71.500000000000014 -0.016812181100249287 0.22500000149011615 0.034649522975087173 0.032524175941944129 0.13540645688772204 -0.14294929802417752 0.067136626690626158 0.16390226036310199
decision_type=2 2 2 10 2 2 2 2 2 2 2 2 2 2 2 2 10 2 2 2 8 2 2 2 2 2 2 2 2 2
left_child=-1 2 5 7 -5 -2 -7 22 -9 10 -3 19 -13 15 16 -8 17 18 -15 20 -12 -6 23 27 26 -24 -25 28 -4 -27
right_child=1 9 3 4 21 6 13 8 -10 -11 11 12 -14 14 -16 -17 -18 -19 -20 -21 -22 -23 25 24 -26 29 -28 -29 -30 -31
leaf_value=-0.090199858930737384 0.027191099822541351 0.036203288771369586 -0.15498147483841168 -0.026332167523736818 0.072228451864861445 0.020078738205322241 -0.12710151609096804 -0.030120613747411429 0.11369787401969325 -0.004155602115328191 -0.0058282063432550466 -0.016516253185938343 0.018233682279154055 -0.050638567500794186 0.016015548164489156 0.04881588567749879 -0.19974708804707852 -0.07672704146131698 0.068517362769023954 0.004501712991410823 -0.075884778067529274 0.018536779661623596 0.028341463724110384 0.046536457772164558 -0.052365203952249632 -0.0114208956355947 -0.073507945615945966 -0.015022275566922672 -0.01655566913135522 0.06580582136121893
leaf_weight=2.8021133654565338 14.188924053316439 19.108894763579883 2.0469851398047498 4.6119398273458527 16.410553923768024 11.375325681196044 0.65866586875199473 18.250555766790061 0.93721099863250756 786.8394038501774 9.8439184492271998 83.87313534873465 18.040552260732511 4.9245036145184846 3.9975081600678086 3.6569504194158071 0.82167909638519532 12.647780040730138 2.4504324028839619 644.92546507925363 5.0950550862289683 8.6178675001865468 77.838153534336016 14.548493999223867 3.7372023491079736 26.117846016228217 1.3257468627380138 13.544464876342316 1.7135608935532216 3.211045656069472
leaf_count=22485 1583 4362 270 703 1562 2939 83 3472 99 126361 2102 6275 1350 834 411 267 216 1457 324 101443 1854 1012 9921 1530 766 4351 217 2799 201 287
internal_value=0 0.000614907 0.00925291 0.0141739 0.041282 -0.00809533 -0.0204477 0.00925273 -0.0230959 -0.000749526 0.00268251 0.00184166 -0.0103649 -0.0362584 -0.0463735 0.0219667 -0.0583383 -0.0525353 -0.0110472 0.00372692 -0.0297216 0.0537412 0.0135606 -0.00447496 0.0195744 0.0197735 0.0365109 -0.0317297 -0.0919052 -0.0029658
internal_weight=0 1815.36 247.633 192.912 29.6404 54.7218 40.5328 163.271 19.1878 1567.73 780.887 761.778 101.914 29.1575 24.8419 4.31562 20.8444 20.0227 7.37494 659.864 14.939 25.0284 144.083 36.9165 19.6114 107.167 15.8742 17.305 3.76055 29.3289
internal_count=301536 279051 35304 27190 3277 8114 6531 23913 3571 243747 117386 113024 7625 3592 3242 350 2831 2615 1158 105399 3956 2574 20342 5783 2513 14559 1747 3270 471 4638
is_linear=0
shrinkage=0.1


Tree=90
num_leaves=31
num_cat=2
split_feature=157 171 92 170 237 163 7 157 170 12 101 179 98 207 148 157 28 237 145 179 101 140 157 86 202 86 66 10 124 1
split_gain=2.65639 2.82023 2.47358 2.44161 2.71511 2.19166 2.30405 2.16654 2.57689 2.52546 3.04768 3.16577 3.43262 3.1461 2.8529 2.30692 2.23714 2.49239 2.48958 2.1917 2.53122 2.23801 2.18846 2.14041 2.03858 2.15053 4.35865 3.16232 3.56538 3.38998
threshold=0.68493673205375682 0.44739343225955969 0.93287825584411632 0.53199100494384777 0 -1.2178012132644651 0.24845385551452639 0.45331972837448126 0.39896512031555181 147.50000000000003 -0.11423363536596297 -0.17958223074674604 0.04338884353637696 0.093116465955972685 -0.031779786571860306 0.50392174720764171 1.0000000180025095e-35 1 -0.01735170558094978 -0.20236640423536298 0.051551943644881255 0.019697139039635662 0.56913721561431896 -1.135358929634094 0.15724906325340274 -0.90189385414123524 5.1342959403991708 555.50000000000011 -0.0030784771079197522 0.072299651801586165
decision_type=2 2 2 2 9 2 10 2 2 8 2 2 2 2 2 2 2 9 2 2 2 2 2 2 2 2 2 10 2 10
left_child=3 5 -3 4 -1 -2 -7 8 -6 15 11 12 13 -11 -15 -9 17 -13 -19 20 21 -12 -23 -17 25 26 -5 -27 29 -29
right_child=1 2 -4 24 7 6 -8 9 -10 10 19 16 -14 14 -16 23 -18 18 -20 -21 -22 22 -24 -25 -26 27 -28 28 -30 -31
leaf_value=-0.0044076841790480544 0.058574292842811786 0.0018556016127805079 -0.17959829962628132 0.0078818495318643995 0.037405794129752368 0.012724104234798439 0.1242612597896413 -0.0046263101593163386 -0.015705763035636318 -0.082198679889829387 0.04269800941615972 0.015641001141850148 0.028178101394157957 -0.17629671300194574 0.016022318889049498 -0.044874875775550646 0.044016682461227995 0.028740157720093286 -0.05506556676865252 0.0054623336031987754 -0.084164590868535893 -0.033156213601792654 0.0514832251364594 0.040593017943742191 -0.061477338457785163 -0.003604842806256895 -0.039381321836532993 -0.030869295616005883 -0.0083743500705291147 -0.092169921695507973
leaf_weight=543.27498379922554 16.968434066046029 87.194575369430822 0.75779390381649037 151.04708874296466 10.356562342210053 48.276839792473766 1.9259387180791225 19.466365034425507 77.460603815018658 15.628139046471921 40.286737992311828 19.60605590587511 6.0702075051085549 0.86560590652516101 7.0822880427876944 3.1119595406871658 10.228235011043578 4.4854927166597944 16.900235616616555 353.75911365738648 1.9834825351717871 8.9421043476977484 4.6400284655974238 50.156384122898089 6.9676145125649773 166.22374111356203 22.406690678382802 42.643782164490403 59.580168201980996 11.441753243187121
leaf_count=84006 387 3164 19 25053 1894 1264 126 15911 50741 836 2044 1197 309 55 256 1093 659 306 1417 22077 192 705 122 17321 3850 47819 13627 1888 2673 525
internal_value=0 0.0120756 0.000292202 -0.00161007 0.000774761 0.0275045 0.017003 0.00508897 -0.00944215 0.00744505 0.00486638 -0.0128746 -0.0388816 -0.0561477 -0.00492317 0.024834 0.00217833 -0.00826114 -0.0255437 0.00836884 0.0267781 0.0308631 -0.00424106 0.0355999 -0.00779767 -0.00697264 0.00177641 -0.0123946 -0.0252487 -0.0438374
internal_weight=0 155.124 87.9524 1654.62 1194.3 67.1712 50.2028 651.03 87.8172 563.212 490.478 80.8663 29.6462 23.576 7.94789 72.7347 51.22 40.9918 21.3857 409.611 55.8524 53.8689 13.5821 53.2683 460.311 453.343 173.454 279.889 113.666 54.0855
internal_count=301536 4960 3183 296576 201141 1777 1390 117135 52635 64500 30175 5035 1456 1147 311 34325 3579 2920 1723 25140 3063 2871 827 18414 95435 91585 38680 52905 5086 2413
cat_boundaries=0 2 4
cat_threshold=2724354947 5178621 1208058924 1081858
is_linear=0
shrinkage=0.1


Tree=91
num_leaves=31
num_cat=2
split_feature=157 3 160 233 234 159 142 186 108 108 164 120 186 235 100 219 141 90 78 197 119 158 181 68 100 97 142 73 116 168
split_gain=2.41348 2.17274 2.10891 2.525 2.13845 2.35622 2.12471 2.10622 3.50104 3.10164 2.40662 2.28996 2.28075 2.20237 2.18285 2.16131 2.22439 2.10293 2.20761 2.03367 3.90289 2.71112 2.13775 2.24731 2.09025 1.976 1.94252 1.90313 2.08149 2.0688
threshold=0.33195337653160101 1.0000000180025095e-35 2.0000000000000004 -0.04416323080658912 0 0.32936464250087744 -0.034603316336870187 0.021116582676768306 -0.021937659010291096 0.010243215598165991 5.2857353687286386 0.0074209158774465331 -0.13118419051170346 1 0.0028909150278195743 0.015159204136580231 -0.0066626814659684888 2.3503836393356328 0.046332737430930145 0.060909923166036613 0.025467674247920517 0.45000000298023229 -0.072626635432243333 37.56866645812989 -0.10761586204171179 -0.11656031385064124 0.023000512272119526 0.086313325911760344 0.042078983038663871 4.2842867374420175
decision_type=2 8 2 2 1 2 2 2 2 2 2 2 2 1 2 2 2 2 2 2 2 2 2 2 2 2 2 2 2 2
left_child=-1 -2 7 6 5 -5 -4 9 10 19 11 -9 -11 25 -15 16 -10 -6 -19 21 -21 -3 23 -23 -24 -12 -8 -26 -29 -30
right_child=1 2 3 4 17 -7 26 8 15 12 13 -13 -14 14 -16 -17 -18 18 -20 20 -22 22 24 -25 27 -27 -28 28 29 -31
leaf_value=-0.054254056563935366 -0.034474680733543227 -0.0041362964630240169 -0.12463529493392274 0.048302330683303682 -0.0047168986548644792 -0.00049119685015998891 -0.016984045436557422 -0.0040365734494923235 0.027464875478900232 -0.028871244713375877 0.10787498017473372 -0.032762120116321812 -0.0056408445725665774 0.038671062753804726 -0.0039189932959413799 0.0025265755622529877 0.009165347878828228 -0.055168217832255118 0.034201697207029001 -8.2592660712339316e-05 0.030002030950751841 0.05831316188780486 -0.04796005563650995 0.00037567847942208564 0.019510066193921628 -0.056358644683347975 -0.086485412230883629 -0.0031068853240838277 -0.13837294998250108 0.13463855911012676
leaf_weight=8.0990980908572947 17.631429993842175 424.91340402858759 2.4132579754314056 14.678792734366651 63.670041736549138 30.378513646750434 27.072112074702094 105.01138557209742 113.64727806834071 52.406505720772657 0.82433251969996479 37.720319402221321 218.36254036915761 28.069915132122333 21.064593727925967 174.54162785206063 159.86174407654562 17.709032700047832 3.275208445138559 111.33927586291156 70.380255039286567 18.391127609465915 6.7827588934815131 10.527024427186914 47.7085512375279 6.5829043623052712 4.7229820796273989 9.1633639906995068 2.2600348575506355 0.31641970528289665
leaf_count=9660 54878 53918 437 2204 8174 4317 3707 21611 13802 7932 26 8903 29565 1453 1103 22410 21409 2811 420 15295 7581 1128 736 1294 3910 505 734 725 243 5
internal_value=0 0.000457361 0.000802637 -0.0100063 -0.00363256 0.0126068 -0.0341741 0.00189642 0.00631626 -0.0010454 -0.00471122 -0.011628 -0.010137 0.0127492 0.0204122 0.0112208 0.0167691 -0.0123109 -0.0412194 0.00246243 0.0115692 -0.000719659 0.0145382 0.0372223 0.00463378 -0.0380815 -0.0273081 0.0106345 -0.0254344 -0.104844
internal_weight=0 1801.43 1783.8 163.92 129.712 45.0573 34.2084 1619.88 647.324 972.551 199.273 142.732 270.769 56.5417 49.1345 448.051 273.509 84.6543 20.9842 701.782 181.72 520.063 95.1493 28.9182 66.2311 7.40724 31.7951 59.4484 11.7398 2.57645
internal_count=300896 291236 236358 22804 17926 6521 4878 213554 91222 122332 33601 30514 37497 3087 2556 57621 35211 11405 3231 84835 22876 61959 8041 2422 5619 531 4441 4883 973 248
cat_boundaries=0 1 2
cat_threshold=115 4
is_linear=0
shrinkage=0.1


Tree=92
num_leaves=31
num_cat=4
split_feature=170 157 221 112 150 114 139 170 204 157 141 130 115 55 1 156 237 160 237 157 237 237 157 86 218 140 163 142 79 73
split_gain=2.80635 2.44406 2.43516 2.66708 2.41024 2.24106 2.37152 2.19013 2.72299 2.16566 2.09481 2.00842 1.97469 1.96044 7.45075 1.90719 4.00195 2.78111 2.51396 2.4918 2.81806 2.54355 2.46196 3.99369 2.47077 3.55952 2.42057 2.41359 2.43499 2.13597
threshold=0.54266294836997997 0.30575782060623174 -0.10343456640839575 -0.059991205111145966 -0.027212460525333878 -0.016971046105027195 -0.036764964461326592 0.41605599224567419 0.011570618487894537 0.40495429933071142 -0.049956349655985825 -0.010233608540147541 0.079612292349338545 1.0000000180025095e-35 0.013937451411038639 0.16749174892902377 0 2.0000000000000004 1 0.56404387950897228 2 3 0.53720718622207653 -0.66514968872070301 0.028481365181505684 0.019697139039635662 -0.47065415978431696 0.028208493255078796 0.11200716719031335 0.33602151274681097
decision_type=2 2 2 2 2 2 2 2 2 2 2 2 2 2 8 2 9 2 9 2 9 9 2 2 2 2 2 2 2 2
left_child=1 -1 3 -2 11 -6 -7 8 12 -9 -10 -5 -3 -4 -15 17 22 19 -19 21 27 -11 23 -17 25 -24 -25 28 -21 -26
right_child=2 7 13 4 5 6 -8 9 10 15 -12 -13 -14 14 -16 16 -18 18 -20 20 -22 -23 24 26 29 -27 -28 -29 -30 -31
leaf_value=-0.081459831669332183 -0.082313745512194933 0.037103585265143034 -0.0090436921129745575 0.00053014935583546878 0.058832571330654782 -0.11084627050145486 0.017456546235135078 -0.026667659594035061 -0.11947953031475567 -0.0036211041244661717 -0.00074480931610777692 -0.12834189479817878 -0.11069200790265028 -0.16705586595648045 0.0023387965136257446 0.00020480992411480394 -0.0098605615413655673 0.01113892301319009 -0.029752870873584733 -0.058243134340259274 0.036209062949576556 0.012553341089502214 0.023324909396715471 -0.079270792657088834 0.00015723160456050046 -0.0085608188218872002 -0.0071702608165146653 -0.14728729203373681 0.0202655880226182 -0.13928440511965759
leaf_weight=3.5176983734900196 2.7421927345985742 43.127359227324632 351.94826605848539 3.5186826770768675 14.636230668134884 1.5322111753503111 24.104298736659988 27.46599788855201 1.6119502299370676 164.51398819398128 19.002100094942762 1.8425694311190444 0.92337000319730478 3.7527647636925368 8.427942403992347 99.583265418310475 317.23594742973182 21.247655233278238 28.304785808901215 5.7236114819534185 46.290075650276776 222.94652083237634 154.48040536590634 11.307352497613467 149.38873604068976 45.270278511621655 7.9160927119846738 1.2564633575093456 12.75311834176682 1.1066650939901581
leaf_count=4546 514 5255 70562 475 1098 185 2546 35989 278 43282 3168 358 185 1629 1678 24108 24232 3461 5869 307 1523 40509 10593 1110 9230 3811 4247 83 441 53
internal_value=0 0.00178831 -0.00760822 0.0134713 0.0192271 0.0276123 0.0097883 0.00200029 0.0199679 0.00111794 -0.0100295 -0.0437609 0.0340056 -0.0104087 -0.0498502 0.00170985 -0.00136642 0.00651832 -0.0159752 0.0089762 0.0269335 0.00591628 0.00449289 -0.00785063 0.0088082 0.0160985 -0.0495803 -0.00874352 -0.00405438 -0.00086815
internal_weight=0 1384.97 412.505 48.3762 45.634 40.2727 25.6365 1381.46 64.6648 1316.79 20.6141 5.36125 44.0507 364.129 12.1807 1289.32 786.289 503.036 49.5524 453.484 66.0233 387.461 469.053 118.807 350.246 199.751 19.2234 19.7332 18.4767 150.495
internal_count=301325 222280 79045 5176 4662 3829 2731 217734 8886 208848 3446 833 5440 73869 3307 172859 77384 95475 9330 86145 2354 83791 53152 29465 23687 14404 5357 831 748 9283
cat_boundaries=0 2 4 6 8
cat_threshold=489682712 1243146 3772581888 660578 2961867456 135680 1315718712 6279459
is_linear=0
shrinkage=0.1


Tree=93
num_leaves=31
num_cat=3
split_feature=237 219 141 141 237 198 193 157 180 115 7 223 145 237 160 163 74 125 63 7 78 224 145 224 223 157 144 145 104 179
split_gain=2.89838 2.73339 4.32575 2.91716 2.60559 2.59878 2.10838 2.1936 2.52768 2.31247 2.23848 2.0967 2.26232 2.32176 2.08224 2.06454 2.03905 2.01914 2.37993 2.19526 2.01038 1.99409 1.9896 2.84153 2.86994 1.98277 2.6711 2.18028 2.39826 2.15442
threshold=0 -0.003813373856246471 -0.012016684282571076 0.012527810409665109 1 0.075622562319040312 -0.12069081887602805 0.5412275791168214 1.0000000180025095e-35 0.025737948715686802 0.078461539000272765 -0.06284091621637343 -0.014948322903364895 2 1.0000000000000002 -1.7881804108619688 0.12588027864694598 0.002592095523141325 -0.17315388470888135 0.1756822615861893 0.22245857864618304 -0.016790332272648808 -0.0032992028864100571 -0.075457405298948274 0.14218477904796603 0.65611082315444957 -0.01900785323232412 -0.018373386003077027 -0.095463663339614854 0.05983641371130944
decision_type=9 2 2 2 9 2 2 2 2 2 10 2 2 9 2 2 2 2 2 10 2 2 2 2 2 2 2 2 2 2
left_child=11 3 5 14 17 15 -5 -8 9 10 -9 12 13 -1 -2 -3 -14 20 19 -19 -4 -11 23 -13 -25 27 -27 28 -6 -28
right_child=1 2 4 6 25 -7 7 8 -10 21 -12 22 16 -15 -16 -17 -18 18 -20 -21 -22 -23 -24 24 -26 26 29 -29 -30 -31
leaf_value=0.017882788701664737 0.020876914152006851 -0.16542398143413395 0.036258362549684252 -0.055731507630919067 -0.074817603841614219 0.0049083500817550235 -0.018701498182046673 -0.041657704108655332 -0.0056868030766497081 -0.028886399834242956 0.04479221797149132 -0.029888386664066971 -0.033773535374528561 -0.014221356322043775 0.004472428244968533 -0.024533296111467914 -0.0070588531223384626 -0.089826939052698951 0.01543686831315663 0.035885631884518036 -0.15441159870507104 0.11187290425106025 0.0037180057878019174 -0.0020983377049723479 -0.08492719639733308 -0.021812288355488318 0.055040464196794925 0.0010801682344680789 -0.013372341658025911 -0.036860644804610425
leaf_weight=32.528336095131635 206.28412531312279 1.0528115147972119 49.916400354331017 7.5739169183925688 7.8392560540223704 38.715937956855669 38.423027406614892 4.491202301214801 29.360356562134257 1.2217719248874344 8.99184906578739 45.375225615185627 62.867564840435989 37.980537952605118 123.82038089311754 85.876023865699153 52.372841898724801 4.5524500297005934 28.208969691158018 1.9990463859194276 0.55917945806504477 5.7105850034749883 400.85268122932166 321.31062601390204 4.2383862270198724 9.3765371269910265 18.32328096894344 141.51890389482196 33.48461912608218 2.9634206140472079
leaf_count=4400 32198 40 6768 2396 2023 8111 14396 749 2312 176 936 6961 11221 5443 22706 24949 8906 904 4693 379 93 289 55566 47048 1175 291 508 28134 7369 168
internal_value=0 0.00455227 -0.00107402 0.0102658 0.00547346 -0.0166418 -0.00509959 -0.000751665 0.0131042 0.0401285 0.0159958 -0.00342602 -0.0130002 0.00110875 0.0147237 -0.0262396 -0.0216326 0.0191294 0.00282685 -0.0514685 0.0341461 0.0870652 -0.00116613 -0.00644435 -0.0031767 -0.000835115 0.0226579 -0.00482063 -0.0250287 0.0422465
internal_weight=0 850.264 424.387 425.877 298.742 125.645 95.7727 88.1988 49.7758 20.4154 13.4831 957.526 185.749 70.5089 330.105 86.9288 115.24 85.236 34.7605 6.5515 50.4756 6.93236 771.777 370.924 325.549 213.506 30.6632 182.843 41.3239 21.2867
internal_count=301308 160588 84430 76158 51330 33100 21254 18858 4462 2150 1685 140720 29970 9843 54904 24989 20127 12837 5976 1283 6861 465 110750 55184 48223 38493 967 37526 9392 676
cat_boundaries=0 2 4 6
cat_threshold=2197822867 5240746 538075172 2132 2164264208 868352
is_linear=0
shrinkage=0.1


Tree=94
num_leaves=31
num_cat=0
split_feature=156 157 157 168 111 13 156 74 183 168 159 177 216 137 232 201 171 73 79 165 80 197 112 66 166 56 121 219 210 208
split_gain=2.88535 2.61723 2.40012 2.13919 2.81021 2.13137 2.23748 2.53756 2.06629 2.05893 2.26488 2.0476 2.16784 2.68814 2.36836 2.0979 2.04708 4.18808 2.29563 2.18491 2.28026 2.41034 2.29707 2.20374 2.17259 3.44898 2.78885 2.72872 2.1426 2.11973
threshold=0.39638906717300421 0.63727831840515148 0.65611082315444957 3.9639749526977544 -0.057210240513086312 0.010666742455214264 0.15821565687656405 0.54904305934906017 -0.0071417076978832475 2.8413259983062749 1.2636049985885622 0.30492405593395239 0.055961789563298232 -0.030486031435430046 0.014062283560633661 0.19790857285261157 -0.021894295699894425 0.13389356434345248 0.39509977400302893 72.500000000000014 0.018019480630755428 -0.060832897201180451 0.049289025366306312 0.12846396118402484 0.9543094038963319 1.0000000180025095e-35 -0.065802484750747667 -0.075274579226970659 0.056326881051063545 -0.03493023477494716
decision_type=2 2 2 2 2 8 2 2 2 2 2 2 2 2 2 2 2 2 2 2 2 2 2 2 2 2 2 2 2 2
left_child=1 5 3 -2 -5 -1 9 16 -4 10 -7 12 13 -3 -14 -15 24 18 19 -18 21 -21 -22 -24 -8 26 -26 -27 29 -19
right_child=2 11 8 4 -6 6 7 -9 -10 -11 -12 -13 14 15 -16 -17 17 28 -20 20 22 -23 23 -25 25 27 -28 -29 -30 -31
leaf_value=-0.018456392901276261 -0.012547347314023127 0.039273615780986142 0.018537048761277028 -0.15938857115433294 -0.034488033984793658 -0.042734707980935538 0.0037116821081876212 0.060019210061377629 -0.0061934250948062 0.0071703069075669508 0.0098933263649608957 -0.047679284714759067 0.069401144800766229 0.0045441389953371067 0.0036381328841921614 -0.18457341815930839 -0.011586273403722057 -0.039642078165311428 0.018343426367295895 0.0073154834092636267 -0.020654178742978316 -0.10013754768688546 0.15967519234523364 -0.15299450980315493 -0.13699894918048283 0.067476832074652535 -0.0060192718722029042 -0.13803787791381408 0.070401605191932518 0.033035263033776206
leaf_weight=56.486474338350945 177.19534165240475 26.795676551693759 46.905479877863399 2.0866586142219612 13.177281475131164 17.793123654281771 353.88416166160641 6.379174191162746 120.78425034324391 570.5858287235269 15.131336017000647 5.1073907710233462 14.55095267804427 93.005848096152477 8.7809825375952624 0.59029526234371488 114.4249249637287 6.1794721002806954 17.434786666919535 2.7281481295940457 46.372526663530152 8.8907248347240948 0.25153063639299889 2.171341680950718 1.6785313588916313 0.78435005468782026 51.561909597403428 3.6643436314188866 7.8370143823849494 11.447388613123621
leaf_count=63951 22525 825 1474 129 788 7092 45024 1090 5254 124780 1355 146 541 3466 385 23 10551 692 1702 270 4060 673 21 261 117 19 1783 148 583 1196
internal_value=0 0.00198293 -0.00802156 -0.0156416 -0.0515626 0.000540291 0.00140622 -0.00273405 0.000724081 0.00576724 -0.0185481 0.0145421 0.0167533 0.0113466 0.0446512 0.00335141 -0.00337016 -0.0112115 -0.0162586 -0.0197091 -0.0350938 -0.0749072 -0.0256136 -0.120535 0.00077821 -0.0172167 -0.0101487 -0.101804 0.0268984 0.00755667
internal_weight=0 1444.52 360.149 192.459 15.2639 1295.69 1239.2 635.69 167.69 603.51 32.9245 148.831 143.724 120.392 23.3319 93.5961 629.311 217.738 192.274 174.839 60.4143 11.6189 48.7954 2.42287 411.573 57.6891 53.2404 4.44869 25.4639 17.6269
internal_count=300924 270754 30170 23442 917 265368 201417 68190 6728 133227 8447 5386 5240 4314 926 3489 67100 20009 17538 15836 5285 943 4342 282 47091 2067 1900 167 2471 1888
is_linear=0
shrinkage=0.1


Tree=95
num_leaves=31
num_cat=6
split_feature=156 157 237 8 237 92 237 237 157 207 156 13 130 194 73 237 157 181 95 113 176 13 112 121 68 202 235 113 232 93
split_gain=2.88532 2.62208 4.243 2.39498 3.98363 2.26058 3.13516 2.76953 2.07386 2.06354 2.05827 2.11092 2.72044 3.26187 2.10968 1.95348 3.61247 2.54507 2.52982 2.76425 3.33193 2.48155 2.31639 2.22209 2.10934 2.11994 3.07015 2.06077 1.99827 1.92965
threshold=0.46247655153274542 0.5807817578315736 0 0.14990550279617312 1 0.88934338092803966 2 3 0.40495429933071142 -0.17993953824043271 0.20483683049678805 0.047581315040588386 0.046341974288225181 -0.074169255793094621 0.33602151274681097 4 0.65611082315444957 0.031242565251886848 0.041549907997250564 0.028821073472499851 -0.005654802778735756 0.061539044603705413 0.042879058048129089 -0.072521593421697603 41.406183242797859 -0.093863941729068742 5 0.050578450784087188 0.065493863075971617 -0.10291672497987746
decision_type=2 2 9 8 9 2 9 9 2 2 2 10 2 2 2 9 2 2 2 2 2 8 2 2 2 2 1 2 2 2
left_child=1 3 29 4 -1 6 -5 -7 -8 -4 -11 12 -12 -14 -13 18 24 22 19 23 -21 -22 -18 -2 25 -17 27 -27 -20 -3
right_child=15 2 9 5 -6 7 8 -9 -10 10 11 14 13 -15 -16 16 17 -19 28 20 21 -23 -24 -25 -26 26 -28 -29 -30 -31
leaf_value=-0.020154629370178249 -0.22750236513819325 -0.025845993608300449 0.060197989500998854 -0.0065074667543723735 0.0040886431924956066 -0.01021070177114302 -0.021320971126062058 0.0045446408678048861 0.020306339391024331 0.026826997241495606 0.0041764751341621343 0.023093897777939576 0.050386597725573981 -0.14744385781860589 -0.16415140797606709 0.0078901937560184304 -0.00043207948444055634 0.054562354796029368 -0.018355252712377066 -0.19291252056565372 -0.10918167593928643 0.060625987468600789 0.088868273008261667 -0.026936979037831474 0.12241481808556409 -0.11371939727890866 -0.019789618870537005 0.028885602643140853 0.026237301662765819 -0.0004082489158929298
leaf_weight=145.210005907305 0.56268092222308297 36.730291242889507 9.2477691438252787 88.212581902358579 120.20512667271532 237.99536537513359 12.950868793990592 253.91555388844608 157.70531393879628 76.48920265254128 186.19311097188256 81.036042189443833 1.2477161993156189 2.5102671403001287 0.6062206159112965 20.83100897983968 44.249843094687094 13.562213151817557 55.226242363682104 2.5021330420131562 2.2013801272041742 1.413027277565561 3.1087978749128515 30.219554900500952 1.0725719402907987 6.0894379697565455 42.340580604915885 1.2156488044274736 12.284463436015356 158.52861726815172
leaf_count=42577 41 2080 391 22745 40695 48338 14573 49302 33241 4144 11816 3538 64 240 19 2197 2047 311 4844 180 195 54 114 1747 283 564 5215 92 901 8661
internal_value=0 0.00139947 0.00694354 -0.00161531 -0.00978029 0.00127117 0.00883528 -0.00270944 0.0161981 0.013206 0.012337 0.0082561 0.0024763 -0.0817607 0.0217035 -0.010441 -0.00142119 0.0163678 -0.0198479 -0.0428039 -0.104205 -0.0427966 0.00542993 -0.0306032 -0.0167663 -0.0188845 -0.030119 -0.0899883 -0.010241 -0.00494035
internal_weight=0 1568.78 552.589 1016.19 265.415 750.78 258.869 491.911 170.656 357.33 348.083 271.593 189.951 3.75798 81.6423 236.88 132.47 60.9209 104.409 36.8988 6.11654 3.61441 47.3586 30.7822 71.5492 70.4767 49.6457 7.30509 67.5107 195.259
internal_count=301209 282424 30953 251471 83272 168199 70559 97640 47814 20212 19821 15677 12120 304 3557 18785 10823 2472 7962 2217 429 249 2161 1788 8351 8068 5871 656 5745 10741
cat_boundaries=0 2 4 6 8 10 11
cat_threshold=4189981327 4229136 2672271108 660851 542852316 4457598 958965984 1954693 458777 606498 2
is_linear=0
shrinkage=0.1


Tree=96
num_leaves=31
num_cat=3
split_feature=237 156 117 184 86 66 237 151 191 229 163 98 176 129 121 159 124 1 92 237 217 146 125 135 216 63 151 114 123 67
split_gain=2.15677 2.49841 2.10469 1.99475 1.80118 3.56811 2.84274 4.05654 3.41017 2.75416 2.70236 2.61877 2.61044 2.61871 2.2835 3.77586 2.25067 2.25016 2.19435 2.13387 2.23886 2.03589 2.06504 1.99152 1.96893 2.60227 2.26372 2.21546 2.09939 2.96847
threshold=0 0.047847986221313484 0.022889005020260814 0.14492795616388324 -0.86634227633476246 5.8497147560119638 1 -0.0054311028216034165 0.21983619779348376 -0.045580206438899033 -0.34474112093448633 0.064333811402320876 -0.027640542946755883 0.029995600692927841 -0.051119547337293618 0.8149932622909547 0.013752704951912166 0.08964791521430017 0.95600420236587536 2 -0.062381077557802193 -0.029735154472291466 0.064938262104988112 -0.013412485364824532 0.0077717334497720012 0.40118452906608587 0.015706079080700878 0.071581155061721816 0.024613572284579281 1.1552809476852419
decision_type=9 2 2 2 2 2 9 2 2 2 2 2 2 2 2 2 2 8 2 9 2 2 2 2 2 2 2 2 2 2
left_child=4 2 3 -2 5 6 7 11 10 -9 24 -1 13 -6 15 -14 -13 19 -19 20 21 -16 -23 -22 27 26 -26 28 -8 -30
right_child=1 -3 -4 -5 12 -7 8 9 -10 -11 -12 16 14 -15 17 -17 -18 18 -20 -21 23 22 -24 -25 25 -27 -28 -29 29 -31
leaf_value=-0.0090264996092028326 0.0021238791391574971 0.0050475739851961734 -0.045411281615629698 -0.070032221412126325 0.017275975512381091 -0.035638933696415048 0.011420990176223845 -0.071389028513134486 -0.12746026263082275 -0.022912302370113907 -0.021074189781983745 0.056111019255632943 0.002270480298430778 -0.03020572347292096 -0.12125481982581787 -0.074955951656204528 -0.043888244798166325 -0.014352191904564091 -0.14698604096833665 0.010077281461171593 -0.0069744405099823161 0.04904275117180297 -0.18847779321276803 -0.085793379393825364 0.00055167787525718518 0.057964846361453597 0.042239390208243792 -0.056993771333925719 -0.066714635342596487 0.0019260135022672903
leaf_weight=53.718074184531361 42.392244570407911 950.46527235806116 17.103935842512328 4.2119271117426242 124.04497668862768 41.248537092039442 80.674725401897376 14.49839287303257 2.0069883574797123 61.154910246768395 37.745274954037995 12.433911220303342 13.967791128447972 12.815449677669674 0.95689269798185694 11.580028718296488 2.7481591232890414 61.493746346950502 1.2732045982265834 131.47841471554511 5.4425746555161831 6.1527144250039809 0.38919114536474797 7.7998356186162683 49.04560847931134 14.803580050163871 17.736384213458223 6.4929066090644474 9.2459581076927879 19.776929262119666
leaf_count=6095 26931 145142 13153 4147 14592 17405 4815 2453 222 6831 14183 1313 2369 1647 112 1538 452 9033 273 18058 897 543 63 1613 3252 846 945 537 685 1138
internal_value=0 0.00372583 -0.0154085 -0.00439734 -0.00317938 -0.00769721 -0.00468069 -0.0151666 0.00224474 -0.0322025 0.00344532 0.0013379 0.00180409 0.0128298 -0.00446939 -0.0327338 0.0380098 -0.0011106 -0.0170426 0.00545888 -0.0193476 0.0149843 0.0349122 -0.0533991 0.00812484 0.020032 0.0116234 -0.000235992 0.00312345 -0.0199412
internal_weight=0 1014.17 63.7081 46.6042 800.725 423.33 382.082 144.553 237.528 75.6533 235.521 68.9001 377.395 136.86 240.534 25.5478 15.1821 214.987 62.767 152.22 20.7412 7.4988 6.54191 13.2424 197.776 81.5856 66.782 116.191 109.698 29.0229
internal_count=301283 189373 44231 31078 111910 61172 43767 17144 26623 9284 26401 7860 50738 16239 34499 3907 1765 30592 9306 21286 3228 718 606 2510 12218 5043 4197 7175 6638 1823
cat_boundaries=0 2 4 6
cat_threshold=3522321538 934062 20071426 917506 1073747072 136
is_linear=0
shrinkage=0.1


Tree=97
num_leaves=31
num_cat=1
split_feature=157 170 208 237 157 218 170 192 156 86 73 114 86 163 222 171 130 9 10 117 118 156 16 11 143 94 11 94 140 138
split_gain=2.66555 3.2206 2.78586 2.72239 2.61925 2.58878 2.54352 2.79321 2.7248 2.56414 2.44661 2.44066 2.35691 3.08834 2.34257 2.27032 2.19284 2.63739 2.15255 2.05424 2.05076 1.975 1.94024 2.58043 1.93325 2.01779 1.93235 2.55204 1.96391 1.94275
threshold=0.35992051661014562 0.45127125084400183 0.053907165303826339 0 0.57470911741256725 -0.11079223453998564 0.50857836008071911 -0.013440274633467196 0.15821565687656405 -0.95708391070365895 0.33602151274681097 0.02882055472582579 -1.0371973514556883 0.19741666316986087 0.067926149815320983 -0.043722767382860177 -0.0060611390508711329 0.016181399114429954 344.50000000000006 0.022889005020260814 -0.03279095143079757 0.18237251043319705 1.0000000180025095e-35 0.066960677504539504 -0.016165898181498047 0.21071276813745501 0.035434884950518615 -0.10716531425714491 -0.004588622832670807 -0.027761421166360375
decision_type=2 2 2 9 2 2 2 2 2 2 2 2 2 2 2 2 2 10 10 2 2 2 2 8 2 2 10 2 2 2
left_child=-1 2 20 5 12 -3 9 8 19 18 24 -10 13 15 21 -5 17 -13 -6 -8 -2 -11 -16 -24 26 -26 -9 -28 -29 -30
right_child=1 3 -4 4 6 -7 7 10 11 14 -12 16 -14 -15 22 -17 -18 -19 -20 -21 -22 -23 23 -25 25 -27 27 28 29 -31
leaf_value=-0.041304203745434719 -0.017524727607638253 -0.045484693046948216 0.044422310489505699 0.027077630628706745 -0.032869580540257709 -0.0054998064892556146 0.020813386955142128 -0.053426323803636794 0.014010603672180625 0.074918682715448423 -0.10985733838907102 0.032371102048719624 -0.0060341651065672821 -0.046243612154466721 0.059773646848916041 -0.0019833129705903144 -0.046604459258700943 -0.075002415751568574 0.01490749713980793 0.08930451613628354 0.012843849526932931 0.028072294149597821 0.0068558854806800955 -0.11847021710949655 0.0020584188638300251 -0.06905976121085021 -0.18473362935489079 0.062099907222823672 -0.24803689203941068 -0.0093487122928073638
leaf_weight=15.304121788279643 26.23122140643045 16.714569223854596 24.247119447277328 62.133479716457259 14.219706301526456 518.01630955381279 10.589080706871757 14.547560839597283 125.04925082629234 10.294122738821896 2.2033514436407122 10.809178199429882 437.05555243128583 9.0612168522993652 2.2849690908005851 47.382932718312532 14.012605004187206 2.9016951906960449 27.996161047136411 7.4670280808350062 146.0119077676427 71.554320126921084 3.8284903858693724 2.8778463752678363 161.416996190188 4.0905616642867235 0.72657219367101689 4.4756807089288477 0.35422119661234219 9.1360447474580706
leaf_count=19398 3257 4358 6316 10759 1109 77515 760 1374 8353 192 158 695 111341 13317 110 6896 1352 257 659 374 17121 2675 324 151 11323 233 49 143 13 490
internal_value=0 0.000607971 0.0126865 -0.000883553 0.00206601 -0.00662574 0.0073301 0.0030437 0.0124011 0.0191782 -0.00507263 0.00805927 -0.00264174 0.00986214 0.0286417 0.0145042 -0.0187848 0.00964715 -0.00118541 0.0491376 0.00821896 0.0339642 -0.0198092 -0.0469245 -0.00388711 0.000300715 -0.0275914 -0.00201144 0.0074946 -0.0182577
internal_weight=0 1787.69 196.49 1591.2 1056.47 534.731 500.835 367.78 170.829 133.056 196.951 152.773 555.633 118.578 90.8397 109.516 27.7235 13.7109 42.2159 18.0561 172.243 81.8484 8.99131 6.70634 194.748 165.508 29.2401 14.6925 13.9659 9.49027
internal_count=301072 281674 26694 254980 173107 81873 30794 25574 11791 5220 13783 10657 142313 30972 3452 17655 2304 952 1768 1134 20378 2867 585 475 13625 11556 2069 695 646 503
cat_boundaries=0 2
cat_threshold=3531215499 4426056
is_linear=0
shrinkage=0.1


Tree=98
num_leaves=31
num_cat=1
split_feature=170 156 159 160 157 234 10 63 135 151 181 229 108 25 217 135 206 183 74 178 211 102 90 124 140 130 113 137 208 137
split_gain=2.32191 2.39505 2.29922 2.37304 2.16092 2.63444 2.36651 2.12401 2.12853 2.07396 2.58952 2.29282 2.16164 2.04118 2.51337 2.37105 2.17818 1.97512 2.51431 2.03598 1.86606 1.88791 1.86592 1.92981 1.86195 1.84768 1.83918 1.83084 1.79704 1.89428
threshold=0.54266294836997997 0.055815160274505622 1.9689497351646426 1.0000000000000002 0.47541378438472753 0 173.50000000000003 -0.20287266373634336 0.036239316686987884 0.01793061196804047 -0.096841786056756959 0.074230302125215544 -0.036525389179587357 1.0000000180025095e-35 -0.0072032958269119254 0.016391058452427391 0.11798388138413431 -0.23453328013420102 0.35574388504028326 -0.41542993485927576 -0.060759663581848138 -0.03555538319051265 1.4275210499763491 -0.043631104752421372 0.00073700601933524023 0.006947166984900833 -0.01754274312406778 -0.0077760193962603799 -0.085422813892364488 -0.056832728907465928
decision_type=2 2 2 2 2 1 10 2 2 2 2 2 2 2 2 2 2 2 2 2 2 2 2 2 2 2 2 2 2 2
left_child=2 -2 3 17 27 6 7 8 -6 11 12 -3 -11 16 -15 -16 -12 18 -1 -19 21 -9 23 -7 -13 26 -26 -5 29 -24
right_child=1 9 -4 4 5 22 -8 20 -10 10 13 24 -14 14 15 -17 -18 19 -20 -21 -22 -23 28 -25 25 -27 -28 -29 -30 -31
leaf_value=-0.0075316276272512214 -0.03840671706387936 0.00087200468546189342 0.016401589288770387 -0.037024534176795146 0.076849730643129027 0.030133408957284159 0.00090262290788957532 -0.030928390469616419 -0.13208518571461128 -0.16382691668820587 -0.028950645269128047 -0.0013800102078576704 -0.043658596358185892 0.075570745902656111 -0.085232009247349999 0.082649858052286501 0.064289745639714166 -0.023932539217313854 -0.081287690363611095 0.0063795675637282794 0.0026665979883789912 0.086196592641062483 0.093097730256493302 -0.13948848162043614 -0.01748121669520207 -0.001086701140035704 -0.10877964767390079 -0.005100948839641099 -0.010582398404249909 0.006142433379958824
leaf_weight=37.486384397724578 22.128122042248833 309.26931324510224 104.22186066245013 34.910604713631074 10.475241106229074 0.98721085248689666 94.535026199569984 1.7916004987291669 0.51139646135925509 2.0685436699350248 39.733424099558761 12.573999653048306 5.4171650541175032 5.0964840399792593 2.623046667749803 1.2384707606361187 2.6740683627958779 22.84769165295711 5.2719379265399757 734.64386275945344 24.457808498773375 5.9354512776517359 2.6595639276492866 2.0922746670803454 3.3174239458348884 4.5263073602909563 6.5887719971688048 37.010640000870808 219.41393918864469 43.180483237149019
leaf_count=5261 16319 46159 4006 22903 2998 106 4989 679 237 310 7718 2464 840 569 544 148 706 3345 905 118144 8317 1469 148 697 601 984 1750 22360 22509 3002
internal_value=0 -0.00639181 0.00211954 0.000955024 -0.00462026 -0.00179039 0.00910064 0.0291603 0.0671244 -0.0045989 -0.0219171 -0.00156807 -0.076865 -0.0139093 0.0294638 -0.0313887 -0.0230712 0.00428495 -0.0166255 0.00546528 0.0162009 0.0590399 -0.00744141 -0.0851117 -0.029511 -0.0540194 -0.0782053 -0.0205967 -0.00682023 0.0111874
internal_weight=0 417.255 1382.43 1278.21 477.961 406.04 137.707 43.1715 10.9866 395.127 58.8512 336.276 7.48571 51.3655 8.958 3.86152 42.4075 800.25 42.7583 757.492 32.1849 7.72705 268.333 3.07949 27.0065 14.4325 9.9062 71.9212 265.254 45.84
internal_count=301187 79112 222075 218069 90414 45151 18689 13700 3235 62793 10835 51958 1150 9685 1261 692 8424 127655 6166 121489 10465 2148 26462 803 5799 3335 2351 45263 25659 3150
cat_boundaries=0 1
cat_threshold=451
is_linear=0
shrinkage=0.1


Tree=99
num_leaves=31
num_cat=2
split_feature=156 237 237 157 156 223 145 223 153 157 95 114 3 65 112 231 68 170 105 109 115 115 149 178 145 88 17 170 139 114
split_gain=2.35658 3.06176 3.01553 2.29804 2.76208 2.14055 2.60129 2.59568 2.40586 3.04542 2.48267 2.12352 2.71692 2.12408 2.0841 2.08249 2.63248 2.07012 2.64241 2.18132 2.06833 2.71075 2.01783 2.28165 2.84948 2.00514 2.05544 1.95835 1.94837 1.92041
threshold=0.16749174892902377 0 1 0.63727831840515148 0.41612553596496588 -0.011442465241998432 0.01140753459185362 -0.12317391857504843 -0.015945077873766419 0.65611082315444957 0.16344449669122699 0.02482408378273249 0.25834259390830999 37.500000000000007 0.063628613948822035 -0.038352757692337029 37.567207336425788 0.55740875005722057 -0.10713941976428031 0.0050851674750447282 -0.043716626241803162 -0.0085174040868878347 0.0010561401140876117 0.021706887520849708 0.0042925539892166862 0.70430758595466625 11.500000000000002 0.61243727803230297 -0.030723107978701588 -0.0077922174241393796
decision_type=2 9 9 2 2 2 2 2 2 2 2 2 10 2 2 2 2 2 2 2 2 2 2 2 2 2 2 2 2 2
left_child=1 -1 5 4 -4 6 27 -8 9 15 28 13 -13 -9 -5 -7 -17 18 -12 20 -20 -22 -11 24 -24 26 -23 -2 -10 -15
right_child=2 -3 3 14 -6 8 7 11 10 22 17 12 -14 29 -16 16 -18 -19 19 -21 21 25 23 -25 -26 -27 -28 -29 -30 -31
leaf_value=-0.0022735527657060358 0.019898182886327612 0.01106357933563277 -0.0077504220441445603 -0.00015328763227021006 -0.030190627081743984 0.031803374881897668 -0.10208565552458698 -0.012174202636156794 -0.031953647261078209 0.11745963848295063 -0.1455122854388517 -0.063036032747927656 0.072985712669524958 0.0037145408145225832 0.057283835492139383 -0.078429942722958182 0.015229675999701467 0.0040774505957765989 -0.11385615664051546 -0.071429977083025897 0.046968491458270312 9.212057623535329e-05 -0.24176639832168767 0.086268929750521445 0.026282580228240312 -0.15342264806835976 -0.21238851679913029 -0.067556582604714172 0.0037770106980304988 0.0747438056918861
leaf_weight=335.07065087542742 143.73076838486486 342.76269957351269 430.75358772704567 225.80242900593475 62.854557755365022 12.869450348562168 2.7829555628522931 19.969409101446217 17.609775306027586 4.6412636692330107 2.3594441835412026 9.1517552421064448 1.7491097927922954 8.0327187257971655 6.4991625101611126 5.3483872802880796 6.8374151279422222 12.941968692575754 1.7723422262424726 10.073998602179925 6.6945845589070814 5.7002078264267766 0.59900722047314037 2.328513364205719 1.1735782121249938 1.3013962848199296 0.49478575398097735 2.606936021380533 114.42888077093266 7.2347322076311675
leaf_count=99889 16934 79914 50376 9356 8142 1275 407 3300 2794 110 317 1329 226 484 176 1714 1044 2000 205 1355 555 590 35 50 31 213 78 641 17180 396
internal_value=0 0.00460037 -0.00285964 -0.00665633 -0.0106079 0.00405351 0.0116667 -0.00829613 -0.00292607 0.0214812 -0.00768395 -0.0026389 -0.0412105 0.00929361 0.00145365 0.00374971 -0.0258778 -0.0290702 -0.0441775 -0.0349947 -0.0120014 0.000719413 0.072299 0.0211902 -0.0642988 -0.0405829 -0.0168784 0.0183402 -0.000988328 0.0373729
internal_weight=0 677.833 1128.34 725.91 493.608 402.433 195.258 48.9207 207.175 33.7976 173.377 46.1377 10.9009 35.2369 232.302 25.0553 12.1858 41.3387 28.3968 26.0373 15.9633 14.191 8.74236 4.1011 1.77259 7.49639 6.19499 146.338 132.039 15.2675
internal_count=301116 179803 121313 68050 58518 53263 23717 6142 29546 4259 25287 5735 1555 4180 9532 4033 2758 5313 3313 2996 1641 1436 226 116 66 881 668 17575 19974 880
cat_boundaries=0 2 4
cat_threshold=209524637 1225603 472457736 1110018
is_linear=0
shrinkage=0.1


Tree=100
num_leaves=31
num_cat=3
split_feature=160 237 237 159 3 171 167 102 88 65 182 232 164 148 183 197 131 179 185 6 129 81 237 113 99 148 7 85 125 159
split_gain=2.14226 2.54787 1.84939 1.78732 1.91283 2.35455 2.08906 2.90248 2.02118 3.481 2.45544 2.6591 2.11376 2.20744 2.04751 1.99938 2.03121 1.995 1.89994 1.86054 1.84021 1.82252 1.79029 2.30805 1.86716 2.81754 2.1959 1.78821 1.90263 1.94734
threshold=1.0000000000000002 0 1 1.2636049985885622 0.13383085280656817 -0.19962371140718457 2.5000000000000004 0.11084647476673128 0.67255774140357982 113.50000000000001 0.071374829858541503 -0.049343725666403764 2.3502402305603032 0.026324983686208728 0.079640999436378493 0.060909923166036613 -0.063520830124616609 0.05983641371130944 0.16451390832662585 0.12386363744735719 -0.055403236299753182 0.042705167084932334 2 -0.044416224583983414 -0.031594185158610337 -0.027587605640292164 0.30839161574840551 66.500000000000014 0.002592095523141325 1.0965051651000979
decision_type=2 9 9 2 10 2 2 2 2 2 2 2 2 2 2 2 2 2 2 8 2 2 9 2 2 2 10 2 2 2
left_child=2 -2 -1 4 5 -4 7 18 9 10 12 -12 -6 14 -14 22 19 21 -7 -17 -16 -8 -10 -24 25 -25 -27 28 -23 -30
right_child=1 -3 3 -5 8 6 17 -9 15 -11 11 -13 13 -15 20 16 -18 -19 -20 -21 -22 27 23 24 -26 26 -28 -29 29 -31
leaf_value=-0.0024497563389868347 -0.0095022551611914936 0.0029105941682329821 -0.054765892852633252 0.013679456431794711 0.020221207201941344 0.0050333213570680517 0.0084114649155781398 -0.10067775504013009 0.017452721083615199 -0.13969861680906789 -0.10679504011914194 0.062167606696176748 -0.022299357888734696 -0.10400334432743644 -0.18680566422405542 -0.14052706266659298 0.031018353632922869 -0.063292471001022699 0.06499276234183117 0.12691193018995625 0.03933808850328363 -0.078277166874117066 -0.049790219128503392 0.034295831962058258 0.0095677918247733112 -0.057348303928013912 0.078988342719223573 -0.075735101091020371 0.043677498678665105 -0.17271054676475639
leaf_weight=462.16115054027068 415.49033335715194 268.1129875557981 9.8922932233117518 201.66147178131541 18.614139588253238 67.25653756077736 20.979375764019096 2.4606719917919682 67.38596957000027 1.9112076795827295 1.0431838023523585 8.694999046031624 47.639181771938638 2.8666919986171697 0.37560235133787401 1.239255920927461 55.06260645070688 8.970657693024803 5.7354114560039298 0.32924035916585137 8.5695314523945836 2.514999660733336 9.528178935262984 6.0207408062178756 72.438932860550267 14.409019264096967 1.2868805856360257 6.6818839048319196 5.1845989671692223 0.45215589944018564
leaf_count=73358 71171 55021 3430 14213 1543 19301 5232 809 10120 298 335 1651 7143 594 62 213 8851 3885 1467 81 1134 1092 2006 871 10961 2526 200 2221 1305 113
internal_value=0 -0.00473029 0.00238404 0.00577395 0.00234077 -0.00786976 -0.00401144 0.00614358 0.00652671 -0.00618603 -0.00327987 0.0440678 -0.00918622 -0.0183937 -0.0140565 0.0115356 0.0278219 -0.0211209 0.00974469 -0.0843894 0.0298424 -0.0105575 0.00614409 -0.00263474 0.00185738 -0.0238618 -0.0461703 -0.0373854 -0.00595072 0.0263198
internal_weight=0 683.603 1111.37 649.205 447.544 130.129 120.236 75.4526 317.415 89.7145 87.8033 9.73818 78.0651 59.451 56.5843 227.701 56.6311 44.7837 72.9919 1.5685 8.94513 35.813 171.07 103.684 94.1556 21.7166 15.6959 14.8336 8.15175 5.63675
internal_count=301207 126192 175015 101657 87444 38855 35425 21577 48589 12760 12462 1986 10476 8933 8339 35829 9145 13848 20768 294 1196 9963 26684 16564 14558 3597 2726 4731 2510 1418
cat_boundaries=0 2 4 6
cat_threshold=2496827738 5343935 3457551013 4350050 564756480 36889
is_linear=0
shrinkage=0.1


Tree=101
num_leaves=31
num_cat=2
split_feature=163 12 157 170 113 157 237 134 237 166 93 5 175 126 86 134 95 154 146 150 88 142 178 105 33 170 153 231 5 63
split_gain=1.97806 1.7911 1.72858 2.03746 2.32704 2.07368 3.84515 2.78018 1.95844 2.79496 2.02894 2.51014 2.38247 2.86218 2.84025 2.89154 2.3768 2.32787 1.97265 1.93877 2.04143 1.91872 1.89968 1.89838 1.88464 2.24616 3.13694 2.83749 2.20894 1.9521
threshold=0.8946710228919984 1.0000000180025095e-35 0.30575782060623174 0.41605599224567419 0.038916302844882018 0.45701894164085394 0 -0.011021923739463089 1 0.031152681447565559 0.10394857823848726 0.14059797674417499 -0.023284726776182648 0.013552577700465919 -0.99509134888648976 -0.011021923739463089 -0.0098824794404208643 0.055565612390637405 0.0031189697328954939 0.0090171294286847132 0.70139986276626598 -0.014607534278184174 0.036240777000784881 -0.11441963538527487 1.0000000180025095e-35 0.47702896595001226 0.0031194649636745457 -0.075700875371694551 0.064172957092523589 -0.40591825544834131
decision_type=2 10 2 2 2 2 9 2 9 2 2 8 2 2 2 2 2 2 2 2 2 2 2 2 2 2 2 2 8 2
left_child=2 -2 -1 4 21 6 7 -5 9 19 17 12 13 14 -12 -16 -13 24 -17 20 -7 -4 -18 -22 -11 26 -26 -27 -29 -28
right_child=1 -3 3 5 -6 8 -8 -9 -10 10 11 16 -14 -15 15 18 22 -19 -20 -21 23 -23 -24 -25 25 27 29 28 -30 -31
leaf_value=-0.074152880155706757 -0.087269578422708993 -0.0075467825151966685 -0.0029648382199137643 0.042660952955606971 -0.026545570213087951 0.021058777904185463 -0.022282038335003047 -0.0072771117240570671 -0.0020878613170023284 0.005136627390990519 0.032156557804393894 0.0056029041663596896 0.033085551915082577 -0.056063058517869593 0.029349397596585766 -0.0086335180524148951 0.081190154793482683 0.033403747493213461 -0.071043753419722716 -0.095244842768933247 0.11134010107191505 0.037829368174619599 -0.0038420207336571956 -0.086624048202780191 0.054507760586553114 0.020394374561493539 -0.13892255222300381 0.0034330780170752431 -0.04014841424438656 -0.0058303698806043934
leaf_weight=3.1271709710931637 4.8999122013688048 6.6328166574921852 16.416956547775953 19.301755581268935 10.09103966600196 6.5612151662517118 94.06394760420153 26.39150473733298 985.80313700979696 328.35665934958433 25.241164367712368 10.261487025356475 30.417929262626785 8.1966554421342135 10.729641814508794 12.203921893796187 14.68587838997337 24.225692939207875 8.6572088534703635 4.1353709182440062 0.54559040933963743 38.729081115297049 3.1997642755377447 4.3196182403844441 11.143061896305882 14.687987015371617 1.2546812267828489 15.796659086739963 44.091558260925012 9.0585750525606255
leaf_count=4105 9586 27098 2382 8749 1783 676 59494 14953 95718 39163 2791 1682 4030 1330 1257 1695 1904 2811 1310 632 69 4418 850 964 772 1543 152 3506 4960 791
internal_value=0 -0.0414186 0.000129848 0.000260456 0.0176058 -0.000399988 -0.0120736 0.0113367 0.00063681 0.00515443 0.00637933 0.0177241 0.00998505 -0.000820493 0.00714693 -0.0128359 0.0439672 0.00325383 -0.0345333 -0.0365728 -0.0153386 0.0256849 0.0659778 -0.0644241 0.00153276 -0.0107897 0.0177228 -0.018993 -0.028653 -0.022022
internal_weight=0 11.5327 1781.69 1778.57 65.2371 1713.33 139.757 45.6933 1573.57 587.77 572.209 123.594 95.4465 65.0286 56.8319 31.5908 28.1471 448.615 20.8611 15.5618 11.4264 55.146 17.8856 4.86521 424.389 96.0325 21.4563 74.5762 59.8882 10.3133
internal_count=301174 36684 264490 260385 8583 251802 83196 23702 168606 72888 70547 16849 12413 8383 7053 4262 4436 53698 3005 2341 1709 6800 2754 1033 50887 11724 1715 10009 8466 943
cat_boundaries=0 2 4
cat_threshold=4035052186 107025 605650277 1865792
is_linear=0
shrinkage=0.1


Tree=102
num_leaves=31
num_cat=5
split_feature=159 237 157 237 86 156 77 237 212 92 121 98 130 136 213 170 140 237 188 59 166 128 175 237 93 151 186 10 93 207
split_gain=2.66579 3.42206 2.9613 2.9405 2.7869 3.82924 2.69374 2.61901 2.52043 2.86858 2.58003 2.42251 2.37129 2.33578 2.18203 2.17862 2.59543 3.35886 2.37782 2.29742 2.24778 2.11415 2.01056 3.09843 2.11077 3.04673 3.12468 2.98421 2.32874 2.01306
threshold=1.6578968763351443 0 0.46083478629589086 1 -1.2518978118896482 0.63438084721565258 0.047338936477899558 2 -0.0068615579511970273 0.88604515790939342 0.079121366143226637 0.02679662220180035 -0.067796926945447908 0.0017980153788812461 -0.029575985856354233 0.55740875005722057 0.023067394271492962 3 -0.10191488638520239 1.0000000180025095e-35 0.16787583380937579 -0.0068318841513246289 -0.031670514494180672 4 0.056992594152688987 -0.0073964463081210843 -0.036651650443673127 126.50000000000001 0.016035748645663265 -0.0019893151475116606
decision_type=2 9 2 9 2 2 2 9 2 2 2 2 2 2 2 2 2 9 2 2 2 2 2 9 2 2 2 8 2 2
left_child=2 6 3 -1 5 -3 12 -4 11 13 -11 21 -2 -10 -14 16 22 -18 -19 -17 -20 -8 -9 24 25 26 27 -24 29 -27
right_child=1 4 7 -5 -6 -7 8 15 9 10 -12 -13 14 -15 -16 19 17 18 20 -21 -22 -23 23 -25 -26 28 -28 -29 -30 -31
leaf_value=0.0077774889060755609 -0.15894770952991985 0.061162738314920584 -0.0066019214318562419 -0.022081270567607395 0.012337653677804603 -0.15112085133687908 -0.049985889628469983 0.0036608094994110109 -0.014272419255885597 0.03337715868045138 -0.17165709045546448 -0.015415944366537267 -0.026774926574546977 -0.14927730949208384 0.020039733723047962 -0.013488049226118314 0.0048330968857012331 0.014480566790674724 0.013294732113781717 0.018339940906577101 -0.050154219825676416 -0.14745702459726298 0.17337018856435038 0.023878142977310564 0.024297258443764218 -0.023677122936362188 -0.027145450948883189 -0.16411153382092464 -0.081375970900062211 0.030961200460388073
leaf_weight=43.052449379211794 0.86349642365894297 19.188162583182933 463.41019330970812 117.25181211847939 167.69375343498177 0.88910123892128368 4.9506035496151535 387.05336466078097 3.4289448876879787 11.507717775031775 0.64829621555691197 7.0217145791939393 13.355232944468296 2.0463476298209571 39.120595838380723 131.64370253649849 95.673101555142239 9.8585614372186665 6.6342151778262624 27.399075708497548 35.253410724224523 4.0422388556980886 0.2861024241719855 133.50277008470221 19.856324264133946 10.477596414766593 12.066321081081695 3.1123185631804517 2.9736328700510049 18.918870809615331
leaf_count=26721 94 825 57542 79975 9010 12 333 46963 180 546 56 445 1067 173 1722 26597 11579 1283 1221 4993 4521 319 315 17954 2381 1225 1172 416 424 1422
internal_value=0 0.00860381 -0.00210039 -0.0149545 0.0157161 0.051762 -0.0076737 -0.000583172 -0.030713 -0.00462826 0.0224424 -0.0594311 0.00542058 -0.0647294 0.00812528 0.00257917 0.00490238 -0.0069626 -0.0248946 -0.00800489 -0.0401051 -0.0937987 0.00787584 0.0159846 -0.00271032 -0.0144878 -0.0510006 -0.1357 0.0029561 0.0114868
internal_weight=0 274.756 1518.42 160.304 187.771 20.0773 86.9852 1358.12 33.6459 17.6313 12.156 16.0146 53.3393 5.47529 52.4758 894.709 735.667 147.419 51.7462 159.043 41.8876 8.99284 588.247 201.194 67.6912 47.8348 15.4647 3.39842 32.3701 29.3965
internal_count=301486 14782 286704 106696 9847 837 4935 180008 2052 955 602 1097 2883 353 2789 122466 90876 18604 7025 31590 5742 652 72272 25309 7355 4974 1903 731 3071 2647
cat_boundaries=0 2 4 6 8 10
cat_threshold=3397928448 594214 3230269594 231452 3225583785 4653785 352612116 581638 75764246 526372
is_linear=0
shrinkage=0.1


Tree=103
num_leaves=31
num_cat=1
split_feature=12 237 170 92 157 92 98 141 149 159 77 142 138 207 207 163 121 75 214 106 156 139 113 178 215 133 78 135 5 92
split_gain=2.11496 2.11456 1.65542 1.81981 2.5052 2.66364 1.98761 1.94706 2.04135 1.87861 2.35841 1.83322 2.26549 1.76325 1.70638 1.67909 1.7359 2.33654 1.67711 1.96701 1.64696 1.63962 2.41552 1.76251 1.58026 1.61599 1.53026 1.9271 1.93299 1.63723
threshold=14.500000000000002 0 0.55740875005722057 0.89143961668014537 0.61253345012664806 0.91610568761825573 -0.057580942288041108 -0.0080967373214662058 0.020058246329426769 0.40604194998741155 0.16843971610069278 -0.0016539210919290779 0.0069753623101860293 -0.082059148699045167 0.031605537980794914 -1.2178012132644651 -0.033049985766410821 0.026671408675611023 0.082436133176088347 -0.016026728786528107 0.10275264084339143 0.018013386055827144 0.04800753481686116 -0.011743276845663784 0.087015066295862212 0.026451646350324157 0.023392613045871261 -0.036297684535384171 0.10435571894049646 0.95022311806678783
decision_type=8 9 2 2 2 2 2 2 2 2 2 2 2 2 2 2 2 2 2 2 2 2 2 2 2 2 2 2 8 2
left_child=-1 -2 -3 15 7 11 -7 14 26 10 18 12 13 -6 -5 16 17 -4 -8 -20 -17 -11 23 -23 -13 -26 27 -9 -29 -28
right_child=1 2 3 4 5 6 9 8 -10 21 -12 24 -14 -15 -16 20 -18 -19 19 -21 -22 22 -24 -25 25 -27 29 28 -30 -31
leaf_value=-0.05446598626962728 -0.0032216149000810061 0.0055329114266476362 -0.17643066232004651 -0.084491458441739928 0.13963507324499347 -0.095126597665855517 -0.057341747368972899 -0.10343317219036088 -0.068159528600195127 0.055850536493456115 0.091201625332989034 0.02532913400870862 -0.12780253348447598 -0.043380704972867661 -0.026456040226891867 -0.054894116350535566 0.068897605643488277 0.042239686420431001 -0.098625405105592701 0.12629211403493854 0.0081873128209520463 0.073800149090009023 -0.27278148987368089 -0.13842437534271432 -0.031182681095994244 -0.2446013506502297 -0.063904107401784899 0.049976120151415469 -0.031655203799297892 0.055993680475271201
leaf_weight=7.0827253376896797 868.38278690411926 763.8373375408255 0.74133733070630148 9.5363699340214243 0.60773203487042327 1.4189711408398604 6.2153837161895371 1.2185287511201774 5.4227338161072103 16.34282580368745 1.895171786251012 6.9708237584127328 3.296002626826521 3.9347882159490863 10.808249239467839 4.7402314127239142 7.6853464150226483 1.4335684210382167 0.57680649927351613 1.1931295407703144 32.623741057912412 1.3045645873062313 0.36008069664239872 0.55901156370236926 2.1646772771782712 0.42434190795756865 5.4903335234903343 10.530686360092659 4.003642997398857 1.4369922972236961
leaf_count=42358 125414 107473 55 2769 32 129 525 386 1824 730 66 502 238 301 2218 4259 262 68 56 52 5931 45 17 91 101 43 1852 1736 1368 237
internal_value=0 0.000288024 0.00364441 -0.00619259 -0.0141184 0.00226138 0.0203805 -0.0300981 -0.0130411 0.0261422 -0.00908489 -0.0288418 -0.0646896 -0.0188955 -0.0536597 0.00987101 0.046577 -0.0322962 -0.0328861 0.0529935 0.000184401 0.0448889 -0.0356742 0.0101398 0.000551252 -0.0661621 0.000137479 0.0173626 0.0274899 -0.0390327
internal_weight=0 1775.16 906.773 142.936 95.7118 47.2643 29.8659 48.4475 28.1029 28.447 9.88049 17.3984 7.83852 4.54252 20.3446 47.2242 9.86025 2.17491 7.98532 1.76994 37.364 18.5665 2.22366 1.86358 9.55984 2.58902 22.6802 15.7529 14.5343 6.92733
internal_count=301138 258780 133366 25893 15318 2928 1711 12390 7403 1582 699 1217 571 333 4987 10575 385 123 633 108 10190 883 153 136 646 144 5579 3490 3104 2089
cat_boundaries=0 2
cat_threshold=40814021 5210494
is_linear=0
shrinkage=0.1


Tree=104
num_leaves=31
num_cat=2
split_feature=237 226 148 148 226 156 159 209 92 157 209 151 114 192 16 226 154 205 157 157 170 12 17 195 210 237 144 211 128 146
split_gain=2.67509 2.25541 2.44298 2.10611 3.46467 1.93248 1.98949 2.83875 2.361 3.2 2.19576 2.09795 2.08705 2.5124 2.44502 3.10043 3.23541 2.44457 1.95517 1.92227 2.91509 2.6761 2.41838 2.52738 2.47381 2.20028 2.04162 2.79399 3.18178 2.16947
threshold=0 0.15423259139060977 0.013939186930656435 -0.039171673357486718 0.0095887864008545893 0.35097050666809088 0.96099969744682323 -0.015552035532891749 0.92555472254753124 0.60335811972618114 -0.099458802491426454 -0.01181416818872094 -0.030268501490354534 -0.10760604590177535 1.0000000180025095e-35 -0.020999941974878308 0.023181102238595489 -0.021989624947309491 0.55911573767662059 0.45701894164085394 0.46534481644630438 158.50000000000003 16.500000000000004 0.12331525236368181 -0.026698377914726731 1 -0.0080925058573484403 -0.022200060077011582 0.025193332694470886 -0.040771845728158944
decision_type=9 2 2 2 2 2 2 2 2 2 2 2 2 2 2 2 2 2 2 2 2 8 2 2 2 9 2 2 2 2
left_child=3 19 -3 4 -1 6 7 10 -9 -10 11 -5 13 -8 15 17 -17 -14 -13 25 21 -21 23 26 -24 -2 27 -23 -29 -28
right_child=1 2 -4 5 -6 -7 12 8 9 -11 -12 18 14 -15 -16 16 -18 -19 -20 20 -22 22 24 -25 -26 -27 29 28 -30 -31
leaf_value=0.020712009764508359 -0.022011901672691247 0.0074129724384331026 0.091642197568519351 -0.064942487779400745 -0.027565329757182039 -0.020525785980572073 0.0598726699530613 -0.012440868573380956 0.0039299301987120467 0.082789166939072123 -0.040048717328895603 -0.02000916464127947 -0.016484525254153101 0.0054367245513829311 0.0028826122036680894 -0.033359060199502182 0.048468127352939372 -0.089487841950172065 0.051064680190798455 0.04644374832137995 0.0012147513337718717 0.01605956724974697 0.016089808811734115 0.055390448736135078 -0.23725586023757064 0.0043016578493872398 -0.05798995994262976 -0.058491751976281231 0.01508303188086467 0.023413124876332875
leaf_weight=61.494036331849202 57.753574739009764 8.3722227596235808 5.8492054414891745 4.0035704305255448 19.604484127377873 103.05857041385025 12.142233952613422 74.324075872613321 24.766848011944607 6.4951750726831952 49.408714284005327 7.5835945713370148 8.6314454724151819 28.098840655838103 135.50382406454628 11.253854793078064 8.4680018534145329 9.7887689289382234 7.9050290845116251 24.4647673619329 929.32384829096054 24.579755342987482 0.75003860975266434 12.064243826898744 0.79284643806749844 59.571567819866686 3.4601198126911177 15.910698877560209 9.3212127836886776 60.847795512832818
leaf_count=6322 43818 2647 660 1322 4232 6922 794 21399 5860 297 13070 2979 710 2860 11856 1505 638 1047 447 6256 128153 881 42 302 60 31978 171 989 383 2524
internal_value=0 0.00244632 0.0420561 -0.00578753 0.00904161 -0.00835247 -0.00512217 -0.0130464 -0.00274273 0.0203142 -0.0288361 -0.000414291 0.00134233 0.0218621 -0.00341296 -0.0257786 0.0017752 -0.0552795 0.0162653 0.00199684 0.00331573 0.0161449 0.0103414 0.011863 -0.114098 -0.0101608 0.00726144 -0.00793614 -0.0313116 0.0190332
internal_weight=0 1213.06 14.2214 572.531 81.0985 491.433 388.374 174.487 105.586 31.262 68.9009 19.4922 213.887 40.2411 173.646 38.1421 19.7219 18.4202 15.4886 1198.84 1081.52 152.191 127.727 126.184 1.54289 117.325 114.12 49.8117 25.2319 64.3079
internal_count=301124 218864 3307 82260 10554 71706 64784 45374 27556 6157 17818 4748 19410 3654 15756 3900 2143 1757 3426 215557 139761 11608 5352 5250 102 75796 4948 2253 1372 2695
cat_boundaries=0 2 4
cat_threshold=2720531222 4719290 71433448 1069316
is_linear=0
shrinkage=0.1


Tree=105
num_leaves=31
num_cat=0
split_feature=156 157 195 59 159 168 1 76 171 70 10 10 0 48 223 66 4 70 81 85 45 220 118 223 145 158 122 231 117 107
split_gain=2.61024 2.83126 2.36844 2.5147 3.40824 2.18886 2.02938 2.04447 1.99659 2.00889 1.99444 2.31805 2.25243 2.22121 2.10935 2.04443 1.98569 1.97961 1.95685 2.91909 2.29357 2.1542 3.18353 1.94716 2.38114 2.74474 2.10446 2.52323 1.92598 2.31873
threshold=0.15821565687656405 0.59522119164466869 0.092291388660669341 1.0000000180025095e-35 1.6578968763351443 3.1929403543472294 0.055734766647219665 0.10840187966823579 -0.1519806087017059 10.500000000000002 168.50000000000003 253.00000000000003 0.29459981620311743 1.0000000180025095e-35 0.14218477904796603 9.2156176567077654 0.1002512574195862 8.5000000000000018 0.060915276408195503 96.500000000000014 1.0000000180025095e-35 0.02987010404467583 -0.0045762918889522544 0.063430614769458785 0.00097931630443781636 0.18333333730697635 -0.026573955081403252 0.055772159248590476 0.025124715641140941 0.042387187480926521
decision_type=2 2 2 2 2 2 10 2 2 2 8 8 10 2 2 2 8 2 2 2 2 2 2 2 2 2 2 2 2 2
left_child=5 2 -2 8 6 17 -5 -8 -4 -10 14 23 15 18 -3 -13 -11 -1 28 20 21 -20 -23 24 -12 -26 -27 -28 -14 -30
right_child=1 10 3 4 -6 -7 7 -9 9 16 11 12 13 -15 -16 -17 -18 -19 19 -21 -22 22 -24 -25 25 26 27 -29 29 -31
leaf_value=-0.019274423251221733 -0.0055020848167092427 0.017061758295383866 -0.051375437116301215 -0.013771219518723239 -0.23186925579846532 0.0078888465731941602 -0.16514919708908657 -0.033198017652691467 -0.0037859368666558024 -0.11697158806263108 0.010493925764629394 0.00037073334150965138 0.061467910107643055 -0.061435803376341851 0.13841973421045128 -0.060813551757452372 0.0074674907805341098 0.0043567246051921795 0.05432306117807352 -0.15865336533744706 -0.10004272159970323 -0.17994550312067481 0.0095991519535540484 -0.054924819209591559 -0.17441005566315643 -0.11070757826488593 0.0094343496432973822 -0.14527073977472965 -0.024355245169291322 0.11318496531497678
leaf_weight=63.75005215747251 460.18110252014321 48.604154979786472 13.538446660839325 6.860808602998075 1.1102961077722273 495.07565877515708 2.3453430941299303 2.3516053711864515 58.898904869634862 3.2398677777891853 23.220722612633836 439.63727800945344 19.501609035913138 2.9922491181059732 1.4757141297886835 5.5299551762291221 2.1223344980680849 79.853835906176755 9.6118304372357759 1.0549384100013401 1.6491813280736085 1.0412229776848105 5.9479424807796013 12.482451142190255 1.3968121519428667 2.4409927040105677 9.4768904137890768 1.1862202513730142 6.2519486519886405 1.5246291646035386
leaf_count=31221 77803 14591 4361 2116 94 116620 319 206 9988 406 881 12699 535 132 299 606 322 25985 279 53 80 44 178 748 110 120 323 57 246 30
internal_value=0 -0.00324235 -0.00840996 -0.0232015 -0.0645186 0.00473591 -0.0484421 -0.0990856 -0.0164738 -0.00912078 0.00153985 -0.000215232 0.00186238 0.0220816 0.0206378 -0.00038931 -0.0677192 -0.00613385 0.0274463 0.003083 0.0124321 0.0236056 -0.0186386 -0.0206893 -0.00936048 -0.0411539 -0.0269497 -0.00777585 0.0446885 0.00261006
internal_weight=0 1145.68 550.649 90.4676 12.6681 638.68 11.5578 4.69695 77.7996 64.2611 595.027 544.947 494.743 49.5756 50.0799 445.167 5.3622 143.604 46.5833 19.3051 18.2502 16.601 6.98917 50.2041 37.7216 14.5009 13.1041 10.6631 27.2782 7.77658
internal_count=301452 127626 95615 17812 2735 173826 2641 525 15077 10716 32011 17121 14882 1577 14890 13305 728 57206 1445 634 581 501 222 2239 1491 610 500 380 811 276
is_linear=0
shrinkage=0.1


Tree=106
num_leaves=31
num_cat=3
split_feature=237 136 181 90 17 159 92 218 124 122 156 75 158 34 198 201 130 235 171 184 237 137 112 59 95 96 105 163 123 139
split_gain=2.78163 2.11041 2.26627 2.04573 2.0505 1.90264 2.41053 2.10978 3.21625 2.26744 1.94816 1.76515 1.95137 2.62277 2.5653 2.54255 2.48541 2.28656 2.09373 1.95742 1.89136 1.78818 2.06115 1.74937 1.62863 1.61846 1.86755 1.60316 1.59822 2.2614
threshold=0 -0.021578020416200158 0.16870643943548205 2.0449495315551762 15.500000000000002 1.6578968763351443 0.9104745388031007 0.056619592010974891 -0.011400180403143166 0.0016128084389492872 0.11278963834047319 0.095695972442626967 0.22500000149011615 1.0000000180025095e-35 -0.1618147939443588 1.0000000180025095e-35 -0.014216321986168621 1 -0.19290135055780408 0.15629668533802035 2 -0.029064839705824849 -0.030424338765442368 1.0000000180025095e-35 -0.03666460141539573 0.14456126093864444 -0.12163555249571799 1.135160565376282 -0.0040655503980815402 -0.018276732414960858
decision_type=9 2 2 2 2 2 2 2 2 2 2 2 2 2 2 2 2 1 2 2 9 2 2 2 2 2 2 2 2 2
left_child=1 2 3 4 -1 27 -7 10 9 -9 -8 20 14 -14 -13 28 18 19 -15 -18 25 -17 -23 -5 -12 26 -3 -2 -16 -30
right_child=5 11 -4 23 -6 6 7 8 -10 -11 24 12 13 16 15 21 17 -19 -20 -21 -22 22 -24 -25 -26 -27 -28 -29 29 -31
leaf_value=-0.050430125206944454 0.0011270961568059961 0.027374989794295059 0.0056963305575424422 -0.025917963921774614 -0.23916334229551808 0.023087478667819277 0.035349345391467328 0.013303593822998453 0.014870227199603009 -0.17639902185197756 -0.064386898310932555 -0.15553765504074774 0.0052790684994792926 0.13948752936840386 0.020869794870980063 -0.0018567549658302191 0.071593684483145889 -0.080207659842257792 -0.15045045676080884 -0.24579489462623241 0.0023027409793352988 -0.11707870706371284 -0.042926589027956367 0.04005959042812058 0.00010551295417853182 0.042487077557068834 -0.03933637379683988 -0.06565829838524137 0.035718368514475851 -0.049816550852745882
leaf_weight=22.403657355561794 1088.1613478724439 4.8727426749992437 21.588709110349555 27.074096844111413 0.59083761865258466 88.257128615461625 12.488935744963781 0.84842437270708648 3.0529991038692961 2.4481598353595473 4.9659370833442145 1.5315608022483491 56.870451534600761 0.27290800212540522 13.665897744046108 6.5357422804354455 2.6596368992386474 2.6674218993939576 2.8506551336340635 0.20962837647766708 326.11686800150801 5.0776844170904978 14.320437970396595 4.7192223777074096 18.514187692475392 3.3687194590074787 30.231102322379229 3.6061994563719955 4.2770575546637692 11.145688366246757
leaf_count=3512 200863 742 2876 4299 81 4944 865 134 408 151 259 193 7029 23 1976 1377 320 483 512 38 39444 1040 2674 563 952 850 7608 13990 674 2230
internal_value=0 -0.00618089 -0.021745 -0.032558 -0.0552796 0.00225249 0.0136791 -0.00594252 -0.0590853 -0.127576 0.00343873 -0.00386533 -0.0142727 -0.00252786 -0.0278819 -0.0243285 -0.0537947 -0.0135569 -0.125118 0.0484053 -0.000380355 -0.0470949 -0.0623368 -0.0161246 -0.0135343 -0.0188285 -0.0300762 0.000906498 -0.00403132 -0.0260959
internal_weight=0 563.051 76.3765 54.7878 22.9945 1222.34 130.576 42.3186 6.34958 3.29658 35.9691 486.674 122.085 65.5307 56.5541 55.0225 8.66025 5.53669 3.12356 2.86927 364.589 25.9339 19.3981 31.7933 23.4801 38.4726 35.1038 1091.77 29.0886 15.4227
internal_count=301110 78544 11331 8455 3593 222566 7713 2769 693 285 2076 67213 18569 8405 10164 9971 1376 841 535 358 48644 5091 3714 4862 1211 9200 8350 214853 4880 2904
cat_boundaries=0 2 3 5
cat_threshold=2726430218 5180759 1 1546 131076
is_linear=0
shrinkage=0.1


Tree=107
num_leaves=31
num_cat=4
split_feature=157 12 86 173 237 237 237 156 155 233 212 92 151 229 232 229 25 27 151 186 116 237 60 205 37 88 92 109 154 11
split_gain=2.01306 3.25088 3.18446 3.48767 3.2445 3.13448 2.6575 2.31947 2.10332 3.37703 2.07888 2.07174 2.04703 4.27431 2.66952 2.59374 2.58129 2.49135 2.42682 2.28995 2.43514 2.13086 2.54197 3.40127 2.36141 2.68945 2.16328 2.15529 2.46128 2.17968
threshold=0.53720718622207653 136.50000000000003 -0.8471047282218932 0.19121974706649783 0 1 2 0.3352713286876679 -0.041373800486326211 0.046648500487208373 0.089620549231767668 0.84640949964523327 0.0071430965326726445 -0.029366940259933468 0.12207562848925592 0.027332384139299396 1.0000000180025095e-35 1.0000000180025095e-35 0.0034447090001776819 -0.16723144054412839 -0.018746302463114258 3 1.0000000180025095e-35 -0.18376410007476804 1.0000000180025095e-35 0.75656849145889293 0.94662788510322582 0.055996105074882514 -0.046111030504107468 0.038675215095281608
decision_type=2 8 2 2 9 9 9 2 2 2 2 2 2 2 2 2 2 2 2 2 2 9 2 2 2 2 2 2 2 10
left_child=6 2 4 -4 -2 7 11 -3 9 10 -7 -1 15 -14 16 19 -15 -18 -17 20 -10 -21 27 -24 25 -25 -26 28 29 -23
right_child=1 5 3 -5 -6 8 -8 -9 12 -11 -12 -13 13 14 -16 18 17 -19 -20 21 -22 22 23 24 26 -27 -28 -29 -30 -31
leaf_value=0.0095066962746085115 -0.021860674169654915 0.010969938556011319 0.05533460066733599 0.0057588388323879455 0.021686478763704942 -0.013938618549436042 0.0018607102598044004 -0.0018149732314278447 0.02347500603079742 -0.1762249409119522 -0.18907954439334673 -0.01397544429724451 -0.042859551863042571 0.0058543140750419859 -0.10406325887996865 -0.024289231039742617 -0.023606142357769033 -0.14620264727318255 0.03040595064464139 0.01242391586922679 -0.091285859636015279 -0.17150310658535217 0.10185677111076959 -0.11718898359463566 -0.032442067573945979 -0.0097293764502141764 0.13262287725882116 0.063967350088700276 0.00186792760163371 0.030275982987913366
leaf_weight=42.945110985565861 24.284517862061875 322.84528836887694 33.79440928112308 24.462279036601103 24.153274846393288 10.189202588662734 319.92465035164378 253.19113319172175 2.9755845659601619 1.7231819657026779 0.7260165605403025 300.27113316433542 38.91177598934155 82.953386378765572 2.592417294974438 60.092177812290174 14.284707440732745 1.8751939459762077 9.3782371194392891 162.98910444377543 4.8836436128585765 1.5878215444827213 1.4843684252118716 7.3079716337961127 3.9993888915196285 3.4184699304751121 0.99063229770399619 5.1076992534217416 29.957047273484932 0.80766718846280117
leaf_count=18310 12282 15101 11926 10900 8695 401 102391 10333 175 112 49 93296 1658 3525 93 2975 604 115 346 5474 431 98 29 441 173 140 20 143 1272 14
internal_value=0 0.00215274 0.0187644 0.0345175 -0.000182056 0.000422373 -0.00478671 0.00525916 -0.00578181 -0.0461266 -0.025588 -0.0107248 -0.00474398 -0.0146728 -0.00388872 -1.09173e-05 -0.00126855 -0.0378322 -0.0169056 0.00519366 -0.0478362 0.00710854 -0.00931052 -0.0428379 -0.0565039 -0.0829421 0.000327065 0.00359902 -0.00593171 -0.103471
internal_weight=0 1130.97 106.694 58.2567 48.4378 1024.27 663.141 576.036 448.236 12.6384 10.9152 343.216 435.597 140.617 101.706 294.98 99.1133 16.1599 69.4704 225.509 7.85923 217.65 54.6611 17.2008 15.7165 10.7264 4.99002 37.4602 32.3525 2.39549
internal_count=301522 87525 43803 22826 20977 43722 213997 25434 18288 562 450 111606 17726 5995 4337 11731 4244 719 3321 8410 606 7804 2330 803 774 581 193 1527 1384 112
cat_boundaries=0 2 4 6 8
cat_threshold=3527593036 5635856 3715707269 1103179 2337889152 1176939 8555024 4530720
is_linear=0
shrinkage=0.1


Tree=108
num_leaves=31
num_cat=0
split_feature=160 198 120 154 229 12 155 8 195 153 100 202 108 114 217 174 118 93 157 145 66 208 129 168 116 90 74 149 120 142
split_gain=2.28241 1.86069 2.43627 2.20961 1.86051 1.81645 1.89522 2.38955 1.82669 1.71809 2.794 1.99203 1.9529 1.77829 1.70024 1.65098 2.16731 2.12004 2.25917 1.82315 2.597 1.6547 1.6984 1.65439 2.04435 1.71469 1.63692 1.63451 1.62244 1.57743
threshold=2.0000000000000004 0.09949007630348207 -0.018742832355201241 0.060921533033251769 0.10539431497454645 259.50000000000006 -0.025339402258396145 0.12840287387371066 0.10362304374575616 0.0067278530914336452 1.0000000180025095e-35 -0.030233713798224923 -0.056031817570328706 -0.012701383326202629 -0.020401947200298306 0.14319053292274478 0.0847047194838524 -0.21969643980264661 0.59522119164466869 -0.0010417276062071321 0.63246849179267894 -0.074097570031881319 -0.0090236919932067377 3.5631287097930913 -0.059602383524179452 1.5900974273681643 0.080322578549385085 -0.051869807764887803 -0.074730530381202684 0.052942739799618728
decision_type=2 2 2 2 2 8 2 8 2 2 2 2 2 2 2 2 2 2 2 2 2 2 2 2 2 2 2 2 2 2
left_child=1 -1 3 5 15 8 7 -7 -3 12 14 13 -4 -12 -11 23 17 -17 -19 -20 -21 22 -22 29 -25 -26 -6 -27 -8 -2
right_child=4 2 9 -5 26 6 28 -9 -10 10 11 -13 -14 -15 -16 16 -18 18 19 20 21 -23 -24 24 25 27 -28 -29 -30 -31
leaf_value=0.00055974729538221238 -0.016056578344576015 0.022935398792560707 0.084060741855249477 0.055655547321933743 0.086013055051723589 0.062884131553432671 -0.11324783229799129 -0.11427678301693711 -0.055857665386177729 -0.056794202930164052 -0.061154388956914385 0.036739449085764118 0.02326341891914107 0.014331963063373707 -0.0021441579802589754 -0.14039738352614714 -0.15550342076229218 -0.043107273169362151 0.065359147246638882 -0.16467296213109653 -0.21335495769893306 0.065590779571231592 0.051693894328098559 -0.085569432027256961 -0.10795340424966676 0.12085929445459492 -0.013229614918169114 0.0092265602969023135 -0.010587303315174507 -0.128949277368164
leaf_weight=1419.6467632740928 69.353230969443302 19.375774097328762 5.6892037800416793 5.396084594479361 3.6553889784336198 0.93294249924656369 1.62260756196338 4.1392569855543115 3.4691255220395751 8.4273080143957504 4.4528991139068248 29.047785741639927 74.067667653630451 10.432015940220477 17.544815679236308 1.5907755681673794 1.4142415456135484 16.400781880201979 4.3808104991621803 1.0313706868328134 0.52313340167165734 2.2164591935579665 0.44949289860960595 2.3720468636747674 1.2160499552464887 1.347743983622421 3.0476976167137764 48.916287122223366 30.034662986627154 1.2601991453757353
leaf_count=229781 15229 8113 899 949 802 82 249 536 2185 2298 1148 4516 13068 2098 3367 241 238 3973 139 42 35 104 21 354 883 104 761 5897 3233 317
internal_value=0 0.00187174 0.0105497 -0.00562041 -0.0106724 -0.0111706 -0.0249417 -0.0816911 0.0109702 0.0175694 0.00612483 0.0214964 0.0276002 -0.00825017 -0.0198767 -0.0129392 -0.0348756 -0.0284605 -0.0213384 0.0201702 -0.0267357 0.0178742 -0.0908644 -0.00800312 0.00519877 0.0093811 0.0408903 0.0122198 -0.0158492 -0.0180713
internal_weight=0 1634.28 214.632 64.9705 159.176 59.5744 36.7295 5.0722 22.8449 149.662 69.9048 43.9327 79.7569 14.8849 25.9721 152.473 28.0071 26.5928 25.002 8.60127 4.22046 3.18909 0.972626 124.466 53.8521 51.4801 6.70309 50.264 31.6573 70.6134
internal_count=301662 272522 42741 15347 29140 14398 4100 618 10298 27394 13427 7762 13967 3246 5665 27577 4793 4555 4314 341 202 160 56 22784 7238 6884 1563 6001 3482 15546
is_linear=0
shrinkage=0.1


Tree=109
num_leaves=31
num_cat=0
split_feature=156 156 157 175 8 148 10 166 145 205 214 157 161 154 6 210 172 130 6 163 88 122 86 166 132 90 208 130 156 83
split_gain=2.16034 1.70616 2.78494 2.37894 2.1604 2.13359 2.08808 1.93875 2.12068 2.19931 1.92579 1.90815 2.00856 1.94375 3.30524 2.12462 1.91448 1.81195 2.06044 1.80118 2.08735 2.03505 1.8561 1.7996 2.08229 2.22853 1.69736 2.25813 1.69323 1.6491
threshold=1.0000000180025095e-35 0.39638906717300421 0.61253345012664806 0.020341969095170501 0.14990550279617312 -0.018822110258042809 168.50000000000003 0.15145293623209002 0.0088235461153090017 -0.047231743112206452 -0.096699770539998994 0.68493673205375682 2.8012851476669316 -0.053097462281584733 0.14222503453493121 -0.078628405928611741 -0.30509971082210535 0.027475348673760894 0.083602152764797225 0.2410930469632149 0.70139986276626598 -0.026573955081403252 -0.8471047282218932 0.9543094038963319 -0.011002025101333855 2.1171568632125859 0.15183556079864505 -0.0027619578177109356 0.13938769698143008 8.5000000000000018
decision_type=2 2 2 2 8 2 8 2 2 2 2 2 2 2 8 2 2 2 10 2 2 2 2 2 2 2 2 2 2 2
left_child=-1 2 3 4 26 28 -3 8 9 -4 -7 12 -8 14 -13 -16 -14 -15 -19 20 21 -11 -22 -18 -25 -26 -2 -28 -5 -9
right_child=1 6 7 5 -6 10 11 29 -10 19 -12 13 16 17 15 -17 23 18 -20 -21 22 -23 -24 24 25 -27 27 -29 -30 -31
leaf_value=-0.094425058100167714 -0.012058183972220754 0.016213214939550951 0.084673328964337602 0.010127105995657656 0.00054958939625553615 0.057098007021658348 -0.1145788495329942 0.011946005406055654 0.067388812948066534 -0.12639939809324488 0.013146774128884459 -0.088730954258654154 -0.11037806174255489 0.0040520420448541686 0.19732387494460804 -0.0021502253903612008 -0.0089604364655419769 -0.027631239253019985 0.12020527982770944 0.093946613346059582 -0.029405893852237672 0.029947434805749115 -0.16918332239444819 -0.0083305298745287876 -0.052629526251349437 -0.18222686542627994 -0.038255913335474456 0.077830735672878362 -0.017841235828297268 -0.011802276845605648
leaf_weight=2.3971281303502101 226.45642629200847 38.875003808925612 3.5859990073586276 44.699794994408876 714.56562876836597 10.746359080398177 1.9595870591292612 190.51452116475048 12.218570589309818 0.92741172108799119 137.87806441590146 5.6562163841444972 1.9941443385905575 90.136188403877895 0.64916692674160037 3.0087563632405372 188.13657587655325 1.4141351934522379 2.8282210640609264 1.7319148704737024 3.4614693447656468 8.1370035767904465 1.3093660463928229 9.5713473389623704 7.872445109067483 1.5958334027091039 2.5909307031288336 4.743358776851891 41.971222519223375 34.541773837136134
leaf_count=22587 61137 16173 127 9435 133391 2049 108 8253 431 19 24389 146 95 2118 4 114 10502 30 36 356 202 204 64 314 286 71 1070 688 5381 1470
internal_value=0 0.000570983 0.00209942 5.25777e-05 -0.00218048 0.00905291 -0.00565206 0.0115475 0.0348367 0.0140704 0.0163247 -0.00835204 -0.013808 0.00275693 -0.0408255 0.0332502 -0.0128639 0.00705805 0.0709259 -0.00219339 -0.0142283 0.013951 -0.0677681 -0.0119253 -0.0412225 -0.0744725 -0.0105248 0.0368217 -0.00341682 0.0083011
internal_weight=0 1793.78 1440.08 1183.65 948.356 235.295 353.698 256.428 31.3717 19.1532 148.624 314.823 211.13 103.693 9.31414 3.65792 209.17 94.3785 4.24236 15.5672 13.8353 9.06442 4.77084 207.176 19.0396 9.46828 233.791 7.33429 86.671 225.056
internal_count=301250 278663 248666 237540 196286 41254 29997 11126 1403 972 26438 13824 11376 2448 264 118 11268 2184 66 845 489 223 266 11173 671 357 62895 1758 14816 9723
is_linear=0
shrinkage=0.1


Tree=110
num_leaves=31
num_cat=0
split_feature=10 157 156 85 228 189 63 69 148 170 130 192 221 73 92 2 212 112 190 131 94 50 101 232 164 130 224 64 65 157
split_gain=1.8152 1.71814 2.84977 2.60947 2.0587 2.07396 2.48844 2.03726 1.99333 1.84778 2.34587 3.27198 1.84433 1.76005 2.96892 2.14576 2.35245 2.09475 2.54635 2.54514 2.00576 1.87926 1.85826 2.04238 1.89469 1.76566 1.83702 1.83128 1.72812 1.70797
threshold=2.5000000000000004 0.63727831840515148 0.5317540466785432 66.500000000000014 -0.075966209173202501 0.17403002083301547 -0.31655569374561304 135.77057647705081 -0.02036324609071016 0.56587073206901561 -0.020192490890622136 -0.16766082495450971 0.11242445558309556 0.043717153370380409 0.95022311806678783 0.099382717162370696 0.0061025654431432494 0.0174652673304081 0.059214694425463683 0.017656288109719757 0.084080807864665999 1.0000000180025095e-35 0.040309714153409011 -0.038992598652839654 2.2499048709869389 0.055439954623579986 0.078848060220479979 2.5000000000000004 6.5000000000000009 0.34786841273307806
decision_type=8 2 2 2 2 2 2 2 2 2 2 2 2 2 2 8 2 2 2 2 2 2 2 2 2 2 2 2 2 2
left_child=-1 2 9 4 8 -6 -7 28 -3 29 11 -11 -13 15 17 25 22 18 -15 -20 -18 -16 23 -17 -25 26 -5 -28 -4 -2
right_child=1 3 7 13 5 6 -8 -9 -10 10 -12 12 -14 14 21 16 20 -19 19 -21 -22 -23 -24 24 -26 -27 27 -29 -30 -31
leaf_value=-0.098067186262063344 -0.038687183546653472 -0.019351782788338899 -0.0052087231607884981 0.0085704817143612902 0.0079133498233609576 -0.092095010376658876 0.065002909871273079 -0.088255695273001977 0.063001397075508059 0.080722383690163241 -0.022502518775131562 -0.011083295646912536 0.064279219721232933 -0.014557718167201592 -0.085825037322676392 -0.12780386258951193 -0.069592792817837576 0.040195160002512366 -0.067451119669016887 -0.31553947389353154 0.030067256205908895 -0.44141011149432602 0.090013663334056068 -0.12333576232786624 0.023524277677897495 -0.15334153862358935 -0.039030360828050559 0.092188095020911062 -0.050369719855708477 0.0010913535333551157
leaf_weight=1.8755827935383411 10.887242919076014 3.7066654162918011 28.457771038270948 62.930442545603 185.43724891966122 1.1099605794879597 11.008118733632726 4.692526148959586 14.193851566662486 5.2414439582953483 77.938349518365158 33.240785495197997 3.598915114067494 27.925084493857867 0.3385315865452857 1.2663726051105175 10.765677086434151 5.2769316804769906 5.8338761470586169 0.44507011844689248 2.4857607225130769 0.26495096053986344 2.3298949890886425 0.98453387740301224 8.1550446151013585 0.6380707287498798 1.3452955246393674 5.078733083581028 12.065688550443154 1260.6020818121424
leaf_count=17634 13470 242 3916 2346 6950 53 322 817 539 661 21260 9920 524 1225 27 104 578 171 283 29 94 18 82 68 384 50 90 192 1226 217736
internal_value=0 0.000361569 -0.00117165 0.00662811 0.013475 0.0105326 0.0506135 -0.0258784 0.0459485 -0.000368825 -0.0122296 0.00679686 -0.00372104 -0.00421386 -0.021813 0.00313616 -0.0214022 -0.0184483 -0.0274957 -0.0850363 -0.0508981 -0.24194 0.00928783 -0.0087867 0.00770422 0.0122469 0.0137704 0.0647088 -0.0186552 0.000750746
internal_weight=0 1788.24 1436.72 351.52 215.456 197.555 12.1181 45.216 17.9005 1391.51 120.019 42.0811 36.8397 136.064 40.0844 95.9798 25.9873 39.481 34.204 6.27895 13.2514 0.603483 12.7358 10.406 9.13958 69.9925 69.3545 6.42403 40.5235 1271.49
internal_count=301011 283377 269530 13847 8106 7325 375 5959 781 263571 32365 11105 10444 5741 1753 3988 1310 1708 1537 312 672 45 638 556 452 2678 2628 282 5142 231206
is_linear=0
shrinkage=0.1


Tree=111
num_leaves=31
num_cat=3
split_feature=170 92 63 157 156 237 17 237 237 156 170 150 90 157 230 128 172 96 182 212 93 221 212 155 214 153 119 75 112 149
split_gain=1.88164 3.27782 2.63672 2.1981 3.11446 5.60368 2.99701 2.78338 2.60945 2.4953 2.19277 2.11254 2.11168 2.0962 2.73991 2.09539 2.85724 2.01942 4.36671 2.07692 2.13738 2.29992 1.98803 1.98113 2.85466 2.64833 3.10776 2.43359 2.41988 2.38241
threshold=0.57085710763931286 0.90401846170425426 -0.65142691135406483 0.52564567327499401 0.2323504984378815 0 24.000000000000004 1 2 0.11853256076574327 0.44583775103092199 -0.035046644508838647 1.9196773767471316 0.35992051661014562 -0.038456814363598817 0.013982180040329696 -0.017159350216388699 -0.14305903762578961 0.028474763967096809 0.0028073264984413986 -0.08605302125215529 0.089564610272645964 -0.054087288677692406 0.0094835665076971071 -0.018403832800686356 -0.015945077873766419 0.012244904413819315 0.22514811903238299 0.049289025366306312 -0.051869807764887803
decision_type=2 2 2 2 2 9 2 9 9 2 2 2 2 2 2 2 2 2 2 2 2 2 2 2 2 2 2 2 2 2
left_child=3 -2 -3 7 5 17 23 -1 -6 10 13 22 -4 -9 -15 16 -14 18 -5 20 21 -19 -11 29 25 26 -25 28 -27 -7
right_child=1 2 12 4 8 6 -8 9 -10 11 -12 -13 15 14 -16 -17 -18 19 -20 -21 -22 -23 -24 24 -26 27 -28 -29 -30 -31
leaf_value=-0.013443166500736646 0.0044008097018152278 -0.12503202178674791 -0.0013675773384792475 -0.060165221916064507 0.0045552286612695015 -0.10805970919745822 -0.19948575043294967 -0.023135245070148233 -0.008216329156852803 -0.044716717629881442 0.0032802128064442593 -0.011689913734047855 -0.0069214580931635968 0.086350020972324887 0.022599635538972339 -0.068774812524856649 -0.076609329090424824 0.090344833892635007 0.054513599639757042 0.017625048831275355 0.031767514224301963 -0.016997123779090181 0.038610313279352881 0.006401337301103309 0.030235140107450022 0.014459203117052949 -0.17800529316638897 -0.14153770258020568 -0.15703311094198605 -0.004105949055813852
leaf_weight=185.19240647180095 81.277402141814491 2.4941907938573413 33.49726410500989 7.9025622335102508 411.01706372124681 2.2363502987609527 0.75017212745478801 6.73190742163706 248.0510761961159 3.4987551095800908 166.61935575949383 151.26367588120229 28.038242778553464 8.7868804657537094 28.965246639487304 12.775309116810602 7.4458558754049617 12.89680133798174 5.7264228540188924 87.251343057975646 59.344255488859744 2.3615639649833602 15.761878761117257 1.75285608491686 44.311242883022715 22.746849483624835 1.9094037205286438 1.1368213819660002 0.85369898649878351 155.43546388546201
leaf_count=66558 16839 395 6122 868 32066 211 104 5205 17532 1033 67448 38194 4824 1173 6045 2139 1324 828 401 6335 4691 188 3268 129 2879 1788 220 106 79 12356
internal_value=0 -0.00992631 -0.0237478 0.00126301 0.00393913 0.0108217 6.43397e-05 -0.00376838 -0.000307106 0.00124611 0.0085463 -0.0077182 -0.0206579 0.028271 0.0374377 -0.0340474 -0.0215445 0.0236397 -0.0119812 0.0280997 0.0403503 0.0737313 0.0234737 0.000716907 0.0143724 -0.0103777 -0.0897433 0.00137198 0.00825584 -0.00558039
internal_weight=0 165.528 84.2509 1632.5 1065.68 406.616 231.133 566.82 659.068 381.628 211.103 170.524 81.7567 44.484 37.7521 48.2594 35.4841 175.483 13.629 161.854 74.6026 15.2584 19.2606 230.383 72.7109 28.3996 3.66226 24.7374 23.6005 157.672
internal_count=301348 31643 14804 269705 80781 31183 17872 188924 49598 122366 79871 42495 14409 12423 7218 8287 6148 13311 1269 12042 5707 1016 4301 17768 5201 2322 349 1973 1867 12567
cat_boundaries=0 2 4 6
cat_threshold=3345603682 807946 19484960 5854665 480573204 1106915
is_linear=0
shrinkage=0.1


Tree=112
num_leaves=31
num_cat=3
split_feature=237 156 156 108 10 86 129 233 96 157 220 108 157 210 126 195 148 117 198 151 116 106 161 145 237 189 199 100 237 151
split_gain=1.90401 1.93815 2.21527 2.18434 2.05474 2.37754 2.83272 2.50295 2.56844 2.79535 2.49554 2.44881 2.30954 2.17085 1.9178 1.87813 2.40861 2.04361 2.05461 2.01374 2.51853 2.38435 1.98002 1.89473 2.43929 2.259 1.84953 1.84297 2.03918 1.83985
threshold=0 0.025751547887921337 0.15821565687656405 0.058449989184737212 399.00000000000006 -0.78050652146339405 0.04441452585160733 0.13924047350883487 -0.090201083570718751 0.53318274021148693 -0.049961589276790612 0.030633182264864448 0.4862216860055924 0.20646420121192935 -0.029301241971552369 -0.066833782941102968 -0.057203615084290498 -0.03078515641391277 -0.10287820920348166 -0.017558545805513855 -0.010389619041234253 -0.014027256518602369 3.5510838031768803 -0.012279262300580738 1 -0.071264952421188341 -0.12455121427774428 -0.068931851536035524 2 -0.0054311028216034165
decision_type=9 2 2 2 10 2 2 2 2 2 2 2 2 2 2 2 2 2 2 2 2 2 2 2 9 2 2 2 9 2
left_child=-1 -2 3 -3 12 27 7 8 -7 14 -11 -8 -4 15 -10 16 -14 18 -17 20 21 -18 -20 -19 26 -26 -25 -6 -29 -30
right_child=1 2 4 -5 5 6 11 -9 9 10 -12 -13 13 -15 -16 17 19 23 22 -21 -22 -23 -24 24 25 -27 -28 28 29 -31
leaf_value=-0.003709231954342015 -0.033184401724284301 0.01292417716267614 -0.024675813455115322 -0.022157860509209377 0.021681235974762965 -0.00073932801455931473 -0.2059636659540936 0.07070630321912591 0.0030836610354681351 -0.071375611915697579 -0.011444644388406955 -0.027712827805530471 -0.071745432737298206 0.08428117155937502 -0.11314561007477789 0.033284867810568573 -0.1521427266827243 0.021835093810867342 -0.013484726817897995 0.034193414189269772 0.017573930397033796 -0.0033949349705269579 -0.071499593816144472 0.065045879492424283 0.019227612492169262 -0.032179190964077911 0.0077069045471584267 0.01051712608157486 -0.03591191282272993 -0.0027289599223179542
leaf_weight=945.63069553527066 14.661095207929973 266.97087930327143 23.28492511757031 19.011971535719567 33.505762425018474 42.363621432799846 1.481331372749991 3.2237189499428487 1.8232696081395259 8.7458898669574392 33.799368008156307 1.6065968875191172 2.6986898866307447 3.6970704725572423 6.4123676430317555 5.7064908633046789 1.9827345156372755 53.227497948451855 17.597305043665077 52.018084141383952 11.995456883420045 2.3606692458888601 8.8372638997298036 6.4087180029910078 11.260138054603884 35.492669428620502 46.030803213396212 45.738695308347815 29.218657208228251 39.027228626597207
leaf_count=133199 23479 67351 14471 5292 1208 1275 48 101 139 210 982 67 516 624 525 1107 402 9591 3316 8421 1909 424 2030 722 2476 7279 9653 1560 1142 1421
internal_value=0 0.00281804 0.00349983 0.0105919 -0.000330298 -0.00699393 -0.0189428 -0.0159218 -0.01892 -0.0340871 -0.0237645 -0.113223 0.00549266 0.00820162 -0.0874139 0.00710126 0.0209159 0.00178265 -0.0211323 0.0245741 -0.00605095 -0.0712973 -0.0328795 0.00661478 -0.00155258 -0.0163097 0.0123578 0.0010635 -0.00499709 -0.0147714
internal_weight=0 830.189 815.528 285.983 529.545 246.947 99.4562 96.3682 93.1445 50.7809 42.5453 3.08793 282.599 259.314 8.23564 255.617 71.0556 184.561 32.1411 68.3569 16.3389 4.3434 26.4346 152.42 99.1923 46.7528 52.4395 147.49 113.985 68.2459
internal_count=300940 167741 144262 72643 71619 8678 3347 3232 3131 1856 1192 115 62941 48470 664 47846 11672 36174 6453 11156 2735 826 5346 29721 20130 9755 10375 5331 4123 2563
cat_boundaries=0 2 4 6
cat_threshold=2077396253 4916106 2150383650 1355844 536704 57377
is_linear=0
shrinkage=0.1


Tree=113
num_leaves=31
num_cat=5
split_feature=170 157 92 237 237 237 210 119 237 85 24 223 145 139 142 130 232 92 67 176 223 154 3 2 17 12 204 117 114 237
split_gain=2.21415 1.83445 3.35764 3.79112 3.19351 2.63698 2.01515 1.9362 3.47143 2.47934 2.13237 1.87238 2.70943 2.39977 2.46095 1.90052 2.15444 1.86064 2.15714 1.9412 1.8329 2.23442 1.82991 1.76771 1.72563 2.08841 1.72533 2.05896 1.85918 1.71646
threshold=0.45447091758251196 0.51456367969512951 0.90024566650390636 0 1 2 0.082117669284343733 0.030563087202608589 3 75.500000000000014 1.0000000180025095e-35 -0.094289731234312044 0.01140753459185362 -0.019862698391079899 0.019245110452175144 0.0079882526770234125 -0.099942933768033967 0.88161817193031322 0.32310858368873602 -0.18006628006696698 0.090161744505167021 0.026731013320386413 0.29853747785091406 0.071530904620885863 21.500000000000004 380.00000000000006 -0.043129704892635339 0.05447626672685147 -0.030268501490354534 4
decision_type=2 2 2 9 9 9 2 2 9 2 2 2 2 2 2 2 2 2 2 2 2 2 10 10 2 10 2 2 2 9
left_child=24 2 3 -2 -4 -3 -5 11 10 17 -9 12 13 -7 26 16 -14 18 -10 -20 -21 -22 -11 -6 29 -26 -15 28 -28 -1
right_child=1 5 4 6 23 7 -8 8 9 22 -12 -13 15 14 -16 -17 -18 -19 19 20 21 -23 -24 -25 25 -27 27 -29 -30 -31
leaf_value=-0.001568096550467172 0.016500912343942031 0.0070667992247516508 -0.029226540977368778 -0.019500239637912548 -0.015341573266005132 0.044941893819569687 0.018320629685747641 0.009663692217525376 -0.21653936401059368 -0.051896170889077164 -0.037208340155020524 0.0018550804839432816 -0.22365967758381317 -0.070149344358752933 -0.12274904467496142 0.0045841032120836614 -0.07254198945230074 -0.00089608990800235785 -0.095981143706146133 -0.012516291454344384 -0.043997145008066202 -0.22923565748429531 0.08502455024920981 0.015235159870263124 0.11522538469081156 -0.14624424711943035 -0.09193311648650819 -0.15630197745895652 0.028117131818781817 0.015194783837944984
leaf_weight=109.70909911162562 83.131860826193588 422.216217622964 88.292689654000696 76.446598447699671 39.355475277984624 6.6734176546342523 17.270549794834551 84.912505611889173 0.61273869409342197 29.976427190520557 10.958507381921661 527.42102503814567 1.1963984387693924 3.9250394468108487 2.254651406507036 2.2255620032956358 4.4616183163561791 46.555638752912273 3.7374995798090813 31.73909766655197 2.7611070182829276 0.85215635974600434 1.0089492610386503 36.3896224627224 2.6296366800243045 0.34562297770753492 1.454903702651795 0.74671775208844415 11.38264517652714 134.85931393807823
leaf_count=19071 28822 45604 36798 50176 16743 565 7858 7738 25 2360 1085 44057 39 675 444 229 649 3633 210 2200 218 49 368 9347 306 19 183 64 1034 20500
internal_value=0 -0.00103696 -0.00750891 0.00204944 -0.0178138 0.000806041 -0.0113223 -0.00266226 -0.0108123 -0.0213534 0.00389928 0.00038233 -0.0222499 -0.00690686 -0.0244139 -0.0737024 -0.104496 -0.014459 -0.0303631 -0.0274447 -0.020199 -0.087684 -0.0474377 -0.000575814 0.00915332 0.0848516 -0.0117514 0.00512211 0.0145116 0.00823242
internal_weight=0 1537.96 340.887 176.849 164.038 1197.07 93.7171 774.857 213.115 117.244 95.871 561.742 34.321 26.4374 19.764 7.88358 5.65802 86.2582 39.7026 39.0899 35.3524 3.61326 30.9854 75.7451 247.544 2.97526 17.5093 13.5843 12.8375 244.568
internal_count=301069 261173 149744 86856 62888 111429 58034 65825 17886 9063 8823 47939 3882 2965 2400 917 688 6335 2702 2677 2467 267 2728 26090 39896 325 1956 1281 1217 39571
cat_boundaries=0 2 4 6 8 10
cat_threshold=3649611778 791477 353222154 6087553 172839969 1634464 2216690048 4654343 2995281813 983220
is_linear=0
shrinkage=0.1


Tree=114
num_leaves=31
num_cat=2
split_feature=237 157 170 156 157 92 74 12 237 130 200 63 134 3 86 74 163 4 63 65 2 174 157 159 47 211 128 149 106 72
split_gain=2.0577 3.08426 2.69462 2.50049 2.50283 2.58327 2.22305 2.14087 2.34525 2.17024 2.91249 2.71019 2.05491 2.07012 1.87757 2.55004 1.84192 2.39203 1.82968 2.3952 2.40635 2.36937 1.82712 1.79911 1.79091 3.19046 2.11893 1.87531 1.91462 1.78808
threshold=0 0.46464483439922338 0.50857836008071911 0.093121796846389784 0.62342819571495067 0.89143961668014537 0.57259953022003185 192.50000000000003 1 0.0020997902611270551 -0.063037727028131471 -0.49518868327140803 -0.02246870286762714 0.18801229447126391 -0.76339358091354359 0.16359986364841464 0.12618464231491092 0.20416666567325595 -0.49518868327140803 3.5000000000000004 0.071530904620885863 -0.27905951440334315 0.57470911741256725 0.14389874786138537 1.0000000180025095e-35 -0.01197460852563381 0.060769543051719672 -0.016958749853074547 -0.11044267937541007 0.068729333579540267
decision_type=9 2 2 2 2 2 2 10 9 2 2 2 2 10 2 2 2 8 2 2 8 2 2 2 2 2 2 2 2 2
left_child=16 -2 3 -3 6 -6 7 12 9 -9 -11 -12 13 -5 -13 -16 23 -18 19 21 -21 -4 -23 -1 26 29 27 -10 -29 -26
right_child=1 2 18 4 5 -7 -8 8 24 10 11 14 -14 -15 15 -17 17 -19 -20 20 -22 22 -24 -25 25 -27 -28 28 -30 -31
leaf_value=0.015429906348952372 -0.012028246707420379 0.034064166054522525 -0.16210711916951201 0.059017110956245983 0.012814733895459871 0.06727340202283992 0.11378661884604423 0.032392503343140262 -0.035467954999218253 0.042457370954804292 0.10300551451286971 -0.038523335989774005 0.0078743561176504457 -0.00315735498014558 -0.19958353696819223 0.070161565798316824 -0.007808534612320373 -0.049569321116820865 0.0016037451263068701 -0.022404097722707374 -0.13362554007812741 -0.047181077436660099 0.033814371414654654 -0.0032605708603528393 -0.14757031171097687 0.0062600116474874866 0.078640663817802769 -0.13239407431441766 -0.00056376040377679982 0.0052046987590485191
leaf_weight=54.78213633114683 110.07394758886767 45.466463413461497 0.87777276982342378 17.930334096288792 23.256774867579225 13.926103752681227 1.8827028781597608 31.767798456538003 22.153021887177601 5.7673029056750229 1.0591024747118343 6.184195933688895 79.87504329409785 7.6356140233947363 1.765541775210296 0.43725672806613136 51.339394364817053 18.716418720282491 323.25177829441691 4.3189305411106025 3.5395049327707966 4.1070183894808006 8.6532662605040951 859.92500110765468 3.4749451778188813 4.3833180849906039 2.7838659953558809 1.117823626147582 76.239340283078491 0.98275462258607138
leaf_count=11715 67807 5694 154 2769 925 327 83 1072 880 177 28 256 15911 1592 110 10 41450 13828 52947 481 381 1574 703 76913 167 206 75 27 2836 35
internal_value=0 0.00347789 0.00599161 0.012198 0.0089128 0.0332111 0.00550908 0.00473561 -0.00262433 0.0144445 -0.0135389 -0.0477273 0.0157724 0.0404479 -0.0667617 -0.146039 -0.00330451 -0.0189655 -0.000274921 -0.0285252 -0.0724992 -0.00318682 0.00774522 -0.00214119 -0.0102201 -0.05432 -0.00740777 -0.00981504 -0.00246873 -0.113889
internal_weight=0 802.912 692.838 348.089 302.623 37.1829 265.44 263.557 158.116 46.9812 15.2134 9.4461 105.441 25.5659 8.38699 2.2028 984.763 70.0558 344.748 21.4965 7.85844 13.6381 12.7603 914.707 111.135 8.84102 102.294 99.5102 77.3572 4.4577
internal_count=301133 157227 89420 33180 27486 1252 26234 26151 5879 1653 581 404 20272 4361 376 120 143906 55278 56240 3293 862 2431 2277 88628 4226 408 3818 3743 2863 202
cat_boundaries=0 2 4
cat_threshold=3603038874 5073711 539047264 4096
is_linear=0
shrinkage=0.1


Tree=115
num_leaves=31
num_cat=5
split_feature=157 156 237 237 4 116 85 232 81 105 102 176 237 12 151 229 237 54 117 16 126 214 192 69 237 170 134 152 64 86
split_gain=1.91551 2.78401 4.25372 2.24321 2.23506 2.34333 2.67408 2.32848 2.41846 2.6035 2.10776 2.14207 2.10446 2.09641 2.12063 3.72354 2.92032 2.77185 2.12241 2.07391 2.3148 2.05743 2.03371 2.06661 2.00486 1.98086 1.96712 2.35462 1.92812 1.92045
threshold=0.52564567327499401 0.14523021876811984 0 1 0.073727350682020201 0.0068375119008123883 24.500000000000004 -0.084963619709014879 0.034683240577578552 -0.086565662175416933 -0.014310574624687432 -0.32065947353839869 2 158.50000000000003 0.0050352613907307395 0.019515726715326313 3 1.0000000180025095e-35 -0.022710227407515046 1.5000000000000002 -0.059724543243646615 -0.0036329304566606875 0.013063893653452398 127.014949798584 4 0.45127125084400183 -0.024023600853979584 0.061105912551283843 7.5000000000000009 -0.86634227633476246
decision_type=2 2 9 9 10 2 2 2 2 2 2 2 9 8 2 2 9 2 2 2 2 2 2 2 9 2 2 2 2 2
left_child=12 2 -2 10 19 6 -6 8 -8 -10 11 -3 -1 29 16 17 -15 -16 22 20 -4 -9 -17 -24 -7 -21 -26 -28 -20 -5
right_child=1 3 4 13 5 24 7 21 9 -11 -12 -13 -14 14 15 18 -18 -19 28 25 -22 -23 23 -25 26 -27 27 -29 -30 -31
leaf_value=-0.010041859863811939 0.030709080386272611 0.091336109838587753 -0.13030800751287455 -0.0070409812080414694 -0.20156297051658709 -0.021582905239654379 0.046376829371950735 0.012208900055573835 0.098177467577925809 -0.15886495234243991 0.011004967624062605 -0.0032157924547926951 0.0019844667469211979 0.006369547689059063 -0.038978637919878462 -0.0020133617769078492 -0.013192563011819359 -0.0023321043476042611 0.013955229205487625 -0.32902188141855149 0.0034041545236466416 0.060190763837461893 -0.11528844515506453 0.048694063205925314 -0.041311064927244845 -0.039440779003871586 0.048210982949213568 -0.12019756183669023 -0.16111960021713836 0.031648600221889596
leaf_weight=301.66115048859774 72.511659778796457 2.4231081839607205 1.3421779812324519 22.822607369775142 0.49856697193535993 20.719825618119103 1.8802128334464203 15.64474147026703 0.49788170818101218 1.8894364842035429 276.85553766971407 214.48645444383874 272.48913802853758 183.40002147638734 68.487606329334085 7.8902271124970849 116.33297823142493 29.542937251462718 51.756436338240746 0.23965179815422999 36.606635020616523 20.841688764252471 3.9994375895621488 0.95134787473944005 3.8147023150595514 16.4884530891959 14.795868734214306 0.87957350818032942 0.63679243554361065 29.301265427800899
leaf_count=109656 6612 237 242 8611 74 1623 89 1186 45 188 23847 20174 89556 7429 3061 321 4757 1205 1800 11 5436 1391 212 59 383 2570 1072 80 37 9178
internal_value=0 0.00253224 0.0130471 0.000357619 0.00128947 0.0118814 0.0286262 0.0314422 -0.0384499 -0.105258 0.00511818 -0.00215955 -0.00447456 -0.00422295 -0.00644541 -0.0156153 -0.00145057 -0.0279347 0.00289761 -0.0142556 -0.00132499 0.039617 -0.0335371 -0.0837774 -0.00529749 -0.0435894 0.0152597 0.0387613 0.0118274 0.0147082
internal_weight=0 1217.54 208.651 1008.89 136.139 81.4625 41.2525 40.754 4.26753 2.38732 493.765 216.91 574.15 515.122 462.998 163.265 299.733 98.0305 65.2342 54.6769 37.9488 36.4864 12.841 4.95079 40.21 16.7281 19.4901 15.6754 52.3932 52.1239
internal_count=301142 101930 21002 80928 14390 6131 2973 2899 322 233 44258 20411 199212 36670 18881 6695 12186 4266 2429 8259 5678 2577 592 271 3158 2581 1535 1152 1837 17789
cat_boundaries=0 2 4 6 8 10
cat_threshold=3512288291 525642 355300664 5356204 1296387365 1693579 142770306 278530 134256768 1340064
is_linear=0
shrinkage=0.1


Tree=116
num_leaves=31
num_cat=0
split_feature=163 8 86 158 168 166 137 212 114 88 128 179 152 156 162 121 211 133 102 232 175 117 182 206 100 219 102 88 220 110
split_gain=1.72073 5.11548 2.14135 1.63428 2.55202 1.94549 2.0331 2.05958 2.2798 1.87238 1.80395 1.84134 1.82795 1.67164 2.33944 2.26784 2.21391 3.06259 3.13236 2.44835 2.0141 2.01405 1.9776 2.28465 2.52986 1.96931 1.92316 1.84504 2.11482 1.84139
threshold=0.40658943355083471 0.072386089712381377 -0.8471047282218932 0.29166667163372045 3.1570253372192387 0.59553489089012157 -0.062761675566434846 0.069823853671550765 0.010044527705758812 0.76064717769622814 0.050180576741695411 0.051296792924404151 -0.013457774184644221 0.26209992170333868 203.13194274902347 0.0058897268027067193 0.033382631838321693 -0.019028758630156514 -0.027375153265893456 -0.084963619709014879 0.013069680426269771 0.012248677201569082 -0.31090807914733881 -0.047462904825806611 0.031920025125145919 0.049463497474789626 -0.053754460066556924 0.65056136250495922 0.17344507575035098 0.082174960523843779
decision_type=2 10 2 2 2 2 2 2 2 2 2 2 2 2 2 2 2 2 2 2 2 2 2 2 2 2 2 2 2 2
left_child=3 -2 -3 4 5 9 7 -7 -9 -1 -8 12 -12 15 16 -5 19 18 -18 -15 26 -20 -19 24 -24 29 27 -17 -29 -26
right_child=1 2 -4 13 -6 6 10 8 -10 -11 11 -13 -14 14 -16 20 17 22 21 -21 -22 -23 23 -25 25 -27 -28 28 -30 -31
leaf_value=-0.015216881103390518 -0.058854226098434693 -0.019987516097756321 0.020091083248241971 0.01729048928672287 0.0012919970108087795 -0.11848901970578099 0.0018550103798306999 -0.16668323513828437 0.12362486724516018 -0.051810389587333451 -0.16431303175868223 0.040472233763564368 -0.038107239575080554 -0.040855457459898874 -0.087462143353965738 -0.093076207322804971 -0.00047283870533604998 -0.12658950108842279 -0.045418313368004844 0.0076102234266313771 0.019256309087703934 -0.12226477782387513 -0.00021825651898166852 0.016437312749710081 -0.064695526191417607 -0.19128848607960514 0.00080698479190654247 -0.010845425550002431 -0.17993301181952098 0.098938538461804948
leaf_weight=65.483322895271158 19.095242651829267 24.950680694814309 28.625420451352511 187.68610956058455 761.37758567875335 2.9032154103588246 116.65184513291933 0.39088164492568445 0.87838648779143114 17.778777307183191 1.7345853467850245 1.6561857041997425 3.3915832736101938 10.872388533651245 3.0309726140621924 3.9572919695983755 13.126733388939103 1.2170918783594959 13.723916188977457 252.34725018956306 48.890998616432626 4.5383661665364334 18.720456068993375 42.588126869384723 6.5511234553050581 1.095314241829328 117.82078657616648 17.801519454650137 0.7717567202707859 0.76835636585019518
leaf_count=18089 20128 38818 34508 24284 97743 361 11692 46 48 6554 161 165 408 798 163 516 999 128 1140 15103 5433 442 1241 2911 552 87 15917 2768 33 23
internal_value=0 -0.0144131 0.00142626 0.00129672 -0.00140425 -0.0111395 -0.00338071 -0.0720344 0.0342221 -0.0230306 -0.00105999 -0.051196 -0.0808126 0.00481917 3.05741e-05 0.00950171 0.000756025 -0.0117254 -0.0377331 0.00560833 0.00177698 -0.0645155 -0.000217815 0.00198813 -0.0206895 -0.0662321 -0.00431189 -0.0310804 -0.0178714 -0.0475182
internal_weight=0 72.6713 53.5761 1717.75 972.246 210.869 127.607 4.17248 1.26927 83.2621 123.434 6.78235 5.12617 745.509 368.58 376.928 365.549 102.329 31.389 263.22 189.242 18.2623 70.9405 69.7234 27.1353 8.41479 140.351 22.5306 18.5733 7.31948
internal_count=301259 93454 73326 207805 135267 37524 12881 455 94 24643 12426 734 569 72538 23587 48951 23424 7523 2581 15901 24667 1582 4942 4814 1903 662 19234 3317 2801 575
is_linear=0
shrinkage=0.1


Tree=117
num_leaves=31
num_cat=0
split_feature=160 233 17 198 90 120 111 157 213 96 5 114 139 233 118 136 170 185 114 157 77 1 79 1 74 135 148 108 104 108
split_gain=1.51444 3.16497 2.19126 2.07121 2.7973 2.37679 2.29821 2.23444 2.08938 2.06996 2.75511 2.04624 1.91718 1.786 1.7106 1.66775 1.65413 1.59809 1.57202 1.52711 2.47201 1.6717 1.71821 1.48976 2.56413 1.87641 1.54277 1.618 1.57337 1.47808
threshold=2.0000000000000004 -0.048876110464334481 11.500000000000002 1.0000000180025095e-35 2.6466547250747685 -0.044399743899703019 -0.025830474682152268 0.49688294529914862 0.097256973385810866 -0.020333028398454186 0.097913432866334929 -0.030268501490354534 0.0062043599318712958 0.043656028807163245 -0.078128475695848451 -0.040315987542271607 0.50563591718673717 -0.060305280610918992 0.049462009221315391 0.58749592304229747 0.16843971610069278 0.11180555447936059 1.0000000180025095e-35 0.08964791521430017 0.017392619512975219 -0.041579727083444588 -0.0091650588437914831 -0.0049997239839285603 -0.092169117182493196 -0.088567271828651414
decision_type=2 2 2 2 2 2 2 2 2 2 8 2 2 2 2 2 2 2 2 2 2 10 2 10 2 2 2 2 2 2
left_child=-1 2 15 5 8 -3 17 -6 14 11 16 -8 -12 -13 -5 -2 18 -7 -11 29 21 -21 -23 26 -25 -26 28 -28 -17 -16
right_child=1 3 -4 4 7 6 9 -9 -10 10 12 13 -14 -15 19 23 -18 -19 -20 20 -22 22 -24 24 25 -27 27 -29 -30 -31
leaf_value=3.464488615484616e-05 -0.15678859145667312 0.025596287123106777 -0.13875597751043714 0.10988606944951214 0.062573106917417839 -0.14170737136500056 -0.13280820429402582 -0.13153146073635466 0.082707104728152181 0.032520352045674834 0.065437568521167375 -0.0061532547260497086 -0.02418455026116742 -0.091342124092168242 -0.10971411546968356 -0.15574704473409151 -0.086311036480024875 -0.048058752262577657 -0.15564180174093556 0.019267916401562005 0.10315628179703627 0.094123432033135168 -0.13409876173765942 -0.11032521309274704 -0.1983563267457869 0.039521283509415653 0.0077451301514381765 -0.091509229480732646 -0.052056228998695345 -0.0041188150477348435
leaf_weight=1622.6707806355407 1.0341307361104615 10.165004694439174 2.0754459500203657 1.5894673484772273 0.78535877998729064 2.2895910414335949 2.1515201404727131 2.4220607418792497 3.8916301969111364 3.2851899920733625 7.8985139311407675 9.7898457229307407 3.420573523371786 3.2874262602417739 1.3741825265969954 1.9049984753983222 3.7860468178478186 8.9266084033115458 0.51340004300436692 22.320347579936431 3.3707355113947406 0.43190551406587374 1.3965340681170344 1.5996408939627125 0.34725080009229703 7.359373431205313 6.8238978671724908 2.162992823594772 6.3120413546139407 37.486657417126935
leaf_count=271822 277 1937 460 136 406 720 600 409 1037 571 1296 1839 694 1018 336 425 1035 1866 145 1206 127 14 80 201 91 674 1288 687 1748 7857
internal_value=0 -0.0101568 -0.0396691 -0.00346263 0.00736765 -0.018108 -0.0279044 -0.0840036 0.0114459 -0.0149996 0.00710368 -0.0424367 0.0383542 -0.0275684 0.00736578 -0.032203 -0.0395337 -0.0671755 0.00708922 0.00491094 0.0229349 0.0117375 -0.0801892 -0.027343 0.00488829 0.0288028 -0.0447782 -0.0161437 -0.0760954 -0.00785284
internal_weight=0 160.202 29.6198 130.583 75.0689 55.5137 45.3487 3.20742 71.8615 34.1325 18.9037 15.2288 11.3191 13.0773 67.9698 27.5443 7.58464 11.2162 3.79859 66.3804 27.5195 24.1488 1.82844 26.5102 9.30627 7.70662 17.2039 8.98689 8.21704 38.8608
internal_count=301002 29180 5851 23329 11608 11721 9784 815 10793 7198 3741 3457 1990 2857 9756 5391 1751 2586 716 9620 1427 1300 94 5114 966 765 4148 1975 2173 8193
is_linear=0
shrinkage=0.1


Tree=118
num_leaves=31
num_cat=6
split_feature=157 170 157 95 130 237 95 147 158 107 219 141 141 237 237 68 237 99 237 133 194 83 200 169 132 237 0 139 222 144
split_gain=1.42519 1.41342 1.92107 1.66331 1.81675 1.87331 1.87388 1.85874 1.67194 2.20615 1.60567 4.31958 3.69599 2.92875 2.71705 2.70162 2.55496 2.91619 2.37937 2.3814 2.45806 2.14878 2.23745 2.13697 2.09912 2.39988 2.3015 2.27422 3.0747 2.61293
threshold=0.30575782060623174 0.44100475311279302 0.43352198600769049 0.17980607599020007 0.0020997902611270551 0 0.10569885745644571 0.023339952342212204 0.29166667163372045 -0.034095430746674531 -0.0013332769740372894 -0.016827705316245552 -0.015875905752182003 1 2 35.042127609252937 3 0.029119233600795272 4 -0.022719591856002804 0.13690380007028582 12.500000000000002 -0.13168399035930631 13.500000000000002 0.043813161551952369 5 0.20057471096515658 0.029202522709965709 -0.024213367141783234 -0.010949544608592985
decision_type=2 2 2 2 2 9 2 2 2 2 2 2 2 9 9 2 9 2 9 2 2 2 2 2 2 9 8 2 2 2
left_child=-1 3 -3 4 -2 7 -7 -6 9 -9 11 14 13 -12 -4 -15 17 -13 -14 20 24 -19 -23 -21 25 -20 -26 28 -27 -30
right_child=1 2 10 -5 5 6 -8 8 -10 -11 12 16 18 15 -16 -17 -18 21 19 23 -22 22 -24 -25 26 27 -28 -29 29 -31
leaf_value=-0.067835521261754031 0.013535135595124204 -0.019592960141971552 -0.0032838094347825927 0.048729215348332022 -0.048307606653471967 0.039559698202350231 -0.056226815687942723 -0.20775953358250746 -0.062527774182695214 0.040455063260855809 0.0037906172994560602 -0.0017207672416836046 -0.0072289151758317405 -0.09125537984725865 0.017001903589069042 -0.020365736944751217 0.0037034222617575254 -0.020773987330959656 0.013224508589191926 0.011647462245329789 0.063828277307354866 0.030120261367661896 -0.12089400588924684 -0.11141989216604031 0.053223560548343346 0.0042688460704160365 -0.1557635950005061 0.030173858360943967 -0.093751999176891684 -0.029997629476614669
leaf_weight=3.1407144306363071 99.63160956181764 55.321970252953179 93.632829372360902 9.749472085371961 18.52839041144853 12.81240702722789 2.4296627623052691 0.37648086243279966 2.7482878734926999 7.32665645486213 65.773728760724225 135.92249174740118 227.0997918420353 5.5760020313191481 226.7103568835546 149.86930070188828 242.36931245092455 91.93561693945594 26.452540399212921 245.25929328428674 4.43687770485485 1.2828299275934112 4.1714070145417272 1.419117563527833 0.72052236635317912 14.798688517211298 1.9614661944578982 6.6319445634453578 9.7963900663125951 18.698843590082113
leaf_count=4815 13867 58833 11671 1981 2719 2283 540 40 491 1052 11013 15829 33219 944 23623 26315 40950 10951 3065 28380 629 74 653 348 134 1856 280 989 1337 2275
internal_value=0 -0.000413019 -0.00127726 0.00875719 0.00604814 -0.01082 0.0146677 -0.0217734 0.00443371 0.0283239 -0.00063372 0.00252433 -0.00386288 -0.014799 0.0115008 -0.021524 -0.00352082 -0.0107246 0.000478359 0.00582214 -0.00859883 -0.0243919 -0.0853756 0.0109395 -0.0126634 -0.00961005 -0.0996187 -0.0202929 -0.0327108 -0.0519158
internal_weight=0 1783.44 1629.84 153.603 143.853 44.2219 15.2421 28.9798 10.4514 7.70314 1574.52 796.025 778.495 221.219 320.343 155.445 475.682 233.312 557.275 330.176 83.4973 97.3899 5.45424 246.678 79.0604 76.3784 2.68199 49.9259 43.2939 28.4952
internal_count=301156 296341 273368 22973 20992 7125 2823 4302 1583 1092 214535 103751 110784 38272 35294 27259 68457 27507 72512 39293 10565 11678 727 28728 9936 9522 414 6457 5468 3612
cat_boundaries=0 2 4 6 8 10 12
cat_threshold=1126716802 531557 1658931886 407177 1673085472 492606 2564955190 743233 3723784395 4360835 537395216 869376
is_linear=0
shrinkage=0.1


Tree=119
num_leaves=31
num_cat=2
split_feature=156 157 237 237 170 72 137 10 207 102 156 144 227 60 72 11 74 85 215 86 139 60 68 170 181 11 203 148 125 117
split_gain=2.1393 3.26879 2.24544 2.21171 1.97995 2.08551 1.95927 2.68479 1.88152 2.05986 1.90231 3.66181 3.02535 2.66184 2.27421 2.03792 2.00697 1.92435 2.45003 2.08061 1.91857 2.00427 1.8119 1.80702 1.73762 1.72829 1.71067 2.16656 2.01389 2.15521
threshold=0.44023808836936956 0.60335811972618114 0 1 0.56587073206901561 0.049342639744281776 0.054229674860835082 302.50000000000006 -0.17993953824043271 0.051217500120401389 0.18237251043319705 -0.030054380185902115 -0.0071874582208693019 1.0000000180025095e-35 0.049342639744281776 0.011184378061443569 0.3121218234300614 63.500000000000007 0.10292828455567361 -0.52371230721473683 -0.0083712749183177931 1.0000000180025095e-35 41.406183242797859 0.5340806543827058 0.0036935849348083143 0.019896114245057109 -0.097096599638462053 0.037780757993459708 -0.0014867995632812379 0.050880637019872672
decision_type=2 2 9 9 2 2 2 10 2 2 2 2 2 2 2 10 2 2 2 2 2 2 2 2 2 8 2 2 2 2
left_child=1 2 -1 6 -4 -6 -3 -8 9 -5 11 12 -10 14 -14 16 -13 18 -12 20 -20 -22 -2 -24 -17 -19 27 -27 -28 -30
right_child=22 3 4 8 5 -7 7 -9 10 -11 17 15 13 -15 -16 24 -18 25 19 -21 21 -23 23 -25 -26 26 28 -29 29 -31
leaf_value=-0.0047563591891149302 -0.0088028475362216148 -0.0031225570594820068 0.0058126747302146582 0.10685786466572011 0.00078929888809350045 -0.04284736794463178 0.039926362497909859 -0.17050914959352725 0.047593409405539785 -0.050033255654506607 0.022837278417102994 0.024838835122706807 0.025578540854110401 -0.23124779521413805 -0.20181318558768188 0.034048988437679173 -0.1130497148838316 0.022452149521503845 -0.08808094167919224 0.12359054652212667 0.027580555101909012 -0.07994122918754426 0.10290462145590276 -0.011561665515434003 0.087483223413990507 -0.058455401782961713 0.019298667699332608 0.1560807191078111 -0.0091351705462597958 -0.09995582689074009
leaf_weight=585.98260305898066 260.63658843543999 65.906741551676532 523.43891582465949 4.0741499241848933 28.983154218974505 17.605154154752199 0.96854784914466963 1.6209249180974437 2.2629070645416505 1.0531606045842634 119.85170932569599 6.9647291051860503 1.5480192730465199 1.0803538476029646 0.6143876176138291 11.823895736248234 1.2441231807024449 26.857068667610292 4.1964759881302589 0.90987385215703298 5.7270231431793928 2.4862925971465302 2.9293580240373549 2.6060644082645013 12.5402780674558 8.8480854537265223 28.278007633918605 0.49717876606155265 42.154263956988871 2.785549396678106
leaf_count=125179 21699 3279 116375 144 12194 7740 118 58 88 48 5577 484 45 53 27 340 77 2392 233 26 246 126 345 349 322 452 1109 10 1725 178
internal_value=0 0.00212258 -0.000452925 0.0105261 0.00398451 -0.0157005 -0.00565007 -0.0917994 0.0141071 0.0746321 0.013504 0.0342837 -0.041144 -0.103068 -0.0390285 0.0470329 0.00394062 0.0102423 0.0183155 -0.0223715 -0.0330733 -0.00496789 -0.00760046 0.0490142 0.0615517 0.000416652 -0.00675131 -0.0470418 -0.00160877 -0.0147646
internal_weight=0 1510.3 1156.01 354.294 570.027 46.5883 68.4962 2.58947 285.798 5.12731 280.67 38.0787 5.50567 3.24276 2.16241 32.573 8.20885 242.592 133.171 13.3197 12.4098 8.21332 266.172 5.53542 24.3642 109.42 82.5631 9.34526 73.2178 44.9398
internal_count=301038 278645 261488 17157 136309 19934 3455 176 13702 192 13510 1436 213 125 72 1223 561 12074 6208 631 605 372 22393 694 662 5866 3474 462 3012 1903
cat_boundaries=0 2 4
cat_threshold=2320750937 866186 4026531847 4237360
is_linear=0
shrinkage=0.1


Tree=120
num_leaves=31
num_cat=1
split_feature=237 126 204 204 126 204 126 218 140 201 151 233 11 9 209 176 72 3 170 157 12 157 163 156 11 170 132 130 138 211
split_gain=1.87169 2.08097 2.93144 2.15451 5.7418 3.84203 3.07328 2.32727 2.22765 3.63041 2.02144 1.95045 2.0529 1.9642 2.00175 1.92107 1.90376 2.85863 1.82349 2.31848 1.94613 3.68072 2.09697 1.9431 1.92563 1.85512 2.20505 1.78138 1.77415 1.7384
threshold=0 0.012152204290032389 -0.090910736471414552 -0.038430470973253243 -0.021623361855745312 -0.14773856103420255 -0.0091543337330222112 0.025145905092358593 0.0015993665438145401 -0.029732177965342995 0.030590423382818702 -0.0082012647762894613 0.040134226903319366 1.0000000180025095e-35 0.10439734533429147 -0.041719973087310784 0.068729333579540267 0.22611077129840854 0.49566511809825903 0.65611082315444957 224.50000000000003 0.49688294529914862 0.40658943355083471 0.5317540466785432 0.014846652746200563 0.45127125084400183 -0.0053890070412307969 -0.016551561653614041 0.0069753623101860293 -0.11566574126482008
decision_type=9 2 2 2 2 2 2 2 2 2 2 2 8 8 2 2 2 10 2 2 8 2 2 2 10 2 2 2 2 2
left_child=1 3 -3 4 7 10 -5 -1 9 -9 28 -4 -13 -14 -15 -10 17 -7 20 23 21 24 -22 -20 -2 26 -23 -19 -6 -21
right_child=18 2 11 6 5 16 -8 8 15 -11 -12 12 13 14 -16 -17 -18 27 19 29 22 25 -24 -25 -26 -27 -28 -29 -30 -31
leaf_value=0.0060719821765136874 -0.047875959384609729 -0.04505064051692504 -0.0053824918410377582 -0.018369420016984255 -0.13376635779822613 -0.032209337647424501 0.00081447600621789183 0.049240664892850651 -0.011777959086930846 -0.04278057839252785 0.039270615505109019 0.0074571437349154951 -0.030398125230498309 0.051461528460424046 -0.12003034788894613 0.073808161153546784 0.015171819130943481 0.071396923115513114 -0.0013073615664464643 0.068343295646014546 0.004631051921271472 0.018804280652930522 -0.067673196467864877 -0.024759078291187772 0.0063661941196233134 0.023916089563653559 0.09007876182460188 -0.014244545014104977 -0.032932175856758401 0.010574788797868495
leaf_weight=56.993935467228312 7.7616083012026129 10.276492495599539 50.555029311179169 226.46052682036952 4.989348425177921 40.193261735709712 132.29060596768568 10.66100400096366 3.0964293443466913 7.1710629636327203 1.2366076845337373 55.490841956033364 3.6430220213560451 28.883465749038809 0.69707600811852799 17.139820996975686 21.464182045108828 4.8191407134108886 541.58748186064804 5.5234652664512387 296.21275227160731 7.3052131694948939 4.0661726942016676 37.79584349630386 41.749311846773253 52.093959290729799 10.695895944940274 4.8966239490073331 2.683362541659335 91.546992010946269
leaf_count=7739 15375 2614 8122 33962 969 5620 17528 699 512 1253 187 6850 770 2556 179 1164 2953 771 119075 110 21613 857 3656 5155 24856 9769 974 1015 802 3396
internal_value=0 -0.00387881 0.00649101 -0.00685497 0.00222983 -0.0174613 -0.0112953 0.0188595 0.0380044 0.0122349 -0.0793791 0.0102942 0.0192278 0.0388873 0.0474203 0.0607123 -0.00973231 -0.0204427 0.00274714 -0.000440916 0.00794866 0.0187358 0.00365196 -0.00283723 -0.00213711 0.0334792 0.0611541 0.0282347 -0.0985018 0.0138619
internal_weight=0 683.642 149.546 534.096 175.345 80.2825 358.751 95.0623 38.0683 17.8321 8.90932 139.269 88.7144 33.2236 29.5805 20.2363 71.3732 49.909 1096.34 676.454 419.885 119.606 300.279 579.383 49.5109 70.0951 18.0011 9.71576 7.67271 97.0705
internal_count=301101 96265 21091 75174 23684 12317 51490 11367 3628 1952 1958 18477 10355 3505 2735 1676 10359 7406 204836 127736 77100 51831 25269 124230 40231 11600 1831 1786 1771 3506
cat_boundaries=0 2
cat_threshold=3248030102 4392235
is_linear=0
shrinkage=0.1


Tree=121
num_leaves=31
num_cat=0
split_feature=156 8 163 86 8 231 143 112 217 154 166 107 75 194 219 98 73 193 125 145 171 77 102 64 116 102 142 136 116 52
split_gain=1.54035 1.43455 1.51336 3.58566 3.00114 2.40582 1.63283 1.74744 1.76986 2.21698 1.51747 1.50107 2.11201 1.89864 2.59655 2.59173 1.78861 1.77292 2.34443 2.07523 1.78152 2.57912 2.57688 2.47683 2.30687 2.16622 1.76592 1.74011 1.71787 1.69038
threshold=1.0000000180025095e-35 0.29283060133457189 0.16482147574424746 -0.55180472135543812 0.031356070190668113 -0.11660461127758025 0.033706834539771087 0.08026189357042314 0.033183246850967414 0.0063604847528040418 0.57365176081657421 0.014079812914133074 0.17799539119005206 0.029533755965530876 -0.084780033677816377 0.0068906908854842195 0.10551619529724122 0.033841677010059364 0.097295701503753676 -0.0055739469826221457 -0.04926630109548568 0.067117117345333113 0.0239097448065877 2.5000000000000004 0.036112245172262199 0.012636936269700529 -0.0071307693142443887 0.014514828100800516 -0.018746302463114258 1.0000000180025095e-35
decision_type=2 10 2 2 10 2 2 2 2 2 2 2 2 2 2 2 2 2 2 2 2 2 2 2 2 2 2 2 2 2
left_child=-1 2 -2 4 5 10 -6 8 -8 -10 -4 17 13 14 -13 -16 -15 18 19 -3 -21 22 23 25 26 -22 -23 28 -25 -17
right_child=1 11 3 -5 6 -7 7 -9 9 -11 -12 12 -14 16 15 29 -18 -19 -20 20 21 24 -24 27 -26 -27 -28 -29 -30 -31
leaf_value=-0.086993736606129315 -0.00099706653304314219 0.019829721515694107 -0.055900421929200396 0.043078545785023618 -0.015483658538960993 -0.054207429116771656 -0.00074619234321971915 0.52899667467394107 0.1303261602313649 -0.079489388181900433 0.1856199775366234 0.042541427088023269 0.026123318237550743 -0.0018381505322608177 -0.043970164319376288 0.0031649127283226008 0.042230004494276545 0.026865369903072617 -0.18192553161906744 0.0039122918516809003 -0.14911104794582006 -0.03022667777944852 -0.17086812295365753 -0.20351881137261973 -0.081713546476728668 0.12070014415857017 0.088102512583782655 0.039893704149534907 -0.024861880586608365 -0.040027099463865762
leaf_weight=2.0610720607428439 1311.0929223159364 62.696254339789448 0.41389460883874807 10.123065324885827 56.120597178010939 25.587121311555165 8.6397400906425847 0.068512713154633142 2.4610656606673742 0.63316149740512617 0.70030217035673559 7.0818824080588447 22.919977897421631 37.799706084575519 29.901459071343197 39.017379312546836 12.177204575133144 52.074472207530562 0.66552834835238073 61.011737249762518 2.5782996071575348 1.9263759378336542 1.7814448438584793 0.66580050364427767 1.8462219518187337 0.33638791049452255 3.6525635486250385 3.6320016659992689 2.8084738437719352 11.801789325691969
leaf_count=22596 134624 6342 390 6738 62716 17494 7635 53 1735 877 170 1778 3124 6035 4557 4079 1784 7642 113 7474 237 197 234 86 196 16 227 236 306 1407
internal_value=0 -0.000493764 -0.00192117 -0.0134878 -0.0195394 -0.0479437 -0.00837336 0.025436 0.0224958 0.0873923 0.0959015 0.00517715 -0.00198442 -0.00666022 -0.0155167 -0.0206103 0.00889935 0.0110586 0.00532658 0.00619846 -0.00445255 -0.0309953 -0.060045 -0.0403438 0.0151796 -0.117972 0.0472441 -0.00850415 -0.0590992 -0.00686561
internal_weight=0 1772.22 1415.84 104.747 94.6244 26.7013 67.9231 11.8025 11.734 3.09423 1.1142 356.375 160.699 137.779 87.8025 80.7206 49.9769 195.676 143.601 142.936 80.2393 19.2276 11.8024 10.021 7.42516 2.91469 5.57894 7.10628 3.47427 50.8192
internal_count=301098 278502 232432 97808 91070 18054 73016 10300 10247 2612 560 46070 22764 19640 11821 10043 7819 23306 15664 15551 9209 1735 1115 881 620 253 424 628 392 5486
is_linear=0
shrinkage=0.1


Tree=122
num_leaves=31
num_cat=1
split_feature=237 170 142 138 187 5 153 112 227 144 184 86 100 149 17 186 128 166 76 149 146 156 76 131 65 86 96 222 96 160
split_gain=2.32685 1.7061 1.65651 1.50552 2.00073 1.8373 1.67612 2.07741 2.46432 2.2389 1.67643 1.9354 1.51471 1.51034 2.0421 1.80813 1.51836 1.50621 1.64191 1.48981 1.50586 1.4771 1.64811 1.45748 1.4574 1.62994 1.46071 1.71131 1.4566 1.41948
threshold=0 0.41605599224567419 -0.028375349007546898 -0.024732115678489205 -0.14052642136812207 0.091094873845577254 0.041443742811679847 -0.015033507719635962 -0.034485746175050729 0.022171216085553173 0.035410586744546897 -0.75119560956954945 -1.0000000180025095e-35 0.0020122579298913483 2.5000000000000004 0.045146280899643905 0.019764518365263942 0.7603745460510255 0.050423728302121169 -0.021206691861152645 -0.027772068046033379 0.14523021876811984 0.26120401918888098 0.033905472606420524 112.50000000000001 -0.59688934683799733 -0.12750051170587537 -0.0090656098909676058 -0.18191979080438611 2.0000000000000004
decision_type=9 2 2 2 2 10 2 2 2 2 2 2 2 2 2 2 2 2 2 2 2 2 2 2 2 2 2 2 2 2
left_child=-1 2 19 4 13 24 7 10 9 -9 11 17 -8 14 29 -15 -16 18 -7 -2 -21 22 -10 -4 -6 26 -26 -28 -23 -3
right_child=1 3 23 -5 5 6 12 8 21 -11 -12 -13 -14 15 16 -17 -18 -19 -20 20 -22 28 -24 -25 25 -27 27 -29 -30 -31
leaf_value=-0.003662550946982741 0.053582365224886047 0.088263837320149433 0.035225922583968165 0.0048337957375459706 -0.012962656132915418 -0.028092006917019005 0.10000414350801481 -0.050219807350570446 -0.08691955644962987 -0.21118664192813791 -0.019733346153157097 -0.030799586766487443 -0.17077419211856926 -0.08382508550665603 0.011290693935443259 0.030763384088676383 -0.21943363168878657 0.069477984956449343 0.06288789651304838 0.035098222303621661 -0.10745478689730402 -0.13869854543531801 0.10422288168826642 -0.10601732841493031 -0.16607380126430546 -0.20252733297233116 -0.017402462717687504 -0.14736663938310812 0.034722086696751933 -0.052203001158002263
leaf_weight=926.44933968275677 1.5175310135527977 7.1960119684054025 32.926326667266494 642.75246429025447 89.712971731592916 4.5048448202410345 2.7053193311394357 3.6764816741469977 2.8620652257263814 1.129589191808918 9.3128247117392657 4.1826104681113092 0.22366636448896215 2.5560957662019055 7.694026913014568 2.9853270930443614 0.29620602036266053 10.489065279634813 3.5442795442349961 1.056750508170808 2.4802127421353353 0.52044421404571028 0.53550115340658511 0.7471557695462242 0.86433585966369619 0.65974700549486343 9.6945430379855644 1.1314098896482399 6.9791251712849771 0.79933248037559668
leaf_count=146093 165 787 3712 119668 19363 748 265 613 1039 163 1690 492 77 598 1369 493 75 711 405 94 468 81 160 124 150 102 521 668 686 104
internal_value=0 0.00352957 0.0240793 0.00259867 -0.00564572 -0.00966855 0.00589851 0.00139318 -0.0284018 -0.0880525 0.015999 0.030645 0.0793267 0.0228953 0.0384905 -0.0220929 0.00273751 0.0445082 0.0119693 -0.0293022 -0.0648637 -0.00209349 -0.056793 0.032092 -0.0173963 -0.0496032 -0.0409729 -0.0309849 0.0226873 0.0742207
internal_weight=0 855.736 38.728 817.008 174.256 152.729 50.6658 47.7368 15.7032 4.80607 32.0336 22.7208 2.92899 21.527 15.9856 5.54142 7.99023 18.5382 8.04912 5.05449 3.53696 10.8971 3.39757 33.6735 102.063 12.35 11.6903 10.826 7.49957 7.99534
internal_count=301684 155591 4563 151028 31360 27934 7130 6788 2742 776 4046 2356 342 3426 2335 1091 1444 1864 1153 727 562 1966 1199 3836 20804 1441 1339 1189 767 891
cat_boundaries=0 2
cat_threshold=3759050639 1771429
is_linear=0
shrinkage=0.1


Tree=123
num_leaves=31
num_cat=1
split_feature=237 124 202 170 102 217 124 173 201 156 13 107 100 207 157 112 155 112 205 110 139 190 208 93 77 177 199 157 152 108
split_gain=1.98741 2.47431 5.22469 3.12991 2.10147 1.83477 1.64332 2.07538 2.20967 1.64033 2.44002 2.10166 2.29755 1.95485 1.92445 2.71872 2.09256 1.87451 2.12708 2.46103 2.56141 2.53295 2.38741 2.40887 2.67566 2.15516 2.05754 2.56434 2.40904 2.05681
threshold=0 -0.064012560993432985 0.018577530980110172 0.53663328289985668 -0.012913910206407307 0.13745517283678058 -0.064012560993432985 -0.036958310753107064 -0.01471990020945668 0.21294035762548449 0.029722279869019989 0.036092078313231475 0.0028909150278195743 -0.17993953824043271 0.54983052611351024 -0.081343308091163621 -0.041373800486326211 -0.027863360941410061 0.064161833375692381 -0.071187622845172868 -0.014072626829147337 0.094856131821870818 -0.052717633545398705 0.36546161770820623 0.16843971610069278 -0.063164666295051561 -0.034568084403872483 0.56404387950897228 0.049644889310002334 -0.1017661690711975
decision_type=9 2 2 2 2 2 2 2 2 2 8 2 2 2 2 2 2 2 2 2 2 2 2 2 2 2 2 2 2 2
left_child=6 2 3 -2 -4 -6 7 -1 -9 10 11 -8 -13 -14 -12 -16 -17 -11 26 20 -20 22 -21 24 -24 -26 27 -19 -28 -29
right_child=1 -3 4 -5 5 -7 9 8 -10 17 14 12 13 -15 15 16 -18 18 19 21 -22 -23 23 -25 25 -27 28 29 -30 -31
leaf_value=-0.016564960872590295 0.019784826416560056 0.0041857619602308814 -0.039291335912953453 -0.04772138104698067 -0.13823978167897305 0.038934262496450892 -0.020073481073274863 -0.0089933765064194888 0.052331642828482496 5.1416909358703949e-05 -0.00091731746363267735 0.030320831179938917 -0.15603729554178028 -0.0091922411384097059 0.10833829876142341 -0.080553110130456393 0.016111875247402232 -0.037285264467464552 0.085044934683903367 -0.0097912905788178194 -0.043069005100217349 -0.0012055745604008477 -0.085138388375124718 0.0068065436390888773 0.083915828019687638 -0.05115479330926892 -0.022729079587227613 -0.16341195957933385 0.024855218233044138 0.012409065449429664
leaf_weight=13.056860071393201 26.297363862885504 873.93610233908839 9.2277536185765694 9.2961347482714682 4.8995607494944116 0.66366673213269667 89.84324866765337 8.7645596751353896 17.825368735465872 141.23201287372285 176.51126866936283 21.206422222379842 0.94466081687369552 22.475249405521254 3.1377856653853078 2.2979255406025905 87.981308271177113 13.238265455434883 3.6340593495260691 12.627754554820056 2.7351306259552066 16.287695756880566 24.368353174273583 4.5875903011201435 1.7503377871689734 3.6335738512916569 100.44107054038068 0.67181530619563901 11.899899766656743 69.161678244521681
leaf_count=2785 3779 165556 2064 1774 1431 52 26158 1307 1945 12176 41281 5972 114 6064 108 158 4348 3365 164 1376 205 1070 2018 286 103 320 9136 50 1188 4225
internal_value=0 0.00291196 -0.0186046 0.00215389 -0.0685584 -0.117104 -0.00374955 0.0160851 0.0321177 -0.00476585 -0.000257188 -0.0112626 0.00647591 -0.0151154 0.00522533 0.0168318 0.0136514 -0.00925374 -0.0142122 -0.0292206 0.0300288 -0.0351864 -0.0469705 -0.0606424 -0.0710425 -0.00724263 -0.00886483 0.00306791 -0.0176886 0.0107176
internal_weight=0 924.321 50.3845 35.5935 14.791 5.56323 850.314 39.6468 26.5899 810.667 404.398 134.47 44.6263 23.4199 269.928 93.417 90.2792 406.269 265.037 69.6245 6.36919 63.2553 46.9676 34.3399 29.7523 5.38391 195.413 83.0718 112.341 69.8335
internal_count=300578 174656 9100 5553 3547 1483 125922 6037 3252 119885 84203 38308 12150 6178 45895 4614 4506 35682 23506 5542 369 5173 4103 2727 2441 423 17964 7640 10324 4275
cat_boundaries=0 2
cat_threshold=4041413570 4937261
is_linear=0
shrinkage=0.1


Tree=124
num_leaves=31
num_cat=4
split_feature=237 156 156 157 172 157 185 74 130 192 1 98 237 237 92 237 152 88 107 115 160 13 192 114 103 148 103 130 114 124
split_gain=2.48294 1.70714 1.77963 2.60476 3.59123 2.18491 2.06544 2.89047 2.356 2.7329 2.47351 2.01093 3.34262 2.03159 1.94061 2.15667 2.4477 1.90776 2.3199 2.50641 1.90328 1.90112 1.85404 3.41349 2.54771 2.50662 2.19272 2.00144 2.24217 1.7725
threshold=0 0.025751547887921337 0.12838828563690188 0.59522119164466869 -0.085956908762454973 0.53720718622207653 0.14362245053052905 0.14389234036207202 0.02050008159130812 -0.12402356043457984 0.083651401102542891 0.013164008036255838 1 2 0.89485010504722606 3 -0.018596300855278965 0.55993899703025829 0.042387187480926521 0.03754739090800286 2.0000000000000004 0.03455739654600621 -0.15661800652742383 0.026823692023754123 -0.068763960152864442 -0.026477637700736519 0.050967941060662277 -0.020192490890622136 -0.035696448758244508 0.065712474286556258
decision_type=9 2 2 2 2 2 2 2 2 2 10 2 9 9 2 9 2 2 2 2 2 10 2 2 2 2 2 2 2 2
left_child=-1 -2 3 11 -5 14 22 8 10 -10 17 13 -13 -3 15 -4 -17 -8 19 -19 -15 -21 23 24 25 -7 -26 -28 -29 -30
right_child=1 2 5 4 -6 6 7 -9 9 -11 -12 12 -14 20 -16 16 -18 18 -20 21 -22 -23 -24 -25 26 -27 27 28 29 -31
leaf_value=-0.0060313035700733661 -0.025971896387552942 0.00063978981017628303 0.015250000573948545 -0.04242736476684094 0.075358744114783049 0.052260815347141998 0.11179959009059284 0.050696439698945217 -0.18175646245237945 -0.018680717341141018 -0.038127068892518101 -0.018729349307291403 0.01042292860347321 0.03141019123644332 -0.016558341435882428 -0.10228436074020922 -0.0089953842059350836 0.0089255011785525327 0.048875470717355256 -0.032640292392599725 -0.028192371979109739 -0.2373767264163536 -0.00053922492495642085 -0.03978537485951876 0.049405898865973984 -0.14386299427432667 0.052934909520482291 0.034172006369933713 -0.071214737590081553 0.1039099377489436
leaf_weight=529.53942532396877 21.304775325565515 71.313272186780523 49.247124764682667 3.3144630065653464 11.818871850111462 1.0793918483250311 2.4534675284012328 20.643055946347886 1.1881220990762811 7.6085263847544393 7.0413023915025397 55.823880626337086 88.001239322392394 76.928619612037437 124.55531264920501 3.0288448307983336 39.380584892579463 16.199094717832853 15.483551124973017 1.1666811500872416 5.758697760582435 0.74199315738223948 567.36925035617423 8.7208277095596696 30.599259601758604 1.6445425150850486 5.8136483469879776 4.7316267317764877 6.2923144439519065 0.63640485719952256
leaf_count=66233 32918 23147 14692 295 505 72 100 1470 68 763 468 19462 20410 18277 33854 1079 11830 1510 878 126 1536 75 46928 931 1868 126 334 201 656 18
internal_value=0 0.00207635 0.00257963 0.00908958 0.0495615 0.000354536 0.00307055 0.0190473 0.00645473 -0.0407066 0.0160834 0.00703309 -0.00146969 0.0149741 -0.00843135 0.00261271 -0.0126704 0.0266733 0.0204558 -0.00384518 0.0243182 -0.112231 0.00122217 0.0180131 0.0279358 -0.0661466 0.0332668 0.005005 -0.018892 -0.0551295
internal_weight=0 1249.89 1228.58 312.959 15.1333 915.625 699.413 72.5258 51.8827 8.79665 43.0861 297.826 143.825 154.001 216.212 91.6566 42.4094 36.0448 33.5913 18.1078 82.6873 1.90867 626.887 59.518 50.7972 2.72393 48.0733 17.474 11.6603 6.92872
internal_count=300830 234597 201679 83632 800 118047 56592 5458 3988 831 3157 82832 39872 42960 61455 27601 12909 2689 2589 1711 19813 201 51134 4206 3275 198 3077 1209 875 674
cat_boundaries=0 2 4 6 8
cat_threshold=1252132224 66329 2751537192 1487078 2233266180 1729602 336635996 809090
is_linear=0
shrinkage=0.1


Tree=125
num_leaves=31
num_cat=3
split_feature=158 237 237 137 168 155 108 170 129 194 221 108 110 222 114 181 194 216 137 68 73 76 177 142 73 174 92 197 237 1
split_gain=2.04963 3.37862 3.28911 2.08947 2.06619 2.13125 2.0294 2.28863 1.91518 2.10621 2.03365 1.83314 2.36793 2.52095 1.82659 2.48553 1.83443 1.75672 1.72337 2.05972 2.68444 1.81931 2.64809 1.70058 1.66374 2.36687 2.19148 2.11509 2.01378 2.64309
threshold=0.22500000149011615 0 1 -0.031733583658933633 2.7990200519561772 -0.026996759697794911 -0.050039749592542641 0.49815694987773901 0.018402941524982456 0.16158960759639743 -0.10343456640839575 -0.016976078972220417 -0.011297205928713082 -0.15580008178949353 -0.0093770888634026033 -0.011815795209258793 0.1205313801765442 -0.1037403605878353 0.02498582657426596 37.589103698730476 0.22318007797002795 0.20389267057180407 0.021623682230710987 -1.0000000180025095e-35 0.086313325911760344 -0.17897786945104596 0.93440485000610363 0.070818416774272933 2 0.0050808819942176351
decision_type=2 9 9 2 2 2 2 2 2 2 2 2 2 2 2 2 2 2 2 2 2 2 2 2 2 2 2 2 9 10
left_child=2 18 3 4 -1 -6 7 17 11 10 -10 -5 -13 -14 15 -7 -17 -4 24 21 -21 -20 23 -23 28 -26 -27 -28 -2 -30
right_child=1 -3 6 8 5 14 -8 -9 9 -11 -12 12 13 -15 -16 16 -18 -19 19 20 -22 22 -24 -25 25 26 27 -29 29 -31
leaf_value=-0.1021229511894895 0.0067338586463646785 0.0086967814722976374 0.09520247626160333 0.0066835713118417036 -0.071073985996420549 -0.090965386565354744 0.0041844050311325457 -0.029844595606286675 0.049775104376039284 -0.096277145335653888 -0.024779025710189993 -0.034566211198723711 -0.11369761109417856 0.00028528076389899577 -0.00413953861164933 0.018451106469412119 -0.10211604065013596 -0.00037077958600179842 0.019607693132633122 -0.0040812639993504877 -0.13864895308435532 -0.072385733901579555 0.044298490890978579 -0.2788814195343588 -0.056334753471859789 -0.0032430192939632758 -0.029525209404585764 -0.14132331433058687 0.0043531954826183262 -0.018991705242468584
leaf_weight=3.5863285303166768 134.00100001118972 482.77201889687672 2.0475726504555487 94.610874502463503 8.2315436618437143 6.6713213613875268 405.07013842325114 40.453161122480651 3.9572828200625727 3.7974529672228519 48.498283232977428 33.306838381683519 1.9918279809025978 75.1117818871694 35.850059692718787 5.9385351176133536 1.6024861261212207 31.669667034249414 68.365887473921248 5.7789973142771478 1.9938919479700414 2.1255478801685967 1.8864502203105074 0.49093196648573156 13.756834254536896 56.695913593317073 7.5287660877784202 2.1828757671664789 84.019817686514671 114.71446326356909
leaf_count=1205 16818 75390 358 17890 2079 1866 76742 8654 424 784 9910 7528 373 14871 7346 1212 321 6109 8249 1235 398 252 219 90 2110 7901 1188 389 18431 10801
internal_value=0 0.00285356 -0.00396828 -0.0115712 -0.0284521 -0.0239198 0.00137123 -0.0138076 -0.00801596 -0.0243609 -0.0191546 -0.0035313 -0.0122844 -0.00265925 -0.0161664 -0.0465037 -0.00716972 0.00543317 -0.00297803 0.0103328 -0.0386004 0.0155525 -0.0460154 -0.111131 -0.00564985 -0.0185822 -0.0107615 -0.054654 -0.00253411 -0.00868505
internal_weight=0 976.313 802.395 323.155 61.8803 58.2939 479.241 74.1704 261.274 56.253 52.4556 205.021 110.41 77.1036 50.0624 14.2123 7.54102 33.7172 493.541 80.6417 7.77289 72.8688 4.50293 2.61648 412.9 80.1644 66.4076 9.71164 332.735 198.734
internal_count=301143 143471 157672 65809 14029 12824 91863 15121 51780 11118 10334 40662 22772 15244 10745 3399 1533 6467 68081 10443 1633 8810 561 342 57638 11588 9478 1577 46050 29232
cat_boundaries=0 2 4 6
cat_threshold=3200831446 820872 1092030477 2065910 276860038 525440
is_linear=0
shrinkage=0.1


Tree=126
num_leaves=31
num_cat=1
split_feature=237 63 66 171 66 210 88 123 166 143 221 155 117 121 82 125 3 80 112 152 182 119 120 88 90 157 168 131 181 212
split_gain=2.8975 2.06749 2.87296 2.77431 2.70691 2.31575 2.22564 2.17767 2.12275 2.56376 2.89865 2.53927 2.20663 2.20426 2.56561 1.98186 1.93361 2.6186 2.13176 1.98359 1.89588 2.15879 1.92533 1.88041 1.87402 1.77377 2.27512 2.22575 2.18115 1.76589
threshold=0 -0.021545131690800187 1.1292238831520083 -0.13865801692008969 3.9743776321411137 0.13706084340810779 0.70430758595466625 0.0059216246008872995 0.66839343309402477 -0.0069777173921465865 -0.044397469609975808 -0.010677519720047711 0.017966997809708122 -0.038070950657129281 0.060790836811065681 -0.002764873555861413 0.18801229447126391 0.067989215254783644 0.029681452549993995 0.045296330004930503 0.0030314264586195354 0.022126770578324798 -0.088510572910308824 0.75656849145889293 2.554999947547913 0.52189406752586376 2.9156817197799687 -0.029323768801987168 -0.20237049460411069 -0.011696732137352226
decision_type=9 2 2 2 2 2 2 2 2 2 2 2 2 2 2 2 8 2 2 2 2 2 2 2 2 2 2 2 2 2
left_child=1 2 5 23 20 6 8 -7 13 10 11 -10 16 -1 -15 -8 18 -18 -11 -19 22 -22 -3 24 -4 26 -5 -28 -27 -17
right_child=-2 4 3 25 -6 7 15 -9 9 12 -12 -13 -14 14 -16 29 17 19 -20 -21 21 -23 -24 -25 -26 28 27 -29 -30 -31
leaf_value=0.041241699836509077 0.003465714711644054 -0.08521934925773117 -0.02156653098538527 -0.074614456434207041 -0.024143618251034407 0.05573657393127604 -0.022683623323698179 -0.024982904597479542 -0.16923454924894674 0.02553078860159649 -0.11295484761887696 0.034080937534809695 0.0054692481067942908 -0.03588479979571426 0.10650691585546704 -0.01422347571329902 -0.021695976089147747 -0.14680551684164253 -0.18298380214525234 -0.021118692154888753 -0.0058155251801213607 0.022126871204507549 -0.0096994625215502273 0.025408281722568888 0.093980907452325513 -0.14180750932572359 -0.036749286307852368 0.02150498273816881 0.025933396527181459 0.031768699134571678
leaf_weight=7.7219515096389868 1046.1416897554684 3.4373105152726557 45.738478140478037 3.7756591845272842 96.572308447635805 9.634744137305459 23.332221411638784 5.1174165677839474 0.7705934982204784 4.6022453746468335 8.1370257195935647 3.0283475064807126 13.595104513032309 14.788324795056726 1.3837833312036298 13.244013735293263 5.9503753647350077 4.7574063118900085 0.54876828748547257 1.7059228791404164 70.53129658107764 45.476829135688149 188.78154224762829 12.640905727578682 1.4480686266269902 0.78169989149318908 8.7193690033982403 26.468446050983403 93.069934083243425 22.583678873678309
leaf_count=747 186684 383 7645 1983 27962 525 2665 401 32 427 819 143 1031 2790 92 1600 450 410 50 114 10073 6175 20003 2037 184 106 4221 10560 8922 2154
internal_value=0 -0.0046678 0.00109853 0.00903579 -0.00953442 -0.00975337 -0.0141374 0.0277356 -0.0266197 -0.0398744 -0.0792829 -0.00716045 -0.0247787 -0.00271311 -0.0237009 -3.0617e-06 -0.0481907 -0.0695634 0.00331648 -0.113632 -0.00495713 0.00513829 -0.0110499 -0.00884453 -0.0180206 0.0170901 -0.000845558 0.00706986 0.0245363 0.0147673
internal_weight=0 738.344 333.544 192.643 404.799 140.902 126.15 14.7522 66.9898 43.0958 11.936 3.79894 31.1598 23.8941 16.1721 59.1599 17.5647 12.4137 5.15101 6.46333 308.227 116.008 192.219 59.8275 47.1865 132.815 38.9635 35.1878 93.8516 35.8277
internal_count=301388 114704 50108 35658 64596 14450 13524 926 7105 3476 994 175 2482 3629 2882 6419 1451 974 477 524 36634 16248 20386 9866 7829 25792 16764 14781 9028 3754
cat_boundaries=0 2
cat_threshold=3087752714 4414865
is_linear=0
shrinkage=0.1


Tree=127
num_leaves=31
num_cat=1
split_feature=156 157 237 171 170 98 94 94 201 158 72 223 3 133 67 145 93 92 17 68 127 137 159 99 229 210 100 132 233 5
split_gain=1.71496 1.87016 1.87999 2.42192 2.24226 2.65719 2.28851 2.29057 2.06244 2.24126 3.25651 2.72675 2.04622 2.01628 2.31482 2.47944 1.98858 1.97406 2.32837 1.90695 2.4707 2.14342 2.13103 1.9935 3.20706 2.04259 2.86831 2.11463 2.37402 1.95056
threshold=0.46247655153274542 0.61253345012664806 0 0.52647387981414806 0.53199100494384777 -0.13112241029739377 0.21071276813745501 0.13045389950275424 -0.018873110413551327 0.45000000298023229 0.024540800601243976 0.0057384618557989606 0.25121359527111059 0.0079474058002233523 1.5813255906105044 -0.034376477822661393 0.12953764945268634 0.88006901741027843 12.500000000000002 35.012128829956062 0.056775724515318877 -0.0097137913107871992 0.76132789254188549 -0.12278347834944724 0.0058716849889606246 -0.078628405928611741 -0.10125182941555975 -0.0099663566797971708 0.096396990120410933 0.083683475852012648
decision_type=2 2 9 2 2 2 2 2 2 2 2 2 8 2 2 2 2 2 2 2 2 2 2 2 2 2 2 2 2 10
left_child=1 -1 19 4 8 12 7 13 -4 -10 11 -11 -6 -7 -15 -16 -5 -18 -19 21 23 22 -3 24 -21 27 -27 29 -29 -25
right_child=-2 2 3 16 5 6 -8 -9 9 10 -12 -13 -14 14 15 -17 17 18 -20 20 -22 -23 -24 25 -26 26 -28 28 -30 -31
leaf_value=-0.00024891893443261044 -0.0076774132340460769 -0.071788448033058644 0.05555594555731537 0.059712991108732107 -0.15854759250226891 0.019131021043289693 -0.089453099516430268 0.065801702664310513 0.030683151231020667 -0.21507014737753605 0.018220794428598221 -0.019201874418430478 0.039933139581709326 -0.049507887693717161 -0.16824732818140031 0.017174388757870113 0.01028398136829916 -0.024810908820861909 -0.17685308467405997 0.043012693063205452 0.084143862558988619 -0.067206938245135447 0.042813166481480633 0.03007020988690693 -0.1621331947440679 -0.052336962746554007 0.017218325090378545 -0.060160893503331481 -0.2657008158658023 -0.10930754985113914
leaf_weight=1223.8809885132557 232.0440886649576 2.416274025723399 25.378267323225373 4.205785051228303 1.6115554250391135 71.901572456490612 2.1686883268048396 7.9973907972380394 35.335030156045832 1.374221667851087 5.4458903183767688 1.4721470464428419 0.7664479404920711 10.537341997551268 0.75247654296254296 17.329280491401732 21.218054124215996 23.801890311078754 1.0517247698371637 1.2787232931405008 3.5216318649763698 9.2209615831379761 4.939757820655359 4.7519777108100243 1.8859931185506864 6.6954751584344185 51.776443334185387 3.956283753650494 0.65497283311560739 1.2730938370223155
leaf_count=267183 18792 128 896 137 82 3885 130 325 1036 68 159 52 38 621 79 974 1139 1283 70 66 122 353 164 152 122 331 2226 196 18 43
internal_value=0 0.00154109 0.00828769 0.012769 0.0186837 0.010014 0.012261 0.0142937 0.0328888 0.0197032 -0.0270847 -0.113767 -0.0945758 0.0101958 -0.0122528 0.00945802 -0.00611012 -0.012119 -0.0312448 -0.00394022 0.00235267 -0.03509 0.00516938 -0.00163276 -0.0792427 0.00192128 0.00925372 -0.0383879 -0.0893553 0.000619777
internal_weight=0 1548.6 324.719 232.348 182.07 113.065 110.687 108.518 69.0056 43.6273 8.29226 2.84637 2.378 100.521 28.6191 18.0818 50.2775 46.0717 24.8536 92.3716 75.7946 16.577 7.35603 72.273 3.16472 69.1082 58.4719 10.6363 4.61126 6.02507
internal_count=300870 282078 14895 10974 8345 6134 6014 5884 2211 1315 279 120 120 5559 1674 1053 2629 2492 1353 3921 3276 645 292 3154 188 2966 2557 409 214 195
cat_boundaries=0 2
cat_threshold=1922575495 4393105
is_linear=0
shrinkage=0.1


Tree=128
num_leaves=31
num_cat=4
split_feature=170 237 170 157 166 17 237 170 143 157 221 156 237 137 237 90 138 218 163 128 154 178 127 159 12 202 111 78 163 96
split_gain=1.87884 2.05704 2.09512 2.11639 2.4857 2.19711 2.05243 2.03405 1.95603 2.42901 2.15834 1.91295 2.87597 2.43723 2.64659 2.38464 2.20481 3.25215 3.32721 2.18911 2.24553 2.17719 1.94436 1.92425 1.86335 1.85728 1.79988 1.75916 1.75372 2.37321
threshold=0.57085710763931286 0 0.46534481644630438 0.49330347776412969 0.85373595356941234 28.500000000000004 1 0.49815694987773901 0.0024680288042873148 0.46464483439922338 0.038221504539251334 0.2323504984378815 2 -0.033389149233698838 3 2.4122537374496464 0.031241470947861675 0.047156587243080146 -0.90116569399833668 0.018450290895998481 1.0000000180025095e-35 -0.35645432770252222 -0.066854141652584062 1.9689497351646426 339.50000000000006 -0.0051500485278666011 0.11650745198130609 0.069204982370138182 -0.61485886573791493 -0.12750051170587537
decision_type=2 9 2 2 2 2 9 2 2 2 2 2 9 2 9 2 2 2 2 2 2 2 2 2 10 2 2 2 2 2
left_child=1 -1 8 4 7 11 -6 -4 9 -3 -10 12 16 14 15 22 26 19 -19 20 -18 -13 -14 28 -7 -22 -5 -27 29 -15
right_child=-2 2 3 5 6 24 -8 -9 10 -11 -12 21 13 23 -16 -17 17 18 -20 -21 25 -23 -24 -25 -26 27 -28 -29 -30 -31
leaf_value=-0.0049730409181541532 -0.010448012492525369 -0.0028858242725438988 -0.0070745129910524647 0.0041239006819685708 0.015780605206147946 0.015800812065085008 -0.015943528802881926 -0.041111683738982586 -0.0062477905756364149 0.0346035255742832 0.022366414661367812 -0.060435028735028151 0.084847118829054949 -0.033827159812015201 0.017265848533970458 0.076455529579271764 0.026707293857400307 -0.21363162758852045 -0.017567101010371011 0.03577992317367476 -0.024409724822548631 -0.00025598517203624102 -0.050651559496897917 0.057837835637633186 -0.2935029332723737 -0.16837694469097386 -0.060057596227768087 0.011709171359023853 0.031456852261459216 0.015152562090746178
leaf_weight=438.80197837802007 163.2564843133855 24.210478265422353 36.274363799858293 107.27581450297384 40.067262228974869 0.33719026563448906 24.965761288745853 34.026132742524169 74.635011551276875 60.398286353711228 40.755112926858601 6.0888108570397881 1.118078193780099 10.941677630529737 21.023725759639092 1.7981292299646146 3.0709078479521867 1.8692103125940778 1.6119216574934387 5.3466240420475506 3.3437836767989211 475.49370674997226 20.052122603025964 12.869371288670662 0.46113466797396541 2.5760811845029825 4.5549502041176302 0.68711525730395795 61.030717540747446 103.1591898325496
leaf_count=65400 31503 10356 23852 10290 11098 149 8471 38793 14759 4228 6856 443 76 742 2612 130 261 107 329 445 315 44750 2585 336 28 336 557 55 16042 5007
internal_value=0 0.000807701 0.00297422 0.00109596 -0.0105139 0.002956 0.00357686 -0.0235488 0.0123269 0.0238761 0.00385858 0.00311286 0.00860178 0.0149157 -0.00563006 -0.02376 -0.00351166 -0.0357539 -0.122845 -0.0155753 -0.0439468 -0.00101685 -0.0434954 0.0205168 -0.162862 -0.0767867 0.00150974 -0.130457 0.0177743 0.0104557
internal_weight=0 1618.84 1180.04 980.044 135.334 844.71 65.033 70.3005 199.999 84.6088 115.39 843.912 362.329 231.993 43.9921 22.9683 130.336 18.5056 3.48113 15.0245 9.67789 481.583 21.1702 188.001 0.798325 6.60698 111.831 3.2632 175.132 114.101
internal_count=300911 269408 204008 167809 82214 85595 19569 62645 36199 14584 21615 85418 40225 27530 5403 2791 12695 1848 436 1412 967 45193 2661 22127 177 706 10847 391 21791 5749
cat_boundaries=0 2 4 6 8
cat_threshold=178279043 721332 3762726948 1049089 1880097108 9729 2168499232 1081408
is_linear=0
shrinkage=0.1


Tree=129
num_leaves=31
num_cat=2
split_feature=12 13 237 86 228 139 141 189 101 93 204 215 98 80 161 130 123 154 199 122 95 113 233 79 101 170 237 83 145 3
split_gain=1.53067 1.54459 1.50149 1.87149 1.552 1.58777 1.53809 2.39082 1.67762 1.46746 1.71346 1.45837 1.45442 2.03443 1.87086 1.49553 1.42999 1.36136 1.54944 1.34129 1.40822 1.78504 1.63113 1.36802 1.43079 1.31404 1.65805 2.96544 1.94037 3.04216
threshold=7.5000000000000009 0.14690027385950091 0 -0.67720958590507496 0.12297461926937105 -0.011185282841324804 -0.054258080199360841 -0.045134466141462319 -0.016300763003528115 -0.13668063282966611 0.082529462873935713 0.031872179359197624 0.0040124226361513146 0.27763691544532781 4.1666669845581064 -0.078392177820205675 -0.02457801345735788 0.071976825594902052 -0.082660380750894533 -0.036943336948752396 0.082445226609706893 -0.048776011914014809 0.025117837823927406 0.16233107447624209 -0.043014140799641602 0.5227518379688264 1 28.500000000000004 0.0077373913954943427 0.33150184154510504
decision_type=8 10 9 2 2 2 2 2 2 2 2 2 2 2 2 2 2 2 2 2 2 2 2 2 2 2 9 2 2 8
left_child=-1 2 3 4 6 -6 7 16 -9 -5 -11 -10 15 17 -15 -8 -2 -14 -19 23 -21 -22 -23 24 -17 26 27 -4 -28 -30
right_child=1 -3 25 9 5 -7 12 8 11 10 -12 -13 13 14 -16 19 -18 18 -20 20 21 22 -24 -25 -26 -27 28 -29 29 -31
leaf_value=-0.070915591242683859 0.051818097812767097 0.077993906099967869 -0.00066217107305917679 0.053615406356226129 -0.12383591177140621 0.091922279926523506 -0.098757601530088723 -0.098388529306570729 0.065952453096628061 0.012510282315622678 -0.084245881030808517 -0.11284417253910933 -0.027530558509824988 -0.011972885240775709 0.081751591474453281 -0.11893049226354276 -0.16109935496893685 0.12574349494645096 -0.13965901275223508 -0.0033901752600987121 0.11508632905059175 0.042445591578274697 -0.054519892825176421 -0.095406716515174572 0.031022778262567708 -0.0028798414080948159 0.011753130485316805 -0.21535993359249456 -0.0093116456105605712 0.026620210823151726
leaf_weight=3.0574222649668163 0.3637341572211884 2.5291474439950425 512.89846210910446 7.5261460642445881 0.39785179309183183 2.3901840477501528 1.6173524612659083 1.537559189645435 2.3255037847466151 14.737409520702842 2.0898109861577714 0.56752680245517684 53.146038997718279 6.4027352399853026 3.1913393066365643 0.82724754908213105 2.3755143561938894 0.24887834906985551 1.8937676430068666 67.648290103035833 2.2367715041218608 6.0561972945497455 2.4312736309584579 2.965277511889326 2.7567485174467938 598.9141643460739 323.26685955943412 0.64413790487924316 117.48680800416423 29.473673190907448
leaf_count=27676 76 2735 69487 1216 164 195 308 363 399 2539 523 150 9748 1386 508 183 361 40 241 9098 190 1023 531 585 399 99938 47817 191 16903 6113
internal_value=0 -9.84724e-05 -0.000210158 -0.00847337 -0.012829 0.0611337 -0.0141293 -0.0593868 -0.0139818 0.0169105 0.000493913 0.0308779 -0.0119864 -0.0233049 0.0192033 -0.00350024 -0.132827 -0.0306813 -0.108831 -0.00168605 0.00194696 0.0356135 0.0146694 -0.0451608 -0.003589 0.000807989 0.00306134 -0.000913675 0.00726739 -0.00210533
internal_weight=0 1770.95 1768.42 185.733 161.38 2.78804 158.592 7.16984 4.43059 24.3534 16.8272 2.89303 151.422 64.8828 9.59407 86.5392 2.73925 55.2887 2.14265 84.9218 78.3725 10.7242 8.48747 6.54927 3.584 1582.68 983.77 513.543 470.227 146.96
internal_count=301086 273410 270675 30226 25948 359 25589 1349 912 4278 3062 549 24240 11923 1894 12317 437 10029 281 12009 10842 1744 1554 1167 582 240449 140511 69678 70833 23016
cat_boundaries=0 2 4
cat_threshold=4211329 786576 1806829652 5381898
is_linear=0
shrinkage=0.1


Tree=130
num_leaves=31
num_cat=1
split_feature=156 237 90 120 159 63 178 146 145 231 144 9 77 153 187 227 213 134 72 7 59 6 218 140 136 131 145 108 205 170
split_gain=1.62864 2.44582 1.92077 2.46501 1.99505 2.01726 1.91558 1.8573 1.76775 2.65139 2.37094 2.127 2.03645 2.01832 2.35015 2.08031 1.80757 1.7994 2.02264 1.89157 1.72747 2.24107 1.69625 3.34406 2.17235 2.6653 1.68672 1.63098 1.94469 2.85629
threshold=0.27311578392982488 0 2.3503836393356328 -0.066258694976568208 1.4881304502487185 0.6365908980369569 -0.41542993485927576 0.042295722290873534 -0.0097384224645793421 -0.032383851706981652 0.023564354516565803 0.0064412404317408809 0.051064753904938705 0.012972926720976831 -0.11682363972067832 -0.052136180922389024 -0.061529332771897309 -0.042534543201327317 0.11791443824768068 0.15815528482198718 1.0000000180025095e-35 0.081356864422559752 0.082491297274827971 0.0049701815005391845 -0.017487525008618828 -0.003999448148533701 0.001779499580152333 -0.024588145315647122 -0.043399101123213761 0.51898869872093212
decision_type=2 9 2 2 2 2 2 2 2 2 2 8 2 2 2 2 2 2 2 10 2 8 2 2 2 2 2 2 2 2
left_child=-1 2 4 -4 7 27 -5 -2 -3 13 22 12 16 14 26 -15 -12 19 -19 -16 -17 -22 -11 -24 25 -25 -10 -6 29 -29
right_child=1 8 3 6 5 -7 -8 -9 9 10 11 -13 -14 15 17 20 -18 18 -20 -21 21 -23 23 24 -26 -27 -28 28 -30 -31
leaf_value=0.0023332436123106649 -0.021009744781244122 0.0075836530444682573 -0.20853240961400196 -0.22585535495631459 0.026830652197276941 0.069331045674549605 -0.030241198967956653 0.03591271936508688 -0.0057737722928412945 -0.011415316444920588 0.082787990718456744 -0.065200275505321745 0.038062282795169211 0.029876631359458533 -0.11361263059844402 -0.044759534667322493 -0.074698975180007038 0.0060689303209971457 0.065178997026863167 0.01525686862375095 0.088841966453915372 -0.057554494424141803 -0.03329980624561403 -0.087471295996465886 0.047967413773974205 0.073664420418333085 0.072287036021803502 0.0010660194823374899 0.0049936473862336982 -0.10057745431457461
leaf_weight=1093.0259120212104 117.30998290370553 186.93323791272087 0.93817296720953791 0.5258679302460213 14.468461803206081 4.5026006826556104 10.423170656564251 6.0265956047296632 3.6571452190146365 159.80301975826205 0.86877140195974778 14.196478563510025 5.2760396948233392 8.0704151017271233 2.3629877600833415 16.392367455311618 4.5233564906920964 42.235058362606651 6.7083620149296612 2.1988992286496796 2.4592591223572517 1.8191716868750516 10.80407734530854 2.8481285843081423 19.628290985559943 1.6049579447062594 11.386252650185268 5.7999787691114744 19.66810430131591 5.2828286520234542
leaf_count=232935 10268 21632 75 63 401 138 960 443 356 18270 104 1548 597 639 327 2097 525 4131 536 180 168 257 1245 288 1479 103 713 166 512 167
internal_value=0 -0.00387543 -0.0133596 -0.0529661 -0.0114111 0.00549924 -0.0396363 -0.0182283 -0.000125904 -0.00467841 -0.0107679 -0.0398462 -0.00610678 0.00906361 0.01839 -0.0131802 -0.0493249 0.00857203 0.0141708 -0.0514956 -0.0299907 0.0265948 -0.00705413 0.0129235 0.0336616 -0.0293956 0.05331 -0.00085664 -0.0138837 -0.0473843
internal_weight=0 688.722 184.946 11.8872 173.059 49.722 10.949 123.337 503.776 316.843 219.553 24.8646 10.6682 97.2899 68.5487 28.7412 5.39213 53.5053 48.9434 4.56189 20.6708 4.27843 194.688 34.8855 24.0814 4.45309 15.0434 45.2194 30.7509 11.0828
internal_count=301323 68388 13193 1098 12095 1384 1023 10711 55195 33563 24159 2774 1226 9404 6243 3161 629 5174 4667 507 2522 425 21385 3115 1870 391 1069 1246 845 333
cat_boundaries=0 2
cat_threshold=30935259 4981050
is_linear=0
shrinkage=0.1


Tree=131
num_leaves=31
num_cat=0
split_feature=226 119 141 157 156 156 211 219 212 124 202 106 17 210 139 226 217 222 144 141 7 69 210 118 1 110 63 155 117 218
split_gain=1.93549 2.04858 2.31376 1.75573 2.27437 2.18142 2.25154 1.72234 2.8745 1.82306 2.62226 2.39529 2.10147 2.0086 3.04499 3.27775 2.20389 1.93023 2.18539 1.81239 2.70133 2.15412 1.99339 1.79947 1.74201 1.73067 1.72789 1.69798 1.68017 1.66441
threshold=0.15423259139060977 0.016592204570770267 -0.03234444931149482 0.56404387950897228 0.5317540466785432 0.39638906717300421 0.0025962614454329018 -0.003813373856246471 -0.17307849228382108 0.039891885593533523 0.033920420333743102 0.0024170374963432555 16.500000000000004 -0.026698377914726731 0.018013386055827144 0.012305783107876779 -0.0096324789337813837 0.013056232593953611 -0.013344426639378069 -0.018539950251579281 0.15411201864480975 126.97580337524415 -0.017331944778561589 0.049238983541727073 0.083651401102542891 0.02205707132816315 0.5599481761455537 -0.0065932748839259139 0.0092166243121027964 -0.1639476343989372
decision_type=2 2 2 2 2 2 2 2 2 2 2 2 2 2 2 2 2 2 2 2 10 2 2 2 10 2 2 2 2 2
left_child=3 2 -2 4 -1 7 -7 29 -9 13 11 24 -12 26 19 16 25 -17 -19 21 22 23 -21 27 -11 -16 -10 -15 -20 -5
right_child=1 -3 -4 5 -6 6 -8 8 9 10 12 -13 -14 14 15 17 -18 18 28 20 -22 -23 -24 -25 -26 -27 -28 -29 -30 -31
leaf_value=-0.0026362684621529667 0.065596789759723162 0.062636206651718956 -0.040793902316905717 -0.056722470589878726 -0.057236272195400041 0.0042902079713633022 -0.0127030526037354 0.094545700200131519 0.015709450776452142 0.0064220425427546374 0.01150550418061979 -0.082193710879075718 -0.19581336476232447 -0.057690973326809274 -0.15847687160545271 0.039860558653892549 -0.028413095262363148 -0.11195807897285737 0.041044868399867339 -0.090825105292261371 0.031735101370511817 -0.085321984496834882 0.00071147230052452431 0.082161500978849528 -0.10185269651085267 -0.061715360509548858 -0.053315339273651022 0.0042027256195345392 -0.083206768376606954 0.013693045508874471
leaf_weight=871.33041045203004 3.1719658442361833 10.205803007059329 5.7490980119000614 3.4005928693150045 7.6965484276706766 169.57169898934262 144.33575318764269 3.3077123484399626 114.6692199184763 8.6174159401171 19.488529268843198 9.2407993785254785 0.50151068571722035 6.463903453466636 2.7183951618717401 8.3721209605973836 14.349583879244165 2.2684840027504833 3.7827382382274655 2.508223897755669 37.387059112072166 4.0653148825385861 46.193354212984559 2.089006041389438 1.7955373699805921 5.7760700514845666 3.745105895704909 14.103144520960996 1.5278737269272822 260.51520243380673
leaf_count=236731 552 1816 1912 155 2098 11211 9896 94 7140 634 959 733 35 714 198 620 831 191 218 294 1826 488 3365 96 150 427 337 1135 163 15993
internal_value=0 0.0320385 -0.00296572 5.63467e-05 -0.00311433 0.00318514 -0.00352335 0.0068355 0.00181792 0.000827436 -0.0191972 -0.0451351 0.00630428 0.00376742 -0.00385502 -0.0280219 -0.0523108 0.0067628 -0.0297981 0.00445595 0.0115176 -0.0182948 -0.00400284 -0.0062677 -0.0122481 -0.0926809 0.0135264 -0.0152495 0.00529742 0.0127857
internal_weight=0 19.1269 8.92106 1769.82 879.027 890.794 313.907 576.887 312.971 309.663 39.6438 19.6538 19.99 270.02 151.605 38.7953 22.844 15.9512 7.5791 112.81 86.0886 26.7214 48.7016 22.6561 10.413 8.49447 118.414 20.567 5.31061 263.916
internal_count=301012 4280 2464 296732 238829 57903 21107 36796 20648 20554 2511 1517 994 18043 10566 2648 1456 1192 572 7918 5485 2433 3659 1945 784 625 7477 1849 381 16148
is_linear=0
shrinkage=0.1


Tree=132
num_leaves=31
num_cat=1
split_feature=157 170 156 228 17 92 123 0 157 156 151 186 6 127 104 96 119 156 234 168 157 92 157 186 175 160 176 216 231 140
split_gain=1.67463 2.18769 2.10057 2.74993 2.10222 2.15257 1.85711 1.9014 1.73025 2.62105 1.6899 2.35185 2.23426 2.18152 3.4428 1.67519 1.82714 1.66187 2.80581 1.99235 2.10431 3.03497 1.94407 1.87582 1.8078 2.08301 2.08027 2.02473 1.82821 2.22426
threshold=0.36989766359329229 0.41605599224567419 0.073350071907043471 0.054573627188801772 10.500000000000002 0.7883264720439912 0.06153406389057637 0.33480826020240789 0.65611082315444957 0.20483683049678805 0.034024782478809364 -0.10781272128224371 0.104491263628006 -0.038741845637559884 -0.029699787497520443 -0.040272222831845277 -0.062208520248532288 0.21294035762548449 0 2.871711373329163 0.55442294478416454 0.90024566650390636 0.54983052611351024 0.055349625647068031 0.013069680426269771 1.0000000000000002 0.36055700480937963 0.055961789563298232 0.029729944653809074 0.029572625644505027
decision_type=2 2 2 2 2 2 2 8 2 2 2 2 8 2 2 2 2 2 1 2 2 2 2 2 2 2 2 2 2 2
left_child=-1 2 -2 4 6 -6 7 -4 17 -10 12 -12 13 14 -11 -15 -17 19 -19 -3 21 22 24 -23 25 26 28 -26 29 -21
right_child=1 8 3 -5 5 -7 -8 -9 9 10 11 -13 -14 15 -16 16 -18 18 -20 20 -22 23 -24 -25 27 -27 -28 -29 -30 -31
leaf_value=-0.029796456146925606 0.060134777734706824 -0.015023886255103794 0.024785208286929136 0.068011466505232904 0.14006727120795989 -0.11655581957174177 -0.1178911688595492 -0.021715893816803111 0.071111620702613537 -0.12327479729760404 -0.087694151732078146 0.057805096366037083 -0.0054713195479818514 0.0087451184727648183 0.016734669866530529 -0.091441278837616602 0.04136735191147544 -0.0010059438996346801 -0.014794972029168236 0.0066709845905845366 0.010443905720035991 -0.01339066929778669 -0.041230083335161025 0.0048515162955842552 0.03208009463207856 -0.01068845222012694 0.091552685567833747 -0.032422467772972981 0.026929029859884403 -0.0478649154026419
leaf_weight=19.422971912181765 10.012603372270858 72.820879376407447 27.912192306806901 7.0801347263986818 0.37701997184194569 2.4569315036897024 1.1654109834198596 12.837334673829899 6.1819177576071516 2.8760511259679333 1.2435460371634679 10.417744368976853 128.10422919742268 59.555512557410111 4.5109482522930184 1.0712591998599226 31.384757896114024 418.83073341790532 223.79792938704304 62.660340708994227 222.37573423498634 200.42840784352757 8.0243656971306319 78.425101553865261 46.257422779083754 62.232557009759375 3.1992706309488304 5.4386346713267804 39.784473228090974 8.4921459274746649
leaf_count=24181 1267 20185 2483 661 14 317 130 922 177 221 62 307 4496 2905 188 50 1233 60286 22833 19837 13820 48383 782 22536 12480 23180 550 3289 10573 2935
internal_value=0 -0.000271778 0.0182032 0.0101027 0.000940406 -0.0824155 0.00657626 0.010136 -0.000944599 0.00682288 0.00516114 0.0422892 0.00325804 0.0145084 -0.0377766 0.018706 0.0369838 -0.00225638 -0.00605391 0.000755934 0.00231442 -0.00119626 0.00714723 -0.00826021 0.00884936 0.00402917 0.0120539 0.0252942 0.00976129 0.000162051
internal_weight=0 1759.96 61.8416 51.829 44.7489 2.83395 41.9149 40.7495 1698.11 245.346 239.164 11.6613 227.503 99.3985 7.387 92.0115 32.456 1452.77 642.629 810.139 737.318 514.943 236.089 278.854 228.065 176.369 114.136 51.6961 110.937 71.1525
internal_count=301283 277102 5794 4527 3866 331 3535 3405 271308 9639 9462 369 9093 4597 409 4188 1283 261669 83119 178550 158365 144545 73626 70919 72844 57075 33895 15769 33345 22772
cat_boundaries=0 1
cat_threshold=2833
is_linear=0
shrinkage=0.1


Tree=133
num_leaves=31
num_cat=3
split_feature=180 237 237 102 127 183 201 237 156 154 209 183 90 17 92 66 112 190 86 176 94 102 153 179 86 200 43 80 12 172
split_gain=2.03272 4.48301 2.32068 2.25663 2.17136 2.00242 2.06481 2.1442 1.96088 2.17335 2.26367 2.21109 2.08982 1.89993 1.87833 2.60326 1.83314 3.10088 2.06296 1.77671 2.50934 1.87992 1.84724 2.05085 1.7766 2.22399 2.18537 2.47464 2.24325 2.87981
threshold=0.048395229503512389 0 1 -0.040499409660696976 -0.012049950659275053 -0.010596902575343846 0.10798975080251695 2 0.069136224687099471 0.035243641585111625 0.019162426702678207 0.079640999436378493 1.9196773767471316 26.500000000000004 0.90024566650390636 3.430221796035767 -0.0028742435388267036 0.074021831154823317 -1.2203360199928281 -0.13692046701908109 -0.11409469693899153 -0.0024366205325350161 0.031397879123687751 -0.01903300546109676 -0.79788756370544422 -0.19434064626693723 1.0000000180025095e-35 0.029857398010790352 289.50000000000006 0.15477552264928821
decision_type=2 9 9 2 2 2 2 9 2 2 2 2 2 2 2 2 2 2 2 2 2 2 2 2 2 2 2 2 10 2
left_child=2 3 8 14 5 -4 7 -7 12 10 13 -11 -1 16 15 -2 17 19 -18 20 21 -10 -21 -24 25 -20 28 -28 -26 -30
right_child=1 -3 4 -5 -6 6 -8 -9 9 11 -12 -13 -14 -15 -16 -17 18 -19 24 22 -22 -23 23 -25 26 -27 27 -29 29 -31
leaf_value=-0.0060107004032586659 0.026348007727867159 -0.013034136473040898 0.026623323679863573 0.0095890740511308369 0.0030481014859621213 -0.0070627941943588821 -0.029680566863976174 0.019107917619484979 0.0011743604533481422 0.0033806656128111479 0.001746932857998016 0.054437568394708917 0.031216980331240114 -0.23721951928078863 -0.035111035167968284 -0.043620956324414623 -0.13104794641273795 -0.054163951989497673 0.058999429949502274 -0.012569758692408554 0.051645505830415744 -0.18015322113292653 -0.073289947956427168 0.041092424629010416 -0.02414886551970714 -0.018294777418861104 -0.11624423492660751 0.03356326739269163 -0.058663479018179226 -0.16944597477874643
leaf_weight=28.112281631727456 17.110233837003765 270.73082356637042 85.956054715883965 215.2075898648327 575.41412413992248 43.793202155224208 13.645426096857589 86.093406201178368 1.7912352087805632 48.39287184818204 128.70119748062734 10.284614200914801 32.525478522861704 0.38501349371472215 22.889606714655201 7.7152239838337655 1.8651008467695636 12.674206158390005 4.1634107644349561 81.663265912882707 11.393359991619944 0.83983035330675093 1.7954289774643264 12.349046160202303 12.398707220241706 35.153508261434581 1.3465855723079574 6.0874558120249276 10.780666531994937 2.9993319874629369
leaf_count=12873 2952 53822 17281 31874 95946 8355 2118 12353 95 4792 14095 906 12150 73 4699 2978 258 3689 157 9035 607 44 343 1039 2735 4545 137 508 333 106
internal_value=0 -0.00428151 0.00309037 0.00503527 0.00625053 0.0145526 0.00732387 0.0112114 -0.00269636 -0.00538899 -0.00857441 0.0123296 0.0139578 -0.015294 -0.0144483 0.00460314 -0.0148609 -0.0073293 -0.027197 -0.00192476 0.0313183 -0.056705 -0.00679091 0.0265733 -0.0245411 -0.0101098 -0.0414215 0.00642747 -0.0550092 -0.0827762
internal_weight=0 533.653 1250.6 262.923 804.902 229.488 143.532 129.887 445.703 385.065 326.387 58.6775 60.6378 197.686 47.7151 24.8255 197.301 122.506 74.7948 109.832 14.0244 2.63107 95.8077 14.1445 72.9297 39.3169 33.6127 7.43404 26.1787 13.78
internal_count=300898 96325 204573 42503 136053 40107 22826 20708 68520 43497 37799 5698 25023 23704 10629 5930 23631 14852 8779 11163 746 139 10417 1382 8521 4702 3819 645 3174 439
cat_boundaries=0 2 4 6
cat_threshold=1849825174 1186581 1658984983 4347429 421126208 98384
is_linear=0
shrinkage=0.1


Tree=134
num_leaves=31
num_cat=2
split_feature=160 237 152 230 147 136 187 188 126 109 188 147 88 118 233 237 157 128 113 152 230 11 199 211 123 219 64 98 65 136
split_gain=1.86055 1.646 2.30331 1.88041 2.10544 1.87633 2.19155 1.8002 1.7472 1.72767 1.59738 1.58647 1.56255 1.4783 1.47806 1.46941 2.00871 2.12507 2.50906 1.89142 2.90747 2.34028 2.16318 2.95136 1.6745 2.3362 1.9159 1.66335 1.77735 1.94573
threshold=1.0000000000000002 0 -0.007102913921698927 -0.0097891953773796541 0.022055791690945629 -0.012272322550415991 -0.043639192357659333 0.027467705309391025 0.019068990834057335 0.04436935484409333 0.0087543642148375529 0.0488017424941063 0.81454268097877514 -0.035956749692559235 -0.064954951405525194 1 0.68493673205375682 1.0000000180025095e-35 0.031775981187820442 -0.011814476456493138 0.0081624016165733355 0.0073450077325105676 -0.047716118395328515 0.0315057821571827 0.056769600138068206 0.027867932803928856 2.5000000000000004 0.013164008036255838 3.5000000000000004 0.0017980153788812461
decision_type=2 9 2 2 2 2 2 2 2 2 2 2 2 2 2 9 2 2 2 2 2 8 2 2 2 2 2 2 2 2
left_child=15 2 3 10 8 7 9 12 14 -7 -2 -8 -4 -9 -5 -1 19 -18 24 20 -17 -22 -23 -24 25 27 -27 -19 -29 -30
right_child=1 -3 5 4 -6 6 11 13 -10 -11 -12 -13 -14 -15 -16 16 17 18 -20 -21 21 22 23 -25 -26 26 -28 28 29 -31
leaf_value=-0.0024692469572916574 0.019691387980300824 -0.0079414882825024746 0.037563882308770224 -0.14999829119281133 -0.096048799709301594 -0.016810931326038274 -0.0011911263151823013 0.060325594268039753 -0.062226864115968908 -0.07152674204481034 0.082698951327242073 0.060584524290406533 -0.11233570543928575 -0.027742911580697249 0.036320447724030216 0.0073016987630806583 0.054039172523530181 -0.13227478483541361 0.048883281882614073 0.0057463010611495504 0.060747850791888026 -0.075315801113371605 0.0045341239267164936 -0.071554470312743867 0.092462834451296522 -0.074599321283982306 0.054826791113766815 0.057358003288276727 0.023424839704915126 -0.21174218860568428
leaf_weight=430.06201433898468 7.9956701108017141 452.15255672788317 24.871927059104113 0.44027336668114081 1.8747229542941557 40.249867002381961 98.183856652507302 2.3145873861558348 2.4155982158472389 6.7366524315602865 8.0997098597226778 4.3409535263963326 0.71539737083276023 10.797012169849038 12.928941265027333 40.954199949198482 16.750247281430347 2.9106569244031579 8.1031752090857463 558.86814556522313 2.5516377943586113 10.861622044852082 15.132420533402184 7.6876035397208389 1.1364251034246979 1.6876152102777267 3.5490185405360535 1.3637596217049579 0.65635946998372652 0.75829243031330407
leaf_count=61871 1055 92020 3715 189 423 6527 14171 471 440 1469 1001 563 212 2537 1626 7685 520 112 152 97509 1652 1598 2180 1168 25 52 87 50 18 25
internal_value=0 -0.00458105 0.00250906 0.0266761 0.00414307 -0.0016919 -0.00677168 0.0179336 0.0160426 -0.0246558 0.0513988 0.00142449 0.0333728 -0.0121962 0.0301846 0.00208733 0.00496217 0.0277138 0.00584677 0.00371971 -0.0109536 -0.0315874 -0.0385825 -0.0210986 -0.0230646 -0.035081 0.0131165 -0.0794456 -0.0241018 -0.102631
internal_weight=0 674.118 221.965 33.7549 17.6595 188.21 149.511 38.6989 15.7848 46.9865 16.0954 102.525 25.5873 13.1116 13.3692 1103.03 672.971 36.9155 20.1653 636.056 77.1875 36.2333 33.6816 22.82 12.0621 10.9257 5.23663 5.68907 2.77841 1.41465
internal_count=301123 126419 34399 4734 2678 29665 22730 6935 2255 7996 2056 14734 3927 3008 1815 174704 112833 1041 521 111792 14283 6598 4946 3348 369 344 139 205 93 43
cat_boundaries=0 2 4
cat_threshold=3373337313 136353 3378662071 4273352
is_linear=0
shrinkage=0.1


Tree=135
num_leaves=31
num_cat=3
split_feature=237 156 106 151 232 88 211 63 198 157 76 217 1 206 106 237 67 229 237 144 164 128 175 198 166 4 106 138 13 120
split_gain=1.48132 1.51737 2.25199 2.7752 2.46808 1.94618 1.8887 1.87264 1.66152 2.20785 1.64196 1.77528 1.69752 1.67021 1.63378 3.5007 2.05071 1.78365 1.71063 2.18439 2.3183 1.67443 1.6055 1.86685 1.75789 1.57181 1.55099 1.54468 1.54003 1.59193
threshold=0 0.3656191378831864 -0.075525000691413866 -0.0082143149338662607 -0.093139603734016405 0.63974416255950939 -0.060759663581848138 -0.12869297713041303 -0.084924869239330278 0.53720718622207653 0.020204081200063232 -0.074459485709667192 0.05052654072642327 -0.11410901695489882 0.030778452754020694 1 2.7760686874389653 0.02194100990891457 2 0.04390696436166764 4.7405652999877939 0.036645652726292617 -0.074695255607366548 -0.025549947284162041 0.99170982837677013 0.16807910054922107 0.015389847103506328 0.017501544207334522 0.054079741239547736 -0.011342579033225773
decision_type=9 2 2 2 2 2 2 2 2 2 2 2 10 2 2 9 2 2 9 2 2 2 2 2 2 10 2 2 8 2
left_child=-1 14 6 4 -4 8 27 22 -5 -10 11 -6 -13 -12 18 17 -17 -16 -2 -20 -21 -18 23 -7 -24 -19 -25 -3 29 -11
right_child=1 2 3 5 10 7 -8 -9 9 28 13 12 -14 -15 15 16 21 25 19 20 -22 -23 24 26 -26 -27 -28 -29 -30 -31
leaf_value=-0.0033875083756906145 0.001568485181554692 0.04952021717640831 0.069486062660378281 -0.018772514313240167 0.041010462090235691 -0.012557128723479397 -0.073504224732989967 0.009635992644559584 -0.06837692233532254 -0.020888422010530913 -0.1232930871352256 -0.037268448898900387 0.015557527408641242 -0.031835599360560574 -0.03606156821528906 0.012687644035768482 -0.022905745000568335 -0.0061591606689637476 0.015025258129768047 0.007130813282807508 -0.1366296598710571 -0.16373954895902113 -0.0035710409438453601 -0.16637558902297578 -0.24507535964989807 0.12770157159558143 -0.022849521683552174 -0.13251475448668396 0.092446134007413916 0.062545248321441912
leaf_weight=893.21067128282243 273.04428590101429 2.6170003694842303 3.0631308303745746 4.932227995672295 6.4059167035338751 3.4642662020924035 8.295542388453212 62.760295392125045 1.5313420305683418 3.6603327418379257 2.1275066951320687 16.453314525848331 9.6512307740922534 32.499762755349366 41.70996425740941 92.023045522403663 7.5411225913762774 20.030735465860747 241.24059538566962 2.6073631418930736 1.9687080264884569 0.95063461638528668 18.768362313090623 2.2014593850972264 0.30631781741976638 0.91736073573792865 1.1442633672158988 0.56718295974496857 7.1046369524847242 6.0946397567986379
leaf_count=146501 50708 198 413 610 461 319 787 5241 473 352 328 1893 579 3145 9321 15393 5011 4262 49684 1149 213 451 1636 317 6 379 181 75 349 472
internal_value=0 0.00236912 -0.00541593 -0.00270883 -0.0182967 0.00706431 -0.0483742 0.000301743 0.032767 0.0465892 -0.0223017 -0.00616204 -0.0177379 -0.0374548 0.00461425 -0.00411335 0.00759323 -0.0207871 0.00735893 0.0131903 -0.0547175 -0.0386718 -0.0223302 -0.0640113 -0.00744933 -0.000297121 -0.117289 0.0170952 0.0570315 0.0312387
internal_weight=0 875.683 193.649 182.169 70.2009 111.968 11.4797 88.645 23.3232 18.391 67.1377 32.5105 26.1045 34.6273 682.034 163.173 100.515 62.6581 518.861 245.817 4.57607 8.49176 25.8847 6.80999 19.0747 20.9481 3.34572 3.18418 16.8596 9.75497
internal_count=300907 154406 17835 16775 6819 9956 1060 7700 2256 1646 6406 2933 2472 3473 136571 34817 20855 13962 101754 51046 1362 5462 2459 817 1642 4641 498 273 1173 824
cat_boundaries=0 2 4 6
cat_threshold=559865494 222978 2170880 5019749 3665821961 1081484
is_linear=0
shrinkage=0.1


Tree=136
num_leaves=31
num_cat=4
split_feature=160 167 236 237 139 85 216 155 206 217 237 150 17 237 74 171 90 162 146 146 88 181 105 147 0 218 146 220 152 114
split_gain=1.76579 2.57331 1.71552 3.06065 3.79795 1.91382 4.0544 1.97271 1.83097 1.71734 1.67134 2.05776 1.58202 1.57151 1.96446 2.22863 1.96356 2.77655 1.71243 1.70369 1.69325 2.94379 2.54007 1.98449 2.2146 1.92869 1.68121 1.56959 2.31569 1.54445
threshold=1.0000000000000002 2.5000000000000004 0 1 0.035880342125892646 103.50000000000001 1.0000000180025095e-35 -0.031410355120897286 0.078597374260425582 0.027277626097202304 2 0.036297786980867393 24.000000000000004 3 0.33602151274681097 0.013266951311379673 1.729448199272156 52.769798278808601 0.016286005266010765 -0.059629172086715691 0.69107723236083995 -0.15499322861433026 -0.017916969954967495 0.033689688891172416 0.23207106441259387 -0.047674549743533128 -0.018255854956805703 0.17344507575035098 0.069893911480903639 -0.047080798074603074
decision_type=2 2 9 9 2 2 2 2 2 2 9 2 2 9 2 2 2 2 2 2 2 2 2 2 8 2 2 2 2 2
left_child=2 10 3 4 5 7 -7 8 -1 -8 11 12 -2 16 -15 -16 17 19 -17 -4 21 -19 25 24 -22 -23 -27 -18 -29 -28
right_child=1 -3 13 -5 -6 6 9 -9 -10 -11 -12 -13 -14 14 15 18 27 20 -20 -21 23 22 -24 -25 -26 26 29 28 -30 -31
leaf_value=-0.081087403326212712 -0.0065357167212720217 -0.023231125369940323 0.097614069971138362 0.015882626802287702 -0.067528739865822543 -0.14497247552823603 0.1122286382274464 0.008267954934166202 0.033268133630173245 -0.084947471445706621 0.0021154017638440551 -0.054601399894545044 -0.18462356644513245 0.0030375527070503369 0.054177369569380053 0.0099976290898700255 -0.00061525409529495528 0.10885594766373813 -0.11436315877717257 -0.044396439083998228 -0.028888324487859843 0.031391506915051985 -0.060988341426050974 0.035054049049378304 0.0078068683602545326 -0.098620359504150129 -0.11058741484950479 0.051400132327348073 -0.16211395022729375 0.0040369864673280532
leaf_weight=4.8272266206049599 228.70659016540048 63.824944076863176 0.86987338485869514 194.30284753912565 9.106895111053289 2.592155018095581 1.3019867672101098 77.163711976049399 1.9721322053974288 0.66852843693050079 370.83528664860796 9.4248091100480433 0.49990822316521999 315.87071812932754 16.318262260783744 8.3705542890220368 315.83910568084002 1.5937513174540061 1.276040713990368 29.29582933466736 25.863745894766453 7.9622245918812942 15.262715228294836 14.489116289591037 45.169857933471576 2.8758317973579315 1.36334749497382 9.3644886654237744 0.53709145907487332 8.5308640247840266
leaf_count=1018 36385 25266 111 25834 1456 303 163 11118 267 69 62395 1867 142 50428 5191 1875 50054 142 295 5891 4881 1018 2629 2365 6737 571 341 852 72 1380
internal_value=0 -0.00412714 0.00236087 0.00879524 -0.00547483 0.000290393 -0.0627836 0.00371792 -0.0479189 0.0453335 -0.00212652 -0.00845293 -0.00692413 -3.42378e-05 0.0050629 0.0316518 -0.00370079 -0.0131115 -0.00645268 -0.0403014 -0.00644928 -0.0241391 -0.0300277 0.0013257 -0.00555406 -0.00723507 -0.0313191 0.000613815 0.0398185 -0.0117574
internal_weight=0 673.292 1112.79 291.935 97.6326 88.5257 4.56267 83.9631 6.79936 1.97052 609.467 238.631 229.206 820.853 341.836 25.9649 479.018 153.277 9.6466 30.1657 123.111 37.5887 35.995 85.5227 71.0336 20.7323 12.77 325.741 9.90158 9.89421
internal_count=301116 126055 175061 40228 14394 12938 535 12403 1285 232 100789 38394 36527 134833 57789 7361 77044 26066 2170 6002 20064 6081 5939 13983 11618 3310 2292 50978 924 1721
cat_boundaries=0 1 3 5 7
cat_threshold=9 2181518320 799776 166385230 4858424 4030195873 1139690
is_linear=0
shrinkage=0.1


Tree=137
num_leaves=31
num_cat=2
split_feature=157 85 204 194 237 156 198 135 233 94 221 226 97 231 152 129 12 156 237 71 232 124 127 218 99 71 114 136 217 152
split_gain=1.48842 2.84127 2.10255 2.10041 2.02593 2.02397 2.01284 4.17125 2.54242 2.35903 2.08082 1.98257 1.94364 2.99782 2.12646 2.09581 3.05393 1.89697 1.86838 2.24708 2.89689 1.81261 1.89527 1.76939 1.7555 1.75369 1.72685 2.15724 1.70563 1.70394
threshold=0.63727831840515148 75.500000000000014 0.16974046826362613 -0.21999289840459821 0 0.3352713286876679 -0.030621624551713463 0.0017666678177192809 -0.08234871923923491 -0.063719879835844026 -0.12813929468393323 0.15423259139060977 -0.031144132837653157 -0.10592322424054144 -0.013457774184644221 -0.048607595264911645 534.50000000000011 0.46247655153274542 1 0.012270400300621988 0.048186214640736587 0.010993863455951216 0.014666924253106119 0.034652570262551315 -0.16721098870038983 0.17890835553407672 0.033474924042820937 0.010389506351202728 -0.057507157325744622 0.029514274559915069
decision_type=2 2 2 2 9 2 2 2 2 2 2 2 2 2 2 2 8 2 9 2 2 2 2 2 2 2 2 2 2 2
left_child=4 3 12 -2 17 24 7 23 9 -9 -10 29 18 -14 -15 16 -16 -1 -3 21 -21 -20 -23 -7 -5 -17 27 -12 -29 -6
right_child=1 2 -4 5 11 6 -8 8 10 -11 26 -13 13 14 15 25 -18 -19 19 20 -22 22 -24 -25 -26 -27 -28 28 -30 -31
leaf_value=-0.0033362523671329088 0.12692584647055116 0.014152367916956003 0.090987455872057296 -0.13077385001654804 0.0061049050603471395 0.023533759599462779 0.01293680618477195 -0.068617886843839904 -0.17828430051783184 0.1080639022216142 -0.026323709777699145 0.048609771560634903 0.093735822712469885 -0.22590142442435518 -0.069029468206557906 -0.026902973901887253 -0.41773971877767463 -0.022125280338793317 -0.15432227400000764 0.0072730639404049516 -0.1260599227048915 0.040438674695182183 -0.13167342272001231 -0.023786365374447116 0.026904222306094783 -0.22533598127678572 0.013451398228026771 -0.0091045371144128119 -0.11757345838832736 -0.0049489293742720876
leaf_weight=755.17357540797207 1.5552948293407087 29.006080686358473 1.9999489798792627 0.71361197683290711 401.10428367107352 31.607545979484712 121.50287487051719 1.1763784427603243 1.1791587597108506 2.1132386361932758 11.162359974645371 9.3699188981431671 1.7797790216282035 0.60215844699997134 0.9630736539402337 27.084181236023138 0.33974563470110308 57.850798416822727 2.2265227980860827 12.93076522053161 1.8644629702539521 1.526647982427676 1.1013874056225175 10.535895892109691 66.954332640591019 0.45281995277036813 4.5232597348731352 1.8643026469435424 6.5185261247424915 213.77734133176273
leaf_count=142044 90 1341 76 44 88069 1247 5043 36 60 56 615 2547 34 61 65 1338 15 7819 123 518 139 54 72 586 2245 25 217 93 365 46228
internal_value=0 0.00597002 -0.0102857 0.0110616 -0.00135897 0.0103681 0.00513125 -0.00828681 -0.0378086 0.0448819 -0.0485826 0.00291084 -0.0128213 -0.0322944 -0.0399129 -0.0360296 -0.159965 -0.00461641 -0.000325742 -0.0191528 -0.00952927 -0.0879359 -0.031692 0.0117037 0.0252414 -0.030166 -0.0422283 -0.055114 -0.0934505 0.00226179
internal_weight=0 343.284 81.8776 261.407 1437.28 259.851 192.184 70.6807 28.5372 3.28962 25.2476 624.252 79.8776 31.2218 29.442 28.8398 1.30282 813.024 48.6559 19.6498 14.7952 4.85456 2.62804 42.1434 67.6679 27.537 24.0684 19.5452 8.38283 614.882
internal_count=301265 14558 3861 10697 286707 10607 8318 3275 1442 92 1350 136844 3785 1538 1504 1443 80 149863 2247 906 657 249 126 1833 2289 1363 1290 1073 458 134297
cat_boundaries=0 2 4
cat_threshold=3691678682 5768623 212500741 5259274
is_linear=0
shrinkage=0.1


Tree=138
num_leaves=31
num_cat=0
split_feature=157 170 17 80 12 141 138 147 128 157 195 118 121 67 106 90 79 10 69 186 58 126 0 135 98 4 158 222 119 170
split_gain=1.48143 1.45019 1.96141 1.5408 1.38073 1.28299 1.18879 1.22316 1.09819 1.0767 2.17064 2.25464 1.95562 2.41991 2.18323 2.12247 2.07582 1.85451 1.77829 1.64323 1.8955 1.60181 1.73567 1.54732 2.22921 2.02515 2.29987 1.52805 1.59285 1.51668
threshold=0.33195337653160101 0.61243727803230297 21.500000000000004 0.20530383288860324 5.5000000000000009 -0.062484363093972199 0.017501544207334522 -0.00075819817720912386 0.0082105197943747061 0.68493673205375682 0.17240267246961596 0.033043581992387779 -0.0039408531738445154 5.5698487758636483 -0.0025985635584220286 2.5045454502105717 0.4403389841318131 189.00000000000003 127.04441070556642 0.11110916361212732 1.0000000180025095e-35 -0.023130238987505432 0.23207106441259387 0.0083616105839610117 0.037371084094047553 0.080759916454553618 1.0000000180025095e-35 0.088484913110733046 -0.030139887705445286 0.5484067201614381
decision_type=2 2 2 2 8 2 2 2 2 2 2 2 2 2 2 2 2 8 2 2 2 2 10 2 2 8 2 2 2 2
left_child=-1 4 3 5 -2 -3 -7 -8 -9 29 12 -12 14 -14 15 27 18 -15 19 23 -21 -18 -23 -16 25 26 -25 -11 -29 -6
right_child=1 2 -4 -5 9 6 7 8 -10 10 11 -13 13 17 16 -17 21 -19 -20 20 -22 22 -24 24 -26 -27 -28 28 -30 -31
leaf_value=-0.046087833052178277 -0.080831762101829796 0.16368967057889319 0.15079634073299322 0.029553822837061761 0.00098011191547931441 -0.088800721213844538 -0.10038961699985496 0.084897276472205505 -0.054097339972182683 0.019899594310562731 0.020850670903829555 0.12557026887926279 0.022189499717503114 -0.01063834241308253 0.015454949142258104 -0.1496737559343701 -0.18458959540263006 -0.2417812407297987 -0.17206337874391642 -0.21334805023039066 0.028594187147354816 -0.11245386877589542 0.042807633889538899 0.068707444089591382 -0.09734356419144935 0.056788996819459571 -0.091928524517756363 -0.19440507170637253 -0.018156553106049488 -0.0073825991864862849
leaf_weight=6.992752022882768 2.0962097094716219 0.25457228785035013 0.55729935230010674 2.4992122978992493 1358.8771902459184 6.5296020850710139 1.1579769966901952 1.3286055685857721 0.99349963236090832 35.35088724776142 6.2169520090101269 3.0718962361715967 57.45956214920443 0.80626379905152012 15.165808460238631 0.81296329229371522 1.2558916071138808 0.60951856512110691 0.70228744208725302 0.82393999584019073 0.53348167485091835 1.7912548016756766 1.2039565970189867 1.2382386224053314 3.6806122728012269 3.2808807303663343 3.180904770444613 0.6195602375082675 2.9750143369892603 258.05388767308386
leaf_count=9614 21496 94 33 744 207652 2377 395 247 224 922 197 83 1883 100 543 18 20 31 70 41 18 43 35 31 154 110 129 20 157 53827
internal_value=0 3.02169e-05 -0.0328406 -0.0408589 0.000279031 -0.0580034 -0.0636417 -0.0164363 0.0254292 0.000375762 0.00876359 0.0554823 0.00546327 0.0190071 -0.00551782 0.0102451 -0.0245915 -0.110149 -0.014902 -0.0109465 -0.118262 -0.0897931 -0.0500449 -0.00545907 -0.033329 -0.00273009 -0.0469185 0.0135833 -0.0485347 -0.000354534
internal_weight=0 1773.13 13.3208 12.7635 1759.81 10.2643 10.0097 3.48008 2.32211 1757.71 140.78 9.28885 131.491 58.8753 72.6157 39.7584 32.8573 1.41578 28.6062 27.9039 1.35742 4.2511 2.99521 26.5464 11.3806 7.70002 4.41914 38.9455 3.59457 1616.93
internal_count=301308 291694 4114 4081 287580 3337 3243 866 471 266084 4605 280 4325 2014 2311 1117 1194 131 1096 1026 59 98 78 967 424 270 160 1099 177 261479
is_linear=0
shrinkage=0.1


Tree=139
num_leaves=31
num_cat=4
split_feature=157 237 237 198 17 163 77 13 90 144 152 237 190 73 129 111 151 163 17 220 151 106 237 151 2 189 200 76 115 166
split_gain=1.61918 2.69596 2.31326 1.97184 1.98698 1.93342 2.00083 1.97268 1.88292 2.09044 1.82023 2.34979 1.80101 1.74003 1.99588 2.0134 1.89851 1.72593 1.64595 2.3561 1.98641 2.12789 1.67793 1.62819 1.63789 1.5901 1.54468 1.51835 1.49076 2.9618
threshold=0.44954396784305578 0 1 0.070097155869007124 21.500000000000004 -1.7881804108619688 0.18369714170694354 0.056131588295102126 2.0215277671813969 -0.04585494473576545 0.035421328619122512 2 0.12517427280545237 0.017392619512975219 0.0077077206224203118 0.0050693401135504254 0.01326670963317156 -0.34474112093448633 5.5000000000000009 -0.030579251237213608 -0.01181416818872094 0.069789692759513869 3 -0.020584319718182083 0.087595909833908095 -0.23132963478565213 -0.068665869534015642 0.28669276833534246 -0.046938743442296975 0.57365176081657421
decision_type=2 9 9 2 2 2 2 10 2 2 2 9 2 2 2 2 2 2 2 2 2 2 9 2 10 2 2 2 2 2
left_child=1 -1 -2 4 10 -5 8 -8 12 -10 -4 13 28 16 15 -15 23 -3 22 20 -20 -22 -11 24 -12 -6 -27 -17 29 -7
right_child=2 17 3 5 25 6 7 -9 9 18 11 -13 -14 14 -16 27 -18 -19 19 -21 21 -23 -24 -25 -26 26 -28 -29 -30 -31
leaf_value=-0.022228136753826309 -0.0026596972637794765 0.013582675553315724 -0.00022260420460047453 -0.227485085437963 0.16268700529186869 -0.075592521262492759 0.023719141280515128 0.098484115044669737 -0.099502236282119461 0.020670814329723352 -0.050750580745283318 0.019892496422939013 0.066822589972093269 0.053615621408371061 -0.05064371849672053 0.0065360870602346093 0.012453039477455137 -0.018923382411921437 0.095061983461418642 -0.074024390333175913 -0.079971573822397418 0.1234834455966996 -0.018036534753827597 -0.064278998847082811 0.056397788115350282 0.0053218047238776049 -0.13630920754410766 -0.11710467637204519 0.010133453715761943 0.068177840684216326
leaf_weight=71.471973387313255 830.36300859583389 56.398150640443873 473.03554475838746 0.32712181713213695 0.27148195184054236 1.661115692108061 10.096869759457148 5.4253249762878104 2.1865295238485478 25.432887030813621 2.9774065441279189 106.03563619770921 7.7538662921469941 10.877424627929033 4.7296585953463355 18.167831196850788 9.3189722735105516 22.993443748419622 2.0141035019787523 6.1746689492501883 2.2701285995462972 0.66454097977475601 8.8493824393426568 11.974467248232942 2.73906468414134 1.1603566044414044 2.2893763429492524 1.0506638725055371 63.876958404746809 10.429923208761464
leaf_count=53836 93815 14989 64413 117 7 728 1962 611 493 2892 548 13314 1702 1230 733 2646 1277 28413 211 1348 473 33 2550 2024 216 155 494 196 9071 587
internal_value=0 -0.00981049 0.00102045 0.00485218 0.00252908 0.0153579 0.0158989 0.049851 0.0118855 -0.00399672 0.00295212 0.011898 0.0209139 -0.004328 0.00974517 0.0192355 -0.0240758 0.00370196 0.000602385 -0.0328223 0.0185862 -0.0339002 0.0114476 -0.0433179 0.000589888 -0.0703322 -0.08867 -0.000223281 0.0162281 0.0484261
internal_weight=0 150.864 1622.15 791.791 644.628 147.163 146.836 15.5222 131.314 47.5922 640.907 167.871 83.7219 61.8355 34.8256 30.0959 27.0099 79.3916 45.4057 11.1234 4.94877 2.93467 34.2823 17.6909 5.71647 3.72121 3.44973 19.2185 75.968 12.091
internal_count=301084 97238 203846 110031 87253 22778 22661 2573 20088 8000 86597 22184 12088 8870 4805 4072 4065 43402 7507 2065 717 506 5442 2788 764 656 649 2842 10386 1315
cat_boundaries=0 2 4 6 8
cat_threshold=257813857 1593670 4034529910 249018 83911937 9028 218218753 1048832
is_linear=0
shrinkage=0.1


Tree=140
num_leaves=31
num_cat=2
split_feature=156 237 170 94 140 90 139 217 137 215 153 212 134 136 70 141 237 102 90 149 134 203 168 123 231 140 99 174 158 101
split_gain=1.35295 1.31559 1.26229 1.95377 2.18193 2.11962 1.73073 2.35388 1.92746 1.573 1.62138 1.60879 2.77452 2.30361 1.95722 2.05672 1.84121 2.1321 1.91377 1.75685 1.73354 1.91342 1.71283 2.27105 1.88868 1.84077 2.26486 1.66168 2.04004 1.60229
threshold=1.0000000180025095e-35 0 0.5227518379688264 0.079220786690711989 -0.024554030969738957 1.4275210499763491 0.034132998436689384 -0.022880627773702141 -0.042152393609285348 0.14310873299837115 0.0071920326445251712 -0.023047514259815213 0.006463841302320362 -0.014824156183749436 10.500000000000002 -0.038883103057742112 1 0.043710153549909599 2.0047169923782353 0.016726058907806877 0.007823806721717121 -0.064092162996530519 3.5324149131774907 -0.035405270755290978 0.058808881789445884 -0.019335440360009667 0.005948791280388833 -0.21521648764610288 0.45000000298023229 -0.055565422400832169
decision_type=2 9 2 2 2 2 2 2 2 2 2 2 2 2 2 2 9 2 2 2 2 2 2 2 2 2 2 2 2 2
left_child=-1 -2 9 6 5 -5 -4 -8 -9 11 -11 20 13 16 -15 -16 18 -18 -13 -19 29 -22 23 24 -14 -24 -27 28 -25 -3
right_child=1 2 3 4 -6 -7 7 8 -10 10 -12 12 22 14 15 -17 17 19 -20 -21 21 -23 25 27 -26 26 -28 -29 -30 -31
leaf_value=-0.085341742816030491 -0.0022056857649346826 0.00912342418767342 -0.00063501062735143131 0.10000393128709972 -0.026624710180277213 -0.0047136121041373739 -0.020438457987812457 -0.077222534560549769 0.063168561297153022 -0.083805120694488644 0.01880547954450508 -0.040737483006402259 -0.011535059885922587 -0.016459840840697744 -0.12681648605916029 0.028195014982136529 0.052816242333947383 0.0066236514870619476 0.012560612202464686 -0.15028191402782184 0.034464687507115302 -0.0099899519906939752 -0.029027211362812073 0.0056426131982398363 -0.15714761475981909 0.032014130273821384 -0.011772006883566244 0.03146194958099973 -0.12695274998333494 0.030439210272139406
leaf_weight=1.8429145872332799 927.08476035295507 70.407603815970106 210.07594115209849 2.7406017573375703 49.7511189942079 6.5589423602395982 6.4115443181763139 1.0571933448336501 13.042576374955384 3.8809731161672962 2.5528966220808798 11.572102479976822 5.8491611547360653 123.88471595248302 0.9045181752317174 15.93978578523638 19.355202208796985 4.1398329402636582 16.124010236904724 0.86223504896952352 12.247545885973976 46.225605731495307 16.275003226774061 9.5123929093369934 1.0507852963146431 23.461718352311436 23.793379391408962 72.348463978863947 1.3215356124237576 70.650759311328329
leaf_count=22513 127169 9910 43386 277 11649 1288 1538 271 2007 1061 831 2314 1378 21947 215 2171 2685 659 2780 169 2319 9149 2206 2730 181 2435 3101 12507 404 9865
internal_value=0 0.00038458 0.0032245 -0.00208417 -0.018314 0.0261469 0.0020721 0.0297982 0.0526421 0.00606655 -0.0430902 0.00664588 0.00252582 -0.00546309 -0.0121113 0.0198711 0.0125106 0.0267807 -0.00713312 -0.0204231 0.0137985 -0.000678666 0.0125518 0.0214196 -0.0337102 -2.21513e-05 0.0099674 0.0259926 -0.0105315 0.0197997
internal_weight=0 1769.08 841.998 289.638 59.0507 9.29954 230.587 20.5113 14.0998 552.36 6.43387 545.926 346.395 192.782 140.729 16.8443 52.0534 24.3573 27.6961 5.00207 199.532 58.4732 153.612 90.0823 6.89995 63.5301 47.2551 83.1824 10.8339 141.058
internal_count=301115 278602 151433 60416 13214 1565 47202 3816 2278 91017 1892 89125 57882 32940 24333 2386 8607 3513 5094 828 31243 11468 24942 17200 1559 7742 5536 15641 3134 19775
cat_boundaries=0 2 4
cat_threshold=2345324798 215877 607193345 6029328
is_linear=0
shrinkage=0.1


Tree=141
num_leaves=31
num_cat=3
split_feature=156 237 17 170 6 36 213 158 237 155 0 170 190 110 102 44 114 128 235 157 156 20 206 117 223 233 102 66 97 137
split_gain=1.33992 1.33354 2.02119 2.07073 1.84801 2.29582 1.7569 1.75644 1.68659 1.76082 1.78205 1.6317 1.53418 1.51326 1.59336 1.50617 1.44064 1.66724 2.21553 1.44 1.77298 1.60561 1.47334 1.41928 2.36644 1.91283 2.30257 1.8298 2.30888 1.60919
threshold=1.0000000180025095e-35 0 5.5000000000000009 0.42745165526866918 0.11554354801774026 1.0000000180025095e-35 -0.11006557196378706 0.18333333730697635 1 1.0000000180025095e-35 0.28617611527442938 0.44100475311279302 0.21045245975255969 -0.030851413495838639 -0.0024366205325350161 1.0000000180025095e-35 0.031020794063806537 0.0093926396220922487 2 0.51456367969512951 0.13367697596549991 1.0000000180025095e-35 0.1727438494563103 -0.033684769645333283 -0.02544729225337505 -0.015100568532943724 0.043710153549909599 0.28723900020122534 0.016334047541022304 -0.026138760149478909
decision_type=2 9 2 2 10 2 2 2 9 2 10 2 2 2 2 2 2 2 1 2 2 2 2 2 2 2 2 2 2 2
left_child=-1 -2 4 15 7 -6 13 11 9 -8 -11 -3 23 -5 -15 -4 17 18 -16 20 21 22 -10 24 -9 -26 -27 28 -25 -30
right_child=1 2 3 6 5 -7 8 12 19 10 -12 -13 -14 14 16 -17 -18 -19 -20 -21 -22 -23 -24 27 25 26 -28 -29 29 -31
leaf_value=-0.089088575952716284 -0.0020986444762664583 0.0238238753770776 0.075171282222014524 0.032846790791597968 0.0044016154509814338 0.038832192302684941 0.011191892502480948 0.009555539671023381 0.00029458926771243951 -0.043919830999086362 0.046674812634536052 -0.016893209807105163 0.056859250133206064 -0.076331571169864859 0.087203487051513318 -0.018722299388302478 0.07542099247191035 0.052885677387216015 -0.12503580560862401 0.021260514491288362 -0.023545519771836179 0.061300366237790997 0.19107953723621376 0.046250196235737104 -0.064333123328261577 -0.033981851687061054 0.054809034187131081 0.00052037580391602447 0.078038423278784005 -0.080342399333265743
leaf_weight=1.6741536725826325 962.47277738391631 10.812306076493767 8.019972206637247 3.6990656946936733 109.00474856925211 23.550544374465971 20.295047327146676 21.175838343283431 21.796690042999224 15.87517772238971 2.5152977203197215 109.67807970948115 4.8297290818645697 6.078747920026216 0.63047491010001977 2.1708990367478682 1.6637517832859883 1.4608549683325689 2.2368178242504633 131.8230343521127 18.210243059034838 6.2256429916769767 0.41243542214578965 17.419361558344466 12.261758964026741 11.482761615091475 3.9168721839860146 245.53149380392733 0.84305532783400883 2.6833815578247586
leaf_count=22535 130994 2145 1221 555 21353 3671 4077 3126 8983 3206 679 23769 1406 1063 78 548 253 173 440 13266 6689 2051 80 1921 2478 2229 734 41001 58 290
internal_value=0 0.000416144 0.00336571 0.0110475 0.00016628 0.0105188 0.00911701 -0.00294803 0.0114574 -0.00724433 -0.031529 -0.0132394 0.000925263 -0.0231114 -0.0402599 0.0551697 -0.00366538 -0.0340664 -0.0783676 0.0150727 0.00081667 0.0164187 0.00383757 6.85117e-05 -0.0156032 -0.0348631 -0.011398 0.00294066 0.0313118 -0.0424787
internal_weight=0 1778.78 816.304 243.114 573.19 132.555 232.923 440.635 217.154 38.6855 18.3905 120.49 320.144 15.7697 12.0706 10.1909 5.9919 4.32815 2.86729 178.468 46.645 28.4348 22.2091 315.315 48.8372 27.6614 15.3996 266.477 20.9458 3.52644
internal_count=301072 278537 147543 43362 104181 25024 41593 79157 39031 7962 3885 25914 53243 2562 2007 1769 944 691 518 31069 17803 11114 9063 51837 8567 5441 2963 43270 2269 348
cat_boundaries=0 2 3 4
cat_threshold=322998709 5197801 2687050242 2
is_linear=0
shrinkage=0.1


Tree=142
num_leaves=31
num_cat=3
split_feature=158 237 237 97 168 86 108 157 119 186 147 203 102 158 171 149 108 2 94 224 56 26 145 192 128 222 237 116 154 97
split_gain=1.62706 2.74592 2.37054 1.45973 1.82307 1.89929 1.75052 1.61578 2.00895 1.66882 1.75888 1.56836 2.33903 1.95475 1.7548 1.58406 1.56224 1.52695 2.14777 1.8422 1.75516 1.50986 1.61624 1.59342 1.44278 1.96803 1.71457 1.90812 1.56508 3.20296
threshold=0.22500000149011615 0 1 -0.057262808084487908 3.2773367166519169 -0.91503310203552235 0.030633182264864448 0.60335811972618114 -0.012264020275324581 -0.14338201284408567 -0.017561982385814186 -0.097096599638462053 0.043710153549909599 1.0000000180025095e-35 -0.1436599865555763 0.024292383342981342 0.027307239361107353 0.10432213917374612 0.15084221214056018 -0.019683781079947945 1.0000000180025095e-35 1.0000000180025095e-35 -0.047995116561651223 0.19323071837425235 0.012833151035010816 -0.073320284485816942 2 -0.045302711427211755 0.012044899165630342 -0.034029642120003693
decision_type=2 9 9 2 2 2 2 2 2 2 2 2 2 2 2 2 2 8 2 2 2 2 2 2 2 2 9 2 2 2
left_child=2 -2 3 7 5 11 16 8 17 10 -9 15 -13 14 -14 -5 21 20 19 -19 -1 22 -6 -23 25 -4 -26 -28 -29 -30
right_child=1 -3 24 4 6 -7 -8 9 -10 -11 -12 12 13 -15 -16 -17 -18 18 -20 -21 -22 23 -24 -25 26 -27 27 28 29 -31
leaf_value=0.0059037023196833035 -0.0036454686247133581 0.0070530329020672194 -0.025285695950366935 -0.053075874722409738 -0.099632669499411602 -0.01164057256440084 -0.032065349317594805 0.068943586701127546 -0.02007118643337389 0.022580738628317908 -0.13935785575099421 -0.01698774408310073 0.075434120072750022 -0.1220528104023698 -0.06770473592466901 -0.15762730862188593 0.060790307441752824 -0.057237424916687742 0.10446212883359646 0.044450915623464225 -0.093238712858391651 0.02651727810837598 -0.008152887003485201 -0.11427696358471058 -0.0034511503051889852 0.00015475780672260457 0.064215150392191819 0.024298386057591992 -0.041843607784238318 0.025502382996787632
leaf_weight=13.39040581174436 395.93157607773219 584.47446840358202 34.119122490905283 4.5068387993192109 1.9753295385476111 41.014476301331797 24.252653891126556 0.58998032384988608 52.375425376595103 32.628644882547633 1.2954964505515807 23.756039026191047 1.1798877333744711 4.6357892882078886 3.1246032471719882 2.1359497794828712 3.7765155560164194 2.6130369493166645 3.6300655524264576 5.5985810233432849 2.0604171559789384 18.754011587324616 86.687791102431902 0.83981859182676899 68.926681410824585 279.5303162349187 8.4358787009464304 53.997396853689224 12.785979622011839 15.774818750413031
leaf_count=3538 55273 88273 8358 1284 499 10302 4819 11 15103 1573 109 6479 256 1352 1024 417 504 763 619 1273 715 3132 15562 140 14441 50598 1534 8275 2314 2764
internal_value=0 0.00276726 -0.00330094 -0.00963682 -0.0147506 -0.0266975 -0.00770676 -0.000778362 -0.00860813 0.0172949 -0.0741787 -0.0423957 -0.0333958 -0.0769951 -0.0284695 -0.0866938 -0.00243368 0.0133899 0.0404084 0.0120924 -0.00731726 -0.00463924 -0.010191 0.0204826 0.00130114 -0.00261268 0.00905859 0.017041 0.0142849 -0.00464679
internal_weight=0 980.406 804.392 330.822 216.64 80.3536 136.286 114.182 79.6679 34.5141 1.88548 39.3391 32.6963 8.94028 4.30449 6.64279 112.033 27.2925 11.8417 8.21162 15.4508 108.257 88.6631 19.5938 473.57 313.649 159.921 90.9941 82.5582 28.5608
internal_count=301304 143546 157758 69474 45770 21114 24656 23704 22011 1693 120 10812 9111 2632 1280 1701 19837 6908 2655 2036 4253 19333 16061 3272 88284 58956 29328 14887 13353 5078
cat_boundaries=0 2 4 6
cat_threshold=3200784839 4203033 1634935353 4679998 2214904196 1089
is_linear=0
shrinkage=0.1


Tree=143
num_leaves=31
num_cat=2
split_feature=168 237 157 10 183 231 153 156 159 154 193 237 75 108 186 80 210 186 12 134 151 121 157 217 153 187 205 106 92 156
split_gain=1.85127 2.25021 1.63503 2.48089 2.05299 1.85888 1.87645 1.67505 1.94319 1.67702 1.61562 1.60532 1.7458 1.72515 2.1043 2.19067 2.39375 2.01535 2.00871 2.44152 2.46453 2.66599 1.91127 1.88831 1.7786 1.70019 2.86463 1.83703 2.05245 1.66161
threshold=3.0968778133392338 0 0.63727831840515148 189.00000000000003 0.022440219298005108 -0.048479273915290826 0.015978722833096985 0.5317540466785432 0.32936464250087744 0.029976103454828266 0.086532656103372588 1 0.17799539119005206 -0.010105531197041271 0.01768781524151564 0.071858864277601256 -0.011216576676815746 -0.032361706718802445 289.50000000000006 0.043533734977245338 0.030590423382818702 0.051223250105977065 0.48979891836643225 -0.022880627773702141 0.044574752449989326 0.085136372596025481 -0.021989624947309491 1.0000000180025095e-35 0.88934338092803966 0.093121796846389784
decision_type=2 9 2 8 2 2 2 2 2 2 2 9 2 2 2 2 2 2 10 2 2 2 2 2 2 2 2 2 2 2
left_child=1 -1 7 4 -4 6 -5 11 -9 -10 -11 13 -13 17 -15 16 -16 18 23 20 -20 22 -22 -2 25 26 -25 -28 -29 -17
right_child=2 -3 3 5 -6 -7 -8 8 9 10 -12 12 -14 14 15 29 -18 -19 19 -21 21 -23 -24 24 -26 -27 27 28 -30 -31
leaf_value=0.0025071377158363112 0.042626249244260318 -0.013762714632472479 0.062748767744785161 0.038557110260341025 0.0077949288623712382 0.0012770209271752398 -0.024304769662124696 -0.060223467050093266 0.006604833723799085 -0.084174987712620664 0.043313254316250369 0.001828549542309568 0.018022181279234842 -0.018649641316068263 -0.012276757687928588 0.0097842439509293576 0.024315845607785051 -0.0066026012945922495 0.0087457335018501416 -0.065825146531514653 0.016511673886481431 0.098983741989099094 -0.16547845395897118 0.032357547374398637 -0.11198465428440588 0.0475180930204636 0.0017501247472775227 -0.012771488069277866 -0.1262872211055561 -0.024223820880406127
leaf_weight=147.40307569506331 28.216830799940908 192.37560393136732 14.495447205270468 26.412350283993874 12.802142131493381 190.42472404320142 5.7894237943692124 9.6241065734029672 19.411768975187446 4.379053674540045 1.2859260383884246 519.39517628314161 76.362044084345371 127.88536743837017 28.586749254160623 20.514436884038332 47.71693187418191 139.2379573502194 63.462410993695812 5.3880542556762512 0.78536919165344432 0.70648425379476965 2.175720317842206 13.159007498375102 1.1878192571907664 9.9968452912462435 7.1094642003749886 3.0450279730093825 3.3397498023859953 47.943585366539992
leaf_count=31749 4711 47910 1399 558 2350 4528 165 1338 2363 519 111 101698 14323 24330 5486 5231 6159 27019 3205 316 124 27 119 3590 443 2158 2089 1138 1307 4979
internal_value=0 -0.00703578 0.00117538 0.00852344 0.0369763 0.00503466 0.0272554 -0.000379738 -0.0220252 -0.00736529 -0.0552357 0.000275565 0.00383974 -0.00358652 -0.00930269 -0.0010454 0.0106066 0.0018943 0.010432 -0.00105878 0.00413956 -0.075564 -0.117209 0.0230471 0.00844634 0.0123495 -0.000841233 -0.0332153 -0.0721493 -0.0140328
internal_weight=0 339.779 1430.84 249.924 27.2976 222.626 32.2018 1180.92 34.7009 25.0767 5.66498 1146.22 595.757 550.458 272.647 144.762 76.3037 277.811 138.573 72.518 67.13 3.66757 2.96109 66.0547 37.8379 36.6501 26.6532 13.4942 6.38478 68.458
internal_count=301442 79659 221783 9000 3749 5251 723 212783 4331 2993 630 208452 116021 92431 46185 21855 11645 46246 19227 3791 3475 270 243 15436 10725 10282 8124 4534 2445 10210
cat_boundaries=0 2 4
cat_threshold=858375475 831765 1647987685 1936259
is_linear=0
shrinkage=0.1


Tree=144
num_leaves=31
num_cat=2
split_feature=170 157 117 237 127 149 10 97 99 237 147 177 133 144 186 104 192 192 157 123 104 10 125 210 123 177 145 117 92 66
split_gain=2.26277 1.43662 1.42928 2.75797 1.98183 1.76989 2.11962 2.02539 1.66568 2.27974 1.84216 1.9069 1.66492 1.66455 1.61495 1.61222 1.61996 1.60666 2.04062 1.75354 1.86285 1.86681 1.65592 1.59413 2.23881 1.57189 1.50692 1.46614 2.79692 1.45026
threshold=0.53663328289985668 0.37827348709106451 0.031562650576233871 0 -0.056712998077273362 0.013615382369607689 2627.0000000000005 -0.088156733661890016 0.042712716385722167 1 1.0000000180025095e-35 -0.099969286471605287 0.026451646350324157 -0.0045865303836762896 -0.15603943169116971 -0.095463663339614854 -0.0079232738353311998 1.0000000180025095e-35 0.5412275791168214 -0.0040655503980815402 -0.089100707322359071 81.500000000000014 0.002592095523141325 0.031176940537989143 0.0059216246008872995 0.011516753584146501 -0.022652768529951569 0.050880637019872672 0.91163814067840587 0.71150457859039318
decision_type=2 2 2 9 2 2 10 2 2 9 2 2 2 2 2 2 2 2 2 2 2 10 2 2 2 2 2 2 2 2
left_child=1 -1 4 5 29 -4 7 -7 -6 12 11 -11 17 -13 -9 25 -17 18 -10 20 -20 22 -22 -15 26 -5 -25 28 -16 -2
right_child=2 -3 3 15 8 6 -8 14 9 10 -12 13 -14 23 27 16 -18 -19 19 -21 21 -23 -24 24 -26 -27 -28 -29 -30 -31
leaf_value=-0.022001982376777824 0.067004747740838644 0.0031921203979309999 0.030612387809743971 0.065339047762869737 -0.014796684941577008 -0.078364125115842412 -0.16236591526516281 -0.092013548567028827 -0.069127873023129491 -0.11798036637406031 -0.0029323627474667417 -0.06064360689350641 -0.030003350804900325 -0.033671383703424457 0.035273479120493965 -0.0098672115887008735 -0.054021472905764346 0.033596922202900087 0.094337406543858832 0.0307698338325543 -0.1229961033752478 -0.085177245692510895 0.095524779093043355 0.14895308707659197 0.11672211328891834 -0.040568337557332933 -0.15104236535163629 0.044311590248615897 -0.079650605790672707 -0.0047945244404916784
leaf_weight=23.038509396805921 5.9005825216499925 1286.1808846078561 42.807652721660816 4.1772757772705509 227.42531758450946 2.7492503886878756 0.80682912492193182 1.3742080519377946 3.6412929709820245 2.8680162888667864 30.543944435193225 7.988705432584994 7.9267372397512181 4.2884849547667701 5.3429127044068938 24.281438232211713 12.631873872282993 32.664973125723009 1.0438398684327692 15.247803148040473 0.47448418912427115 4.374566729828075 1.2884412357416293 0.22585608428926207 2.1265385217629955 2.10894857821404 0.64738489952924316 11.078275201948371 3.5081192925881624 5.3766997091115627
leaf_count=27162 451 185259 5509 911 42652 406 31 206 3460 1221 6645 1685 1802 1019 632 5246 4082 5086 72 1987 240 358 303 13 165 666 116 1261 587 1638
internal_value=0 0.00274878 -0.0053724 0.00453598 -0.00847507 0.0159332 -0.00293467 0.00241332 -0.00983211 -4.40032e-05 -0.0148704 -0.0431612 0.0113178 -0.029115 0.0128378 -0.0138084 -0.024977 0.0188213 0.000308222 0.0115809 -0.029162 -0.0501663 0.0367108 0.00544358 0.0613623 0.0298085 -0.0734512 0.0200677 -0.0102768 0.0327728
internal_weight=0 1309.22 464.92 110.867 354.054 67.6672 24.8596 24.0528 342.776 115.351 48.6889 18.145 66.6621 15.277 21.3035 43.1995 36.9133 58.7354 26.0704 22.4291 7.18133 6.13749 1.76293 7.28826 2.99978 6.28622 0.873241 19.9293 8.85103 11.2773
internal_count=300871 212421 88450 19537 68913 8632 3123 3092 66824 24172 10864 4219 13308 2998 2686 10905 9328 11506 6420 2960 973 901 543 1313 294 1577 129 2480 1219 2089
cat_boundaries=0 2 4
cat_threshold=2319526833 279083 4555825 1659096
is_linear=0
shrinkage=0.1


Tree=145
num_leaves=31
num_cat=3
split_feature=159 237 86 195 11 155 223 86 163 157 237 237 171 190 143 139 228 88 79 5 158 135 92 186 133 67 211 200 77 148
split_gain=1.55983 2.63411 2.59446 2.14381 2.01988 2.3579 2.05236 1.97107 3.17247 2.92806 2.53602 2.3708 2.17039 2.0434 1.96573 2.39015 2.13288 2.36739 1.96396 2.0613 1.95996 1.83576 1.8117 1.78163 1.76092 2.39904 2.16242 2.36637 2.17128 2.27996
threshold=1.4881304502487185 0 -0.61970034241676319 -0.14786452054977414 0.010349444113671781 -0.026996759697794911 0.032607963308691985 -1.0848382115364072 -0.81838205456733693 0.57470911741256725 1 2 -0.056657781824469559 -0.058925716206431382 -0.027953344397246834 -0.00098778889514505842 0.08681108802556993 0.78808078169822704 0.4743421077728272 0.071820318698883071 0.22500000149011615 0.021254706196486953 0.84640949964523327 -0.18062106519937512 0.002384268795140088 2.4663535356521611 0.019123153761029247 0.063261821866035475 0.017392619512975219 0.026324983686208728
decision_type=2 9 2 2 8 2 2 2 2 2 9 9 2 2 2 2 2 2 2 10 2 2 2 2 2 2 2 2 2 2
left_child=7 14 -3 -4 5 6 -5 8 10 -9 13 23 20 -1 15 16 17 -2 -6 -20 -10 -22 -14 -11 25 -13 27 -26 -28 -30
right_child=1 2 3 4 18 -7 -8 9 12 11 -12 24 22 -15 -16 -17 -18 -19 19 -21 21 -23 -24 -25 26 -27 28 -29 29 -31
leaf_value=-0.060195894926403343 -0.15240993729428121 0.015531941097891683 0.060292131593951671 -0.10201736149552892 -0.13344378636624368 0.090067351730501774 1.9844918503516944 -0.0038730368401321013 -0.029466692781466814 0.055747329761756753 0.024492446388423593 0.00051643071985190846 -0.015246660574883497 -0.0012615599450850837 -0.00090613914829087918 0.0080853640853796697 0.069956095473359806 -0.012597423469577672 -0.16657827807245243 0.072003322956129198 0.024248455644009764 -0.044009218451103754 -0.051929974333611441 0.012415883283190035 -0.0085290054104559566 0.026046043925548046 -0.017044892660164498 -0.048681334894023723 0.02330090754189075 -0.11550101748012438
leaf_weight=7.7379670612376676 3.7294028312880982 216.71276129756143 1.4943992500566308 0.0075376987820163768 3.5048292958254024 0.35331949038390931 0.012585488686454482 680.40127774694315 20.420065324313782 9.9440647785049787 27.510714208984609 161.87959353441693 24.313729481350492 24.544856261352834 138.89108185751115 4.8727121486090237 0.77689155055122672 1.7935222429950952 0.52560345700294409 1.1643463464115482 21.586200160426873 4.8199481701058167 30.168239983359854 207.26016549051201 48.777377884205634 47.641467873268994 28.003401391717489 20.995663099569356 39.454752870024095 1.2200044408273232
leaf_count=686 453 11912 110 45 466 617 18 194670 11548 659 2115 9341 7934 1836 10066 335 59 79 116 99 7809 1760 10500 15079 3861 3740 1699 1321 2076 109
internal_value=0 0.00646691 0.0130069 -0.0460573 -0.0745993 0.150035 1.20293 -0.000800367 -0.0112089 0.00054586 0.00705713 0.00586565 -0.0219897 -0.0117485 -0.00389283 -0.0445061 -0.085184 -0.107007 -0.0907478 -0.00219966 -0.0062017 0.0117893 -0.0355593 0.0137659 0.000523663 0.00632142 -0.00821239 -0.0206114 0.00438429 0.0191377
internal_weight=0 373.839 223.775 7.06262 5.56822 0.373443 0.0201232 1406.68 161.102 1245.58 59.7935 565.176 101.308 32.2828 150.064 11.1725 6.29982 5.52293 5.19478 1.68995 46.8262 26.4061 54.482 217.204 347.972 209.521 138.451 69.773 68.6782 40.6748
internal_count=301118 24375 13383 1471 1361 680 63 276743 44188 232555 4637 37885 39551 2522 10992 926 591 532 681 215 21117 9569 18434 15738 22147 13081 9066 5182 3884 2185
cat_boundaries=0 2 4 6
cat_threshold=1277101121 1036535 2987411215 623371 257646636 1192055
is_linear=0
shrinkage=0.1


Tree=146
num_leaves=31
num_cat=2
split_feature=156 157 213 237 109 118 76 227 140 170 112 217 150 85 149 134 174 74 206 207 2 64 192 156 7 237 214 125 206 93
split_gain=2.11673 1.95178 2.3539 2.36884 2.0101 1.94983 1.92707 2.47454 2.05623 1.8353 2.02792 2.48635 3.0951 2.26836 2.31045 2.23077 2.91996 2.006 1.85497 1.82199 1.79474 1.72572 1.70748 1.68431 1.77721 1.63593 1.62458 1.61402 1.59625 1.60465
threshold=0.46247655153274542 0.61253345012664806 0.070897664874792113 0 0.06873937696218492 0.0847047194838524 0.11180555447936059 1.0000000180025095e-35 -0.054009908810257905 0.51093181967735302 0.010359609499573709 0.012992782983928921 -0.0064092348329722873 32.500000000000007 -0.018348800018429753 0.0040439981967210778 -0.1160372532904148 0.35574388504028326 0.12280151993036272 0.0089344219304621237 0.065630350261926665 2.5000000000000004 -0.047171346843242638 0.17512886226177218 0.20887321978807452 1 -0.076299116015434251 0.015894294716417793 -0.140167661011219 0.21059080958366397
decision_type=2 2 2 9 2 2 2 2 2 2 2 2 2 2 2 2 2 2 2 2 8 2 2 2 10 9 2 2 2 2
left_child=1 25 3 4 -3 -4 7 8 -5 -9 17 13 -13 -12 -15 16 -16 18 23 -14 -19 -6 -8 24 -11 -1 -10 -25 -24 -30
right_child=-2 2 5 6 21 -7 22 9 26 10 11 12 19 14 15 -17 -18 20 -20 -21 -22 -23 28 27 -26 -27 -28 -29 29 -31
leaf_value=-0.0036690583482476753 -0.0085385703106163734 -0.022551281568659182 0.031632432704803468 -0.18178094973754957 -0.038910002253180198 -0.10883607597568734 0.044723450562449585 0.019966476170511917 0.05444190935639575 -0.12886874892215558 0.080298456289981057 -0.18333037636426244 0.038638529572595982 -0.15510934461310599 -0.18674439171769364 0.03401714064425998 0.00070351418410246713 -0.00053692809400656479 -0.13144878534974508 -0.11182030492743233 -0.092180062203632757 0.064578417710976041 -0.086632621658807696 0.032443584051237033 0.035570734569033147 0.0035639682061564763 0.012338135925442216 -0.013365599737463502 0.027073793850872815 -0.021097181044119485
leaf_weight=615.1616750936289 229.44676208893907 46.425674065336352 48.500405333586968 0.51465350323996872 2.3205702153427401 1.0087386620434688 25.275957007044781 17.737725637207404 10.836137269696335 1.7227888953711947 1.919591459576625 2.4991513885142922 1.6438976966237526 1.4486718633779672 1.4067384637237408 3.9720772751243203 2.0306065184449822 4.0387967872993586 0.97322944057304894 1.5768626024291732 4.5382489880285002 5.2722549692625762 1.5922538260929275 20.068024475083803 1.0626454785233361 615.63428544567932 59.399762276330875 12.471142046390012 28.949344389022372 9.0855656834937673
leaf_count=131571 18782 1825 2008 44 86 64 950 747 371 109 48 192 79 93 111 169 128 269 121 120 215 178 46 1009 43 135939 3162 739 1410 545
internal_value=0 0.00175307 0.00873311 0.00504229 -0.0124461 0.0287704 0.00957474 0.00378671 0.0173747 -0.0083654 -0.0165538 -0.0465336 -0.0998228 -0.0182521 -0.0396085 -0.0170261 -0.0760098 -0.00553215 0.00474546 -0.0350251 -0.0490267 0.0329496 0.0244145 0.00849775 -0.066135 -5.20102e-05 0.018834 0.0148865 0.0114605 0.015567
internal_weight=0 1549.09 318.292 268.782 54.0185 49.5091 214.764 149.861 70.7506 79.1102 61.3725 16.4976 5.71991 10.7777 8.85809 7.40942 3.43734 44.8749 36.2978 3.22076 8.57705 7.59283 64.9031 35.3246 2.78543 1230.8 70.2359 32.5392 39.6272 38.0349
internal_count=301173 282391 14881 12809 2089 2072 10720 7769 3577 4192 3445 940 391 549 501 408 239 2505 2021 199 484 264 2951 1900 152 267510 3533 1748 2001 1955
cat_boundaries=0 2 4
cat_threshold=2056792782 32785 1573078369 6048335
is_linear=0
shrinkage=0.1


Tree=147
num_leaves=31
num_cat=2
split_feature=237 236 90 93 3 157 118 163 207 1 55 200 0 107 157 187 156 130 217 154 195 85 226 117 140 129 0 139 217 181
split_gain=1.70602 1.78012 2.81641 2.06325 2.23893 2.29132 2.036 2.14043 1.98669 1.90825 3.08215 2.73413 2.68059 2.17183 1.84924 2.14925 2.37841 2.16883 2.69679 2.09437 1.77093 1.75452 1.9832 1.7539 1.72251 1.70995 2.25534 1.70353 4.60585 2.27399
threshold=0 1 1.8896498680114748 0.076341599225997939 0.16152751445770266 0.59522119164466869 0.037161387503147132 -0.81838205456733693 0.082008626312017455 1.0000000180025095e-35 1.0000000180025095e-35 0.0050601651892066011 inf 0.0084050437435507792 0.61253345012664806 -0.17665991187095639 0.22287581861019137 -0.024880948476493355 0.02985088620334864 -0.017198408953845497 -0.0035160618135705586 51.500000000000007 -0.02879653591662645 -0.033684769645333283 0.048666456714272506 -0.043483650311827653 0.29459981620311743 -0.02364011853933334 0.018677853979170326 0.41372723877429968
decision_type=9 9 2 2 10 2 2 2 2 10 2 2 8 2 2 2 2 2 2 2 2 2 2 2 2 2 8 2 2 2
left_child=27 9 8 14 -5 6 -6 -8 21 10 11 -2 -12 20 19 -16 -17 -18 25 -4 -13 -3 -23 -22 -21 -19 -27 28 29 -1
right_child=1 2 3 4 5 -7 7 -9 -10 -11 12 13 -14 -15 15 16 17 18 -20 24 23 22 -24 -25 -26 26 -28 -29 -30 -31
leaf_value=-0.0009163336394430047 0.023583352398531286 -0.058386334969177126 -0.034840267559715615 -0.010219760474891919 0.0029255221471434661 0.073973757950744262 0.12027088763617987 -0.01569899549196804 0.010486554636349864 0.0013059308303948894 -0.13838027162843178 -0.0095106955429211538 -0.0071646767526597922 -0.013361377286785157 0.10294920764338433 0.087822604520699621 0.04184312467424095 0.039294144874952239 0.029013137961985725 -0.005898010696583268 -0.040378729108217132 -0.051866082628377011 -0.0024120364311163121 0.038487625475293497 0.081870777380959492 -0.10054402421932694 -0.011761622110992152 -0.0016519450695197961 -0.039923599527201918 -0.14257914086658216
leaf_weight=111.25545942837516 131.48636222949881 16.688335604279473 29.764557369275963 18.812787841424552 20.688592694211369 9.6696407041454204 3.3545689910315559 1.767907420656228 14.267959796338344 502.88730491333649 2.4303431161206381 16.959847457537307 4.3320051882346888 49.001459621739514 2.5200800677994257 3.2817001744115251 8.1578650435840263 2.0228170007467279 7.5578254596839534 61.088700169766526 3.1329865948937394 12.272490918588117 23.901789753630737 28.209744876521881 2.3210027950117356 6.3239562789058246 5.2255561522397338 622.2377184072061 45.997961738870572 1.144781135897573
leaf_count=15503 38164 7020 8639 5599 4244 405 140 690 4870 51292 2178 6357 830 16943 118 135 451 117 480 15272 908 4557 8314 5756 592 583 327 92972 7674 123
internal_value=0 0.00226122 -0.00491545 0.00132803 0.0176681 0.032455 0.0169008 0.0733439 -0.0226265 0.00472111 0.0122127 0.0141793 -0.0543227 0.00147161 -0.00558865 0.0139773 0.00709316 -0.00195252 -0.018861 -0.0129573 0.0165192 -0.0315639 -0.0191898 0.0306042 -0.00268539 -0.04552 -0.0603746 -0.00395818 -0.0132677 -0.00235915
internal_weight=0 988.128 249.688 182.558 54.2935 35.4807 25.8111 5.12248 67.1306 738.44 235.553 228.79 6.76235 97.304 128.264 35.0898 32.5697 29.288 21.1302 93.1743 48.3026 52.8626 36.1743 31.3427 63.4097 13.5723 11.5495 780.636 158.398 112.4
internal_count=301253 184981 62553 37792 11078 5479 5074 830 24761 122428 71136 68128 3008 29964 26714 2211 2093 1958 1507 24503 13021 19891 12871 6664 15864 1027 910 116272 23300 15626
cat_boundaries=0 2 3
cat_threshold=3133223570 4279705 3
is_linear=0
shrinkage=0.1


Tree=148
num_leaves=31
num_cat=1
split_feature=237 4 114 194 218 157 170 93 7 143 139 230 104 66 96 205 60 147 115 71 92 95 159 157 9 132 220 75 74 159
split_gain=1.87477 1.80842 1.99395 1.84303 1.75456 1.74815 2.14329 2.54917 3.35931 2.46433 3.16981 2.94663 2.43898 1.82214 1.81335 2.01927 1.90578 1.79711 2.42911 1.79026 1.73924 3.39062 2.72442 1.89337 1.69624 1.65983 1.81086 1.933 1.61041 1.54885
threshold=0 0.15411606431007388 -0.030268501490354534 -0.055851804092526429 -0.044724283739924424 0.45331972837448126 0.46534481644630438 -0.10291672497987746 0.24845385551452639 0.0094538782723248022 -0.055435040965676301 0.029602286405861381 -0.15819044411182401 3.430221796035767 -0.14924059063196179 -0.012131427414715288 1.0000000180025095e-35 0.011894579045474531 0.0015431825304403903 0.1045643873512745 0.92732033133506786 -0.049419019371271126 1.9689497351646426 0.52564567327499401 0.061313999816775329 -0.0031308227917179461 0.0056442641653120526 0.020620748400688175 0.089087303727865233 1.3112287521362307
decision_type=9 10 2 2 2 2 2 2 8 2 2 2 2 2 2 2 2 2 2 2 2 2 2 2 10 2 2 2 2 2
left_child=1 -1 3 -3 -4 29 7 8 28 10 -9 12 -11 19 15 -10 -16 18 -13 24 -12 22 23 -22 25 26 27 -14 -7 -2
right_child=5 2 4 -5 -6 6 -8 9 14 11 20 17 13 -15 16 -17 -18 -19 -20 -21 21 -23 -24 -25 -26 -27 -28 -29 -30 -31
leaf_value=-0.0032834570826056602 -0.01769357147528601 0.065453697875516095 0.0054531738621775849 -0.022027141234840709 -0.049152013226927083 0.010058407797040826 0.0015094971068475586 -0.15376789632851362 0.17735173931615056 -0.1497953243490561 0.04680514794656792 -0.047217786433797974 0.055894578826630514 0.038518982617831488 -0.05373987846579107 -0.18066826451207937 -0.17577371265242292 0.04877106182879648 0.052145263404544263 0.037331479720844205 -0.010605350595775572 0.034530133800126699 -0.44421292544122193 -0.18232562141131881 0.13884566195710432 -0.079573980365808955 0.022818774386069163 -0.14013876335243972 -0.17525590618357217 0.0090777261621523622
leaf_weight=607.27528261517 75.983714200541272 4.1622822799945425 7.6772961355663929 5.7148998685875068 25.197221539944167 23.795630674352658 860.06012114186933 0.87751761546678508 0.5348536657547811 1.3401078028255167 47.346577231433912 5.7452929785868054 0.70985496472713405 5.6625663119220908 4.0431822900645775 0.22330907634022867 1.8723212610457265 16.840411189843508 4.3031212737478199 3.6045068174680628 2.3162034469260124 10.616342530131075 0.19391247262319655 0.88834474827308429 0.50738283176906485 7.64840977107451 4.8068491827179969 1.7261902066529726 0.4783672653065868 30.200148630660351
leaf_count=89852 61743 800 3029 1365 6308 1825 118434 67 35 126 3122 517 53 1095 446 49 247 1047 304 192 272 666 7 72 53 534 206 150 39 8375
internal_value=0 -0.00461199 -0.0245622 0.0148376 -0.0363999 0.00210485 0.00341164 0.0146106 -0.0108688 0.0214594 0.0349467 0.00558958 -0.0184102 -0.011272 -0.0737035 0.0719006 -0.0923649 0.0288013 -0.00466667 -0.0261086 0.0376454 0.006701 -0.0802336 -0.0582086 -0.0409586 -0.047085 -0.012777 -0.0830153 0.00640642 -0.0100794
internal_weight=0 650.027 42.7517 9.87718 32.8745 1112.33 1006.14 146.081 30.9477 115.134 62.2389 52.8947 26.0059 24.6658 6.67367 0.758163 5.9155 26.8888 10.0484 19.0032 61.3614 14.0148 3.39846 3.20455 15.3987 14.8913 7.24289 2.43605 24.274 106.184
internal_count=301030 101354 11502 2165 9337 199676 129558 11124 2641 8483 4206 4277 2409 2283 777 84 693 1868 821 1188 4139 1017 351 344 996 943 409 203 1864 70118
cat_boundaries=0 2
cat_threshold=1132073754 607266
is_linear=0
shrinkage=0.1


Tree=149
num_leaves=31
num_cat=0
split_feature=156 157 163 99 183 170 181 157 145 92 168 4 93 93 213 135 176 155 119 86 214 209 77 120 181 143 136 134 131 228
split_gain=1.45429 2.57131 2.13136 2.07498 2.88812 1.99161 2.25175 1.93703 2.15812 2.12531 1.81512 1.82208 1.84902 1.87222 1.79714 2.51084 1.78647 1.8983 2.18265 1.7554 1.74098 1.82544 1.72942 1.71909 1.69571 1.71098 2.14605 1.65626 2.15355 1.64488
threshold=0.18976429104804995 0.52564567327499401 1.0000000180025095e-35 0.071555510163307204 -0.32998743653297419 0.45127125084400183 0.0036935849348083143 0.53720718622207653 -0.027043133974075314 0.91610568761825573 3.1700798273086552 0.089969515800476088 0.2839281708002091 0.2307664826512337 0.091270081698894515 0.015154977794736625 -0.22482112050056455 0.030599711462855343 -0.0031683190027251835 -1.0273787379264829 -0.058010391891002648 0.10439734533429147 0.12262799963355066 -0.055251866579055779 -0.14556213468313214 -0.0033558700233697887 -0.0010199273820035157 0.018724931403994564 0.0059162378311157235 -0.071827709674835191
decision_type=2 2 2 2 2 2 2 2 2 2 2 10 2 2 2 2 2 2 2 2 2 2 2 2 2 2 2 2 2 2
left_child=1 2 5 14 -5 6 27 8 -2 22 -7 -12 13 -13 -3 23 17 18 -9 -4 24 -22 -10 -16 -6 -26 -27 -1 -29 -20
right_child=7 3 19 4 20 10 -8 16 9 -11 11 12 -14 -15 15 -17 -18 -19 29 -21 21 -23 -24 -25 25 26 -28 28 -30 -31
leaf_value=0.03407996421288708 0.010159267619242754 0.003476390874692275 -0.05086040655371931 0.10403274413894897 0.15865773399889838 -0.020149747415321384 -0.0025323690939005141 -0.0021339561926863389 -0.00060702693630901089 -0.035774359046816272 0.0070061017366571101 -0.013588805045633874 0.02811261111955958 -0.08867474512480393 -0.15990257177543843 0.080357154133659542 -0.00066663755520453326 -0.15820139706026048 -0.027296424990994946 -0.0093594972421512743 0.02819967145746001 -0.063029950063814247 -0.034698713011356262 0.014869607213969488 0.034671230598076745 -0.0053864421038947912 -0.11722765910478923 -0.052496970633172969 0.063301396159568174 0.067125960700446227
leaf_weight=48.443957499422595 35.240348524785077 222.01249370542473 13.110085428454111 4.2836952297366215 0.51640937013144039 48.126395524883719 46.122976345614461 12.768487884797654 64.297090627936086 43.371884308950939 166.62046350038167 64.555915052419095 10.247413360906647 3.500852917735755 0.59504858283617146 7.5352249875604675 801.66683427313228 0.55605442162777663 2.1461740784980092 45.789839698074047 70.352824312595203 2.26386027328408 19.360575728069307 10.385097763724843 3.0985224952928538 3.894362937202458 3.0667603584461176 5.1587620315599443 2.3320214331974967 13.144829181554083
leaf_count=5972 8475 20670 21893 92 13 15679 6594 623 17353 11915 33751 15694 3089 975 133 640 63205 60 168 57812 5596 418 5154 1401 434 533 708 1206 357 548
internal_value=0 0.00402293 -0.000850983 0.0107692 0.023958 0.00179444 0.0138252 -0.00174325 -0.011736 -0.0178102 -0.00239538 0.00109326 -0.0114884 -0.0174512 0.00597263 0.0359043 0.000209735 0.0247614 0.0283872 -0.0185969 0.0198348 0.0253555 -0.00849674 0.00539815 -0.0180714 -0.0271437 -0.0546587 0.0273134 -0.0164468 0.0538733
internal_weight=0 782.013 454.009 328.004 87.4764 395.109 102.058 992.552 162.27 127.03 293.051 244.925 78.3042 68.0568 240.528 18.5154 830.282 28.6155 28.0595 58.8999 83.1927 72.6167 83.6577 10.9801 10.5761 10.0596 6.96112 55.9347 7.49078 15.291
internal_count=301161 193660 163022 30638 7794 83317 14129 107501 42897 34422 69188 53509 19758 16669 22844 2174 64604 1399 1339 79705 7702 6014 22507 1534 1688 1675 1241 7535 1563 716
is_linear=0
shrinkage=0.1


Tree=150
num_leaves=31
num_cat=0
split_feature=156 204 6 114 189 179 141 126 157 68 191 130 174 88 115 96 145 77 74 113 4 3 149 67 13 181 150 130 131 208
split_gain=1.43541 1.44545 1.69263 2.04145 2.18833 1.82704 1.81638 2.62298 2.1258 1.73209 1.71647 1.68271 1.67283 1.78595 1.55283 1.99432 1.73511 1.51009 1.50852 1.47519 2.37197 1.41862 1.68917 1.63705 1.53879 1.38308 1.36755 1.32787 1.32502 1.456
threshold=0.49321225285530096 0.028118239715695385 0.13373984396457675 -0.006083067972213029 -0.082213658839464174 1.0000000180025095e-35 -0.019941027276217934 0.0035135542275384073 0.62342819571495067 35.030918121337898 0.12588681280612948 -0.00828357459977269 -0.2394587844610214 0.74801731109619152 -0.013814034406095741 -0.20748711377382276 0.019683330319821838 0.13079115748405459 0.057417582720518119 -0.033238451927900307 0.12985546141862872 0.056349206715822227 0.051716065034270293 0.32310858368873602 0.14690027385950091 -0.0036914384691044684 -0.040283266454935067 0.046341974288225181 -0.033389637246727936 -0.079904314130544649
decision_type=2 2 8 2 2 2 2 2 2 2 2 2 2 2 2 2 2 2 2 2 10 8 2 2 10 2 2 2 2 2
left_child=21 2 5 4 -4 6 7 25 9 -8 -9 12 13 -7 15 -10 -17 -5 -11 20 -14 22 -1 -24 -23 -2 -3 -6 -13 -30
right_child=1 26 3 17 27 11 8 10 14 18 -12 28 19 -15 -16 16 -18 -19 -20 -21 -22 24 23 -25 -26 -27 -28 -29 29 -31
leaf_value=-0.027724795875283811 0.024574157349596393 -0.088917483979073633 -0.11131477347077763 0.03782004760964388 0.0059485800318260758 -0.0066276659334504155 0.012501112288800085 -0.14442215501164532 -0.17997011551459641 -0.024159829880926194 0.071723346996719256 -0.0045725580037556356 -0.1749465091410275 -0.20456614598466008 0.050005005263959207 0.039763289179259462 -0.063368811492513499 -0.066336443466798595 -0.12619473494553846 0.014277381896700664 0.035689465366462489 0.0011999269548635802 0.79822037316029193 0.09695777359382575 0.077883899127060327 -0.10494987507034843 -0.017640606975755119 -0.14637713155185933 -0.16641466027563459 -0.056556013894114535
leaf_weight=23.218234076793809 4.5814477942440135 2.8221980555208566 1.9834862892639673 24.181406881951265 15.082612847254492 0.9869043611834083 8.6626253592003177 2.6181974639712284 0.59648564603412513 4.8581724209270751 0.42737740799202573 4.3180931460992751 1.1233255144106853 0.84709946665680036 14.77707858719077 5.5895504705004004 2.303649526758818 1.4769955986703269 2.0647755885620427 14.259376707522275 1.0201192083841304 1555.6541108307824 0.035151906364261687 0.62811735308218886 2.6212007781869024 1.0053164924720457 58.266510366798684 0.59485279014916237 1.3660980373606442 10.320322656836648
leaf_count=56290 330 347 214 1804 1023 100 782 238 22 929 41 251 107 59 453 218 122 161 444 893 44 226750 6 831 2569 138 5438 58 79 759
internal_value=0 -0.0083256 -0.00216624 0.0138141 -0.0123518 -0.0106367 0.00206 -0.0394326 0.011279 -0.0173009 -0.114091 -0.0282441 -0.00747699 -0.0980525 0.0304236 -0.00365976 0.00966394 0.0318244 -0.0545918 0.00265029 -0.0746996 0.000958223 -0.0232297 0.134123 0.00132892 0.00126681 -0.0209335 0.000168859 -0.0519078 -0.0693981
internal_weight=0 186.134 125.045 43.3194 17.661 81.726 47.4847 8.63234 38.8523 15.5856 3.04557 34.2413 18.2368 1.834 23.2668 8.48969 7.8932 25.6584 6.92295 16.4028 2.14344 1582.16 23.8815 0.663269 1558.28 5.58676 61.0887 15.6775 16.0045 11.6864
internal_count=301500 15054 9269 3260 1295 6009 3717 747 2970 2155 279 2292 1203 159 815 362 340 1965 1373 1044 151 286446 57127 837 229319 468 5785 1081 1089 838
is_linear=0
shrinkage=0.1


Tree=151
num_leaves=31
num_cat=4
split_feature=237 157 176 237 12 168 170 237 198 214 202 156 158 157 237 115 200 152 138 137 195 46 214 128 169 212 88 97 225 144
split_gain=1.90602 1.97811 2.14044 2.10788 1.56866 2.58873 2.57034 2.28615 1.99938 2.30957 1.92943 1.88041 2.16455 1.98804 2.23328 2.12279 2.13894 2.09427 2.20566 2.14743 1.90387 1.88625 2.11901 1.88183 1.81395 1.77758 1.6721 1.66933 1.6498 1.7083
threshold=0 0.47541378438472753 -0.28750520944595331 1 142.50000000000003 3.0968778133392338 0.58950042724609386 2 0.089442569762468352 0.078660812228918089 0.15724906325340274 0.18237251043319705 0.77500000596046459 0.65611082315444957 3 0.01580203510820866 -0.16094557940959928 0.043562762439250953 -0.019081044942140576 -0.024596438743174073 0.01749737095087767 1.0000000180025095e-35 -0.022468337789177891 0.039651539176702506 13.500000000000002 0.0028073264984413986 0.66883197426795971 1.0000000180025095e-35 1.0000000180025095e-35 -0.0055925995111465445
decision_type=9 2 2 9 10 2 2 9 2 2 2 2 2 2 9 2 2 2 2 2 2 2 2 2 2 2 2 2 2 2
left_child=-1 3 -3 -2 5 7 8 25 9 10 24 12 -6 14 15 -13 -17 18 21 20 -20 -15 -23 -18 -7 -4 -9 -8 29 -22
right_child=1 2 4 -5 11 6 27 26 -10 -11 -12 13 -14 17 -16 16 23 -19 19 -21 28 22 -24 -25 -26 -27 -28 -29 -30 -31
leaf_value=-0.0031134873660762473 -0.018413709260201749 0.053675121420704297 0.030896827289669374 0.0043921303889835114 0.010541535473260368 0.011522391795234108 -0.037440348600894229 0.002611554049125863 0.040016237038971413 0.043083654818826346 -0.081788454814970574 -0.0081709678543647173 -0.1444848975771599 -0.013606539686376429 -0.00059820326261256999 -0.25056454146314927 -0.046665359440798158 0.04554463402454282 0.074035099368600699 0.0033123269026769306 0.023607210572362178 0.024349788265732766 -0.16317586681480703 0.049641257496071456 -0.22665925149931521 -0.016715358627834829 -0.062339200914049209 0.030367215885251875 0.044303185981063385 -0.12689675171301776
leaf_weight=691.1870585425595 68.979805821595619 9.0701602224380604 19.411218796641151 80.694278527307233 216.01613324828395 122.09707485207764 13.465938057195673 5.6249264655461984 39.336024119043032 23.982444612602194 2.2878736738271064 43.026987218385329 0.90442042950598889 13.127021805441471 252.83510729570844 0.48790342453867452 27.073749802017122 14.325051195919512 9.1147901152726281 69.646339561906643 1.5179770279210063 0.87963498383760486 1.9131162636913348 2.1933033450623034 0.32058838355624075 13.155831710732398 13.420294522386937 4.9708970251931524 4.5251561428885907 1.4988190060248587
leaf_count=101787 49403 2311 7046 36245 14018 27963 5650 3106 9430 3918 1639 1625 70 364 13465 17 1140 355 176 1632 38 34 55 76 113 7998 9075 1993 103 48
internal_value=0 0.00357817 0.00533509 -0.00705513 0.00485703 0.0114661 0.0164737 -0.0085654 0.0199676 0.0146637 0.00919818 0.00226916 0.00989517 -0.00147206 -0.00548368 -0.0196704 -0.0429098 0.00973578 0.00471769 0.0110265 0.0432818 -0.0294834 -0.104111 -0.039448 0.0108986 0.00892335 -0.028298 -0.0191582 0.00611497 -0.0511669
internal_weight=0 1075.9 926.229 149.674 917.159 258.073 206.461 51.6123 188.024 148.688 124.706 659.086 216.921 442.165 325.617 72.7819 29.755 116.548 102.223 86.3031 16.6567 15.9198 2.79275 29.2671 122.418 32.5671 19.0452 18.4368 7.54195 3.0168
internal_count=300893 199106 113458 85648 111147 77931 50706 27225 43063 33633 29715 33216 14088 19128 16323 2858 1233 2805 2450 1997 365 453 89 1216 28076 15044 12181 7643 189 86
cat_boundaries=0 2 4 6 8
cat_threshold=411210412 4819841 74802496 1331210 84741393 151586 50350146 263272
is_linear=0
shrinkage=0.1


Tree=152
num_leaves=31
num_cat=2
split_feature=237 166 86 94 237 217 17 208 108 195 157 86 149 95 205 206 75 189 86 4 63 132 73 157 71 213 98 148 158 4
split_gain=1.50775 2.0427 1.82733 1.52875 1.93081 1.72862 2.04695 1.79613 1.72398 1.72551 1.89519 1.50726 1.7861 1.65544 1.90362 1.65433 1.57767 2.15853 2.01009 2.48487 1.77778 1.57418 1.52561 1.52486 2.2274 1.86275 2.15874 1.80583 1.46155 1.90917
threshold=0 0.61370676755905162 -1.0986640453338621 0.019229571335017685 1 -0.0072032958269119254 26.500000000000004 -0.028493840247392651 0.019408795982599262 0.045874468982219703 0.58749592304229747 -0.59688934683799733 0.030578220263123516 0.23520361632108691 0.075831156224012389 -0.140167661011219 0.034935163334012038 -0.097344998270273195 -0.83668389916419972 0.12456896528601648 -0.11523615941405295 -0.032425671815872185 0.021054964512586597 0.65611082315444957 0.056470900774002082 0.045811686664819724 0.013164008036255838 -0.022947343997657296 0.77500000596046459 0.089969515800476088
decision_type=9 2 2 2 9 2 2 2 2 2 2 2 2 2 2 2 2 2 2 10 2 2 2 2 2 2 2 2 2 10
left_child=28 2 -2 4 -4 6 -5 -8 9 10 -7 12 13 16 -15 -13 17 20 19 21 -6 -19 -21 24 25 26 -17 -25 -1 -30
right_child=1 -3 3 5 11 8 7 -9 -10 -11 -12 15 -14 14 -16 23 -18 18 -20 22 -22 -23 -24 27 -26 -27 -28 -29 29 -31
leaf_value=-0.0040485571990577836 -0.02816309070927317 0.0043457700259348598 0.008082127679191255 0.017331468068615127 -0.030494809431783221 -0.0052632511106046097 0.60675347185333561 0.11519236169956376 -0.040009755917494123 -0.037012307586971584 0.052840045775171568 -0.20813054487167412 0.024602465524592398 -0.028202188400321612 -0.14179015773325165 0.056388794590331838 -0.035624773639022715 -0.0083795855649489975 0.00014137456804115011 -0.064057591425142099 0.0551338489145227 -0.087323702688903618 0.053367165037452903 -0.035382246103084172 -0.053686966825282879 0.075802676777912414 -0.079167381200464529 0.068591317372919833 -0.11973723175893458 0.064470787745124089
leaf_weight=570.39339840348521 30.891434819268397 877.11812433847217 50.998505697872588 56.386234474693538 3.4781644447052704 13.935513041409427 0.10377892742872064 0.26198309646178941 11.946818537441684 7.4935342553958426 9.4006094968117377 0.35064835779485548 8.2517405352236874 3.6446266673510754 2.4789509693405307 2.1487079890703189 39.290481409005679 3.3922779980157385 22.508521063119595 1.6379480607010908 8.0043193518658864 9.8900526693018929 3.4096084823422643 2.2125292848941172 6.3787379697696442 3.8660749401597059 2.5918944625991571 6.8178575988058565 2.2615305615800021 0.74896683987208224
leaf_count=84971 16063 99038 21060 20225 1222 9456 29 55 5889 4915 1031 144 2101 1177 350 581 13256 942 6445 527 1838 4276 823 97 1975 666 1122 194 237 83
internal_value=0 0.00185886 -0.00507801 -0.0025391 -0.00800448 0.00741942 0.0188611 0.254665 -0.00776033 0.00473666 0.0181428 -0.0138552 -0.020074 -0.023846 -0.0741849 0.00750845 -0.0204812 -0.00910915 -0.0198794 -0.0444642 0.029196 -0.0671615 0.0152625 0.0106569 -0.00890377 0.0242868 -0.0177257 0.0431168 -0.00433966 -0.073909
internal_weight=0 1188.89 311.772 280.88 181.352 99.5285 56.752 0.365762 42.7765 30.8297 23.3361 130.353 105.987 97.735 6.12358 24.3665 91.6114 52.3209 40.8384 18.3299 11.4825 13.2823 5.04756 24.0158 14.9854 8.60668 4.7406 9.03039 573.404 3.0105
internal_count=300788 215497 116459 100396 58796 41600 20309 84 21291 15402 10487 37736 32957 30856 1527 4779 29329 16073 13013 6568 3060 5218 1350 4635 4344 2369 1703 291 85291 320
cat_boundaries=0 2 4
cat_threshold=805441189 4728611 51240962 163844
is_linear=0
shrinkage=0.1


Tree=153
num_leaves=31
num_cat=0
split_feature=157 156 186 3 145 157 176 75 158 90 157 121 157 209 149 203 161 144 103 192 145 221 142 94 164 139 106 86 209 108
split_gain=1.89132 1.64992 2.04886 1.60581 2.27182 1.76775 1.95857 1.66593 1.75144 2.01444 1.56405 1.5186 1.50068 1.49314 1.87149 1.4721 1.44312 2.07603 2.12493 1.78206 1.51054 2.22474 1.47142 1.44513 1.43282 2.53499 1.99924 1.79719 2.10736 1.55808
threshold=0.68493673205375682 0.46247655153274542 0.20259286463260653 0.21760653704404834 0.029955635778605941 0.59522119164466869 0.013916744850575926 0.034935163334012038 0.18333333730697635 1.7661458253860476 0.30575782060623174 -0.047539353370666497 0.63727831840515148 -0.074140395969152437 -0.014334494713693855 0.062255617231130607 4.1198184490203866 0.039448833093047149 -0.0073554685804992906 -0.042328530922532075 0.0066352996509522208 -0.096297178417444215 0.040514407679438598 0.074333690106868758 4.8322978019714364 -0.02364011853933334 0.083079904317855849 -0.55180472135543812 -0.0065867670346051446 0.0021990448003634815
decision_type=2 2 2 10 2 2 2 2 2 2 2 2 2 2 2 2 2 2 2 2 2 2 2 2 2 2 2 2 2 2
left_child=1 10 3 24 5 13 -7 -8 -9 -10 -1 -4 -11 14 -5 -6 -2 18 19 -18 -20 -22 -21 -23 -3 29 27 28 -27 -26
right_child=16 2 11 4 15 6 7 8 9 12 -12 -13 -14 -15 -16 -17 17 -19 20 22 21 23 -24 -25 25 26 -28 -29 -30 -31
leaf_value=-0.073960744161035444 0.017533936297327798 -0.0067928633223394213 0.056044352523762581 0.018282568149300391 -0.097766537442909585 0.053749425453685343 0.023016629672731062 -0.15998358306438384 -0.15345965464858963 0.058442448406603335 -0.00015686317108404331 -0.064148107137774232 -0.056714765164405927 -0.00057070950786978125 -0.13649558984885138 0.01427274462705206 -0.03908341713029196 -0.084442781504033754 -0.0081174006098475113 0.042020162153375049 0.078749811279604953 -0.077667499518077512 -0.084430497170106894 -0.23657547376720123 0.05075298656277874 -0.074354492864549579 -0.17662406650126397 -0.12341328626468367 -0.0035592861052403282 -0.034839516789532794
leaf_weight=2.8770095531569941 97.235035994424834 50.265693589567491 1.1702372030231352 1.2714641890343048 3.3287767482361224 13.417289186392734 15.738904398393062 0.98419056324928433 0.88637843982723996 2.7455314133112552 1472.1432897606423 10.33515464756783 1.9251200364378744 11.617510333871904 2.0260507149687319 1.810596173701924 3.9187308607342883 3.0225404269876881 13.122077233339953 17.217956555352433 0.74775180291908316 2.6644692311820104 0.97218502780015015 0.72883148091932515 4.6167385834633041 7.3480210453599382 1.2360239041190642 2.5761197782303489 9.8289967342607252 3.9433035757792823
leaf_count=4728 3353 8348 167 129 356 715 900 84 71 173 275612 1025 132 1611 284 123 204 130 512 541 18 113 50 28 177 509 86 154 395 201
internal_value=0 -0.00130789 -0.011408 -0.00796957 0.00505259 0.0114852 0.0235654 0.00538829 -0.0370275 -0.015251 -0.000300817 -0.0519231 0.0109777 -0.0174275 -0.0768158 -0.0582952 0.0108211 -0.00457531 0.00155602 0.0220844 -0.0247347 -0.0773912 0.0352619 -0.111799 -0.0170657 -0.0345407 -0.0532457 -0.0455254 -0.0338442 0.0113236
internal_weight=0 1622.09 147.072 135.567 55.7518 50.6124 35.6974 22.2801 6.54122 5.55703 1475.02 11.5054 4.67065 14.915 3.29751 5.13937 139.63 42.3945 39.372 22.1089 17.2631 4.14105 18.1901 3.3933 79.8149 29.5492 20.9892 19.7531 17.177 8.56004
internal_count=300929 295980 15640 14448 4578 4099 2075 1360 460 376 280340 1192 305 2024 413 479 4949 1596 1466 795 671 159 591 141 9870 1522 1144 1058 904 378
is_linear=0
shrinkage=0.1


Tree=154
num_leaves=31
num_cat=2
split_feature=237 170 5 157 124 109 76 82 162 229 185 112 118 152 136 123 9 55 103 120 130 168 175 143 221 221 237 142 153 126
split_gain=1.51464 1.4019 1.96818 2.15547 2.25608 1.68764 1.65685 1.35071 1.33028 1.37944 1.32073 1.54652 1.39708 1.41539 1.26127 1.36726 1.25215 1.20068 1.14367 1.13344 1.11043 1.1071 1.0591 1.05862 3.01901 2.54893 2.93746 2.56296 2.62871 2.51762
threshold=0 0.42745165526866918 0.032522473484277732 0.35992051661014562 0.058530222624540336 0.074025794863700881 0.012422839645296337 0.16228070110082629 42.859212875366218 -0.045580206438899033 0.022112268954515461 -0.033175779506564133 -0.0097658340819179994 0.025423467159271244 -0.045977095142006867 0.038032755255699165 0.024844827130436901 1.0000000180025095e-35 0.04013942368328572 -0.027832027524709698 -0.035912040621042245 2.7990200519561772 0.064201522618532195 0.016238937154412273 0.070878434926271452 -0.019677435047924515 1 0.013203716371208431 -0.02635000646114349 0.023502850905060772
decision_type=9 2 10 2 2 2 2 2 2 2 2 2 2 2 2 2 8 2 2 2 2 2 2 2 2 2 9 2 2 2
left_child=7 2 6 -4 5 14 -2 -1 18 -10 20 -12 -13 19 15 -5 17 -6 -9 -14 -8 -16 -11 24 -3 26 -25 29 -29 -28
right_child=1 23 3 4 16 -7 10 8 9 22 11 12 13 -15 21 -17 -18 -19 -20 -21 -22 -23 -24 25 -26 -27 27 28 -30 -31
leaf_value=-0.0023546661326149273 -0.10645796219720499 0.0083096725612773932 -0.031071895406133171 -0.10946271883602939 -0.064430032217256641 -0.077848903247876411 -0.083692771533676283 -0.24404027308379486 -0.030341406755549496 0.091231170171292411 -0.12334638762458557 -0.11420479398542892 -0.13257960821590004 -0.11093906583547182 -0.06751918434488452 0.13642132338303076 -0.15527788710136126 0.12904032021663067 0.012565405092969939 0.084696204517692636 0.08783389407454878 0.069584372766610642 -0.024509042755623378 0.0065005450151099445 -0.01669618865419881 0.0047943695676588233 -0.012986286991169844 0.04042806967272336 -0.088491207507081754 -0.098381839338341437
leaf_weight=893.12180207197537 1.7011033449049353 471.78509848875842 4.2411886724867172 0.82769268663106277 0.90508460765704446 0.920681340223381 0.45343094200416123 0.2927259258904068 1.6531168043843534 5.0019050408914154 1.2634957953639503 0.80898966010681617 0.26664220168367991 0.56637696187272002 0.60608318688173568 0.31116518811904825 0.75970221401803417 0.49686934030614793 0.4271129389617272 2.4111139396441139 2.251556621400594 20.855577779482701 0.93905490177348827 43.256727163043934 53.785909604613607 204.74138785480977 42.038472049706797 1.8420594078193051 11.187432730104318 3.7612744840007499
leaf_count=153012 801 75743 1647 78 103 196 154 72 300 724 387 333 135 263 98 11 61 8 56 362 603 1989 114 7381 11503 33289 8000 271 2736 939
internal_value=0 0.00385662 0.0222726 0.0349728 0.0458793 0.0548643 -0.0168155 -0.00195946 0.0381392 0.0504546 0.00219451 -0.0267483 0.00336458 0.0326829 0.0602707 -0.0422809 -0.0518877 0.00413819 -0.0917845 0.0630606 0.0590813 0.0657125 0.0729368 0.00302581 0.00575062 -0.00164157 -0.0145494 -0.0266091 -0.0702651 -0.0199993
internal_weight=0 872.045 39.6468 29.924 25.6829 23.5212 9.72271 901.436 8.31392 7.59408 8.02161 5.31662 4.05312 3.24413 22.6005 1.13886 2.16166 1.40195 0.719839 2.67776 2.70499 21.4617 5.94096 832.398 525.571 306.827 102.086 58.8292 13.0295 45.7997
internal_count=301369 147091 7229 4191 2544 2372 3038 154278 1266 1138 2237 1480 1093 760 2176 89 172 111 128 497 757 2087 838 139862 87246 52616 19327 11946 3007 8939
cat_boundaries=0 2 4
cat_threshold=1935528604 680298 211812672 331776
is_linear=0
shrinkage=0.1


Tree=155
num_leaves=31
num_cat=3
split_feature=237 142 220 237 9 118 237 220 142 123 72 17 209 156 100 194 85 204 157 118 226 2 159 115 9 113 123 159 140 115
split_gain=1.57964 1.18725 3.53932 2.23478 1.93447 2.39975 2.16062 1.75999 3.52401 1.72662 1.62102 1.58859 1.56535 1.54727 1.53634 1.6351 1.65376 1.5912 1.52365 1.89835 1.88893 1.71057 1.70975 1.49051 1.45808 1.76148 1.44368 1.43977 1.94575 1.64414
threshold=0 0.015439964830875398 -0.011742642149329184 1 0.0053769657388329515 1.0000000180025095e-35 2 0.041138725355267532 -0.011013100389391182 0.031741408631205566 0.1040497198700905 21.500000000000004 -0.013059316668659447 0.35097050666809088 0.14789829403162005 0.044774400070309646 52.500000000000007 -0.059888234362006181 0.56913721561431896 -0.0030180553440004583 0.031286304816603668 0.19745762646198275 0.21767476201057437 0.043469266965985305 0.0024580176686868076 -0.033238451927900307 0.038032755255699165 0.36733527481555944 0.014241806697100403 0.01956077013164759
decision_type=9 2 2 9 10 2 9 2 2 2 2 2 2 2 2 2 2 2 2 2 2 10 2 2 8 2 2 2 2 2
left_child=-1 7 4 13 5 9 14 11 10 -3 -9 -2 -13 23 15 17 -17 -6 21 20 24 26 -21 27 -20 -26 -5 -4 29 -29
right_child=1 2 3 18 6 -7 -8 8 -10 -11 -12 12 -14 -15 -16 16 -18 -19 19 22 -22 -23 -24 -25 25 -27 -28 28 -30 -31
leaf_value=-0.0042099901370099653 0.0058879418739934677 0.00095570162227048621 0.024924042703168246 -0.00030512106370411159 -0.10139554353065486 -0.068481854863050182 0.013629041777702151 -0.03053368384660345 0.0064034556987419226 -0.10760904209451537 0.0069004002438985898 -0.040158695312281875 0.083931704038047311 0.021216605743122854 0.052562280083858597 -0.034872717070730308 -0.15612182513300565 -0.014013040424520977 -0.087984034116484075 -0.025681191859765674 -0.11954833746762482 -0.094598164209808766 0.056222448673977334 -0.095403334278499105 -0.099159418102139685 0.044679859426817514 0.064111627859940554 -0.09051893295660747 0.0095700070410300771 0.025703459341089141
leaf_weight=881.85009064210431 521.74436693068355 12.417340140628541 4.7917752826692874 28.983963039474474 2.5000147494147358 15.973482354017959 20.30236016404433 54.661091637641903 105.6338914390426 1.6608820168607952 14.673123960725659 1.2927418374447368 4.7584199416241963 6.8856216040512654 1.7832052944327177 2.1863823688704533 2.3170200841909718 12.519736572791771 1.2679972010100726 2.880222624440651 1.2431134222933895 1.7296167452909674 22.14606072296192 3.2723140310781664 0.96772223120933354 7.081641757418768 3.9537461206896287 6.6669507118995153 5.0738850568613989 1.4890494122341804
leaf_count=142011 90229 2712 1274 8896 434 4276 3154 12979 19812 495 3092 372 496 395 207 362 489 1774 193 342 207 571 1166 712 61 365 885 1428 808 310
internal_value=0 0.0017628 -0.00571353 0.00659434 -0.0226198 -0.0419528 -0.00865662 0.00359742 -0.00509425 -0.0118523 -0.0226115 0.00647877 0.0574216 -0.0147546 -0.0246973 -0.0444043 -0.0972559 -0.0285577 0.0151074 0.031793 -0.00376192 0.00233704 0.0467963 -0.0333152 0.0116862 0.027387 0.00742728 -0.0220415 -0.0390521 -0.0693001
internal_weight=0 872.858 170.094 98.4337 71.6604 30.0517 41.6087 702.764 174.968 14.0782 69.3342 527.796 6.05116 28.1796 21.3064 19.5232 4.5034 15.0198 70.2541 35.5868 10.5605 34.6673 25.0263 21.294 9.31736 8.04936 32.9377 18.0217 13.2299 8.156
internal_count=300507 158496 31516 17613 13903 7483 6420 126980 35883 3207 16071 91097 868 4927 3266 3059 851 2208 12686 2334 826 10352 1508 4532 619 426 9781 3820 2546 1738
cat_boundaries=0 2 4 6
cat_threshold=3662263495 4547248 19941904 131079 84935440 657738
is_linear=0
shrinkage=0.1


Tree=156
num_leaves=31
num_cat=1
split_feature=237 170 139 219 104 119 145 78 128 63 159 108 152 221 198 153 5 156 139 233 210 221 5 141 193 153 193 223 125 126
split_gain=1.38283 1.63671 1.83933 1.42106 1.5211 1.41389 1.47585 1.34919 1.34015 1.26685 2.70295 1.69893 1.51914 1.68539 1.48941 1.35992 1.47725 1.60479 1.78465 1.35877 1.28476 1.28132 1.27375 1.43457 1.72463 1.72125 1.51606 1.26697 2.32614 2.21543
threshold=0 0.58950042724609386 0.063806369900703444 0.036756984889507301 -0.045045940205454819 -0.0031683190027251835 -0.0010417276062071321 0.042705167084932334 0.031838316470384605 0.42186799645423895 1.7810884118080141 -0.056031817570328706 0.051754163578152663 -0.075214549899101243 0.16054702550172809 0.018653822131454948 0.14059797674417499 0.10275264084339143 0.021489894948899749 -0.031675102189183228 -0.078628405928611741 0.058202436193823821 0.13714733719825747 0.009176738094538452 0.0083782989531755465 -0.02635000646114349 0.01157148275524378 -0.087756682187318788 0.026830761693418029 -0.021623361855745312
decision_type=9 2 2 2 2 2 2 2 2 2 2 2 2 2 2 2 8 2 2 2 2 2 10 2 2 2 2 2 2 2
left_child=9 -2 3 -3 -5 6 -6 -4 -8 27 11 20 13 -12 22 16 17 21 -19 -20 -11 -15 23 24 25 -13 -25 28 29 -1
right_child=1 2 7 4 5 -7 8 -9 -10 10 12 14 -14 15 -16 -17 -18 18 19 -21 -22 -23 -24 26 -26 -27 -28 -29 -30 -31
leaf_value=-0.035430329184373312 0.004148480743831803 -0.045984339564264599 0.094263856551604866 -0.047078228965570262 0.082282190996594701 -0.016314755652046348 -0.097742192011734341 0.53140559531035947 0.12817969219766343 0.015371983648505142 0.044788246492894569 -0.17747428107364557 0.044254108071752007 0.062496048799392051 0.045303917678616586 0.027255437697985104 0.010889810012756556 -0.12984570976313803 0.094046210674230413 -0.077641149409598986 -0.12083111376078987 -0.1089401047562906 -0.08990046771044613 -0.037251046780549572 -0.083224898977450307 -0.0017099522867510732 0.048532051991454231 -0.00015528185922153868 -0.054740006525746725 0.01186230030433344
leaf_weight=15.401990928659869 866.71658790131778 13.697524370402339 0.31562050157117383 5.2864729107996054 4.2840834841344986 5.9549559212978211 0.98876891607778883 0.090949082678889681 0.35749837152980035 0.86494395607815011 4.7258261189244939 0.59982573281559215 7.7909229769447839 1.4512358279343938 2.6204305979485971 3.9836656429142741 3.8170082699653003 3.9629816314227355 0.73694717285616218 1.2309147785417731 3.474636253145035 0.62317208810418367 3.5032022259047144 3.8909238757973963 6.3455169227120214 7.8335195617694406 4.3787225305086395 749.67240594146415 12.030393354526266 27.755724892090257
leaf_count=3007 153253 5777 110 1275 466 1416 311 19 67 203 227 188 339 130 515 165 195 185 21 66 1071 58 1296 1188 1787 1868 851 117011 3160 5080
internal_value=0 0.00330445 -0.0192452 -0.0220554 -0.00262854 0.0176542 0.0535816 0.192052 -0.0377491 -0.00226534 -0.016085 -0.0353058 0.00665736 -0.007609 -0.0266216 -0.0232753 -0.0403023 -0.0647114 -0.0911909 -0.0133457 -0.0936838 0.010995 -0.0337201 -0.0251811 -0.0438433 -0.0142113 0.00817053 -0.00123177 -0.0158548 -0.00501535
internal_weight=0 897.692 30.9759 30.5693 16.8718 11.5853 5.63035 0.40657 1.34627 866.695 61.8344 33.5117 28.3227 20.5318 29.1721 15.8059 11.8223 8.00525 5.93084 1.96786 4.33958 2.07441 26.5517 23.0485 14.7789 8.43335 8.26965 804.861 55.1881 43.1577
internal_count=301305 162694 9441 9312 3535 2260 844 129 378 138611 10353 8967 1386 1047 7693 820 655 460 272 87 1274 188 7178 5882 3843 2056 2039 128258 11247 8087
cat_boundaries=0 2
cat_threshold=2103585835 5194089
is_linear=0
shrinkage=0.1


Tree=157
num_leaves=31
num_cat=2
split_feature=170 237 143 108 157 156 226 166 125 110 237 169 136 215 231 153 118 207 136 118 138 80 74 171 127 73 149 168 148 200
split_gain=1.91535 2.1576 1.85679 2.25801 2.24445 2.4826 2.21096 2.04794 1.73724 1.69642 1.56768 1.5388 1.49155 1.6571 1.47923 1.77025 1.48241 1.47623 1.43464 1.41044 1.39342 1.38028 1.37655 3.13549 2.42187 1.96729 1.66307 2.06475 1.64058 1.6033
threshold=0.46898615360260015 0 0.0024680288042873148 0.044356295838952071 0.51821348071098339 0.29198718070983892 0.012305783107876779 0.57365176081657421 0.0074452722910791644 -0.043723370879888528 1 12.500000000000002 0.056513013318181045 -0.082957334816455827 0.037620447576045997 0.004824988543987275 0.0094816414639353769 0.031605537980794914 -0.0096982261165976507 -0.035956749692559235 -0.020958374254405495 0.021858576685190204 0.27622890472412115 -0.021894295699894425 0.011342385318130256 0.045804196968674667 0.025774359703063968 3.1879385709762578 -0.043733078986406319 -0.0072993682697415343
decision_type=2 9 2 2 2 2 2 2 2 2 9 2 2 2 2 2 2 2 2 2 2 2 2 2 2 2 2 2 2 2
left_child=1 12 4 11 14 6 19 -7 -9 -8 -2 -4 22 -14 21 16 18 -5 -16 -6 -17 -3 25 -24 29 -1 -27 -28 -26 -25
right_child=10 2 3 17 5 7 9 8 -10 -11 -12 -13 13 -15 15 20 -18 -19 -20 -21 -22 -23 23 24 28 26 27 -29 -30 -31
leaf_value=0.0077046081795560887 -0.0067511432930665921 -0.048410057083677349 0.012198119395039928 -0.013047275250748653 -0.093221415167282731 -0.079106781075217236 -0.0077613790007293425 -0.008710521741245654 0.067779526918392216 0.11691408290708663 0.00082625485793278515 -0.15168576922391874 -0.16829591677105199 -0.025443181032072139 0.045563119260418561 0.12129914727401055 0.046551003779841928 -0.10213600876209841 -0.12135461481441948 0.046366994150309399 0.036758964364304952 0.0090167807479147478 0.047841012049128134 0.0089309616566527004 -0.14704373182003083 -0.018030129819268544 -0.073324017367476388 0.047808615070222729 0.04602701467277473 -0.087783484895410185
leaf_weight=94.503528133710915 362.94811360597805 5.2250617956666501 89.022202547215784 5.4484696497534042 0.7861358200207168 2.0224014014384002 1.2434715061390296 5.9047748791490431 5.9726695300705614 8.9220651892064762 1016.2145126244952 0.57665119817465793 1.0076831965407107 4.1822737023130676 0.760977173114043 2.9048368758290044 2.2185759939825402 2.824054835370589 1.5924574773096072 9.1377578896863287 5.9290212462228729 21.034423906295615 17.926572848001346 2.6429829653066008 0.4773885468039224 77.164042691954705 1.7136677359794683 7.8675514158205715 5.636787867354542 4.8770433691224735
leaf_count=13398 63417 1893 15583 1174 74 421 52 213 145 255 178278 304 152 814 137 426 683 748 614 414 1333 5347 3367 417 95 9367 475 730 545 725
internal_value=0 0.00673016 0.0146971 0.00652804 0.0275473 0.0464051 0.0688855 0.0139142 0.0297531 0.101663 -0.00121082 0.0111434 -0.00020319 -0.0531795 0.0113881 0.0384157 -0.0120959 -0.0434602 -0.0673822 0.0353093 0.0645583 -0.0024099 0.00107924 0.0203529 -0.0157891 -0.00227688 -0.0131511 0.0261432 0.0309523 -0.0537923
internal_weight=0 389.526 171.526 97.8714 73.6546 33.9893 20.0894 13.8998 11.8774 10.1655 1379.16 89.5989 218 5.18996 39.6654 13.4059 4.57201 8.27252 2.35343 9.92389 8.83386 26.2595 212.81 31.5608 13.6342 181.249 86.7453 9.58122 6.11418 7.52003
internal_count=301596 59901 29816 17809 12007 1574 795 779 358 307 241695 15887 30085 966 10433 3193 1434 1922 751 488 1759 7240 29119 5149 1782 23970 10572 1205 640 1142
cat_boundaries=0 2 4
cat_threshold=3133169590 4342194 1076499107 4559308
is_linear=0
shrinkage=0.1


Tree=158
num_leaves=31
num_cat=2
split_feature=237 157 192 156 206 214 10 196 201 230 71 237 144 149 153 120 152 194 116 149 0 172 71 101 92 97 102 97 8 156
split_gain=1.67284 1.36065 2.10145 1.69172 1.99883 1.58089 1.5271 1.51384 1.63744 1.54899 1.46944 1.46709 1.39185 1.38706 1.59725 1.36718 1.36283 1.34621 1.92274 1.87729 1.98548 1.78424 1.62115 1.54284 1.52024 1.32477 1.49936 1.46457 1.31601 1.61798
threshold=0 0.51821348071098339 -0.11560823395848273 0.20483683049678805 0.15251560509204867 0.096455954015254988 152.50000000000003 0.10233172401785852 -0.19868143647909162 -0.075614538043737398 0.29583333432674414 1 -0.027212281711399552 -0.051869807764887803 0.014153602067381145 -0.060214314609766 0.069893911480903639 -0.097968038171529756 0.044511336833238609 -0.015660760924220082 0.24117158353328708 0.52206715941429149 0.18580675870180133 -0.1879596337676048 0.87401136755943309 -0.10172650590538977 0.027280495502054695 -0.13699972629547116 0.16100484877824786 0.27311578392982488
decision_type=9 2 2 2 2 2 8 2 2 2 2 9 2 2 2 2 2 2 2 2 10 2 2 2 2 2 2 2 8 2
left_child=1 2 -1 7 17 6 -4 8 -3 -9 13 16 28 14 -10 -6 -8 18 21 -20 -21 23 -19 -5 -24 26 27 -14 -13 -30
right_child=-2 3 5 4 15 -7 11 9 10 -11 -12 12 25 -15 -16 -17 -18 22 19 20 -22 -23 24 -25 -26 -27 -28 -29 29 -31
leaf_value=-0.042906403593853226 -0.0025892459245647247 -0.095110568817575569 -0.026951728643926937 -0.10520391474743483 -0.21188493618455131 -0.030212969152749666 0.020711377285529516 -0.087055852465296735 -0.050158094844946113 0.061807422820634034 -0.14272555649161711 -0.042471255049152258 -0.051384828008550078 0.013094050336356423 0.1361463522683844 0.057853914057191161 -0.054492736582017809 0.00041595085315674257 -0.14589660907013416 -0.083051984701611792 0.055652173134925466 0.1091518119123748 -0.12322647839299981 0.020179089622619981 -0.01977091818107482 -0.016209490797812986 -0.049139370764197776 0.076452413220240101 0.043521874838896739 -0.095625397101872123
leaf_weight=12.679717106794667 1033.358253465512 1.3950759133222153 16.132195446347623 1.0009361803658965 0.19238611020591534 16.546432370651019 62.022361003027527 0.7509444280713059 0.61522612357293782 10.104392537346028 0.59693509602857275 2.6640810385215472 1.1015919061965176 126.65151668092903 1.8259981743394744 8.0676940711409753 2.5070704071258652 321.022683823031 1.2957342984627755 1.908192666925969 2.2475941549346317 2.2275909474756181 1.936895642105809 50.263261798072563 5.3263086594306515 56.912367275193901 1.9183658810084123 4.806004590252086 12.721427162259712 0.89440185079001899
leaf_count=8014 172772 245 28634 125 43 7371 14028 140 102 1621 84 530 278 14115 85 1055 600 29889 228 407 288 174 220 4676 797 11002 530 720 2113 200
internal_value=0 0.0036309 -0.00357125 0.00625681 0.00289566 -0.000772794 0.00224013 0.015622 0.0126501 0.0515094 0.0138093 0.0054757 -0.00385611 0.0145332 0.0891948 0.0515714 0.0154027 0.00185734 0.0157723 -0.0408031 -0.00803595 0.0215381 -0.000641067 0.017731 -0.0473597 -0.0109049 0.0276718 0.0526146 0.0218052 0.0343815
internal_weight=0 728.335 190.906 537.429 395.489 178.226 161.68 141.94 131.085 10.8553 129.69 145.548 81.0182 129.093 2.44122 8.26008 64.5294 387.229 58.9433 5.45152 4.15579 53.4918 328.286 51.2642 7.2632 64.7383 7.82596 5.9076 16.2799 13.6158
internal_count=301086 128314 74020 54294 37902 66006 58635 16392 14631 1761 14386 30001 15373 14302 187 1098 14628 36804 5898 923 695 4975 30906 4801 1017 12530 1528 998 2843 2313
cat_boundaries=0 2 4
cat_threshold=2197230616 1070162 8847384 4178
is_linear=0
shrinkage=0.1


Tree=159
num_leaves=31
num_cat=2
split_feature=237 80 237 12 71 184 127 202 113 128 159 197 103 92 214 111 110 115 203 161 128 124 80 232 174 88 55 218 107 9
split_gain=1.84072 1.16116 2.74789 1.65076 1.63155 2.03745 1.63854 1.54735 1.70939 1.46419 1.4536 1.44606 1.46206 1.39878 2.47452 1.61588 2.84348 1.4647 1.39704 1.3821 1.31892 1.26987 2.40386 1.97609 1.39091 1.36265 1.35231 1.30932 1.50188 1.35529
threshold=0 0.13079115748405459 1 443.50000000000006 0.018693221732974056 0.12041182443499567 0.0342173669487238 0.0070442354772239932 -0.038185825571417802 -1.0000000180025095e-35 0.42464260756969457 0.11272513121366502 0.092358928173780455 0.92555472254753124 -0.025464194826781746 0.054465878754854209 0.048242215067148216 0.02845112327486277 -0.10338284447789191 4.6706237792968759 -0.003989787306636571 0.023755731992423538 0.31455026566982275 -0.026411137543618676 -0.13903615623712537 0.74070578813552868 1.0000000180025095e-35 -0.044724283739924424 0.030455108731985096 0.0024580176686868076
decision_type=9 2 9 10 2 2 2 2 2 2 2 2 2 2 2 2 2 2 2 2 2 2 2 2 2 2 2 2 2 8
left_child=-1 -2 3 4 5 9 -7 21 10 18 -9 -6 -13 15 17 -5 -17 -15 -3 -11 -16 27 23 24 -23 -25 -26 28 -4 -30
right_child=1 2 7 13 11 6 -8 8 -10 19 -12 12 -14 14 20 16 -18 -19 -20 -21 -22 22 -24 25 26 -27 -28 -29 29 -31
leaf_value=-0.0037302943049981399 0.00015878193507695956 0.042918573329111878 0.049410506124852954 0.08055982315489138 0.022415585337474914 0.078452710377518345 -0.10549795348233382 0.083790123575062408 -0.017066157970096058 0.023558997023493729 -0.0094119154550100382 0.060242165331946151 0.22926854752703008 -0.21694549515031128 -0.026444347640796891 0.050972566618166626 -0.14124853115612387 0.0073449966221739334 -0.07590490291904943 -0.10964363325911548 0.10141027765961647 0.098155194326540948 -0.064921725706730188 0.0026467217609228554 0.023293197087658941 -0.065674827905843947 -0.22061342534435383 0.0065353514980619077 -0.098382980578464146 0.015586978184603565
leaf_weight=912.08321041353452 571.62795073812822 1.1803670237386548 16.492449335848054 12.677129991998305 31.510269983928993 3.6381990232184753 0.55857637728468024 3.2855199642258404 57.508877481596755 6.2596410617707088 3.4102967267729127 2.943620095004007 0.61943517375493673 0.7006855055951744 1.4592161436339666 3.8395129078453456 0.96248492177983269 0.49815364927053452 6.1184055476587673 0.88967095441512345 1.8046860377653493 2.9336585968658255 6.5118326759279617 9.0642094135978351 5.0732820295418186 4.3060659969783055 0.23797918065838519 86.732534144943656 1.3073357827140615 5.1683161468022263
leaf_count=149154 102122 193 2599 416 5696 438 119 740 14456 1080 1158 592 143 40 80 133 64 13 1543 227 48 241 1531 1694 857 1085 65 13027 643 1004
internal_value=0 0.00270407 0.00804091 0.0229446 0.0165369 -0.00736585 0.0539695 0.00126143 -0.0114985 -0.0251821 0.0363207 0.0292435 0.0896273 0.0490889 -0.000879714 0.0618468 0.0124449 -0.123746 -0.0566886 0.00698306 0.0442494 0.00729696 -0.0116594 0.00438653 0.0428901 -0.0193571 0.0123646 0.0121573 0.0333871 -0.00742183
internal_weight=0 849.32 277.692 75.6601 53.7182 18.6449 4.19678 202.032 64.2047 14.4481 6.69582 35.0733 3.56306 21.9419 4.46274 17.4791 4.802 1.19884 7.29877 7.14931 3.2639 137.828 28.127 21.6152 8.24492 13.3703 5.31126 109.701 22.9681 6.47565
internal_count=301201 152047 49925 10825 10031 3600 557 39100 16354 3043 1898 6431 735 794 181 613 197 53 1736 1307 128 22746 5473 3942 1163 2779 922 17273 4246 1647
cat_boundaries=0 2 4
cat_threshold=3190688991 229794 30416896 1544
is_linear=0
shrinkage=0.1


Tree=160
num_leaves=31
num_cat=0
split_feature=156 156 232 154 109 99 207 124 211 135 121 2 150 77 80 161 118 205 5 130 130 193 73 129 136 185 4 146 108 232
split_gain=1.61147 1.40645 1.3957 1.84836 1.63187 1.34023 1.28897 1.66048 1.35452 1.30939 1.68458 1.55461 1.76029 1.64553 1.66889 1.55349 1.55134 1.94544 1.47291 2.23135 1.49433 1.45177 1.43788 1.42045 1.91994 1.73376 1.71789 2.30475 1.41788 1.63934
threshold=0.39638906717300421 1.0000000180025095e-35 0.10441090911626817 0.028326814062893394 -0.034302445128560059 -0.035719405859708779 0.18751937150955203 -0.039155792444944375 -0.030109683051705357 -0.0097236954607069475 0.058107726275920875 0.022857889533042911 -0.040283266454935067 0.14608739316463473 0.075235851109027876 3.6114664077758794 0.055863527581095702 -0.036204578354954713 0.11127844825387002 -0.026312608271837231 -0.022700445726513859 -0.13579269498586652 0.14729990810155871 -0.027599773369729515 0.046094745397567756 0.1368471756577492 0.15411606431007388 -0.018255854956805703 -0.036525389179587357 0.025744780898094181
decision_type=2 2 2 2 2 2 2 2 2 2 2 10 2 2 2 2 2 2 10 2 2 2 2 2 2 2 10 2 2 2
left_child=1 -1 6 4 -4 -5 8 -8 -2 18 11 12 -11 15 -15 22 21 -18 20 -20 -10 -17 28 25 26 -14 -25 -28 -13 -30
right_child=2 -3 3 5 -6 -7 7 -9 9 10 -12 13 23 14 -16 16 17 -19 19 -21 -22 -23 -24 24 -26 -27 27 -29 29 -31
leaf_value=-0.096402441420902693 0.00060892413539303614 0.0022508298552239539 -0.11694110981656963 0.14221774819524627 0.012710164818700902 0.036063322131346845 -0.078075524959129783 0.056647093489078704 -0.026112466044616402 -0.065076996020569086 -0.055916811596267282 0.01731708121003013 0.020307492276500153 -0.10395673409340195 0.054051266703634859 -0.13329486440083171 0.0068153253264599178 -0.18916332447955286 0.035773291505490128 -0.044829441626079138 0.013632790061496572 -0.02515895040312266 0.053008877962231443 -2.4322890250484078e-05 0.11190477242969959 0.13296297238522234 -0.15468449291581551 -0.0042562071698081455 -0.046941679595917357 0.024029237543355318
leaf_weight=1.4465840524333078 119.58951639378756 1423.3480280236795 1.0899596803756129 1.7817532451954319 8.8801295923622074 3.5769908126931105 1.0834430366121521 5.8793380677943778 11.9297002123576 3.787705215971072 11.376026548636217 10.207572226390768 8.1401681163751984 4.2940481763689595 0.79169079837447487 1.2952563100261638 0.80202259734869619 1.3747837422633882 4.4521952091017765 15.025927386974216 45.687398987315646 29.931306641956326 3.8326823256065827 22.199729627094726 1.3343453653196764 1.6416028604726296 1.8138100393334751 2.3228749327499818 13.272174790719879 4.3121081381832473
leaf_count=22578 10335 248578 145 51 740 203 130 491 1238 380 1269 611 1081 337 41 71 36 77 326 1262 4311 1474 274 3179 115 112 185 340 1034 360
internal_value=0 0.00215067 -0.00549589 0.0239941 -0.0014637 0.0713591 -0.00688093 0.0356836 -0.00780878 -0.0128465 -0.0192623 -0.0155176 -0.000111274 -0.0245795 -0.0793598 -0.0202952 -0.0353343 -0.116957 -0.00263313 -0.0264057 0.00540348 -0.0296444 -0.00441018 0.00645894 -0.00512004 0.0392136 -0.0110491 -0.0702144 -0.0123287 -0.0295378
internal_weight=0 1424.79 341.706 15.3288 9.97009 5.35874 326.377 6.96278 319.415 199.825 122.73 111.354 41.2402 70.1136 5.08574 65.0279 33.4034 2.17681 77.0952 19.4781 57.6171 31.2266 31.6245 37.4525 27.6708 9.78177 26.3364 4.13668 27.7919 17.5843
internal_count=301364 271156 30208 1139 885 254 29069 621 28448 18113 10976 9707 5392 4315 378 3937 1658 113 7137 1588 5549 1545 2279 5012 3819 1193 3704 525 2005 1394
is_linear=0
shrinkage=0.1


Tree=161
num_leaves=31
num_cat=4
split_feature=157 237 138 170 156 130 237 207 237 168 88 156 163 145 237 115 80 53 174 230 179 98 154 133 217 175 157 197 85 62
split_gain=1.40041 1.38595 1.37047 1.30647 2.99078 2.62961 3.59564 2.55074 2.49722 2.35984 1.87762 1.73436 1.68605 1.64158 1.69748 1.76004 1.53588 1.53153 2.23001 1.77777 1.52961 2.32986 1.61563 1.55035 1.93827 1.53824 1.49351 1.62176 2.20809 1.47967
threshold=0.43761076033115393 0 -0.059171279892325394 0.49815694987773901 0.10733487084507944 -0.014216321986168621 1 -0.1008574217557907 2 2.871711373329163 0.55993899703025829 0.44023808836936956 -1.2178012132644651 0.019683330319821838 3 0.079612292349338545 0.027587519027292732 1.0000000180025095e-35 0.069736778736114516 -0.082497362047433839 -0.2901818305253982 -0.01104826247319579 0.05033387057483197 0.026451646350324157 -1.0000000180025095e-35 -0.11618677899241446 0.61253345012664806 0.074582517147064223 105.50000000000001 1.0000000180025095e-35
decision_type=2 9 2 2 2 2 9 2 9 2 2 2 2 2 9 2 2 2 2 2 2 2 2 2 2 2 2 2 2 2
left_child=1 -1 -3 4 5 6 17 -8 13 12 11 -10 16 -6 -15 -16 -7 18 19 -2 21 -11 23 -22 25 -25 29 28 -28 -12
right_child=3 2 -4 -5 8 9 7 -9 10 20 26 -13 -14 14 15 -17 -18 -19 -20 -21 22 -23 -24 24 -26 -27 27 -29 -30 -31
leaf_value=-0.02116162485669347 0.30757220571894511 0.08094385294511211 -0.0017175710962997527 -0.0017781973554211621 0.010515576515394974 -0.17313204411279667 -0.096898984810849312 -0.014864473791562201 0.085960431909946941 -0.087046620261078109 -0.017415982964431139 -0.088860741691590264 -0.097077306497217741 0.010920141952028587 -0.024859746115368123 -0.18586012161636661 0.052574908510296371 0.047640431065391425 -0.11123236534292608 0.012209405268004909 0.034291402202563714 0.049521348112848869 -0.027106608819135569 -0.20152135938356694 0.13614440031633571 0.051802418317550648 -0.0077133601955171596 0.048394456232898293 0.10506991371122486 0.003032682892151032
leaf_weight=51.409828500109597 0.21588475629687343 2.0794862776688197 56.514365821169349 1003.396116422148 231.00938125953599 0.35224714223295484 4.4434432333446265 25.785654983019413 3.5964751699139006 2.5788737351622331 141.22265548172982 0.67379718642769137 2.4719492972471917 22.069866672811258 27.965251991965491 0.69589505962357989 2.0920815989375114 18.532651499692292 1.6148920333171188 3.6346616410573942 60.728555255341234 2.4228085598642783 3.8104426939198666 0.25374129464034911 3.557852576246658 4.3323235559728346 30.347568532481091 8.2660761005026853 1.8412273054782407 47.217568131454755
leaf_count=47769 9 702 34046 150670 22229 42 699 4178 217 381 14945 75 943 1847 3243 114 83 2337 337 531 7895 307 536 30 341 439 1335 390 58 4614
internal_value=0 -0.0111658 0.00103878 0.000486098 0.00397216 0.0171133 3.63512e-06 -0.0202305 0.000480106 0.0283458 -0.00702257 0.0583758 -0.0388433 0.00670067 -0.00935011 -0.0213276 0.0200487 0.0239441 -0.0125975 0.0287692 0.0325978 -0.0208933 0.0362788 0.0397857 0.0807563 0.0377863 -0.00854945 0.00888417 -0.00126206 -0.0122921
internal_weight=0 110.004 58.5939 1655.13 651.734 136.828 54.2272 30.2291 514.906 82.6009 233.165 4.27027 4.91628 281.74 50.731 28.6611 2.44433 23.9981 5.46544 3.85055 77.6846 5.00168 72.6829 68.8725 8.14392 4.58606 228.895 40.4549 32.1888 188.44
internal_count=301342 82517 34748 218825 68155 19088 8091 4877 49067 10997 21634 292 1068 27433 5204 3357 125 3214 877 540 9929 688 9241 8705 810 469 21342 1783 1393 19559
cat_boundaries=0 2 4 6 8
cat_threshold=475917709 1086403 465610969 4270261 475497781 488394 268600609 16962
is_linear=0
shrinkage=0.1


Tree=162
num_leaves=31
num_cat=2
split_feature=156 237 157 126 6 231 190 174 128 227 237 166 117 150 75 64 138 17 5 190 160 222 146 194 111 88 187 133 113 128
split_gain=1.26693 2.53729 2.43633 1.93169 2.88297 2.30718 2.2263 1.90333 2.20574 1.83234 1.77455 1.70987 2.29535 1.52387 1.51434 2.02906 1.7976 1.66101 1.58944 1.49211 1.48932 2.53884 2.32376 1.76405 1.89827 1.57684 1.56746 2.05446 2.45442 1.74755
threshold=0.15203631669282916 0 0.56404387950897228 -0.029301241971552369 0.10603479295969011 0.009216030593961479 0.015320680569857361 -0.29172867536544794 0.021645381115376953 -0.049261873587965958 1 0.98236721754074108 0.012248677201569082 0.0090171294286847132 0.020620748400688175 5.5000000000000009 0.017501544207334522 12.500000000000002 0.094044812023639693 0.21045245975255969 2.0000000000000004 0.1111804246902466 0.013568489346653225 -0.022526829503476616 0.017519215121865276 0.83426240086555492 0.12128068879246713 -0.0091193309053778631 0.0094417920336127299 -0.0025341778527945276
decision_type=2 9 2 2 10 2 2 2 2 2 9 2 2 2 2 2 2 2 10 2 2 2 2 2 2 2 2 2 2 2
left_child=1 14 3 4 5 11 9 8 -4 13 19 -3 -13 -6 15 -1 17 -16 -17 -2 21 25 23 -22 -25 26 -9 29 -29 -28
right_child=10 2 7 -5 6 -7 -8 20 -10 -11 -12 12 -14 -15 16 18 -18 -19 -20 -21 22 -23 -24 24 -26 -27 27 28 -30 -31
leaf_value=-0.013373480113239697 0.00082577857675538878 -0.028157273822144054 -0.21651274410608715 0.0089876483588608152 -0.0031281027840876115 -0.0012516309073407708 0.04081521895975633 0.045327502872663267 0.066253324040041486 -0.031465372031264309 -0.0062672243019645558 -0.042171107940855435 -0.17598489785247556 0.11351976659989658 -0.0055485070577351034 -0.12157984453073326 0.019130034534471572 -0.084910697822278156 -0.017213039182708605 0.032024807814086238 0.060800652044585825 -0.081897812323434294 -0.16243325758935551 -0.15449832417708032 0.022293581707697911 -0.10512207959094591 -0.034608754508424232 -0.0055848352072052684 -0.20711671919598157 0.093331504096532167
leaf_weight=58.01500191815785 619.02261192299875 26.092936179738675 0.6819373682119465 274.02757821888531 2.8687979260917045 33.232678346423427 17.71386157692632 47.809948878542855 0.46327930140978424 11.716900302373231 516.77106816499872 3.6733936422333491 1.9689834803930351 1.8371313311199626 70.298619072519841 3.2634639389209488 34.654124534595439 2.7400073611561302 2.6393883098892275 15.71844759459418 2.8634416305321793 1.860903889122709 0.94926373154703458 1.0738828902349262 1.3979768482495272 0.77153233277021982 1.8966150575797653 1.788582318426051 0.91268065811891563 2.4425464457381167
leaf_count=21129 80352 10523 42 75904 962 8977 3988 2290 18 3534 48816 389 265 274 24317 1639 11577 1097 770 3115 141 198 115 78 68 56 118 126 98 92
internal_value=0 0.00365174 0.00759778 0.00466064 -0.00730367 -0.019667 0.0162258 0.0256516 -0.102124 -0.0102966 -0.00198594 -0.0389512 -0.0888672 0.0424097 -0.00648552 -0.0190567 0.000373528 -0.00852574 -0.0749135 0.00157359 0.0279463 0.0329995 -0.0182734 0.00737576 -0.0545125 0.0368435 0.0388404 -0.0052118 -0.0736768 0.0374098
internal_weight=0 609.655 438.045 373.132 99.1047 64.968 34.1367 64.9126 1.14522 16.4228 1151.51 31.7353 5.64238 4.70593 171.611 63.9179 107.693 73.0386 5.90285 634.741 63.7674 57.4828 6.28457 5.3353 2.47186 55.6219 54.8504 7.04042 2.70126 4.33916
internal_count=301068 168785 108256 104816 28912 20154 8758 3440 60 4770 132283 11177 654 1236 60529 23538 36991 25414 2409 83467 3380 2978 402 287 146 2780 2724 434 224 210
cat_boundaries=0 2 4
cat_threshold=1285560104 1339402 512667916 1339585
is_linear=0
shrinkage=0.1


Tree=163
num_leaves=31
num_cat=1
split_feature=237 217 120 132 97 63 57 210 173 103 37 122 181 85 233 69 4 66 82 134 197 63 43 226 172 82 86 116 63 17
split_gain=1.20196 1.42718 2.03935 1.82833 1.7039 2.05719 1.65397 2.02176 1.94698 1.64669 1.67984 1.6922 1.73626 1.61946 3.27671 1.96599 1.535 1.45989 1.74258 1.70902 1.57548 1.76187 1.56105 1.57088 1.50364 2.16915 1.74411 1.67083 1.47936 1.4518
threshold=0 -0.004217632580548524 -0.0011894478229805825 -0.032425671815872185 -0.15849865227937696 0.16147579997777942 1.0000000180025095e-35 0.052167812362313278 -0.026354509405791756 -0.033450966700911515 1.0000000180025095e-35 -0.030986852012574669 -0.04854463413357734 98.500000000000014 -0.04416323080658912 126.91276168823244 0.065272010862827315 0.48805965483188635 0.16228070110082629 -0.016745761968195435 -0.053661981597542756 0.051160620525479324 1.0000000180025095e-35 0.027745702303946022 -0.041820056736469262 0.043961353600025184 -0.83668389916419972 -0.0014269204111769793 -0.36922886967658991 26.500000000000004
decision_type=9 2 2 2 2 2 2 2 2 2 2 2 2 2 2 2 10 2 2 2 2 2 2 2 2 2 2 2 2 2
left_child=1 4 3 -3 5 -1 13 9 -9 -8 11 12 -11 -5 -15 -16 -7 18 19 -4 21 28 24 -24 25 26 -19 -28 -21 -6
right_child=-2 2 17 6 29 16 7 8 -10 10 -12 -13 -14 14 15 -17 -18 22 -20 20 -22 -23 23 -25 -26 -27 27 -29 -30 -31
leaf_value=-0.1372064175277655 0.00115754811150161 0.020423649031740779 0.068756193996882473 -0.0002893873699923434 -0.010256652671896327 0.11030816612889803 0.00073108361369489069 0.058773619383527632 -0.074436127279793984 -0.11929094951187114 -0.12716775675868566 -0.063278306851213176 0.088496988372517016 0.082091894586990594 -0.034755231226834098 -0.18320597820840889 -0.1444573198907956 -0.094156748497287168 -0.1537451399672512 0.065059426346931362 0.033109643571891306 0.027613807972437728 0.065686160308568026 -0.083077569884324631 0.0050024300448281833 0.070719355540299136 -0.11449030827031484 0.044899412476745011 -0.11443479990277083 0.084911194748997873
leaf_weight=2.2173950039014012 1350.5683446420737 18.138510740058791 9.0499390487102591 54.741742406250978 212.6506490621282 0.7522027397626514 5.1924321090828078 3.7926401752056336 1.543843428743229 0.54279422487388762 3.3407746966131517 11.195644710165192 1.551829937245208 1.1971634933383937 1.7814209554726397 1.787005585168117 0.34495292578139924 5.1702484439613263 0.51330831717132142 0.56557387351495014 16.81747413492576 3.004823573250178 5.9578539347273809 0.80582484930437193 43.4093924411427 1.546814089928829 0.91949018975537944 2.3097358598442943 2.4405930656585069 1.6151540814516909
leaf_count=402 238345 2615 650 8780 31651 87 676 416 497 124 700 2103 145 183 273 308 45 1412 38 30 1163 213 804 387 8018 212 316 473 215 174
internal_value=0 -0.00493573 0.00110412 -0.0084473 -0.0106399 -0.0817902 -0.0144897 -0.0349379 0.0202361 -0.0484296 -0.0637782 -0.047844 0.0346515 -0.00515681 -0.0610683 -0.109097 0.0302082 0.0119249 0.029039 0.0319822 0.0174038 -0.0265378 0.00270402 0.0479624 -0.0030332 -0.0381038 -0.0581442 -0.000485235 -0.0806651 -0.00953927
internal_weight=0 414.897 197.317 104.806 217.58 3.31455 86.6673 27.16 5.33648 21.8235 16.631 13.2903 2.09462 59.5073 4.76559 3.56843 1.09716 92.5111 32.3917 31.8784 22.8285 6.01099 60.1194 6.76368 53.3557 9.94629 8.39947 3.22923 3.00617 214.266
internal_count=301455 63110 30751 16820 32359 534 14205 4661 913 3748 3072 2372 269 9544 764 581 132 13931 2309 2271 1621 458 11622 1191 10431 2413 2201 789 245 31825
cat_boundaries=0 2
cat_threshold=3808953386 198712
is_linear=0
shrinkage=0.1


Tree=164
num_leaves=31
num_cat=2
split_feature=66 6 86 13 11 237 237 17 161 135 4 163 116 201 151 129 135 76 80 147 230 172 95 129 155 163 4 226 69 189
split_gain=1.55178 1.86254 1.71506 1.77548 1.55356 2.43506 2.16258 1.81954 2.31861 1.57757 2.54358 2.21632 2.8638 2.43402 2.03851 2.03653 1.95947 1.81482 1.68322 1.76205 1.67983 1.60623 1.92094 1.80425 1.68214 1.57387 1.94461 2.54486 2.29984 1.9719
threshold=8.1687545776367205 0.25657895207405096 -0.82142436504364003 0.049238052219152458 0.051061308011412627 0 1 28.500000000000004 2.9059228897094731 -0.0097236954607069475 0.050396826118230827 -0.81838205456733693 -0.018746302463114258 -0.073183391243219362 0.020189349539577964 0.035846067592501647 -0.0066405849065631619 0.15831244736909869 0.035190919414162643 -0.015803001821041104 -0.022509762085974213 -0.081327747553586946 0.03084543347358704 0.0010084913228638472 0.01818732358515263 0.19741666316986087 0.071503762155771269 -0.055212890729308121 135.80162048339847 0.17403002083301547
decision_type=2 8 2 10 8 9 9 2 2 2 10 2 2 2 2 2 2 2 2 2 2 2 2 2 2 2 10 2 2 2
left_child=4 2 -2 -4 5 -1 9 -7 -9 14 11 12 -11 -14 15 21 -15 -12 19 -18 -16 22 23 -6 -23 26 27 -8 29 -29
right_child=1 -3 3 -5 6 7 25 8 -10 10 17 -13 13 16 20 -17 18 -19 -20 -21 -22 24 -24 -25 -26 -27 -28 28 -30 -31
leaf_value=-0.0077917230406199306 -0.021509687731077393 -0.04619592620149001 -0.0067962389578156389 0.051072140515544519 -0.021166997283505774 0.0020084238211458801 0.036594442812653637 0.16192305772022886 -0.21676533679551754 -0.045948054761116741 0.03712005391177195 -0.032086642884182268 0.076463848571475757 0.1056254204785394 -0.080763718753012997 0.03097379442381118 0.051513089102563414 -0.031295100677569153 0.013838749115738305 -0.10555353418102575 0.044552443811463588 -0.041031933159232731 -0.071774241440895656 0.087022542757541274 -0.1193258184989382 -0.0094891620247357315 0.0026972851694390646 0.0083801582164516226 -0.10528453179691899 0.047738197826073497
leaf_weight=397.75086321912352 30.876261674132589 14.84342633365395 14.277714465542891 8.4336884706062829 3.2782516624065412 744.68232444222247 50.897118978899471 0.20572990530126745 0.75517109137126681 7.2422314513441988 23.95492750353333 25.744638854941059 6.7523054617977367 1.673193799748337 1.266971949728031 4.8694235991847554 0.95769415493123267 4.6260516559113958 9.1123008223985362 2.8098242744417723 6.8690045516177616 24.296745821988686 2.6704084594016422 2.9094945178439957 3.0935290270676878 43.345704346798357 168.12905100260696 136.09465539276698 1.6889556421956502 14.043251425211563
leaf_count=63749 20917 10311 11529 3721 552 108328 4785 10 239 461 2973 8376 278 77 331 734 58 499 601 287 804 4380 741 367 663 23933 14507 15220 339 1591
internal_value=0 -0.0148493 -0.00616647 0.0146927 0.000511362 -0.0015846 0.00489797 0.00180675 -0.135688 -0.00606442 0.00190048 -0.0108107 0.00837628 0.0268425 -0.0206972 -0.0297467 0.00381925 0.0260465 -0.00940621 -0.0656276 0.0250376 -0.0379036 -0.000887959 0.029704 -0.0498746 0.00833997 0.0106487 0.0172433 0.0107562 0.0120615
internal_weight=0 68.4311 53.5877 22.7114 1689.72 1143.39 546.326 745.643 0.960901 132.127 82.8732 54.2922 28.5475 21.3053 49.2538 41.1179 14.553 28.581 12.8798 3.76752 8.13598 36.2484 8.85815 6.18775 27.3903 414.199 370.853 202.724 151.827 150.138
internal_count=301361 46478 36167 15250 254883 172326 82557 108577 249 22182 13610 10138 1762 1301 8572 7437 1023 3472 946 345 1135 6703 1660 919 5043 60375 36442 21935 17150 16811
cat_boundaries=0 2 4
cat_threshold=2398948802 590912 545346197 4700567
is_linear=0
shrinkage=0.1


Tree=165
num_leaves=31
num_cat=3
split_feature=160 237 168 88 85 143 118 232 212 88 203 237 140 218 93 224 72 154 237 107 194 130 178 225 198 112 133 4 74 185
split_gain=1.41167 1.56013 1.69038 2.20287 1.68727 1.74138 1.65585 1.47628 1.52397 1.68417 1.43961 1.41887 1.42546 2.43552 2.41187 2.3638 1.83403 1.72578 1.7956 1.73335 1.63588 1.53549 1.47308 1.66676 1.53763 1.46399 1.46214 1.39673 1.3938 1.86904
threshold=2.0000000000000004 0 3.6751401424407963 0.70704859495162975 43.500000000000007 -0.030415617860853669 0.095640175044536604 -0.052118251100182526 -0.01562946522608399 0.66883197426795971 -0.097096599638462053 1 0.024831078946590427 -0.010259472299367188 -0.21969643980264661 -0.0030083211604505773 0.043717153370380409 -0.072053495794534669 2 0.096937179565429701 -0.03921480476856231 0.046341974288225181 -0.11201819404959677 0.0029628956690430646 -0.10287820920348166 -0.018001479096710678 -0.041670367121696465 0.061648298054933555 0.043717153370380409 0.2010464742779732
decision_type=2 9 2 2 2 2 2 2 2 2 2 9 2 2 2 2 2 2 9 2 2 2 2 2 2 2 2 10 2 2
left_child=11 6 4 10 27 7 -2 -6 9 -9 -4 -1 28 14 15 -14 22 -15 19 21 25 -19 -16 24 -24 -18 -20 -3 29 -13
right_child=1 2 3 -5 5 -7 -8 8 -10 -11 -12 12 13 17 16 -17 20 18 26 -21 -22 -23 23 -25 -26 -27 -28 -29 -30 -31
leaf_value=-0.0025536059225582143 0.012291369077453302 -0.015233235945422606 -0.11466701653818596 0.015562179608624875 -0.087746431319414619 -0.023346420609985426 -0.12922958569375392 0.074414608336086444 0.095258084803836934 -0.13932511905706951 -0.020108631936700719 0.00084348160705780245 0.08821205094730844 -0.18088670016467201 0.042801493283949998 -0.091010788380285576 -0.031866837118532228 -0.0021736144761470718 -0.044056048714874924 -0.14666911394527127 -0.030477520660043451 -0.094498372743259826 0.037315551297231644 -0.0025350969227403491 -0.068122430931393127 -0.12702621490106372 0.031828756890137158 -0.07927384518351091 0.0085114603704788978 -0.041198992137416769
leaf_weight=820.90230645390341 38.290506970693059 5.3907822084291857 1.8378598642620989 28.973692927998627 0.82727813231304015 52.301043542540128 0.84500746393405179 0.77566240582927981 3.2569618189277199 0.70255559438737691 12.990749940610497 196.49018542110309 3.4111626297717521 0.494546602567424 4.0566217214382041 0.93834032748145446 2.5799119907669592 40.627581494621609 2.7551775859944874 0.89787855531903815 12.060817285526808 1.884986369186662 1.626164997568593 17.529245193014503 9.2536706963724118 4.3304118372661859 32.375936899257113 9.2483125973326406 442.51709194790101 11.175469919551004
leaf_count=139669 7241 2115 364 2964 149 11562 199 121 464 216 2073 32793 398 74 646 287 551 6262 768 169 2428 366 346 2916 2114 991 5936 1678 73727 1414
internal_value=0 -0.00963999 -0.0147254 -0.000481123 -0.025362 -0.0176889 0.00735604 0.0355056 0.0570388 -0.0271699 -0.0318282 0.000340387 0.00335649 -0.00595864 -0.0219566 0.0495474 -0.028003 0.00533324 0.0065058 -0.00745412 -0.052705 -0.00626725 -0.0135685 -0.0216177 -0.052363 -0.0914993 0.0201436 -0.0556912 0.00533971 -0.00141902
internal_weight=0 155.44 116.305 43.8023 72.5026 57.8635 39.1355 5.56246 4.73518 1.47822 14.8286 1605.91 785.005 134.822 55.7863 4.3495 51.4368 79.0361 78.5416 43.4104 18.9711 42.5126 32.4657 28.4091 10.8798 6.91032 35.1311 14.6391 650.183 207.666
internal_count=301001 29146 21706 5401 16305 12512 7440 950 801 337 2437 271855 132186 24252 10677 685 9992 13575 13501 6797 3970 6628 6022 5376 2460 1542 6704 3793 107934 34207
cat_boundaries=0 2 4 6
cat_threshold=1648435912 438848 1179030999 4894219 815351808 1315168
is_linear=0
shrinkage=0.1


Tree=166
num_leaves=31
num_cat=1
split_feature=160 237 10 153 88 83 146 115 224 213 227 92 188 71 156 142 134 120 119 130 202 146 227 115 115 98 197 119 4 164
split_gain=1.07225 1.32554 1.4859 2.3654 2.32592 1.68523 1.59351 1.75414 1.77409 2.0979 1.5056 1.48029 2.97934 1.86045 1.72681 1.90794 1.86632 1.76373 1.74474 1.6537 1.63105 1.48837 2.69391 1.4748 1.44907 1.44658 1.43566 1.49474 1.70862 1.50813
threshold=1.0000000000000002 0 844.50000000000011 0.023159331642091278 0.55993899703025829 21.500000000000004 -0.021336786448955532 -0.074064176529645906 0.065988048911094679 -0.041389748454093926 0.11881510168313981 0.94433763623237621 0.096021384000778212 0.034286834299564369 0.29198718070983892 0.0026199512649327521 0.012245237827301027 -0.038239451125264161 0.040686178952455528 0.01319333538413048 -0.059947708621621125 -0.023730176500976082 -0.0097314845770597441 0.025737948715686802 -0.018975563347339627 0.073362145572900786 0.066970396786928191 0.022126770578324798 0.054299755021929748 2.2499048709869389
decision_type=2 9 10 2 2 2 2 2 2 2 2 2 2 2 2 2 2 2 2 2 2 2 2 2 2 2 2 2 8 2
left_child=1 2 6 5 -5 11 7 -1 9 -9 25 14 13 -13 19 17 -17 -16 -19 20 23 22 -22 -4 -10 -8 27 28 -27 -29
right_child=-2 -3 3 4 -6 -7 10 8 24 -11 -12 12 -14 -15 15 16 -18 18 -20 -21 21 -23 -24 -25 -26 26 -28 29 -30 -31
leaf_value=-0.067064411490016601 -0.003250204815369675 0.0040238162493061594 -0.027284125319083044 -0.19905288910357188 0.021243968910087674 -0.17411593009216952 -0.0085862963889847838 -0.010805195052991184 0.027795593539331798 0.039432753934241838 -0.045103005775375231 -0.13866810573020913 -0.21825286893247223 0.0079750990610833548 0.0079717493517600553 0.029806911703241956 -0.080965780544641486 -0.072868229180620442 -0.19164333448255902 -0.047942672084347077 -0.1259131127122578 0.01659147903707869 0.018773283716034317 -0.18070317553042284 -0.069938019503208923 -0.046711777186120289 0.034607719211703601 0.027920790160245287 0.024074579450804181 -0.053139503456034159
leaf_weight=2.4395567119336183 667.2712687184885 778.24438774665123 2.5198745872130455 0.49155482061178446 19.17294898826367 0.73640434257686038 110.08927263176042 11.09867638586138 2.5657841020163232 33.109407763590752 8.5016922019358372 1.2145323123404512 1.1110464259982107 3.0075374174921308 1.9013586486689735 4.5936892786994568 2.2738381500821561 5.2470355739351353 1.6181508495938031 8.4105460708014999 2.193438992366282 28.875249074993931 3.1134410562481127 0.83394260285422195 3.7115608866770335 4.0268647523334975 17.814829425867629 3.1993066025615908 22.257535917796304 8.1219561873685944
leaf_count=683 125934 124625 140 14 705 35 25216 2221 567 5747 2959 39 33 76 51 97 54 122 43 447 130 1226 151 38 1059 1435 2388 315 2593 1686
internal_value=0 0.00183742 -0.00359098 -0.014791 0.0157372 -0.0236649 0.000560031 0.0157544 0.0197564 0.0268202 -0.00406129 -0.0220092 -0.0725506 -0.0342087 -0.0176321 -0.0463393 -0.00686992 -0.0772588 -0.100864 -0.00786399 0.0011163 0.0076458 -0.0410285 -0.0654325 -0.0299907 -0.00195311 0.0112233 0.000145437 0.0132299 -0.0302325
internal_weight=0 1092.5 314.251 87.3146 19.6645 67.6501 226.936 52.925 50.4854 44.2081 174.011 66.9137 5.33312 4.22207 61.5806 15.6341 6.86753 8.76655 6.86519 45.9465 37.5359 34.1821 5.30688 3.35382 6.27734 165.51 55.4205 37.6057 26.2844 11.3213
internal_count=300829 174895 50270 3401 719 2682 46869 10277 9594 7968 36592 2647 148 115 2499 367 151 216 165 2132 1685 1507 281 178 1626 33633 8417 6029 4028 2001
cat_boundaries=0 2
cat_threshold=2046907058 5016585
is_linear=0
shrinkage=0.1


Tree=167
num_leaves=31
num_cat=3
split_feature=157 237 156 185 107 102 149 111 114 189 125 237 85 1 155 217 199 110 116 157 134 117 226 70 189 5 237 166 94 232
split_gain=1.51764 2.30484 2.13258 1.92656 1.99027 2.49658 1.93638 1.96243 1.6684 1.54353 1.98247 1.52467 2.14037 1.65097 2.1025 2.1001 2.01569 2.55577 1.99708 1.98819 1.70912 2.92318 1.92652 1.5693 1.52736 1.51168 1.49227 1.564 2.21365 1.97959
threshold=0.44954396784305578 0 0.28281377255916601 0.14362245053052905 0.066015563905239119 0.030049264430999759 -0.015660760924220082 -0.062238110229372971 0.062157677486538894 0.061361059546470649 0.043905319646000869 1 57.500000000000007 0.0050808819942176351 0.023579217493534092 -0.12663894146680829 -0.024651908315718171 0.091284602880477919 0.042078983038663871 0.68493673205375682 0.0027075564721599226 0.010799326933920385 0.020639213733375076 2.5000000000000004 -0.060010744258761399 0.062223451212048538 2 0.82883960008621227 0.22916726022958758 -0.0011123861768282948
decision_type=2 9 2 2 2 2 2 2 2 2 2 9 2 10 2 2 2 2 2 2 2 2 2 2 2 10 9 2 2 2
left_child=1 -1 3 26 5 6 7 -5 -6 -9 -11 12 -4 -14 16 -16 -15 18 20 -17 21 22 -18 -13 -19 -7 27 -2 -29 -30
right_child=2 -3 11 4 8 25 -8 9 -10 10 -12 23 13 14 15 19 17 24 -20 -21 -22 -23 -24 -25 -26 -27 -28 28 29 -31
leaf_value=-0.019523624292008518 0.013714483525495751 0.004558337315107343 -0.00048265689981429651 -0.19270582915820722 0.050665712420404241 -0.066835637588093508 0.0090116793887380191 0.085750964795982168 -0.051887358390418997 0.044451213855504379 -0.11321108595838579 -0.1442511979228995 -0.0075728831882176514 -0.0035302210517411253 -0.24733498697230441 -0.10654239337344878 -0.16977326308677052 -0.034028330699163181 -0.13716827067580434 0.07623225213458272 0.0062172554156302521 -0.00042830567820370015 -0.012205926015513079 -0.00053490394360518703 -0.26541753078890212 -0.0038508191046466738 -0.0010913337300855611 0.002913453876190489 -0.14806670124356405 -0.019184898823469933
leaf_weight=80.118225774596795 194.26320499231997 69.971503804093345 61.090371228850927 0.32002188000842657 21.497461795644998 5.4139988642614325 40.031997334463085 8.1155187640015303 1.7127506234646706 4.707942197082958 0.96019843982867303 0.76093217024390369 26.193576111773837 14.419242930729522 0.82866682158783067 3.1454602813028028 2.7155583066232851 0.42508073500357568 1.987890904652885 0.73403614712879051 6.7859493943251437 3.7636093399778474 1.0863993409438988 506.67207734312342 0.86732816073344909 12.866372341079112 486.49438767385459 202.52441041613474 1.7887394058034258 3.5709498523683569
leaf_count=52565 39678 44627 4302 74 1910 1750 6251 974 229 490 171 73 3141 521 21 225 137 26 155 21 317 206 69 52975 41 1709 75572 12722 210 193
internal_value=0 -0.00929376 0.00121853 0.0041285 0.0176153 0.00944782 0.0202374 0.0521007 0.043098 0.0577845 0.0177428 -0.00331718 -0.0127864 -0.0267573 -0.0404275 -0.102827 -0.0312613 -0.0539398 -0.0432321 -0.0719598 -0.0302206 -0.0629036 -0.124749 -0.000735914 -0.189312 -0.0225047 0.00267719 0.00708704 0.00123475 -0.0621978
internal_weight=0 150.09 1615.74 984.268 95.6263 72.416 54.1357 14.1037 23.2102 13.7837 5.66814 631.476 124.043 62.9528 36.7592 4.70816 32.0511 17.6318 16.3394 3.8795 14.3515 7.56557 3.80196 507.433 1.29241 18.2804 888.642 402.147 207.884 5.35969
internal_count=301355 97192 204163 141933 13558 11419 7960 1709 2139 1635 661 62230 9182 4880 1739 267 1472 951 884 246 729 412 206 53048 67 3459 128375 52803 13125 403
cat_boundaries=0 2 4 6
cat_threshold=1063087561 1317312 328730718 4718792 559459446 4766052
is_linear=0
shrinkage=0.1


Tree=168
num_leaves=31
num_cat=3
split_feature=237 159 213 157 202 10 109 219 237 146 109 139 12 112 2 182 120 123 102 120 1 192 157 164 228 237 225 147 79 2
split_gain=1.67477 1.37058 1.49113 1.56901 1.67331 1.85022 1.49696 1.43318 1.39125 1.45247 1.3911 1.71642 1.70835 1.66961 1.69122 1.41701 1.40022 1.38551 1.24864 1.22302 2.26028 3.6142 2.01801 1.90969 1.8285 1.6941 1.68197 2.65687 2.05747 2.32858
threshold=0 0.054032409563660629 0.091270081698894515 0.44954396784305578 0.033920420333743102 77.500000000000014 -0.030751417391002175 -0.13345557451248166 1 0.029547305777668956 0.022085601463913921 -0.055435040965676301 166.50000000000003 -0.027863360941410061 0.3390804678201676 0.046187650412321098 -0.038239451125264161 0.0044482720550149688 0.10183327272534372 0.025620746426284317 0.05052654072642327 -0.022960511036217209 0.51821348071098339 5.0782890319824228 0.036853935569524772 2 -0.099722497165203081 -0.014169945847243069 0.26172162592411047 0.095564253628253951
decision_type=9 2 2 2 2 10 2 2 9 2 2 2 10 2 10 2 2 2 2 2 8 2 2 2 2 9 2 2 2 8
left_child=-1 8 19 -4 5 7 -7 -5 9 17 11 -10 -13 -12 15 16 -15 -2 -6 26 21 22 -21 -23 -24 -22 27 -3 -29 -30
right_child=1 2 3 4 18 6 -8 -9 10 -11 13 12 -14 14 -16 -17 -18 -19 -20 20 25 23 24 -25 -26 -27 -28 28 29 -31
leaf_value=-0.0043791255724428355 0.037751751860226723 0.032653714133140874 -0.023725297199672552 0.25598366148689405 0.049699393604509812 -0.037055961229754762 0.029670050042254453 -0.043103535777317348 0.088272346039922567 0.11276439881237513 -0.07382496431080332 -0.028042055867868673 -0.095390890500108211 -0.1273067668677729 0.45302996171791432 -0.11862442872165822 0.048449269031424033 -0.035272012695022961 -0.041376911083173075 -0.036929782673397228 -0.011128779661178442 -0.021953957530130689 0.031359157124382656 -0.068852433963751819 -0.024623275917515331 0.013994740805525978 0.0043272592429294595 -0.011703338450042549 -0.022003592920753386 -0.11397510549959876
leaf_weight=694.33819292768067 6.21553505835527 8.9699197457603059 8.3024682428581382 0.16395425284281095 21.85564903536488 3.8973648663413796 24.483349261044168 7.0262867155342992 0.81695699154806689 1.4853964437834282 2.4582794431394177 7.8031066670864693 7.2803036008772324 0.49636888381246524 0.090154637514387903 0.68881134494176866 5.2229679649935843 4.4645212888358401 1.616656578682522 9.9262985016464409 36.981946717462506 19.958021963079318 20.461313272614465 15.368397328143145 8.1614816412602504 55.193543826758287 750.74524655709706 23.603592632301115 6.0418101070290477 5.0570293129289903
leaf_count=117278 1213 1419 7795 10 4452 471 2315 4186 68 293 798 3239 913 161 29 312 1073 1088 313 4054 3548 7695 1972 1299 702 6894 120344 4285 1457 1398
internal_value=0 0.00189591 0.00259462 0.0169789 0.0227026 0.0090274 0.0205069 -0.0362837 -0.0169895 0.0110386 -0.0250643 -0.0529029 -0.0605493 -0.00362768 0.0229276 0.0168766 0.0331958 0.00722606 0.0434265 0.00158603 -0.00621907 -0.0192513 0.00192251 -0.0423567 0.0153964 0.0042258 0.00321747 -0.0158603 -0.0284003 -0.0639091
internal_weight=0 1064.84 1027.81 67.3457 59.0433 35.571 28.3807 7.19024 37.0224 12.1655 24.8569 15.9004 15.0834 8.95658 6.4983 6.40815 5.71934 10.6801 23.4723 960.469 166.051 73.8755 38.5491 35.3264 28.6228 92.1755 794.418 43.6724 34.7024 11.0988
internal_count=301074 183796 174609 19542 11747 6982 2786 4196 9187 2594 6593 4220 4152 2373 1575 1546 1234 2301 4765 155067 26164 15722 6728 8994 2674 10442 128903 8559 7140 2855
cat_boundaries=0 2 4 6
cat_threshold=443095073 4680330 1166156424 64 562070020 558388
is_linear=0
shrinkage=0.1


Tree=169
num_leaves=31
num_cat=0
split_feature=4 10 129 207 162 133 95 173 230 139 183 10 102 152 180 188 134 107 113 219 170 204 139 99 119 137 115 184 7 180
split_gain=1.27935 1.21486 1.15611 3.13664 2.14389 1.98482 1.70769 2.03024 2.59838 2.31038 1.99767 2.00263 2.01386 1.70017 1.67412 1.67376 2.20815 1.7612 1.69105 1.64621 1.6447 1.78444 1.92637 2.20823 1.80169 1.91387 1.82297 1.73771 1.68585 1.64551
threshold=0.07458051294088365 2.5000000000000004 0.0059837619774043569 -0.050924010574817651 63.771419525146491 0.0046554654836654672 -0.015094262547791002 -0.02132336143404245 -0.048687707632780068 0.0011829882860183718 0.025500610470771793 363.00000000000006 0.0097215943969786184 0.015302206855267288 0.039707148447632797 0.13560208678245547 -0.027038582600653168 -0.040148191154003136 0.04800753481686116 -0.0074464846402406684 0.50360003113746654 -0.030190045945346352 0.0062043599318712958 -0.08748526498675345 0.053427036851644523 0.032181518152356155 -0.028656270354986187 0.21456851065158847 0.1756822615861893 0.20451381057500842
decision_type=8 10 2 2 2 2 2 2 2 2 2 10 2 2 2 2 2 2 2 2 2 2 2 2 2 2 2 2 10 2
left_child=1 -1 6 -4 5 14 7 9 13 10 15 -12 -13 -9 -5 -3 -17 -18 -19 -7 -8 24 23 29 26 -26 -22 -28 -24 -23
right_child=-2 2 3 4 -6 19 20 8 -10 -11 11 12 -14 -15 -16 16 17 18 -20 -21 21 22 28 -25 25 -27 27 -29 -30 -31
leaf_value=-0.095161449270578569 -0.0022421706346243699 0.0067096060479358427 -0.015175664267427242 -0.002646696524168244 0.024790526558853582 -0.067050596844174068 0.0038861267768229633 0.086512967938801005 0.010787097297957458 0.015441597423374396 -0.0048833843436580232 -0.098991604165410543 -0.0088466560526017802 0.019661166453051344 0.038854988437316933 0.034337800526986657 0.049960961511548024 -0.12605984372833429 0.0014440583073289184 -0.0047343787468039737 -0.085729875791699939 -0.077378046843985748 -0.0044285948250637214 0.012531622923858392 0.061262881268359631 -0.095477306052661554 -0.035029002396083843 0.042847918283776543 -0.062803103432930385 0.052967943089567406
leaf_weight=1.2480258763916925 1138.6609753260111 42.961802617847297 40.299670965580844 25.226995695424648 102.36605886667053 6.4015506463279079 100.23523494483584 8.6204892857290343 57.404065711174326 53.186921869088565 9.4827181204404969 7.1353238379379018 3.7970571016339818 6.809059948564026 15.811941819733418 2.7960152621189991 1.0042212792250209 4.1368762164424862 1.3895753932592922 12.549956897280024 6.3968788802862937 4.8626394725706623 10.94365530239793 48.786421989962037 3.7280219458134516 0.98481561576272714 28.547010977743415 3.1848926869060952 9.0292629476607527 1.2093930442297276
leaf_count=17076 163859 5939 9790 4610 18533 1824 20025 1512 13261 8302 3638 417 199 2224 3012 167 93 479 72 1863 1761 1033 2731 8668 715 203 6677 561 1910 154
internal_value=0 0.00340163 0.00360026 0.00979538 0.0159936 0.000982833 0.000586858 0.00729094 0.0205795 -0.000397129 -0.0119841 -0.0385125 -0.0676823 0.0570113 0.0133435 -0.00162655 -0.0400256 -0.0718633 -0.0940002 -0.0257839 -0.00552702 -0.0135452 -0.00422764 0.0054535 -0.0298203 0.0285098 -0.0370301 -0.0272126 -0.0308183 -0.0514165
internal_weight=0 620.537 619.289 202.656 162.357 59.9904 416.632 198.724 72.8336 125.891 72.7036 20.4151 10.9324 15.4295 41.0389 52.2885 9.32669 6.53067 5.52645 18.9515 217.908 117.673 74.8314 54.8585 42.8416 4.71284 38.1288 31.7319 19.9729 6.07203
internal_count=301308 137449 120373 39632 29842 11309 80741 36303 16997 19306 11004 4254 616 3736 7622 6750 811 644 551 3687 44438 24413 14496 9855 9917 918 8999 7238 4641 1187
is_linear=0
shrinkage=0.1


Tree=170
num_leaves=31
num_cat=5
split_feature=170 67 86 120 73 225 237 131 71 133 109 153 196 158 51 130 55 97 153 54 72 152 160 236 237 144 237 237 90 9
split_gain=1.55658 1.37175 1.7501 1.72641 2.09186 2.22189 1.36249 1.55531 2.3803 2.13958 1.87992 1.70728 1.59647 2.02639 1.55043 1.42407 1.4071 1.3537 2.03993 1.98089 1.625 1.4068 1.29557 1.92681 2.14152 2.53961 1.81483 1.77062 1.79992 1.74624
threshold=0.44100475311279302 4.5430188179016122 -0.91503310203552235 -0.026369279250502583 0.13389356434345248 -0.035437405109405511 0 -0.0080710570327937586 0.037386443465948112 0.030570128932595256 0.089061770588159575 -0.04438930191099643 1.0000000180025095e-35 0.36666667461395269 1.0000000180025095e-35 -0.032442601397633546 1.0000000180025095e-35 -0.071307472884654985 -0.0062197635415941468 1.0000000180025095e-35 1.0000000180025095e-35 0.03318776190280915 1.0000000000000002 1 2 -0.028815562836825844 3 4 1.7153518199920657 0.020725945010781292
decision_type=2 2 2 2 2 2 9 2 2 2 2 2 2 2 2 2 2 2 2 2 2 2 2 9 9 2 9 9 2 10
left_child=6 22 3 4 5 -3 17 11 9 12 -10 -8 -9 16 15 -15 -14 21 19 -19 -20 -1 23 24 25 29 -24 28 -25 -2
right_child=1 2 -4 -5 -6 -7 7 8 10 -11 -12 -13 13 14 -16 -17 -18 18 20 -21 -22 -23 26 27 -26 -27 -28 -29 -30 -31
leaf_value=0.044201988176474756 0.056893830439960894 0.089633146353977525 -0.0027535027042051791 -0.059694630843212859 -0.1861886232885803 -0.034185422892219763 -0.12019202098015379 0.032501553937667328 0.063259862087226754 0.086408125060524504 -0.098575815088064372 0.0092898564026993573 -0.072284734395241426 -0.14530014896127491 -0.10079705255107073 0.087287217083932486 0.12214247443333784 -0.089597757382477383 -0.05628723569455573 0.0033759364598543642 0.0082882724717343523 -0.016267276038311421 0.0044145107426869614 -0.02523070042071492 0.016050954088307253 -0.010987270104437025 -0.0075426198283444325 0.0021412571955459645 -0.0031652047229930413 -0.0083650822703324728
leaf_weight=9.7433080399234786 10.530992633528969 2.587849753737828 34.465497202622828 13.825601391864664 0.53531387485486437 3.294054497830305 1.0356071774156124 6.8615410970342117 18.993769845847741 3.0006779647374051 0.74596814448659543 61.020537581263625 6.5221532441448726 0.29285628165780586 0.71353053396705934 2.6034491108912334 0.39476043371996627 5.9781080918098706 4.5798574115558521 3.7161340841807942 26.132115538401649 6.3579464440329039 175.74670863797064 52.482650736406299 159.93061751575658 76.666226191431633 413.6766196711834 519.0987668971278 125.05380031288882 6.7149499843799267
leaf_count=1202 1165 952 20564 9285 375 2840 138 1355 2682 301 220 9536 1583 64 119 206 52 1251 1304 585 3331 930 29467 10558 18565 11175 71977 76968 21534 704
internal_value=0 -0.000899952 -0.0164607 -0.0397986 0.00306661 0.0202908 0.0094851 0.0155301 0.0323918 0.00842772 0.0571441 0.00712903 -0.00502927 -0.0294926 0.0312408 0.0637694 -0.0611884 -0.00356396 -0.0139651 -0.0539578 -0.00134141 0.0203243 -0.000347123 0.00193704 0.00920311 -0.00288104 -0.00403047 -0.00083078 -0.00917152 0.0314844
internal_weight=0 1594.61 54.7083 20.2428 6.41722 5.8819 158.692 102.185 40.1287 20.389 19.7397 62.0561 17.3883 10.5267 3.60984 2.89631 6.91691 56.5075 40.4062 9.69424 30.712 16.1013 1539.9 950.478 253.843 93.9122 589.423 696.635 177.536 17.2459
internal_count=300988 276129 34016 13452 4167 3792 24859 16256 6582 3680 2902 9674 3379 2024 389 270 1635 8603 6471 1836 4635 2132 242113 140669 31609 13044 101444 109060 32092 1869
cat_boundaries=0 2 3 5 7 9
cat_threshold=985681153 657010 9 640702178 5988112 3791720064 5805128 3518562701 43297
is_linear=0
shrinkage=0.1


Tree=171
num_leaves=31
num_cat=0
split_feature=170 157 157 113 157 156 172 59 109 107 182 114 161 121 10 197 59 141 142 130 147 1 136 208 130 136 150 77 11 77
split_gain=1.46231 1.75187 1.58453 1.45374 1.41891 1.81064 1.74117 1.47634 1.46746 1.58289 1.544 2.01612 1.35088 1.57876 1.49281 1.37361 1.39032 1.3074 1.28074 1.448 1.80438 1.51605 1.43766 1.2728 2.30385 2.29625 1.99873 1.61975 2.12943 1.4367
threshold=0.41605599224567419 0.34786841273307806 0.40495429933071142 -0.097955655306577669 0.65611082315444957 0.35097050666809088 0.60050246119499218 1.0000000180025095e-35 0.089061770588159575 -0.083532121032476411 -0.0041698995046317569 0.0050920122303068647 3.8449239730834965 0.062218535691499717 399.00000000000006 0.050473874434828765 1.0000000180025095e-35 0.018444618210196499 -0.014607534278184174 0.0045668035745620736 0.016012225300073627 0.082253448665142073 -0.045977095142006867 -0.079904314130544649 0.016117521561682228 0.0095278513617813605 0.0090171294286847132 0.20638945698738101 0.012007002253085377 0.16843971610069278
decision_type=2 2 2 2 2 2 2 2 2 2 2 2 2 2 10 2 2 2 2 2 2 8 2 2 2 2 2 2 8 2
left_child=1 -1 -2 -3 5 -4 12 8 9 10 11 -6 -7 15 -15 -14 -17 -18 -5 22 21 -21 -20 24 26 -26 -11 29 -29 -25
right_child=2 3 4 18 7 6 -8 -9 -10 23 -12 -13 13 14 -16 16 17 -19 19 20 -22 -23 -24 27 25 -27 -28 28 -30 -31
leaf_value=-0.041571753536219488 -0.023955774961200726 -0.085940790206961326 0.00033949662889485297 -0.001072096673905229 -0.14465950671780656 -0.0052422716099268934 -0.17831234447666533 0.026516680563875902 0.055801883757731541 0.0099830625536376626 -0.19512589930133081 0.10482441671907193 -0.031714578036518108 -0.04932912914508307 -0.21819639135760835 0.020395102679961627 -0.14992777718338809 0.065530994757500433 -0.062534548205327709 -0.075173147192457712 0.043284961292107738 0.027205323853893459 0.043951520693272572 -0.00072890646640860627 -0.20234390804666386 0.015338387201078055 0.065946010454422346 -0.12183496835678415 0.057120021075294583 -0.057659665525386594
leaf_weight=5.2436654904470279 28.427608824392564 1.3069957034867901 1172.6644003934302 19.217804370618978 0.63470594183672824 214.8159560542008 0.60523693536924739 33.382802254003764 5.2906383541085225 18.140331236212667 0.78387907899741449 0.66150848446704913 29.124096065260346 1.6402186664818139 0.76890120585449029 10.758028766433195 0.96259271830240389 0.39810623197627137 1.3183668940273481 3.926901947280383 4.9874531132059019 2.2898647991787584 33.091149477436829 152.751242131033 0.88037615043867745 1.0779043724396613 9.8458180403322313 0.72590883050724819 7.915349503935432 4.5652067797855116
leaf_count=3119 42189 131 205981 2438 34 28162 87 1380 172 680 33 21 3225 359 47 1228 171 49 133 588 502 285 2991 6407 57 44 287 96 201 244
internal_value=0 0.0140655 -0.000545254 0.0184766 -0.000146364 -0.00133201 -0.00889789 0.00702665 0.00382587 0.00243693 -0.0843371 -0.0173382 -0.00850119 -0.0245387 -0.103225 -0.0199423 0.00834906 -0.08689 0.0205817 0.0297047 -0.00151901 -0.0374634 0.0398716 0.0033583 0.0223341 -0.0825242 0.0296714 -6.55939e-05 0.0420869 -0.00238099
internal_weight=0 71.3822 1696.82 66.1385 1668.39 1431.74 259.073 236.656 203.273 197.982 2.08009 1.29621 258.468 43.6519 2.40912 41.2428 12.1187 1.3607 64.8315 45.6137 11.2042 6.21677 34.4095 195.902 29.9444 1.95828 27.9861 165.958 8.64126 157.316
internal_count=301341 10187 291154 7068 248965 239309 33328 9656 8276 8104 88 55 33241 5079 406 4673 1448 220 6937 4499 1375 873 3124 8016 1068 101 967 6948 297 6651
is_linear=0
shrinkage=0.1


Tree=172
num_leaves=31
num_cat=1
split_feature=237 156 170 113 216 51 13 145 143 187 104 223 216 166 107 104 210 156 232 127 214 113 139 217 231 130 159 200 126 150
split_gain=1.90986 1.57946 1.6143 1.62303 2.18946 2.52673 1.56514 1.78786 1.75243 2.14067 2.08483 1.59573 2.14985 1.55762 2.9013 1.55537 1.5254 1.65865 1.73858 1.52064 1.50785 2.13229 1.76003 1.98333 1.66998 1.57821 1.47515 2.25216 1.79109 1.79006
threshold=0 0.047847986221313484 0.50563591718673717 -0.0096296840347349626 0.0023645967012271289 1.0000000180025095e-35 0.041281513869762428 -0.039338322356343262 0.010158799123018982 0.15467663109302524 0.06174177676439286 -0.047028290107846253 0.040971664711833007 0.049325618892908103 0.010248005855828525 -0.10877192020416258 0.1652791574597359 0.060120481997728355 0.044651480391621597 -0.035632045939564698 0.014273453503847124 0.10901987925171853 -0.022524261847138401 0.021560780704021457 -0.14126790314912793 0.036851862445473678 1.3112287521362307 0.18875046074390414 0.0035135542275384073 0.024628176353871826
decision_type=9 2 2 2 2 2 8 2 2 2 2 2 2 2 2 2 2 2 2 2 2 2 2 2 2 2 2 2 2 2
left_child=6 2 3 4 -2 -6 8 11 20 10 13 -8 -13 14 -10 -15 17 18 -9 -18 21 26 23 -22 -24 -26 27 -1 29 -28
right_child=1 -3 -4 -5 5 -7 7 16 9 -11 -12 12 -14 15 -16 -17 19 -19 -20 -21 22 -23 24 -25 25 -27 28 -29 -30 -31
leaf_value=-0.00083823664938885477 0.057605987690650819 0.0039489716661009018 -0.030718126276182717 -0.017721597859637266 -0.092992818689400514 0.049123487376214817 0.054674465630226668 0.0059752415472893346 0.0099562907620567992 -0.06220522415359267 -0.052768941528875263 0.019913622290228222 -0.094873240267004305 -0.033884479543811678 -0.087051624728764876 -0.0017385913958160406 -0.09491595784733603 -0.0040809756088128367 0.058167343483821382 0.07057715110894984 0.027824556630835669 -0.12471426424437844 -0.12212689528771928 -0.043019320612143086 -0.014097183432892872 -0.095490132534871666 0.016073393949950398 -0.16719504378129246 0.047131512326202135 -0.05184094394078264
leaf_weight=65.170003712578136 8.9423448428005958 950.21304158537714 27.33262522127643 17.588047053656737 2.6130374456852214 2.4001663530063979 11.213002647816213 25.032075347088039 5.5959145985329979 9.5829309774032918 12.335423761508535 11.3646144753975 1.9051617776926821 17.5872344634613 6.8655977151024672 104.39935973454863 0.62757377311982043 317.78926048272297 8.5666458227660751 4.8159163821405846 18.253448885672473 1.2472882085653498 1.5370042657013971 5.0436728497534196 71.418451715466517 2.4644843280348132 26.640498656936874 0.82409304135830908 16.242917691866296 4.5428128174498843
leaf_count=14935 5147 145660 21131 14012 2294 1512 954 11106 496 2179 2278 1896 486 3606 1115 18647 195 31391 3002 996 2757 182 280 1020 10607 612 1533 252 803 268
internal_value=0 0.00293508 -0.0129297 0.00248403 0.027949 -0.0249519 -0.00368579 0.000760357 -0.00837066 -0.0164129 -0.0134233 0.0269016 0.0034335 -0.00981337 -0.0434897 -0.00637318 -0.00103324 -0.00184701 0.0192826 0.0514976 -0.00247739 0.00532222 -0.0115373 0.0124873 -0.0189584 -0.0168122 0.00675223 -0.0029156 0.0202051 0.00617957
internal_weight=0 1009.09 58.8762 31.5436 13.9555 5.0132 751.065 381.314 369.751 156.366 146.784 24.4828 13.2698 134.448 12.4615 121.987 356.831 351.388 33.5987 5.44349 213.385 114.668 98.7171 23.2971 75.4199 73.8829 113.42 65.9941 47.4262 31.1833
internal_count=301352 189756 44096 22965 8953 3806 111596 50026 61570 28321 26142 3336 2382 23864 1611 22253 46690 45499 14108 1191 33249 17973 15276 3777 11499 11219 17791 15187 2604 1801
cat_boundaries=0 2
cat_threshold=3369207175 5900024
is_linear=0
shrinkage=0.1


Tree=173
num_leaves=31
num_cat=3
split_feature=237 197 154 145 163 219 17 179 147 196 237 73 73 159 130 195 185 151 125 53 237 151 224 101 225 138 68 159 151 122
split_gain=1.7012 1.30294 1.89128 1.29332 2.45777 3.24052 2.59581 2.69132 2.47544 1.82327 2.46025 1.99466 1.92967 1.97863 2.03743 2.01249 1.91085 1.86587 1.78263 1.77299 1.7595 2.11662 1.69685 1.68131 1.7708 1.63003 1.5921 2.69288 1.56073 1.50198
threshold=0 0.23609340935945514 0.029976103454828266 -0.012279262300580738 -1.4405636787414549 0.036756984889507301 12.500000000000002 -0.073082413524389253 -0.023322282359004017 -0.024628357030451294 1 0.043717153370380409 0.064866758882999434 0.10774103552103044 -0.015374690294265745 0.021488482132554058 -0.12350424006581305 -0.00089912899420596648 0.017440586350858215 1.5000000000000002 2 -0.009864016901701687 -0.006054982775822281 0.013610337860882284 0.11870554089546205 0.01215915707871318 37.598426818847663 0.44457067549228674 0.024928574450314048 0.05954882130026818
decision_type=9 2 2 2 2 2 2 2 2 2 9 2 2 2 2 2 2 2 2 2 9 2 2 2 2 2 2 2 2 2
left_child=1 3 -3 4 5 6 7 -1 -7 16 11 -11 13 23 15 17 -6 -15 28 -10 -5 -22 -19 24 -12 -17 27 -13 -9 -20
right_child=-2 2 -4 20 9 8 -8 18 19 10 12 26 -14 14 -16 25 -18 22 29 -21 21 -23 -24 -25 -26 -27 -28 -29 -30 -31
leaf_value=-0.10055437431586585 0.0036032012635297387 -0.0063435922466712818 0.10402236861384095 -0.0064957606597592366 0.036181686209792167 0.043244371369314277 -0.11286154939608967 0.020663044190355129 -0.10174417218446333 -0.007069856920098776 -0.06103338262444951 -0.092950798869855633 -0.045092964454584245 0.056556993892653666 -0.033041814776950819 -0.012112010440333283 0.00048413889836259358 -0.055517579664640063 -0.042852643461593981 -0.022343314534048302 0.013929093038748529 -0.0015301911921894976 0.036796196796074147 0.075725847604303814 0.13292061030112665 -0.12712983267314898 0.04877910698114029 0.025469372837272519 -0.069679718224177525 0.02072508727998125
leaf_weight=2.9542386976263506 761.51205372080119 3.4936502192381331 2.7947817677581952 262.12314431627726 18.146506100851639 1.8709511143588322 2.4776564108306038 25.774603096183913 9.9469006713261425 50.425323169913099 2.3508519370247991 2.494506263991755 25.932424419724612 8.3069524398051762 38.072654776762533 4.5088243170507658 86.345141519139133 4.1436852819983905 13.861111233421981 3.9207871008366064 138.8239539127045 244.63438291545071 3.8331247840364968 4.3456735026329625 0.58858818016960857 1.6954939747770366 14.632459352488466 8.3420612420886737 2.0654753433236683 5.0767619754265061
leaf_count=267 136528 1017 503 45401 3282 120 153 997 697 8173 739 874 5732 1294 8786 1171 18180 841 713 213 20920 38760 804 606 41 526 1910 1435 127 232
internal_value=0 -0.00264139 0.0427066 -0.00295685 -0.00792772 -0.0249533 -0.0129631 -0.00798619 -0.0647282 -0.00370813 -0.0101078 0.00393343 -0.0197813 -0.0130222 -0.0189452 0.00492058 0.00668354 0.0233861 -0.00214009 -0.0792953 -0.000322643 0.0039632 -0.0111577 0.0362156 -0.0221964 -0.0435437 0.0272629 -0.00179017 0.0139604 -0.0258091
internal_weight=0 993.983 6.28843 987.694 342.113 67.9485 52.2098 49.7322 15.7386 274.164 169.673 75.8944 93.7783 67.8458 60.5607 22.4881 104.492 16.2838 46.778 13.8677 645.581 383.458 7.97681 7.28511 2.93944 6.20432 25.469 10.8366 27.8401 18.9379
internal_count=301042 164514 1520 162994 57913 3519 2489 2336 1030 54394 32932 12392 20540 14808 13422 4636 21462 2939 2069 910 105081 59680 1645 1386 780 1697 4219 2309 1124 945
cat_boundaries=0 2 4 6
cat_threshold=1569627245 108843 1476661344 65801 1544294404 40
is_linear=0
shrinkage=0.1


Tree=174
num_leaves=31
num_cat=2
split_feature=170 159 237 237 121 157 163 119 201 105 197 111 157 201 150 156 177 101 106 116 100 202 147 157 78 159 182 119 173 129
split_gain=1.73983 1.79573 3.31969 2.34936 1.8089 1.77053 1.81931 1.76782 1.75589 1.58779 1.90845 1.94305 1.58511 1.71064 1.66355 1.71291 1.63816 1.58365 1.55336 1.89952 2.04883 1.68646 1.6946 1.53614 1.53133 1.72194 1.61792 1.59283 1.51765 1.54166
threshold=0.49815694987773901 0.40604194998741155 0 1 0.11225463822484018 0.47541378438472753 -1.1481943130493162 -0.018056183122098442 0.064182024449110045 -0.049988692626357072 0.037832085043191917 -0.027667937800288197 0.52189406752586376 0.10108614340424539 -0.023717681877315041 0.2416573911905289 0.33768507838249212 -0.026194021105766293 -0.030032414011657235 0.014989451970905067 0.040311083197593696 -0.10582613572478293 0.0085739549249410647 0.52564567327499401 0.15184453129768374 1.1348316669464114 0.059871301054954536 -0.090144511312246309 -0.17645439505577085 0.018402941524982456
decision_type=2 2 9 9 2 2 2 2 2 2 2 2 2 2 2 2 2 2 2 2 2 2 2 2 2 2 2 2 2 2
left_child=1 2 18 7 12 6 -2 8 -3 -10 11 -11 13 14 16 -16 -4 23 21 20 -20 -1 -23 -12 27 -26 -27 -5 -9 -30
right_child=5 3 4 24 -6 -7 -8 28 9 10 17 -13 -14 -15 15 -17 -18 -19 19 -21 -22 22 -24 -25 25 26 -28 -29 29 -31
leaf_value=0.087413736923788232 0.0067118104485085518 -0.021488907745508767 0.033291658984538446 -0.085728940590238334 -0.078979815106372461 -0.0018250268429892823 -0.031512440090842871 -0.11623348807913954 0.080983645050890077 -0.079940773107916363 -0.097196537912924846 0.064663833567952536 0.035556304888802993 -0.062505152008359335 0.016381264592228256 -0.036172442614320309 0.13598903040813717 -0.11306581651649153 0.015231322328172285 -0.039537046711734886 -0.042321255836869714 -0.027140555260739854 0.031852176746239212 0.077877513789999381 -0.082518692543510241 0.044029922506845516 -0.074220513608953043 -0.0024543383635517229 0.021042508481932412 -0.0073767601411059217
leaf_weight=2.8736227934027765 17.984053838235468 29.22835549559295 10.873397167882784 2.3116750366184524 1.7165500885839708 952.96415427056149 40.476847033376089 0.86839740499408336 3.4146108186869233 1.1418961550816664 0.81485289982799747 4.9892030877756488 61.17709361836296 2.9003083946504367 32.867213440141995 7.644438601571891 1.8120864203892768 2.0348395705204894 23.009622205181703 20.193954121098614 8.4596890013089006 8.8261548186408181 10.861674128164394 1.3019108718144705 5.2045833283086704 3.0993110429446915 1.8463190011243567 359.74104224905579 116.26828102727222 22.837365853378742
leaf_count=480 4663 5628 3933 653 748 124613 47691 1154 451 207 177 431 4274 1357 12430 1913 362 226 5518 6145 2504 2466 2173 34 1150 319 111 49493 15791 3552
internal_value=0 0.00349884 0.011802 0.000608751 0.021154 -0.00286131 -0.0197537 0.00958566 -0.00764351 0.0219008 0.002281 0.0377317 0.0244235 0.0122826 0.01636 0.00646452 0.0479617 -0.0500727 -0.00532328 -0.0156004 -0.000240161 0.0158507 0.00540543 0.0104824 -0.00395379 -0.0423683 -0.000115722 -0.00298604 0.0155541 0.0163768
internal_weight=0 748.318 193.216 555.103 118.991 1011.43 58.4609 182.9 42.9257 13.6973 10.2827 6.1311 117.275 56.0974 53.1971 40.5117 12.6855 4.1516 74.2247 51.6633 31.4693 22.5615 19.6878 2.11676 372.203 10.1502 4.94563 362.053 139.974 139.106
internal_count=300647 123680 44303 79377 25017 176967 52354 27651 7154 1526 1075 638 24269 19995 18638 14343 4295 437 19286 14167 8022 5119 4639 211 51726 1580 430 50146 20497 19343
cat_boundaries=0 2 4
cat_threshold=3789905895 591368 1650833440 88712
is_linear=0
shrinkage=0.1


Tree=175
num_leaves=31
num_cat=1
split_feature=237 9 96 187 113 85 149 5 74 101 123 208 157 170 116 114 107 114 128 152 112 76 156 7 100 188 128 121 232 90
split_gain=1.51113 1.77544 1.68309 1.69171 1.48424 1.8877 1.59125 1.58464 1.91986 1.74916 1.53746 1.42406 1.39678 1.71332 1.89616 2.06645 2.04725 2.2813 1.66023 1.95274 1.58612 1.53134 1.42915 1.48854 1.41703 1.63652 1.39345 1.39205 1.7339 1.35976
threshold=0 0.012081642635166647 -0.19069142639636991 -0.15411280840635297 0.050578450784087188 130.50000000000003 0.051716065034270293 0.094044812023639693 0.3121218234300614 -0.0062157623469829551 0.019965399056673053 -0.048527229577302926 0.39928875863552099 0.45127125084400183 -0.0072728786617517463 0.011231786571443083 -0.040148191154003136 0.052217246964573867 0.031838316470384605 -0.02171109244227409 0.055532792583107955 0.26120401918888098 0.064725596457719817 0.32843138277530676 -0.16184053570032117 -0.10843971371650694 0.011498577427119018 0.051223250105977065 0.044651480391621597 1.729448199272156
decision_type=9 8 2 2 2 2 2 8 2 2 2 2 2 2 2 2 2 2 2 2 2 2 2 10 2 2 2 2 2 2
left_child=1 29 3 -3 6 7 -4 9 -9 10 -6 -8 -2 14 15 21 26 -18 22 -20 24 -14 27 -24 -21 -26 -17 -16 -29 -1
right_child=12 2 4 -5 5 -7 11 8 -10 -11 -12 -13 13 -15 18 16 17 -19 19 20 -22 -23 23 -25 25 -27 -28 28 -30 -31
leaf_value=0.012848699939188865 -0.022443078928182997 0.05097804654491811 -0.0045772912856335236 -0.058441534816094522 -0.0062890778839712613 -0.33231410770072251 0.039844233869434226 -0.051496886471308394 0.020505289561936584 -0.046626556107632923 0.06249364521996318 -0.14053836425624097 -0.018499949602584869 0.00081727293112641552 0.074388472639226558 -0.18473957500286942 0.055407707237811535 -0.028505855912464118 -0.046063277702689177 -0.16290927292744828 -0.15568314457322685 -0.10238077275809934 0.01065954220745504 -0.13646481420680198 -0.17011373837078378 0.077528603356757861 0.015144542241847962 -0.15027318001432552 0.12198070877721151 -0.0033931313063475126
leaf_weight=76.301805230984996 23.893041716409471 1.614356012931238 277.67288622709543 11.327169767483609 9.9034050380450953 0.19818862211832211 0.60634616674906316 21.965558790545405 4.4541376858314825 6.3129529113057279 4.8369079601307012 1.5732134375866724 10.46771224093118 1063.5897290782414 6.1464275154369252 0.79886871180315633 10.030733262896314 4.7854423912276625 1.8279109566719878 0.25987621099921021 0.32276203345827603 2.7477558844620935 44.140531252352957 0.69857328869329549 0.27210787968578998 13.815528874944897 0.6190107099191664 0.64842870283609932 0.36594077666359226 158.87256817064736
leaf_count=12530 29061 165 38602 1949 1245 28 110 3323 457 1141 604 302 1646 174034 884 130 1153 676 177 28 35 325 4589 328 91 952 75 187 47 26365
internal_value=0 -0.00472364 -0.00942138 -0.0447923 -0.00802376 -0.0243343 -0.00524536 -0.0230486 -0.0393579 -0.00258195 0.0162814 -0.0903565 0.00147799 0.00198277 0.0146387 -0.00658112 0.0173191 0.0283047 0.0237617 0.0514011 0.0635451 -0.0359404 0.0149925 0.00836741 0.0684769 0.0727453 -0.0974752 0.0564769 -0.0520557 0.00187649
internal_weight=0 575.639 340.465 12.9415 327.524 47.6712 279.852 47.473 26.4197 21.0533 14.7403 2.17956 1185.43 1161.54 97.9476 29.4495 16.2341 14.8162 68.4981 16.4982 14.6703 13.2155 51.9999 44.8391 14.3475 14.0876 1.41788 7.1608 1.01437 235.174
internal_count=301239 86821 47926 2114 45812 6798 39014 6770 3780 2990 1849 412 214418 185357 11323 4005 2034 1829 7318 1283 1106 1971 6035 4917 1071 1043 205 1118 234 38895
cat_boundaries=0 2
cat_threshold=178263623 4621131
is_linear=0
shrinkage=0.1


Tree=176
num_leaves=31
num_cat=0
split_feature=170 13 86 95 92 187 157 192 74 187 105 205 164 135 4 127 156 163 6 43 11 131 93 122 147 167 185 108 92 108
split_gain=1.3766 1.21624 1.67473 1.45169 1.31341 1.24109 1.20756 1.70908 1.55891 2.04327 1.74951 1.67345 1.54573 1.5422 1.50577 1.57541 1.96077 1.68022 1.71841 1.46665 1.45148 1.9545 1.41453 1.38066 1.60825 1.28179 1.27914 2.2149 2.02565 1.94055
threshold=0.45127125084400183 0.015199548099189998 -1.2842296361923216 -0.0048674826975911847 0.95022311806678783 0.078390955924987807 0.65611082315444957 0.19323071837425235 0.49390244483947759 0.18544316291809085 -0.0024302490055561061 0.02571754809468985 5.8998935222625741 0.017497687600553039 1.0000000180025095e-35 -0.046777267009019845 0.35097050666809088 -1.0621505975723264 0.048399688675999648 1.0000000180025095e-35 0.012007002253085377 -0.027984408661723133 0.36546161770820623 -0.01287544798105955 -0.023322282359004017 2.5000000000000004 -0.016816924326121804 -0.050039749592542641 0.94229876995086681 0.047795254737138755
decision_type=2 8 2 2 2 2 2 2 2 2 2 2 2 2 8 2 2 2 8 2 10 2 2 2 2 2 2 2 2 2
left_child=1 2 -1 5 -5 -4 -2 8 9 14 13 12 25 23 19 16 -16 -18 -19 -8 -13 -22 -23 -11 -25 -10 27 -17 -29 -28
right_child=6 -3 3 4 -6 -7 7 -9 11 10 -12 20 -14 -15 15 26 17 18 -20 -21 21 22 -24 24 -26 -27 29 28 -30 -31
leaf_value=-0.1048459236036669 -0.0018114144698345696 0.0047351629571209764 -0.013303864442882896 0.04993327539479131 -0.17827711270071045 0.066967069402799409 0.065506100177216323 0.070898073777107287 -0.011552510364088109 0.062629941623825222 0.088048979796558569 0.054402919711977853 -0.091153610628691956 0.083018136113430396 0.028232907014767286 0.032641262951916807 -0.013138014997938936 0.031572735875392 -0.15874392579774432 -0.1660456897960022 0.06675556319013129 -0.17145207185737249 -0.018752107071571669 0.063752251195677984 -0.12281212662495007 -0.096108466103414614 0.011101943694663347 -0.0089511450592348954 -0.19566664918320173 0.06756075029721835
leaf_weight=0.95175860524295686 1319.4175099670499 179.13768551599833 9.6848505855837193 18.94811891135237 0.25559286436782613 2.4043092491979214 5.9068496533473072 3.9953595647748434 24.161101773318485 1.0914426110903153 5.8912301018790441 5.7444494521751066 3.2306770052528 1.8324437486880922 3.0285078657907416 14.589941185055059 2.6513238751795143 0.58790022978792 2.4581101551884785 0.28682946969820466 2.7275117326062164 0.65574075188487668 8.102187669137491 0.62900562633876722 1.7408902368406414 1.9364782597913279 69.48204569274094 60.019960324178108 0.58671548799611528 6.6724530091887564
leaf_count=475 256733 23781 3837 5658 150 1060 1396 111 1274 36 125 389 109 39 91 412 51 24 128 138 61 26 244 15 63 354 2125 2067 43 185
internal_value=0 0.00795335 0.0258322 0.0298068 0.0468959 0.00266053 -0.00065014 0.00606979 0.00491356 0.0091865 0.0505585 -0.0113727 -0.0259041 0.008837 0.0064034 0.00453151 -0.0367848 -0.0713459 -0.122012 0.0547829 0.0133623 -0.00716425 -0.0301854 -0.0304347 -0.0732952 -0.0178267 0.00691351 -0.00233806 -0.0107587 0.0160487
internal_weight=0 211.382 32.2446 31.2929 19.2037 12.0892 1547.43 228.009 224.014 177.456 11.185 46.5581 29.3283 5.29378 166.271 160.077 8.72584 5.69733 3.04601 6.19368 17.2299 11.4854 8.75793 3.46134 2.3699 26.0976 151.351 75.1966 60.6067 76.1545
internal_count=301200 34961 11180 10705 5808 4897 266239 9506 9395 6938 278 2457 1737 153 6660 5126 294 203 152 1534 720 331 270 114 78 1628 4832 2522 2110 2310
is_linear=0
shrinkage=0.1


Tree=177
num_leaves=31
num_cat=1
split_feature=237 148 193 184 183 70 27 231 141 128 159 86 171 137 65 132 8 149 63 88 17 6 138 121 104 141 112 116 188 85
split_gain=1.47194 1.71258 1.4974 1.26157 1.72854 1.57052 1.58274 1.85539 1.58467 1.52982 1.31682 1.99769 1.89964 1.31554 1.63814 1.59442 1.73172 1.50176 1.41842 1.40316 1.35836 1.35762 1.6467 1.58734 1.24808 1.44591 1.39232 1.22994 2.01773 1.35966
threshold=0 -0.063606046140193925 0.10426978021860124 0.080363605171442046 0.14143747091293338 11.500000000000002 1.0000000180025095e-35 1.0000000180025095e-35 -0.0099649652838706953 0.072028055787086501 1.6578968763351443 -0.59688934683799733 0.55702176690101635 -0.0097137913107871992 110.50000000000001 0.032098917290568359 0.1218552812933922 -0.029721062630414959 1.0000000180025095e-35 0.65056136250495922 14.500000000000002 0.022991543635725979 0.02150056324899197 0.048175334930419929 -0.053865512832999222 -0.013168028090149162 -0.018001479096710678 0.064982824027538313 -0.049330933019518845 122.50000000000001
decision_type=9 2 2 2 2 2 2 2 2 2 2 2 2 2 2 2 10 2 2 2 2 10 2 2 2 2 2 2 2 2
left_child=1 2 -1 -2 5 6 10 8 -8 -9 12 -12 13 15 20 16 18 -16 -5 -20 27 22 23 -18 25 26 -23 29 -29 -15
right_child=3 -3 -4 4 -6 -7 7 9 -10 -11 11 -13 -14 14 17 -17 21 -19 19 -21 -22 24 -24 -25 -26 -27 -28 28 -30 -31
leaf_value=-0.056127364189098854 0.0037442907736919325 -0.0037032082675210946 0.058421894805070353 0.044958767670967174 -0.05096406824159723 0.061749059556704892 0.016278064440285896 0.031040289623826763 -0.036320921079946986 -0.18693543568466436 0.0076223252892457759 -0.15884783820466997 -0.12787325791900059 -0.024638376305561337 0.028038676063855367 0.042654515194260209 0.027363367299786376 -0.12867152290285441 0.053675751911023077 -0.043255487612221095 -0.11567813332082569 -0.036490957123705647 0.16221330252326893 -0.15187084628500028 -0.047654801086154129 -0.050724613551712622 0.064999878291061436 -0.10803182409450807 0.040623102970616269 0.062393620931720864
leaf_weight=9.9558973572234191 695.04449414802366 814.38355103553408 1.2889207956204689 8.9983379993373109 7.8178272434993223 3.6696356254769844 11.534879681320946 27.743204801784035 11.377226733617588 0.32575755510333593 48.087841077103576 0.73183644429764072 1.4545933282911381 53.65596055512583 0.80764007143079686 7.1653523706941078 3.4372058520123145 2.5181660669945805 2.1188631134045854 5.0592335316466688 1.4115146756662387 2.1059012748710302 0.75901348928255163 0.57707243878576253 16.407420233495941 3.7635304286332047 3.7743826117648496 1.0551983112759442 6.7787998049830085 1.8571587696551421
leaf_count=1937 117489 141329 341 1718 3519 478 1800 3756 2236 61 2200 119 604 11528 89 1137 1451 521 335 1679 410 381 323 421 3124 729 405 425 848 250
internal_value=0 -0.00418766 -0.0429973 0.0015857 -0.00473134 -0.00314032 -0.00420571 0.0112747 -0.00984047 0.0285105 -0.00878016 0.00512684 -0.0142685 -0.0129168 -0.0221694 -0.00128663 -0.00798551 -0.090616 0.0185113 -0.0146429 -0.0186542 -0.0218908 0.0271375 0.00159756 -0.0308741 -0.00232435 0.028653 -0.0164923 0.0206001 -0.0217268
internal_weight=0 825.628 11.2448 930.038 234.994 227.176 223.506 50.9811 22.9121 28.069 172.525 48.8197 123.705 122.251 68.0844 54.1663 47.001 3.32581 16.1764 7.1781 64.7586 30.8245 4.77329 4.01428 26.0512 9.64381 5.88028 63.3471 7.834 55.5131
internal_count=301643 143607 2278 158036 40547 37028 36550 7853 4036 3817 28697 2319 26378 25774 14071 11703 10566 610 3732 2014 13461 6834 2195 1872 4639 1515 786 13051 1273 11778
cat_boundaries=0 2
cat_threshold=234494928 228404
is_linear=0
shrinkage=0.1


Tree=178
num_leaves=31
num_cat=1
split_feature=237 103 207 17 212 229 186 146 73 164 104 219 214 112 71 214 77 6 210 6 9 12 13 159 33 216 114 105 128 185
split_gain=1.48071 1.61283 1.93509 1.49696 1.95625 1.45434 1.5602 1.63019 1.50759 1.4629 1.42835 1.53178 1.62033 1.31736 1.3008 1.23931 1.32944 1.2017 1.16955 1.18632 1.15992 1.14516 1.14416 1.69004 1.23804 1.10154 2.28663 2.22247 2.16168 1.80376
threshold=0 0.13640575110912326 -0.029886287637054917 24.000000000000004 -0.054087288677692406 -0.038501847535371773 -0.0041155123617500058 -0.0012639546184800563 0.031009615398943428 4.7833075523376474 0.10535283759236337 -0.11808250844478606 -0.014896066393703221 0.015935469418764118 0.14729990810155871 0.18159704655408862 0.082079496234655394 0.091431558132171645 0.0056983998510986575 0.048399688675999648 0.0095825614407658594 474.50000000000006 0.059097865596413619 1.1752539873123171 1.0000000180025095e-35 -0.068909935653209672 0.0083277323283255118 -0.0024302490055561061 -0.02094241417944431 0.042688859626650817
decision_type=9 2 2 2 2 2 2 2 2 2 2 2 2 2 2 2 2 10 2 8 10 8 8 2 2 2 2 2 2 2
left_child=1 3 13 15 -5 6 7 9 -8 -4 25 -12 -13 -3 -7 -1 -17 -9 19 -15 -10 -16 23 -20 -24 26 27 29 -28 -2
right_child=10 2 5 4 -6 14 8 17 20 -11 11 12 -14 18 21 16 -18 -19 22 -21 -22 -23 24 -25 -26 -27 28 -29 -30 -31
leaf_value=-0.0044276911325534301 -0.04893078442242757 -0.029333197589036127 -0.041162098594661495 0.040247628671669006 -0.10612378176948174 0.034645201727453348 -0.073807190861368374 0.030506949908257027 0.05682398676171601 0.091307373082223517 -0.1538877770777792 0.017331671686064754 -0.043591288268536726 -0.13406475992499028 -0.125934425611472 0.056799406926697653 -0.040747949167185389 -0.088851201821051232 -0.1467682137375699 0.074031853947812143 -0.072408011927345514 0.042360596421344029 0.084190847268147254 0.021661140869391728 -0.14500758944991285 0.0021859571645979126 -0.0054433773054592032 0.017271853975641092 0.044258770160782196 0.017961579251557433
leaf_weight=807.7615630106917 12.921739660813047 16.347855743777703 1.066233816638033 1.2983840761880854 3.0769325706005466 38.396000497019031 4.5665700413701407 1.7223738970301394 2.1823750638823189 3.8217117218082421 0.87168497636412468 7.4968363634341175 10.451958884061238 0.29592450772361045 0.96881170345022716 6.2520851243302769 1.799184898023668 1.653099038518121 1.1868226709710827 3.6894220396375204 1.0187338078731043 0.69391349953093606 1.3970322349514388 1.1962068041684686 0.28350032962771354 751.16659984113608 12.154072873835274 25.491647201296928 31.249781580414492 5.8589001778555021
leaf_count=143980 3349 4842 438 187 775 7525 742 481 350 161 156 1500 2331 304 388 1769 779 211 428 766 147 77 223 120 83 111253 3279 6166 6630 2024
internal_value=0 -0.0029926 0.0104826 -0.00435144 -0.0626878 0.0207088 -0.0047453 0.0255011 -0.0369221 0.0624111 0.0027803 -0.0244321 -0.018145 -0.013028 0.0308953 -0.00403857 0.0350009 -0.0279473 0.0200888 0.05858 0.0156967 -0.055699 -0.0176616 -0.0622219 0.0455258 0.00342399 0.0140308 -0.00195941 0.030341 -0.0280627
internal_weight=0 900.675 80.4866 820.188 4.37532 56.0898 16.0311 8.26342 7.76768 4.88795 857.663 18.8205 17.9488 24.3968 40.0587 815.813 8.05127 3.37547 8.04891 3.98535 3.20111 1.66273 4.06356 2.38303 1.68053 838.843 87.6761 44.2723 43.4039 18.7806
internal_count=301464 164776 17286 147490 962 10520 2530 1291 1239 599 136688 3987 3831 6766 7990 146528 2548 692 1924 1070 497 465 854 548 306 132701 21448 11539 9909 5373
cat_boundaries=0 2
cat_threshold=2906239881 4974112
is_linear=0
shrinkage=0.1


Tree=179
num_leaves=31
num_cat=0
split_feature=185 107 185 216 115 12 122 134 173 116 142 129 181 101 77 191 124 171 209 107 88 182 206 219 154 139 129 176 9 205
split_gain=1.62617 2.74462 2.58655 2.14704 1.87617 2.01145 1.72755 1.64003 1.7624 1.43439 1.38114 1.36192 2.11552 1.70517 1.30289 1.34506 1.67616 2.12107 1.3599 1.27565 1.27172 2.14015 1.77293 1.83005 1.32385 1.26457 1.26204 2.01287 2.903 1.47636
threshold=-0.044784717261791222 0.030455108731985096 -0.1426630690693855 -0.045400820672512048 -0.0038294672267511483 166.50000000000003 0.0081262122839689272 0.0027075564721599226 -0.15126530826091764 -0.0049639153294265262 -0.043351069092750542 -0.055403236299753182 0.36578784883022314 0.019602472893893722 0.12262799963355066 0.11075082793831827 1.0000000180025095e-35 -0.089991550892591463 0.1832365691661835 0.11252456530928613 0.69668766856193554 0.026260263286530975 -0.047462904825806611 0.057693704962730415 -0.013986079953610895 -0.035218652337789529 0.011833260767161848 0.28934715688228613 0.017138074152171615 0.13550406694412234
decision_type=2 2 2 2 2 8 2 2 2 2 2 2 2 2 2 2 2 2 2 2 2 2 2 2 2 2 2 2 8 2
left_child=1 26 4 6 9 7 -4 -6 -9 -3 -7 12 -5 14 15 16 18 -18 19 -13 21 -15 24 -24 -22 -12 29 -28 -29 -1
right_child=-2 2 3 11 5 10 -8 8 -10 -11 25 13 -14 20 -16 -17 17 -19 -20 -21 22 -23 23 -25 -26 -27 27 28 -30 -31
leaf_value=0.0075920749653992274 -0.0015005337628798748 -0.016643423743005391 -0.017047327919139363 0.033292720082409417 -0.044024718661436667 0.090044702432664048 0.044422584197345127 0.65948028256967639 0.05460124472702535 -0.082820630092432401 0.04981515176207562 -0.020342364356243495 -0.16161699778143232 0.029857929699636576 0.023874791591927885 -0.049917382953150083 -0.022787684628588316 0.037374435734562832 0.13357375076251338 -0.14619940278837124 0.021870487453000249 -0.066440409185902632 -0.080023735634282347 0.021935786473601879 -0.094872213064540897 -0.060224920089030666 0.014567854246180928 0.092706751617393071 -0.080360532778938593 -0.022392390633446276
leaf_weight=273.52484958762955 1182.0554937367938 5.1738447577231463 6.2460698629106473 12.751579340504573 2.1173531905344616 0.78941892314469342 17.058237969623406 0.04861778404301631 5.2180285476845265 8.9257015921593812 1.1832300205242052 22.948276646837719 0.58229386752646028 7.1891182470001258 16.464800641317424 6.7681200247676534 9.1873472897636947 16.181519765114444 0.55511866283268219 0.83462367614129007 5.1265871867790338 3.3989837958997668 11.46769937755152 2.0796187421193517 1.1984255991756114 8.8969253683062544 114.13512887388913 6.5979227723796603 1.1360940604563436 17.469788486070456
leaf_count=44737 194952 1804 2119 2075 2273 107 3759 81 2380 3054 149 4184 96 1041 2543 1265 1944 2432 56 231 1016 680 1925 515 495 1750 19036 504 523 3567
internal_value=0 0.00494485 -0.0056529 0.000234675 -0.0311369 -0.00997248 0.0279473 0.030303 0.060185 -0.0585368 -0.0373327 -0.00529775 0.024781 -0.00917652 -0.000877858 -0.00809428 -0.00239962 0.0155867 -0.0211478 -0.0247591 -0.0290483 -0.00105568 -0.043963 -0.0643722 -0.000249221 -0.0473082 0.00936994 0.0179133 0.0672839 0.00579197
internal_weight=0 585.255 172.392 140.038 32.3531 18.2536 23.3043 7.384 5.26665 14.0995 10.8696 116.734 13.3339 103.4 72.9398 56.475 49.7069 25.3689 24.338 23.7829 30.4604 10.5881 19.8723 13.5473 6.32501 10.0802 412.864 121.869 7.73402 290.995
internal_count=301293 106341 37974 26376 11598 6740 5878 4734 2461 4858 2006 20498 2171 18327 12655 10112 8847 4376 4471 4415 5672 1721 3951 2440 1511 1899 68367 20063 1027 48304
is_linear=0
shrinkage=0.1


Tree=180
num_leaves=31
num_cat=1
split_feature=209 131 3 63 157 146 206 237 142 101 198 74 103 78 154 126 190 112 126 204 204 107 210 233 204 137 126 140 72 196
split_gain=1.593 4.19096 1.88691 2.01122 1.48094 1.65564 1.45129 1.41291 1.31423 1.44985 1.31013 2.61255 1.95769 1.27894 1.24032 1.21373 1.18261 1.38123 1.20979 4.1676 1.95108 2.35526 2.16702 2.09187 1.78051 1.7411 1.71412 1.76184 1.69884 1.67466
threshold=0.12291605025529863 -0.003999448148533701 0.10050505027174951 -0.25819386541843409 0.46083478629589086 0.039252141490578658 0.12280151993036272 0 0.0026199512649327521 -0.092251960188150392 -0.056313782930374139 0.067424245178699507 0.12884292006492618 0.059850744903087623 -0.033714309334754937 0.023502850905060772 0.23346425592899325 0.02430648356676102 0.0091586634516716021 -0.10998910292983054 0.043088836595416076 -0.030063979327678677 1.0000000180025095e-35 -0.023609834723174569 0.014628723263740541 -0.070886764675378786 -0.037963887676596635 -0.0096862288191914541 0.23746867477893832 -0.029833530075848099
decision_type=2 2 10 2 2 2 2 9 2 2 2 2 2 2 2 2 2 2 2 2 2 2 2 2 2 2 2 2 2 2
left_child=7 2 -2 6 -3 10 -4 16 9 -5 11 12 -6 -11 -10 -15 18 -18 24 -20 29 23 -23 -22 -1 -26 -27 -28 -29 -21
right_child=1 4 3 8 5 -7 -8 -9 14 13 -12 -13 -14 15 -16 -17 17 -19 19 20 21 22 -24 -25 25 26 27 28 -30 -31
leaf_value=-0.0017995962272689212 -0.049989951141243327 -0.027494507245839985 0.059657913743408654 -0.085910418564608126 0.083589131738005154 -0.033023108285126404 -0.08048239290776632 0.0022921658674566227 -0.075150389229579395 0.0055148694604251107 0.068729164410108068 -0.073340798522629022 -0.17623461931310827 -0.10179411702181669 0.028795379083416346 0.18606139904648328 0.0074862089346421148 0.092077937120888187 -0.053903738910724197 -0.018347363497386571 -0.071137724523797796 0.044687753952432595 0.0051270933191823586 0.0088562988875581714 -0.08612646414207574 -0.029985734115668902 0.0084292927969621644 -0.012756017184303546 -0.12255708558910428 0.0073300013099598911
leaf_weight=343.20785915576698 7.9136810287976678 2.7599643919292047 7.7125518575062397 3.4940175122646879 3.7247937894681007 2.2533956249171743 0.81727908687389561 912.0739041206441 1.305240579439668 8.5922310286341617 20.015490157725708 2.138033469009315 0.31447498213674396 1.9955682498884937 9.5255461271494806 0.1580823349613637 6.7792181556362703 2.6986017161611926 12.156337235543331 39.420082174081813 4.6857620922760352 34.056446948989105 23.33281187982243 10.812185265852802 3.2337580585081005 43.489633517456696 48.398539052431033 125.90608252733796 1.4250405479554036 71.413075881432974
leaf_count=57762 5333 2508 1134 1041 286 277 252 142568 409 2022 2392 533 53 512 1551 39 2522 383 4497 7225 1041 5196 4056 1445 733 10919 9385 23778 428 11000
internal_value=0 0.0147538 -0.00605999 0.00428651 0.0424428 0.0492284 0.0462305 -0.000363197 -0.00998414 -0.0299519 0.0563046 0.0160468 0.0633607 -0.011757 0.0162687 -0.0806649 -0.00348884 0.0315719 -0.00397101 0.00280221 0.00655431 0.0192621 0.0286035 -0.0153297 -0.00631643 -0.0132852 -0.0122107 -0.00781168 -0.0139849 -0.00180268
internal_weight=0 72.7204 41.5142 33.6005 31.2062 28.4462 8.52983 1683.09 25.0707 14.2399 26.1928 6.1773 4.03927 10.7459 10.8308 2.15365 771.015 9.47782 761.538 195.877 183.72 72.8872 57.3893 15.4979 565.661 222.453 219.219 175.73 127.331 110.833
internal_count=301280 18342 12293 6960 6049 3541 1386 282938 5574 3614 3264 872 339 2573 1960 551 140370 2905 137465 34460 29963 11738 9252 2486 103005 45243 44510 33591 24206 18225
cat_boundaries=0 2
cat_threshold=3309971346 5696896
is_linear=0
shrinkage=0.1


Tree=181
num_leaves=31
num_cat=2
split_feature=158 237 237 11 153 231 198 148 123 122 2 182 98 64 102 146 182 150 5 147 175 173 129 191 138 224 94 186 108 75
split_gain=1.4732 2.83865 1.51395 1.37715 1.31211 2.2784 2.52036 1.86456 1.62435 1.59115 1.95473 1.53337 1.8957 1.53093 1.51199 1.73035 1.70369 1.60917 1.46803 1.60758 1.88097 1.84969 1.56573 1.51324 1.41567 1.40619 1.72036 1.37301 1.33274 1.28537
threshold=1.0000000180025095e-35 0 1 0.0053838239982724198 0.0031194649636745457 0.042478993535041816 -0.089978560805320726 0.03014632593840361 -0.007382114650681614 -0.036943336948752396 0.040312498807907111 0.033904265612363822 0.16161908209323886 9.5000000000000018 0.030049264430999759 -0.022412614896893498 0.071374829858541503 -0.0043778971303254357 0.041885966435074813 -0.017561982385814186 -0.055233234539628022 0.33899159729480749 0.0077077206224203118 -0.092489365488290773 -0.024732115678489205 -0.13352238386869428 0.11293816566467287 -0.047999983653426163 -0.081809021532535539 0.045663053169846542
decision_type=2 9 9 8 2 2 2 2 2 2 10 2 2 2 2 2 2 2 8 2 2 2 2 2 2 2 2 2 2 2
left_child=1 -1 -2 -3 5 6 8 29 -5 10 -6 13 14 25 15 -13 17 -16 -8 20 -20 23 27 -21 -10 26 -11 -23 -25 -7
right_child=2 3 -4 4 9 7 18 -9 24 11 -12 12 -14 -15 16 -17 -18 -19 19 21 -22 22 -24 28 -26 -27 -28 -29 -30 -31
leaf_value=0.0041820289410767876 0.0066397015305739871 -0.073447639212877391 -0.00078549489376518477 -0.13683282697749294 -0.0018121165586250491 -0.04153178782074049 -0.066743064581394521 0.091786478862096996 -0.11266263301319385 -0.12502071573836268 -0.086047061806653002 -0.02664232743064367 -0.18896342784190842 0.21910819444951071 0.076016823668401901 0.048785957351102742 -0.060593734267328087 -0.095961224031775053 0.084145436626683071 -0.069094922542054113 -0.0082822611170233242 -0.055177947025216501 -0.095929511626884623 -0.11739436424272072 -0.0046433303759184997 -0.008629002625993731 0.13230139989914233 0.12107905421302234 -0.0053012472255614942 -0.099682474163501789
leaf_weight=147.24931027570574 360.62385373770712 3.9359412742096529 1056.8478438470788 2.3333608402531354 5.8021132761523386 10.373064494790475 3.7623876577836191 0.818837168499157 1.7504420938412293 1.9063145419768255 5.2454445819344073 3.721491928463375 0.43660176704724918 0.28899390129754365 2.423132599462861 16.640827347148843 4.1043647140495523 0.70160333841704314 4.2976899450095516 4.8101090155696431 4.5148428877082534 0.54226247429687724 0.5462324863356115 1.0973160830944753 3.9536382082665096 58.121563068837986 0.30081450381294406 2.3892540187935074 31.777189677653055 5.9997670820507656
leaf_count=27972 63537 8664 168118 680 1163 1946 1802 164 306 369 1010 665 90 70 370 2148 946 229 503 1103 650 145 168 181 876 10896 62 263 4601 1189
internal_value=0 -0.00627515 0.00114488 -0.0141615 -0.0136481 -0.0232771 -0.0143163 -0.055476 -0.0665445 -0.00602096 -0.0418074 -0.00156104 0.0177808 -0.0105042 0.0210523 0.0350004 -0.0182356 0.0374022 -0.00650459 -0.00196951 0.0367928 -0.0102682 0.059512 -0.0167079 -0.0377918 -0.0116041 -0.0899497 0.0884756 -0.0090428 -0.0628409
internal_weight=0 329.845 1417.47 182.596 178.66 78.9664 61.7747 17.1917 8.03744 99.6933 11.0476 88.6457 28.028 60.6177 27.5914 20.3623 7.2291 3.12474 53.7373 49.9749 8.81253 41.1624 3.47775 37.6846 5.70408 60.3287 2.20713 2.93152 32.8745 16.3728
internal_count=300886 69231 231655 41259 32595 14577 11278 3299 1862 18018 2173 15845 4448 11397 4358 2813 1545 599 9416 7614 1153 6461 576 5885 1182 11327 431 408 4782 3135
cat_boundaries=0 2 4
cat_threshold=918581287 1839789 2684684968 664853
is_linear=0
shrinkage=0.1


Tree=182
num_leaves=31
num_cat=1
split_feature=237 112 67 232 188 164 88 149 112 1 132 148 80 182 104 117 128 112 192 85 151 150 146 153 136 149 146 147 85 85
split_gain=1.35529 1.19042 2.11933 1.49859 1.09115 1.06119 3.37443 2.04538 2.00099 2.36608 2.59291 2.4083 1.76668 1.68228 1.65118 1.58272 1.55163 2.27377 1.43291 1.67684 1.668 1.80248 1.52249 1.45582 1.28664 1.24396 1.45084 1.66312 1.26848 1.24088
threshold=0 -0.096110261976718889 2.5140845775604252 -0.066565603017806993 -1.0000000180025095e-35 2.0126758217811589 0.77806711196899425 0.0055276725906878718 -0.047844145447015755 0.068729333579540267 -0.014142133761197327 0.0038058689096942548 0.35347568988800054 -0.015723429620265957 -0.029699787497520443 0.078306764364242568 -0.015102771110832689 0.032055692747235305 0.025032103061676029 39.500000000000007 0.019077198579907421 0.032928882166743285 0.03204715438187123 0.044574752449989326 0.030995874665677551 0.017774645239114765 -0.015793192200362679 0.036829907447099693 57.500000000000007 60.500000000000007
decision_type=9 2 2 2 2 2 2 2 2 10 2 2 2 2 2 2 2 2 2 2 2 2 2 2 2 2 2 2 2 2
left_child=1 2 3 4 -1 6 8 -8 -2 18 12 15 16 -9 24 -12 -11 -18 19 22 23 -22 -10 -21 -13 28 -27 -28 -20 -14
right_child=5 -3 -4 -5 -6 -7 7 13 9 10 11 14 29 -15 -16 -17 17 -19 25 20 21 -23 -24 -25 -26 26 27 -29 -30 -31
leaf_value=0.090831310724525591 0.04115947536371567 0.0042397453160658866 0.044266934323447381 -0.078352343199402166 -0.078690121194017609 -0.0031461730484792154 -0.080285657332436242 0.034808505149481049 -0.093923820593680984 -0.050322336714333817 -0.095270367137366474 -0.099816630518165458 -0.035165919811642826 -0.09917732108764199 0.046512912192071092 0.057964109000627428 0.041919377250438851 -0.1882010263299741 0.079394636024214482 0.021175029216588041 -0.060262212423094978 0.13382103390773362 0.061637940659113079 0.19837902075427125 0.078878060208841222 0.081278482810886468 -0.097312743026135795 0.082187046145856424 0.025837929478087874 -0.22348243918816757
leaf_weight=1.0420008364299063 19.923493605867407 659.35582932673935 2.8725326497203696 6.2546237929823274 0.59737530420534302 966.95348787882017 6.6676367526656559 3.9882909818870758 2.7954594013772325 2.5851971438519294 7.6362897831631908 1.886742307486202 1.4025678300240532 1.2248899983696899 3.4273427404805252 0.73930556310187956 12.956755660286943 0.44409125694483087 7.9857486066819154 22.616621067124704 4.407631082437546 0.53679121762252169 0.81185714447565249 0.47332237278715084 0.51235316889142257 1.1580107086238061 2.05393238229999 0.68943610583801263 9.9108474496358649 0.46621598749879911
leaf_count=135 2907 119044 626 1173 142 159552 1825 635 801 443 1499 314 107 782 316 50 966 90 1258 4136 897 52 114 97 71 288 605 61 2061 62
internal_value=0 0.00364675 -0.0292822 -0.0560458 0.0290591 -0.00203775 0.00692564 -0.0435972 0.0126196 0.00596882 -0.0155101 -0.0473987 0.00985469 0.00332717 0.00197391 -0.0817445 0.0206097 0.0342934 0.0188534 0.00526224 0.01352 -0.0391916 -0.0589133 0.0248075 -0.0616544 0.0385821 -0.0125827 -0.0522026 0.0497358 -0.0821463
internal_weight=0 670.122 10.7665 7.894 1.63938 1084.25 117.301 11.8808 105.42 85.4965 32.0569 14.202 17.8548 5.21318 5.82644 8.3756 15.986 13.4008 53.4397 31.6417 28.0344 4.94442 3.60732 23.0899 2.3991 21.798 3.90138 2.74337 17.8966 1.86878
internal_count=301109 121120 2076 1450 277 179989 20437 3242 17195 14288 3918 2250 1668 1417 701 1549 1499 1056 10370 6097 5182 949 915 4233 385 4273 954 666 3319 169
cat_boundaries=0 2
cat_threshold=663961852 425025
is_linear=0
shrinkage=0.1


Tree=183
num_leaves=31
num_cat=2
split_feature=237 17 129 207 194 182 166 129 66 170 216 156 158 63 157 237 68 129 114 209 78 4 120 135 65 126 107 125 200 231
split_gain=1.37652 1.88922 1.16786 1.55864 1.36832 1.35153 1.35145 1.13294 1.64416 1.13075 1.01847 0.998221 1.76169 2.2105 1.59004 1.57019 1.76044 1.73196 1.51823 1.75938 1.44318 1.5998 2.39184 1.39212 1.38956 1.95159 1.78762 1.37689 1.80547 1.42416
threshold=0 28.500000000000004 0.065556060522794737 0.10030474886298181 -0.033792302012443536 -0.094432212412357316 0.51709792017936718 0.065556060522794737 0.20580556243658069 0.61243727803230297 0.029360173270106319 0.12287892028689386 0.55000001192092907 0.21021857112646106 0.47541378438472753 1 37.589103698730476 0.04441452585160733 -0.016971046105027195 0.033109135925769813 0.022474748082458976 0.19756097346544269 0.034685125574469573 0.040230400860309608 74.500000000000014 1.0000000180025095e-35 1.0000000180025095e-35 0.041022898629307754 -0.17234390228986737 0.047218734398484237
decision_type=9 2 2 2 2 2 2 2 2 2 2 2 2 2 2 9 2 2 2 2 2 10 2 2 2 2 2 2 2 2
left_child=1 2 -1 5 -5 -4 -7 9 -9 11 -8 12 15 -14 -13 16 23 -18 19 -17 -21 -22 -23 24 26 -26 -2 29 -29 -20
right_child=7 -3 3 4 -6 6 10 8 -10 -11 -12 14 13 -15 -16 18 17 -19 27 20 21 22 -24 -25 25 -27 -28 28 -30 -31
leaf_value=-0.0033933808147789931 -0.011482041598817314 -0.14427438939005821 -0.071975174850782739 -0.050512394512673253 0.15721098358854102 -0.072269671596621315 0.0073938518579882775 0.092328923234831092 -0.038461110665785274 -0.054227024112368974 0.085788957003770594 -0.018752780136105356 0.06830718871733453 -0.049989567133827933 0.0023716677607793653 0.040161260868011743 0.0095672971076205832 0.17457454208892439 0.017088928711720488 0.020872806685863166 -0.068955773512668669 0.09604634466567924 1.2726063198223088 0.077621652260236026 -0.030568587308273915 0.033526377757304243 -0.068917277998238755 0.16674971537192718 -0.024050932422090148 -0.016540687250739212
leaf_weight=863.06510505696247 10.974481665104806 0.94729327815411934 1.5775770725913378 0.40444774851130216 1.4685735526536505 1.1153003418805827 3.3043732002420256 1.0496324664818519 11.402721746654263 3.4457508590394346 3.3244143237648132 37.931271259873029 9.1061478268020419 1.9111009059470223 587.7503323364017 32.610103496266674 26.539918962498522 0.65172908603471924 76.643810842917105 6.5891367399403844 3.599480605346344 0.097613034236473939 0.020994630895984301 1.4388688802564491 11.041162036145126 8.3379534359073642 10.70487816732077 0.51037640791219274 17.53527143123938 15.068371499715566
leaf_count=140937 5951 365 220 61 132 673 496 81 2363 1775 285 15618 1774 567 61698 9851 10025 80 22309 2673 1480 144 25 597 2435 1522 6293 100 6181 4425
internal_value=0 -0.0030947 -0.00297713 0.0291145 0.112357 0.0123885 0.0295745 0.00248285 -0.0274366 0.00294359 0.0467099 0.00317291 0.00875432 0.0477869 0.00109102 0.00682042 -0.005551 0.0135222 0.0120422 0.0287782 -0.0072355 -0.0570486 0.304308 -0.0190611 -0.0224492 -0.00299143 -0.0398425 0.00659529 -0.0186546 0.0115636
internal_weight=0 875.207 874.26 11.1947 1.87302 9.32166 7.74409 874.961 12.4524 862.509 6.62879 859.063 233.381 11.0172 625.682 222.364 69.689 27.1916 152.675 42.9173 10.3072 3.71809 0.118608 42.4973 41.0585 19.3791 21.6794 109.758 18.0456 91.7122
internal_count=301136 143169 142804 1867 193 1674 1454 157967 2444 155523 781 153748 76432 2341 77316 74091 26903 10105 47188 14173 4322 1649 169 16798 16201 3957 12244 33015 6281 26734
cat_boundaries=0 2 4
cat_threshold=1486151290 4606547 2231435520 1642760
is_linear=0
shrinkage=0.1


Tree=184
num_leaves=31
num_cat=3
split_feature=170 237 151 135 100 136 79 237 151 213 135 237 88 135 213 121 128 215 119 118 209 157 156 170 125 224 1 205 82 86
split_gain=1.30447 1.37986 1.87917 1.81112 1.80678 1.55014 1.41345 1.35313 1.9336 1.69217 2.52356 1.86718 1.83767 1.75608 1.93646 1.7439 1.6036 1.56534 1.76869 1.82539 1.81535 1.69344 1.55163 2.2601 2.12507 2.11541 2.00483 1.96046 1.91763 2.59552
threshold=0.45127125084400183 0 -0.023766456171870228 0.044035859405994422 0.040311083197593696 -0.025871706195175644 0.13182721287012103 1 0.0041827198583632716 0.056052329018712051 0.01225908985361457 2 0.77806711196899425 0.022438909858465198 1.0000000180025095e-35 -0.03521164879202842 0.027258361689746383 0.04726535081863404 -0.068977717310190187 -0.050841456279158585 -0.050786094740033143 0.56404387950897228 0.29198718070983892 0.51499956846237194 0.032412845641374595 0.10281466692686082 0.077296491712331786 -0.07485466822981833 0.032876959070563323 -1.1817154288291929
decision_type=2 9 2 2 2 2 2 9 2 2 2 9 2 2 2 2 2 2 2 2 2 2 2 2 2 2 8 2 2 2
left_child=1 2 5 -4 -3 -1 -7 8 9 13 11 12 16 -2 -15 -16 -11 21 -19 20 -20 -10 23 28 25 -25 -26 -24 29 -23
right_child=7 4 3 -5 -6 6 -8 -9 17 10 -12 -13 -14 14 15 -17 -18 18 19 -21 -22 22 27 24 26 -27 -28 -29 -30 -31
leaf_value=-0.12381994719584088 -0.0020337453254895667 0.0052762025837964303 -0.010794230210203877 -0.10570974050983573 0.028008024829393408 -0.0089696610977276613 0.074652715067998796 -0.003631130092846227 0.002823305527924742 0.018266068139915864 0.033560635232858203 -0.016971176436520179 0.075500478405096105 -0.038365465299926522 -0.054726796463191112 0.017107143652890462 -0.053810229439889702 0.077002785134941867 -0.083747206179800179 -0.015398896156584522 0.069168942298380692 -0.15293856900115776 -0.031767139128017485 0.035249371144272845 -0.075816919749408213 -0.17505991939309706 0.030255035833114452 0.016709220696273262 -0.038246737842373008 0.081182832411044098
leaf_weight=0.5833330738892063 323.22016289583939 108.06798353321506 44.290731224453111 2.1059410766351894 51.689125802919762 3.1595040331922046 5.6110642295936941 776.27918607996764 108.26957302038124 21.223343896054082 31.153135908812146 28.513159603157874 4.7784781694829226 29.807920680289953 4.2964348255677605 15.836711880038818 3.6121788559571533 2.4653945465768166 0.92743500926599143 51.815731620395809 4.7653334663791602 0.48889857604808717 9.4242242235195572 26.15375794604552 4.095046666295274 0.48718472602740703 3.1544586947857169 72.683910866880979 1.693186341333784 15.05786644674663
leaf_count=170 53310 16699 8617 443 7497 692 808 134044 30163 5090 4696 5878 1358 6132 813 2356 1020 495 270 11055 673 34 1034 1764 496 115 188 4651 64 470
internal_value=0 0.0075891 -0.00581576 -0.0151024 0.011887 0.03403 0.0445286 -0.0007175 0.00226119 -0.00177141 0.0105956 -0.00171248 0.0139868 -0.00473026 -0.0221822 0.0017777 0.007783 0.00852177 -0.00593791 -0.00949359 0.0442567 0.0121126 0.019661 0.0333362 0.0183409 0.0314034 -0.0296621 0.0111452 0.062814 0.0738204
internal_weight=0 215.508 55.7506 46.3967 159.757 9.3539 8.77057 1540.2 763.924 462.442 89.2803 58.1272 29.614 373.161 49.9411 20.1331 24.8355 301.482 59.9739 57.5085 5.69277 241.508 133.239 51.1304 33.8904 26.6409 7.24951 82.1081 17.24 15.5468
internal_count=301095 34926 10730 9060 24196 1670 1500 266169 132125 80653 18042 13346 7468 62611 9301 3169 6110 51472 12493 11998 943 38979 8816 3131 2563 1879 684 5685 568 504
cat_boundaries=0 2 4 6
cat_threshold=734546693 655376 2944715015 1646664 251693057 1056768
is_linear=0
shrinkage=0.1


Tree=185
num_leaves=31
num_cat=0
split_feature=156 162 103 139 2 112 110 109 100 157 170 96 157 170 86 110 168 123 198 168 76 60 108 75 92 181 7 136 214 164
split_gain=1.45151 1.64669 1.76558 1.71869 1.57578 2.76857 2.44036 1.99443 1.47844 1.42227 2.37852 1.95111 1.45488 1.6868 1.93078 2.01961 1.69809 1.52939 1.59031 1.46269 1.44708 1.43043 1.78505 1.53534 1.40889 1.90758 1.53785 1.4043 1.39949 1.38191
threshold=0.12287892028689386 203.13194274902347 0.14750040322542193 -0.02663220930844545 0.037210106849670417 -0.011409013066440819 0.0072762609925121078 0.012368909083306791 0.12009619921445848 0.35992051661014562 0.41605599224567419 1.0000000180025095e-35 0.46464483439922338 0.50360003113746654 -0.61970034241676319 0.10574840754270555 3.9639749526977544 -0.05435927398502826 -0.1455879136919975 2.7990200519561772 0.11853256076574327 1.0000000180025095e-35 0.044356295838952071 0.022474748082458976 0.9026341736316682 -0.087689209729433046 0.12403846159577371 0.014514828100800516 -0.058010391891002648 4.8789997100830087
decision_type=2 2 2 2 10 2 2 2 2 2 2 2 2 2 2 2 2 2 2 2 2 2 2 2 2 2 8 2 2 2
left_child=9 -2 3 -3 -5 8 7 -7 -6 -1 11 -11 19 14 17 16 -16 -14 27 -12 21 22 -13 -23 25 -21 -27 -19 -15 -28
right_child=1 2 -4 4 5 6 -8 -9 -10 10 12 20 13 28 15 -17 -18 18 -20 24 -22 23 -24 -25 -26 26 29 -29 -30 -31
leaf_value=-0.02868998230770127 -0.0016709179413813991 0.011137064597803677 0.073567711454196952 -0.0074883871203232687 -0.012383136663704601 -0.15593416264620286 -0.20849864569582122 0.044463421992077007 -0.16383203536925606 0.057653219745213251 -0.062380795940597679 0.054304720008495892 0.067557882485186238 -0.020298422405561678 0.070952618941437992 -0.21093393107813119 -0.021080972319445571 -0.0056710485099808845 0.011999864504818297 -0.027933103781949388 -0.10811174975892374 0.04116785071348622 -0.12766937865431269 -0.12352869563480261 -0.016518159550045181 -0.025112817100709912 0.0035569082405262618 -0.10773656690501371 0.0045126057952619252 0.039764812711435664
leaf_weight=12.677024770846854 1257.6748648312573 5.3466560188153425 1.5432686674357672 4.7289749248047892 4.9768907574907644 1.0075984454524567 2.2976899687055266 0.97932577282335831 0.74047556180448726 15.225261075851451 4.427996755051935 5.9786505521669806 4.6666794616576217 26.451173192644092 11.893316553072504 0.29041318270901761 2.4112310686723513 3.8704259244441337 102.91793956817855 13.102658189339762 1.0878270230978149 0.98473561746186566 0.59247195235730021 1.3311856624413847 49.022861531976332 8.0650303079410133 20.106384597766009 2.0684633915552695 161.7864657278401 22.156143345394412
leaf_count=18129 153243 367 122 746 196 52 140 31 48 1528 3830 701 561 8873 1120 68 171 410 11406 9585 202 137 80 234 25904 10644 15081 220 32743 4552
internal_value=0 -0.00214132 -0.0295046 -0.0374272 -0.0550538 -0.077543 -0.138318 -0.0571611 -0.0319978 0.00435147 0.00526515 0.035131 0.00352794 0.00705031 0.0159013 0.0501387 0.0554391 0.0114996 0.00909638 -0.00600586 0.00075403 0.0140798 0.0378974 -0.0534993 -0.00378602 0.00605418 0.0149027 -0.0412196 0.00102616 0.0225389
internal_weight=0 1279.3 21.6209 20.0776 14.731 10.002 4.28461 1.98692 5.71737 471.114 458.437 25.2001 433.237 316.356 128.118 14.595 14.3045 113.524 108.857 116.881 9.97487 8.88704 6.57112 2.31592 112.453 63.4302 50.3276 5.93889 188.238 42.2625
internal_count=301124 154945 1702 1580 1213 467 223 83 244 146179 128050 2882 125168 55572 13956 1359 1291 12597 12036 69596 1354 1152 781 371 65766 39862 30277 630 41616 19633
is_linear=0
shrinkage=0.1


Tree=186
num_leaves=31
num_cat=3
split_feature=190 112 237 237 237 115 98 129 155 69 187 156 208 105 107 183 134 221 105 199 75 25 151 6 109 120 82 191 140 124
split_gain=1.5093 3.99146 2.90248 2.31896 2.03492 1.70175 2.11729 1.67393 1.79926 1.66559 1.63226 1.60553 1.5981 1.59048 1.55372 1.77006 1.44385 1.51374 1.91405 1.51107 1.43695 1.96494 1.52787 1.43666 1.54618 1.9796 1.70486 1.75 1.70113 1.73064
threshold=-0.054762162268161767 -0.025925579480826851 0 1 2 -0.011899695731699465 -0.077974997460842119 0.015182259026914837 0.032837547361850745 126.93700027465822 -0.14790659397840497 0.46247655153274542 -0.13607330620288846 -0.034868463873863213 -0.0076684609521180383 -0.23453328013420102 0.022344117984175686 -0.069800287485122667 1.0000000180025095e-35 0.11655607819557191 0.17027151584625247 1.0000000180025095e-35 0.027110394090414051 0.104491263628006 -0.0082147726789116842 -0.0026032797759398814 0.026846847496926788 0.14841087907552722 0.0027027925243601207 -0.016719679348170754
decision_type=2 2 9 9 9 2 2 2 2 2 2 2 2 2 2 2 2 2 2 2 2 2 2 8 2 2 2 2 2 2
left_child=1 2 5 23 7 6 9 -2 -9 -1 -7 -6 -8 -4 15 -5 19 -18 -19 -14 22 -22 -12 24 -3 26 28 -28 29 -26
right_child=4 3 13 14 11 10 12 8 -10 -11 20 -13 16 -15 -16 -17 17 18 -20 -21 21 -23 -24 -25 25 -27 27 -29 -30 -31
leaf_value=-0.19154570530219522 -0.0089821516019014738 0.014343273720798785 0.036423108565536377 -0.11759271916017372 0.006661570485999674 0.050294040886597696 0.065455811764748406 0.0099914729849646319 -0.10636996911726204 -0.05331295815042552 0.0095146054327322968 -0.0052501898222125712 -0.029614011082313336 0.010520471124556698 -0.024100442554570205 -0.0040295244533083306 0.074976001290373365 -0.11674868389628226 0.01471204982039526 -0.12142664309216947 -0.026108393082933889 -0.19430460869518287 -0.043402130206435192 0.015218442294148883 -0.015832122662324814 0.0018196925866745533 -0.13285299837509432 0.1540653459576907 0.0059650964483221516 -0.097443553979369879
leaf_weight=1.204059775928729 225.58654480551331 20.945081702260723 31.811228378954638 1.3983658576732967 782.50214643495008 6.2545844449143706 2.1972756797768005 77.004699008276134 1.3521816272750573 3.1574385707881447 44.859135171930347 132.28129082257419 12.723407846037842 93.026358292820646 132.35166921638086 74.195732783321091 2.4783073309413339 1.4764598080491831 4.4326016616932975 2.0865524922855903 8.1561321566614389 0.75922506657752897 6.2118745062593907 45.061061315620009 5.3191163442236338 22.765072268176482 2.7536365018577267 0.23036294360827003 7.8514894498898675 5.0799305848031526
leaf_count=206 36177 3276 4315 590 152258 851 267 10333 250 673 6071 11647 2226 13488 26343 13008 259 306 701 376 1254 155 937 7919 651 3660 494 11 1424 971
internal_value=0 -0.00379788 0.00652984 -0.010971 0.002558 -0.00655991 -0.0271085 -0.00446161 0.00798346 -0.0914743 0.00168041 0.00488567 -0.0160537 0.0158513 -0.0167617 -0.00613026 -0.0237744 0.00937737 -0.0181352 -0.0425494 -0.00338837 -0.0404319 0.00307823 0.00137396 -0.0080203 -0.018666 -0.0406283 -0.110703 -0.0291709 -0.0556993
internal_weight=0 538.786 220.835 317.952 1218.73 95.9971 29.7561 303.943 78.3569 4.3615 66.241 914.783 25.3946 124.838 207.946 75.5941 23.1973 8.38737 5.90906 14.81 59.9864 8.91536 51.071 110.006 64.9447 43.9996 21.2345 2.984 18.2505 10.399
internal_count=301097 90432 32085 58347 210665 14282 5014 46760 10583 879 9268 163905 4135 17803 39941 13598 3868 1266 1007 2602 8417 1409 7008 18406 10487 7211 3551 505 3046 1622
cat_boundaries=0 2 4 6
cat_threshold=457392365 1960200 1385715108 5007009 2157598592 656960
is_linear=0
shrinkage=0.1


Tree=187
num_leaves=31
num_cat=1
split_feature=237 109 187 99 98 95 167 218 194 156 88 174 173 85 90 233 80 189 105 2 187 141 96 92 131 98 123 132 140 174
split_gain=1.46537 1.15408 2.5189 1.7984 2.06393 1.97189 1.84797 1.72717 1.67401 1.83879 1.67668 1.60424 1.57603 1.55788 1.53802 2.09129 1.66033 1.9559 1.71066 1.60447 1.49936 1.54602 1.46287 1.42751 1.42414 2.15605 1.40728 1.92749 1.38403 1.74175
threshold=0 0.001640206261072308 -0.0235851751640439 0.060379300266504295 -0.02349807787686586 0.15152888000011447 2.5000000000000004 -0.082976303994655595 0.0036271992139518265 0.073350071907043471 0.69107723236083995 0.15476056933403018 0.095356777310371413 90.500000000000014 1.4811253547668459 -0.015100568532943724 0.025158228352665905 -0.038773568347096436 -0.1318932771682739 0.042239073663949973 -0.034907862544059746 0.039171887561678893 -0.10436357557773589 0.94662788510322582 -0.034879902377724641 0.013164008036255838 -0.011862387415021656 0.0085854851640760916 0.017487287521362308 0.23876418173313144
decision_type=9 2 2 2 2 2 2 2 2 2 2 2 2 2 2 2 2 2 2 10 2 2 2 2 2 2 2 2 2 2
left_child=1 2 3 4 6 11 -1 12 -6 -10 23 -5 28 22 15 16 18 -18 -4 -17 21 -9 -13 -11 -12 -26 -14 -28 -3 -30
right_child=-2 7 14 5 8 -7 -8 20 9 10 24 13 26 -15 -16 19 17 -19 -20 -21 -22 -23 -24 -25 25 -27 27 -29 29 -31
leaf_value=0.051274821212679345 0.0024287616571467899 -0.020348075719349462 0.027427585591320872 0.0010052520946786945 0.01753677453426852 -0.098766291923392924 -0.02895189684103083 -0.0041675826042316686 0.032620518306402842 -0.036894784752623908 0.051091163329319622 0.11357071569245979 0.071220537692164812 0.060789399485093869 -0.012579821949251533 -0.043970982211752392 -0.088607760338022701 0.084211172428339753 -0.13019729122104909 -0.13414894789636886 0.0051000269384564815 -0.042944577950140866 -0.084091869609045231 -0.18192742613638113 -0.08424810241166833 0.0018777972455107335 0.021460545188634703 -0.10764259883059524 -0.10109538861767826 0.034637831238702364
leaf_weight=16.728696135754266 896.26675340905558 27.278750613362263 1.2301605814864163 26.460509951394897 39.283532419096218 2.7296309686603299 3.4660250152719518 127.83233358417726 8.3917452144444251 16.163917645688347 4.1849625418362839 0.40037459331051639 3.1414924799564687 1.0442300040494954 187.89089841157488 5.0246406393956686 0.86521421705765567 2.6938948311490094 1.5637327320184784 3.2486630255684759 329.03496454987476 11.181061586608619 5.7752750186350559 0.70839727385100459 3.5111478726048579 16.882413519412694 4.5875700133701667 1.5461891065106099 4.7034447515170532 1.1832268160669626
leaf_count=2148 166380 5049 155 5240 7233 722 792 23349 2206 1886 336 63 466 128 29883 948 159 355 332 589 43745 2659 1048 112 397 1730 706 427 1490 303
internal_value=0 -0.00331961 -0.00779677 0.00222897 0.00863998 -0.0170201 0.0375055 -0.000330385 0.00209947 -0.0100675 -0.0187097 -0.0103949 -0.0196469 -0.052176 -0.0150113 -0.0462458 -0.00309493 0.0421991 -0.0607945 -0.079381 0.00142116 -0.00728648 -0.0712772 -0.0429841 -0.00204614 -0.0129504 0.0167925 -0.0110836 -0.0298378 -0.0738129
internal_weight=0 858.737 348.248 145.731 109.321 36.41 20.1947 510.489 89.1261 49.8426 41.4508 33.6804 42.4407 7.21988 202.517 14.6263 6.353 3.55911 2.79389 8.2733 468.048 139.013 6.17565 16.8723 24.5785 20.3936 9.27525 6.13376 33.1654 5.88667
internal_count=301036 134656 56462 24041 16840 7201 2940 78194 13900 6667 4461 6479 8441 1239 32421 2538 1001 514 487 1537 69753 26008 1111 1998 2463 2127 1599 1133 6842 1793
cat_boundaries=0 2
cat_threshold=3735031475 234907
is_linear=0
shrinkage=0.1


Tree=188
num_leaves=31
num_cat=2
split_feature=66 2 63 134 173 173 136 81 223 88 0 237 163 185 81 216 43 106 146 116 237 214 206 135 207 128 108 120 122 64
split_gain=1.38142 2.90368 2.19489 1.42164 1.49223 1.41224 2.00579 1.8684 1.74206 1.51807 1.36801 2.68479 2.06976 1.77643 1.74606 2.43342 1.77849 1.8923 1.79363 1.64125 1.62062 1.45798 1.4225 1.45997 1.41644 2.9824 2.05256 2.30071 1.90183 2.27986
threshold=9.2156176567077654 0.20156250149011615 -0.055010562762618058 0.05973352491855622 -0.1252036318182945 0.42309133708477026 0.032789764925837524 0.060915276408195503 0.010007886681705715 0.74801731109619152 0.3473824411630631 0 -0.81838205456733693 -0.25066813826560969 0.12571839243173602 -0.094437565654516206 1.0000000180025095e-35 -0.030032414011657235 -0.025792682543396946 -0.031716231256723397 1 0.0078067078720778236 -0.1301649063825607 0.026949792169034485 0.05609655752778054 0.021645381115376953 -0.034520957618951791 0.059666687622666366 -0.028830954805016514 3.5000000000000004
decision_type=2 8 2 2 2 2 2 2 2 2 8 9 2 2 2 2 2 2 2 2 9 2 2 2 2 2 2 2 2 2
left_child=5 2 3 -2 -5 10 7 9 -8 -7 20 12 14 -13 15 -12 18 -18 21 -20 24 -17 -14 -24 28 26 -26 -28 29 -1
right_child=1 -3 -4 4 -6 6 8 -9 -10 -11 11 13 22 -15 -16 16 17 -19 19 -21 -22 -23 23 -25 25 -27 27 -29 -30 -31
leaf_value=-0.0088981522173289165 0.024512291844616924 -0.064667364081611556 -0.028145454718510994 0.86778575615402476 0.16333792527085544 -0.037644415501631869 -0.13329562089844679 0.02298312316832675 0.0012993190972397466 0.039158977647622328 -0.19071088677424286 -0.081330132792779564 -0.13591066703403071 0.013227207031108565 0.032173680843758781 -0.035609730912469197 0.028219240781271332 -0.15031036181381471 -0.074829069803159232 0.00016317350794542746 0.001771898565840285 0.072781724878386356 -0.013973843335496255 -0.067528495062370048 -0.033555548700809491 0.031849583806951749 0.007533102012760801 -0.08775876208215741 -0.010664318580403419 0.025752208750474206
leaf_weight=42.485238943565946 11.117106615645183 10.365148887110079 14.269343406432995 0.033396306622307748 0.30193481088326812 19.633029325481861 2.6672720472731717 10.803801138347806 1.5037835480397914 2.961774581098779 0.70587430634532111 2.0047964146779114 1.1061888492954484 221.52736947039421 16.51636052948561 1.6119520826559881 0.94441976924463267 1.5987526569006139 3.314544385249973 24.417472742836257 786.02065979995587 5.3921050427888986 38.262837007655662 5.8715207071745672 19.311147204792405 29.864152179324492 61.686942515884311 2.6421935937919434 379.64259138595594 34.334101316404258
leaf_count=5816 10280 7244 13997 39 224 1661 364 1227 214 451 98 1000 838 43760 1064 152 77 174 274 1749 117938 237 14456 2468 4064 4346 9395 519 52404 4200
internal_value=0 -0.0199823 -0.00197549 0.0306314 0.233495 -0.000212407 -0.0193872 -0.0112217 -0.0847703 -0.0275769 0.000216585 0.00606217 -0.00735721 0.0118491 0.00502961 -0.00677293 -0.00329011 -0.0840125 0.00261991 -0.00879994 -0.00117703 0.0478359 -0.0239059 -0.0210986 -0.00518393 0.00472213 -0.00496385 0.00361917 -0.00776076 0.00658869
internal_weight=0 36.0869 25.7218 11.4524 0.335331 1716.83 37.5697 33.3986 4.17106 22.5948 1679.26 323.274 99.742 223.532 54.5015 37.9851 37.2792 2.54317 34.7361 27.732 1355.99 7.00406 45.2405 44.1344 569.966 113.504 83.6403 64.3291 456.462 76.8193
internal_count=300730 31784 24540 10543 263 268946 3917 3339 578 2112 265029 66347 21587 44760 3825 2761 2663 251 2412 2023 198682 389 17762 16924 80744 18324 13978 9914 62420 10016
cat_boundaries=0 2 4
cat_threshold=808010289 4533150 3360201134 54384
is_linear=0
shrinkage=0.1


Tree=189
num_leaves=31
num_cat=3
split_feature=157 154 143 124 151 94 185 168 112 67 156 228 223 12 155 7 161 66 122 237 156 125 237 17 225 115 220 237 103 105
split_gain=1.10392 1.85936 1.43364 1.47523 1.35327 1.94145 2.43861 1.69504 1.43425 1.29012 1.26474 1.56123 1.97628 1.83694 1.22265 1.3668 1.18035 1.15931 1.3811 1.14074 1.74828 1.7654 2.98512 2.16872 1.97971 2.05325 1.9658 1.87607 1.64665 1.60377
threshold=0.68493673205375682 -0.019320908933877941 0.058850785717368133 -0.070358637720346437 -0.006212051957845687 -0.067561134696006761 -0.065223995596170412 3.1439231634140019 0.0021355261560529475 3.0880030393600468 0.3352713286876679 0.020861048251390461 0.010007886681705715 259.50000000000006 0.012247226200997831 0.18903904408216479 4.1198184490203866 1.5836064219474795 0.020959110930562023 0 0.41612553596496588 0.0012017614790238442 1 4.5000000000000009 -0.049102285876870148 0.054506482556462295 -0.049961589276790612 2 0.12884292006492618 -0.064929801970720277
decision_type=2 2 2 2 2 2 2 2 2 2 2 2 2 10 2 10 2 2 2 9 2 2 9 2 2 2 2 9 2 2
left_child=19 2 3 -2 7 6 -6 8 -5 16 11 12 -3 -14 -8 -16 -7 -18 -19 20 21 22 24 -24 28 -26 -27 -23 -1 -25
right_child=1 10 -4 4 5 9 14 -9 -10 -11 -12 -13 13 -15 15 -17 17 18 -20 -21 -22 27 23 29 25 26 -28 -29 -30 -31
leaf_value=-0.018058458591091554 0.10615103569204327 0.061109125386243239 0.097171359586012362 -0.022399713506799437 0.043768792619711394 -0.00084333063267650265 -0.064922303222424094 0.021732309495281939 -0.17009504777655138 -0.15525675914266154 0.011181583009338993 0.098573625757101047 -0.17010820304355564 0.0061979652273773059 -0.14301112232784852 -0.36337294488781924 -0.10910345582019838 -0.11206260758649987 0.035108795473671017 0.00032555865501627011 -0.026534457449262101 -0.0100668553508483 -0.010212208408113113 -0.064343743856969587 0.0043190965218755945 0.10404130690453456 0.013335282772781296 0.0060173472931817074 -0.12353209420491472 -0.025327107317750189
leaf_weight=12.170108347481799 1.0035657134721976 4.5540595895727147 1.2061376586934773 3.3014427442540208 0.6696793446899395 12.515798731721594 0.59654837431117158 13.066160088725153 0.82099651871249069 0.70702832752431177 81.025884806036629 3.8528902685648063 0.83137622971116831 2.0436131786555052 0.62875179739057763 0.50960013689473271 2.3713385151095272 0.96180112317961208 1.8919454006318117 1003.8604166705281 36.210410095661246 95.425773752530176 95.726040071919442 13.922700380204786 75.833976204279679 4.2611197198334594 5.4390536669352496 223.19321163957625 1.685123213153928 43.299792798103908
leaf_count=3808 30 125 31 229 30 446 42 424 82 103 2913 89 59 43 35 23 148 46 52 190920 3810 19016 15655 2652 12830 293 943 38886 555 7044
internal_value=0 0.00772867 -0.0102067 -0.0135237 -0.0166809 -0.0338049 -0.118321 0.00409335 -0.0518137 -0.0227888 0.0155494 0.0469184 0.0201287 -0.0447854 -0.180888 -0.241659 -0.0175095 -0.0574305 -0.0144925 -0.001765 -0.0051421 -0.00387545 -0.0101238 -0.0182271 0.00379797 0.00986037 0.0531809 0.00107306 -0.0308865 -0.0348202
internal_weight=0 132.559 40.2508 39.0447 38.0411 20.8525 2.40458 17.1886 4.12244 18.4479 92.3078 11.2819 7.42905 2.87499 1.7349 1.13835 17.7409 5.22509 2.85375 1611.03 607.167 570.957 252.338 152.949 99.3894 85.5341 9.70017 318.619 13.8552 57.2225
internal_count=301362 4950 1721 1690 1660 925 130 735 311 795 3229 316 227 102 100 58 692 246 98 296412 105492 101682 43780 25351 18429 14066 1236 57902 4363 9696
cat_boundaries=0 2 4 6
cat_threshold=3491366680 5084722 270139656 266256 270139400 263184
is_linear=0
shrinkage=0.1


end of trees

feature_importances:
cat_subcategory=456
interact_cos_taste_poi=441
interact_category_affinity=263
text_emb_00=227
num_localness=98
behav_impressions=87
behav_unique_travelers=78
behav_visit_rate=74
interact_localness_gap=69
implicit_mean_localness=66
interact_price_gap=66
num_rating_shrunk=61
implicit_taste_00=52
behav_save_rate=51
text_emb_01=51
num_pop_pct=46
implicit_taste_01=44
implicit_mean_pop_pct=42
implicit_taste_38=40
interact_interest_match=38
behav_ctr_smoothed=37
implicit_interaction_count=37
implicit_taste_53=37
behav_archetype_affinity_04=36
implicit_mean_price_level=36
implicit_taste_59=35
explicit_days_remaining=34
implicit_taste_16=33
implicit_taste_61=32
geo_dist_to_tourist_centroid_km=31
implicit_category_dist_historic_site=31
implicit_taste_20=31
explicit_touristiness_pref=30
implicit_taste_36=30
implicit_taste_62=30
num_log_review_count=30
implicit_taste_47=29
implicit_taste_50=29
behav_archetype_affinity_06=28
implicit_taste_22=28
implicit_taste_49=28
behav_archetype_affinity_05=27
implicit_taste_34=27
implicit_taste_54=27
implicit_taste_57=27
text_emb_05=27
text_emb_47=27
text_emb_62=27
text_emb_63=27
geo_dist_to_transit_km=26
implicit_taste_28=26
implicit_taste_37=26
implicit_taste_48=26
text_emb_53=26
implicit_taste_56=25
text_emb_27=25
text_emb_32=25
text_emb_44=25
implicit_taste_23=24
implicit_taste_26=24
implicit_taste_29=24
implicit_taste_32=24
implicit_taste_60=24
text_emb_11=24
text_emb_34=24
text_emb_40=24
behav_archetype_affinity_03=23
behav_dismiss_rate=23
implicit_category_dist_family_activity=23
implicit_taste_15=23
implicit_taste_25=23
implicit_taste_27=23
implicit_taste_45=23
implicit_taste_58=23
text_emb_16=23
text_emb_17=23
text_emb_28=23
behav_archetype_affinity_01=22
implicit_taste_06=22
implicit_taste_21=22
implicit_taste_24=22
implicit_taste_43=22
implicit_taste_44=22
implicit_taste_46=22
implicit_taste_55=22
implicit_taste_63=22
text_emb_20=22
text_emb_49=22
implicit_taste_03=21
implicit_taste_10=21
implicit_taste_14=21
implicit_taste_33=21
text_emb_12=21
text_emb_15=21
text_emb_22=21
text_emb_37=21
text_emb_41=21
text_emb_61=21
behav_archetype_affinity_07=20
implicit_taste_39=20
implicit_taste_42=20
text_emb_24=20
text_emb_25=20
text_emb_42=20
implicit_taste_31=19
implicit_taste_41=19
text_emb_30=19
text_emb_48=19
text_emb_56=19
behav_archetype_affinity_00=18
implicit_taste_02=18
implicit_taste_52=18
text_emb_06=18
text_emb_09=18
text_emb_19=18
text_emb_39=18
text_emb_43=18
text_emb_58=18
behav_archetype_affinity_02=17
geo_lat=17
implicit_taste_04=17
implicit_taste_08=17
implicit_taste_09=17
implicit_taste_11=17
implicit_taste_30=17
implicit_taste_40=17
implicit_taste_51=17
text_emb_03=17
text_emb_31=17
implicit_category_dist_nature_park=16
implicit_taste_05=16
implicit_taste_12=16
implicit_taste_17=16
num_crowd_index=16
text_emb_04=16
text_emb_18=16
text_emb_36=16
text_emb_46=16
text_emb_51=16
text_emb_60=16
implicit_category_dist_museum=15
implicit_category_dist_nightlife=15
implicit_category_dist_restaurant=15
implicit_category_dist_shopping=15
implicit_taste_13=15
text_emb_35=15
text_emb_38=15
text_emb_50=15
text_emb_59=15
implicit_taste_19=14
text_emb_02=14
text_emb_14=14
text_emb_54=14
implicit_category_dist_entertainment=13
implicit_taste_07=13
implicit_taste_18=13
text_emb_13=13
text_emb_33=13
text_emb_52=13
geo_lon=12
implicit_category_dist_cafe=12
num_expected_duration_min=12
num_price_level=12
cat_category=12
geo_density_500m=11
implicit_category_dist_religious_site=11
implicit_taste_35=11
text_emb_07=11
text_emb_10=11
text_emb_23=11
text_emb_45=11
explicit_trip_duration_days=10
implicit_category_dist_wellness_spa=10
text_emb_08=10
text_emb_55=10
text_emb_57=10
cat_price_level=10
text_emb_26=9
text_emb_29=9
explicit_budget_ordinal=8
text_emb_21=8
explicit_season_autumn=7
explicit_party_family_teens=6
explicit_season_spring=6
implicit_breadth_categories=6
implicit_category_dist_viewpoint=6
cat_indoor_outdoor=6
num_open_hours_per_week=5
num_reservation_lead_days=5
explicit_interest_romantic=4
implicit_days_since_last_interaction=4
explicit_interest_family-friendly=3
explicit_interest_foodie=3
explicit_mobility_public_transport=3
explicit_party_family_young_kids=3
explicit_interest_entertainment=2
explicit_interest_local=2
explicit_interest_nature_park=2
explicit_pace_ordinal=2
explicit_party_couple=2
explicit_party_solo=2
explicit_interest_authentic=1
explicit_interest_family_activity=1
explicit_interest_hidden-gem=1
explicit_interest_historic=1
explicit_interest_luxury=1
explicit_interest_nature=1
explicit_interest_religious_site=1
explicit_interest_shopping=1
explicit_interest_touristy=1
explicit_interest_trendy=1
explicit_interest_viewpoint=1
explicit_interest_wellness_spa=1
explicit_mobility_mixed=1
explicit_mobility_walk=1
explicit_party_friends=1
explicit_season_winter=1

parameters:
[boosting: gbdt]
[objective: lambdarank]
[metric: ndcg]
[tree_learner: serial]
[device_type: cpu]
[data_sample_strategy: bagging]
[data: ]
[valid: ]
[num_iterations: 1000]
[learning_rate: 0.1]
[num_leaves: 31]
[num_threads: 16]
[seed: 42]
[deterministic: 1]
[force_col_wise: 0]
[force_row_wise: 1]
[histogram_pool_size: -1]
[max_depth: -1]
[min_data_in_leaf: 20]
[min_sum_hessian_in_leaf: 0.001]
[bagging_fraction: 0.8]
[pos_bagging_fraction: 1]
[neg_bagging_fraction: 1]
[bagging_freq: 1]
[bagging_seed: 42]
[feature_fraction: 0.8]
[feature_fraction_bynode: 1]
[feature_fraction_seed: 42]
[extra_trees: 0]
[extra_seed: 12879]
[early_stopping_round: 0]
[early_stopping_min_delta: 0]
[first_metric_only: 0]
[max_delta_step: 0]
[lambda_l1: 0]
[lambda_l2: 0]
[linear_lambda: 0]
[min_gain_to_split: 0]
[drop_rate: 0.1]
[max_drop: 50]
[skip_drop: 0.5]
[xgboost_dart_mode: 0]
[uniform_drop: 0]
[drop_seed: 17869]
[top_rate: 0.2]
[other_rate: 0.1]
[min_data_per_group: 100]
[max_cat_threshold: 32]
[cat_l2: 10]
[cat_smooth: 10]
[max_cat_to_onehot: 4]
[top_k: 20]
[monotone_constraints: ]
[monotone_constraints_method: basic]
[monotone_penalty: 0]
[feature_contri: ]
[forcedsplits_filename: ]
[refit_decay_rate: 0.9]
[cegb_tradeoff: 1]
[cegb_penalty_split: 0]
[cegb_penalty_feature_lazy: ]
[cegb_penalty_feature_coupled: ]
[path_smooth: 0]
[interaction_constraints: ]
[verbosity: -1]
[saved_feature_importance_type: 0]
[use_quantized_grad: 0]
[num_grad_quant_bins: 4]
[quant_train_renew_leaf: 0]
[stochastic_rounding: 1]
[linear_tree: 0]
[max_bin: 63]
[max_bin_by_feature: ]
[min_data_in_bin: 3]
[bin_construct_sample_cnt: 200000]
[data_random_seed: 42]
[is_enable_sparse: 1]
[enable_bundle: 1]
[use_missing: 1]
[zero_as_missing: 0]
[feature_pre_filter: 1]
[pre_partition: 0]
[two_round: 0]
[header: 0]
[label_column: ]
[weight_column: ]
[group_column: ]
[ignore_column: ]
[categorical_feature: 234,235,236,237]
[forcedbins_filename: ]
[precise_float_parser: 0]
[parser_config_file: ]
[objective_seed: 16083]
[num_class: 1]
[is_unbalance: 0]
[scale_pos_weight: 1]
[sigmoid: 1]
[boost_from_average: 1]
[reg_sqrt: 0]
[alpha: 0.9]
[fair_c: 1]
[poisson_max_delta_step: 0.7]
[tweedie_variance_power: 1.5]
[lambdarank_truncation_level: 20]
[lambdarank_norm: 1]
[label_gain: 0,1,3,7]
[lambdarank_position_bias_regularization: 0]
[eval_at: 10]
[multi_error_top_k: 1]
[auc_mu_weights: ]
[num_machines: 1]
[local_listen_port: 12400]
[time_out: 120]
[machine_list_filename: ]
[machines: ]
[gpu_platform_id: -1]
[gpu_device_id: -1]
[gpu_use_dp: 0]
[num_gpu: 1]

end of parameters

pandas_categorical:[["cafe", "entertainment", "family_activity", "historic_site", "museum", "nature_park", "nightlife", "religious_site", "restaurant", "shopping", "viewpoint", "wellness_spa"], ["indoor", "mixed", "outdoor"], ["1", "2", "3", "4"], ["amusement_park", "aquarium", "arcade", "art_museum", "artisan_shop", "bakery", "bar", "botanical_garden", "boutique", "cathedral", "cinema", "city_park", "club", "dessert_cafe", "escape_room", "fine_dining", "flea_market", "fortress", "fusion", "gallery", "garden", "hiking_trail", "history_museum", "interactive_museum", "live_music", "live_show", "local_eatery", "mall", "market", "massage", "monastery", "monument", "observation_deck", "old_town", "onsen", "palace", "playground", "riverside", "rooftop_bar", "rooftop_view", "scenic_overlook", "science_museum", "shrine", "spa", "speakeasy", "specialty_coffee", "street_food", "tea_house", "temple_site", "temple_worship", "theater", "tower", "traditional", "yoga_studio", "zoo"]]
